true_label,pred_label,prob_class_0,prob_class_1,prob_class_2
0,0,0.784100665697761,0.215899115891271,2.1841096798748096e-07
1,1,0.28971021079180703,0.7102594431152506,3.03460929424801e-05
1,1,0.12335044110342322,0.8737494879125737,0.0029000709840032194
0,0,0.8878043154313687,0.11219559993473711,8.463389415730287e-08
1,1,0.4411804426458208,0.5588027638086729,1.6793545506329917e-05
0,0,0.9392687847409913,0.06073108042139391,1.34837614751397e-07
0,0,0.9785132296037296,0.0214854629285246,1.3074677458551553e-06
0,0,0.9319148324113778,0.06808516345954137,4.129080731487129e-09
1,1,0.16112829104905488,0.8336854923449444,0.005186216606000751
0,0,0.8757425875560547,0.12425739041537101,2.202857436438114e-08
1,0,0.5184499580501146,0.4815225612033243,2.7480746561139895e-05
0,1,0.39623523778193215,0.6037635153557844,1.246862283477827e-06
1,0,0.8792353576119071,0.12074410374901087,2.0538639081970028e-05
1,1,0.29646465270338984,0.7035280024355748,7.344861035302066e-06
1,1,0.1445975057360466,0.8553934576113102,9.036652643137241e-06
1,1,0.1963468103422086,0.8036447642206328,8.425437158577416e-06
0,0,0.7124374037968461,0.2875615017446337,1.0944585203191238e-06
1,1,0.21645770318961027,0.7835379622468635,4.334563526213645e-06
1,1,0.04439786868316202,0.9555774579014498,2.4673415388317075e-05
1,1,0.37573237993488445,0.6241804655593823,8.715450573322412e-05
0,0,0.7364426133289367,0.2635569102873713,4.763836918643512e-07
1,1,0.31104404563674515,0.6889518020468083,4.1523164464173575e-06
1,1,0.4037815901725116,0.5962169275672411,1.4822602471901484e-06
0,0,0.9520602772889496,0.047939585672389734,1.370386605593773e-07
1,1,0.3859130172218866,0.6140772612883566,9.721489756806135e-06
1,2,8.076261385055509e-06,0.33637226627853833,0.6636196574600766
0,0,0.6648090435036843,0.3351867816746801,4.174821635602739e-06
1,1,0.03985220344772809,0.9600476520314393,0.00010014452083268443
0,1,0.13733828484489483,0.8626208199208122,4.0895234293018804e-05
0,0,0.7492915600128166,0.25070834977990913,9.02072742161461e-08
0,0,0.5955098417110928,0.4044900257148901,1.3257401714332503e-07
0,0,0.8428022857494422,0.15719740319461245,3.110559454291649e-07
1,1,0.2825240055895434,0.7174629787287988,1.3015681657624193e-05
0,1,0.43342181608752994,0.5665768977975004,1.2861149696518728e-06
0,0,0.6072892127914374,0.39271040770605986,3.795025027356324e-07
1,1,0.11150960090892875,0.8883557818504241,0.00013461724064716172
1,1,0.03547691847788202,0.9503639281891498,0.014159153332968067
0,0,0.5110742291124309,0.4889241828250486,1.5880625204034645e-06
1,0,0.6107199270585507,0.3892800223138904,5.062755895599072e-08
1,1,0.10769068146697341,0.8922481595065171,6.115902650932092e-05
0,0,0.6418495722530486,0.3581503604204479,6.732650339250616e-08
0,0,0.7005896414740342,0.29941024614647044,1.1237949536368916e-07
1,1,0.2119129689077951,0.7880824205767359,4.610515468939006e-06
0,0,0.9619139157913484,0.03808598177900791,1.0242964382364937e-07
2,2,0.0007710274815976412,0.10251012907136561,0.8967188434470367
0,1,0.2605309742023541,0.7392554403840719,0.00021358541357394858
1,1,0.2551665758117029,0.7448302471848927,3.1770034045278242e-06
1,1,0.401710313057144,0.5981407660258652,0.00014892091699078442
1,1,0.08830763443235433,0.9116831483791406,9.217188505130173e-06
0,0,0.7546974016655453,0.2452975980352441,5.000299210603616e-06
0,1,0.28925993154543644,0.7104818280104542,0.0002582404441093004
1,1,0.1355140013883618,0.864300950758609,0.00018504785302923414
1,1,0.07271676801632143,0.9270396709779223,0.0002435610057563096
1,1,0.42793529800765145,0.5720633310017869,1.3709905616050166e-06
1,0,0.780252053044658,0.21974778972247486,1.572328672111114e-07
1,1,0.41837629331973303,0.5816231389667157,5.677135512704117e-07
1,1,0.017717111980484836,0.96894595928858,0.013336928730935105
1,0,0.8963138071898836,0.10368596012588047,2.3268423587142908e-07
0,1,0.30429365072563663,0.6957041423704476,2.2069039156446576e-06
1,1,0.05361420086369999,0.9388348381632952,0.007550960973005033
2,2,3.584188977061431e-08,0.00790574397777246,0.9920942201803378
0,0,0.6071763343453409,0.39281427920654394,9.386448115162322e-06
1,1,0.21802706630246071,0.7815997055389183,0.00037322815862099375
0,0,0.7112017871161295,0.28879798831941655,2.245644540311306e-07
0,0,0.5444547392327229,0.4555448464639745,4.1430330257401174e-07
1,1,0.017532699489263733,0.9823950686668347,7.22318439014694e-05
1,1,0.31970257132678664,0.6802881842607444,9.244412468788708e-06
1,1,0.12490276988926892,0.8750800061040531,1.722400667791495e-05
1,0,0.521061851152821,0.47893762789862804,5.209485508998529e-07
1,1,0.1804200542849032,0.8195702931348182,9.6525802785815e-06
1,1,0.17124583676278207,0.8287421702291121,1.1993008105805439e-05
0,0,0.6308687538491988,0.3691102395381405,2.1006612660680206e-05
1,1,0.41405165367889996,0.5859190047563335,2.934156476655584e-05
0,0,0.7303493452769814,0.2696486442730738,2.0104499447220975e-06
1,1,0.44811346453156753,0.5518860715890708,4.6387936161986597e-07
0,0,0.8814114085382095,0.11858603235043372,2.5591113567316458e-06
1,1,0.34049365026573974,0.659504368407985,1.981326275214502e-06
1,1,0.36422903281127317,0.6357642108642619,6.7563244648768475e-06
1,1,0.07130901964987899,0.9286637505588582,2.722979126269385e-05
0,0,0.9063105393220738,0.09368945707223031,3.6056959313044005e-09
1,0,0.5198454902791558,0.48012994041792406,2.456930292015745e-05
0,0,0.8446852198752494,0.15531464586632598,1.3425842465067198e-07
1,1,0.1096518516214115,0.8902898820451199,5.8266333468569626e-05
2,2,2.6496130161403623e-05,0.2478266006570723,0.7521469032127663
1,1,0.45939428034663293,0.5405588336017946,4.688605157249929e-05
1,1,0.23095775587074766,0.7690288815024137,1.336262683867321e-05
0,0,0.9380994796171286,0.061900518619912914,1.7629586062186635e-09
1,0,0.7253945719418198,0.27460445924236376,9.68815816450543e-07
0,1,0.21086398383713872,0.7891313957031871,4.620459674129068e-06
0,0,0.8478499955690487,0.15214991074256662,9.368838468773665e-08
0,0,0.8553755498185438,0.14462442916430032,2.1017155819307807e-08
1,1,0.22348400232665208,0.7765050107204362,1.0986952911766841e-05
1,1,0.1563120150582786,0.8386990971720607,0.004988887769660656
1,1,0.2041311505757131,0.7958614739073303,7.375516956628041e-06
0,1,0.15449938565458932,0.8454920837852978,8.530560113001759e-06
1,1,0.13996671805790892,0.8496294910028614,0.010403790939229635
1,0,0.506841140152236,0.4931584005916341,4.592561298259106e-07
1,0,0.6586844783783854,0.3412990108690834,1.6510752531283625e-05
1,1,0.24074292824085738,0.7592538728128625,3.198946280156859e-06
1,1,0.05186312810559594,0.9481048912361629,3.1980658241029455e-05
0,1,0.07678032054380629,0.923159128076963,6.055137923077027e-05
1,1,0.019365879564644313,0.9805509176537224,8.320278163334932e-05
1,1,0.022656588420509126,0.9747732671701738,0.0025701444093169366
1,1,0.18124302577319204,0.8186979901301658,5.8984096642248806e-05
0,1,0.2710161516318332,0.7289663091471085,1.7539221058302095e-05
0,1,0.37047500741636874,0.6295194955700472,5.497013584091973e-06
1,1,0.212964958798488,0.7870012240228857,3.38171786263043e-05
1,1,0.36285248926432984,0.6371461486958635,1.3620398066706312e-06
0,1,0.25145996794684145,0.7485335649096782,6.467143480508567e-06
2,2,0.005189560576422561,0.28766484255089925,0.7071455968726781
1,1,0.3614140788208668,0.6385844153174788,1.5058616544151674e-06
0,0,0.869226492199921,0.13077343555298127,7.224709787833784e-08
1,0,0.6210031989415594,0.37899594394141534,8.571170253520275e-07
0,1,0.43150322698538013,0.5684949506900484,1.8223245715342804e-06
1,0,0.5787622928946439,0.4212371545566592,5.52548697016191e-07
0,1,0.13176666645418111,0.8682215422174898,1.1791328329037306e-05
2,2,5.649852951509229e-06,0.09924216601317437,0.9007521841338741
1,1,0.11476138797792451,0.8852182220843419,2.0389937733599197e-05
0,0,0.7085564456962342,0.2914416527074323,1.9015963334720596e-06
0,0,0.675074646589273,0.3249251949993344,1.58411392622694e-07
1,0,0.560685580333152,0.4393140250992844,3.9456756362601687e-07
0,1,0.41127652243519747,0.5885206576863712,0.00020281987843145095
2,2,4.123386680809934e-09,0.01296965698479597,0.9870303388918172
1,0,0.6021709484416057,0.3977886207227256,4.043083566870072e-05
2,2,1.8794377830349904e-06,0.140683576729656,0.8593145438325609
0,0,0.6285450775144239,0.37145360503578817,1.3174497879991566e-06
1,0,0.7978732881417366,0.2021264195991447,2.9225911859478016e-07
0,0,0.8496664752784083,0.15033342388057822,1.0084101328448941e-07
2,2,3.4022256606217114e-14,4.6502242228275055e-09,0.9999999953497418
2,2,2.8208617922495577e-08,0.0025782333490325564,0.9974217384423496
0,0,0.9060152033331617,0.09398476309754891,3.356928935634066e-08
0,0,0.5930923373174355,0.40686461180029243,4.305088227221749e-05
1,0,0.8606002125763418,0.13939974735388436,4.0069773943227354e-08
1,1,0.4370868402989578,0.5629131229507033,3.6750338898118765e-08
0,0,0.6051130713668481,0.3948868601886193,6.844453264107363e-08
1,1,0.11204577077795749,0.8878551473049672,9.908191707547801e-05
0,0,0.8119384631901527,0.1880614374131753,9.939667188449957e-08
0,0,0.7368021781735761,0.26319272904929514,5.092777128820665e-06
1,1,0.12143146583499823,0.8785553898006041,1.3144364397705395e-05
2,2,8.091100584091198e-07,0.4149920622953453,0.5850071285945962
0,0,0.8909616653627789,0.10903830136562725,3.3271593798291145e-08
2,2,1.2616455804778672e-05,0.2533328362155928,0.7466545473286024
0,0,0.6759162577675846,0.32408362454243755,1.176899779253256e-07
1,1,0.4877521793340828,0.5122475277029674,2.9296294976789016e-07
0,0,0.6509700897010188,0.34902946883361663,4.4146536451052625e-07
2,2,0.0070674944664101975,0.2695424374968614,0.7233900680367285
0,0,0.846473122729912,0.15352662136129933,2.559087886151502e-07
0,1,0.294588669022932,0.7054106037100357,7.272670323821173e-07
2,1,0.014285181248718977,0.9468703974985173,0.03884442125276381
0,0,0.5751486082952778,0.42484753284879906,3.858855923178276e-06
1,1,0.02979837178849288,0.9147248679404979,0.055476760271009146
1,1,0.48273434106804414,0.5172584883394817,7.170592474070292e-06
1,1,0.03646488586801228,0.8912257840651989,0.07230933006678866
1,0,0.6389739645884028,0.36102574759650463,2.878150926323552e-07
0,0,0.6620124231262591,0.33798715120021816,4.256735228218523e-07
0,0,0.7953835575957134,0.2046162335159308,2.0888835584928524e-07
0,0,0.845202721699437,0.15479701527534595,2.630252169370174e-07
1,1,0.16391192874039626,0.8360793002271453,8.771032458488628e-06
0,1,0.18001099202094895,0.8199845218381049,4.486140946044833e-06
0,1,0.26314040493508895,0.7368540695633322,5.525501578806799e-06
1,1,0.062053919136542963,0.9348979247216487,0.0030481561418083322
0,0,0.9227198904887048,0.077280105785361,3.725934108027236e-09
1,1,0.1987641786915197,0.8011586866251451,7.713468333523253e-05
0,0,0.9184741870000614,0.08152577598094661,3.701899192918019e-08
1,1,0.1958262538370509,0.8041610655943343,1.2680568614684946e-05
1,1,0.059817442275706165,0.8877881725335961,0.05239438519069773
1,2,2.4958550706950352e-05,0.2261707788461266,0.7738042626031664
0,0,0.9391037793232742,0.06089621740269056,3.27403547963182e-09
1,1,0.12044980138751632,0.8785404567070932,0.0010097419053904247
1,1,0.33282837906034596,0.6671690483336975,2.572605956687499e-06
1,1,0.0496288948636165,0.9501596020181964,0.00021150311818699585
1,1,0.44604083080300155,0.5539532735420438,5.8956549545771285e-06
0,0,0.6959912016443984,0.30395631683952024,5.248151608132761e-05
1,1,0.16904285804246022,0.8309353668294068,2.177512813290442e-05
0,1,0.2998222219886303,0.7001710744633654,6.703548004316324e-06
1,1,0.10808586751701124,0.891818004131021,9.612835196779581e-05
1,1,0.3166790412441099,0.6833198985039574,1.060251932674355e-06
1,1,0.15866788267357707,0.8408008096219245,0.0005313077044985179
1,1,0.24957422348342417,0.7504222361459466,3.5403706291867298e-06
1,1,0.09009115249941464,0.9096814927694291,0.00022735473115620077
1,1,0.2696340402859477,0.7303646554428807,1.304271171575628e-06
0,0,0.6533625481566481,0.346637286958093,1.6488525886129507e-07
1,0,0.6132776553997866,0.38672146702610216,8.775741110257902e-07
1,0,0.5538495793506679,0.44614465751140514,5.763137926905622e-06
0,0,0.757949060582288,0.2420509165133354,2.2904376569201947e-08
0,1,0.3114559418333562,0.6885264279003386,1.763026630524105e-05
0,0,0.5871224862007746,0.41287735422825483,1.5957097067282674e-07
0,0,0.5204075976712977,0.4795921760871198,2.2624158243421091e-07
1,1,0.19834892283033262,0.8015769583477879,7.411882187936927e-05
0,0,0.8143497094190318,0.18565026973374543,2.08472226708003e-08
1,1,0.07401411244425653,0.9259723602476185,1.3527308125057476e-05
0,0,0.9999552784520598,4.363117351624939e-05,1.0903744239260146e-06
1,2,1.2762194552609826e-05,0.34175512288796955,0.6582321149174777
0,0,0.7040897751005609,0.295910008745595,2.1615384405649168e-07
0,0,0.9643334675166801,0.03566645688790478,7.559541516621058e-08
0,0,0.7054452029964772,0.2945538200917006,9.769118222545042e-07
1,1,0.046999711499823404,0.9132276552477546,0.039772633252421905
1,0,0.6796961403941136,0.3203029683005355,8.913053510115839e-07
0,0,0.8361730312732335,0.1638269615417315,7.185035006094035e-09
1,1,0.4344423706800537,0.5655568625429918,7.667769545539795e-07
1,0,0.760613177742814,0.23938658527617676,2.3698100930814535e-07
0,1,0.35911077047099366,0.6408850394803403,4.190048666070042e-06
1,1,0.2133595416148938,0.7866295104416201,1.0947943485907626e-05
0,0,0.7262057118930374,0.27379403300662014,2.551003424682194e-07
1,1,0.09204630321072373,0.9078152359655969,0.00013846082367935633
0,1,0.20753213797103134,0.7924560168342795,1.184519468915468e-05
1,1,0.10936977569535462,0.8873236151421013,0.0033066091625440254
0,0,0.8993446615164093,0.1006553032199058,3.526368499008475e-08
1,1,0.3133385186854513,0.686652649044993,8.832269555659761e-06
1,1,0.34456769234392637,0.6554250605920259,7.247064047757244e-06
1,1,0.12939064847278947,0.8705869411307212,2.241039648936421e-05
1,1,0.465852895605475,0.5341443188482348,2.7855462902369857e-06
0,0,0.9999566298232607,4.3283837437343224e-05,8.633930184117599e-08
1,1,0.27179542950525337,0.7277786570962351,0.00042591339851142307
1,1,0.11927000227270164,0.8716310737533575,0.009098923973940739
0,1,0.39784489024515796,0.6021472236364697,7.8861183722891e-06
0,0,0.9999987775938516,1.209876415230778e-06,1.2529733207001142e-08
0,0,0.6798485892595496,0.3201510036492249,4.0709122543774655e-07
1,1,0.27872037032368724,0.7211332821026135,0.00014634757369927297
0,0,0.90157325162087,0.09842671368024858,3.4698881304126316e-08
1,1,0.41488296305045375,0.5851101163335324,6.920616013921762e-06
1,0,0.8004588920074795,0.19954109215992527,1.5832595017551482e-08
2,2,1.006268559597694e-11,0.0003242919885772171,0.9996757080013602
1,1,0.28992313970181177,0.7100677339194362,9.12637875203943e-06
1,1,0.0419255417105428,0.9578224015166151,0.0002520567728419915
1,1,0.054395566910571305,0.8926425501239472,0.05296188296548158
0,1,0.3536873959139401,0.6463088909792527,3.71310680717807e-06
0,1,0.4377431622201975,0.5622512655977431,5.5721820593786144e-06
0,0,0.9728617396980667,0.027138220447191292,3.9854741925316006e-08
1,0,0.5503949053890078,0.4496025749373381,2.5196736541242616e-06
1,1,0.18287587678085274,0.8170899241174534,3.419910169373819e-05
1,0,0.7289314538811876,0.27106841025866946,1.358601429251631e-07
2,1,0.000364467283269534,0.9014550425278797,0.09818049018885092
1,0,0.5037131840868557,0.49628644911096215,3.668021821306987e-07
1,1,0.140364837276936,0.8596256809273042,9.4817957598158e-06
0,1,0.4119498418566615,0.5880498223796243,3.3576371428650885e-07
1,1,0.4698703417642686,0.5301294034660554,2.5476967592275365e-07
1,1,0.4161152232557592,0.5838841061119708,6.706322699330922e-07
1,1,0.2338441595471188,0.7658659168647259,0.0002899235881552843
1,1,0.37942033054634916,0.6205783876878365,1.2817658143825847e-06
0,0,0.7243980099127392,0.27560180253268357,1.8755457729021775e-07
1,1,0.40216290848973146,0.5978343167758725,2.774734395997629e-06
0,1,0.22055409242187649,0.7794180682480175,2.783933010595691e-05
1,1,0.2602157003111305,0.739782006141546,2.2935473234684672e-06
2,2,5.213472157695864e-09,0.01596407259597208,0.9840359221905558
1,1,0.03789945620993041,0.9617962000295177,0.0003043437605520379
1,1,1.4311867330403e-05,0.5066098874443323,0.49337580068833725
2,2,1.025485079067149e-06,0.05357124989978774,0.9464277246151332
0,0,0.9484314038428419,0.051568532112627144,6.404453111524138e-08
0,1,0.48904330227715853,0.510956646889882,5.0832959471652555e-08
0,0,0.7213348055023918,0.2786649970072699,1.974903381328278e-07
1,1,0.012045984169277506,0.9877428451292388,0.00021117070148359343
1,1,0.31075608189639253,0.689139047713661,0.00010487038994644687
1,1,0.4440255370114127,0.5558417333801314,0.00013272960845586376
1,1,0.276414712456648,0.7235830977734654,2.189769886614475e-06
1,1,0.25357012415531377,0.7464258424079,4.033436786308885e-06
0,0,0.8367498851656275,0.16325009603119922,1.880317315057226e-08
1,1,0.12937866853802857,0.8706157933522793,5.538109692045619e-06
1,1,0.2928368346936206,0.7071573771506791,5.788155700442817e-06
1,0,0.7585731420494861,0.241424946100124,1.9118503898073298e-06
1,1,0.05528586496727273,0.9017604303102116,0.04295370472251555
0,1,0.4458998997350427,0.5540997880253647,3.1223959262727485e-07
0,0,0.5851620237820534,0.41483785799755996,1.1822038664094101e-07
1,0,0.5644976330080149,0.43550211780984466,2.4918214035538034e-07
0,0,0.7814891699820578,0.2185107318311007,9.818684157670938e-08
1,1,0.2567083670372899,0.7432105824540848,8.10505086253514e-05
1,0,0.850226301426861,0.14977364422652006,5.434661896336939e-08
0,0,0.5439012826303198,0.45609671282949477,2.0045401854560756e-06
1,1,0.02814019746024335,0.9714236480907822,0.00043615444897441565
0,1,0.4734696831737294,0.5265288863100951,1.4305161754917763e-06
1,1,0.026007414706431194,0.9736368550458059,0.00035573024776287273
0,0,0.7415851856566092,0.25841389686401683,9.174793739079575e-07
0,0,0.9511323793721889,0.048867457369848495,1.6325796266938784e-07
0,0,0.6918429354306633,0.30815671301778697,3.515515496125367e-07
1,1,0.17988180102924303,0.8201091531966351,9.045774121899826e-06
0,0,0.8589904989118902,0.14100949126839596,9.819713918656393e-09
1,1,0.16435126795165772,0.83556038002395,8.835202439224999e-05
1,1,0.2773744664748853,0.7218656771334877,0.0007598563916269592
0,1,0.21279027200915432,0.7871828922011231,2.6835789722521026e-05
0,0,0.689407848589113,0.31059180780746604,3.436034210718515e-07
1,1,0.06343866281506552,0.936534797351924,2.653983301052861e-05
1,1,0.05075007372332938,0.9492205881421759,2.9338134494788895e-05
1,0,0.5278173448168719,0.4721800557955718,2.5993875562617974e-06
1,0,0.6624337311204799,0.33756569660793156,5.722715885085497e-07
1,1,0.42410326849832886,0.5758901929266445,6.538575026706479e-06
0,0,0.8689112654525625,0.13108862060445914,1.13942978465629e-07
0,1,0.11442612886919251,0.8855331171031319,4.075402767565174e-05
1,0,0.5973414460799455,0.40265794016923767,6.137508167351276e-07
1,1,0.1484378388125351,0.8513981315418423,0.00016402964562257604
0,1,0.391850104637294,0.6081492714017628,6.239609431423e-07
0,0,0.6151468808356458,0.38484991719930123,3.2019650528894234e-06
0,0,0.5491640136757558,0.4508345634031147,1.4229211295477663e-06
1,1,0.03059318657512554,0.9691500465093563,0.00025676691551795383
1,0,0.6645684662771271,0.3354314604200546,7.330281836491079e-08
0,1,0.18688265885050592,0.8130942152628071,2.3125886686891465e-05
0,0,0.8371894559887534,0.16281024782733683,2.961839098338385e-07
2,2,0.0007029963550646703,0.05181838113263402,0.9474786225123014
0,0,0.9244349926613786,0.07556457734197727,4.299966441958373e-07
1,1,0.4705148552708608,0.5294843484627942,7.962663449046182e-07
0,1,0.48598275454337553,0.5140166617281332,5.837284912649101e-07
1,1,0.0966150587971293,0.9033745030927064,1.0438110164462765e-05
1,1,0.20688786075556942,0.7931101570052261,1.982239204351314e-06
0,0,0.6112719743697961,0.38872800312332556,2.2506878367231033e-08
1,0,0.796473440596484,0.2035259737320242,5.856714918773706e-07
0,0,0.5267554886760523,0.4732420057281276,2.5055958202563192e-06
0,0,0.5614174851816474,0.43858209533215997,4.194861926098914e-07
0,0,0.7647534521569499,0.23524515076289967,1.3970801502647886e-06
1,1,0.1560370162519814,0.8439569148224162,6.068925602484241e-06
1,0,0.7297030062940418,0.2702969137295384,7.997641983078631e-08
0,1,0.4667154168914927,0.5332841200227387,4.630857685279521e-07
1,1,0.36494747895126295,0.635050091453508,2.4295952292021537e-06
2,2,1.9035112975638435e-11,0.0007463137421549007,0.9992536862388101
1,1,0.19965961720177539,0.8003398404126113,5.423856131457734e-07
0,0,0.6391068128582335,0.3608931513763673,3.576539927916619e-08
1,1,0.07147461959510922,0.927933120568567,0.0005922598363238587
0,0,0.8746889045428325,0.1253109320490572,1.634081102895646e-07
0,0,0.5638207265448258,0.4361787556994567,5.177557174022384e-07
1,1,0.011061327336438295,0.9887166791608591,0.00022199350270244144
0,0,0.7294371470783176,0.2705625637047322,2.8921695011725296e-07
1,1,0.2622976091368916,0.7373619199719312,0.00034047089117720137
1,1,0.1437305593722076,0.856260117983582,9.322644210503605e-06
0,0,0.8602602914455831,0.13973970449520615,4.05921062372121e-09
0,0,0.6630990348915591,0.33689986652785914,1.0985805818884246e-06
1,1,0.0986184193404554,0.9013222477425723,5.9332916972282455e-05
2,2,1.307120433462944e-05,0.45313059631557595,0.5468563324800894
1,1,0.2193941964868095,0.7806036461864677,2.1573267228991198e-06
1,1,0.29338175811445655,0.7066090011418963,9.240743647212087e-06
1,1,0.09117023620381415,0.9087762496698496,5.351412633618558e-05
0,0,0.8062599855922641,0.1937395527211941,4.6168654179880797e-07
1,1,0.12253148798700887,0.877433752964698,3.475904829299663e-05
1,0,0.5943618263564333,0.4056294572529985,8.716390568273028e-06
1,1,0.14076364747565445,0.8592237516764032,1.2600847942246632e-05
0,0,0.9145282921866708,0.08547144847770899,2.5933562040085235e-07
0,0,0.7594463898966056,0.24055360520595437,4.8974400775688855e-09
1,1,0.18665558614423733,0.8074439560619258,0.005900457793836963
0,0,0.917490658998767,0.08250912817769789,2.1282353510724653e-07
1,1,0.16787451608779352,0.8321196390020639,5.844910142476673e-06
0,0,0.51174835709484,0.48825023182943966,1.4110757203567395e-06
1,0,0.5387144681498174,0.46128541576040727,1.1608977527230154e-07
2,2,0.007394026181228357,0.434701584139529,0.5579043896792427
0,0,0.92315950774496,0.07684025034765685,2.4190738320569815e-07
0,0,0.5878459060802764,0.41215268682553885,1.4070941846273722e-06
1,1,0.04632537952908934,0.9535801882024305,9.443226848018389e-05
1,1,0.07540721074415142,0.9238806850588248,0.0007121041970238111
1,1,0.24757451775108089,0.7524209585583517,4.523690567520685e-06
1,1,0.4383531046966669,0.5616438024609602,3.0928423727910197e-06
1,1,0.271110384241294,0.7286424196808291,0.00024719607787676085
0,1,0.4611892499507815,0.538773366760326,3.7383288892652724e-05
0,0,0.8180007046637329,0.18199738147071187,1.9138655551719486e-06
0,0,0.5018671609143366,0.49810126803653826,3.157104912519985e-05
1,1,0.031231542147583478,0.9687061159020576,6.234195035900025e-05
0,0,0.9794109080455019,0.020589083260774865,8.693723347730786e-09
1,1,0.23661277721507154,0.7633814135870746,5.809197853974238e-06
0,0,0.8640784171750406,0.13592156475272069,1.8072238583697833e-08
0,0,0.9380508933003939,0.06194908953196922,1.7167636919693834e-08
1,1,0.025198035703201022,0.9745508164671561,0.00025114782964279605
1,1,0.20872399980145706,0.7912583957305083,1.760446803461341e-05
2,2,0.0012292363540888755,0.10416811251974178,0.8946026511261693
1,1,0.08300141964535614,0.9169906340631706,7.946291473245621e-06
0,0,0.890743036934883,0.10925639747337657,5.655917403489288e-07
1,1,0.10920899155688424,0.8906712554716097,0.00011975297150598794
0,1,0.3879130230553843,0.6120861885767562,7.883678595659518e-07
1,1,0.1912070226318716,0.8087792492622116,1.3728105916947384e-05
1,0,0.7275666873920101,0.2724332835685624,2.9039427471317474e-08
0,0,0.5565978863603553,0.44340173196635707,3.8167328754977146e-07
1,0,0.555485598492536,0.44451138184355016,3.0196639137896125e-06
1,1,0.39483613451500416,0.6051632592854373,6.06199558527618e-07
1,1,0.4698085837701452,0.5301904025083143,1.013721540443022e-06
1,1,0.2897496850532501,0.7102496406829872,6.742637627096942e-07
0,1,0.22805015737136297,0.7719465550396777,3.287588959361621e-06
0,0,0.7189405051610788,0.2810592174219236,2.7741699763701326e-07
0,0,0.6292625470971636,0.37073643332513934,1.0195776970372123e-06
1,0,0.6091639579902458,0.3908330901788139,2.9518309403320588e-06
1,1,0.16325347261349699,0.8360590323509695,0.0006874950355336172
1,1,0.43115369779859647,0.5688439827831957,2.3194182077608434e-06
0,1,0.33183843696348414,0.668158402885078,3.1601514379893105e-06
0,0,0.8442977377934496,0.15570225807822377,4.1283265809087936e-09
0,0,0.6610343347117359,0.33896556846459003,9.682367409351203e-08
0,0,0.6730407962107747,0.32695907950493114,1.242842941900223e-07
0,0,0.9068221783183478,0.09317778668061849,3.5001033921193776e-08
1,1,0.017715485610358666,0.9821705443980975,0.00011396999154373773
0,0,0.6843289537827859,0.31565984501737776,1.1201199836344785e-05
1,1,0.4899899488264065,0.5100080677928208,1.9833807725939633e-06
1,0,0.8127288500250661,0.18727006997186768,1.0800030660407877e-06
1,1,0.3374055641352302,0.6625931696102582,1.266254511645178e-06
1,1,0.12663057884779821,0.8733498066635248,1.961448867703093e-05
1,1,0.06454793692628653,0.912334933563901,0.02311712950981254
2,2,1.8396026888038997e-05,0.19237760307294569,0.8076040009001664
1,1,0.03890619005291166,0.9598573674905507,0.001236442456537704
1,1,0.3431244411965493,0.6568743563743287,1.20242912198748e-06
0,1,0.15433615741312712,0.8456572891201665,6.553466706301147e-06
1,1,0.04442608870048063,0.8909945701304669,0.06457934116905258
1,0,0.7621047024546908,0.23789529362883458,3.9164745281577384e-09
0,1,0.4163894836177159,0.583605478341008,5.038041276152566e-06
0,0,0.9999986919543699,1.2929318363558227e-06,1.5113793869065104e-08
1,1,0.42233654853805896,0.5776632072446932,2.442172477708219e-07
1,0,0.6064206335484167,0.3935748962439531,4.4702076300978144e-06
2,1,0.00014459044241764768,0.7216967039215305,0.2781587056360518
0,0,0.6453745165039686,0.35462505111336634,4.323826650620733e-07
0,0,0.6177838208044344,0.3822130421905777,3.137004987819097e-06
1,1,0.1748850251662419,0.8251140221186832,9.527150748298036e-07
1,1,0.06848612418334452,0.9314986776987566,1.5198117898850368e-05
1,1,0.27581841253952033,0.7241692568214514,1.2330639028239598e-05
0,0,0.9814347249648632,0.018565232850504414,4.218463250239446e-08
0,0,0.5221002821130669,0.4778992312340827,4.866528504490836e-07
1,0,0.5785054447789044,0.42149278208349356,1.7731376019040128e-06
0,0,0.6268977540932843,0.3731021121648305,1.3374188534086383e-07
1,1,0.13807435303912094,0.8619048674510394,2.0779509839666787e-05
1,1,0.4948526055919234,0.5051463185612938,1.0758467828236756e-06
1,1,0.3134545552329445,0.6865420704722707,3.374294784862507e-06
1,1,0.20443042245462256,0.7955207173120148,4.8860233362747776e-05
1,1,0.13967032499827645,0.855445073972653,0.004884601029070543
0,0,0.6318755076065528,0.36812445577582176,3.661762543116305e-08
0,0,0.8118020822938735,0.18819791233465694,5.371469389291148e-09
0,0,0.8066002359263879,0.19339972187187152,4.220174073802864e-08
0,0,0.5141725121210788,0.4858273481779921,1.3970092905401124e-07
0,0,0.753977275229186,0.24602259119882622,1.3357198784451277e-07
1,1,0.1368668674486402,0.8630963475574219,3.6784993937896017e-05
0,0,0.7221754456528652,0.27782432728612916,2.270610057396302e-07
1,0,0.7911342200400829,0.208865592866433,1.8709348396942987e-07
0,0,0.7076362754199835,0.2923633200790844,4.045009319491793e-07
1,1,0.3024032191390029,0.6975836129193366,1.3167941660540856e-05
1,1,0.0913106905911721,0.9086410907735947,4.821863523341864e-05
0,0,0.5714479486149653,0.4285517926295555,2.5875547916927274e-07
1,1,0.05100889835201066,0.9489753336283153,1.576801967395113e-05
1,1,0.42934760585271436,0.5706496469357699,2.747211515723303e-06
1,1,0.021946039797451564,0.9779929255060583,6.103469649024674e-05
1,0,0.7576962157966455,0.24230183638590613,1.9478174484111265e-06
0,1,0.4258826909388602,0.5741126860209826,4.623040157085257e-06
1,1,0.1686330410942308,0.8313604253317569,6.533574012319769e-06
1,0,0.8117510401682569,0.18824885048764078,1.0934410233624396e-07
1,1,0.10825251490352436,0.8917399140708993,7.571025576414772e-06
0,0,0.9110540236759342,0.08894595520933485,2.1114730852939934e-08
2,2,0.00048257165144648025,0.05768626558408122,0.9418311627644722
2,2,1.8389062937455526e-07,0.022767013921805867,0.9772328021875647
0,0,0.5146471890603035,0.4853526510535558,1.5988614073282417e-07
1,0,0.8066194714404166,0.19338019986993912,3.286896444374119e-07
1,0,0.6308255363272801,0.3691737833799303,6.802927895157149e-07
1,1,0.22092190568749753,0.7790673113966299,1.0782915872599423e-05
1,1,0.344472307324446,0.6549572633128091,0.0005704293627449132
1,1,0.14338200267537132,0.8565911353686274,2.6861956001242005e-05
2,2,3.3476300103098696e-12,6.639828975001918e-08,0.9999999335983627
0,0,0.6307274531132582,0.36926902104226794,3.5258444737791386e-06
0,0,0.8055726953143756,0.19441675903254896,1.0545653075361024e-05
0,0,0.8707497379251162,0.12925021029755374,5.1777330044142375e-08
1,1,0.04988545594234907,0.9500930015138056,2.1542543845227405e-05
1,1,0.019026570786641824,0.9807372588447899,0.00023617036856822323
0,1,0.28009545721296303,0.719904043507486,4.992795510213765e-07
1,1,0.1543417080798102,0.8456530715470255,5.220373164283599e-06
0,0,0.7974071279949757,0.20259240357814645,4.68426877892062e-07
1,0,0.5489357032856585,0.4510447484848999,1.9548229441424207e-05
1,1,0.009830882065514922,0.9897204315441156,0.00044868639036947037
1,1,0.15138491295720508,0.8485884527521292,2.6634290665593177e-05
0,0,0.8094760189174247,0.19052396386450315,1.721807194214162e-08
0,0,0.8095889806763138,0.190410970829844,4.849384239090594e-08
1,1,0.1825492294431395,0.8169198098263288,0.0005309607305316472
0,1,0.4610248369608876,0.5388882436810529,8.69193580595235e-05
0,1,0.18142204822880925,0.8171220173311128,0.0014559344400779449
1,1,0.0756934180297024,0.9012812771952629,0.023025304775034762
1,1,0.03785378223808541,0.962071959254491,7.425850742355888e-05
1,0,0.5869680863424833,0.4130313716509817,5.420065349054106e-07
0,1,0.29409647587431337,0.7058749168164987,2.8607309187900738e-05
1,1,0.17975705651303248,0.8201131625098588,0.0001297809771087159
0,1,0.28145958580349,0.718525147963252,1.526623325811824e-05
0,0,0.9292548678584521,0.07074511613058877,1.601095902490208e-08
0,0,0.6323507607908326,0.3676461153920781,3.123817089273296e-06
1,1,0.46458198437249,0.5354004396545514,1.75759729586237e-05
0,0,0.8658480113045158,0.13415191507310034,7.362238387829181e-08
1,0,0.6181770730398491,0.38182269809733355,2.288628173775505e-07
1,1,0.3004129910575503,0.6995804834464296,6.525496019983868e-06
1,0,0.6470442268001021,0.3529470065799728,8.766619925186247e-06
1,1,0.22029744817129274,0.7484094347630176,0.0312931170656897
1,1,0.028166585831829894,0.9714789788094653,0.00035443535870464536
0,0,0.9502728893864257,0.04972696317255637,1.4744101789163748e-07
1,1,0.23381669677010322,0.7661691796975639,1.4123532332727908e-05
1,1,0.10298801104195766,0.8969629864434835,4.90025145586968e-05
0,1,0.3176515442448395,0.6823474470865841,1.0086685762596763e-06
1,1,0.0940625910275471,0.9059153071519176,2.2101820535377414e-05
0,1,0.09787027225069767,0.902110457519008,1.9270230294327475e-05
1,1,0.015221505844583852,0.9845215547373244,0.00025693941809172956
1,1,0.10901030457509667,0.868057418245434,0.022932277179469444
1,1,0.22797766203672046,0.7720141967398614,8.141223418065561e-06
2,1,0.008502949373381141,0.6894263837039843,0.30207066692263457
0,0,0.5005687824749802,0.499425510481836,5.707043183863978e-06
1,0,0.5557913206990931,0.44420843177136504,2.475295419534314e-07
1,1,0.2288816405279852,0.7708158061284605,0.00030255334355425617
0,0,0.5290480428013368,0.4709487532941966,3.203904466541423e-06
1,0,0.7746350964615487,0.22536416072312435,7.428153269502581e-07
1,1,0.4747462135818335,0.5252522759576355,1.5104605311016891e-06
1,0,0.6779862991372223,0.3220055730286954,8.127834082273554e-06
1,1,0.08850697199925385,0.9062682900785299,0.00522473792221619
1,1,0.05510598759799266,0.9435081684921931,0.0013858439098141176
1,1,0.14896145597786176,0.8510139652870186,2.4578735119659573e-05
0,0,0.7755655493679319,0.22443076718424415,3.68344782397683e-06
0,0,0.7103538879198812,0.289645528570814,5.83509304827308e-07
1,0,0.5345667354065,0.4654315250492656,1.7395442343269162e-06
1,0,0.5774630589287265,0.4225289185439148,8.022527358680207e-06
1,1,0.03638155828848339,0.963547430352449,7.101135906748769e-05
0,0,0.5379692906525599,0.46203021665700367,4.926904363625517e-07
0,0,0.8467660067704346,0.1532339848798075,8.349758024767603e-09
1,1,0.046831084899960525,0.9531425587421445,2.6356357895002886e-05
1,1,0.15004582405318945,0.8489843986434359,0.0009697773033745635
0,1,0.4067766338140635,0.5932229589889687,4.071969678138526e-07
1,1,0.1772242323088593,0.8227485405011066,2.722719003408803e-05
1,0,0.7370987723957275,0.2629006512133551,5.763909173111574e-07
1,0,0.5051374758731908,0.49486220382127377,3.203055354261672e-07
0,0,0.9999963426597298,3.3763002425136044e-06,2.8104002762027765e-07
1,1,0.22300528159604657,0.7769931964595729,1.521944380397799e-06
1,1,0.28223360863729985,0.7177618592611861,4.532101513973928e-06
0,0,0.8685489014422619,0.13145108897721358,9.580524528008219e-09
0,1,0.35926244290578324,0.6407373711726747,1.859215420866488e-07
1,1,0.05543187331289694,0.9444969509199613,7.117576714164851e-05
1,1,0.18863664226474297,0.8113623906862444,9.670490126743514e-07
1,1,0.0925135352722723,0.9074813738191778,5.0909085497912256e-06
1,1,0.045583620922259455,0.9510824718770414,0.0033339072006991328
0,0,0.781948190106855,0.2180517241561616,8.573698348361187e-08
1,0,0.8632482185247147,0.13675149986040666,2.81614878578987e-07
1,0,0.5088632705574342,0.49113662628754556,1.0315502029089698e-07
0,0,0.9093488137953978,0.09065069390838194,4.922962204426825e-07
1,1,0.014346495156256375,0.9845550256841347,0.0010984791596090162
1,1,0.07943724730961542,0.9200909705055167,0.0004717821848678914
1,1,0.3275782490051806,0.6724203604027008,1.3905921185523922e-06
1,1,0.03270298185083907,0.9672299556714916,6.706247766914864e-05
1,1,0.16309795473893943,0.836893080787212,8.964473848522844e-06
1,1,0.07935974557079073,0.9030059207277278,0.01763433370148131
0,0,0.9598706754940254,0.04012932275003113,1.7559435157512654e-09
1,0,0.5477233780964332,0.45227584693957273,7.749639939773033e-07
1,1,0.48702937193464596,0.5129703662156362,2.618497178493133e-07
1,1,0.08225264270437306,0.912032609713245,0.005714747582382029
1,1,0.40365124095775773,0.5963477477321986,1.0113100436490524e-06
2,2,0.0046696999974882285,0.43879369457468115,0.5565366054278307
1,1,0.36541336926058027,0.6345856919557815,9.387836382679367e-07
1,1,0.3689428452515797,0.6310564393623583,7.153860618267762e-07
0,0,0.7828475905551696,0.2171523824508057,2.699402470550181e-08
1,1,0.424873435124084,0.575125744314731,8.205611849827938e-07
0,0,0.5502866668760255,0.44971286813312944,4.649908450906691e-07
1,1,0.09412500076895366,0.9017130297718329,0.0041619694592134274
0,1,0.14046007698971888,0.8595351961123218,4.726897959310265e-06
2,2,0.00015414519416294227,0.03409895779354179,0.9657468970122953
1,1,0.0857727883917414,0.9141952836440342,3.1927964224431555e-05
1,0,0.6996649909479099,0.3003334559679267,1.5530841633250796e-06
0,0,0.8711734551074874,0.12882635103003,1.938624826101584e-07
0,0,0.5319260885466486,0.46807390081766576,1.0635685758867542e-08
1,0,0.5920333453556671,0.4079544618173647,1.2192826968173626e-05
2,2,1.62750788514317e-10,0.003097231138646409,0.9969027686986027
1,1,0.13863010093543882,0.8613611735163808,8.725548180356883e-06
1,1,0.2852322708415143,0.7147664912150704,1.2379434153807797e-06
0,0,0.9999959531111373,3.521846327480964e-06,5.250425351742136e-07
1,1,0.41821403454164524,0.5817856756263234,2.8983203139538895e-07
0,0,0.5778457857161707,0.4221534272409086,7.870429206964263e-07
2,2,1.245642551403253e-05,0.17503473011977908,0.824952813454707
0,1,0.3720991593164849,0.6278997902405946,1.0504429205790334e-06
0,0,0.9731207438171338,0.02687921380035238,4.238251382423544e-08
1,1,0.022613503367086334,0.9753395662373237,0.0020469303955900006
1,1,0.0251782586314246,0.9684979461058515,0.006323795262724062
0,1,0.2816797953075904,0.7181788231697273,0.00014138152268250217
0,0,0.6148765178824979,0.38512340756663843,7.455086366723428e-08
1,0,0.6030584961763686,0.3969403709846963,1.132838935133071e-06
2,2,1.4198099899884476e-10,0.004200755938186919,0.9957992439198321
0,1,0.47375128746055806,0.5262483994241329,3.1311530905407444e-07
2,2,3.785421693159376e-07,0.021122886573616075,0.9788767348842147
0,0,0.7007126423158597,0.2992873075220284,5.016211168882239e-08
2,2,1.5520162598178168e-07,0.005209106942722189,0.9947907378556518
1,1,0.07578489013565688,0.9242023437520674,1.2766112275657626e-05
1,1,0.3046271058097177,0.6953719520350181,9.421552642035643e-07
1,1,0.09436121715461397,0.9055127211849899,0.00012606166039613078
0,1,0.4514012146357937,0.5485957826954062,3.002668799968974e-06
0,0,0.5816308322369551,0.41836661620994015,2.5515531047370453e-06
1,1,0.2676255295556433,0.7314282608824632,0.0009462095618935638
1,0,0.7109060854758427,0.28909387780061574,3.672354163310606e-08
0,0,0.920926343522371,0.0790736364027396,2.0074889403001664e-08
0,0,0.5231229823003409,0.4768767851449025,2.3255475655182843e-07
1,1,0.10945330529064452,0.8778894558194253,0.012657238889930032
1,1,0.06887743830704783,0.9236184647169455,0.00750409697600657
1,0,0.8415509766073658,0.1584487816490714,2.4174356288709744e-07
1,1,0.2686067932123771,0.7313840300653086,9.176722314136912e-06
1,0,0.626876658830071,0.37312317307328374,1.6809664518693907e-07
1,1,0.047302839851870296,0.9100942070215228,0.04260295312660691
1,1,1.733541960178179e-05,0.5517249236365245,0.4482577409438737
1,0,0.6925751670332871,0.30742482586885417,7.097858688740536e-09
1,1,0.19899680147350177,0.8009764050752892,2.6793451208931318e-05
1,1,0.16465520253901447,0.8312938775795184,0.004050919881467185
1,1,0.160419488141549,0.8395141461724721,6.636568597886882e-05
1,1,0.21490475732175396,0.7849575662401144,0.0001376764381317373
0,0,0.6327805178727719,0.36721908141915954,4.0070806856762486e-07
1,1,0.41662896587875675,0.5833705107449293,5.2337631407148e-07
1,1,0.3562300463985494,0.643644937545908,0.00012501605554254098
1,1,0.043816387794090375,0.9561015941852554,8.201802065425841e-05
1,1,0.459347445908554,0.5406170298271952,3.552426425088969e-05
0,1,0.4020339835900393,0.5978888314263435,7.718498361702737e-05
1,1,0.18940262893618987,0.8105940549560195,3.3161077904723716e-06
1,0,0.589365773449836,0.41063391840910285,3.081410611836494e-07
0,0,0.9641812633282285,0.03581799003489761,7.466368737087381e-07
1,0,0.5761340895611936,0.423863717936752,2.192502054376118e-06
0,0,0.7479088418088771,0.25209039219260115,7.659985218549232e-07
0,1,0.2668375216280969,0.7331615353783749,9.429935282909834e-07
0,0,0.7063983284721064,0.2936005944618348,1.0770660587978423e-06
1,1,0.11201569441968458,0.8879370621198405,4.724346047506341e-05
0,0,0.9639710265046079,0.03602888208648401,9.140890828440073e-08
0,0,0.6588985946961512,0.3411013543184037,5.0985445128619216e-08
2,2,8.697856802203014e-08,0.011715654796391434,0.9882842582250406
1,1,0.02880325830481324,0.9511119760069774,0.02008476568820932
0,0,0.9311112637660536,0.06888854269092719,1.93543019236982e-07
1,1,0.4006146210000882,0.59938483378105,5.45218861758761e-07
0,0,0.8933461467752414,0.1066538064912387,4.673351986399787e-08
1,1,0.3241084741936809,0.6757809587288296,0.00011056707748949017
0,0,0.8480951267954601,0.1519048498175325,2.3387007503008198e-08
1,0,0.7855891384647934,0.21441076442238866,9.711281786547794e-08
0,0,0.8987600240735909,0.10123995641301849,1.951339072162382e-08
2,2,0.001029192118039501,0.13146462884980467,0.8675061790321559
1,1,0.37079506365231196,0.6291972525112266,7.683836461407218e-06
0,1,0.497802502792881,0.5021954391162052,2.058090913775555e-06
1,0,0.8365122218115417,0.16348775674973012,2.1438728225255416e-08
1,1,0.020506892344215297,0.8041332183494652,0.17535988930631954
1,1,0.2646281665400652,0.735354436166827,1.7397293107758943e-05
1,1,0.18444446415763618,0.8149286783969977,0.0006268574453662639
0,0,0.7816016615831332,0.21839775786342724,5.805534395106729e-07
0,0,0.9537135015891817,0.046286493225467885,5.185350366558509e-09
1,1,0.04749290816479476,0.9524471244694389,5.996736576631617e-05
1,0,0.7718452719624853,0.22815405723662982,6.708008848401103e-07
0,1,0.3602241571622614,0.6397665610977611,9.281739977513058e-06
0,1,0.39486568190829985,0.6051307871247253,3.53096697489711e-06
1,1,0.3734246220585044,0.6265730755448633,2.3023966322097824e-06
2,1,0.015201876774758188,0.5530382349488546,0.4317598882763873
1,0,0.5864750716382998,0.41352473701024844,1.9135145179004288e-07
0,0,0.8461035439150291,0.15389616914378226,2.869411886430277e-07
0,0,0.977442206028069,0.02255773850566565,5.546626545830973e-08
1,1,0.2417491894695684,0.7582492982367007,1.5122937309628978e-06
2,2,1.3811032295106004e-07,0.009940316248841369,0.9900595456408356
1,1,0.410634543261977,0.5893641024650345,1.3542729884436002e-06
1,1,0.4703669374401665,0.5296290688672957,3.993692537737035e-06
1,1,0.4351213036405069,0.564877888270251,8.080892421261272e-07
0,1,0.46959972630092517,0.5303848626484092,1.5411050665568856e-05
1,1,0.06690409423387644,0.894615354916112,0.03848055085001161
1,1,0.20513378479120506,0.794861476065835,4.739142959843544e-06
1,1,0.01659454209703269,0.9833330312163141,7.242668665330487e-05
0,0,0.6769664697755221,0.32303352544602854,4.778449513174882e-09
0,0,0.8512769311399827,0.1487230418335104,2.702650683983844e-08
0,1,0.30223551480347954,0.6977631260577128,1.3591388075169682e-06
1,1,0.39618142019658015,0.60381617628232,2.403521099759171e-06
1,1,0.2373803658431194,0.7625873314121729,3.230274470771381e-05
0,0,0.6281827806115824,0.3718149137791401,2.305609277605245e-06
1,1,0.031773953347862996,0.9214600814634,0.046765965188737095
2,2,9.847304682255247e-11,0.004602512547614236,0.9953974873539126
0,0,0.5317609521065785,0.46823793043302486,1.1174603967476531e-06
1,1,0.1431543437076429,0.8568405422808401,5.114011516895596e-06
0,0,0.8925907998319934,0.10740919826240303,1.9056034479226484e-09
2,2,3.1400105276959876e-12,1.75498572939496e-07,0.999999824498287
0,0,0.5243545649768717,0.47564508273580924,3.5228731901706994e-07
1,0,0.7487682300491725,0.2512296835130378,2.086437789762783e-06
0,1,0.4820312666469029,0.5179682333933675,4.999597295078829e-07
1,1,0.02310314650626965,0.9765960429337843,0.0003008105599459938
1,1,0.4750894571626951,0.5249092827866283,1.260050676561764e-06
0,1,0.4900051967791938,0.5099945382683625,2.649524438019211e-07
0,0,0.8485461176972252,0.15145386152069815,2.078207658850789e-08
0,0,0.7612449726591869,0.2387550117933225,1.5547490600523497e-08
0,0,0.9014340117499637,0.09856595094982235,3.730021402690623e-08
1,1,0.4123142095885807,0.587540808417749,0.00014498199367020523
1,0,0.5965002309612282,0.4034995838537248,1.8518504695897548e-07
0,0,0.8225682670981156,0.17743166504342708,6.785845740486734e-08
1,1,0.12361765167133187,0.8761979457049534,0.0001844026237147628
1,1,0.11752908405563048,0.8824636931812095,7.222763159827008e-06
1,0,0.5833943394669695,0.41660340268401064,2.2578490198363644e-06
0,0,0.9346471908776736,0.06535164044550597,1.1686768204617874e-06
0,0,0.7583270901474288,0.24167220903364042,7.008189308431302e-07
0,0,0.6757884353790804,0.32420762348945215,3.9411314675242475e-06
0,0,0.7478629050322718,0.2521164826751048,2.0612292623497717e-05
1,1,0.03676665633907318,0.9630709872977485,0.00016235636317832425
1,0,0.6482447811319504,0.3517545620415858,6.568264638316737e-07
1,0,0.7846050922867543,0.21539484139572793,6.631751785433135e-08
1,1,0.26543876931322913,0.7345590528230836,2.17786368732844e-06
0,0,0.9502771826190829,0.04972279032203072,2.705888641392218e-08
1,0,0.5782379800420092,0.4217594353100377,2.5846479531142126e-06
1,1,0.054184915913941686,0.9457333150944337,8.176899162460374e-05
1,1,0.022058794144641205,0.9777382079172372,0.00020299793812165215
0,0,0.7742341797779277,0.22576573947651574,8.074555654341743e-08
0,0,0.9441244785317108,0.055875493678472825,2.7789816377552453e-08
0,0,0.5358774490328738,0.46412181647016426,7.344969618030898e-07
0,0,0.935193017469569,0.06479722570045503,9.756829976154034e-06
1,1,0.2007219188278709,0.7992717169483178,6.364223811388191e-06
0,0,0.5698562698884924,0.4301431775553969,5.52556110712903e-07
1,1,0.051306864942898364,0.9038996130078103,0.04479352204929129
1,1,0.42615916478762184,0.5738392725514152,1.5626609629831206e-06
1,1,0.0837151932856487,0.9159743110663568,0.0003104956479943617
1,1,0.3902702157850334,0.6097233498916802,6.4343232862993e-06
1,1,0.21640099696657542,0.7835876052095905,1.1397823834122658e-05
1,0,0.7038818126652681,0.2961181364135234,5.092120854497732e-08
1,2,1.7684891792689255e-06,0.07621521721866713,0.9237830142921537
0,1,0.1600092878584458,0.839456596277824,0.000534115863730279
1,0,0.8132160844197441,0.18678378318189404,1.3239836184993192e-07
1,1,0.021842031083282993,0.9780296299290524,0.00012833898766453263
0,0,0.8181703716814882,0.18182785676986085,1.7715486508942472e-06
1,1,0.22530827661563424,0.7739984215931072,0.0006933017912586627
0,0,0.8110540687391871,0.18893313868702227,1.2792573790705727e-05
1,1,0.08135657987116751,0.9179975703302236,0.0006458497986089345
0,0,0.8081473742103451,0.19185153502524704,1.0907644080140096e-06
1,0,0.529152783531567,0.4708463351794195,8.812890134660856e-07
1,1,0.07969965099595758,0.9202418241489767,5.852485506577996e-05
1,0,0.6216082988590508,0.37839158734604716,1.1379490205501735e-07
1,1,0.03866327281503364,0.9612548494627705,8.187772219580732e-05
0,0,0.6260070473143976,0.37399251164922126,4.4103638111340393e-07
1,1,0.15491922505397646,0.8450183495378668,6.242540815670078e-05
1,0,0.6149542508013792,0.38504557563755964,1.7356106103739808e-07
0,1,0.4163061899365542,0.5836239017920489,6.990827139691947e-05
1,1,0.25795302180781665,0.7419252911939236,0.00012168699825981398
2,2,0.003166364330865248,0.32079807619671474,0.6760355594724201
0,0,0.8030212455487927,0.19697871079082432,4.366038283120165e-08
0,0,0.8504776741659373,0.14952054235936468,1.7834746979426587e-06
1,1,0.01621147705106396,0.9831688084953917,0.0006197144535444516
0,1,0.24955595752576937,0.7503913813939511,5.266108027961182e-05
0,0,0.9883318568261478,0.011668142899934416,2.7391784914153915e-10
0,1,0.3893489816688451,0.6105334378955627,0.00011758043559220905
0,1,0.4578088705094548,0.5421896663442518,1.4631462935189105e-06
1,0,0.5507485578097508,0.4492511634814259,2.7870882325453986e-07
0,0,0.9533130261040103,0.046686972759253285,1.1367362364445806e-09
1,1,0.3001829993514934,0.6998143528055676,2.6478429390190242e-06
1,1,0.03354296612601347,0.9663075541496159,0.00014947972437066544
1,1,0.15303631420431565,0.8469587341509045,4.951644779914865e-06
1,1,0.044556830395216775,0.9554135249116509,2.964469313242546e-05
1,1,0.235433156959423,0.7645293054183534,3.7537622223627145e-05
1,1,0.13422074927860703,0.8657695452039162,9.705517476600977e-06
0,0,0.5043189197486176,0.4956502600046194,3.0820246762961355e-05
0,0,0.6348011901127805,0.36519877408882,3.579839949646331e-08
0,0,0.6712673599589098,0.3287316167474059,1.0232936842553114e-06
0,0,0.8475596074050742,0.15244011744393218,2.7515099361937556e-07
2,2,8.83718332878596e-07,0.0691859281834221,0.930813188098245
0,0,0.7413692254464949,0.25863076679911845,7.75438669967806e-09
0,0,0.8923869529580863,0.10761304177541212,5.266501524434897e-09
2,2,0.0004173657651634191,0.034635598580783536,0.9649470356540532
0,0,0.738407874199074,0.26159212052574865,5.275177433918043e-09
0,0,0.9308550540631115,0.06914481365348586,1.322834026972382e-07
0,1,0.05169574788319865,0.9482178751045126,8.637701228883988e-05
0,0,0.8589606217976439,0.14103934620429145,3.199806480036502e-08
1,1,0.18977673226800643,0.8102152677926541,7.999939339472461e-06
0,1,0.42582373012122404,0.574121360057498,5.490982127805518e-05
1,1,0.0935487158941174,0.9063731610177229,7.812308815961254e-05
1,0,0.8272109942408169,0.17278892144308344,8.43160996922117e-08
1,1,0.40065614635075875,0.5993427847980769,1.0688511642385204e-06
0,0,0.6462956099743192,0.3537043469782814,4.3047399548010405e-08
0,0,0.946589643753015,0.05341026629357752,8.99534075998881e-08
1,1,0.19754860838272262,0.8024456171745289,5.7744427483717736e-06
1,1,0.04523417136449949,0.9546001460639335,0.00016568257156704627
1,1,0.3098246715380994,0.6900616490480181,0.00011367941388257942
2,1,6.829507719396251e-05,0.6300794553485256,0.3698522495742805
1,1,0.10293723870731233,0.8951969121561892,0.0018658491364983798
0,0,0.7976360377330841,0.20236386951156685,9.275534913291421e-08
0,0,0.8473810060337528,0.15261888968820672,1.0427804058307125e-07
0,1,0.38281463969723,0.6171795022930163,5.858009753723365e-06
1,1,0.055285150863688313,0.9288963464753308,0.015818502660980872
0,1,0.2690209560749643,0.7309783270874627,7.168375729751548e-07
0,0,0.6051044326665679,0.3948950105439658,5.567894663385866e-07
1,1,0.0914161605468336,0.9085757178927459,8.121560420358497e-06
0,0,0.9105805779449083,0.08941912796989178,2.9408519993563165e-07
1,1,0.10512507046566115,0.8947985116300738,7.641790426510526e-05
0,0,0.8338745067049924,0.1661254534328519,3.986215566539588e-08
1,1,0.009058157506253689,0.6125952613006348,0.3783465811931116
1,1,0.026988717055985854,0.9727330901103782,0.0002781928336359678
2,2,3.4936501993921936e-13,3.4208716244027354e-08,0.9999999657909345
0,0,0.9463281873694374,0.05367171702269805,9.560786439980204e-08
0,0,0.8637059936291499,0.13629388851405197,1.1785679798909692e-07
1,1,0.06686030570657571,0.9330790693891642,6.0624904259996174e-05
1,1,0.05462864649913588,0.9453184350816911,5.291841917294155e-05
0,1,0.39762075147695825,0.6023773147321221,1.933790919525528e-06
0,0,0.7292940567732619,0.2707059170072019,2.621953630282207e-08
2,2,1.4215784161583827e-08,0.0043088807559343335,0.9956911050282816
2,2,9.007715969389655e-08,0.012394224331602584,0.9876056855912378
1,1,0.01557918634457738,0.9837672529879747,0.0006535606674478261
2,2,3.0230935094017945e-07,0.03895673274874483,0.9610429649419043
0,0,0.576940033734329,0.42305930844265177,6.578230192266925e-07
0,1,0.4659365358298273,0.5340618125777358,1.6515924368952887e-06
1,0,0.6999185130262111,0.30006022797563514,2.1258998153710058e-05
0,0,0.7355704299824967,0.2644290130523075,5.569651959591577e-07
1,1,0.06524592504618229,0.9347403326940644,1.3742259753409193e-05
0,0,0.6240061626242192,0.37599376164933135,7.572644944280671e-08
1,1,0.2000297448567584,0.7999672771773126,2.977965928835876e-06
1,0,0.7402501220913799,0.2597486937534375,1.1841551827175429e-06
1,1,0.31439985204025245,0.6855928012949222,7.346664825262867e-06
0,0,0.9460641498009423,0.05393584552518725,4.673870532630745e-09
1,1,0.36429600251972655,0.6356958138197337,8.183660539703183e-06
1,1,0.3076119187340563,0.6923866401611705,1.441104773233924e-06
0,0,0.9045347619913823,0.0954651780854308,5.992318693058244e-08
1,1,0.09861321849060446,0.9011769020982742,0.00020987941112146855
1,1,0.4919898940862257,0.5079727383552162,3.7367558558117046e-05
1,1,0.34533410668918646,0.6546557202654543,1.0173045359265982e-05
2,2,0.0013385841576122651,0.08196061915568743,0.9167007966867002
0,1,0.14171465137613154,0.8582712788108704,1.4069812997934747e-05
0,1,0.41091363681791215,0.5890859349985784,4.2818350947475724e-07
0,0,0.9915778159990389,0.008422181465383647,2.535577368963725e-09
1,1,0.1512156222248158,0.842848020644131,0.005936357131053301
2,2,1.3738079465344247e-09,3.959704524231555e-06,0.9999960389216679
1,1,0.10832757304909338,0.8912503253527906,0.0004221015981161457
0,1,0.45554964961586825,0.5444027238977891,4.762648634264982e-05
1,1,0.04266063087423296,0.957327329261183,1.2039864584053977e-05
1,0,0.5683955326333222,0.43160437361280024,9.375387766135917e-08
1,1,0.244634488681295,0.7553502085759577,1.530274274736623e-05
1,0,0.9244929696449421,0.07550702947582452,8.792333167842458e-10
1,1,0.0718673112815683,0.9007907782733012,0.02734191044513052
0,0,0.8717995602181083,0.1282004211870537,1.8594838080201335e-08
1,2,2.4601989379510716e-05,0.19361330696695814,0.8063620910436623
1,1,0.2373034904181115,0.7626952770689328,1.2325129556159545e-06
1,1,0.04908365792843426,0.9508784548571669,3.788721439879696e-05
2,2,7.329828860117085e-08,0.004550144287831332,0.9954497824138802
1,0,0.5674704677862545,0.43252938350706827,1.4870667720373152e-07
0,0,0.8019627903612506,0.1980372051945418,4.444207655340815e-09
0,1,0.19592271122597354,0.7976595504167125,0.006417738357313874
1,1,0.10187147003907926,0.898104176081637,2.4353879283678842e-05
1,0,0.7830238496872518,0.21697605051163693,9.98011112027078e-08
0,0,0.8681887659795741,0.13180825821092357,2.9758095023896473e-06
1,1,0.07906168284881362,0.9207116509800373,0.00022666617114909353
0,1,0.30792262105792995,0.6912978960048948,0.0007794829371751746
1,0,0.7869447013383348,0.21305527326187668,2.539978843391038e-08
1,1,0.0757342086194781,0.9242546067750579,1.1184605463993373e-05
2,2,1.148055775375033e-06,0.039535822228287124,0.9604630297159376
1,1,0.02887797466656265,0.9639267090396314,0.007195316293805983
0,1,0.37023398801456797,0.6297644572823357,1.5547030963527288e-06
1,1,0.08667536546932812,0.901784507004011,0.011540127526660926
1,1,0.3597380497060395,0.6402591393254032,2.8109685571735753e-06
1,0,0.811366440317616,0.18863335679265913,2.0288972484932837e-07
1,1,0.08353924380364615,0.9164328974280208,2.7858768333030825e-05
1,1,0.049988058753450824,0.9486732221273466,0.0013387191192026674
1,1,0.019604590730273756,0.980226478801365,0.00016893046836125532
0,0,0.8291165499615623,0.17088277102171398,6.790167237537335e-07
0,0,0.931355292498692,0.06864450453272784,2.0296858004151227e-07
0,0,0.5291590359488112,0.47084066224416865,3.018070201154926e-07
1,1,0.11037136065013267,0.8884318732081368,0.0011967661417304773
0,1,0.3971989851497529,0.6028003704600751,6.443901719468076e-07
1,1,0.17919680609167285,0.8207967880881865,6.405820140632005e-06
1,1,0.47945831519915794,0.5205415002247021,1.8457613994943065e-07
2,2,0.0020506469775649614,0.224489918188177,0.773459434834258
1,1,0.16146908358128,0.838518331219381,1.258519933908791e-05
1,1,0.011788442400172534,0.9880088924160212,0.00020266518380632418
0,0,0.7398228698749743,0.26017554406463106,1.5860603946403756e-06
1,1,0.4167898871812173,0.5831727419145619,3.7370904220848224e-05
0,0,0.7180953822566719,0.28190379942644805,8.183168801055094e-07
0,0,0.5492673355714158,0.4507326055869524,5.884163186979339e-08
0,1,0.407969057115221,0.5920169767303463,1.3966154432744651e-05
1,1,0.12133854463632711,0.8786307539793154,3.070138435740639e-05
0,0,0.8964742577080217,0.1035257350336691,7.258309111130127e-09
1,1,0.31997393304080723,0.6799720170113351,5.4049947857519995e-05
0,0,0.5595170396788054,0.4404350528307812,4.79074904133489e-05
1,1,0.18391969364450278,0.8160662230816642,1.4083273833093964e-05
0,1,0.1721355030034317,0.8278641815162583,3.154803099957333e-07
0,0,0.6145580359706391,0.38544157032500564,3.937043553237458e-07
2,2,9.969649457994743e-07,0.0570040724800344,0.9429949305550199
1,1,0.3756283415849023,0.6243709446067318,7.138083659895199e-07
1,0,0.6790865006833492,0.32091337649098434,1.2282566640372962e-07
0,1,0.15114078303264172,0.8487364477236016,0.00012276924375670683
1,1,0.04609177777282046,0.9538807998115709,2.7422415608624863e-05
2,2,1.2353533257626355e-07,0.015144307721756829,0.9848555687429105
0,0,0.8398795410326612,0.16012041738959265,4.157774633116068e-08
1,1,0.21725778044290348,0.7827391525263928,3.067030703723423e-06
0,1,0.16994983726951243,0.8289190398026788,0.0011311229278086706
0,0,0.5525321672966405,0.4474661867224774,1.6459808820926841e-06
2,2,0.00317973450598614,0.2871520660654228,0.709668199428591
2,2,2.5742167781486026e-05,0.00820881820217496,0.9917654396300435
1,1,0.0640878517169263,0.9358871578450291,2.4990438044592776e-05
0,0,0.7054844944923191,0.29451513677616237,3.6873151860202215e-07
1,1,0.1616831960866984,0.7988765811433509,0.03944022276995086
0,0,0.5741681267208919,0.42583154657012484,3.267089833265083e-07
1,1,0.37495794898530665,0.625031239651613,1.0811363080488023e-05
1,1,0.44289892471971026,0.5570534172380348,4.765804225493175e-05
1,1,0.019273620789302073,0.9797152878138384,0.0010110913968595023
1,1,0.14548148033716896,0.8545005433248394,1.79763379915305e-05
1,1,0.1583624397220696,0.8361879337203538,0.005449626557576556
1,0,0.6113783335071797,0.38862075151971615,9.149731041085475e-07
0,0,0.6007787948487634,0.39922115539662684,4.975460977142247e-08
1,1,0.21356759796234695,0.7864285153806858,3.886656967246512e-06
0,0,0.7552854654142616,0.2447143955075414,1.3907819706008671e-07
1,1,0.21531773814799757,0.7846739242943377,8.33755766483972e-06
1,0,0.6188913505605399,0.3811013324800876,7.316959372481949e-06
1,1,0.05943115153377014,0.940551753242472,1.709522375788575e-05
1,1,0.00012750181506280514,0.9511483341016265,0.04872416408331071
1,1,0.43069555992432024,0.5693040425127536,3.9756292626349866e-07
1,1,0.29741503720394175,0.7025802295567052,4.733239352981902e-06
0,1,0.06991225196019644,0.9300417676330438,4.598040675994905e-05
1,1,0.22167885575145632,0.7783176842909704,3.4599575733199464e-06
1,1,0.07239786558494998,0.9070044149221964,0.02059771949285354
0,1,0.3266423590203753,0.6733569862807672,6.546988574797978e-07
0,0,0.8442539507667861,0.15574570489833886,3.443348750743276e-07
0,0,0.7468473005560152,0.2531525214035979,1.780403867852501e-07
1,0,0.5134796273858123,0.48650885081258755,1.1521801600133981e-05
0,0,0.6466875558585901,0.35330715652276257,5.287618647490753e-06
1,1,0.3453081104200203,0.6546899343134699,1.9552665098337185e-06
1,1,0.3424299452317437,0.6574904356508345,7.961911742165138e-05
1,1,0.10445850015057012,0.8955344844305503,7.0154188794892295e-06
0,0,0.7446757695738252,0.25532366015042196,5.702757527541777e-07
1,1,0.3152386592034561,0.6847548914538631,6.4493426806279615e-06
2,2,8.856313031039635e-08,0.0084959669612346,0.991503944475635
0,0,0.6068214523426307,0.39317816035765135,3.872997178710441e-07
1,1,0.36110817505251686,0.6388253965474512,6.642840003199025e-05
1,1,0.40531427103331163,0.5946850459789714,6.829877169170982e-07
0,0,0.8128711776892521,0.18712873284393255,8.946681531565479e-08
0,0,0.6813149617521929,0.3186816638162944,3.3744315125952886e-06
1,1,0.1901761943275175,0.8098161558160027,7.649856479733096e-06
1,1,0.043564762440936454,0.9225848855589355,0.033850352000128064
0,1,0.213273998291461,0.7867202167352665,5.78497327238186e-06
0,0,0.8418735642861089,0.15812640414589618,3.156799482751745e-08
1,1,0.012811409377260245,0.9869873589586479,0.00020123166409189195
1,0,0.6471751987294126,0.35282127058698737,3.530683599919098e-06
0,0,0.6796358985598486,0.3203599470444207,4.154395730619272e-06
0,0,0.6362806607523811,0.3637188552948255,4.839527934699327e-07
0,0,0.6667778068982707,0.33322206261796133,1.3048376783405894e-07
1,0,0.5182799219745274,0.48170818019533174,1.1897830140766712e-05
0,0,0.6979101650447449,0.3020896247657022,2.1018955290951025e-07
1,1,0.16273288370290576,0.8372315874018343,3.552889525993363e-05
0,0,0.5310162693937829,0.46897705908810655,6.671518110536657e-06
1,1,0.0558715042788335,0.9440766449460619,5.185077510446337e-05
0,0,0.6317579342310986,0.3682415499918338,5.157770675642953e-07
1,1,0.2556089024909557,0.7443883817280376,2.7157810067576327e-06
0,0,0.7148564871910746,0.28514273869273987,7.74116185484435e-07
1,1,0.11071316499024851,0.8892629655961788,2.3869413572764876e-05
1,0,0.7852055761978558,0.2147944098720618,1.3930082545678308e-08
1,1,0.10708706898835091,0.8924054735308583,0.0005074574807906824
1,1,0.17709540604784138,0.8228994291400421,5.164812116553721e-06
0,0,0.8299103303653653,0.17008779824603784,1.8713885968514863e-06
1,1,0.2109526078037813,0.7890215826300943,2.5809566124378658e-05
0,1,0.46482379793127043,0.5351718890538895,4.3130148402145955e-06
1,1,0.09468402055856742,0.9051857155378484,0.00013026390358415458
1,1,0.06236635060437992,0.9376187635077263,1.4885887893689516e-05
0,1,0.3844604753130243,0.6155356386414067,3.886045568985336e-06
1,1,0.4974872704654103,0.5025114052161433,1.3243184463972023e-06
1,1,0.04317671742565129,0.9567436731165812,7.960945776764591e-05
1,1,0.03975189813717243,0.9601895484045333,5.85534582944604e-05
0,0,0.6601305146099561,0.33986282603969126,6.6593503526133624e-06
0,1,0.21171723198166234,0.7882649853224448,1.7782695892749014e-05
1,1,0.1489317102287959,0.85105461876226,1.367100894397989e-05
2,2,1.1325664483131737e-07,0.15454330418113743,0.8454565825622178
1,0,0.664712914138617,0.33528690857357113,1.7728781194295207e-07
1,0,0.7980119333355282,0.20198802344832772,4.32161440815083e-08
0,0,0.9459784342895444,0.05402156145753094,4.25292455013236e-09
0,0,0.9323918494231896,0.0676079753381929,1.752386174120596e-07
2,2,1.181579745117836e-07,0.0066219276990097786,0.9933779541430158
0,0,0.5322670658229944,0.46773254827154165,3.859054638683787e-07
2,1,0.017518187243103785,0.5962244588443981,0.38625735391249805
0,0,0.6631806692125256,0.3368189457140335,3.850734409688825e-07
0,1,0.18131977457100487,0.8186725539830665,7.671445928618904e-06
0,0,0.825770701607145,0.17422689452355097,2.4038693040224015e-06
0,0,0.7712721020472586,0.22872739069710904,5.072556324305858e-07
1,1,0.222078691917303,0.7779118594903602,9.448592336761991e-06
0,1,0.2742086393264653,0.7256030105626063,0.00018835011092825532
1,1,0.04499368302548621,0.9549037460372559,0.00010257093725772476
1,1,0.056224310796188906,0.9436029796061353,0.00017270959767576516
0,1,0.4008460387505393,0.5991514020574243,2.5591920363023974e-06
0,0,0.8404624265901673,0.159537516379205,5.703062778406175e-08
1,1,0.45676519403856797,0.5432169965027163,1.780945871578573e-05
1,1,0.38992500376390715,0.6100715510625234,3.4451735694409004e-06
1,1,0.10563095087815284,0.8943319655045575,3.708361728957747e-05
0,0,0.827965452696324,0.172034156248785,3.91054890839514e-07
0,0,0.8656686406937861,0.13433095046246374,4.0884374997230096e-07
1,1,0.2267359397331197,0.7732531268005853,1.0933466294954843e-05
0,1,0.3424128630011262,0.6575827891085516,4.347890322217476e-06
0,0,0.6416897542532602,0.3583101892952301,5.645150957288134e-08
2,2,2.1830839331411584e-06,0.0989620687917402,0.9010357481243266
1,1,0.244334378782171,0.7556502676379059,1.5353579923136795e-05
1,1,0.245505691063719,0.7544681205223996,2.6188413881315224e-05
0,0,0.8061591532495673,0.1938407695290815,7.722135115669455e-08
0,0,0.6009489099573638,0.39905104148169324,4.856094304598006e-08
1,0,0.8486522972673607,0.1513470108628855,6.918697536482958e-07
1,1,0.13610591585510146,0.8637222411837491,0.00017184296114941574
2,1,0.05902495555865331,0.713771846484409,0.22720319795693766
0,0,0.6778333490149943,0.3221647624294769,1.8885555287552146e-06
1,1,0.12003813913386963,0.8458367092378738,0.03412515162825643
2,2,1.0805109737011442e-08,0.00423633321947496,0.9957636559754153
0,1,0.3254633866734225,0.6745310164903029,5.596836274608015e-06
1,1,0.4285106067985951,0.5714780737731797,1.1319428225155581e-05
1,1,0.3065218873418837,0.6934656272221823,1.2485435933954132e-05
0,0,0.958997275510245,0.04100271651857647,7.971178525780893e-09
1,1,0.24955561843311147,0.7504270663039382,1.7315262950203935e-05
0,0,0.6795112740218257,0.3204883670268104,3.589513640157599e-07
0,0,0.6272752648610607,0.3727205246130237,4.210525915663242e-06
1,1,0.07530774620003422,0.8883348422289097,0.036357411571056084
1,0,0.731083690886685,0.268916219223153,8.989016195918459e-08
1,1,0.24375852469197387,0.7562349501315212,6.525176504899861e-06
1,1,0.04343511528908227,0.9562899613612595,0.00027492334965820836
0,1,0.3518116509521099,0.6481841375583145,4.2114895755867035e-06
1,1,0.18400727355325192,0.8159535672322925,3.915921445542743e-05
1,1,0.1119254615070444,0.8880322218129042,4.2316680051376675e-05
1,1,0.41118494342817524,0.5887945140659923,2.0542505832532962e-05
1,1,0.1443700784902083,0.8556181204375874,1.1801072204235052e-05
1,1,0.08580595837731249,0.9140875072893545,0.0001065343333330998
1,1,0.22090318393151998,0.7790900362629359,6.779805544144339e-06
1,1,0.35998043993069756,0.6397732819993133,0.00024627806998903904
1,1,0.34990134553008934,0.6500962948749346,2.359594976048692e-06
0,0,0.698073528791962,0.3018972315136954,2.9239694342606193e-05
0,0,0.632049341063508,0.36795042830856656,2.3062792534141176e-07
1,0,0.5448577372282386,0.4551309789079657,1.1283863795641562e-05
0,1,0.4602078459756871,0.5397896385213107,2.5155030023573352e-06
1,1,0.28299735578342466,0.716228675528123,0.000773968688452279
1,1,0.23067326979308955,0.7659998834236601,0.003326846783250361
1,1,0.03275964726724239,0.9671495807161635,9.077201659402321e-05
0,0,0.865420578451556,0.13457923432222893,1.872262151747426e-07
1,1,0.12607924841219667,0.8738622264702494,5.8525117553996776e-05
1,1,0.3292818810522513,0.6707113777481983,6.741199550252321e-06
1,1,0.09487246883868673,0.9049896796539382,0.0001378515073752346
0,0,0.9134025466939946,0.08659744948827784,3.817727596513782e-09
1,0,0.8230702184563387,0.17692977553422012,6.00944134485236e-09
1,1,0.3033666951488136,0.6966226439915738,1.0660859612599794e-05
0,1,0.18326428219071544,0.8167325876469922,3.130162292432768e-06
0,1,0.48016646453988776,0.5198332355587185,2.999013937001128e-07
0,0,0.5764723820244781,0.4235237190477915,3.898927730335186e-06
1,0,0.9150226798278236,0.08497730057316352,1.9599012921442816e-08
0,0,0.6197953391098244,0.3802045444175274,1.1647264809990966e-07
0,1,0.32400012036894094,0.6759946998751359,5.179755923279205e-06
1,1,0.10551367485314417,0.8944741460335095,1.2179113346365217e-05
1,1,0.03809976863122884,0.9609656119505244,0.0009346194182466035
0,0,0.9365921294427307,0.06340761572027788,2.5483699142303093e-07
1,1,0.03590676227008521,0.829303118913768,0.1347901188161468
1,0,0.8247113592377702,0.17528774219676677,8.985654630677557e-07
1,1,0.2181869332697765,0.7818011266254334,1.1940104790068013e-05
1,1,0.10221195645557715,0.8977335469823847,5.449656203813415e-05
1,1,0.2825024624272659,0.717484280013407,1.3257559327084516e-05
1,0,0.6469856938333224,0.35300183111681005,1.2475049867538835e-05
0,0,0.8473523104892795,0.15264767621217923,1.329854122745834e-08
0,1,0.3721658320518862,0.6278300025892081,4.165358905727736e-06
2,2,2.764314320701521e-12,1.3774448763250712e-07,0.9999998622527481
1,1,0.02354438070909048,0.8571405992430375,0.11931502004787196
1,1,0.3805096338099633,0.6194897843176054,5.818724313797814e-07
0,0,0.9082844967311644,0.09171549270300629,1.0565829414243773e-08
1,0,0.6485421256180037,0.35145217208128915,5.70230070705157e-06
1,1,0.3612726191497822,0.6387218919464372,5.488903780509939e-06
1,1,0.16211293278610542,0.8378787524469162,8.314766978329231e-06
0,0,0.9050669514321015,0.09493304726458163,1.3033167908097864e-09
1,1,0.02629126123008019,0.9703880588761519,0.0033206798937680145
1,0,0.883149078194674,0.11683199367917589,1.892812615007965e-05
1,1,0.029843150459415217,0.5701676430749385,0.3999892064656463
0,0,0.907559660440071,0.09243980370648987,5.358534389810014e-07
1,1,0.4013236044832192,0.5985411510854226,0.0001352444313583031
1,1,0.399299680915108,0.6006999384267293,3.8065816281067583e-07
1,0,0.5997396344897812,0.4002601350961092,2.3041410973978406e-07
0,0,0.9100202398058408,0.08997975538613558,4.808023798473882e-09
2,2,0.003954357743896103,0.44761183053267545,0.5484338117234283
1,1,0.17293529518497353,0.8270546072396259,1.0097575400531748e-05
0,0,0.6316869702579564,0.3683127077431627,3.219988809697357e-07
1,1,0.22395072062099913,0.7760447875015651,4.4918774356765385e-06
0,0,0.734673131860289,0.2653267371910186,1.3094869228244497e-07
1,0,0.6849968746948517,0.31500285553322027,2.697719281096297e-07
1,1,0.33133505215251763,0.6686613179613705,3.629886111963955e-06
1,1,0.2109278422423175,0.789032557452207,3.960030547550728e-05
1,0,0.822872042723262,0.17712740251400114,5.547627369070635e-07
1,1,0.01601689624252245,0.983928864459049,5.423929842841557e-05
1,1,0.24597273858593915,0.7540252497973393,2.0116167215187123e-06
1,1,0.15671250456844935,0.843223612684112,6.388274743881578e-05
0,0,0.7436351653589155,0.256357653841912,7.180799172509436e-06
0,0,0.9088308378649084,0.09116916173468952,4.0040198302043384e-10
1,2,0.0023082023802775994,0.2456250974152198,0.7520667002045026
1,1,0.3469269118825395,0.6530725643620664,5.237553941258203e-07
1,0,0.9245524537747916,0.07544683021392948,7.160112790399046e-07
0,0,0.8241306899805865,0.17586903646091134,2.7355850212379396e-07
0,0,0.7289740186786632,0.27102516691402945,8.144073074620335e-07
0,0,0.7025585795132514,0.2974410307280955,3.8975865306527617e-07
1,0,0.6965542835146095,0.3034453455798848,3.7090550568350136e-07
2,2,2.7322226345156037e-07,0.02383740216570311,0.9761623246120334
0,0,0.6168749722743738,0.38312488423889635,1.4348672985733582e-07
1,1,0.020885412614710094,0.9789540898977321,0.00016049748755777603
0,0,0.9999643415509064,3.562640376096005e-05,3.204533262757594e-08
0,0,0.7844447437280674,0.2155551866510984,6.962083442519593e-08
1,1,0.4033683432969335,0.5966188668269324,1.2789876134039385e-05
1,1,0.37220687118591383,0.6277651125744383,2.8016239647700658e-05
1,1,0.2750166695483891,0.7249796526058719,3.677845738972198e-06
2,2,0.0004379793947144774,0.05625557989410287,0.9433064407111826
1,1,0.24260035218818585,0.757392365983065,7.28182874914943e-06
0,0,0.7956839407584505,0.20431600613251016,5.31090392918837e-08
1,1,0.3164815669968139,0.6835147728819797,3.660121206353489e-06
1,1,0.013861698471831635,0.7748020086916539,0.21133629283651442
1,1,0.03235364155068997,0.9675871360131261,5.922243618406546e-05
0,1,0.4927000790076128,0.507299669393367,2.51599020265275e-07
1,0,0.5162163064602312,0.4837703557918243,1.333774794459211e-05
0,1,0.3956408888572028,0.6043527852941781,6.325848619222264e-06
1,1,0.17914000768691044,0.8208538543086127,6.138004476726086e-06
1,1,0.16031489860253378,0.8396737490453029,1.13523521633077e-05
0,0,0.9757924791591612,0.024207496450427708,2.4390411094981236e-08
1,0,0.5056205101406416,0.49437911772856236,3.721307960772222e-07
2,1,0.0838412708957714,0.9077118268750581,0.008446902229170493
1,1,0.46361257421943836,0.5363238303995583,6.359538100336245e-05
1,1,0.16371782935339438,0.836267767710369,1.4402936236579449e-05
0,0,0.7709812593793729,0.2290186371176608,1.0350296626927653e-07
1,1,0.05964953255924722,0.940301578868774,4.888857197886537e-05
1,1,0.37309424440545713,0.6269029549329439,2.8006615990351708e-06
0,0,0.9624476947523818,0.03755207210272249,2.3314489563657348e-07
1,1,0.1757352270878109,0.82415602631226,0.00010874659992902202
1,0,0.6233699673754882,0.3766239824408577,6.050183654015188e-06
0,0,0.547689912625539,0.4523086072498029,1.4801246581695691e-06
0,0,0.5175588224657949,0.4824406563495625,5.211846425900151e-07
0,1,0.045025651890288,0.9548721254914897,0.00010222261822249982
0,0,0.7148741160706966,0.2851258395689816,4.436032187799339e-08
2,2,1.4028243487618549e-08,0.04061448867329276,0.9593854972984638
1,1,0.044287023780327874,0.8670049704711839,0.08870800574848811
1,1,0.09212418484842114,0.9078200778465264,5.573730505251233e-05
1,0,0.5328703922009719,0.4671293852937228,2.2250530525898063e-07
0,1,0.039265487328908735,0.7322273920928719,0.22850712057821926
1,1,0.26774118450433276,0.7322523213381411,6.494157526191476e-06
0,0,0.9872684449936987,0.012731554614690537,3.916108286900665e-10
1,1,0.23624453477584578,0.7637500857313996,5.379492754690736e-06
1,1,0.13681969922294293,0.8631544548908473,2.5845886209752074e-05
0,1,0.39235222668310715,0.6075993379304233,4.843538646956992e-05
1,1,0.03217991931715139,0.9677516275007316,6.845318211692502e-05
2,2,5.8632611154596236e-08,0.011804429943363622,0.9881955114240252
0,0,0.6006122644208901,0.3993874399880626,2.9559104738340264e-07
1,1,0.21750141815835794,0.7824764163005474,2.2165541094691848e-05
0,0,0.8399791561575112,0.16002069910697725,1.4473551166500086e-07
1,1,0.2975499089663361,0.7024473637832633,2.727250400562946e-06
2,2,4.33715607460539e-09,0.0004820845874591654,0.9995179110753848
0,0,0.9837455346065779,0.016254456194288808,9.199133367295588e-09
1,1,0.09640533709335082,0.8881251093723116,0.015469553534337738
1,0,0.8347941296798038,0.16520581095052017,5.9369676052905484e-08
1,1,0.10998383333299656,0.8900098759259437,6.290741059622928e-06
1,1,0.008929439205929831,0.9907607116511767,0.0003098491428933791
1,0,0.7336571406018225,0.26634279871130867,6.068686880419036e-08
1,1,0.03679215846634147,0.9630358430110483,0.0001719985226103271
1,0,0.8405104607880064,0.15948896378169747,5.754302961064551e-07
0,1,0.32280644965791855,0.676992067663794,0.00020148267828743382
1,1,0.2664622245461476,0.7335173664043066,2.040904954595446e-05
1,1,0.22542187500900052,0.7745738714532184,4.253537781099156e-06
1,1,0.10898658548612679,0.8901050693946496,0.0009083451192237204
1,1,0.24290850964063726,0.757082999624384,8.490734978761913e-06
0,0,0.6530813468937221,0.3469170682247391,1.584881538923025e-06
0,0,0.6287905698456852,0.3712093483562676,8.179804734385849e-08
0,0,0.7064841323816504,0.2935140110919594,1.8565263902139554e-06
0,0,0.9597226399196648,0.040277230721074905,1.2935926013044927e-07
1,1,0.18441266164519074,0.8155390337589176,4.830459589168462e-05
0,0,0.9302534605733839,0.06974633039059386,2.0903602228899443e-07
1,1,0.061800875342563226,0.9339410673856717,0.004258057271765143
0,0,0.8004893087440911,0.19951039535533227,2.9590057665181866e-07
0,0,0.9568324732134758,0.043167411082083676,1.1570444065530423e-07
1,0,0.5579015760089775,0.4420982091107092,2.1488031330395851e-07
1,1,0.023433540482059947,0.976220604535071,0.00034585498286912635
0,0,0.8192542905309541,0.18074549740531448,2.1206373143675262e-07
1,1,0.09653981233280381,0.9031140932030668,0.00034609446412932
1,1,0.3665255714455032,0.6334739000160142,5.285384825920902e-07
2,2,3.8598117607266155e-07,0.017958853137691425,0.9820407608811326
1,1,0.1854031104912385,0.8142436980688018,0.00035319143995972386
0,0,0.737337909465135,0.2626620562864621,3.424840287068195e-08
1,1,0.12552010062251096,0.8739765239853305,0.0005033753921585161
1,1,0.19513302332603108,0.8045245946149944,0.0003423820589745426
1,0,0.7053073477091979,0.29469254106840737,1.1122239473601131e-07
0,0,0.5476308903499337,0.4523690687273007,4.092276550869254e-08
0,0,0.7890786400854019,0.2109202814966942,1.078417903971571e-06
2,2,2.7484842870959734e-10,0.0013286364218303588,0.9986713633033211
1,1,0.1631873546904206,0.8367576545928993,5.499071668009225e-05
1,1,0.22217472258595936,0.7778220064978021,3.2709162385881476e-06
0,0,0.6955848295657788,0.3044141568844385,1.0135497827205869e-06
1,1,0.128403318589494,0.871520817257375,7.586415313098347e-05
1,1,0.3400026864770831,0.6599741106063697,2.320291654734313e-05
2,2,1.1457867031505943e-05,0.301964549649389,0.6980239924835795
1,1,0.04452842944239546,0.9554286616435846,4.290891401998415e-05
0,1,0.15289097983046535,0.8471041256790267,4.894490507983618e-06
1,1,0.23983582774774082,0.7601591553766358,5.016875623407668e-06
0,0,0.5512077409087163,0.44878099614795935,1.1262943324359815e-05
0,1,0.43137727674365617,0.5686193033980362,3.4198583075229083e-06
1,1,0.07272012268857732,0.926999947009573,0.00027993030184972383
2,2,1.8189556983840028e-07,0.004686424985657796,0.9953133931187724
0,0,0.792950412333257,0.20704957604992189,1.1616821215660992e-08
1,1,5.194453704256187e-05,0.5772491954757426,0.42269885998721485
1,1,0.2517273462610932,0.7482611637664218,1.1489972485109557e-05
1,1,0.4486823729072191,0.551315060715513,2.566377267876169e-06
1,1,0.4137958665300849,0.5861685327955385,3.560067437664191e-05
1,0,0.691502209259785,0.30849609400727246,1.6967329424603735e-06
0,0,0.614673962253623,0.38532545403442886,5.837119479797233e-07
1,1,0.4435085289099506,0.5564912007560647,2.703339846477503e-07
0,1,0.45779022983515505,0.5422091759839688,5.941808761766921e-07
0,1,0.422675568789545,0.577321694962909,2.7362475460334693e-06
1,1,0.050471384668165725,0.9493939772760266,0.00013463805580785443
1,1,0.06619924194732223,0.9337928277006121,7.930352065680705e-06
0,0,0.6540708022798223,0.34592898154067075,2.161795070756483e-07
0,0,0.6293340684560509,0.37066563051184903,3.010321001026434e-07
0,0,0.6559295595921528,0.3440702275598757,2.1284797131805007e-07
0,1,0.29931611389132623,0.7006642702866467,1.961582202699977e-05
2,1,0.01467390294617007,0.5007857290073447,0.48454036804648515
0,1,0.4530586457248618,0.5469200741482961,2.1280126842034488e-05
1,1,0.03370188636688989,0.9661306545827747,0.00016745905033543182
2,2,2.0429051953920218e-07,0.010741292421841315,0.9892585032876392
1,1,0.23408100983467423,0.7659169210245079,2.069140817865495e-06
0,0,0.6908889254605818,0.30910986138073093,1.2131586872187802e-06
1,2,0.0019383070954991732,0.13575635897107874,0.8623053339334221
1,1,0.1558359849361196,0.8440743591194779,8.965594440239476e-05
0,0,0.8439035471484048,0.15609628846693885,1.6438465639960653e-07
0,1,0.33334013003473373,0.6666543775711445,5.4923941215741455e-06
1,1,0.01686557902733011,0.9046428821600855,0.07849153881258451
0,0,0.7499422539942838,0.2500576703777844,7.562793187514597e-08
1,1,0.12209947437101261,0.8766361126156685,0.0012644130133188615
0,1,0.37292953802187856,0.6269805812539099,8.988072421160095e-05
0,0,0.6451233549753369,0.35487654936636104,9.565830211563194e-08
1,1,0.033198325618577426,0.9667301936363821,7.148074504034692e-05
1,1,0.22466075294380686,0.7752950696816258,4.417737456741723e-05
0,0,0.6380274923438389,0.3619722945645448,2.1309161617061705e-07
1,1,0.0689416716346882,0.9310345978081138,2.3730557198001146e-05
0,1,0.4585033536615709,0.5414654981051111,3.11482333179938e-05
0,0,0.8772849304600498,0.12271504834006154,2.119988860483639e-08
1,1,0.338090522280699,0.6619075668489028,1.9108703981150247e-06
1,1,0.07462752311991219,0.9143812952814646,0.010991181598623157
1,1,0.06535614624428412,0.9339378292084691,0.0007060245472468665
1,1,0.08216182621153269,0.9144582440403469,0.0033799297481204803
0,0,0.5916266633957977,0.4083636863204026,9.650283799610408e-06
1,1,0.05053114142401279,0.9012478543931283,0.048221004182859004
0,0,0.9241309343482965,0.07586905540294676,1.0248756705429125e-08
0,0,0.7384101099846098,0.26158983606697767,5.394841245853081e-08
2,2,4.5320368246602065e-14,2.1874953805836637e-05,0.9999781250461488
0,1,0.26269858994366757,0.7372896380855823,1.177197075020879e-05
0,0,0.8999278659835894,0.10007208802883563,4.5987574911885487e-08
1,1,0.34837807206367133,0.6515858519004155,3.6076035913156744e-05
0,1,0.35584099632273153,0.6441586805591757,3.231180927552619e-07
0,0,0.9899828852066447,0.010017111605667204,3.187687980549163e-09
1,1,0.16059884519087814,0.8393933174065921,7.837402529699336e-06
0,1,0.09661187454905193,0.8800378398375739,0.023350285613374103
0,0,0.7782243854172454,0.22177557535962034,3.922313439629051e-08
1,1,0.040823085795778154,0.9581417272488768,0.001035186955344927
1,1,0.041829352447861214,0.8033685719627893,0.1548020755893493
1,1,0.18671252621486498,0.8132836976611612,3.7761239737464717e-06
0,1,0.44295287122314153,0.5570458240306684,1.3047461900096856e-06
1,1,0.2720555542038169,0.7279391546987145,5.291097468637219e-06
1,0,0.7808673828957083,0.21913243114474606,1.8595954539298016e-07
1,1,0.09286948769368487,0.9001313682562988,0.0069991440500163735
1,1,0.19829293097891756,0.8016774494952588,2.9619525823808444e-05
0,0,0.6642611513368364,0.3357387947708125,5.389235111794429e-08
0,1,0.24998782385178236,0.7495815936191261,0.0004305825290914747
1,1,0.22157457345208795,0.7784191503677614,6.2761801505385575e-06
0,1,0.27823480466719636,0.7216192888282076,0.00014590650459598284
1,1,0.32688179982843474,0.6730194232071396,9.877696442563949e-05
1,1,0.20069364196228895,0.7992827742043449,2.3583833366185133e-05
1,1,0.07324739971271021,0.9267228799142962,2.972037299343327e-05
1,1,0.4039016455301016,0.5960257403628065,7.26141070919315e-05
1,1,0.10913040445151255,0.8908257735853081,4.3821963179308344e-05
1,1,0.00018559072861387194,0.9676882902209678,0.03212611905041825
1,1,0.20874527076793287,0.7912174289259496,3.730030611766251e-05
0,0,0.769205937784048,0.23079405521173868,7.004213397207296e-09
0,1,0.05623783374921975,0.9240384130824231,0.019723753168357245
0,0,0.9278787276713737,0.07212125309855727,1.9230068943175286e-08
1,0,0.5844352577512384,0.41556466287411337,7.937464816292826e-08
0,0,0.8191045352374392,0.18089469276039766,7.720021633141916e-07
0,0,0.9408494648759065,0.05915051128978837,2.3834305011848146e-08
0,0,0.8365652985545349,0.16343469662266258,4.822802415867555e-09
0,0,0.9358184524881641,0.06418154518396246,2.3278734510944137e-09
1,1,0.03607139855061801,0.9639014802519791,2.7121197402922205e-05
0,0,0.8565631352228255,0.14343671269387867,1.5208329583531942e-07
1,1,0.26947239302255677,0.7304940269910455,3.357998639769313e-05
0,1,0.37395081807745034,0.625902916567413,0.0001462653551365519
0,0,0.5905251113770101,0.40947454829233404,3.4033065576446425e-07
1,1,0.11356467681970699,0.8862483359306259,0.00018698724966711075
1,1,0.02471033051273101,0.9751710008538205,0.00011866863344839271
1,1,0.2555976616173986,0.7443997258874583,2.6124951429746926e-06
0,0,0.5530697200414203,0.44692933315549943,9.468030802324392e-07
0,0,0.6384291446111664,0.3615708360891833,1.9299650408879356e-08
1,1,0.043842453957030805,0.9561215772750568,3.596876791242462e-05
1,0,0.7063231594955279,0.2936765488629934,2.916414787063476e-07
1,1,0.4002161449705782,0.5997752834153007,8.571614121077689e-06
0,1,0.14334188636943354,0.8566452671759809,1.284645458556813e-05
2,2,2.6380581451118583e-08,0.0043365550188477,0.995663418600571
1,1,0.4044970359348139,0.5954117173285068,9.124673667930352e-05
0,1,0.08441739047474241,0.915319131517147,0.00026347800811042914
1,1,0.34606707247446844,0.6538057687873174,0.00012715873821412497
1,1,0.346530247683777,0.6534670062645651,2.746051657993344e-06
1,0,0.7472264882344606,0.252773350537048,1.612284913127808e-07
1,1,0.09690018812718743,0.9030714000366175,2.8411836194991684e-05
1,1,0.4763066687941787,0.5236677757035688,2.5555502252456342e-05
1,1,0.24467435815593908,0.755276820495965,4.8821348095852475e-05
1,1,0.16751241636300296,0.8324740508140522,1.3532822944838907e-05
0,0,0.7539768641616502,0.24602302510088897,1.107374608176339e-07
2,2,1.0674470658540056e-05,0.10861953072902127,0.8913697948003203
1,1,0.44235064890349757,0.5575958438112003,5.350728530206082e-05
2,2,6.652263461224102e-10,0.008242898459979407,0.9917571008747943
1,1,0.04484048205378539,0.954996604313546,0.000162913632668622
1,1,0.10509346073223784,0.894890570484763,1.5968782999094504e-05
1,1,0.014763172594594408,0.8107332322795485,0.17450359512585698
0,1,0.13122332601070905,0.8687065948309497,7.007915834120914e-05
0,0,0.677082721632292,0.3229168149900554,4.633776526193559e-07
1,1,0.054702676371892696,0.9449944330802289,0.00030289054787845825
1,1,0.10556090648727534,0.8944218762221353,1.7217290589307027e-05
1,1,0.1298231357832906,0.8701657317460366,1.1132470672707546e-05
1,1,0.059786230542297716,0.9401766651806205,3.71042770818585e-05
0,1,0.38137175576800686,0.6186275238897594,7.203422337434461e-07
1,1,0.3265052255159485,0.6734930151429633,1.7593410881992721e-06
1,1,0.08566008942285437,0.8978718153520102,0.016468095225135412
1,1,0.15713687524573852,0.8428434826905957,1.964206366581548e-05
0,0,0.8508735029866689,0.1491264928522126,4.16111839285664e-09
1,1,0.05135925452846999,0.9486077805904787,3.296488105139447e-05
0,0,0.7941390206570337,0.20586095407895771,2.526400869151672e-08
0,1,0.4843601392659461,0.5156379779578683,1.8827761856023873e-06
0,1,0.4432262117642839,0.5567736693879605,1.1884775573583297e-07
1,1,0.005377143923231065,0.9939146335119085,0.0007082225648605109
0,0,0.9033110818779534,0.09668819613225729,7.219897892959218e-07
1,0,0.5282578261629369,0.4717406335688052,1.5402682579856732e-06
0,0,0.8226669666077019,0.1773329480015346,8.539076370949154e-08
1,1,0.05550477406409484,0.9442151130474947,0.00028011288841041306
0,0,0.7285679670634699,0.2714310514158653,9.81520664718322e-07
1,1,0.09835121754001093,0.8993013395621674,0.002347442897821704
1,1,0.4966823699287945,0.5033163899590428,1.2401121626872938e-06
1,1,0.16355472900002743,0.8363483160733783,9.695492659422745e-05
0,0,0.8000429210944822,0.1999570424866227,3.641889503942173e-08
1,1,0.16117739738678993,0.8388075097894356,1.5092823774407828e-05
0,0,0.5540187992493618,0.44598092761318775,2.73137450444012e-07
2,2,0.0103782748595515,0.4422279590327251,0.5473937661077234
1,0,0.5457078324976545,0.45429174559862434,4.219037210327062e-07
1,1,0.15199110249601513,0.8479485859572314,6.031154675342078e-05
1,1,0.22518315961433338,0.7748117858672597,5.054518407015917e-06
0,1,0.4205129084473846,0.579486164740879,9.268117362564657e-07
1,1,0.221342083768882,0.7786364579600871,2.1458271030907864e-05
1,1,0.08484277312865171,0.914867982425518,0.0002892444458302826
0,0,0.9599821427203722,0.04001783636065566,2.0918972038564055e-08
0,1,0.16998973699370734,0.8300001951321602,1.006787413239128e-05
0,0,0.6712644336907775,0.3287344651159616,1.1011932608653962e-06
0,0,0.8227956310305442,0.17720423234636665,1.3662308917523926e-07
0,0,0.945681111138545,0.054318885146910544,3.714544316885421e-09
1,1,0.10706578325359019,0.8929201777495998,1.4038996810074607e-05
1,1,0.03890297150528875,0.9172311068240468,0.04386592167066436
1,1,0.21014480248529943,0.7898527938255879,2.403689112559609e-06
0,0,0.5042582672707243,0.49573913821514703,2.594514128697731e-06
1,1,0.21980231996815114,0.7801930876683902,4.592363458515212e-06
0,1,0.3546076036098643,0.6451985248863867,0.00019387150374889823
1,0,0.8726094026842706,0.1273905804297571,1.6885972378826222e-08
1,1,0.19317579808552787,0.8067761627741965,4.803914027560281e-05
2,2,1.1987032128750404e-06,0.04525164512680671,0.9547471561699804
0,0,0.9922714219242553,0.007728574238488114,3.837256736527748e-09
1,1,0.004859562627670431,0.5030490872701263,0.4920913501022032
1,0,0.8596367155871045,0.1403632455240685,3.888882703348692e-08
0,0,0.5340373063055399,0.4659622987105561,3.949839040038928e-07
0,1,0.24242404183838753,0.7574089128754998,0.00016704528611271192
0,0,0.8375786311956107,0.16242080279453608,5.660098532545161e-07
0,0,0.7642738201282545,0.23572615788598092,2.1985764363659253e-08
1,0,0.5955256938396769,0.4044276821121143,4.662404820869349e-05
0,1,0.45992153989982765,0.5400782061606356,2.539395366745925e-07
0,0,0.9655183117594487,0.03448107381994039,6.144206108535566e-07
1,1,0.06262783303738655,0.9373548956907283,1.727127188511358e-05
0,1,0.3488095038553935,0.6511899283705038,5.677741026547474e-07
0,0,0.8022708956794891,0.19772908970873773,1.4611773127775938e-08
1,1,0.012614616389311184,0.9871649739400514,0.00022040967063729656
2,2,1.1025033036941196e-13,7.709296549481092e-09,0.9999999922905932
1,0,0.6015482683993704,0.3984516633615686,6.82390611569891e-08
1,1,0.23841688937926125,0.7612855102072689,0.00029760041346982345
2,2,6.389482298133296e-09,0.002130126114028376,0.9978698674964894
1,0,0.6783948502349746,0.3216050160705239,1.3369450163089552e-07
1,1,0.04639075724105442,0.9534764621801455,0.00013278057880009662
0,0,0.8468920726547273,0.15310648266321134,1.444682061367839e-06
0,0,0.5208692677094068,0.4791291769992707,1.555291322542166e-06
0,0,0.8345257085292852,0.1654728257589072,1.465711807495354e-06
1,1,0.18199877973318596,0.8179933348721254,7.8853946885481e-06
0,1,0.16936311897554468,0.8306288850844497,7.995940005645119e-06
1,0,0.5203491516233415,0.479645155005413,5.693371245516846e-06
1,1,0.1462251432175728,0.8537488121987827,2.6044583644465436e-05
0,0,0.6984850107937637,0.3015149396177477,4.958848857141811e-08
1,1,0.13161632173896687,0.8396255836305998,0.02875809463043349
0,0,0.8024091439592804,0.19758585953841024,4.9965023093232855e-06
1,1,0.06853262347597217,0.931426538944136,4.083757989191442e-05
1,1,0.05654612287844636,0.9434220935032189,3.178361833466363e-05
0,1,0.10740292420248572,0.8925349227977016,6.215299981252205e-05
0,1,0.36822331278908627,0.6317118546598701,6.483255104357431e-05
0,0,0.6043050014112781,0.39569208297756653,2.915611155371696e-06
0,1,0.49791337927033996,0.5020849088023877,1.7119272724031914e-06
1,1,0.3803947555650551,0.6195539185852547,5.1325849690436094e-05
1,1,0.1283145573624046,0.8699440617369081,0.0017413809006872735
0,0,0.8527056605501798,0.14729431464556045,2.4804259693578213e-08
0,0,0.9611520447159178,0.038847870956131396,8.432795091841017e-08
0,0,0.9732043836212334,0.02679560529771643,1.1081049992137984e-08
0,0,0.704929927082982,0.2950694179533909,6.549636271234519e-07
0,0,0.6700507809706463,0.3299491911827903,2.784656328522595e-08
0,0,0.9706319380950237,0.029368020275107994,4.162986814693315e-08
0,0,0.945708166752199,0.05429177411069316,5.91371079856902e-08
1,0,0.8494200838242842,0.15057980959661132,1.0657910446409283e-07
0,0,0.6600981683148652,0.3399001028801851,1.728804949603302e-06
0,0,0.9848550310302672,0.015144963963183378,5.006549457300721e-09
0,0,0.8483731107413655,0.15162688665059829,2.608036314016233e-09
0,0,0.7936589627723288,0.20634102885607142,8.371599799342226e-09
0,0,0.892026744491204,0.10797325057673418,4.932061666147315e-09
1,1,0.22139289359304237,0.7785950200533167,1.2086353640864564e-05
0,0,0.7482517414450478,0.2517482555948746,2.960077486725509e-09
0,0,0.9792694004413588,0.020730577696097284,2.1862543774660618e-08
1,1,0.26820093275443935,0.731754139053121,4.492819243956168e-05
1,0,0.534622096933831,0.4653164084567842,6.149460938473602e-05
1,1,0.011658689197217569,0.9881036875596814,0.00023762324310107135
0,0,0.6597028532332645,0.34027323152966704,2.391523706828171e-05
0,0,0.673565063106319,0.3264242757159834,1.066117769756015e-05
0,0,0.8008591861475161,0.19914081003708523,3.81539860687448e-09
0,1,0.37002516486707576,0.629969816255701,5.018877223169494e-06
0,1,0.24742113062162796,0.7525731269500064,5.742428365555077e-06
0,0,0.7498893459519811,0.2501089631545909,1.6908934279287532e-06
0,0,0.7261042238123292,0.2738949448801101,8.313075607950779e-07
0,0,0.826158960308118,0.17384101114110595,2.855077613474666e-08
1,0,0.6780012101483059,0.3219983288996042,4.609520897257694e-07
1,0,0.8720320758500565,0.12796764168165112,2.8246829247272767e-07
1,0,0.5030221079296093,0.4969740853659721,3.8067044186627135e-06
0,0,0.7124343861086403,0.28756419452764,1.4193637196778012e-06
1,1,0.1501728792407507,0.8498165042370824,1.0616522166870677e-05
1,0,0.8089490610718534,0.1910508983493184,4.057882814030004e-08
1,0,0.6074136111644133,0.39257225170182714,1.4137133759644816e-05
1,1,0.11360124248585986,0.8863820150355456,1.6742478594631987e-05
1,1,0.0728379323924724,0.923855155902654,0.0033069117048736465
1,1,0.3359311414343314,0.6639872445248769,8.161404079171433e-05
1,0,0.6723430701573613,0.32765349985142156,3.4299912172399517e-06
1,1,0.07938608783981727,0.9205220854114816,9.182674870102629e-05
1,1,0.055293290606170525,0.8869827269093222,0.05772398248450722
0,0,0.6918242317409569,0.3081757611378718,7.121171202677549e-09
1,1,0.09451660735882812,0.9054548782423479,2.8514398824158992e-05
1,1,0.12076142770054762,0.8791933017397983,4.5270559653975966e-05
1,1,0.11688512746871639,0.8542530588419158,0.02886181368936774
0,1,0.4672275753050251,0.53277199483463,4.298603448968077e-07
1,1,0.09209152655922492,0.9078945163141594,1.3957126615624818e-05
1,1,0.4570597250266498,0.5429256999149332,1.4575058417003363e-05
1,1,0.08008508645808264,0.9196058209821317,0.0003090925597856757
0,0,0.6996849239528566,0.30031161775832454,3.458288818681814e-06
1,0,0.5978035693280428,0.40219633018855455,1.0048340252335752e-07
0,0,0.8522913938831521,0.14770858815121246,1.796563548777419e-08
0,0,0.864322690101534,0.1356743819709983,2.9279274676854434e-06
0,0,0.8035746497667053,0.1964253236784678,2.655482683929892e-08
0,0,0.838861966234129,0.1611380081929603,2.5572910619042917e-08
1,1,0.33716827109928804,0.6628303460793978,1.3828213141924105e-06
1,1,0.26830645890236554,0.7316863116080741,7.2294895604335e-06
0,1,0.3863809893355951,0.61361731657968,1.6940847248691853e-06
1,1,0.2917580639121488,0.7082404021630794,1.5339247718569369e-06
1,1,0.10919208431444305,0.8907885617648366,1.9353920720457533e-05
2,2,1.1511298117123439e-05,0.23602677692744287,0.76396171177444
0,0,0.6092240023008638,0.39077502656734997,9.711317862517738e-07
1,1,0.00840594965412892,0.5846080752545825,0.4069859750912887
0,0,0.7308934735538241,0.26910648825155215,3.819462376687264e-08
1,1,0.03395733033610567,0.9658570839451063,0.00018558571878807202
0,0,0.5977675643020062,0.4022322078249855,2.2787300826641576e-07
0,1,0.15262688917793557,0.847337638812032,3.547201003251742e-05
0,0,0.7612312949984918,0.23876786386975737,8.411317507759413e-07
0,0,0.7472888988596922,0.2527108467616031,2.543787046418688e-07
1,1,0.11610068081934817,0.8837524641199573,0.0001468550606946478
1,0,0.5820784183242568,0.4179192982911603,2.2833845829118926e-06
0,1,0.4740360801410659,0.5259637034798724,2.1637906156060957e-07
0,0,0.5639850652968851,0.4360082944913954,6.640211719507165e-06
0,0,0.8341458820062567,0.16585408335222807,3.4641515060274435e-08
1,1,0.2413890760975833,0.7584435597364371,0.00016736416597964342
0,1,0.14029947545133345,0.8596888438797646,1.1680668901917066e-05
0,1,0.4163141819182462,0.5836845352956421,1.2827861116778721e-06
1,1,0.030378257615142613,0.9695653559516197,5.6386433237646264e-05
1,0,0.6589415686543172,0.34105747768254663,9.536631361302785e-07
0,0,0.8567035754283017,0.14329633129288538,9.327881299654791e-08
1,1,0.043141980964182015,0.9568366434923449,2.1375543473228417e-05
1,1,0.27862824538175357,0.7213520078103314,1.9746807915043924e-05
1,1,0.32319613316479684,0.6768006124073606,3.2544278427702334e-06
1,1,0.3328562065955705,0.6671432489188796,5.444855500702714e-07
1,1,0.29602961933808813,0.7039687242093534,1.656452558529851e-06
1,1,0.1759639791918849,0.8240343631808518,1.6576272633019392e-06
0,1,0.481907424724104,0.5180903674759781,2.207799917903565e-06
0,1,0.38606011772782145,0.6139392490401695,6.332320090940414e-07
1,1,0.30891040554229066,0.6910848255394542,4.768918255238779e-06
0,0,0.9275410731516248,0.07245749681616673,1.430032208459101e-06
2,2,3.150058949476916e-08,0.07398734696569917,0.9260126215337112
2,2,2.283071928305655e-05,0.4000280990609617,0.5999490702197552
1,0,0.5177936094830317,0.48218308858297926,2.3301933989070965e-05
0,0,0.5926496960299215,0.4073500413789776,2.625911008755143e-07
0,1,0.4212938514246807,0.5785346653936029,0.0001714831817164526
1,1,0.01714927994088776,0.9822678130830268,0.0005829069760854111
1,1,0.303448828033565,0.6965380938832539,1.3078083181043514e-05
0,0,0.6488616812792865,0.3511383139316347,4.78907881196306e-09
1,1,0.3018608617026326,0.6981227731108154,1.6365186552051337e-05
0,0,0.8140119220446727,0.18598778180690254,2.961484248042203e-07
1,1,0.0703981416608725,0.9295902679139655,1.1590425162000425e-05
0,0,0.9857787521385497,0.014221245093439874,2.7680102699958058e-09
0,0,0.8880912017518419,0.11190872485626167,7.339189656914294e-08
1,0,0.6294103947164404,0.370588599396948,1.0058866115863802e-06
2,2,6.500582991693268e-06,0.18713791184147432,0.8128555875755339
0,0,0.8426704933483372,0.15732910257921434,4.040724485854304e-07
0,0,0.7390715476247017,0.26092843659497744,1.5780320884510386e-08
0,0,0.958392816361518,0.04160703386857029,1.497699118344237e-07
0,0,0.9828252267833292,0.017174761770479885,1.1446190935636918e-08
1,1,0.03425016945298516,0.9185967966454603,0.04715303390155445
1,1,0.04088334535003083,0.9590798874305292,3.6767219440108305e-05
1,1,0.10888631467871282,0.891076257012709,3.742830857827354e-05
0,0,0.5571684646317294,0.44282839766532106,3.1377029496094517e-06
0,0,0.6722785560740295,0.32772118463614724,2.5928982317554645e-07
0,0,0.7431100159704986,0.25688886567882563,1.1183506756326212e-06
0,1,0.49230678097479064,0.5076928297285144,3.8929669502912353e-07
0,1,0.19835018339290011,0.8012346754287468,0.0004151411783531853
1,1,0.04952992030067246,0.9197019191578464,0.030768160541481047
0,0,0.9269699958067182,0.07302997152348988,3.266979198250528e-08
1,1,0.10685082373581141,0.8929315269750012,0.0002176492891873716
0,0,0.9577117983855635,0.04228817848517518,2.3129261276621104e-08
0,0,0.5028444391273843,0.49715552201449714,3.885811848248778e-08
1,1,0.009783798549447078,0.9900352766084658,0.00018092484208718615
0,0,0.673712461248277,0.32628519538405687,2.3433676661829414e-06
1,1,0.47565426995247423,0.5243452806866953,4.493608304399972e-07
1,1,0.06133124541362136,0.9384997493685904,0.00016900521778812113
1,1,0.0936230718793748,0.9060538948284818,0.0003230332921433199
2,1,0.14563519144325235,0.7464680034598254,0.10789680509692227
2,2,6.707753147011809e-11,0.0013476373748131623,0.9986523625581093
1,1,0.16836200286923506,0.8316170676243076,2.0929506457374495e-05
0,0,0.6711409666085769,0.32885859481054613,4.3858087682326547e-07
1,1,0.03230319590961612,0.9645564100328744,0.0031403940575092377
1,0,0.5370384885723039,0.46296026590784417,1.2455198520033411e-06
1,1,0.23155456299356095,0.7684165697241426,2.8867282296431877e-05
1,1,0.09190568447020905,0.9079818657255417,0.00011244980424924007
1,1,0.006855948442161993,0.9925090987087367,0.0006349528491012932
1,1,0.06150457742487446,0.9384301580965316,6.526447859398488e-05
0,0,0.7645412385682548,0.2354581296797128,6.317520324681577e-07
1,0,0.8595875722377663,0.1404124259573434,1.8048902240342582e-09
1,1,0.038628758890063244,0.9613039883232156,6.725278672112045e-05
1,1,0.03275637189122511,0.8169337600874569,0.15030986802131804
1,1,0.37015125568065316,0.6298456239928661,3.1203264807473032e-06
1,1,0.10554650554055825,0.8854100265788902,0.0090434678805514
1,1,0.18937360222750171,0.8106202326032361,6.1651692622999966e-06
0,0,0.688249112301795,0.31174944129670856,1.446401496441465e-06
1,1,0.11377998197137892,0.8861622191706576,5.779885796341633e-05
0,0,0.9631681443732808,0.036831840036713054,1.559000612097223e-08
0,1,0.45773512555157186,0.5422645105077076,3.6394072049397175e-07
0,1,0.3722753380534702,0.6277226308752425,2.0310712873896983e-06
1,1,0.22544322707532372,0.7743264971531748,0.000230275771501467
0,0,0.7065076008915763,0.29349066720848127,1.7318999425412442e-06
1,1,0.31989486514116966,0.6799762381887069,0.00012889667012350306
0,0,0.9108663604179226,0.08913361511852072,2.446355667540997e-08
1,1,0.0975738282085302,0.9024121537736373,1.4018017832731538e-05
1,1,0.36020946178353047,0.6397874116280984,3.126588371177067e-06
1,1,0.018095687899553625,0.5770777179723566,0.40482659412808986
1,1,0.10324390183065442,0.896735733725892,2.0364443453580934e-05
0,0,0.8120107004302966,0.18798927851764963,2.1052053888504368e-08
0,1,0.11360844734245033,0.8317207911523867,0.054670761505162827
0,0,0.9180690624248883,0.08193093595815773,1.616953943602048e-09
1,1,0.34475941250977843,0.6552400202737068,5.672165148763959e-07
0,0,0.648831787195284,0.35116805740148055,1.554032354362669e-07
0,1,0.3681264867392535,0.6318715598841614,1.953376585060147e-06
1,0,0.6466328551347775,0.35336661169448336,5.33170739206411e-07
0,0,0.7439050398000502,0.2560946003600773,3.598398724627346e-07
0,0,0.944028145986848,0.055971841155044263,1.2858107812208099e-08
1,1,0.3106565219234785,0.6893296095374012,1.3868539120467233e-05
1,1,0.4219425671348211,0.5780567301135865,7.02751592375419e-07
0,1,0.14139081307814624,0.8584786458483997,0.00013054107345395597
1,1,0.4472967706511567,0.5526241051627955,7.912418604797685e-05
1,1,0.01884823539718193,0.9809924383769582,0.00015932622585997306
2,2,2.3484427245686247e-10,7.421558498974928e-05,0.999925784180166
1,1,0.1252770894725283,0.8747121549650995,1.0755562372134681e-05
1,1,0.23836575311524796,0.761605683319335,2.8563565417099613e-05
0,1,0.21631398872242333,0.783650810278283,3.520099929388311e-05
0,0,0.7260710296816956,0.27392855562395674,4.146943476592178e-07
2,2,4.520520410342526e-06,0.2568456057926029,0.7431498736869867
1,1,0.328526331708974,0.6714709365809157,2.7317101101697226e-06
1,0,0.5452504832183622,0.4547494203689289,9.641270888990022e-08
1,1,0.38692216792057366,0.6130519351990026,2.5896880423776375e-05
1,1,0.25571598111519217,0.7442658920995427,1.8126785264991787e-05
1,1,0.3412501201126902,0.6587454482728983,4.431614411565906e-06
1,1,0.3135740082247627,0.6864252158401507,7.759350865371864e-07
0,0,0.6224717329460712,0.37752805543342755,2.116205012873625e-07
1,1,0.2597283614272757,0.7402375050666529,3.413350607144801e-05
1,0,0.859977352528588,0.14002111014727034,1.537324141859706e-06
0,0,0.9005523800683178,0.09944761901504384,9.166381863746237e-10
0,0,0.8875873387453636,0.11241265948283474,1.7718017563044058e-09
1,1,0.09060384590105418,0.9090600798517414,0.0003360742472044455
1,1,0.07752877896130377,0.9221955952794458,0.00027562575925039025
1,1,0.024399941518574202,0.9721098393382372,0.0034902191431884547
1,1,0.43337105695965067,0.5665878110421149,4.113199823447411e-05
1,0,0.750887153777975,0.2491127687032641,7.751876086089861e-08
1,0,0.645906026095512,0.35409055053724137,3.423367246667169e-06
1,1,0.19279652905994688,0.8071972487392722,6.222200780912088e-06
1,1,0.13712490876736155,0.862870113223942,4.9780086965553764e-06
1,1,0.15809291998116426,0.8418872697497792,1.9810269056411318e-05
1,1,0.41512100989745726,0.5848674674013155,1.152270122729526e-05
0,0,0.7891392068274142,0.2108602792056349,5.139669506974332e-07
0,0,0.6549288026528435,0.3450710221421319,1.752050246227317e-07
2,1,0.03778047240079481,0.935142904759371,0.027076622839834103
0,0,0.8050369925999267,0.19496292064550064,8.675457268252039e-08
0,0,0.6336434782357141,0.36635461665250985,1.9051117760831483e-06
1,1,0.3621568196595888,0.6378415448344934,1.6355059177406418e-06
1,1,0.23514100507420613,0.7648510101105913,7.984815202535267e-06
0,0,0.534824581575451,0.46517496459000496,4.538345441298861e-07
0,0,0.5770835335754789,0.4229163953238116,7.110070954774837e-08
1,1,0.49626149016378,0.5037283185857581,1.0191250462032322e-05
2,1,0.0005059605726404328,0.9170442995353398,0.08244973989201974
1,1,0.08319744506645943,0.9146662921375452,0.002136262795995215
1,1,0.14261846749485316,0.8573778355582546,3.696946892168762e-06
1,1,0.08053615896095061,0.8808435774968617,0.0386202635421877
0,0,0.8883707373692216,0.1116292541632094,8.467568954661427e-09
1,0,0.688452745321324,0.31154632110147945,9.335771965368678e-07
0,1,0.24823320770507232,0.7517616051717634,5.187123164350317e-06
0,0,0.8407219854374346,0.15927799463157888,1.9930986439043276e-08
0,1,0.273011324455211,0.7269666079789354,2.206756585347281e-05
1,0,0.7014031926648217,0.2985966740866048,1.3324857350079475e-07
0,0,0.9211963081131845,0.0788036897123105,2.174505019414777e-09
0,0,0.8572775786965984,0.14272201982232996,4.014810716843653e-07
1,0,0.7400633406665891,0.259936368599762,2.907336488922e-07
0,1,0.1955945375625458,0.8043963089445725,9.153492881740249e-06
0,0,0.8989086394759392,0.10109133952922644,2.0994834424268762e-08
1,1,0.005803041361507122,0.5399198030633982,0.45427715557509474
1,1,0.10693109849990078,0.8892041365946122,0.0038647649054872222
0,0,0.8430423925714655,0.15695755292088104,5.450765337725175e-08
0,0,0.654834337743459,0.3451650073671972,6.548893438302504e-07
1,1,0.2112381016044973,0.788748511914453,1.3386481049475631e-05
1,1,0.20562837026608355,0.7943648430047198,6.7867291967355365e-06
1,1,0.16013418890011955,0.8398573204540598,8.490645820698586e-06
1,0,0.5564338157743012,0.44356593642440917,2.47801289747743e-07
2,2,7.299344075188999e-08,0.009920183558788181,0.9900797434477712
0,1,0.4470411711243283,0.5529570238358454,1.8050398263028995e-06
1,1,0.09231333458425868,0.9076772111757838,9.4542399574937e-06
1,1,0.35217948959224776,0.6477763960678544,4.411433989777247e-05
1,1,0.039882369559295305,0.9600609296730158,5.670076768881981e-05
2,2,1.6538264058148357e-10,3.800579543519002e-05,0.9999619940391821
1,1,0.25860518263218907,0.7413892103642505,5.60700356045435e-06
1,1,0.4055858161654803,0.5944032614954781,1.0922339041566797e-05
1,1,0.04603967008555637,0.9538359688449222,0.00012436106952165178
2,2,0.00011281140902095404,0.018521371512015928,0.9813658170789631
0,0,0.7226490520640186,0.2773507466780481,2.012579332240889e-07
1,1,0.017796204780376274,0.9821127987559409,9.099646368283835e-05
0,0,0.9141255928638625,0.08587435128093733,5.585520029711937e-08
1,1,0.09617063494689211,0.9004192345405853,0.003410130512522684
1,1,0.14681999490580347,0.8520922762643024,0.001087728829894001
1,0,0.5089008189302002,0.49109883544752,3.4562227978595123e-07
2,2,3.822910873978247e-10,0.010605254803244778,0.9893947448144642
2,2,0.0005321881579734677,0.09234085892070952,0.9071269529213171
0,0,0.6332571038194336,0.36674277065423794,1.2552632853534391e-07
1,1,0.19363439271059676,0.8063475913175779,1.801597182536529e-05
0,1,0.46900049486470474,0.5309984167287926,1.0884065027175014e-06
0,1,0.3312460991481652,0.6687477239659853,6.176885849559385e-06
1,1,0.019535358486201197,0.9769870168649932,0.003477624648805746
1,1,0.11821288251385809,0.8817242546238343,6.286286230761401e-05
0,0,0.6915339948330576,0.30846582250983895,1.8265710352224906e-07
1,1,0.4452072823188734,0.5547420722208436,5.064546028287787e-05
1,1,0.3760185058219038,0.623979840432066,1.6537460302600061e-06
1,1,0.23481437756509457,0.7651803994313876,5.223003517919271e-06
1,0,0.8079970101471594,0.19200246811492078,5.217379198585456e-07
0,1,0.2972962842096568,0.7026799876120455,2.3728178297713068e-05
2,2,4.480779786310803e-07,0.04254179633144934,0.957457755590572
0,0,0.7331050150455235,0.266894971822656,1.3131820585936487e-08
0,0,0.8266360964278632,0.17336379962580115,1.0394633562401426e-07
1,1,0.23436671863130057,0.7656311796219472,2.10174675221791e-06
0,0,0.6072032033696991,0.39279563532559275,1.1613047080625059e-06
0,0,0.5360720520582086,0.4639189653589273,8.982582864069479e-06
1,1,0.30141592178753235,0.6985824462527629,1.6319597046969276e-06
0,0,0.8516206619372666,0.14837931116621714,2.6896516213174073e-08
0,0,0.93997111648561,0.060028655737321614,2.277770684846438e-07
1,1,0.17988844383677485,0.8201101546218055,1.40154141957198e-06
1,1,0.14090089462022215,0.8590767346395252,2.237074025272412e-05
1,1,0.2836317830882853,0.710168507074243,0.006199709837471741
0,0,0.6550146975008835,0.34498507278767937,2.297114371404384e-07
1,1,0.2999484723013611,0.70004834438271,3.183315928957158e-06
1,1,0.03193847433516106,0.9680129977907673,4.8527874071610987e-05
1,1,0.136688362505199,0.857928817734527,0.005382819760273993
1,1,0.3076794926611168,0.692312015366112,8.491972771323427e-06
1,1,0.2335470706427543,0.7663647565382566,8.817281898906627e-05
1,0,0.7187878811663235,0.2812117002331455,4.186005309637623e-07
0,0,0.761468619675935,0.2385311683364223,2.1198764268279083e-07
1,1,0.143405486409512,0.8559189864545323,0.0006755271359557597
1,0,0.7962352903214447,0.2037647021286554,7.549899884790823e-09
1,1,0.054597824137988075,0.9452129329720715,0.00018924288994032423
1,1,0.12285209468467272,0.8655312455046501,0.01161665981067725
0,0,0.8133581495212401,0.1866418473455323,3.1332276223343232e-09
1,1,0.430603283219372,0.5693949007145932,1.8160660348414939e-06
1,1,0.09164554925390729,0.908224872615229,0.00012957813086359862
0,0,0.8874325552301332,0.1125674411708151,3.5990515932046178e-09
1,1,0.08835588283584088,0.9109791719412453,0.0006649452229138069
0,1,0.30030119503944713,0.6996975797117058,1.2252488472643818e-06
1,1,0.27212630725533427,0.7278721305709053,1.5621737604131276e-06
0,0,0.9078579736461941,0.09214202301041875,3.343387000747035e-09
1,1,0.02832473961143968,0.9716171157005091,5.814468805108559e-05
0,0,0.7731860504103455,0.22681377811693984,1.7147271464894888e-07
1,1,0.31974539916444167,0.6801690200330799,8.558080247849878e-05
0,0,0.7893524932322475,0.21064738130424926,1.254635032471964e-07
2,2,6.446052765734923e-13,6.427741630292504e-08,0.999999935721939
1,1,0.25329857298065217,0.7467003463222932,1.0806970545349756e-06
1,0,0.9196775252210506,0.08032246264169177,1.2137257606370216e-08
1,1,0.044313550283268846,0.955657018467291,2.9431249440034193e-05
0,1,0.4337529794397889,0.5662022370758528,4.478348435833279e-05
1,0,0.6452938590451904,0.3547059301932,2.1076160965028983e-07
1,0,0.6335248149563258,0.3664749677105881,2.1733308604181653e-07
1,1,0.08547689607061752,0.9144744281822903,4.867574709208408e-05
1,0,0.6880376604635177,0.31196216361959367,1.7591688863181065e-07
0,1,0.02575494680980796,0.7756740243402319,0.19857102884996028
1,1,0.3860403209562675,0.6139535182529986,6.160790733793557e-06
1,1,0.023859820341947235,0.9756707730065901,0.0004694066514626244
1,1,0.14886776003664223,0.8511217549767117,1.048498664605564e-05
0,0,0.7748771518187213,0.22512274993302242,9.824825612101296e-08
0,0,0.8348892863611688,0.16510681057240503,3.903066426249226e-06
0,1,0.42809692165592245,0.5719012445160575,1.833828020128309e-06
1,1,0.1272765397078903,0.8726606149864355,6.284530567418055e-05
1,1,0.24752321618204187,0.7524062079672135,7.0575850744658e-05
1,1,0.07653718765444947,0.9224844128387159,0.0009783995068345483
0,1,0.3162714798882697,0.6836978200119158,3.0700099814525745e-05
0,0,0.6328478212783148,0.3671519727418981,2.0597978691827635e-07
0,1,0.3616420691292621,0.6383506443950894,7.286475648473614e-06
1,1,0.27968194141285696,0.7201905559210642,0.00012750266607882476
2,2,1.7332944715754056e-08,0.052566406588956824,0.9474335760780984
1,1,0.31629936816333604,0.6836261239241356,7.450791252835537e-05
0,0,0.7446954265982425,0.25529078318954534,1.3790212212035544e-05
1,1,0.41465599817443854,0.5853401118071769,3.890018384583476e-06
1,1,0.18478348347198964,0.8152155041785328,1.0123494775236746e-06
1,0,0.7413177180773255,0.25868022882338143,2.053099293047535e-06
1,1,0.10881064562390103,0.8911648072998466,2.4547076252261298e-05
0,0,0.6705432751836417,0.3294565243575887,2.0045876969163604e-07
1,1,0.41560431563117034,0.5843835168538678,1.2167514961910508e-05
0,0,0.5561747675878244,0.44382086123738274,4.371174792898228e-06
1,0,0.8333922642427586,0.16660768048583954,5.527140193079748e-08
0,0,0.5756178528390838,0.42438195997182615,1.871890899756382e-07
0,0,0.9085506822028074,0.09144882415642977,4.936407629233239e-07
0,0,0.9264197915873791,0.0735797188726555,4.895399654867961e-07
2,2,0.0073266239851240535,0.25422691787950863,0.7384464581353672
0,1,0.49907413443182874,0.5009244237951377,1.4417730335096917e-06
0,0,0.9163577595760136,0.08363896911082795,3.2713131584289663e-06
1,0,0.6064920991643423,0.3935046724398066,3.2283958509969284e-06
1,0,0.7494555378520352,0.2505444368415275,2.530643723316098e-08
1,1,0.48092484372994476,0.5190742557662508,9.005038044805838e-07
0,0,0.8793670624331903,0.12063289050443377,4.7062375852948915e-08
0,0,0.8737565219031879,0.1262434625037672,1.5593044942920154e-08
1,1,0.3905871078776234,0.6094062343177398,6.657804636651198e-06
0,0,0.9943031637598032,0.005696835500187619,7.400092908102579e-10
1,1,0.049444373185642695,0.950471297695809,8.432911854842734e-05
0,1,0.3369749359652889,0.6628405678835461,0.00018449615116506953
1,1,0.19707206098357194,0.8029145409449943,1.3398071433973726e-05
1,1,0.20629047435004977,0.7937018602736852,7.665376265087518e-06
0,1,0.28418663393232757,0.7157872281448943,2.6137922778147782e-05
2,2,3.9125219252827385e-08,0.04875915441210219,0.9512408064626785
1,1,0.06743280349207857,0.9040114720843515,0.028555724423569958
0,0,0.6861030941282859,0.3138956686016174,1.2372700965917734e-06
2,2,1.526751654984298e-13,1.1800238480847513e-08,0.9999999881996088
0,1,0.4352945273566537,0.564583630365477,0.00012184227786937755
2,1,0.045660707153503025,0.8855348520224802,0.06880444082401674
0,1,0.32273993598412926,0.6772495756974601,1.0488318410751511e-05
1,0,0.7229399919782319,0.27705960221552145,4.058062466742155e-07
2,2,9.422427853703862e-07,0.03305877288066726,0.9669402848765474
1,0,0.8847598972009554,0.11524008617345283,1.662559178798629e-08
1,1,0.09403530508799457,0.905957109899391,7.585012614509304e-06
1,1,0.03968582329924961,0.96025372784066,6.044886009046003e-05
0,0,0.8081471672752247,0.19185280549304728,2.723172800744069e-08
2,2,0.008313634580956013,0.3751891599628341,0.6164972054562098
1,1,7.882417292815686e-05,0.7485543358789915,0.25136683994808035
1,0,0.6763059550949293,0.3236937616844517,2.832206190310954e-07
1,1,0.313685205974983,0.6863018749710049,1.2919054012080088e-05
0,1,0.46906398264396126,0.5309359643403626,5.3015676105935247e-08
0,0,0.5807817476271321,0.4192173358098655,9.165630023341384e-07
1,1,0.0731782572026522,0.9268025638945143,1.9178902833564394e-05
0,0,0.5699780313411928,0.43002060819156324,1.3604672439350829e-06
1,1,0.16862346973890552,0.8266468518337514,0.004729678427343186
0,1,0.4278843617378856,0.5721136514082532,1.986853861228791e-06
1,1,0.13260622965273638,0.8673881419916255,5.628355638102022e-06
1,1,0.16226601641832739,0.8377252394965008,8.74408517182726e-06
1,1,0.06984825786109441,0.9301325372274922,1.9204911413452553e-05
1,1,0.330076100383721,0.669874226232494,4.9673383785062856e-05
0,1,0.4128190505708138,0.5871317484162248,4.9201012961347096e-05
1,0,0.6376116287637422,0.36238831923696135,5.1999296381771715e-08
1,0,0.5357983346280868,0.4641826913111145,1.8974060798669777e-05
0,0,0.6391507243243167,0.3608482744195182,1.0012561651294834e-06
1,1,0.18773093281847697,0.8120105530481188,0.0002585141334041996
2,2,0.0010071943684802885,0.11856484747748872,0.880427958154031
0,0,0.8622083852521031,0.1377915991542135,1.559368330845026e-08
1,1,0.25140722046637864,0.7485779905763987,1.4788957222564786e-05
0,1,0.34974845934235516,0.6502493721907112,2.1684669336338046e-06
0,0,0.848558896840319,0.15144107780088079,2.535880015405734e-08
1,1,0.0773726983255649,0.9056935223159333,0.016933779358501967
1,1,0.29305845875532693,0.7069214811036753,2.0060140997840527e-05
1,2,7.0878471816975105e-06,0.14202629340606246,0.857966618746756
0,0,0.6855086772004433,0.31449119245027274,1.3034928389077385e-07
1,1,0.396336222240044,0.6036598719036429,3.90585631312637e-06
1,0,0.5984941100062786,0.4015057295819686,1.6041175278704972e-07
1,1,0.08552768789476392,0.9144192606335511,5.3051471684950244e-05
0,1,0.3894038531550086,0.6105951319847832,1.014860208375798e-06
1,0,0.5035682871398596,0.496431535996252,1.7686388847912033e-07
0,1,0.1526653330299605,0.8459428774661383,0.0013917895039012064
0,0,0.9705139984024709,0.029485965642099498,3.595542957260127e-08
1,1,0.11443208580424982,0.8854808355696884,8.7078626061675e-05
1,1,0.18972536790421113,0.8102086670081048,6.596508768402437e-05
1,1,0.24015394498482315,0.7598387000701742,7.354945002760486e-06
0,0,0.58772205428014,0.4122771471340749,7.985857850861694e-07
0,1,0.440318061956165,0.5596234964028691,5.844164096585334e-05
1,1,0.12363846266248175,0.8763550171834963,6.52015402206521e-06
0,0,0.696639082730503,0.3033608508293471,6.644014982286169e-08
0,0,0.852229595808939,0.14777031681578134,8.737527977395875e-08
2,2,2.9685923441980206e-06,0.13145618563422465,0.8685408457734313
1,1,0.3614749816162429,0.6385233480264831,1.6703572739615108e-06
1,1,0.33446442856323766,0.6655337282645956,1.8431721666650386e-06
0,0,0.8108290891199565,0.1891708391786437,7.17013997061778e-08
0,0,0.6161784352217713,0.38382143869726754,1.2608096113579444e-07
0,1,0.30907327831659115,0.6909227637428577,3.957940551132444e-06
1,1,0.03111130013168845,0.968644373785825,0.0002443260824864467
0,0,0.814889265659915,0.1851101087376974,6.256023875542472e-07
2,2,4.1801354088262526e-08,0.00264364153352381,0.9973563166651223
1,1,0.16673911330149893,0.833253854507044,7.0321914569651505e-06
0,0,0.7614380461465194,0.2385593493806963,2.6044727842692016e-06
1,1,0.4621443470699562,0.537855442996671,2.099333728872808e-07
1,1,0.04142833453366551,0.907367857127874,0.05120380833846056
1,1,0.4566984105505058,0.5432969278861977,4.661563296534366e-06
0,1,0.36088525042690095,0.639029971089314,8.477848378490236e-05
2,2,2.352681605310797e-08,0.049512533686586806,0.9504874427865972
0,0,0.6249392321599796,0.37506069859806496,6.924195549575154e-08
2,1,1.4613935244990797e-05,0.5059856520914239,0.49399973397333113
1,1,0.06417855199783865,0.9287607850520455,0.007060662950115927
0,0,0.5776658896616688,0.42233397548024243,1.348580887742935e-07
2,2,2.1830331657878254e-06,0.08239263214289415,0.91760518482394
1,0,0.8711143109934033,0.128885679677123,9.329473684858081e-09
1,2,1.0058458833341412e-05,0.43002750253285393,0.5699624390083127
0,0,0.6180832036438916,0.38191668088557507,1.1547053338016702e-07
0,0,0.549174761508723,0.45078819033877376,3.7048152503209925e-05
0,1,0.15148482854602452,0.8484746302777669,4.054117620861663e-05
2,2,0.00395759108003562,0.22233715587544423,0.7737052530445202
0,0,0.9344186956974828,0.06558110008407397,2.0421844317201275e-07
2,2,0.001274374408000965,0.1008759959711438,0.8978496296208552
0,0,0.7973661673470407,0.20263377759606302,5.5056896163358696e-08
1,1,0.26708996174060173,0.7328964245731582,1.3613686239989669e-05
1,1,0.436663808998406,0.5633331271734765,3.0638281174002587e-06
0,1,0.07726867909132919,0.9226058106580428,0.00012551025062814238
1,1,0.02074933040544784,0.9790741184071452,0.00017655118740682955
1,1,0.08059328484720199,0.9182618906696636,0.0011448244831343075
2,2,2.512607460506818e-10,0.002446477908699559,0.9975535218400398
0,0,0.741665977195994,0.2583340166877736,6.116232253038328e-09
1,0,0.6603240527213963,0.33967580828676425,1.3899183948591422e-07
1,1,0.47260861148318045,0.5273913316404213,5.6876398188243636e-08
1,0,0.8336381862086142,0.1663617298671941,8.39241916872957e-08
0,1,0.4820624474718067,0.5179373998582626,1.5266993068682263e-07
1,1,0.46247614977739504,0.5375232009178396,6.493047654397928e-07
0,0,0.7124947336378505,0.2875052284076975,3.7954451976027315e-08
1,1,0.1075299397689776,0.8924688469473004,1.2132837219254271e-06
1,1,0.2921758933002674,0.707821877210067,2.229489665701446e-06
1,2,5.418880073030559e-06,0.11970398565188127,0.8802905954680457
0,0,0.6948321517928634,0.30516511509231536,2.733114821310317e-06
1,1,0.1996888807081461,0.8002970253204671,1.4093971386925672e-05
1,1,0.2207535643936595,0.7792438080570996,2.6275492408665144e-06
2,2,1.8859032021695483e-05,0.44579747334791875,0.5541836676200596
2,2,9.742468830205954e-10,3.6869209948391356e-06,0.9999963121047584
1,1,0.2866067434377048,0.7133916089204627,1.6476418324597303e-06
0,0,0.61137237723402,0.38862758838923406,3.437674584584506e-08
1,1,0.06836517891739509,0.9033872236831241,0.028247597399480823
0,0,0.594549412875434,0.40544983115848493,7.559660810898518e-07
1,1,0.43726327857292974,0.5627136204128351,2.310101423525235e-05
0,1,0.241535044379563,0.7584545849135805,1.0370706856484243e-05
1,1,0.06478470799347816,0.9350933091830158,0.00012198282350607293
1,1,0.04637211143139497,0.9535850227106099,4.286585799513524e-05
1,1,0.3652644369117318,0.6347327125776387,2.8505106295049976e-06
1,1,0.2491440622732664,0.7508500150866924,5.922640041183353e-06
0,0,0.5590517561703582,0.44094788039931054,3.634303313429943e-07
1,0,0.5834529311713083,0.41654680464364346,2.641850482113424e-07
1,1,0.12669127379806575,0.8732081098100427,0.00010061639189156534
2,2,0.007586172863127647,0.4068275924427226,0.5855862346941498
1,0,0.5145741385851582,0.4854250159859284,8.454289134359271e-07
1,1,0.10611838756210955,0.8938631169791614,1.849545872893734e-05
0,0,0.8920895193732035,0.10791047924779743,1.3789991127090151e-09
0,1,0.31888190266847155,0.6811044779017946,1.3619429733915464e-05
1,1,0.38589568454201906,0.6140959337841264,8.38167385442311e-06
1,1,0.36499526147780303,0.63500403000403,7.085181669294537e-07
0,0,0.8215668120142959,0.17843312491158633,6.30741178115362e-08
0,0,0.9433658355151601,0.056634041720004254,1.227648357073195e-07
1,0,0.6083762615582677,0.3916175658702484,6.172571483862641e-06
1,0,0.5062219821575029,0.4937772614469677,7.563955293150569e-07
0,0,0.9356696102451864,0.06432950273767041,8.870171432222254e-07
1,1,0.033539810012184396,0.9323170364145972,0.03414315357321848
0,0,0.8682586682998492,0.13174129338467627,3.831547458185691e-08
1,1,0.09493071596467444,0.905053072538213,1.621149711271291e-05
0,0,0.8309513399977083,0.1690485198126358,1.4018965591590298e-07
1,0,0.6171090634507247,0.38288881694825433,2.119601020908282e-06
0,0,0.7328785325909046,0.26712133881132455,1.285977707476044e-07
2,2,5.654514508307709e-07,0.023036167169733723,0.9769632673788154
0,0,0.6856813584247566,0.3143185627995851,7.877565826864237e-08
1,1,0.09258760660388776,0.8616733907153291,0.04573900268078308
1,0,0.7039119872740459,0.2960878998654221,1.1286053188628354e-07
1,1,0.21902157131657624,0.7809722639242321,6.164759191618902e-06
0,0,0.6361705995480141,0.3638265426406475,2.857811338350141e-06
0,0,0.9999726416179021,2.7349831943780364e-05,8.55015426303406e-09
1,0,0.5507312504792345,0.44926737790712873,1.3716136367347213e-06
1,1,0.45995667813884367,0.5400422091173379,1.112743818411261e-06
0,1,0.24909038416000923,0.7509059219482253,3.693891765455213e-06
0,1,0.2878879995776893,0.7120887693613168,2.3231060993827578e-05
0,1,0.10497286796625421,0.8948258643403834,0.00020126769336256315
1,1,0.32457859526999894,0.6753665334848045,5.487124519652026e-05
1,1,0.34771333508074664,0.6522477478997983,3.891701945505228e-05
1,1,0.3218728293003928,0.6778247838057183,0.000302386893888928
1,1,0.1891422515328714,0.8105288758901119,0.00032887257701663843
0,0,0.7750608553618566,0.2249389051870045,2.394511387888168e-07
0,0,0.7081841214289729,0.29181587300767814,5.5633488821208015e-09
0,0,0.9679002350504006,0.03209973973737559,2.5212223815964437e-08
1,1,0.2702791763635418,0.7292215612675907,0.0004992623688674802
0,0,0.8960295454008196,0.1039703458390264,1.0876015390859623e-07
1,1,0.056496595896437574,0.943487778346045,1.5625757517484013e-05
0,0,0.9831084541174043,0.016891535192851154,1.0689744469398747e-08
1,1,0.06500061329247411,0.9329827523446027,0.002016634362923295
1,1,0.011865658792108278,0.9879287680353739,0.00020557317251795228
0,1,0.3150597808618705,0.6845988124567516,0.00034140668137788515
0,0,0.8256440994086702,0.17435572589294301,1.7469838684923816e-07
2,2,0.0007982970064430986,0.11883261452393923,0.8803690884696176
1,1,0.373369770389489,0.6266286189302546,1.6106802565687492e-06
1,0,0.8179887793766483,0.18201117045084897,5.017250280882009e-08
1,1,0.16669240646753786,0.8332688340957185,3.875943674365614e-05
1,1,0.2109248498895182,0.7890647717594014,1.0378351080368583e-05
0,0,0.683850871658397,0.31614890302419457,2.2531740840237766e-07
1,1,0.08659928318877627,0.9127806628371136,0.0006200539741100632
0,1,0.1573492973417479,0.8426383433040696,1.2359354182457985e-05
1,1,0.19799836484481154,0.8014455138064612,0.0005561213487273684
0,0,0.7955519708923064,0.2044480235268116,5.580881922095342e-09
1,1,0.28088096093501924,0.7190483573112997,7.068175368114409e-05
2,2,1.1623233899763939e-08,0.00310164965707938,0.9968983387196867
2,2,1.1309481890434712e-13,5.542082942866799e-09,0.999999994457804
0,0,0.6091214801958691,0.3908784668405112,5.2963619657230127e-08
1,0,0.6538662711720046,0.34613199550330315,1.73332469229519e-06
1,1,0.2253374907606234,0.7746414099859682,2.109925340831649e-05
1,1,0.24223480468145664,0.7577608826670104,4.312651533058536e-06
0,0,0.5952143118184983,0.40478519413663433,4.94044867318407e-07
2,2,6.931248257496507e-06,0.126079466830502,0.8739136019212405
2,2,2.443450356342681e-15,7.9561091278338e-09,0.9999999920438886
1,1,0.4696003447421307,0.5303993396235762,3.156342930771093e-07
1,1,0.09880865002807517,0.8004132817059582,0.10077806826596679
0,0,0.7953167091717608,0.20468328416793957,6.660299561217975e-09
1,1,0.36861083171438913,0.6312074145455832,0.00018175374002775988
0,0,0.8855242127068418,0.11447093776637776,4.849526780407266e-06
0,0,0.8766840034753536,0.12331593801336806,5.851127838790948e-08
0,0,0.6582353064341956,0.3417645286120939,1.6495371053807727e-07
0,0,0.786380889749933,0.2136191036077211,6.642345741437394e-09
1,1,0.4497014150004814,0.5502078947817888,9.069021772988763e-05
1,1,0.0368601365758016,0.9631024555190949,3.740790510349822e-05
1,0,0.8025620930122164,0.19743642762196495,1.4793658185671352e-06
1,1,0.44402501125837085,0.5559556257855987,1.9362956030508636e-05
0,0,0.7470969478204839,0.25290279039140967,2.6178810644553655e-07
0,1,0.25620118704091127,0.7433886220209398,0.00041019093814901637
1,0,0.5337620893999799,0.46623782118691526,8.941310477924967e-08
2,2,3.609361721150577e-10,0.009435947742423432,0.9905640518966403
1,1,0.18023824261880814,0.8197361708130291,2.5586568162843198e-05
1,1,0.39443112259493895,0.6055659807394241,2.896665636900466e-06
0,0,0.7216044356436949,0.27839556152726547,2.8290395001345163e-09
2,2,0.002073134267255588,0.11929975065496419,0.8786271150777801
0,0,0.8182701472591843,0.18172980502047273,4.7720342777875556e-08
0,0,0.5985816126613999,0.4014180991113609,2.8822723927329076e-07
0,1,0.2980668291782777,0.7019319134260649,1.2573956574891838e-06
0,0,0.9277221560058904,0.07227744076314041,4.032309692145335e-07
1,1,0.30963446866257965,0.6902920272866758,7.350405074444073e-05
2,2,2.0403912524471588e-08,0.00714728388741977,0.9928526957086677
1,1,0.22746554440040082,0.7725267412438337,7.714355765567763e-06
1,1,0.44549823949385536,0.5544998302042056,1.930301939091764e-06
1,0,0.6696697029834376,0.3303265287999048,3.7682166575962925e-06
0,0,0.5035663061507342,0.4964329058429476,7.880063182921448e-07
1,1,0.1260335300661791,0.873948936729674,1.7533204146739633e-05
0,0,0.738216584621694,0.2617833922584877,2.3119818273430255e-08
0,0,0.8219593417119241,0.1780390898457474,1.5684423286476796e-06
0,0,0.956340242129697,0.043659713565491205,4.430481181268851e-08
0,0,0.9297263049150837,0.07027369306956852,2.0153477003186128e-09
0,1,0.2297924500779522,0.7701965049459447,1.1044976103163163e-05
0,0,0.5310605177873475,0.46893922181209297,2.6040055956899125e-07
2,2,0.001898000283838118,0.13281799881051812,0.8652840009056437
1,1,0.10964132990742832,0.8901360681098368,0.00022260198273489493
1,1,0.21323190252178859,0.7867654999714898,2.597506721539379e-06
0,0,0.8038848373233223,0.19611515757829054,5.098386994912394e-09
1,1,0.4852785516077554,0.5147199782044268,1.4701878177405637e-06
1,1,0.3847915304026645,0.615142328929318,6.614066801751794e-05
0,0,0.6946094260905016,0.3053898945037382,6.794057602302369e-07
0,0,0.6614701450886323,0.3385297166649586,1.3824640906820204e-07
1,1,0.09513937916499406,0.9048450019558286,1.561887917731954e-05
1,1,0.0967184205004256,0.9031925465952576,8.903290431669e-05
1,1,0.19830563432476278,0.8008661507515555,0.0008282149236817191
0,0,0.8736735717552013,0.12632631318268844,1.1506211033098366e-07
1,1,0.35292974292879403,0.6470662747541309,3.982317075078213e-06
0,0,0.659540479183841,0.34045729381671985,2.2269994393484425e-06
0,0,0.6494348416733651,0.3505651094476795,4.887895541462246e-08
0,1,0.46293256123581245,0.5370278171817756,3.962158241194588e-05
0,0,0.9034744474577969,0.09652550256614258,4.997606049007112e-08
0,1,0.1451021643441299,0.8548615092128237,3.632644304645366e-05
2,2,1.4041715365611418e-08,0.002967321057681778,0.9970326649006029
1,0,0.6242271229404979,0.37576849216633496,4.384893167082014e-06
0,0,0.8355821971988048,0.164417440826237,3.6197495824447795e-07
0,0,0.9261509435730114,0.07384880148122933,2.54945759141378e-07
1,1,0.25703083324015635,0.7429682052742048,9.614856388018516e-07
0,1,0.09864543445398048,0.9013433518087772,1.1213737242220696e-05
1,1,0.3975687476639458,0.60220322907214,0.00022802326391426392
0,1,0.24815488696197638,0.7517935247803391,5.158825768454099e-05
2,1,4.3430614262386916e-05,0.7364527099489161,0.2635038594368216
1,0,0.5581969212985403,0.44180290676821293,1.7193324675880753e-07
1,1,0.43172796555092574,0.5682716118075382,4.226415361031432e-07
1,1,0.2728257810323312,0.7270694377798528,0.00010478118781596905
1,1,0.25931925265495437,0.740678503928329,2.243416716595713e-06
1,1,0.1274821964179368,0.8725120852474976,5.718334565526335e-06
0,0,0.9536083904996043,0.04639146075469591,1.4874569976938405e-07
0,0,0.8279849123293969,0.17201507912938171,8.541221458614317e-09
0,0,0.5652809263033327,0.4347186659122204,4.077844470072545e-07
1,1,0.15542760128420507,0.8443174530526171,0.00025494566317790795
1,1,0.3867712092296055,0.6132273293207023,1.4614496920684398e-06
0,0,0.8112254288640905,0.18877456796217615,3.1737333766644696e-09
0,0,0.9339225595037293,0.06607740584827931,3.464799148774088e-08
1,1,0.13323984239469916,0.8666066156054271,0.00015354199987374872
1,1,0.08540994820512973,0.9145564889508966,3.3562843973784226e-05
1,0,0.5413884209802006,0.4586104649469658,1.1140728337206854e-06
1,1,0.1086043776140295,0.8860069182143685,0.005388704171602145
1,1,0.10741285695403412,0.8925761285020691,1.1014543896802655e-05
2,2,7.442391590006236e-11,0.0019029953734134072,0.9980970045521627
0,0,0.8890167784575126,0.11098317768186007,4.386062746277909e-08
0,0,0.9196665657178337,0.08033327330103782,1.6098112854851807e-07
0,1,0.2942331679454513,0.705520545220528,0.0002462868340208045
1,1,0.061815206120731006,0.924214072622709,0.013970721256559989
1,1,0.228126545669517,0.7717757141568446,9.774017363838134e-05
0,0,0.7822014547057692,0.2177985319897412,1.3304489480856298e-08
1,1,0.22211312918661094,0.7778722055981948,1.4665215194219972e-05
0,0,0.6836919132862799,0.31630803435400995,5.2359710096507924e-08
2,2,0.0002561075429846781,0.06843754735105342,0.9313063451059619
0,1,0.31738767394859746,0.6824688326154906,0.00014349343591205457
2,1,0.02493097479227332,0.8463539073389035,0.1287151178688232
1,1,0.036914614337725055,0.9626918424652318,0.000393543197043148
1,1,0.12140014056642014,0.8785708560230294,2.90034105503064e-05
1,0,0.5972316813260587,0.40276422546095014,4.093212991035306e-06
2,2,5.776538802472455e-06,0.08555833288115597,0.9144358905800415
1,1,0.2665790462176725,0.7334135064958756,7.4472864519365126e-06
1,1,0.017147695128590344,0.98270599923791,0.00014630563349970292
0,0,0.6691449118873989,0.3308546124925949,4.756200062520741e-07
1,0,0.5239785978405064,0.47602122907540884,1.730840847580269e-07
1,1,0.058420680088232466,0.9414560349116028,0.00012328500016474574
0,0,0.7866197773703095,0.21337958697090176,6.356587886667665e-07
1,0,0.7247063802446955,0.27529361418901466,5.566289893048206e-09
1,1,0.029397821023589038,0.966592359047987,0.00400981992842386
0,0,0.9999749939465862,2.5000890259994875e-05,5.163153709275184e-09
1,1,0.25496783253639826,0.745009224921332,2.2942542269571933e-05
1,1,0.2871529325336024,0.7128409316519466,6.135814451013502e-06
0,0,0.9470754307022663,0.05292413302178592,4.3627594763081826e-07
2,2,0.0001453886836692759,0.038339358322418964,0.9615152529939117
1,1,0.02455808221476463,0.9753696821791397,7.223560609567685e-05
1,1,0.15533741859192285,0.8446532857993077,9.295608769482602e-06
1,0,0.5077090963439808,0.4922863538608401,4.549795179144797e-06
1,1,0.19183337291970692,0.808161805665471,4.8214148221034565e-06
0,1,0.46161389237879186,0.5383853495544141,7.580667940971952e-07
2,2,1.3259651626311483e-05,0.2881032556432196,0.7118834847051541
2,2,7.427405592826719e-05,0.020265307492252933,0.9796604184518188
1,1,0.42409376949331806,0.5758988721559198,7.358350762201157e-06
1,0,0.6425611168295292,0.35743456062887985,4.322541590949162e-06
1,0,0.5325073801175357,0.4674922372315902,3.826508739872743e-07
1,1,0.2775562317900657,0.7224406723631849,3.0958467494736533e-06
1,0,0.5350512625958895,0.4649474590061513,1.2783979592417644e-06
1,1,0.11511875291100802,0.8848779995495748,3.2475394171404986e-06
2,2,0.0006780999608114735,0.0722867556399299,0.9270351443992586
0,0,0.5595638108780651,0.44043589251182796,2.9661010692569676e-07
0,0,0.825871936796596,0.17412803686322229,2.6340181637028576e-08
1,1,0.05930031280049349,0.9261673789749226,0.014532308224583963
0,1,0.14421753665087647,0.8557681702497953,1.4293099328095306e-05
1,1,0.03575106683099751,0.9019348131940155,0.062314119974987106
1,1,0.11998500113350119,0.8799965977942582,1.8401072240610248e-05
0,0,0.6170424673359222,0.38295477543724055,2.7572268372612634e-06
1,1,0.11176066261457264,0.8816229710445969,0.0066163663408305515
1,1,0.15971708502644433,0.8402797877286498,3.127244905954993e-06
1,0,0.8640275428749168,0.13597243649500768,2.0630075506879316e-08
1,1,0.10484415880133018,0.8951334774550048,2.2363743665006964e-05
1,1,0.43669282625248224,0.563306758438867,4.153086507795402e-07
0,1,0.4754323053230912,0.5245674510286491,2.436482597831394e-07
1,1,0.18923886838483386,0.8100375739401786,0.000723557674987524
0,1,0.22547197379856648,0.7745228971675103,5.129033923313106e-06
1,1,0.3173527924090232,0.6826399695921961,7.23799878078155e-06
1,1,0.20599857138456787,0.7939472505339651,5.41780814669476e-05
1,0,0.5383894743763001,0.4615792192162116,3.130640748823448e-05
0,0,0.8225902329761771,0.1774097495418147,1.7482008080992288e-08
1,0,0.9075914669632447,0.09240849674443108,3.629232432158909e-08
1,1,0.36633523334203594,0.6336591397442521,5.6269137119781085e-06
1,1,0.13397900018620398,0.8660148576315518,6.142182244122987e-06
1,0,0.898631367785641,0.10136834028945428,2.9192490467421857e-07
1,1,0.08795547206158028,0.9120337589006466,1.0769037773037022e-05
0,0,0.8930808218820372,0.1069191439975191,3.412044377028037e-08
2,2,6.529287713138738e-09,0.0009513820371699172,0.9990486114335423
1,1,0.19483896788614832,0.8049064041717475,0.0002546279421041488
0,1,0.2015561772330741,0.798439454975161,4.367791764907533e-06
2,2,9.043566693698592e-09,0.01608104589783055,0.9839189450586028
0,1,0.07269095541833982,0.9272760444785663,3.3000103093943046e-05
2,2,0.0018068497725737174,0.13953517535829638,0.8586579748691299
1,1,0.2916573516233913,0.7080656594684821,0.00027698890812653684
1,0,0.9254560769227776,0.07454391566223031,7.4149919576397546e-09
0,1,0.3669513693810037,0.633045586952448,3.0436665484851296e-06
1,1,0.13383685385683378,0.8661589188094292,4.227333737018588e-06
1,0,0.7088190243526993,0.2911802208055317,7.548417689834869e-07
1,1,0.2208834970143443,0.7791078334498427,8.669535812994789e-06
0,0,0.6664233009031304,0.33356853082079,8.168276079668514e-06
0,0,0.544102010554065,0.4558977884310252,2.010149098445806e-07
0,0,0.6159631739501532,0.38403644847543544,3.775744114046425e-07
0,1,0.41482600689879034,0.5851719330486692,2.060052540400199e-06
1,1,4.810567769679182e-05,0.7581615500372181,0.2417903442850851
0,1,0.4726467726848814,0.5273528809709173,3.463442012585361e-07
2,2,4.680199404631404e-07,0.30136576601105686,0.6986337659690026
2,2,2.015376462979865e-08,0.05417808038126038,0.945821899464975
0,0,0.8033449406517161,0.196654959094992,1.0025329191127226e-07
0,0,0.9649577537254951,0.03504212526514104,1.2100936378377154e-07
0,1,0.35258895839306065,0.6473972518656398,1.3789741299554216e-05
0,1,0.4668590300700273,0.533140922638507,4.729146564474224e-08
0,1,0.3931599155227403,0.6068361737667128,3.91071054667733e-06
0,0,0.6143175729735827,0.38568235054634653,7.648007082856903e-08
1,1,0.455735148439303,0.5442456427274508,1.9208833246218544e-05
1,1,0.03438157092541309,0.9650325908572827,0.0005858382173044177
1,1,0.46176806849006613,0.5382304779573882,1.4535525456952494e-06
1,1,0.08603830816974121,0.9138776382231496,8.405360710910615e-05
2,2,5.089250194017708e-07,0.01796029849291639,0.9820391925820642
1,1,0.0850661130725897,0.9149037436243719,3.014330303862554e-05
0,1,0.23437944011204465,0.7656175422951964,3.0175927588994773e-06
0,0,0.9275705403957732,0.0724294450999835,1.4504243258721535e-08
2,2,1.71086235521096e-08,0.05376951223219476,0.9462304706591816
1,1,0.08683719991278753,0.9129932858432653,0.00016951424394706863
1,1,0.10497436804907911,0.89494859406722,7.703788370082374e-05
1,0,0.585672420001712,0.4143253180707274,2.2619275606144584e-06
1,1,0.17062235338172763,0.8293180534365086,5.959318176386633e-05
1,1,0.16391150255230102,0.8360734889417576,1.5008505941539182e-05
1,1,0.4573776910260907,0.5426218551746932,4.5379921614132937e-07
1,1,0.1898862543263358,0.8101088796338325,4.866039831679588e-06
2,2,9.950418947094267e-06,0.406543330960668,0.5934467186203849
1,1,0.35642198861960117,0.6435749246292221,3.0867511767898025e-06
1,0,0.7830944842195223,0.21690550630678473,9.473692865307338e-09
0,1,0.08160319524780887,0.9183439851427968,5.281960939434604e-05
1,1,0.03600064130725378,0.9636515424445055,0.00034781624824092855
0,0,0.968377359411652,0.03162239905069726,2.4153765082842287e-07
0,1,0.3422567587458461,0.6577134601802122,2.9781073941839852e-05
0,0,0.7629762207263413,0.23702372868165567,5.0592003011984026e-08
1,1,0.32907168713656426,0.670925365599154,2.9472642816832033e-06
1,1,0.3764767316070427,0.6234199213706394,0.00010334702231796319
1,1,0.3798437716266925,0.6201483200672083,7.908306099217596e-06
1,1,0.05990913152518896,0.9400124434673225,7.842500748854396e-05
0,1,0.05724018910551449,0.9419998490332087,0.0007599618612769847
0,1,0.42567649790303425,0.5743233712950431,1.3080192272967467e-07
0,0,0.6736662073271239,0.3263327889501502,1.0037227256924858e-06
0,0,0.860329178495579,0.13967081934138995,2.163031203555574e-09
0,0,0.9337155577589022,0.06628442749944782,1.4741649889520392e-08
0,0,0.6043998753092052,0.39559999328799206,1.3140280268682664e-07
0,0,0.5362979761319698,0.46369830180281785,3.722065212277496e-06
0,1,0.3386689878424336,0.6613267356775417,4.276480024638257e-06
0,0,0.9806213855611989,0.019378548846497968,6.559230288181116e-08
0,1,0.419732006570697,0.58026765673672,3.36692583007089e-07
1,0,0.7573879852696196,0.24261130654378013,7.081866001423468e-07
0,0,0.9582697622592603,0.04173015160443432,8.613630551437932e-08
1,1,0.34545989666446664,0.6545383974054081,1.705930125205859e-06
2,2,0.009849633288160365,0.38849080443981676,0.6016595622720229
1,1,0.01578021234428464,0.9840057441824946,0.00021404347322089877
0,1,0.32359886565801677,0.6762194561293247,0.00018167821265859744
1,1,0.06215304776722499,0.9378041637845531,4.278844822189936e-05
0,1,0.044283905126668445,0.9552955856091238,0.000420509264207685
1,1,0.06222505415721941,0.9362190863675531,0.0015558594752275723
1,0,0.5969834852560597,0.403016465655926,4.908801429516388e-08
1,0,0.6252881423390618,0.37470843502426604,3.4226366720866287e-06
1,1,0.0887476649439409,0.9112264494232438,2.588563281530808e-05
1,1,0.058039477670538395,0.9413281997778474,0.0006323225516140531
0,0,0.6664720110102115,0.3335262531647444,1.7358250440716136e-06
1,1,0.06806222451721265,0.9318629477051356,7.482777765178506e-05
0,0,0.7807250609473941,0.21927485334814673,8.570445923788957e-08
1,1,0.23570504355185573,0.764285949417647,9.007030497230331e-06
2,2,0.001125856734421232,0.1212260633353718,0.8776480799302069
1,0,0.5204657404382911,0.4795338703719531,3.8918975575072204e-07
0,0,0.5397545835880787,0.46024513369460085,2.827173203959712e-07
1,1,0.24693352275287722,0.752960676645115,0.00010580060200782056
0,0,0.676472621213728,0.3235266644829334,7.143033385535389e-07
0,0,0.8070317243290721,0.1929682086524492,6.701847861442882e-08
1,1,0.20258302650621865,0.7974068092787697,1.0164215011747494e-05
0,0,0.5413259111432941,0.4586707335432326,3.3553134732586626e-06
0,1,0.14886834931889167,0.8479250048687572,0.0032066458123512897
1,1,0.1915492439345342,0.8076036734519799,0.0008470826134858249
0,0,0.9179877233979227,0.08201214628454749,1.30317529764354e-07
0,1,0.4017609759410092,0.59823482598135,4.198077640843657e-06
1,1,0.09878373954308212,0.9011392592460545,7.700121086337566e-05
0,0,0.5532217371933579,0.44677812172238773,1.410842543743332e-07
0,0,0.8491324314945142,0.15086756547359778,3.03188806078955e-09
2,2,1.4742210509216716e-13,1.1283324604741083e-08,0.999999988716528
0,0,0.7248088121188517,0.27519085497222356,3.329089248892174e-07
1,1,0.015143896814422584,0.9846730612299289,0.00018304195564851133
0,0,0.9083773043813117,0.09162268835940883,7.2592793123557295e-09
1,1,0.06182411063741969,0.9380915934826878,8.429587989261677e-05
1,1,0.08712876852394796,0.9124798695014175,0.0003913619746345909
0,0,0.6811792300518369,0.31882021828430757,5.516638555947169e-07
1,0,0.5121418966212175,0.48785757219536674,5.311834158829325e-07
0,0,0.587645691294741,0.412354271451867,3.725339205038649e-08
1,1,0.32348352222667887,0.6765132658947907,3.2118785305571774e-06
0,0,0.8767460428985785,0.12325395114928354,5.95213793766254e-09
1,1,0.15201635694436544,0.8479745858855733,9.05717006125949e-06
1,1,0.11294086905354607,0.8870489144957706,1.0216450683278359e-05
1,1,0.2230383549491222,0.776957671336998,3.973713879878322e-06
1,1,0.19469252474085216,0.8052917214919819,1.5753767165909076e-05
0,1,0.24535771940243967,0.7546331913079598,9.089289600414667e-06
1,1,0.38006175811499526,0.6199091363218605,2.910556314422109e-05
1,1,6.025074579109596e-07,0.5309337596016108,0.4690656378909312
0,0,0.6243217265128251,0.3756779866750135,2.8681216129769255e-07
1,1,0.06622436348998302,0.9337406100019351,3.502650808205791e-05
0,0,0.6350623162082448,0.36493691247488363,7.713168716436534e-07
1,0,0.7627041782368182,0.23729556436014598,2.5740303573084487e-07
0,0,0.7211687294245465,0.2788310907002832,1.7987517034621894e-07
0,0,0.6447297173792254,0.35526922767869595,1.0549420786115629e-06
1,1,0.04390049539967298,0.9560747931139798,2.471148634711057e-05
0,0,0.5476995197250772,0.452299709053289,7.712216338371088e-07
1,1,0.20385579013283986,0.7961377428578102,6.4670093499232015e-06
1,0,0.7796422227102141,0.22035624975742588,1.5275323600311524e-06
1,1,0.452424894774395,0.5475745391084954,5.661171097026607e-07
0,0,0.7446582884951445,0.2553415293140152,1.8219084039395113e-07
1,1,0.2698212400649245,0.7301754880523024,3.2718827730545507e-06
0,0,0.8247233935583506,0.17527659581415522,1.0627494329887085e-08
1,1,0.014842928741571188,0.7108439193856658,0.274313151872763
1,1,0.09192640882833523,0.9080679831434573,5.60802820754664e-06
0,0,0.6808830386780462,0.3191169319415033,2.9380450420710234e-08
0,0,0.7188821421609655,0.2811178385460664,1.9292968179290666e-08
1,1,0.47239995825390424,0.5275985231349761,1.5186111196716198e-06
1,1,0.11800053352009338,0.881945568330798,5.3898149108558445e-05
1,1,0.31142331882163893,0.68857437497551,2.306202851072678e-06
1,1,0.2294564684928308,0.7705334523103982,1.0079196771117376e-05
1,1,0.25194435212757044,0.7480172677873392,3.8380085090229664e-05
0,0,0.7693946363531843,0.23060534093003957,2.2716776123755645e-08
1,1,0.17627818135769824,0.8237041814914701,1.763715083162461e-05
1,1,0.19694902108134918,0.8030416797597566,9.29915889414931e-06
0,1,0.01847696193878944,0.6109745785888319,0.37054845947237863
0,0,0.8387818149319207,0.16121816414287823,2.0925201054763057e-08
0,0,0.8009536942984467,0.19904629410345848,1.1598094842373033e-08
1,1,0.021559253933756174,0.844087122869273,0.1343536231969709
1,1,0.28701334331221096,0.7129833180050673,3.3386827217372094e-06
1,1,0.37554238137532986,0.6244566926579193,9.259667508341852e-07
0,0,0.5319223124700518,0.4680387071479383,3.8980382009879915e-05
1,1,0.010224944767057759,0.9896622780075852,0.00011277722535698112
1,1,0.032960938047744026,0.9283944844834529,0.03864457746880325
0,0,0.792679354327625,0.20732063683498997,8.837384959065889e-09
2,1,0.06188100520669176,0.9029497178490801,0.03516927694422818
0,0,0.6546756060887886,0.34532428808543386,1.058257773846938e-07
1,1,0.4584425220337185,0.5415565471143695,9.308519120130604e-07
0,0,0.7825440955029312,0.21745554691136282,3.575857060354418e-07
1,0,0.7092523968526613,0.2907435915812504,4.011566088291572e-06
0,0,0.6401674520288306,0.35983244544336374,1.0252780551162259e-07
1,1,0.31774503479051336,0.6822433125677272,1.165264175950464e-05
1,1,0.11752971357691874,0.882298225267763,0.00017206115531831622
0,1,0.34646633617113265,0.6535271899596189,6.473869248467359e-06
1,1,0.2880067806407346,0.711991678146268,1.5412129975013819e-06
2,2,2.6632355727514516e-07,0.26538826674968585,0.7346114669267569
1,1,0.18926037055235354,0.810735517126004,4.112321642488333e-06
1,1,0.04638413550700356,0.9535759130539933,3.9951439003086756e-05
1,0,0.7559214742742592,0.24407797119654687,5.545291939368135e-07
1,0,0.5146288160777137,0.48537072060175745,4.6332052874467426e-07
0,0,0.6631429939899559,0.33685689460307167,1.1140697242303506e-07
1,0,0.705770573202177,0.29422924404899453,1.827488285832589e-07
1,0,0.9463312448368368,0.053668525429453065,2.297337101941166e-07
1,1,0.2134859017817172,0.7865102307250611,3.867493221751157e-06
0,0,0.8921276625432767,0.1078723288258077,8.630915775286923e-09
1,1,0.053182347589647065,0.9466695045339798,0.00014814787637303962
0,0,0.5225612766471467,0.4774356296418576,3.0937109957619746e-06
2,2,1.003540149447345e-06,0.03912471405210094,0.9608742824077497
1,1,0.017847755308994177,0.9820551911060973,9.705358490870957e-05
0,0,0.9101607660476402,0.08983923109063503,2.8617247453909076e-09
0,0,0.7169253281675063,0.2830719568048058,2.715027687931166e-06
0,0,0.9816277858632829,0.018372195767844,1.8368873276232932e-08
1,1,0.34728276516130446,0.6527054833623509,1.1751476344689521e-05
1,0,0.7215968779032945,0.27840225226595383,8.698307517009634e-07
0,0,0.5859892704781083,0.4140095837285913,1.1457933004541816e-06
1,1,0.21819796350680262,0.7815409290151083,0.00026110747808902546
1,1,0.26432263169227277,0.7356595777036719,1.779060405541745e-05
0,0,0.6851657867878481,0.31483399996216477,2.132499871011146e-07
1,1,0.03904448731208546,0.94883053400558,0.0121249786823345
0,1,0.4661956309280096,0.5337968189768822,7.550095108240084e-06
2,2,3.753667451389246e-10,2.1845621134706068e-06,0.9999978150625197
0,0,0.5747274087672462,0.4252725092255443,8.200720954342361e-08
0,1,0.19138367053102895,0.8086037095473768,1.261992159420532e-05
1,1,0.11409845193930855,0.8398599833195913,0.0460415647411001
1,1,1.0869191132472056e-06,0.5442376254441003,0.4557612876367865
0,0,0.8188733418884206,0.18112652539554666,1.3271603255949236e-07
1,1,0.08758992676284272,0.91239069769291,1.9375544247384976e-05
0,1,0.49771922120324325,0.5022799230036246,8.557931323459049e-07
0,0,0.6750176351205994,0.3249818469026471,5.179767533964923e-07
0,0,0.5779263777673886,0.4220708401785085,2.7820541028361797e-06
1,1,0.01814213422702477,0.9817509199099124,0.0001069458630629664
1,1,0.17870066138370058,0.8212895105917556,9.82802454380521e-06
1,1,0.1339309859648025,0.866040539466642,2.847456855549774e-05
0,1,0.18490110016749506,0.8150893405284583,9.559304046650547e-06
0,1,0.198097184272087,0.8011190138485533,0.0007838018793596078
1,1,0.1630036877862649,0.836930934762617,6.53774511180773e-05
1,1,0.25754529735459963,0.7424513929568947,3.3096885057519416e-06
0,0,0.6970182097896447,0.30296909148796497,1.2698722390389321e-05
0,0,0.9289840789519164,0.07101590635653936,1.469154435655406e-08
0,0,0.5940232586761838,0.4059762377184412,5.036053749140333e-07
0,0,0.8301035270505799,0.16989645174535162,2.1204068468470654e-08
0,0,0.8706415808927761,0.12935825325693606,1.6585028791419578e-07
1,1,0.1891312203899268,0.8107990844197587,6.969519031450182e-05
1,0,0.7069684608643835,0.29302046501662055,1.1074118996075757e-05
1,1,0.36366253084079486,0.6363347876779494,2.6814812557191047e-06
0,0,0.7013414370163245,0.2986585427678661,2.021580924983757e-08
1,1,0.028300279378422794,0.9630320706598938,0.008667649961683515
1,1,0.08605025761419056,0.8877397097986066,0.026210032587202843
0,1,0.4293566599518506,0.5706196354636537,2.370458449567995e-05
1,1,0.059368129380654,0.9336105043162495,0.0070213663030965585
0,1,0.46140444949651166,0.538595279188192,2.7131529629375987e-07
1,1,0.06946685088386637,0.918490974372268,0.01204217474386559
1,0,0.9465341517892887,0.05346559158648597,2.566242252478607e-07
1,1,0.08014359160172134,0.9087137489081583,0.011142659490120358
1,0,0.7976720785173681,0.20232778976205323,1.3172057877122987e-07
1,0,0.5548019498033433,0.4451921549333631,5.89526329367439e-06
2,2,1.4154415702725084e-11,0.00047777678143387227,0.9995222232044118
0,1,0.3548131389360671,0.6451584261200639,2.843494386916442e-05
2,1,0.07775984357668078,0.8950342252972658,0.027205931126053438
1,1,0.275987439798561,0.7240075277532916,5.0324481472942835e-06
1,0,0.6239041000489894,0.3760918298427008,4.0701083097599145e-06
1,1,0.0845384360851183,0.9152570837405871,0.00020448017429452263
2,2,3.069785753350746e-10,6.997795741178882e-05,0.9999300217356096
0,1,0.11121320980411982,0.8886821092580558,0.0001046809378242919
2,2,6.30892553484504e-06,0.307637708177084,0.692355982897381
0,0,0.666497012532299,0.33349898181726767,4.0056504334478565e-06
0,0,0.9864490011151273,0.01355097163535931,2.7249513475089407e-08
0,0,0.6711269157558202,0.3288639007269194,9.18351726046577e-06
0,0,0.8962040770507832,0.10379592092765082,2.021565997248247e-09
0,0,0.637629151410142,0.3623704591990751,3.893907829957193e-07
1,0,0.5064255603192337,0.4935738177415087,6.219392575547026e-07
0,0,0.89595125495015,0.10404874393255824,1.1172915697882498e-09
1,0,0.8213153685573883,0.17868454006630402,9.137630774840356e-08
1,1,0.3149338792419677,0.6850558683444499,1.025241358247346e-05
1,0,0.5183084316434329,0.4816910355118435,5.328447236845969e-07
2,2,1.0300023174435428e-08,0.026094454062322903,0.973905535637654
0,0,0.7702779513212524,0.22972200567175638,4.300699117706222e-08
2,2,1.3072926994049705e-09,0.026156453943013393,0.9738435447496938
2,2,1.2792484467680685e-06,0.07984164325962882,0.9201570774919243
1,1,0.10727656834623486,0.892696534050856,2.689760290920924e-05
1,1,0.226595122233519,0.7733811330563363,2.3744710144686767e-05
1,1,0.054420345375615256,0.9454703664764791,0.00010928814790553049
0,0,0.5044534989069768,0.49554448002886825,2.021064154964983e-06
1,2,2.7760004350972794e-05,0.24443158450958208,0.755540655486067
1,1,0.3770380169043854,0.6229563704486886,5.612646926075838e-06
1,1,0.23991862223125887,0.7600790207976501,2.3569710910413436e-06
1,1,0.02488448375516743,0.9748496244275491,0.0002658918172834105
1,1,0.1714310326591624,0.8285573896250524,1.1577715785319699e-05
1,1,0.04382174158368376,0.955970113448902,0.00020814496741420634
1,1,0.1698149451070837,0.8301709266330932,1.4128259823153296e-05
0,0,0.7319233278500374,0.2680761414106209,5.30739341552637e-07
1,0,0.6670532584694708,0.33294671155655636,2.997397283358242e-08
1,1,0.18200904770225285,0.7784433660232511,0.039547586274495984
0,0,0.6709514788348047,0.3290484744582813,4.670691399869699e-08
0,0,0.8008410708500883,0.19915855469684418,3.744530676721042e-07
0,0,0.6138030300440233,0.38618865489390647,8.315062070344947e-06
1,1,0.2529805526852597,0.746866123535479,0.0001533237792612874
0,0,0.6287290977507514,0.37126864680795035,2.255441298323421e-06
1,1,0.19009176184223836,0.8098915559703371,1.6682187424545834e-05
0,1,0.26164667382656115,0.7383485403049317,4.785868507169165e-06
1,1,0.021730583043622593,0.7835514843562633,0.194717932600114
0,0,0.9933066752703031,0.006693324542495068,1.8720178976810537e-10
1,1,0.4195283714237324,0.5804705014135992,1.1271626684157514e-06
0,1,0.1414843269947675,0.8585086861317134,6.986873519136181e-06
1,1,0.24846289317344145,0.7513718984798965,0.00016520834666214416
1,1,0.02192949890052692,0.9775588446701717,0.0005116564293014267
1,1,0.061633372100119606,0.8355656878912068,0.10280094000867371
1,1,0.3001262061868487,0.6998562887602406,1.7505052910722847e-05
0,0,0.8916267259016524,0.10837326717758615,6.920761484134785e-09
0,1,0.40094598526033925,0.599044142348358,9.872391302795306e-06
0,0,0.8052136685951672,0.19478584184686487,4.89557967843681e-07
1,1,0.1296363240113304,0.8703043549419333,5.932104673632112e-05
2,1,0.016970102163532185,0.815049898236574,0.16797999959989396
2,2,2.8767930864285072e-05,0.2164142240152992,0.7835570080538365
0,0,0.9999993903397617,6.081054055115816e-07,1.5548329766484763e-09
1,1,0.023939219531158355,0.9758101936346146,0.0002505868342270554
1,1,0.07288373476121708,0.9271071426146354,9.122624147454754e-06
0,0,0.6101862037277479,0.3898135675321492,2.2874010293159235e-07
0,0,0.6728213364875472,0.3271784969334708,1.6657898202591634e-07
1,0,0.535701833105517,0.46429770286343136,4.6403105160122966e-07
0,1,0.4977412598123608,0.502255504648007,3.2355396322790092e-06
0,1,0.17030815277916578,0.8296868119501848,5.035270649363719e-06
0,0,0.6122492201537619,0.3877507034180026,7.642823556588625e-08
0,1,0.304849013710983,0.6942926922571218,0.0008582940318951881
0,0,0.6664145078465267,0.33358519464589476,2.9750757853700377e-07
1,0,0.5010048659680759,0.4989949339363885,2.0009553555801205e-07
0,0,0.6680581982051764,0.3319417262159086,7.557891500338882e-08
1,1,0.07481671930945141,0.9072058451773645,0.017977435513184026
1,1,0.11070498331851895,0.8892881662449527,6.8504365283892295e-06
1,1,0.2841897698118853,0.7157985417638664,1.1688424248421076e-05
0,0,0.8270341023824231,0.17296588614042568,1.1477151177448824e-08
1,0,0.5680820982842675,0.4319172339442931,6.67771439423513e-07
1,1,0.039795101343994325,0.9576639795305764,0.0025409191254294403
0,0,0.8494219626558,0.15057642574472008,1.6115994800615907e-06
1,1,0.05171012087283628,0.9482715581759951,1.832095116855268e-05
1,1,0.05252060672262761,0.947457936704403,2.1456572969203034e-05
1,0,0.8410850372566734,0.1589148067475299,1.559957967087166e-07
1,1,0.08943296855853837,0.9105240642972802,4.296714418145294e-05
0,0,0.9370567650156025,0.06294322916347399,5.820923446632104e-09
1,0,0.8507028823542085,0.1492970980344052,1.96113863355267e-08
0,1,0.4434166106241007,0.5565831929851888,1.963907104189378e-07
0,0,0.8032372993966386,0.19675650910228001,6.191501081579472e-06
0,0,0.8676002786828596,0.13239971264929853,8.66784190312624e-09
0,1,0.42696461630378485,0.572969411059006,6.597263720905875e-05
1,1,0.370005326711437,0.6299663910195992,2.8282268963977878e-05
1,2,0.008535260781372034,0.4268794447910016,0.5645852944276264
1,1,0.039323116407064124,0.8452855100885662,0.11539137350436969
0,1,0.3989225119185759,0.6010704718821595,7.016199264623414e-06
0,0,0.6033314549532112,0.3966679725367712,5.725100176444875e-07
0,1,0.33386557176994824,0.6661314731367716,2.9550932801132535e-06
1,1,0.2922660293520342,0.7071851451978061,0.0005488254501597958
1,1,0.0988173771208777,0.889148036030984,0.012034586848138231
1,1,0.09085594563528303,0.8911874268224991,0.01795662754221788
1,0,0.5099846113326999,0.49001449697888805,8.916884120367543e-07
1,1,0.06359474494294215,0.9363534440929978,5.181096406011777e-05
1,1,0.2594360160602285,0.7405558017207862,8.18221898525673e-06
1,1,0.45398885611135736,0.5459743054161748,3.6838472467884906e-05
1,1,0.18483332457929136,0.8151590996101041,7.575810604489566e-06
1,1,0.4179815489235985,0.582017497471208,9.536051933198297e-07
0,0,0.8120209941074411,0.1879789679285045,3.79640545868457e-08
2,2,0.004781451159883393,0.29783751556110966,0.697381033279007
1,0,0.7006999059386766,0.29929990264253253,1.9141879083520263e-07
0,0,0.8916515646602116,0.10834605216678109,2.383173007511545e-06
1,1,0.1164566897160505,0.8833380205593845,0.000205289724564907
1,1,0.38169832136251236,0.6182953736312246,6.305006263088638e-06
0,0,0.9079632426759046,0.09203654473217586,2.1259191979031043e-07
2,2,0.00111256765940706,0.11437764241178407,0.884509789928809
1,1,0.1504950310953087,0.8493498214136899,0.00015514749100126518
1,0,0.6071738230484226,0.3928259384703908,2.3848118655009603e-07
0,0,0.9999786387078002,2.1351334200623135e-05,9.957999156830424e-09
0,0,0.7521245157264007,0.2478753506780651,1.3359553430562188e-07
1,1,0.3368980378453335,0.6630925607532938,9.401401372593175e-06
0,0,0.5467442551095504,0.45325490649776545,8.38392684051019e-07
2,2,0.01253157129134491,0.27084481810959815,0.716623610599057
1,1,0.06841100941868113,0.9313154438425036,0.00027354673881529394
0,0,0.6836831512460517,0.31631684670540267,2.0485455511212273e-09
2,2,2.047812053461262e-06,0.04220075344916506,0.9577971987387816
1,0,0.5319433812042905,0.46805609594803965,5.22847669810293e-07
1,1,0.04093867855531914,0.9590018646353438,5.945680933704904e-05
1,1,0.1307320484152742,0.8692628247980396,5.126786686273595e-06
1,1,0.03859539215691256,0.9613646672534214,3.994058966596268e-05
0,0,0.6596498805708646,0.3403501082884228,1.1140712512404359e-08
1,1,0.4307511593391212,0.5692421967999173,6.643860961437667e-06
0,1,0.11987409333500067,0.880096991298209,2.8915366790506168e-05
0,1,0.38865930222918194,0.6113385165409205,2.1812298976401696e-06
0,0,0.6426765598805907,0.3573229499671248,4.901522844553801e-07
0,0,0.7736491621881372,0.22635036219664523,4.7561521770710626e-07
0,1,0.30674696501042265,0.6931790745457806,7.396044379675425e-05
1,1,0.0866965480166863,0.9131156538179301,0.00018779816538353974
0,0,0.870905999430794,0.12909394797023346,5.259897241592571e-08
1,1,0.36410101963795866,0.6358971762060094,1.804156032098964e-06
0,1,0.03352245349930501,0.8368045856560921,0.129672960844603
1,1,0.2879493355056025,0.7120356608149878,1.5003679409799203e-05
0,0,0.6342423387619929,0.36575283636336714,4.8248746399434975e-06
0,0,0.6088025320007031,0.39119639922612054,1.0687731764196063e-06
1,1,0.14707103955901585,0.8528774388689002,5.152157208406023e-05
2,2,9.32234211115151e-06,0.19373370241602256,0.8062569752418662
1,0,0.792129145465384,0.207870812048812,4.248580396369444e-08
0,0,0.8694866587942465,0.1305133247583576,1.6447395873099627e-08
0,0,0.8384426211391975,0.1615572371817858,1.4167901675519977e-07
0,1,0.40162052822738703,0.5981537002306234,0.00022577154198962017
1,1,0.2965662220302529,0.703432329456838,1.4485129090990975e-06
1,1,0.2777024724913025,0.7222916626622493,5.864846448230676e-06
0,1,0.4717216246126928,0.5282753729872729,3.0024000342823302e-06
1,1,0.2519053630020677,0.7480889272329089,5.709765023504139e-06
0,1,0.2950897534851676,0.704855971920568,5.427459426434081e-05
0,0,0.6795033557705586,0.3204965780651359,6.616430556973659e-08
0,1,0.4108262681686506,0.5891718955584011,1.8362729482889666e-06
1,1,0.13596873964822212,0.8639977831562835,3.3477195494510254e-05
1,1,0.3064029786181936,0.6935930477144276,3.973667378742301e-06
1,1,0.025242183058771277,0.9746202607667933,0.0001375561744353036
2,2,4.489010964159067e-07,0.026946302731848216,0.9730532483670554
1,0,0.6271112270399561,0.3728856611978706,3.1117621732427227e-06
0,0,0.8216236168216636,0.1783763587144052,2.4463931132523553e-08
0,0,0.5653209039473255,0.4346496160913658,2.947996130873091e-05
0,0,0.9404974867746047,0.05950250602815269,7.197242675477668e-09
1,1,0.08173471270550649,0.9179658952576967,0.0002993920367967667
1,1,0.32445016190671894,0.675464784695874,8.505339740690369e-05
2,2,2.1686251320695536e-09,1.8260952911050075e-09,0.9999999960052797
1,1,0.3769352779816981,0.6230633347833999,1.3872349018901773e-06
1,0,0.5959265209940822,0.4040646104947304,8.868511187403061e-06
1,1,0.1792264600215788,0.820766075754949,7.4642234720736225e-06
1,1,0.15171223098000325,0.8472447158628568,0.001043053157139882
0,0,0.9999980618645907,1.7928509798315273e-06,1.452844293792678e-07
0,0,0.9677223360226582,0.03227699467235995,6.693049817109585e-07
1,0,0.5422747373655311,0.457718724741304,6.537893164944716e-06
1,1,0.3859905622073946,0.6139101282432675,9.930954933789873e-05
0,0,0.5333792219348423,0.4666195274393172,1.250625840468497e-06
1,1,0.25869804032211297,0.7413001694308134,1.790247073684713e-06
1,1,0.4202561072236465,0.5797431512290724,7.415472811745449e-07
0,0,0.6604447235156986,0.3395550574878875,2.18996413770199e-07
0,0,0.8588728072099177,0.14112715747611532,3.531396718799921e-08
0,0,0.5543773479753139,0.44562202940302903,6.226216570296737e-07
1,1,0.09562335110321386,0.904297995088852,7.865380793425934e-05
1,1,0.12293742720101261,0.8769817992863634,8.077351262400108e-05
0,0,0.6836251764204688,0.31637466590515045,1.5767438078729808e-07
2,2,0.0006804523460061918,0.09576667380472927,0.9035528738492645
0,0,0.7120117836823784,0.2879865341498194,1.6821678023715642e-06
0,0,0.9094092721830426,0.09059008891036181,6.389065956201592e-07
1,1,0.230633929777922,0.7680955805448124,0.0012704896772656367
2,2,2.5775062080416197e-08,0.0021586231478542767,0.9978413510770836
2,2,0.005020672547150059,0.2555331634112621,0.7394461640415878
0,0,0.6528531509839698,0.34714653634279347,3.126732367735668e-07
1,1,0.3428698739082331,0.6571270243958666,3.101695900302999e-06
1,1,1.4826434872959759e-06,0.6044629964267079,0.3955355209298047
1,1,0.3360121017261288,0.6639711830959507,1.6715177920481725e-05
1,1,0.05121309756496704,0.9486983572185239,8.854521650905943e-05
0,0,0.5714310138554218,0.4285677585368068,1.2276077714041146e-06
0,0,0.7888721765766098,0.21112724751308684,5.759103034572402e-07
0,0,0.53956365630589,0.4604315552353265,4.788458783630723e-06
0,1,0.22961030936849716,0.7703831679506727,6.522680830104365e-06
0,0,0.6343285225304246,0.36567142122548335,5.624409205310077e-08
1,1,0.2880313240880397,0.711957616212117,1.1059699843194627e-05
1,1,0.19351725592429286,0.8064758868185561,6.857257150856178e-06
1,1,0.15977223634095153,0.8380297219221491,0.002198041736899332
1,1,0.06887076207875681,0.9302594193882191,0.0008698185330241511
0,1,0.4921358214829428,0.5078538561470453,1.0322370011910145e-05
0,0,0.7919955151386461,0.20800446693272695,1.792862687470394e-08
0,0,0.689719396039975,0.3102805853550461,1.860497880959843e-08
0,1,0.4879705620539438,0.5119958885838866,3.3549362169617586e-05
1,1,0.2412351590833088,0.7587263196157843,3.852130090691235e-05
0,0,0.7096875423413749,0.2903115088138195,9.488448055559426e-07
1,1,0.11435220371621176,0.8854618025779246,0.00018599370586347704
2,2,0.005154450729466486,0.22038169647088707,0.7744638527996466
1,1,0.22055549539774918,0.7794395802795747,4.9243226761772875e-06
1,1,0.3593092182222192,0.640687912029225,2.8697485557096487e-06
1,1,0.048063466245189874,0.8225497360158757,0.12938679773893436
1,1,0.14805756283212043,0.8519060475985893,3.63895692902234e-05
0,0,0.7058687903737355,0.29413086727112736,3.4235513705075394e-07
1,1,0.030883984569263376,0.9664563893036543,0.0026596261270822974
0,1,0.49598255449977596,0.5040170079966235,4.375036004756225e-07
0,0,0.6725204392757154,0.32747954158396625,1.9140318432996205e-08
1,1,0.029865352002849985,0.9667006970841027,0.0034339509130475077
0,0,0.8657238652955743,0.13427611214129254,2.2563133129065435e-08
0,0,0.607464778192637,0.3925351819898378,3.9817525277963884e-08
1,1,0.3743447689863926,0.6256534966533308,1.734360276589874e-06
0,0,0.7911556379570207,0.20884435420188793,7.84109131860351e-09
1,0,0.6256087528432606,0.37439117015988466,7.699685472466485e-08
1,1,0.11275235213525964,0.8872282477948985,1.9400069841882285e-05
1,1,0.3970588180226187,0.6029403411708985,8.408064827351788e-07
0,1,0.13923153980179395,0.8573217261089916,0.003446734089214444
1,1,0.1150291401905305,0.8849489155373739,2.194427209551262e-05
1,1,0.32099396058018714,0.6789099947973383,9.604462247446386e-05
0,1,0.4725728330576848,0.5274245874027537,2.579539561601838e-06
0,1,0.39022773444640285,0.6097687335322313,3.532021365959428e-06
0,0,0.931344191858792,0.06865545274278771,3.5539842026864953e-07
1,2,3.341465964688111e-05,0.4497599575281631,0.5502066278121899
1,1,0.44975740969237354,0.5502421280459562,4.6226167027520506e-07
1,0,0.5335758109410742,0.466423742259103,4.4679982280719153e-07
2,1,0.00031305906018388785,0.8517842494746558,0.1479026914651603
0,0,0.6113782342760578,0.3886164817585244,5.283965417878881e-06
1,1,0.22574306454271295,0.773413140449367,0.000843795007920047
1,1,0.2642413275665926,0.7357118585343689,4.6813899038357826e-05
0,0,0.6942359458280697,0.3057630236958121,1.030476118260945e-06
0,0,0.8189045519162602,0.1810935590103697,1.8890733701062251e-06
0,1,0.3723080733091693,0.6276532352170726,3.8691473757993345e-05
0,1,0.18162145693778314,0.8183551353599593,2.340770225755558e-05
2,2,2.762940289209571e-06,0.09116925709658648,0.9088279799631244
0,0,0.8400577999314042,0.15994185489072754,3.451778682778708e-07
0,0,0.7939134323027531,0.2060840280525505,2.53964469643486e-06
0,1,0.24844756098139284,0.7514988021707595,5.363684784758184e-05
0,1,0.2509781715042139,0.7489830209551549,3.880754063106572e-05
1,1,0.04398899211684274,0.9169070522223126,0.03910395566084461
1,1,0.4048975065001017,0.5950999843574217,2.5091424765901136e-06
2,2,2.827304431548388e-10,0.0107281553719507,0.9892718443453189
1,1,0.18821028466825648,0.8117238530023625,6.586232938096338e-05
1,1,0.4910477879711163,0.5089404051240107,1.180690487295153e-05
2,1,0.020837588637342735,0.7909213383580186,0.1882410730046388
1,1,0.2524209469740266,0.7475761725367531,2.880489220320867e-06
0,1,0.4409856376468676,0.559010465028618,3.8973245145413774e-06
0,0,0.5144249846235954,0.4855747229127158,2.924636888425485e-07
0,1,0.3231167710520977,0.6768730499935236,1.0178954378791807e-05
1,1,0.02606159084520136,0.9738175692566795,0.0001208398981190131
0,0,0.5789060120254634,0.42109322912156727,7.588529692973807e-07
1,0,0.514424343734265,0.4855732019570702,2.4543086647192644e-06
0,0,0.9665318986130855,0.03346803027113557,7.111577874865828e-08
1,1,0.06578575634454702,0.9341875182960375,2.6725359415572387e-05
0,0,0.9911500937609395,0.008849903750339633,2.4887209964454535e-09
1,1,0.2024966172703787,0.7969648735170985,0.0005385092125226368
0,1,0.49774532415393674,0.502251539983291,3.1358627722820573e-06
1,1,0.19287041920739817,0.8071122680474716,1.731274513033195e-05
0,1,0.20138029595091966,0.7981148157271106,0.0005048883219696157
1,1,0.05931114468439241,0.9406288821363791,5.9973179228634765e-05
1,1,0.06901944869696872,0.9031432607807011,0.027837290522330076
0,0,0.9540704935864569,0.04592948443576124,2.1977781840535913e-08
1,1,0.02123205362583211,0.821564367061528,0.15720357931263987
1,1,0.3751715199139749,0.6247880621971716,4.041788885355547e-05
1,1,0.04121654201562302,0.9303087632426809,0.02847469474169611
1,1,0.018819294906740305,0.9811117916043121,6.89134889477918e-05
0,0,0.8492431623682699,0.15075488364542328,1.953986306769947e-06
0,1,0.32669770409542725,0.67329988972945,2.406175122748687e-06
1,1,0.07675412776188849,0.9229397492629168,0.0003061229751948362
1,1,0.1787933660726331,0.8209794505283343,0.00022718339903258778
1,1,0.1672953218083677,0.8326900506071193,1.4627584512879371e-05
1,1,0.3014450243760927,0.6985383587111358,1.661691277155279e-05
1,1,0.48027887247429263,0.5197178672136802,3.260312027195383e-06
1,0,0.7952756853651661,0.20469256950820044,3.174512663345727e-05
1,1,0.17536198225414837,0.8246323721015637,5.645644287976931e-06
0,1,0.04817696271880108,0.9515895161692711,0.00023352111192764263
1,1,0.46841163213649356,0.5315871258348875,1.242028618962915e-06
0,0,0.789037660552176,0.210962289317564,5.0130260139526844e-08
0,1,0.20096507268406522,0.7983511924239961,0.0006837348919388203
0,0,0.753665977319802,0.2463340133977985,9.282399457888627e-09
1,1,0.35666456586850415,0.64333213557217,3.298559325942393e-06
0,1,0.27641433233757035,0.7235735190406384,1.2148621791242041e-05
1,1,0.22510506597065832,0.7748874364519346,7.497577407167942e-06
0,1,0.21790037495471493,0.7820928532178418,6.7718274432492545e-06
0,1,0.3703253905945255,0.6296736383129972,9.710924771622467e-07
1,1,0.10596304753838132,0.8940196524808047,1.729998081395675e-05
1,1,0.07432225991474437,0.9256508507459755,2.6889339279911602e-05
0,0,0.6120867628161447,0.3879127354676727,5.017161826448694e-07
2,2,3.2528138018462964e-06,0.06622792231526084,0.9337688248709373
2,2,0.00041227628097928633,0.04266698893275567,0.9569207347862652
1,1,0.2645333521663484,0.7353855408773919,8.110695625976186e-05
0,0,0.6434305758944839,0.3565692408012886,1.8330422756710864e-07
0,0,0.9848151687941294,0.015184825708957383,5.496913221953197e-09
0,0,0.9211130544359676,0.07888642623254599,5.193314865249769e-07
0,0,0.7709829274189569,0.22901706483479203,7.74625107632677e-09
1,1,0.16951771153897904,0.8304505644323903,3.1724028630715694e-05
1,1,0.11782133840657123,0.8819436194745529,0.0002350421188759388
1,1,0.11319724861355066,0.8867369524897211,6.579889672833262e-05
0,1,0.054582064941728056,0.9453579112046496,6.002385362226344e-05
0,0,0.957142325864961,0.04285289206999067,4.7820650484307414e-06
0,0,0.5066837712743317,0.49331321890330143,3.0098223668123563e-06
1,1,0.05556584046000184,0.9443218356510992,0.00011232388889894635
1,1,0.0529788665358539,0.9469557136695124,6.541979463380126e-05
1,1,0.3162676611469286,0.6837298737652463,2.4650878250416432e-06
0,1,0.10660695557850099,0.8928972715801939,0.0004957728413050092
2,2,0.0005110686357885926,0.08917285775501323,0.9103160736091983
0,0,0.6955535156134725,0.30444456424981264,1.9201367149638414e-06
0,0,0.9386929143018533,0.061307003121283926,8.257686269214012e-08
1,0,0.7096504342692468,0.29034851328138295,1.0524493703309627e-06
0,0,0.9112634986159298,0.08873649508018625,6.303883808323335e-09
0,0,0.8927080361144646,0.10729104656896964,9.173165657927041e-07
1,0,0.5226047587445277,0.4773949176623924,3.235930798719915e-07
0,0,0.9288881749127869,0.07111174007983759,8.500737569128803e-08
1,1,0.018668449484647055,0.98118291385681,0.00014863665854302085
0,0,0.6443395709659058,0.35566037443134807,5.460274620385479e-08
1,1,0.19651441923288274,0.8033797383579339,0.00010584240918334521
1,1,0.39968918173282925,0.6003103907029734,4.275641973911091e-07
1,1,0.032437701442008915,0.8977624643451142,0.06979983421287697
0,0,0.8579215165312737,0.14207832631170667,1.5715701974757045e-07
1,1,0.133641399135847,0.8661187616122549,0.00023983925189828792
1,1,0.23542655740779814,0.7645696978446461,3.74474755566772e-06
1,0,0.5473936014794546,0.45260574387897873,6.546415666381411e-07
0,0,0.9519201989663378,0.04807897575764003,8.252760220967114e-07
2,2,5.139402516572039e-07,0.018952953896724977,0.9810465321630234
1,1,0.020455030074437917,0.9794600535385053,8.491638705678757e-05
1,0,0.7223051291673873,0.2776948615771878,9.255424895573226e-09
1,1,0.07649647749844703,0.9234806408585046,2.2881643048503162e-05
0,0,0.5982034913244184,0.40179549769943546,1.0109761461154589e-06
1,1,0.0702714513413227,0.9157865992101345,0.01394194944854285
1,1,0.13709390796766632,0.8628781636590923,2.7928373241404405e-05
1,1,0.15107797680919924,0.8489066259692231,1.5397221577659305e-05
0,1,0.18374437531017931,0.8161599443518478,9.568033797280878e-05
0,0,0.8131084055392344,0.18688952020922478,2.074251540874078e-06
1,1,0.11082425407278972,0.8891614511492889,1.429477792127371e-05
0,0,0.8145382032044307,0.18546153490442535,2.618911440221714e-07
1,1,0.2802246568108991,0.7197702850448657,5.058144235178869e-06
0,0,0.804437772171486,0.19556155207233172,6.757561821875015e-07
1,0,0.5368605085964101,0.46313917460410947,3.167994804789861e-07
0,0,0.7092522022929494,0.29074772558469153,7.212235901889734e-08
0,1,0.3366132706943193,0.6633844241197712,2.305185909582658e-06
0,0,0.7294318990049199,0.27056800772711914,9.32679609272515e-08
1,0,0.620188805931535,0.37981024379252143,9.502759435536703e-07
1,1,0.047639228930929256,0.9523264500860305,3.432098304039987e-05
2,2,1.2461841890881674e-06,0.0947065869933529,0.9052921668224579
1,1,0.3460150946025849,0.6539784605005876,6.444896827505391e-06
0,0,0.6440045774904501,0.3559952648011993,1.5770835053681997e-07
0,0,0.6977877900398585,0.3022117690020866,4.4095805493091645e-07
1,1,0.2158600299921075,0.7841254677953179,1.4502212574586458e-05
0,1,0.3109580763432293,0.6890264990432025,1.5424613568207394e-05
0,0,0.705588756156982,0.29440979056661704,1.4532764009446834e-06
0,0,0.7832361929101369,0.21676380213276852,4.957094610017056e-09
0,0,0.6486957713837317,0.3513030662294266,1.1623868417859243e-06
2,2,2.413570311711389e-06,0.06331138083382833,0.9366862055958599
1,1,0.15775368743064935,0.8325092128635849,0.009737099705765693
0,0,0.829074676715099,0.17092526224163104,6.10432698941327e-08
0,1,0.24814310589292526,0.7518549237933797,1.9703136950435174e-06
1,1,0.183913945912874,0.8160562584994374,2.9795587688576147e-05
1,1,0.3730447627955762,0.6269514396149195,3.7975895042630697e-06
1,1,0.3510698383103143,0.6489143564280111,1.5805261674664855e-05
1,0,0.6802272721249201,0.319766898188421,5.829686658796579e-06
1,1,0.11498323595972411,0.8849993584002885,1.740563998747889e-05
1,1,0.2652034213060612,0.7347926369506744,3.9417432644251226e-06
0,0,0.9673341178305778,0.03266566516871166,2.1700071069190877e-07
1,1,0.3245503585927419,0.6753833131863861,6.632822087205024e-05
2,2,1.175922933478341e-06,0.09105564445497906,0.9089431796220874
0,0,0.9999637132804364,3.625433581424081e-05,3.238374932179404e-08
1,1,0.08308286520652149,0.9168843996507963,3.273514268227137e-05
2,2,7.701755528153864e-06,0.2280516643702576,0.7719406338742143
0,0,0.6440264942382053,0.35597317007238394,3.356894106231159e-07
0,0,0.9690800470958553,0.03091721829100446,2.7346131401106105e-06
1,1,0.0725780129482394,0.9266036412399382,0.0008183458118224559
0,0,0.5697302580827229,0.4302429874381237,2.6754479153234452e-05
1,1,0.4261310714934359,0.5738686740460647,2.5446049938212137e-07
1,1,0.28448504197175234,0.7155032894789957,1.1668549251962189e-05
1,1,0.4817507656439979,0.5182489028959741,3.3146002796401224e-07
2,1,0.00012556030959188927,0.6073879209461297,0.3924865187442784
0,0,0.8676042740205189,0.13239570803602393,1.7943457275175088e-08
1,1,0.18457984075310277,0.8154136783505143,6.480896382954004e-06
2,2,3.462574927359874e-13,1.4006930187460048e-08,0.9999999859927236
1,0,0.7778527536463847,0.22214670882767767,5.375259378039521e-07
1,1,0.3553973555412662,0.6446008438106018,1.8006481318756112e-06
0,0,0.5565100733641949,0.44348951777443474,4.08861370377219e-07
1,1,0.30090742776273305,0.6990869297386761,5.642498590743173e-06
1,1,0.36586513045007096,0.6341345872422346,2.8230769443762565e-07
0,0,0.5910139610596427,0.40898398254117374,2.056399183479113e-06
1,1,0.3147551740689244,0.6852292597912011,1.5566139874506363e-05
1,1,0.024976311307297053,0.9748630633417895,0.00016062535091331256
1,1,0.07544651324553889,0.9245112454214736,4.224133298768673e-05
1,1,0.3085309479449026,0.6911922171762042,0.0002768348788931945
2,2,1.6071439961767573e-07,0.012256953706108693,0.9877428855794916
1,0,0.533714047618666,0.4662670709329453,1.8881448388821682e-05
1,1,0.22435934911410765,0.7756368578134524,3.793072439917576e-06
1,1,0.34878308409162345,0.6512112583065068,5.657601869754679e-06
0,1,0.41856958432851704,0.5814288762035993,1.5394678836019998e-06
1,1,0.008400580053462874,0.991460564287432,0.00013885565910526067
1,1,0.05323712426205425,0.9466199336152943,0.00014294212265159752
1,0,0.7906610091914948,0.20933898216073207,8.647773141678252e-09
2,2,4.59138088957556e-08,0.009666247156919794,0.9903337069292713
0,1,0.06325589029521506,0.8737044755515032,0.06303963415328163
2,2,4.3351832614618025e-07,0.018660690774249568,0.9813388757074243
1,1,0.014767872891774949,0.7558349517539621,0.2293971753542631
1,0,0.650812799994459,0.3491803706299241,6.829375616930701e-06
0,0,0.878779738662141,0.12122023943166806,2.1906190959549295e-08
1,1,0.19896355464932983,0.8009267961812003,0.00010964916946994522
0,1,0.31415675375973456,0.6858426382848305,6.079554349865687e-07
0,1,0.3989882957850949,0.601004101537295,7.602677609994104e-06
1,1,0.3240688289498027,0.6757282163452534,0.0002029547049439769
1,0,0.8126289421248054,0.18737097990770493,7.796748973864954e-08
1,0,0.5542187797402801,0.44578041654873657,8.03710983284616e-07
0,0,0.7810404348694118,0.21895941999124216,1.4513934602976267e-07
0,1,0.08928272862333976,0.8928212806814544,0.017895990695205897
2,2,1.708966835297552e-05,0.36712648821560717,0.6328564221160399
1,1,0.08592552831938517,0.9138877343440496,0.00018673733656534428
1,1,0.2707909930920854,0.7292052555578897,3.7513500249033214e-06
0,0,0.9588676040685473,0.04113229344502041,1.0248643221707377e-07
0,1,0.3917926569760642,0.6081746333935203,3.27096304155129e-05
1,1,0.19220745950700585,0.8077887262034318,3.814289562196965e-06
0,0,0.6750304214165497,0.3249693124770339,2.661064163651777e-07
1,0,0.6679718161835533,0.33202768671216804,4.97104278550418e-07
1,0,0.5672387486000359,0.4327612163602678,3.5039696248148655e-08
1,1,0.1568923079322673,0.8424541604196126,0.0006535316481199583
1,0,0.763657872564215,0.23634209565336592,3.1782419171593705e-08
0,1,0.09508154859738747,0.9047743413647432,0.00014411003786941098
0,0,0.9785528330587282,0.02144714357904243,2.3362229550167534e-08
0,0,0.5733880022253904,0.42661196207437935,3.570023025259204e-08
0,0,0.9538532607637725,0.04614669965698651,3.957924092196273e-08
1,1,0.1269388640079603,0.8730193674958079,4.176849623176559e-05
1,1,0.08436825271144702,0.9030324920299786,0.012599255258574391
0,1,0.15279734435899098,0.8471934022528127,9.253388196241228e-06
0,0,0.9256514445227022,0.07434852789133879,2.758595891070321e-08
0,0,0.7338379261235197,0.26616206345555726,1.042092309182492e-08
0,0,0.9706340816250755,0.02936588453175344,3.384317102962852e-08
0,1,0.18624630483393798,0.8137439324077591,9.762758302882882e-06
1,1,0.12154828290397413,0.878440063189422,1.1653906603740506e-05
0,1,0.4894830646773921,0.5105087943941495,8.140928458324205e-06
0,0,0.9285834797811084,0.07141651876206905,1.4568225894883258e-09
1,0,0.574472411072036,0.42552724435837325,3.4456959080951147e-07
0,0,0.7746806378346066,0.22531860540747187,7.567579215021934e-07
0,0,0.6744490351506313,0.3255388697837119,1.2095065656936243e-05
0,0,0.9680512822579168,0.031948682608493824,3.5133589398777765e-08
1,2,4.5767347659983354e-06,0.04067435741910155,0.9593210658461325
0,0,0.5615709110853759,0.43842730746443676,1.781450187276111e-06
1,1,0.26174816748803753,0.7382254969129626,2.6335598999932793e-05
0,0,0.5385874420517697,0.46141232486327904,2.3308495139056939e-07
1,1,0.06498001377600415,0.9348965746396836,0.00012341158431233916
1,1,0.1470729246821543,0.8529121404918245,1.4934826021188584e-05
0,0,0.5672363767508523,0.43276312202246464,5.012266830902649e-07
1,1,0.06039099459132346,0.9395652589458395,4.374646283703064e-05
0,1,0.4548222447018575,0.545175611948952,2.143349190520387e-06
0,0,0.8019486149784883,0.19805107864085011,3.06380661549383e-07
0,1,0.3551081875979708,0.6448620212820364,2.9791119992727282e-05
1,1,0.2779500835186592,0.722044348749384,5.567731956895515e-06
1,1,0.030802575747481437,0.8583439744726185,0.11085344977990008
0,1,0.3052841402973781,0.6947077706876013,8.089015020714346e-06
1,1,0.039619499785410045,0.9601238961128749,0.0002566041017149342
1,1,0.008806257742250028,0.9893567719551674,0.001836970302582562
2,2,1.254283885890558e-06,0.05901652094040158,0.9409822247757125
0,1,0.4498240504153787,0.5501725570265799,3.392558041377056e-06
0,1,0.12140009106679746,0.8782976021443291,0.0003023067888734522
1,1,0.2137304517694295,0.7862396178579169,2.993037265375631e-05
0,0,0.5935342854276969,0.406464110822594,1.6037497091861012e-06
1,1,0.2406721878282066,0.7593243489428085,3.463228984918746e-06
1,1,0.10909834748950457,0.8908661212657354,3.553124475993729e-05
1,0,0.6260299912427733,0.37396429518971663,5.713567510166202e-06
1,1,0.17989064988080633,0.819930449234288,0.00017890088490556865
1,1,0.36535184521905656,0.634646462168403,1.6926125404578343e-06
0,0,0.973476711178128,0.026523252099993,3.672187898438015e-08
1,0,0.8324430528249818,0.16755669928042402,2.478945942351606e-07
0,1,0.04707600085872042,0.9526049919957729,0.00031900714550672316
1,1,0.48632136154458466,0.5136776167862095,1.0216692058200527e-06
1,1,0.1370501106402549,0.8629453271165569,4.56224318818967e-06
1,1,0.32255367796939016,0.6774429022329329,3.4197976769776424e-06
2,2,7.062870610269114e-06,0.28352937483271107,0.7164635622966787
0,1,0.321105456969811,0.6788802416019998,1.4301428189310163e-05
1,0,0.6614033037561305,0.3385964664932983,2.297505710657908e-07
0,0,0.8176011219418443,0.18239885369636855,2.4361787287826227e-08
0,1,0.32418505093404043,0.6757737616093809,4.1187456578612846e-05
1,0,0.712882820044827,0.28711716904113405,1.0914039078250522e-08
1,1,0.2930195690053535,0.7068659085622148,0.00011452243243180193
2,1,0.033202820811215145,0.8598075567785723,0.1069896224102124
1,1,0.29339823371028406,0.7065722551677318,2.9511121984229354e-05
1,1,0.05410016367253561,0.94466956570212,0.001230270625344372
0,0,0.8295791564071907,0.17042081920942115,2.4383388180781953e-08
0,1,0.1811635296291957,0.8184752602512992,0.0003612101195050912
1,1,0.08847861885474044,0.9114027684392867,0.00011861270597285569
1,1,0.3455675738177728,0.654430292524645,2.133657582148882e-06
0,0,0.8680124054441546,0.13198759110058744,3.455257972789825e-09
1,1,0.23581613570183724,0.7641812286798442,2.6356183186654977e-06
1,1,0.3625087670854085,0.6374906847353201,5.481792713273207e-07
0,0,0.9461149366806912,0.053884838552996445,2.2476631241648005e-07
1,1,0.03361271789099708,0.9662112441344753,0.00017603797452766476
0,1,0.15862929787433397,0.8413321537347084,3.854839095773048e-05
1,1,0.12034658661067354,0.8679830361556738,0.011670377233652583
1,1,0.3100642987598388,0.6896370799644562,0.0002986212757049296
0,0,0.7229533153130736,0.2770463237859789,3.609009476471508e-07
0,1,0.29064574739647925,0.7093205397541137,3.3712849407040125e-05
0,0,0.6471671185818013,0.3528322462855138,6.351326850040121e-07
1,1,0.07045980345489089,0.9294910537443026,4.91428008063849e-05
1,1,0.4050975651606063,0.5949017617435328,6.730958608740955e-07
1,1,0.2151188263585574,0.7848748067916608,6.366849781779701e-06
0,0,0.6250270982913361,0.3749728522162548,4.949240917623171e-08
1,0,0.5091892545460075,0.4908104062086274,3.392453651059513e-07
0,0,0.6206232399875184,0.37937625802186775,5.019906137638237e-07
2,2,1.772358920060693e-07,0.013694376603351797,0.9863054461607562
2,2,4.858436002135555e-06,0.0798907414128582,0.9201044001511397
1,1,0.1542152591883543,0.8446696236217448,0.001115117189900756
1,1,0.09158714451476913,0.8968141663444481,0.01159868914078273
0,0,0.8948418751991328,0.10515763439967317,4.904011940102335e-07
0,0,0.7923276450190987,0.2076720892526633,2.657282381138543e-07
0,0,0.5611164126635708,0.43888292174536253,6.655910666848992e-07
1,1,0.32487181950093835,0.6751256513396259,2.529159435706796e-06
1,1,0.24350223997677428,0.7564817460815124,1.6013941713310827e-05
1,0,0.5168235779738108,0.4831754027477788,1.0192784103172212e-06
0,1,0.46253008955390373,0.5374697483423357,1.6210376061232952e-07
1,1,0.25281997449771193,0.7471754889605468,4.5365417413050515e-06
0,1,0.13451928858497317,0.8654721024464099,8.608968616989591e-06
1,0,0.8035592520942811,0.19644064698790065,1.009178180872012e-07
0,1,0.4397767648368905,0.5601697021971892,5.353296592031298e-05
1,1,0.15043883739875094,0.8495548576821894,6.304919059572034e-06
0,0,0.6970183450022163,0.3029812351718203,4.1982596340654187e-07
0,0,0.8588917789673909,0.14110821581901814,5.213590984234592e-09
1,0,0.6829415412727712,0.31705844844286585,1.0284362997490032e-08
1,1,0.0914076435555331,0.9085174278574973,7.492858696974908e-05
1,0,0.5363214275928769,0.4636784115350139,1.6087210914897267e-07
1,1,0.2643470161128537,0.7356433721429426,9.611744203667299e-06
0,0,0.6614817480997388,0.33851782101952665,4.3088073445695264e-07
2,1,0.026763718888233038,0.9472741420938425,0.02596213901792453
0,0,0.8406411662670966,0.15935866249443645,1.712384669456479e-07
1,1,0.09016501660465079,0.9089772629283555,0.000857720466993773
1,1,0.16594141937480972,0.8340487993460748,9.781279115512729e-06
1,0,0.5743840032586972,0.42561525946409,7.372772128270386e-07
0,0,0.9757342463927207,0.024265741222237305,1.2385041992225303e-08
1,0,0.5288837861099117,0.471116078899457,1.3499063123301535e-07
1,1,0.40244083002916775,0.5955925698563862,0.001966600114446037
0,0,0.8349475796668905,0.16505239117465928,2.91584501201986e-08
1,1,0.17106679356571888,0.8289073678911653,2.583854311572924e-05
1,1,0.4834257195647029,0.516574111450155,1.689851420754121e-07
1,1,0.07797427470343989,0.9218620356845678,0.00016368961199231645
2,2,1.1548987125380926e-08,0.002132776181327966,0.997867212269685
1,0,0.7644066038102529,0.23559337913695913,1.7052787916163583e-08
0,0,0.7091603853724353,0.29083948495448253,1.2967308214355052e-07
2,2,1.0384734002668577e-07,0.01332695451751626,0.9866729416351437
1,1,0.22071126822575454,0.7792845941889641,4.13758528120619e-06
0,0,0.7466410356381529,0.253358937301331,2.7060516223134522e-08
1,0,0.831589300578557,0.1684106480376461,5.138379698115192e-08
0,0,0.9774694105528463,0.02253040643915537,1.830079983300042e-07
1,0,0.5096233386470665,0.490373402226998,3.2591259355088144e-06
1,1,0.07007323722073353,0.9299044626059692,2.2300173297367897e-05
1,1,0.21340093508903502,0.7865926741091619,6.390801803057358e-06
1,0,0.6121132621548103,0.38788658986056795,1.4798462170099868e-07
1,0,0.864757120858831,0.13524286659865872,1.2542510303762217e-08
0,1,0.41062484331879673,0.5893735372324145,1.6194487887528779e-06
0,0,0.7862868371914999,0.21371301641670584,1.4639179425137365e-07
1,1,0.0817678813724213,0.9179246240585496,0.0003074945690290552
0,0,0.9024347777008705,0.09756516096845008,6.133067942619836e-08
0,0,0.9344130692932429,0.06558692282392259,7.882834533358232e-09
1,0,0.5096065891110273,0.4903915261931501,1.8846958226111171e-06
1,1,0.12203485968381234,0.8778981304604002,6.700985578749373e-05
0,0,0.9265328406394177,0.07346704581092584,1.1354965650639154e-07
0,0,0.8818315357890205,0.11816841062697925,5.35840001706811e-08
0,1,0.2705602802111474,0.7294379646344724,1.7551543800076371e-06
1,0,0.5565256275487948,0.4434568619776043,1.7510473600972238e-05
1,1,0.15572788608053728,0.8442584994386313,1.3614480831325028e-05
1,1,0.12027069539856357,0.8785618516603353,0.0011674529411011898
2,1,3.828455537657896e-05,0.5654230281469035,0.43453868729771994
0,1,0.34241051813470436,0.6575878462337431,1.6356315525661835e-06
1,1,0.2594769420784808,0.7403834307689066,0.0001396271526127313
0,1,0.2858618045302865,0.7141271318734939,1.106359621968942e-05
2,2,0.00020855446699199378,0.04188762654194256,0.9579038189910655
0,1,0.10064681920965714,0.8992794686766535,7.371211368937976e-05
1,1,0.04991850727242882,0.9069268244123132,0.043154668315257834
1,0,0.6396268293503392,0.3603723442765727,8.263730880185916e-07
0,1,0.29842270725485487,0.7015741268994138,3.165845731473267e-06
0,0,0.9092357555657026,0.09076424100263171,3.4316657051621384e-09
0,1,0.46522017141876987,0.5347793808315783,4.4774965178663444e-07
1,1,0.16562695258844193,0.8338776003043026,0.0004954471072554148
1,1,0.04271092482042834,0.9572651352315277,2.3939948044095447e-05
0,0,0.6923737365318837,0.30762617196565706,9.150245909269499e-08
1,1,0.15832371803292006,0.8415449100913593,0.00013137187572045278
1,1,0.1101604775146707,0.8897959937105359,4.3528774793489465e-05
1,0,0.8238162468082447,0.17618369436809878,5.882365652526012e-08
1,1,0.05281520287279161,0.9135345678465683,0.033650229280640126
1,0,0.5137836503038112,0.48620196273687744,1.438695931135967e-05
2,2,9.0407990765237e-06,0.12704574811079417,0.8729452110901292
0,1,0.49281803001153124,0.5071815541603624,4.158281064339894e-07
1,1,0.13094773024509385,0.8689449234541661,0.00010734630073990059
1,1,0.01251723594955542,0.9873214323087833,0.0001613317416613932
1,1,0.10378656011796457,0.8933935542261859,0.0028198856558496223
1,1,0.32039257654589687,0.6795908658561549,1.6557597948274778e-05
0,0,0.9492109508004267,0.050789023830815155,2.5368758007524607e-08
0,1,0.045838572768136715,0.9537830606323082,0.00037836659955500134
0,0,0.9586944256889854,0.041305538244179034,3.606683554541985e-08
1,1,0.24602971584474315,0.7539380686607007,3.221549455606983e-05
2,2,2.1006019887963087e-06,0.0704396926778782,0.929558206720133
1,0,0.5873029381311881,0.41267785569887466,1.9206169937161062e-05
0,0,0.6338262835426978,0.36617065295613005,3.063501172133648e-06
1,1,0.1022269035258886,0.8977360207714619,3.707570264959289e-05
0,1,0.25534308908795106,0.7446530761145806,3.834797468255215e-06
2,2,2.0361350693788506e-08,0.0054232825173188655,0.9945766971213305
0,0,0.5472507275285129,0.4527490179134934,2.545579937010775e-07
0,0,0.6012696514304405,0.39872889734784456,1.451221714803674e-06
1,1,0.36573800013990665,0.6342612465244352,7.533356581828123e-07
0,1,0.3662563149340686,0.6337389367802345,4.748285696978532e-06
2,2,5.501102427728597e-11,0.0017845760332572858,0.9982154239117318
0,0,0.8196106511190461,0.18038905691555573,2.919653982158122e-07
1,1,0.3615681917933611,0.6384302161263613,1.5920802776750987e-06
0,0,0.9381650838308111,0.061834905545055115,1.062413386916362e-08
1,0,0.8440883679978312,0.15591163010675657,1.8954123021827076e-09
0,0,0.6975482795116257,0.3024516800638037,4.042457057033267e-08
0,0,0.6695225670498457,0.3304732785872327,4.154362921587304e-06
0,0,0.9649082883457618,0.03509167725330739,3.4400930608620723e-08
1,0,0.6258621488488323,0.37413557961615906,2.271535008632251e-06
0,0,0.7023167176763352,0.29768295237006387,3.299536009676277e-07
0,0,0.7383722941641738,0.26162101031027424,6.695525551827478e-06
1,1,0.03770954513733296,0.9622183997425983,7.205512006880889e-05
1,1,0.3929152283669127,0.6070841219361073,6.49696979917683e-07
1,1,0.0426222529124843,0.9573392314084448,3.851567907076808e-05
0,0,0.7019528271930087,0.2980460383720421,1.1344349494052836e-06
1,1,0.4803877794309116,0.519611694620693,5.259483953486038e-07
1,1,0.4693038211388966,0.5306801497747404,1.602908636295715e-05
0,0,0.7130363401745731,0.2869634474372714,2.1238815549950884e-07
1,1,0.1231176766085735,0.876879305191846,3.018199580678435e-06
0,0,0.8188887614520713,0.18111121374591507,2.4802013584991427e-08
1,1,0.34689230806327703,0.653107187683848,5.042528749870636e-07
2,2,4.98243169835938e-07,0.03079152789278522,0.9692079738640449
0,0,0.7209205834560152,0.2790792451221287,1.7142185612425483e-07
1,1,0.28981767439190903,0.7101788303745638,3.4952335271861247e-06
0,1,0.3091160960170736,0.6908443479663545,3.9556016571741394e-05
1,1,0.41304285053688405,0.5869570791212451,7.034187073582771e-08
0,1,0.2638771029174998,0.7361193508335098,3.546248990585697e-06
1,1,0.09671912011296921,0.9032535744444107,2.7305442619975685e-05
1,0,0.5797611950345659,0.42023806293392846,7.420315055557646e-07
1,0,0.7043529643062049,0.2956470193610148,1.6332780411290626e-08
0,0,0.9107467725959791,0.08925321944611408,7.95790672168465e-09
0,1,0.3077913376096368,0.6921988155834664,9.84680689672858e-06
0,0,0.8250991469116951,0.1749006205555919,2.3253271304312623e-07
2,2,4.4310698286595446e-08,0.014153944678031206,0.9858460110112706
1,1,0.032735614253600526,0.7808213757667868,0.1864430099796126
0,0,0.8585095415426902,0.1414898615840591,5.96873250760994e-07
0,0,0.5909507424207671,0.40904890067252564,3.569067073995895e-07
1,0,0.6367153937009427,0.3632844256869478,1.8061210948167116e-07
0,1,0.18986561596201199,0.8101253145034434,9.069534544593065e-06
1,1,0.07393077969850192,0.9005709027881806,0.025498317513317405
1,1,0.4847255395011547,0.5152742348659651,2.2563288019682463e-07
0,1,0.48220479384141585,0.5177880004897701,7.205668813993472e-06
1,0,0.5956744328328464,0.4043201795894599,5.387577693812689e-06
2,2,7.432676714631601e-06,0.205521840176425,0.7944707271468603
1,1,0.3325678042000652,0.6674307114480863,1.4843518484464642e-06
0,0,0.7693832320432945,0.23059763312398096,1.9134832724499297e-05
1,1,0.30850745142296876,0.6914850067100087,7.541867022605951e-06
0,0,0.9999984806759221,1.477556058016235e-06,4.1768019969675016e-08
1,1,0.03265310886274216,0.8553620478077698,0.11198484332948802
1,2,2.418753404726257e-05,0.47118441480646983,0.5287913976594828
1,1,0.07453460496424437,0.9254410316427281,2.436339302762926e-05
1,1,0.22141077427743336,0.7785602817273216,2.894399524500569e-05
1,1,0.1152197942684352,0.8847278007470132,5.24049845517564e-05
0,0,0.8958146511298918,0.1041852222643014,1.266058067274668e-07
1,1,0.29583398082408746,0.7041648482352733,1.170940639305201e-06
2,2,2.643026973344366e-06,0.06603708805897425,0.9339602689140525
0,0,0.6386028164721601,0.3613970158481564,1.676796834438727e-07
1,1,0.13594654605029396,0.8640486806124908,4.7733372151523995e-06
1,1,0.20383088838301544,0.7932294614662037,0.0029396501507809375
1,1,0.055371383319590316,0.9446120967010159,1.6519979393885127e-05
1,1,0.10658827177073994,0.8932384623153856,0.00017326591387430268
1,0,0.7541451048315032,0.24585468472441377,2.1044408322107887e-07
0,0,0.7229588231894178,0.27704116637782206,1.0432760186655606e-08
1,1,0.11503390778380271,0.8849217032651826,4.438895101464233e-05
1,1,7.153274752899323e-05,0.8519525459307554,0.14797592132171555
0,0,0.7745951400801329,0.22540477321459013,8.670527694674151e-08
1,1,0.02281768922982741,0.9771434030196144,3.8907750557984096e-05
0,0,0.6639855782214791,0.33601354049922516,8.81279295676595e-07
0,0,0.8959069217357233,0.10409302508532364,5.317895315783106e-08
0,0,0.9463769083035147,0.05362297952121702,1.121752682235126e-07
1,0,0.7801558421153889,0.21984386346834428,2.9441626683866047e-07
0,1,0.23980227924431324,0.7601955553619376,2.165393749283115e-06
2,1,0.017893376936401813,0.83449605076545,0.147610572298148
1,1,0.43493657821201726,0.565040688089983,2.2733697999628288e-05
1,1,0.204478116240145,0.795512971630644,8.912129210933198e-06
0,0,0.7182269464129473,0.2817729564901411,9.709691172150676e-08
0,0,0.9828886934428127,0.017111304341931224,2.215256205094012e-09
1,1,0.13122520923396447,0.8687558264595292,1.896430650620646e-05
0,1,0.17179408851771086,0.8281182015092183,8.770997307076461e-05
1,2,7.48304729263682e-07,0.47128570313169377,0.5287135485635769
1,1,0.19392559036218765,0.8060705237762021,3.88586161015389e-06
0,1,0.4111874060181043,0.5888076702188789,4.923763016919851e-06
1,1,0.310338032151686,0.6896583066774565,3.661170857462589e-06
1,0,0.7637569304795312,0.23624169812916393,1.3713913047088003e-06
0,0,0.7234826070147111,0.27651042083664384,6.97214864519044e-06
1,1,0.20387457886219068,0.7959996169299418,0.00012580420786758673
1,1,0.1401350037628821,0.8520715208733816,0.007793475363736403
0,0,0.8157835444641011,0.18421184711141875,4.608424480147092e-06
0,0,0.9999874885419819,8.273921554082863e-06,4.2375364639128325e-06
1,1,0.03969452281609698,0.9601214328897092,0.00018404429419400153
0,0,0.5762124756674158,0.42378605023842775,1.4740941564083063e-06
0,0,0.8973225050385839,0.10267748652750427,8.433911916904584e-09
0,0,0.9376542248155664,0.062345773245756596,1.938677119767117e-09
1,0,0.5043970512954242,0.4955988769174515,4.071787124238751e-06
1,1,0.3612456782112766,0.6387469275581923,7.394230531005924e-06
0,0,0.763167849324209,0.23683214285654616,7.819244779891152e-09
1,1,0.1395079822030829,0.8604847302193113,7.287577605848373e-06
1,1,0.06877880831172967,0.8641942872547158,0.06702690443355443
1,1,0.2363974641704337,0.7635847975870463,1.773824251991286e-05
0,0,0.6160208539644282,0.38397883000945665,3.160261152562865e-07
1,1,0.020782577525748806,0.9791249541408749,9.246833337634505e-05
1,1,0.02878088945342536,0.9707850893061767,0.0004340212403979452
1,0,0.7942180853764617,0.2057818599286875,5.469485080485228e-08
1,1,0.2883081802820657,0.7116852201072674,6.599610666822785e-06
0,0,0.6256983173578351,0.37429565539646203,6.027245702931514e-06
1,1,0.32312459949947,0.6768582624935512,1.7138006978920335e-05
1,0,0.7459909513109745,0.2540084284217112,6.202673142214679e-07
1,0,0.7531563161506086,0.24684089780137886,2.786048012545562e-06
1,1,0.21407993497006725,0.7859120584605404,8.006569392352313e-06
1,1,0.012464517089439119,0.9872574039515698,0.00027807895899118634
0,1,0.1746398434387162,0.8253156896094274,4.446695185655841e-05
2,2,1.7324494136584397e-07,0.013159007485683851,0.9868408192693747
0,0,0.7265153555267916,0.27348444506718866,1.9940601970294022e-07
0,1,0.4119771823085311,0.5880214351607642,1.3825307047083632e-06
1,1,0.20519768190164703,0.7947932200312186,9.09806713450001e-06
0,0,0.5290058138708873,0.4709939102064358,2.759226769531097e-07
0,0,0.7120687367401858,0.2878892405304758,4.202272933837444e-05
0,0,0.6043893383046253,0.39561042636068977,2.3533468490210857e-07
1,1,0.1483309469692464,0.8516565782708885,1.2474759865117996e-05
0,0,0.7375650227133282,0.262433261778072,1.7155085996782408e-06
0,0,0.8249620900929642,0.17503732507930242,5.848277333746531e-07
1,1,0.32937732806195463,0.6706140689907636,8.602947281812927e-06
1,1,0.3114749485114458,0.6885212971777019,3.7543108522060964e-06
1,0,0.7161866572085693,0.28381183396066023,1.508830770367871e-06
2,1,0.04641481260855173,0.9353058623687721,0.018279325022676277
0,0,0.5829349939985277,0.41706441342401185,5.925774604360752e-07
1,1,0.4776225904579657,0.5223772006417835,2.089002508883017e-07
2,2,1.0931001952286952e-06,0.086402630614981,0.9135962762848236
1,1,0.1437851990600184,0.8561408538411077,7.39470988738172e-05
0,0,0.8867723607187643,0.11322759615710043,4.312413536185507e-08
1,1,0.2601493219530656,0.7398178274333104,3.2850613624001904e-05
1,1,0.12363777057822675,0.8763227512738762,3.9478147897226005e-05
1,1,0.3399398631583637,0.6599192565254366,0.00014088031619969058
1,1,0.031750772950362376,0.9676772963583665,0.0005719306912710884
0,0,0.5442649367335749,0.45573484840352957,2.1486289556067972e-07
1,1,0.15870308041167197,0.8406238154985288,0.0006731040897991328
0,1,0.2847571585551723,0.7149889300455651,0.0002539113992625781
1,1,0.12219487930081435,0.8777986255932252,6.495105960520222e-06
1,1,0.0680091327788312,0.9319788560194671,1.2011201701772613e-05
1,1,0.0541554781297255,0.9458012651227566,4.325674751807653e-05
2,2,3.411156070623127e-06,0.20829536496510498,0.7917012238788245
1,1,0.03735897712290009,0.8046675953647179,0.15797342751238205
0,0,0.6748739429261568,0.3251259626663453,9.440749787909993e-08
1,1,0.24759974110555186,0.7523945419621576,5.716932290507025e-06
1,1,0.4814056123299349,0.5185936770827625,7.105873025966009e-07
1,1,0.4517872508453143,0.5482123180691392,4.31085546495068e-07
0,1,0.2913335103807058,0.7086655485901167,9.410291776284303e-07
0,0,0.7549084702482712,0.24508404273545922,7.487016269490842e-06
1,1,0.0102731621943462,0.9894264593520948,0.0003003784535589153
1,0,0.6184894404407162,0.3815104525347578,1.0702452597761013e-07
1,1,0.2857975291083014,0.7141725049763975,2.996591530101245e-05
0,0,0.8927028073567969,0.10729640104465486,7.915985481704025e-07
1,1,0.12489352650115834,0.8751012889920292,5.184506812471521e-06
0,1,0.057782118068438235,0.9404739633576973,0.0017439185738643897
1,1,0.2117522948360093,0.7882190384758666,2.866668812412412e-05
1,0,0.5683479995362818,0.4316519719413562,2.8522361924824617e-08
0,1,0.46591793713944835,0.5340817829284146,2.799321370620574e-07
1,1,0.3784649217705193,0.6215343477303971,7.304990835980357e-07
0,1,0.29321333180915393,0.7067841079632776,2.560227568473199e-06
1,1,0.3410613198560711,0.6588709962816685,6.768386226035697e-05
1,1,0.02899972733982982,0.9279228296746272,0.04307744298554298
1,1,0.0831339511898815,0.9167885016679582,7.754714216019461e-05
1,1,0.1497131417463186,0.8492693365546801,0.001017521699001259
0,0,0.9442183501904196,0.05578164762797713,2.1816033316473676e-09
0,1,0.2285842862824352,0.7714138263570657,1.8873604990792834e-06
0,0,0.7790254499865579,0.22097402390699808,5.261064440981645e-07
1,1,7.911604441379827e-05,0.8448294665251646,0.15509141743042157
0,0,0.6296884551013906,0.3703109940487978,5.508498115777725e-07
0,0,0.5523282008377153,0.4476714963903334,3.02771951473861e-07
0,0,0.8009939386814747,0.19900595813296482,1.031855606049852e-07
1,1,0.35075024638551877,0.6492456016611184,4.151953362818717e-06
0,1,0.27987846315353215,0.7201171696426948,4.367203773048998e-06
0,0,0.8355632343241738,0.16443676295639462,2.7194316917297623e-09
1,1,0.34264981691446117,0.6539031989463101,0.0034469841392287476
1,1,0.17815944627677147,0.821833439916206,7.113807022541933e-06
0,0,0.5019438506809178,0.49805319831312633,2.9510059559139e-06
1,1,0.12519875147466067,0.8747831592994536,1.8089225885774945e-05
1,1,0.10930766826178184,0.8862226476721662,0.004469684066051884
1,1,0.1470578620669908,0.8529300782389083,1.2059694100817132e-05
1,0,0.6236733800998764,0.3763262902858302,3.296142933849519e-07
1,0,0.8674993378295882,0.13250064399345762,1.817695415027434e-08
1,1,0.24866588615899413,0.7513104331289403,2.368071206577048e-05
1,1,0.032099078712986104,0.9677856014629405,0.00011531982407359332
0,0,0.9999893186588347,7.3582033575605574e-06,3.3231378077164235e-06
1,1,6.756753638770592e-05,0.6990491454067431,0.3008832870568691
1,1,0.051338928160437836,0.8818815203488646,0.06677955149069756
0,1,0.0685322970079121,0.9311123349266203,0.00035536806546770033
0,0,0.8871182824923594,0.1128817061994167,1.1308223902888496e-08
0,0,0.5263793007952634,0.47362062502058916,7.418414750872274e-08
1,1,0.21869021236296185,0.7813073579633476,2.429673690551956e-06
0,1,0.0834613359419548,0.9165287440390607,9.920018984400284e-06
0,1,0.12610041592211352,0.8738830424194487,1.6541658437778733e-05
1,1,0.011800283196561772,0.8393213196825544,0.14887839712088397
1,1,0.07639136812151047,0.9232748271356441,0.0003338047428453655
1,1,0.34673228296216,0.6532371329654966,3.0584072343270863e-05
1,1,0.42473215694814215,0.5749917109903033,0.0002761320615545875
0,0,0.9234433461424807,0.07655663382156269,2.0035956576497818e-08
0,0,0.7174146513080117,0.28258528849891884,6.019306943604388e-08
1,1,0.2438964841891478,0.7560539652898681,4.955052098414215e-05
0,0,0.5327103733158295,0.4672887619894861,8.646946843793979e-07
0,0,0.603048893528072,0.3969500010247977,1.105447130099064e-06
0,0,0.8816702382608477,0.11832975641273487,5.326417392894584e-09
0,0,0.7949464573347215,0.20505351526992935,2.739534902225784e-08
0,0,0.9721531691632921,0.02784678703684729,4.3799860694186014e-08
1,1,0.12677569689858306,0.873074988843257,0.0001493142581597784
1,1,0.08918306618910257,0.8999076462837569,0.010909287527140536
1,1,0.23609681941265415,0.7638754222441758,2.7758343169956282e-05
0,0,0.6440964608305895,0.35590307851305475,4.6065635560495623e-07
2,2,0.016490458549292424,0.4050165647029287,0.5784929767477789
1,1,0.05642539998766169,0.9435313565129797,4.324349935871484e-05
1,0,0.668459193571598,0.33154059868068053,2.0774772150273339e-07
0,0,0.734739938355636,0.26525999962042396,6.202394013545574e-08
1,1,0.3263280647581637,0.6736703893243713,1.5459174648129705e-06
1,1,0.009060451155149689,0.9904479297527287,0.0004916190921216306
0,0,0.6738738999432428,0.32612438218410594,1.717872651279581e-06
1,0,0.6141907067794606,0.3858090657218057,2.2749873381894227e-07
1,1,0.3289873817159082,0.6710098426737446,2.7756103470849363e-06
0,0,0.7784310545112837,0.22156888258593038,6.290278597506131e-08
1,0,0.6176976934608324,0.3823012239289126,1.0826102550325536e-06
1,1,0.06599671146172457,0.9339589131811867,4.43753570887056e-05
1,2,1.1538135328029887e-05,0.4853154027001864,0.5146730591644855
2,2,0.00462249295009126,0.2756730053212981,0.7197045017286106
0,0,0.6046921430461027,0.39530777547997187,8.147392544131826e-08
2,2,1.2252319639810113e-07,0.007482690548955302,0.9925171869278483
1,1,0.03494641759205451,0.8757072510686609,0.08934633133928456
0,1,0.4375358837189119,0.5624639848279488,1.3145313927033933e-07
1,1,0.3205236693437922,0.6794751503811034,1.1802751043876775e-06
1,1,0.20725431904603736,0.7923689384425331,0.000376742511429537
2,2,9.622550012528328e-07,0.026528105757781504,0.9734709319872173
1,1,0.012338048472425405,0.9869065939910644,0.0007553575365103204
1,1,0.13264692460058736,0.8672387521930246,0.00011432320638800269
1,1,0.2910232473806464,0.7089762596200686,4.929992850658999e-07
1,1,0.2867583251731816,0.7132337761039627,7.898722855883743e-06
1,0,0.8416597224286672,0.1583401487205013,1.2885083161521654e-07
1,1,0.052016804420573576,0.9479086263102341,7.45692691923911e-05
2,2,0.004639812088150692,0.260294730725712,0.7350654571861374
1,1,0.2714243676566733,0.7285630119602148,1.2620383111910403e-05
1,1,0.18646527004664354,0.8133410969977308,0.00019363295562575857
0,0,0.766763875615187,0.23323603153523903,9.28495740118434e-08
2,2,1.1162181156425435e-07,0.00973263138523537,0.9902672569929529
0,0,0.5246137997160231,0.47538549376231104,7.06521665899797e-07
0,0,0.9085209086573584,0.09147905603831559,3.5304325874427115e-08
1,1,0.19527559414657766,0.804302395625693,0.000422010227729419
0,0,0.9382444967670515,0.06175547072051847,3.251243004755632e-08
0,0,0.559906506684626,0.4400906195534284,2.8737619454987214e-06
1,2,2.870779839802665e-07,0.38874798599036464,0.6112517269316513
1,1,0.1565145141961073,0.8434328853322104,5.260047168239768e-05
1,1,0.08581471344765852,0.9141734746420308,1.181191031066157e-05
1,1,0.2267468746809677,0.7729989642091817,0.00025416110985063676
1,1,0.30257128000854183,0.6974255436603791,3.1763310790626095e-06
1,1,0.24930687824115993,0.7506873081232035,5.813635636485746e-06
2,2,1.2903448754147763e-08,0.0014147596495122693,0.9985852274470389
1,0,0.6089914655176905,0.3910048343985867,3.7000837227286592e-06
1,1,0.16227473288690117,0.8375955416719301,0.00012972544116870988
0,0,0.9125819557252153,0.0874180402618012,4.012983631300881e-09
0,0,0.947183210712877,0.05281650294883123,2.863382918165648e-07
1,1,0.38858598150430246,0.6114135825846089,4.3591108858915463e-07
0,0,0.9405592686145827,0.05944072487856795,6.5068493675712575e-09
1,0,0.9180845259987077,0.08191547286832356,1.1329686673374615e-09
1,1,0.032106897657773345,0.9677679604481275,0.00012514189409914734
1,1,0.17441822773910257,0.8254712446903948,0.00011052757050260805
0,1,0.4310919042779301,0.5689071961003435,8.996217264428578e-07
1,1,0.05351632307424031,0.9463958349755621,8.784195019755402e-05
1,1,0.17351070546423095,0.8264559906107565,3.3303925012627337e-05
0,0,0.7891314109460854,0.21086821049901094,3.7855490373708416e-07
1,0,0.819820196045733,0.1801793685032832,4.3545098384292634e-07
0,0,0.7036837774377079,0.29631614771768555,7.484460644104748e-08
1,1,0.036089670972741135,0.9638789008664181,3.142816084078148e-05
1,0,0.696433419051339,0.3035558363186685,1.0744629992358552e-05
1,1,0.08390688996431243,0.9160519101788,4.119985688747697e-05
0,0,0.88239747297118,0.11760247144179575,5.558702427929872e-08
1,1,0.12793929092340858,0.8718784962196349,0.00018221285695650918
0,1,0.13118945845713634,0.8687516514135805,5.889012928339562e-05
1,1,0.191266022419947,0.807811494146681,0.0009224834333721112
0,0,0.5746443091406642,0.4253543005342865,1.390325049283448e-06
1,1,0.10788851954707598,0.8920416593613898,6.982109153414195e-05
1,1,0.014549426125059635,0.9853540740387838,9.649983615659874e-05
0,0,0.9674678554458898,0.032532105920983885,3.863312622933073e-08
0,1,0.4163573738375868,0.5836422256527536,4.0050965965287374e-07
1,1,0.02215598619876052,0.9703306042438432,0.007513409557396368
1,1,0.03597876185085789,0.8823599249961408,0.08166131315300122
1,1,0.4356710058160616,0.5643275817408242,1.412443114212037e-06
1,1,0.10062566416196943,0.8993602956451915,1.4040192838924273e-05
1,1,0.11550491561786509,0.8792354751525513,0.005259609229583519
0,1,0.37039675245345643,0.629514038681145,8.920886539853573e-05
1,1,0.13296398607012763,0.8657891477333448,0.0012468661965275077
0,0,0.577458637728708,0.42253561587101973,5.746400272354896e-06
0,0,0.8694663126262376,0.13053366352042622,2.385333604866196e-08
1,1,0.09614461330914953,0.9038230893162882,3.2297374562168404e-05
1,1,0.1230211073188564,0.8768310687224964,0.00014782395864723215
1,1,0.0483266177503987,0.951653519040213,1.9863209388340477e-05
1,1,0.10093761927821635,0.8940551232226098,0.005007257499173916
1,0,0.8399507746479503,0.16004920968687533,1.5665174394059746e-08
0,0,0.8796356270437375,0.1203642979346144,7.50216481313501e-08
1,1,0.3720480096181765,0.6278726741765231,7.931620530026902e-05
1,0,0.5324072392781611,0.4675691446106625,2.361611117640227e-05
1,0,0.5192903338151532,0.48070911465731136,5.515275353609148e-07
0,1,0.30521950743274723,0.6947798009926595,6.915745934246404e-07
0,1,0.44380711175904597,0.5561600099874653,3.287825348882275e-05
1,0,0.8424775607274857,0.1575222050210735,2.3425144089602267e-07
0,0,0.6000742922796525,0.39992555570116156,1.5201918593195148e-07
1,0,0.8165132646590002,0.1834867073716316,2.7969368128158936e-08
0,1,0.11115038801321975,0.8887906217095777,5.8990277202416806e-05
1,1,0.08099388922927618,0.9097009432847663,0.009305167485957694
0,0,0.6667503487640606,0.33324930328099084,3.479549486523971e-07
0,1,0.40169134041424437,0.5982482674205968,6.039216515885867e-05
1,1,0.07170026270762672,0.9282769786822145,2.275861015887791e-05
0,0,0.794717341982877,0.20528261058275823,4.7434364794100326e-08
2,2,2.49651844964029e-10,0.0012753161225199086,0.9987246836278283
1,0,0.7638623946926475,0.23613759449211685,1.0815235534455774e-08
1,2,4.828898214695809e-07,0.4253023154186245,0.574697201691554
1,1,0.18618014926035184,0.8137686525413416,5.1198198306582005e-05
2,2,7.252610351771326e-09,0.0021226553533142505,0.9978773373940755
0,0,0.7625197623756568,0.23747989640022701,3.41224116238421e-07
0,0,0.6212917676256513,0.3787064400762148,1.7922981339756643e-06
1,1,0.3048200762868586,0.6951748923073637,5.031405777750219e-06
1,1,0.019940895787580612,0.97953527298017,0.0005238312322493492
1,0,0.9999882058002153,6.951869065956177e-06,4.842330718895201e-06
1,1,0.058731748806945365,0.9322160546252974,0.009052196567757183
0,0,0.7566417581355265,0.24335797695504613,2.6490942735118896e-07
0,0,0.7226471456396084,0.2773517557788136,1.098581577960497e-06
0,1,0.46872772165025456,0.5312703582431563,1.920106589134836e-06
1,1,0.059787152477753236,0.9401516915124905,6.115600975631692e-05
1,1,0.08379987616330603,0.9161970278322117,3.0960044822868583e-06
0,0,0.7144034266543737,0.28559637546656513,1.9787906105988034e-07
1,1,0.06159151780059746,0.9383186986952172,8.978350418535622e-05
0,0,0.702635515829321,0.29736430917336026,1.7499731870881255e-07
1,1,0.04093564318983729,0.95899198146726,7.237534290284513e-05
0,0,0.6171936710846203,0.38280533329146077,9.956239189082323e-07
1,0,0.5143497370041591,0.48564868425210184,1.5787437391070476e-06
0,0,0.6543152167761993,0.3456837269199087,1.0563038919910954e-06
0,0,0.7320224222022154,0.2679774481880153,1.2960976937254808e-07
0,0,0.7304458397145651,0.2695541407601534,1.9525281419278567e-08
0,1,0.31075201235661737,0.6892414306447029,6.556998679740008e-06
0,0,0.9303737005797517,0.06962598669929432,3.127209540444003e-07
0,0,0.6486068770237643,0.3513930336795952,8.929664066733819e-08
0,0,0.827006716372757,0.1729928599942221,4.2363302092612696e-07
1,1,0.22518188190575514,0.7748162513039907,1.8667902540921801e-06
0,1,0.4192487026402269,0.580750602930727,6.9442904614105e-07
1,1,0.26017769677671454,0.7398050192664561,1.7283956829239535e-05
1,1,0.05900698730171682,0.9409693057382141,2.3706960069112948e-05
0,1,0.22516384781625412,0.7748350343642765,1.1178194696135923e-06
1,1,0.39062740359182974,0.60937193210382,6.643043502321689e-07
1,1,0.41036912578601237,0.5896300794913211,7.947226664648934e-07
1,0,0.8099321397473749,0.19006781920712768,4.104549755812123e-08
2,2,6.984874937305536e-07,0.03642519498746277,0.9635741065250435
1,1,0.0884855158408073,0.9114965549750005,1.7929184192229405e-05
1,1,0.4640000685973776,0.5359968845597423,3.0468428801739445e-06
1,1,0.0913554393143156,0.9082775882321111,0.00036697245357340385
1,1,0.03540048372750844,0.8906460568330569,0.07395345943943463
1,1,0.10235042673739833,0.8974464832548465,0.0002030900077550915
1,1,3.4260641087089584e-05,0.638227984764871,0.3617377545940419
0,0,0.668438822974895,0.33156047796272786,6.990623771266459e-07
0,0,0.655683771228009,0.34431560806003186,6.207119591283255e-07
1,1,0.1471882283835695,0.8527757116113794,3.606000505091513e-05
0,1,0.4625145745101199,0.5374837311409374,1.6943489427662672e-06
1,0,0.8269026586610446,0.17309720105592807,1.402830272722451e-07
1,1,0.35563076834683266,0.6443687494996289,4.821535385030305e-07
1,1,0.21796964043208908,0.7786308758863685,0.0033994836815423885
0,1,0.3657955462750054,0.6341764812103408,2.797251465383073e-05
1,1,0.15415915578310493,0.8458212119038961,1.963231299878426e-05
0,0,0.8510942775068459,0.14890570904721903,1.3445935203293607e-08
1,1,0.24498498948605776,0.7549973565349206,1.7653979021476974e-05
0,0,0.8413342621980797,0.15866560625092127,1.3155099904794673e-07
0,1,0.3219499031526325,0.6780487635114107,1.333335956732598e-06
0,0,0.7695489998978784,0.23045032606618007,6.740359415235863e-07
0,0,0.9911443558263786,0.008855643402934687,7.706867579395451e-10
0,0,0.5780881848939282,0.42191150168035924,3.134257124075006e-07
0,0,0.5084986186777095,0.49150122782205635,1.5350023408059878e-07
0,1,0.17840368535885465,0.8208668464712657,0.000729468169879655
1,0,0.9079569033375836,0.09204297224824895,1.2441416747463006e-07
0,1,0.21497034199053813,0.784990483957176,3.917405228597221e-05
2,1,0.036490252534544916,0.8792275717733592,0.08428217569209594
1,1,0.06099968732714376,0.9389760114485215,2.430122433472083e-05
1,1,0.21182961304071393,0.7881616848748813,8.70208440469195e-06
1,1,0.13519063512042476,0.8647756745659166,3.369031365871435e-05
0,0,0.6231662740050806,0.37682688260112224,6.843393797079092e-06
0,0,0.5728567214977419,0.4271259967537792,1.7281748478828337e-05
1,1,0.03303134737640839,0.8465562744063844,0.12041237821720734
2,2,1.4841997590394505e-06,0.06036789688660396,0.939630618913637
1,1,0.0890675627031911,0.9108808237969489,5.161349986002907e-05
0,0,0.8449730734434838,0.15502688561715902,4.0939357175428793e-08
1,1,0.1435336217942464,0.8543774985667855,0.0020888796389682777
1,1,0.0846839512582746,0.9152557767963669,6.027194535846139e-05
1,1,0.12704488543320452,0.8712011753573324,0.001753939209463114
0,0,0.9692852794582203,0.03071462217533653,9.83664431196874e-08
0,0,0.6365050759105564,0.3634948505723536,7.351708997011397e-08
0,1,0.380663712779976,0.6193347608650557,1.526354968391483e-06
0,0,0.6902986171176798,0.3097013493086668,3.357365332517833e-08
1,0,0.6395065192759396,0.3604927230335743,7.576904861697545e-07
0,0,0.6245105101317558,0.3754889903977363,4.994705078149117e-07
0,1,0.02195677423560795,0.713095502751729,0.2649477230126632
1,1,0.3880992227361856,0.6118414737431975,5.930352061699079e-05
0,0,0.9178566523021399,0.08213475957975522,8.588118104919705e-06
0,0,0.7676969146607118,0.23230301357940428,7.175988386473972e-08
2,2,4.0901890567044675e-14,5.151723907184453e-09,0.9999999948482352
1,1,0.051069143307020275,0.9488325522211473,9.830447183246002e-05
1,1,0.032237118148412305,0.9675968045912426,0.00016607726034521003
1,1,0.2462235358565941,0.7537723180477244,4.1460956814975e-06
0,0,0.8045976076480899,0.19540202981222732,3.6253968295922963e-07
0,0,0.9296190502560349,0.07038059047050033,3.5927346467112054e-07
1,1,0.350610232135472,0.6493881970150902,1.570849437859862e-06
1,1,0.01788963479224618,0.9655905724553789,0.016519792752375022
1,1,0.4987215899914851,0.5012435608362023,3.484917231264987e-05
0,0,0.5455684871174217,0.45443108940884624,4.2347373206108506e-07
1,1,0.2402128659344018,0.7597678152166493,1.931884894880483e-05
0,0,0.9663638685336288,0.033636106861196925,2.4605174354856512e-08
1,1,0.17835866693914795,0.8215696834371098,7.164962374227202e-05
2,2,7.078985091933948e-07,0.025245221828327665,0.9747540702731632
1,1,0.05863158665079639,0.9413489029576999,1.9510391503700903e-05
0,0,0.87107458606005,0.12892522687318245,1.8706676768047773e-07
0,0,0.6599500276460479,0.34004982039054027,1.519634117310379e-07
1,0,0.6379842143755062,0.36201576668207514,1.8942418500439178e-08
0,0,0.7173957988598959,0.28260418113936,2.000074414012354e-08
0,1,0.4384290009819078,0.5615706280096974,3.710083948461926e-07
0,1,0.4083349716431576,0.5916636675734533,1.360783389170006e-06
1,1,0.2325706092739153,0.7674249168395095,4.473886575124015e-06
1,0,0.7026270755972418,0.2973700633964693,2.861006288881161e-06
1,1,0.02438823954414339,0.9755282951453733,8.34653104834818e-05
0,0,0.71408112762551,0.28591811802833256,7.543461573626477e-07
1,1,0.16473762685387452,0.8352572231493297,5.149996795645092e-06
0,0,0.5310761515251108,0.4689220568775018,1.7915973874416824e-06
0,1,0.45993155595882806,0.5400565451080993,1.1898933072615033e-05
0,0,0.9449550706063955,0.05504481500570552,1.1438789904230549e-07
0,0,0.858506026261836,0.1414939406763933,3.3061770696661294e-08
0,0,0.8494840737093281,0.15051568708194055,2.3920873139166373e-07
1,0,0.5680495219222521,0.43193078617200337,1.9691905744509076e-05
0,0,0.8315984943763475,0.16840147133101654,3.429263596858434e-08
1,1,0.411763372816333,0.5882357840709308,8.431127362546316e-07
1,1,0.028721654923721522,0.9079420222596445,0.06333632281663393
0,0,0.5516316922732697,0.4483675830128642,7.247138662020511e-07
1,1,0.08447761087210635,0.9005424018982545,0.014979987229639183
1,1,0.1523554170365541,0.8476341456825828,1.0437280863122048e-05
1,1,0.01177194423186196,0.9873960014668189,0.00083205430131903
0,0,0.8222773820271088,0.1777224643040066,1.536688846373885e-07
0,0,0.608764414999805,0.3912353862947612,1.9870543384989561e-07
1,1,0.40672568724322616,0.593265002297557,9.310459216942698e-06
0,0,0.6579200097691514,0.3420797988240772,1.9140677146980386e-07
0,1,0.432856817025019,0.5671428443722746,3.3860270646859376e-07
0,1,0.3081798677964957,0.6917506358130159,6.949639048834553e-05
0,1,0.43938829804541024,0.5606114819134381,2.2004115165921932e-07
0,1,0.4806380998708423,0.5193614541757409,4.4595341678006864e-07
1,1,0.06219925736992799,0.9377689303093837,3.181232068837585e-05
1,1,0.09947453922561934,0.9004573376915466,6.8123082834137e-05
1,0,0.7496249633527782,0.2503749493535056,8.729371617013677e-08
0,0,0.5915231733328891,0.4084764947322111,3.319348998314349e-07
1,0,0.5550930251007687,0.4449063358528698,6.390463614911402e-07
0,0,0.5003528504254183,0.49964665857789925,4.90996682392094e-07
0,0,0.9760050096359267,0.023994967214964122,2.314910922920886e-08
0,1,0.3686300812660894,0.6313671844310063,2.7343029043006164e-06
2,2,1.0502831522395604e-05,0.21233822013023418,0.7876512770382433
1,1,0.15641044549714123,0.8435349404726563,5.461403020236679e-05
1,1,0.15767218593962892,0.8423237617431455,4.052317225666303e-06
0,1,0.3670763679421558,0.6327877491940452,0.00013588286379893612
2,2,0.001191909387320231,0.1239258740329992,0.8748822165796805
0,0,0.8775908393683467,0.12240885088986345,3.097417899939689e-07
1,1,0.38846002842943195,0.6115285788119271,1.1392758640982107e-05
1,1,0.08656190322690982,0.9134318284861827,6.268286907547368e-06
1,1,0.134182216873268,0.8604248269870759,0.005392956139656118
1,1,0.12034363041225056,0.8796355782986248,2.0791289124576614e-05
2,2,4.3852619967548806e-10,0.00885241045805364,0.9911475891034203
1,0,0.6571172113354161,0.342880109287707,2.6793768768701397e-06
0,1,0.30128162500261974,0.6986987426638581,1.9632333522120333e-05
0,1,0.4233911526400289,0.5765772899337361,3.155742623502085e-05
0,0,0.812137429407086,0.18786105787473756,1.5127181763126735e-06
1,2,4.584547042007606e-06,0.10851237899385313,0.8914830364591049
0,0,0.8764584370175685,0.12354150762404519,5.5358386472622516e-08
2,2,0.0007762144327624458,0.0765839550877275,0.9226398304795099
1,1,0.3479894914437347,0.6519943554880132,1.6153068252131495e-05
0,1,0.10042739155827564,0.8995503952536236,2.2213188100693928e-05
0,0,0.6598588425235747,0.34014102866288987,1.2881353534891967e-07
2,2,0.0009831770798303366,0.09746951595452047,0.9015473069656491
0,0,0.694056765028418,0.3059419836134702,1.2513581118832194e-06
1,1,0.14458914428300668,0.8543800337396279,0.0010308219773654834
1,1,0.05857239264706932,0.9413768425245242,5.0764828406390344e-05
1,1,0.055791771264425895,0.9439305907229595,0.0002776380126145989
0,0,0.7552751856123756,0.24472467730990644,1.3707771804260019e-07
1,1,0.4443796031290431,0.5556056996091305,1.4697261826307041e-05
1,1,0.022209414739940612,0.9771626337649013,0.0006279514951581451
1,1,0.03066435842120003,0.9031241486370851,0.06621149294171493
0,1,0.41320831101345223,0.5867905211433356,1.1678432121017684e-06
1,0,0.5505479664416902,0.4494516650010119,3.685572979027462e-07
1,1,0.10576662876761364,0.894222721742472,1.0649489914327105e-05
1,1,0.4729335769916646,0.5270662536137414,1.693945939443212e-07
1,0,0.6352332309795852,0.3647601003817289,6.668638685911169e-06
1,0,0.7131562205765919,0.2868437292407208,5.018268714092711e-08
0,0,0.8673328717692869,0.1326670372155818,9.101513149110246e-08
1,1,0.02290857620928409,0.9717371590504823,0.005354264740233696
1,1,0.32224737790800706,0.6777488734537791,3.748638213909484e-06
0,0,0.6757655813580675,0.32423439139755156,2.724438093305002e-08
0,1,0.3168248242162013,0.6831742674780064,9.083057922076359e-07
2,2,9.898401661829335e-12,0.0010771724764003262,0.9989228275137012
1,1,0.02071633032453621,0.9739493047379653,0.005334364937498695
0,0,0.6472964899821579,0.3527024252545936,1.0847632484125494e-06
0,0,0.7125272568472868,0.2874726758524636,6.730024977003766e-08
1,0,0.8448940763079974,0.15510576023597225,1.6345603024657402e-07
2,2,7.447287626945636e-06,0.2707247320903029,0.7292678206220702
1,0,0.6835216239205594,0.3164783154944928,6.058494781206551e-08
1,1,0.3838362781774181,0.616154748455288,8.973367293891113e-06
1,1,0.16343497448468786,0.834502745340529,0.002062280174782906
1,0,0.6900169439062351,0.30998281066503375,2.454287309744515e-07
1,1,0.34173582878728154,0.6581329077440253,0.00013126346869316965
0,0,0.7779377243619487,0.22206225361479062,2.2023260823049952e-08
1,1,0.14229119346210684,0.8577031503547998,5.65618309324946e-06
1,1,0.23030480817634935,0.7696779807975873,1.7211026063363336e-05
0,1,0.11452881938672735,0.8854324875812589,3.869303201360089e-05
1,1,0.333122531149165,0.6668753928233216,2.0760275134410025e-06
0,0,0.9428019470157574,0.05719785648387786,1.9650036473470882e-07
0,0,0.7346028605166232,0.26539703820248023,1.0128089655650545e-07
0,0,0.5540739171807253,0.44592587173335846,2.1108591632203645e-07
1,1,0.2961512035787041,0.7038373117814365,1.148463985937599e-05
1,1,0.1887738942192274,0.8112235019949348,2.6037858378149682e-06
1,0,0.6034838642081841,0.39651548676086795,6.490309478760278e-07
0,0,0.6944076854499771,0.3055908232097773,1.4913402454892918e-06
1,1,0.0425362188024118,0.9574203146149044,4.346658268392038e-05
0,0,0.9750974133989472,0.024902465055761137,1.2154529165165312e-07
0,0,0.8261472207889258,0.17384940709778893,3.372113285329513e-06
0,0,0.9335535600578503,0.06644627876891793,1.611732317045618e-07
2,2,4.957035648137817e-05,0.012640227092413758,0.9873102025511048
1,1,0.12318925069380801,0.8768006683675665,1.0080938625323616e-05
0,0,0.7445791256403962,0.25542074025748474,1.3410211909341662e-07
1,0,0.8260415353770112,0.17395838826265195,7.636033684156756e-08
1,1,0.12677345885651728,0.8732126537840402,1.388735944247008e-05
1,1,0.06046138539154137,0.9065981918786584,0.032940422729800134
1,1,0.16896513364240848,0.8310211101877975,1.3756169794143308e-05
1,2,3.4125079523039794e-05,0.3899064278604675,0.6100594470600095
1,1,0.05820559741221119,0.9417245145413443,6.988804644455975e-05
1,1,0.24468373929499132,0.7552917427153143,2.4517989694230888e-05
1,1,0.27850800970800754,0.721006963797735,0.0004850264942574632
0,1,0.41214425287245654,0.587838990745285,1.6756382258482545e-05
1,0,0.7152988886219038,0.28470103867148583,7.270661030123712e-08
1,1,0.29600054286921296,0.7039974131601604,2.0439706266738336e-06
0,1,0.377969006811649,0.6220289084908927,2.0846974583338127e-06
0,0,0.574563622351575,0.42543623746269343,1.4018573155098825e-07
1,1,0.013894171158472529,0.9856755186668346,0.00043031017469289393
1,1,0.35621187755811645,0.6437821640887819,5.958353101576657e-06
1,1,0.12426919498725296,0.875718758183491,1.2046829255991797e-05
1,1,0.4399105761464478,0.5600878517919563,1.572061595826613e-06
1,1,0.4441420245189307,0.5558571951100741,7.803709950675416e-07
1,0,0.601723611785414,0.3982748559286017,1.53228598420018e-06
0,0,0.736158885023502,0.2638406912031257,4.237733722223612e-07
0,0,0.8682758164361555,0.13172415984465213,2.3719192334658132e-08
1,1,0.0679715669125109,0.9319128979014413,0.00011553518604782696
1,1,0.2006548768812961,0.7993147007822782,3.0422336425705722e-05
0,0,0.7658222574713189,0.23417670830767892,1.0342210021827848e-06
1,1,0.20168928355966362,0.7982956723105858,1.504412975055118e-05
1,1,0.4997145075035153,0.500285357549206,1.3494727862377529e-07
0,1,0.10549224308380435,0.8944340419603931,7.371495580257797e-05
1,1,0.32654275179714826,0.6734565987018619,6.495009896927452e-07
1,0,0.6982272315620494,0.30177169079752497,1.0776404254471214e-06
1,1,0.4064861192497291,0.5935132591484229,6.216018479437227e-07
0,0,0.6112540059914497,0.38874590732799674,8.668055349033468e-08
0,0,0.8671036869664029,0.1328963100365314,2.9970657967648236e-09
0,1,0.018327871454042112,0.7884785237257917,0.19319360482016618
1,1,0.06039709432570505,0.8356550217860863,0.10394788388820873
1,1,0.3172006001038783,0.6827133308841418,8.606901197984383e-05
1,1,0.19430830167374846,0.8056737932793411,1.79050469105386e-05
0,0,0.6560450513617616,0.34395479641905374,1.5221918467490556e-07
0,0,0.6616385472658703,0.3383519291217752,9.523612354359941e-06
2,2,0.0001455170962545082,0.03512005791000452,0.964734424993741
0,1,0.20642636057712035,0.7935247240140493,4.891540883044717e-05
0,0,0.7879640514431145,0.21203573345348828,2.1510339727581193e-07
1,1,0.15730209801812298,0.8421201436489066,0.0005777583329703117
0,0,0.715343066289733,0.28465678095245384,1.5275781311692266e-07
0,0,0.6934752688461234,0.3065234754132602,1.2557406164025501e-06
0,0,0.7379876773618214,0.26200965502682294,2.6676113557099727e-06
0,1,0.3215733121156462,0.678245933550498,0.00018075433385580445
1,1,0.2923843027661024,0.7075058182589273,0.00010987897497023288
1,0,0.6508146512959,0.3491848415909779,5.071131219209401e-07
0,0,0.7887872945118448,0.21121073089592618,1.9745922290568497e-06
1,0,0.5898874509299519,0.4101069358706401,5.613199408075087e-06
2,2,7.478937061088888e-07,0.038009264193121,0.9619899879131729
1,1,0.41922277112423634,0.5807769618165722,2.670591914194226e-07
1,1,0.3244151459399522,0.6755764145993459,8.4394607019081e-06
1,0,0.5528493451414302,0.44714807635783405,2.578500735747433e-06
1,1,0.28343167277839126,0.7164325900139922,0.00013573720761647935
1,1,0.39911748892043875,0.6008702669495789,1.2244129982229178e-05
0,0,0.609430095250574,0.39056981767560905,8.707381691521167e-08
1,1,0.43131746952481914,0.5686811913187261,1.3391564549236494e-06
1,1,0.2785918312023769,0.7214057715403988,2.3972572243027535e-06
1,1,0.19134339232435188,0.8085919430589503,6.46646166976912e-05
1,1,0.06704135578718612,0.9324074990499872,0.0005511451628268356
1,1,0.371571043237378,0.6283120249679254,0.00011693179469658945
1,1,0.3504034039633259,0.6495882866516552,8.309385018771376e-06
1,1,0.3511017669884698,0.6488672234126347,3.100959889557759e-05
0,1,0.12776930441666862,0.8708163897351952,0.0014143058481363392
2,2,2.1923836390575008e-07,0.010645757733325212,0.9893540230283108
0,0,0.727106635647438,0.2728933338159304,3.053663141814153e-08
0,0,0.5111766112824185,0.488783859555264,3.952916231742153e-05
0,0,0.5383498112298791,0.46164946039918997,7.283709308597382e-07
1,1,0.3607979730923275,0.6391996159576806,2.410949991782778e-06
1,1,0.0958400769521537,0.904136993809517,2.2929238329388106e-05
0,0,0.5157333235798939,0.48426599839441903,6.780256870308284e-07
1,1,0.2408868422783682,0.7591028054264416,1.0352295190162106e-05
1,0,0.5897173855285386,0.41028211126026215,5.032111993743353e-07
1,1,0.04286363944565312,0.9523659867939699,0.004770373760377092
0,0,0.9127151500940384,0.08728230762617392,2.5422797877555837e-06
1,1,0.13280426049387783,0.867189778012932,5.961493190094046e-06
1,1,0.24527387770423242,0.7547187916075355,7.330688232033502e-06
1,0,0.7397729179745259,0.26022699269374827,8.933172590320698e-08
2,2,0.004648153348846021,0.3546331799606525,0.6407186666905015
0,0,0.6660454995988467,0.3339544273731904,7.302796279952469e-08
1,1,0.3302752157399688,0.669721391394847,3.392865184359197e-06
1,1,0.4154134513047312,0.5845855038625302,1.044832738683066e-06
2,2,4.885439265797762e-07,0.028433937932676893,0.9715655735233966
1,1,0.2172283314114825,0.7827657084310213,5.960157496272422e-06
0,0,0.7840478589877741,0.2159520897359205,5.1276305376261693e-08
0,1,0.35697635536596617,0.6427764384719169,0.00024720616211694707
1,1,0.07898491023541271,0.9209622689535012,5.282081108595627e-05
0,0,0.8263976008428201,0.17360164379560417,7.553615757619603e-07
1,1,0.16269709303986052,0.8327950666863569,0.004507840273782618
2,2,0.0002443092775827827,0.04297354285820674,0.9567821478642105
1,1,0.47159986040238006,0.5283943838107645,5.755786855355505e-06
1,1,0.09706376981107616,0.9029091787704275,2.7051418496379253e-05
1,1,0.0485249805444868,0.951431814440112,4.320501540109165e-05
0,1,0.4011526063888585,0.5988383677176388,9.025893502591379e-06
0,1,0.3520048120197376,0.6479846360213274,1.0551958935002718e-05
1,1,0.3776185972592052,0.6223759587589129,5.443981881953954e-06
0,1,0.30612875979487103,0.6938550050786585,1.6235126470666777e-05
1,1,0.01588250615231075,0.9831230318686023,0.0009944619790871235
1,1,0.2538730572550521,0.7461137859352639,1.3156809683908193e-05
0,0,0.511865027312104,0.4881337092144979,1.2634733981479757e-06
1,1,0.47729073419099555,0.5227085273042693,7.385047351420305e-07
0,0,0.9682614808702317,0.031738465645257216,5.3484511113642875e-08
0,1,0.24236192756391786,0.7573195631944577,0.00031850924162442205
1,1,0.3062895778582793,0.693686197119217,2.422502250378415e-05
1,0,0.5867530883066668,0.41324687191682885,3.97765042912439e-08
0,0,0.507405432004339,0.49245302757807713,0.00014154041758397256
0,1,0.2902131722054136,0.7097754067955261,1.142099906043427e-05
1,1,0.17577167124748486,0.8241907118695111,3.7616883003951154e-05
0,1,0.38051024336655503,0.61948908486403,6.717694149996571e-07
0,0,0.7926111579424489,0.20738786564457443,9.764129768017537e-07
1,0,0.7562744639589609,0.2437254813864708,5.465456831293648e-08
0,1,0.4935609398480686,0.5064384964116785,5.63740252937049e-07
1,1,0.11134952457325395,0.8886212473961458,2.922803060048265e-05
1,1,0.4679594994682551,0.5319871587013765,5.3341830368516354e-05
2,1,0.020120354226153662,0.8810687149225439,0.09881093085130242
1,1,0.0916854637547233,0.9082830282327469,3.150801252981367e-05
1,1,0.05722676181148827,0.9177692003724143,0.02500403781609745
0,0,0.8809475937926685,0.11905227765442546,1.285529060685273e-07
1,0,0.6383596711292486,0.36163391122415683,6.41764659468472e-06
1,1,0.39269203130387026,0.6072143002000098,9.366849611987695e-05
2,2,6.136115517560047e-14,4.282846722062545e-09,0.999999995717092
1,0,0.668901786211134,0.3310980752503459,1.3853851997240163e-07
1,1,0.4121125917188519,0.5878871072531201,3.010280280038253e-07
0,0,0.5322861597940826,0.46764644682570927,6.73933802082208e-05
0,0,0.5597690914497613,0.44023074692692,1.6162331868339058e-07
1,1,0.040627313589718814,0.9593501344083883,2.255200189284405e-05
0,0,0.9999766555804813,2.333743591873877e-05,6.983599959983808e-09
0,0,0.8255830183592274,0.17441655490160518,4.267391674774539e-07
1,1,0.2657423465531458,0.7339055947208156,0.00035205872603864103
1,1,0.22314710936089321,0.7768302092526209,2.268138648594118e-05
0,0,0.8947624202778778,0.10523679058388635,7.891382358331449e-07
1,1,0.18988083153418253,0.8100705794115327,4.858905428477569e-05
0,0,0.6439234957548194,0.35606937708411646,7.127161064050133e-06
1,1,0.15094158797444737,0.8490415751684227,1.683685712983651e-05
0,0,0.8587135318091699,0.14128645106419155,1.7126638658053755e-08
0,0,0.9106894830716286,0.08931018878342369,3.281449476596783e-07
1,1,0.04704613951006558,0.9529312577303204,2.2602759613929573e-05
0,1,0.2341179012529001,0.7658430634007304,3.9035346369514526e-05
1,1,0.25754526234538483,0.7422832445001363,0.00017149315447895843
1,1,0.040326577178406396,0.95965051455077,2.2908270823661513e-05
1,1,0.15590570985460278,0.844089426644881,4.863500516306485e-06
0,1,0.4043178141782396,0.5956814065818719,7.792398885563109e-07
0,0,0.969286505313047,0.030713426565648464,6.812130444832138e-08
1,1,0.1785625483343493,0.8214042412884546,3.321037719604314e-05
1,1,0.06691574501756482,0.911646854814378,0.021437400168057178
0,0,0.6135839147578271,0.38641599326011733,9.198205552652339e-08
1,1,0.15771568796817553,0.8353766287752546,0.006907683256569702
0,0,0.812172860746999,0.187826922176317,2.170766841360267e-07
0,0,0.9105537256055815,0.08944624824810096,2.614631757527873e-08
1,1,0.1592806159043543,0.840708859343084,1.052475256178077e-05
0,0,0.7222523610961308,0.2777472963278484,3.4257602070492835e-07
1,1,0.13334732423932888,0.8666204303806436,3.2245380027566186e-05
0,1,0.18534295701767012,0.8146049243559863,5.2118626343566115e-05
1,1,0.08229509653290329,0.9176929195853807,1.198388171594344e-05
1,1,3.932111336630739e-05,0.6077768385665808,0.39218384032005277
1,1,0.2346972149517352,0.7652867192437977,1.6065804467298996e-05
1,1,0.14965913810741308,0.8503171119214241,2.3749971162860097e-05
1,1,0.3800800157674604,0.619912674821672,7.309410867607021e-06
0,1,0.34168174691095987,0.65825192692154,6.632616750009858e-05
1,1,0.09123578734857783,0.9087290740657894,3.5138585632692244e-05
0,0,0.5187714360034571,0.48122837677648805,1.872200549752699e-07
1,1,0.1263098964734328,0.8736828241423308,7.279384236305682e-06
1,0,0.5727543885383162,0.4272441942386912,1.4172229924776024e-06
0,1,0.20654723360677205,0.7932855832905896,0.00016718310263842085
0,0,0.9482231630940944,0.05177662212152827,2.1478437751408567e-07
1,1,0.19983324331109445,0.8001593949049453,7.361783960330994e-06
0,0,0.9544760254116756,0.0455238806540042,9.393432008385522e-08
0,0,0.5963996071376102,0.4036000340546905,3.58807699282558e-07
1,1,0.3753968552663265,0.6245970212186723,6.123515001122745e-06
1,1,0.015460869529043388,0.9843987970994171,0.00014033337153942355
0,0,0.9299850787723043,0.07001492065136233,5.763333275204291e-10
0,1,0.33427234087142854,0.6655987646128455,0.00012889451572598335
2,2,0.0003402019738211882,0.05536990109547872,0.9442898969307001
2,2,2.94901403210618e-08,0.049190091646270924,0.9508098788635887
1,1,0.30936813911818256,0.6862736198671249,0.004358241014692467
1,1,0.34893315920148615,0.6510639955380295,2.8452604844702794e-06
0,0,0.7632647703271709,0.23673520444563512,2.5227194022366812e-08
0,1,0.44236373629597,0.5576357213626347,5.423413952674682e-07
1,1,0.03078026371456562,0.9691424166256395,7.731965979489688e-05
1,1,0.18548980543786187,0.8145033113431357,6.883219002477593e-06
1,1,0.23338467755518166,0.7666087757621676,6.546682650792618e-06
1,0,0.5065717157705382,0.493390136113034,3.814811642784931e-05
1,1,0.49715506971729173,0.5028428393411117,2.0909415965132243e-06
2,2,2.6393206828192773e-10,1.7853124948279236e-06,0.9999982144235731
0,0,0.8236177667117472,0.17638207357650348,1.5971174930103788e-07
0,1,0.3174956557588621,0.6824028414851766,0.00010150275596130308
0,0,0.9581290115645866,0.04187090266565727,8.576975603763715e-08
0,0,0.5038349986731205,0.49610237246418687,6.262886269255618e-05
1,1,0.1229934595639108,0.8769077855329157,9.87549031735711e-05
1,1,0.03298154728737164,0.9670007774724246,1.767524020371736e-05
1,1,0.22551340142349144,0.7744742766433877,1.232193312091239e-05
1,0,0.5071239402360694,0.49286965977960245,6.399984328012174e-06
1,1,0.018760667729920993,0.6439431174796543,0.3372962147904248
1,1,3.684713882947335e-05,0.7007649482697532,0.29919820459141727
0,0,0.5172743814777382,0.4827250534174905,5.651047712890894e-07
1,0,0.7888759894935922,0.2111240057545171,4.751890820538856e-09
0,1,0.4369894832115815,0.5630103792063955,1.3758202297429813e-07
0,1,0.054840621171718285,0.9451461071705303,1.3271657751351561e-05
1,1,0.04553548142399026,0.9544035796153636,6.093896064617738e-05
1,1,0.026874655291504273,0.9048681767589004,0.06825716794959531
1,1,0.03425705267822684,0.8760942508779916,0.08964869644378165
1,1,0.26113315832135053,0.738861995234488,4.846444161401e-06
1,1,0.3174195907736713,0.6825719861518462,8.42307448238761e-06
1,1,0.011585708677068679,0.9880821403117579,0.0003321510111734983
0,1,0.4313876800307433,0.5686114012180973,9.187511595959404e-07
1,1,0.29348462623817484,0.7064244453317459,9.09284300793149e-05
0,1,0.3034963905419375,0.6965023670259471,1.242432115430926e-06
0,0,0.577235332126379,0.42276448039804465,1.8747557632962417e-07
2,2,5.204139659335696e-06,0.1287902979424986,0.871204497917842
1,1,0.4050317109887555,0.5949673381847224,9.508265222385436e-07
0,0,0.7147754285634801,0.28522407866236815,4.927741517113977e-07
1,1,0.0405984918877275,0.9263241685548598,0.03307733955741272
0,0,0.5692840672528917,0.4306986347137404,1.729803336779063e-05
0,1,0.26381698214540067,0.7361817045316992,1.3133229001121174e-06
1,1,0.12125349846527775,0.8786337423888647,0.0001127591458576209
1,1,0.035379732173124505,0.9642945240320356,0.00032574379483991
2,2,8.155490134678066e-05,0.013126867772276271,0.986791577326377
2,2,0.005837824149030215,0.24729325918839118,0.7468689166625785
0,0,0.8554990782304593,0.144500779671392,1.4209814853255223e-07
1,1,0.1786671360427484,0.8210779666628152,0.0002548972944364073
0,1,0.32470058993353673,0.675296520989805,2.8890766583645476e-06
1,0,0.8914450669005533,0.10855490845379562,2.464565114436579e-08
1,1,0.40974265096453266,0.5902444690775885,1.2879957878734518e-05
0,1,0.0987847389809945,0.89103561171027,0.010179649308735546
1,1,0.24237148812218154,0.7575932541014568,3.525777636156796e-05
1,0,0.7467912020846034,0.2532086946139668,1.0330142976877465e-07
0,0,0.9449641924964294,0.055035647258786506,1.6024478415810696e-07
0,1,0.388207482725788,0.6117851304233477,7.386850864341334e-06
1,1,0.06075753386063658,0.9379297766429477,0.0013126894964156242
0,0,0.9722912459451727,0.027708746977692995,7.077134245711073e-09
1,1,0.03748557668317542,0.9603163045037191,0.002198118813105661
0,1,0.19402000988777296,0.8059771509644288,2.8391477982624295e-06
1,0,0.6303379326524795,0.36965916876961286,2.898577907633888e-06
0,0,0.9905778273231146,0.009422166241495241,6.435390056440524e-09
0,0,0.86051094768234,0.13948893094818154,1.213694783685706e-07
0,1,0.34588135245761725,0.654115781942432,2.865599950689137e-06
1,1,0.13232787454974543,0.8676521995654579,1.9925884796587115e-05
1,1,0.03076127881314232,0.9340324408434005,0.03520628034345717
1,1,0.29036499332467625,0.7096245658336277,1.0440841696104923e-05
0,0,0.6388532811833368,0.36114464041381744,2.0784028458229505e-06
0,0,0.725668445580504,0.2743313206009007,2.338185953478639e-07
1,1,0.28174508042651925,0.7182517048301638,3.214743316955895e-06
1,1,0.31740606726378745,0.6825414813062008,5.245143001180473e-05
1,1,0.3054183373742862,0.6945756016479513,6.060977762649536e-06
1,1,0.23540443530083657,0.7629092149212113,0.0016863497779521387
1,1,0.29227541875474816,0.707721496306496,3.0849387557989223e-06
0,0,0.593246298573442,0.40675360741782585,9.400873204576159e-08
1,1,0.1534887040883503,0.8464611588149175,5.0137096732187125e-05
1,1,0.015639235651727618,0.9842473459254407,0.00011341842283163433
0,0,0.5989327283670632,0.40106718325326013,8.837967672065409e-08
0,0,0.515987369633763,0.4840005248455744,1.2105520662669803e-05
1,1,0.32341130682620534,0.676587964658725,7.285150697665202e-07
1,1,0.3730542762031871,0.6268907303468629,5.499344994995474e-05
0,0,0.5327939806525349,0.4671781989505495,2.7820396915553797e-05
1,1,0.11522120272497058,0.8836007040489378,0.0011780932260916743
1,1,0.06343955334582897,0.9365173483461507,4.3098308020336816e-05
1,1,0.0389537081118981,0.9329938828254339,0.028052409062668003
1,1,0.15824248595220702,0.841603310435207,0.00015420361258606838
0,0,0.7512440822399561,0.24875588421488237,3.3545161507680085e-08
1,0,0.6783690177386726,0.3216288996017616,2.082659565801841e-06
1,1,0.20216408921176082,0.7978321166258538,3.7941623852659834e-06
0,1,0.4918705340154824,0.5081291212033346,3.447811829502674e-07
0,0,0.8529423153843189,0.14705698889512203,6.957205591643379e-07
1,0,0.7359919379066738,0.26400736651571355,6.955776126857623e-07
1,0,0.6764184508196469,0.32358150952728426,3.9653068855429955e-08
0,0,0.8941443590929536,0.10574623822895896,0.00010940267808756636
1,1,0.23824160097457558,0.7617559169544007,2.4820710237222383e-06
1,0,0.5007664481691758,0.4992326291749228,9.226559013298932e-07
0,0,0.6887321169689609,0.3112661648423147,1.7181887244997097e-06
1,1,0.19936526314262334,0.800631705402194,3.031455182772622e-06
1,1,0.03009412433450242,0.9698432645972314,6.26110682661971e-05
1,1,0.013050259714387304,0.9730447869649846,0.013904953320628062
0,0,0.8133810283990086,0.1866188850063429,8.659464848072321e-08
1,1,0.4133832984022717,0.5864479572893186,0.00016874430840957313
1,1,0.07043853238639333,0.9295468690299292,1.4598583677358737e-05
0,1,0.1551584172911078,0.8448324410623547,9.141646537578703e-06
1,1,0.16424030561169092,0.8357525503318967,7.144056412456954e-06
1,1,0.05505937710183963,0.944859085725433,8.153717272748322e-05
0,0,0.5186671219312259,0.48133147854755187,1.3995212223657516e-06
1,1,0.099353383547701,0.9006297394639016,1.6876988397384818e-05
1,1,0.013718350480868335,0.9858434409965172,0.00043820852261444574
0,0,0.6204615311067876,0.379535446945818,3.021947394463154e-06
0,0,0.919622106106635,0.08037753661012477,3.572832403372925e-07
1,1,0.06282210237608996,0.9370873651046457,9.053251926427949e-05
0,1,0.47927474872579195,0.5207242930685905,9.582056175825451e-07
0,1,0.16192966375917775,0.8380577201259585,1.2616114863914159e-05
0,0,0.9098911416359744,0.09010881323580848,4.5128217162480016e-08
0,0,0.692037806683994,0.30795822725421923,3.966061786887164e-06
2,2,4.886621568422778e-08,0.0066608772065859054,0.9933390739271984
1,1,0.49986562623238406,0.5001220102597538,1.2363507862099248e-05
0,0,0.6357774160200436,0.3642219514055934,6.325743629605321e-07
0,0,0.5318864307144614,0.4681115468934433,2.0223920952928207e-06
0,1,0.36640150047650255,0.6335982890791377,2.104443598212517e-07
1,1,0.3327759392360397,0.6672109797924357,1.3080971524553855e-05
1,1,0.38569277964807197,0.614190337186313,0.0001168831656149771
1,1,0.26900100389103365,0.7309788780246392,2.0118084327207604e-05
1,1,0.14082475725537705,0.8591427564663835,3.248627823940975e-05
1,1,0.1568352510866133,0.8431101259821657,5.46229312209814e-05
0,0,0.6947911477622873,0.3052037296494113,5.122588301350975e-06
0,1,0.4549602617639698,0.5450393947309338,3.4350509647568754e-07
1,1,0.49813043791763295,0.5018686181480391,9.439343278690338e-07
0,1,0.4391819861912095,0.560817836316586,1.7749220447550628e-07
1,1,0.09760189672512136,0.9023653232118297,3.278006304896343e-05
2,1,0.010414707172565093,0.6068215149481562,0.38276377787927873
1,1,0.11826741666447983,0.881565477613756,0.00016710572176403896
0,0,0.5675606654666158,0.43243888933244085,4.452009434342564e-07
0,1,0.20899416002509408,0.7909877790949265,1.806087997942371e-05
1,1,0.1032351327340683,0.8375324286013429,0.05923243866458879
2,2,0.002330884643480984,0.14748802724350296,0.8501810881130161
1,1,0.21298052057186348,0.7869766878278771,4.279160025939854e-05
1,1,0.2650791295128323,0.7349041103760524,1.6760111115254302e-05
1,1,0.42004095431507665,0.5799585247032116,5.209817117047802e-07
0,0,0.6645800315061448,0.33541112334322315,8.845150632228071e-06
0,0,0.6038137814035226,0.3961778648639359,8.353732541484728e-06
0,0,0.8740070639381641,0.12599293138436382,4.677472154600362e-09
1,1,0.1616673982236046,0.83832814888456,4.452891835392642e-06
1,1,0.11395452440565833,0.8851526187815449,0.0008928568127968376
0,0,0.6387929375360658,0.3612069053253523,1.5713858185964347e-07
0,0,0.8612268888670356,0.13877310226417594,8.868788490099082e-09
1,1,0.22888452529019213,0.7704510830315372,0.0006643916782706664
1,1,0.2854182967694864,0.7145682994127732,1.3403817740477382e-05
1,0,0.7734047981720408,0.22657331990367563,2.1881924283598368e-05
0,0,0.9407505463422496,0.05924934622247944,1.0743527102343322e-07
1,1,0.09188802481416625,0.9080423034905865,6.967169524746542e-05
0,1,0.06842375056344688,0.9315521121829106,2.4137253642740467e-05
0,0,0.6469514710724049,0.35304848313794723,4.578964781613282e-08
1,1,0.31521967273325563,0.6847754868541464,4.840412597983859e-06
2,2,6.534086844228197e-10,0.00018429420455652246,0.9998157051420348
1,1,0.09184108982358326,0.907890404419559,0.00026850575685773934
1,1,0.10478404482538886,0.8952077398304797,8.215344131321677e-06
1,1,0.018158014030701816,0.9815754121452025,0.0002665738240955773
1,0,0.5907222810435179,0.40927713777207153,5.811844106716584e-07
1,1,1.2001827754767509e-06,0.5560287148177492,0.44397008499947527
1,1,0.040409064852566345,0.9450621606962322,0.01452877445120165
0,0,0.600597723363475,0.3994020842977174,1.92338807628815e-07
0,1,0.3073014213034487,0.6926737786695956,2.480002695592819e-05
0,0,0.6444166822653388,0.3555832227393517,9.499530949121969e-08
1,1,0.12364031121090936,0.8763389877440104,2.070104508023244e-05
0,0,0.534094546052941,0.46589975652707427,5.697419984799761e-06
0,0,0.6438381915167742,0.35614780116315176,1.4007320073913664e-05
0,0,0.6899360231700356,0.3100638376054699,1.392244945852605e-07
1,1,0.43635971621309666,0.563637570828816,2.7129580874193726e-06
1,1,0.12334916898810494,0.8766421619745993,8.669037295902543e-06
1,0,0.7217650114384939,0.2782348498710162,1.3869048981417835e-07
0,1,0.4447447489141878,0.5552348477327087,2.040335310359864e-05
0,1,0.1640662253523947,0.8359099392042009,2.3835443404427786e-05
1,1,0.21173766714951756,0.7880844402711389,0.00017789257934356222
0,0,0.6897460830739045,0.3102538549308313,6.19952641826381e-08
1,1,0.3815790283906382,0.6184191617152456,1.8098941162469576e-06
0,0,0.730601516651707,0.26939673911021234,1.7442380806217798e-06
0,1,0.15000862666326614,0.8499629124999284,2.8460836805490215e-05
2,2,1.6657908143842753e-05,0.1627317899174542,0.837251552174402
1,1,0.37998335018531826,0.6200063717941975,1.0278020484306135e-05
1,1,0.04598537613936859,0.9518813813855651,0.0021332424750662624
1,1,0.35560399309753854,0.6441402091576452,0.00025579774481602346
1,1,0.08119654790499752,0.9185308161507975,0.0002726359442049933
0,0,0.7040428744380909,0.2959570602679416,6.529396740263542e-08
1,1,0.40139615828936576,0.5986033224286383,5.192819959642563e-07
1,1,0.027686657743649694,0.9663056808171123,0.006007661439238109
0,0,0.9673635520692427,0.03263597277117762,4.751595796098287e-07
0,0,0.796345040227776,0.20365493538517532,2.4387048809696957e-08
0,0,0.6762979274830918,0.3237020624251425,1.0091765665909978e-08
1,1,0.3276617979558656,0.671265337783033,0.0010728642611014256
0,0,0.8207704916872937,0.1792294338408458,7.447186058048955e-08
1,1,0.10781880120685548,0.8921495555900477,3.1643203096826156e-05
2,2,1.2461336570524828e-06,0.02628767747567201,0.973711076390671
0,0,0.5663014942047649,0.4336982631877442,2.426074910102389e-07
0,0,0.8304574882050006,0.16954249055519244,2.123980693388455e-08
1,1,0.30095543357905086,0.6990349292870256,9.63713392351297e-06
0,0,0.5621194186587495,0.4378682646314038,1.2316709846648384e-05
1,0,0.746696578848922,0.2533034046230001,1.6528077986897e-08
0,1,0.20196902688482318,0.7980231565995908,7.816515585994237e-06
1,1,0.43176712146399643,0.5682306177612478,2.2607747557879817e-06
1,1,0.4578181582795029,0.5421812840338653,5.576866317896391e-07
0,0,0.9703607425063396,0.029639218982083885,3.8511576490545835e-08
1,1,0.03839420953332527,0.9265171684290358,0.035088622037639024
1,0,0.87466416594328,0.12533579711398687,3.6942733021406474e-08
0,0,0.6978659280770122,0.30213368617851943,3.8574446835612936e-07
1,1,0.32975786394513673,0.6702387278907972,3.4081640661730502e-06
1,0,0.5686521124509322,0.43134527566687625,2.6118821916885906e-06
0,0,0.6730383970250695,0.3269615512284282,5.174650226259611e-08
1,1,0.0755166728743751,0.924473777498948,9.54962667697044e-06
1,0,0.7298965618889705,0.270103137840027,3.002710025982526e-07
0,0,0.6854877090698194,0.31451187856184165,4.1236833895854874e-07
1,1,0.15570977149354537,0.8436914319043795,0.0005987966020751151
0,0,0.9353529368645388,0.06464683538676604,2.2774869517898904e-07
0,0,0.6795908388377119,0.32040899234872644,1.6881356166627732e-07
1,1,0.009015688626950237,0.9905487008805954,0.00043561049245425176
0,1,0.09106991329692479,0.9089210729694274,9.013733647773793e-06
1,1,0.19969008308116004,0.7993344029751668,0.0009755139436731585
1,1,0.3458949121552043,0.654103986428371,1.101416424746559e-06
0,1,0.26902997982378735,0.7309624580196702,7.562156542548531e-06
0,0,0.7736515565543184,0.22634843585683567,7.588845908269073e-09
2,2,1.357334709887796e-09,0.000328546235170034,0.9996714524074951
2,2,4.8160768933906265e-06,0.09009682057089383,0.9098983633522129
0,0,0.8763706199832204,0.12362936666478802,1.3351991640643708e-08
1,1,0.44961019519816725,0.5503892372928592,5.675089735848991e-07
1,1,1.1978001355366917e-05,0.5145369377633653,0.4854510842352794
1,1,0.20642172566205313,0.7935749739125318,3.300425414946061e-06
0,0,0.8955714399324578,0.1044285585130009,1.5545412853403632e-09
1,1,0.16050198407165192,0.8394824254661266,1.5590462221534442e-05
0,0,0.6196797915072615,0.3803199306590439,2.7783369455169336e-07
1,0,0.5559474343163653,0.4440522466798633,3.1900377151392147e-07
1,1,0.1864621770677598,0.8135250324396354,1.2790492605007076e-05
0,0,0.8814344147079864,0.11856553679880312,4.8493210400244604e-08
1,1,0.1538019614251401,0.8461002255527516,9.781302210840489e-05
0,0,0.6617611765751962,0.338238715050572,1.0837423195059491e-07
0,0,0.6015530581309442,0.39844625804205225,6.838270034764052e-07
0,0,0.6616918535912205,0.33830775190315,3.9450562957461485e-07
1,1,0.36291978692597776,0.6370734502791215,6.762794900898578e-06
1,1,0.15083120020596738,0.8491477387685511,2.106102548148407e-05
0,0,0.7784595966338574,0.22149342129988608,4.698206625638032e-05
1,1,0.1458087270308626,0.8541773278343952,1.3945134742277797e-05
1,1,0.24085514568793487,0.75913784643277,7.007879294996951e-06
0,0,0.7546826784305266,0.24531681893897517,5.026304982827278e-07
1,1,0.048077945997286334,0.9518498364698553,7.22175328582309e-05
1,1,0.0951951099586195,0.9045655554495557,0.0002393345918247037
1,1,0.2890804775730419,0.7108985607028279,2.0961724130234696e-05
0,0,0.6972162382546877,0.30278354727879203,2.1446652019909326e-07
1,2,4.079020064806132e-07,0.4205699743989802,0.5794296176990134
0,0,0.9552248285298179,0.044775019189815614,1.5228036657906737e-07
1,1,0.2055397824509724,0.7944559394292264,4.2781198011267135e-06
0,0,0.6827992085038223,0.3172006649729463,1.265232313657127e-07
1,0,0.538873477206913,0.46112408625258877,2.436540498168871e-06
1,2,0.02201086404959029,0.449820624946982,0.5281685110034277
1,1,0.23542406311037972,0.7645748074752632,1.1294143571935356e-06
1,1,0.3530046666970307,0.6469948176460318,5.156569375229176e-07
1,1,0.32987866720724174,0.6701130368402395,8.29595251878873e-06
0,0,0.557411569508013,0.4425876791681342,7.513238528114678e-07
1,0,0.782061669073025,0.217938259980449,7.094652587932185e-08
0,1,0.05413181946278814,0.9440982402977433,0.0017699402394688048
0,0,0.9075689519332053,0.09243104679877022,1.2680244094039582e-09
0,0,0.6318940597724624,0.36810589464583915,4.5581698455439366e-08
1,1,0.3672563405208283,0.6326843288168874,5.9330662284283536e-05
0,0,0.8801977703008816,0.11980222608723635,3.6118818833112075e-09
1,1,0.10136821496721313,0.8982763013168571,0.00035548371592976716
0,0,0.8881041580426362,0.11189583115582943,1.0801534434695237e-08
0,0,0.743035800894408,0.2569589321978663,5.266907725606766e-06
2,2,1.5717162222922614e-05,0.1982136858235674,0.8017705970142097
1,1,0.06881868910294961,0.9309035132882152,0.00027779760883528973
1,0,0.7847937549213745,0.2152062137907242,3.128790128878573e-08
1,1,0.21081149992576212,0.789184161405755,4.338668482863016e-06
0,1,0.35732826799833567,0.6426705568100038,1.1751916605999357e-06
1,0,0.5273261235682647,0.47265697023844383,1.6906193291481498e-05
0,0,0.7328005634267217,0.26719942608998315,1.0483295146311439e-08
1,1,0.25115330473206715,0.7488440194622801,2.6758056526493524e-06
1,0,0.6481115090030257,0.35188196896547974,6.522031494561423e-06
0,0,0.6952227689900041,0.30477675297675205,4.780332438676131e-07
0,0,0.685403905022502,0.3145930129951693,3.0819823285582533e-06
1,0,0.5914784806849228,0.4085211555262701,3.637888071069331e-07
0,1,0.4974891328978394,0.5025106902095687,1.7689259188022215e-07
1,1,0.1784766405135401,0.8214998799562456,2.347953021433356e-05
1,1,0.31398918016753713,0.68581445313338,0.00019636669908301444
1,1,0.2345432693470274,0.7654523652585604,4.36539441218491e-06
1,1,0.16393889501289238,0.8360498245868082,1.1280400299557128e-05
1,0,0.6039503523014381,0.39604864523683614,1.0024617257292989e-06
0,1,0.48793336379124924,0.5120664135424279,2.2266632292649003e-07
0,1,0.4672469334974065,0.5327522246370109,8.418655826656268e-07
0,0,0.5441155072162775,0.45587606971358857,8.423070133887464e-06
0,0,0.7298669979567072,0.27013279469549034,2.0734780254918152e-07
1,0,0.546452193917546,0.4534923900787387,5.541600371522522e-05
0,0,0.8399432447241041,0.16005514002968937,1.6152462065065345e-06
0,0,0.5935102957710731,0.40648949405470475,2.1017422231390707e-07
0,1,0.27620569080565066,0.7237909941676752,3.3150266740778305e-06
2,2,3.2142910826578447e-07,0.0198505510973307,0.980149127473561
0,0,0.6205540654459522,0.37944583870461757,9.584943030956059e-08
1,1,0.10348507357114613,0.8962382094517375,0.00027671697711628
1,1,0.14356802741594551,0.8564268001278605,5.172456193902424e-06
1,1,0.014170593272274752,0.9857616290807923,6.777764693308677e-05
1,1,0.0755322016483313,0.9243990410222989,6.875732936979543e-05
1,1,0.1315543408224709,0.8683897570678768,5.590210965236863e-05
1,1,0.0416870525140636,0.9582872695454012,2.5677940535177323e-05
1,1,0.2197211047431762,0.7802642205501796,1.46747066441919e-05
1,1,0.1527735069111952,0.8472132794192367,1.3213669568097863e-05
0,1,0.469108576213995,0.5308657159426481,2.570784335693623e-05
1,1,4.506532343494802e-05,0.5855098846489678,0.41444505002759724
1,1,0.35566039965935914,0.6443290099946322,1.059034600862364e-05
1,1,0.2754665152854129,0.7245280163441226,5.468370464678338e-06
1,1,0.14008161280747064,0.8598638772434225,5.45099491069476e-05
1,1,0.18930034739843937,0.8106744729374264,2.5179664134326537e-05
0,0,0.9081891539156742,0.09181083736538281,8.718942972244188e-09
1,1,0.20081236304982625,0.7991779154954594,9.721454714278245e-06
1,0,0.54585564341203,0.4541442924352934,6.415267648172432e-08
0,0,0.7120234566058736,0.28797522684413235,1.316549994002944e-06
1,1,0.49551524083448484,0.5044765023374873,8.256828027790382e-06
0,0,0.8890635577804791,0.11093550226799896,9.399515218019233e-07
0,0,0.8279037839865471,0.17209621354388474,2.4695681247584405e-09
1,1,0.0917953243824329,0.9081955719510774,9.103666489792193e-06
0,0,0.7586461975688651,0.24135373725439566,6.517673914258875e-08
1,1,0.06775524049292321,0.9024168251068114,0.029827934400265342
1,0,0.6285190820773741,0.37148016446883314,7.534537926605386e-07
1,1,0.1652850195687676,0.8347051912665335,9.789164698876464e-06
0,0,0.5403418208544247,0.4596556733273389,2.5058182363004353e-06
1,1,0.4926838091376711,0.5073158043363164,3.865260125495543e-07
0,1,0.40273033816595444,0.5971914017356442,7.826009840140042e-05
0,0,0.5917977178727604,0.40820213255394233,1.495732972452952e-07
1,1,0.04358168221541141,0.9559513606193385,0.00046695716525029
1,0,0.6596779441718995,0.3403213028046892,7.530234112472772e-07
0,0,0.8859308600616873,0.11406903599571191,1.0394260067360335e-07
0,0,0.8924949975439426,0.10750490935423176,9.310182578171745e-08
0,0,0.6464523546247051,0.3535475734595287,7.191576628057854e-08
1,1,0.2818769622910315,0.7181099581957675,1.3079513201056378e-05
0,0,0.761067969638732,0.23893149367058591,5.366906820805441e-07
1,1,0.033473096530307396,0.9613142860818387,0.005212617387853874
0,0,0.6654385313927543,0.33456145867437825,9.932867463207636e-09
1,1,0.04893861158675342,0.929127714928323,0.021933673484923685
1,1,0.030670457553621907,0.9672004484734933,0.002129093972884717
0,0,0.7641600892231729,0.2358392604004841,6.503763429108631e-07
0,0,0.5057199142314093,0.49427946024640934,6.255221813799521e-07
0,0,0.8189854753851576,0.18101449070299086,3.391185137809382e-08
0,0,0.9325404641006148,0.06745903195774976,5.039416353446187e-07
0,0,0.835795451859301,0.16420195639301033,2.5917476885887716e-06
0,1,0.3939266155658816,0.6060520992255813,2.1285208537016018e-05
1,1,0.44461151786996067,0.5553875093477083,9.727823310473667e-07
0,0,0.9329398961383278,0.06705999066582184,1.1319585026644077e-07
0,0,0.9071762713674353,0.0928235249687958,2.036637690329744e-07
1,0,0.6480366298668668,0.35196313479894203,2.3533419112083178e-07
1,0,0.6903746251675259,0.309621831493399,3.543339075027861e-06
0,1,0.4894442938061373,0.5105486127268193,7.0934670433651685e-06
1,1,0.14304073595782194,0.8569397686102995,1.949543187850113e-05
0,0,0.9146209972621707,0.08537898010020237,2.2637626877811964e-08
1,1,0.12472019305326865,0.875262725131106,1.7081815625217333e-05
0,0,0.939231133137104,0.06076886029623747,6.566658421433959e-09
1,1,0.3300915188208738,0.6697993020015031,0.000109179177623162
0,1,0.10207345006073515,0.8978805626031395,4.5987336125336595e-05
1,2,9.69949285105733e-06,0.4307464486651644,0.5692438518419846
1,1,0.28131570568019926,0.7186684030760085,1.5891243792259435e-05
1,1,0.09443201699551913,0.8891333163166695,0.016434666687811426
1,1,0.09807791308464592,0.9018507342032404,7.135271211373752e-05
1,1,0.1026997584473364,0.8972852196112384,1.5021941425246828e-05
1,1,0.49462096095381636,0.5053771680662479,1.8709799358217256e-06
1,1,0.30198074132392316,0.6980086178122052,1.0640863871528726e-05
2,2,7.333707015050863e-07,0.048918349281822766,0.9510809173474757
0,1,0.20418597711952,0.7958093415413394,4.681339140505652e-06
0,0,0.9145870174172396,0.08541243091281832,5.516699420255012e-07
1,1,0.1884491073724054,0.8115102601819016,4.063244569302059e-05
1,1,0.320047499884806,0.679053264267881,0.0008992358473128177
1,1,0.1673097124138331,0.83208148877676,0.0006087988094069243
0,0,0.9080714549198523,0.091928530801793,1.4278354668710402e-08
1,0,0.784056237424168,0.21594365361106418,1.089647678882454e-07
0,0,0.99997069781586,2.9116660610514188e-05,1.8552352946604706e-07
1,1,2.4356400986342812e-05,0.5832124201718938,0.41676322342711986
0,1,0.1607663066557583,0.8383724179943063,0.0008612753499353793
1,0,0.8529749375132831,0.14702504237519784,2.0111519085750612e-08
0,1,0.24654252816031558,0.7534565572522949,9.145873894669525e-07
0,0,0.9270074481192732,0.0729918291425873,7.227381395714182e-07
0,0,0.9117036738248666,0.08829344976817832,2.876406954857571e-06
1,1,0.03888243541041385,0.9560803324809152,0.005037232108671023
2,2,7.158710445327853e-07,0.026369326813365804,0.9736299573155895
2,2,6.419126089723199e-13,7.013748310718559e-05,0.999929862516251
2,2,4.6013028391096186e-07,0.05109570202528865,0.9489038378444274
0,0,0.6391650162967841,0.36082961102808747,5.372675128466259e-06
1,1,0.02950275519422923,0.9704416027222397,5.564208353110283e-05
1,1,0.05975596161872532,0.9402248419554955,1.919642577918733e-05
1,1,0.016165133562940734,0.9832543925548977,0.0005804738821615074
1,1,0.033469917138395054,0.9663484689195064,0.00018161394209836195
1,1,0.04875913215161705,0.9512232861487058,1.7581699677232e-05
0,0,0.5655041276045573,0.43449578120166227,9.119378055118244e-08
2,2,4.1546156461069905e-10,0.00037630778804353124,0.9996236917964948
0,0,0.7951562237011358,0.20484153466404575,2.241634818280163e-06
0,1,0.28534969667023763,0.7144066266153616,0.00024367671440079223
1,1,0.050821629104024726,0.9368870707383858,0.012291300157589526
2,2,1.5758072772741206e-05,0.1606349161456253,0.8393493257816019
1,1,0.015066971738912525,0.9847457670649973,0.00018726119609030513
1,1,0.04004305318198205,0.9598165197390451,0.00014042707897281862
1,1,0.1394084878122364,0.8604678065839699,0.0001237056037936533
0,0,0.7722562004532726,0.2277437686704132,3.087631433341177e-08
1,1,0.08397236171581275,0.9158576457544604,0.00016999252972694435
1,1,0.07353009170057599,0.926452511894297,1.7396405127066145e-05
2,2,1.6736974523095196e-06,0.09078117904857444,0.9092171472539732
1,1,0.07725264440915228,0.9160201568837295,0.006727198707118114
0,0,0.805326800310746,0.1946728978082917,3.0188096217286105e-07
1,1,0.37492743477842067,0.6250037675080461,6.879771353330564e-05
0,1,0.3148640719376349,0.6851090045698426,2.692349252254141e-05
0,1,0.4453226964551116,0.5546755755375308,1.7280073576942607e-06
1,1,0.1363999312253038,0.8635936980787434,6.370695952833952e-06
2,2,4.731553679443121e-13,2.0707840227067584e-08,0.9999999792916867
0,0,0.78226612443888,0.2177336487679985,2.2679312148777975e-07
1,1,1.9017901372577612e-05,0.5830026586560972,0.41697832344253016
1,1,0.26039385084337285,0.7395892097103062,1.6939446320856773e-05
0,0,0.9067580143765198,0.09323958860745718,2.3970160228616743e-06
0,0,0.5622732244573052,0.4377252798967992,1.4956458954732232e-06
0,0,0.916713848742805,0.08328612762417925,2.3633015711567523e-08
1,0,0.6121478732658978,0.38785151290940517,6.138246969968079e-07
1,1,0.011827906566127365,0.6633761905955102,0.32479590283836246
0,0,0.8315246861103148,0.1684752114789334,1.0241075192666453e-07
1,1,0.45112615681973467,0.5488430681072085,3.0775073056837756e-05
1,1,0.4150674565632567,0.5849317820015825,7.614351609481932e-07
1,1,0.137869200079618,0.862119521419946,1.1278500436037722e-05
0,0,0.7704959292511894,0.22950399408241848,7.666639214698177e-08
1,1,0.1803191692584448,0.8196622980265655,1.85327149895521e-05
1,0,0.5083336928450158,0.49166607574851134,2.3140647278483925e-07
1,1,0.014756130974697957,0.7429579902899646,0.24228587873533744
0,0,0.6872279433610132,0.31277100185237433,1.0547866125488155e-06
0,0,0.6661799050310311,0.33381924529463974,8.49674329248665e-07
0,0,0.7033352503317261,0.29666465585998536,9.380828845766019e-08
1,1,0.2741725763066865,0.7258241870114487,3.236681864698512e-06
1,1,0.16686224924762486,0.8331052810093303,3.2469743044871926e-05
1,1,0.06342716347547593,0.9365494629568166,2.3373567707452294e-05
0,0,0.6363959649498966,0.36359844533042746,5.5897196760242665e-06
1,0,0.5739437821881552,0.4260536933032447,2.5245085999162716e-06
0,1,0.40409901916657265,0.5958999065795101,1.0742539172624096e-06
1,1,0.13050789611878302,0.869421129080682,7.097480053497333e-05
1,1,0.32612462932756087,0.6738561706226246,1.9200049814630993e-05
0,0,0.9999975667779903,2.2373796593001177e-06,1.9584235025570497e-07
0,0,0.6462346195877848,0.35376480628339096,5.741288243754646e-07
0,0,0.7928578227319691,0.20714188280639867,2.9446163220149706e-07
0,1,0.41063731272741333,0.5892454766946377,0.00011721057794902896
1,1,0.2510607152609951,0.7489380244742688,1.260264735923396e-06
0,0,0.9713660472386633,0.028633923799210575,2.8962126232262918e-08
1,1,0.4778479998107779,0.522151794281564,2.0590765809909695e-07
1,1,0.11689437998822227,0.8830765586516564,2.906136012133768e-05
0,1,0.4760135360527384,0.5239860773165933,3.8663066833349456e-07
2,2,2.209851371669562e-06,0.05509110497786888,0.9449066851707596
0,0,0.5255663333750278,0.47443348909257127,1.77532400936563e-07
0,0,0.975739687211117,0.02426029615118715,1.6637695899268892e-08
1,1,0.25673816266546934,0.7432196638140879,4.217352044290141e-05
1,0,0.543091834362693,0.4569076872487751,4.783885319651414e-07
1,1,0.0958406965785201,0.904018696721586,0.00014060669989410533
1,1,0.16786220896621273,0.832131524028702,6.267005085071693e-06
1,1,0.39885785713061883,0.6011415318673284,6.110020528162548e-07
0,0,0.7547352426216278,0.2452647477192802,9.659091870811592e-09
1,1,0.34057962078433346,0.659408315012902,1.206420276457313e-05
1,1,0.3644841383963055,0.6355072625174801,8.599086214476764e-06
0,1,0.052615385607608735,0.9473336301774042,5.0984214987156026e-05
1,1,0.29703858011057255,0.7029256944672351,3.572542219236743e-05
0,0,0.9591940891697436,0.040805888420692986,2.2409563447614508e-08
0,0,0.9437952368766941,0.05620474953075989,1.3592546229261725e-08
0,0,0.9217531110610407,0.07824688418811113,4.750847979097583e-09
2,2,5.66642348140224e-06,0.15860105287253376,0.8413932807039849
0,0,0.5286182873939572,0.4713806610403818,1.0515656611103994e-06
0,1,0.4423693854842053,0.5576299471583203,6.673574745188824e-07
1,1,0.14479270371540606,0.8549321259961306,0.00027517028846343986
0,1,0.3439453602477285,0.6560490095114949,5.630240776518946e-06
1,0,0.7385077418201578,0.2614912705639686,9.876158736925476e-07
1,1,0.38776439405289326,0.6122289559683806,6.6499787262015845e-06
1,1,0.2698476465799108,0.7301487023629656,3.651057123699496e-06
0,1,0.25702330073428614,0.742957181470475,1.9517795238720333e-05
0,0,0.5552597050999054,0.44473886350909586,1.4313909987286247e-06
1,1,0.48405174027139763,0.5158988654645157,4.939426408659499e-05
0,0,0.7982335625780818,0.20176633188388804,1.0553803026170473e-07
1,1,0.09396820713698434,0.9060148147698525,1.6978093163272e-05
0,0,0.845447120594876,0.15455287281374622,6.59137783278097e-09
1,0,0.5522179668523137,0.447772906913287,9.12623439928666e-06
1,0,0.670603414794136,0.32939502045725877,1.5647486051540175e-06
0,0,0.8514770355628816,0.14852274803910237,2.163980162099199e-07
1,0,0.9118175406845697,0.08818243710136632,2.2214063932057165e-08
1,1,0.17484528495445595,0.8251249343362923,2.978070925177392e-05
1,0,0.6180400574039507,0.3819590400540009,9.025420483192045e-07
1,0,0.8737520612750659,0.12624747003573888,4.6868919536797805e-07
1,1,0.2209751215007325,0.779022142944061,2.735555206496782e-06
0,1,0.3905415470386804,0.609273655166849,0.00018479779447074204
1,1,0.14879973590877127,0.8511953477206183,4.916370610257186e-06
0,0,0.5910580705545353,0.40893407744654103,7.851998923669519e-06
2,2,6.741247125718532e-06,0.18099244885689658,0.8190008098959776
1,1,0.30452868986346066,0.6954689047657593,2.4053707801736123e-06
0,0,0.5642105358317329,0.43576655116700286,2.291300126434727e-05
0,0,0.9139658611746817,0.0859936006167074,4.053820861092747e-05
0,0,0.7654013053161535,0.23459868255713373,1.212671282936807e-08
1,1,0.03338930464925067,0.9665789026215833,3.1792729165913335e-05
0,1,0.25634327515843824,0.743633908389857,2.2816451704739737e-05
1,1,0.11633236604262272,0.8836503747059671,1.725925141008127e-05
0,0,0.694046356077803,0.30595340666438625,2.3725781084919234e-07
1,1,0.3415557331833354,0.6584358297145685,8.437102096063775e-06
0,0,0.67296787688249,0.32703170154772404,4.2156978599071906e-07
0,0,0.6834784245460278,0.3165196734690324,1.9019849397214792e-06
0,1,0.4042741614796332,0.5957254150405445,4.234798222159083e-07
1,1,0.41325197496253974,0.5867418917774321,6.133260028163866e-06
0,0,0.8774934707295979,0.12250652138434902,7.886053178951017e-09
0,0,0.8967502402809052,0.10324975862278826,1.0963065372299758e-09
1,1,0.2356005924541881,0.764389003559216,1.040398659574342e-05
1,1,0.05816586892564122,0.941801290801756,3.284027260294009e-05
1,1,0.07588255195783945,0.9238485098054057,0.0002689382367550769
0,0,0.7548643271845185,0.24513566542699733,7.388484265318929e-09
0,0,0.780643374494623,0.21935662220572305,3.2996539492097368e-09
0,0,0.7890917619652852,0.21090785709489043,3.809398245042688e-07
2,2,7.304747023573121e-06,0.37356556107222155,0.6264271341807549
0,0,0.9207101738476566,0.07928980950086359,1.6651479825497368e-08
2,2,4.049335391087114e-06,0.14039035832597271,0.8596055923386363
1,0,0.6941971464247584,0.3057996100225209,3.2435527207983774e-06
1,1,0.1973855131761482,0.8025632813294397,5.120549441229721e-05
1,0,0.7789936848062309,0.22100606112933988,2.540644293149536e-07
1,1,0.12278158926988085,0.8772013621176303,1.7048612488633657e-05
0,0,0.8091098731163336,0.19089012309242556,3.791240719605091e-09
0,1,0.05307534928055508,0.9469127601180974,1.1890601347490881e-05
0,0,0.5164645787197091,0.48353505953566484,3.617446262028229e-07
1,1,0.1853272071103394,0.8146658522660446,6.940623615899578e-06
1,1,0.43733668171848983,0.562577151828038,8.616645347216877e-05
1,0,0.9214252759162382,0.07857471615186402,7.931897749727898e-09
1,1,0.0373382835597044,0.962575743026443,8.597341385255548e-05
1,1,0.10374435402072771,0.896115222880331,0.0001404230989413805
1,1,0.3867686038434572,0.6132270813333328,4.314823210019124e-06
0,0,0.8927533108423328,0.10724663857438502,5.0583282223900276e-08
1,0,0.5728961702078178,0.4271025604313911,1.2693607909396322e-06
0,0,0.5371063515806427,0.4628935442141442,1.042052131170966e-07
2,2,1.3798307429550604e-06,0.042126537248263825,0.9578720829209932
0,0,0.8293929519274766,0.17060680957155033,2.385009729727874e-07
1,1,0.15252380454153858,0.8474579822846358,1.821317382557765e-05
1,1,0.019665546174276956,0.9797571298229171,0.0005773240028059103
2,2,2.471009667029473e-07,0.013747969875175512,0.9862517830238579
1,1,0.07799601700598342,0.9209994473767528,0.0010045356172637802
0,0,0.5856107024106852,0.4143891635562431,1.3403307168835222e-07
1,1,0.2902008356132709,0.7097941426154916,5.021771237421336e-06
1,1,0.012997522076701311,0.9868305720622019,0.00017190586109680332
1,1,0.3019691670203882,0.6978769154292949,0.00015391755031685935
0,1,0.3662124395132037,0.6337795435727039,8.016914092334722e-06
0,0,0.9261662348321411,0.07383364426489031,1.2090296856670273e-07
1,1,0.15255512081548975,0.8474313391053856,1.3540079124667346e-05
0,0,0.7743440989684631,0.22565583580627865,6.522525833563096e-08
0,0,0.8799676727901522,0.12003232577462426,1.4352235443336693e-09
1,0,0.5476853833038425,0.45231324408705753,1.3726090998606686e-06
0,1,0.3648197277599967,0.635178801725931,1.4705140722575604e-06
0,0,0.946390842309488,0.053609148040703845,9.649808012257391e-09
1,2,3.422018416068552e-05,0.44095083521172085,0.5590149446041185
0,1,0.13996798540997785,0.8583805210071235,0.0016514935828986063
1,1,0.41549604683702196,0.5845038667302678,8.643271030592752e-08
1,1,0.03576888577675947,0.963978996097747,0.0002521181254937252
0,0,0.6725646472633593,0.3274337167846119,1.6359520288017433e-06
0,1,0.3542298480787246,0.6457551956886355,1.4956232639775703e-05
0,0,0.8611029360439,0.13889706106508848,2.89101153009083e-09
0,1,0.45380959317389763,0.5460103986612015,0.00018000816490096758
0,0,0.5226846459198693,0.47731490235971913,4.5172041163233236e-07
0,1,0.38333484582771316,0.616663392018876,1.7621534109625318e-06
2,1,0.01816100083150024,0.8428790443239583,0.13895995484454152
0,0,0.8348150029368905,0.16518496183247705,3.5230632410580436e-08
1,1,0.08017467782097344,0.9184748038868237,0.0013505182922028086
1,1,0.010772994327833876,0.9852708800309277,0.003956125641238559
1,1,0.03654026804706672,0.9403692877970828,0.023090444155850463
0,1,0.24977774196416289,0.7502057266213228,1.653141451437429e-05
0,0,0.93062370183235,0.06937567890419231,6.192634575831999e-07
1,1,0.40271881923102737,0.5972737702185759,7.410550396722254e-06
1,1,0.019010958530205155,0.9636741096737368,0.01731493179605811
1,0,0.7567177556571886,0.24328188384697155,3.604958398228446e-07
1,1,0.3243571383160108,0.6756397054288816,3.1562551076133417e-06
1,1,0.2581283690352168,0.7418418046676862,2.982629709692266e-05
1,0,0.5762363910522498,0.42376359983257783,9.115172298619574e-09
0,1,0.2804103773469943,0.7195881729729444,1.4496800612879872e-06
0,0,0.707026603759401,0.2929712223403648,2.173900234221892e-06
0,0,0.6259612761749561,0.3740383836636405,3.4016140335132794e-07
2,2,5.017620045687188e-09,0.001403943061907596,0.9985960519204724
0,0,0.9246956882360071,0.07530429458139232,1.7182600487812092e-08
1,1,0.4650806423761059,0.5348967677807167,2.2589843177381086e-05
0,0,0.7453866103186508,0.25461315880282714,2.308785221464574e-07
1,1,0.22087669901036067,0.7783994299647454,0.0007238710248938857
1,1,0.08858450409926208,0.9113234665861222,9.202931461569879e-05
0,0,0.8258563909987584,0.1741435734419069,3.5559334690958234e-08
2,2,9.715570725612898e-07,0.054620902888194336,0.9453781255547331
0,0,0.8135884268864445,0.1864114996660856,7.344746989062922e-08
1,0,0.5629923207035906,0.4370075016640003,1.7763240916178333e-07
1,0,0.5243534546325497,0.47564643109874793,1.1426870238410013e-07
1,1,0.10186662060316137,0.8897888010912129,0.008344578305625752
0,1,0.12738972810755875,0.8726041568992897,6.114993151573771e-06
1,1,0.3491369789354922,0.6507514704039927,0.0001115506605150096
1,1,0.29356559483678196,0.7063674975017673,6.690766145068303e-05
1,1,0.03501712695174226,0.9079635250104331,0.057019348037824574
1,1,0.13172158291429414,0.8682667266752968,1.1690410408960507e-05
0,0,0.7892614249646857,0.21073852347181424,5.156350008361e-08
0,1,0.4546078484121273,0.5453811796913022,1.0971896570476724e-05
1,1,0.08696284007333424,0.9130263138363174,1.0846090348315244e-05
0,0,0.7273721975112473,0.27262741945200697,3.830367456802383e-07
0,1,0.13478711590469536,0.8645524099102743,0.0006604741850303811
0,0,0.7671590442171816,0.23284094250570195,1.3277116345773569e-08
1,1,0.35714484701131893,0.6428536512172333,1.5017714477573546e-06
1,1,0.19368462270584264,0.8063141905711495,1.1867230079363633e-06
1,1,0.12081759732877512,0.8791770493325749,5.353338649862096e-06
0,1,0.37431734523588417,0.6256819525984075,7.021657082188541e-07
0,1,0.23365452648571466,0.766342578687608,2.894826677473036e-06
1,1,0.38731139426024097,0.6126851032169605,3.502522798611769e-06
0,0,0.826347183517566,0.173652633864811,1.8261762295256434e-07
1,0,0.5191691795405082,0.4808298892017703,9.312577214898031e-07
0,1,0.14318454504108066,0.8133850691093214,0.04343038584959785
1,1,0.2800902417291501,0.7199033477609056,6.410509944396501e-06
0,0,0.5842255201880349,0.41577385789019927,6.219217658992957e-07
1,1,0.35111195207740187,0.6486325968388575,0.0002554510837405042
0,0,0.726272365412823,0.2737276193263691,1.52608079139563e-08
2,2,3.1382218984826388e-12,1.9443571006317422e-07,0.9999998055611518
1,0,0.7837778948647303,0.2162219336222811,1.7151298864879044e-07
0,0,0.6078714550441239,0.39212794382025096,6.011356252721014e-07
1,0,0.5398627536244835,0.4601340657180227,3.1806574937753953e-06
0,0,0.7395036655124595,0.26049632250593246,1.198160806165309e-08
0,1,0.10310617929705676,0.8968844127662237,9.40793671962487e-06
0,0,0.8509412681735724,0.14905871038982096,2.1436606622209114e-08
0,0,0.9164002486513739,0.0835997246737745,2.6674851614762125e-08
0,0,0.7268517618158523,0.27314805626633964,1.8191780815648142e-07
0,0,0.8991952917852728,0.10080470712961613,1.0851111653527132e-09
0,1,0.45283676813083584,0.5471280371699384,3.519469922579747e-05
1,1,0.4495869612912379,0.5504113242999489,1.7144088133046627e-06
0,0,0.9461437323891274,0.05385527141912525,9.961917474908832e-07
0,0,0.6944421942576275,0.305557780962233,2.4780139354846244e-08
1,1,0.21248159001848488,0.7874714539848954,4.695599661980956e-05
1,1,0.22346898237075788,0.7765293911153619,1.6265138802800422e-06
1,1,0.31734377683723175,0.6826528250334931,3.39812927520072e-06
1,1,0.12958434964066545,0.8704127893032312,2.8610561034650966e-06
1,1,0.17563467459629414,0.82432796496921,3.7360434495968076e-05
1,1,0.3922464446294168,0.6077532401107726,3.152598105941931e-07
0,1,0.37605104587993604,0.6239484495194249,5.046006390117096e-07
2,2,3.8883891958344946e-05,0.40082351276054773,0.5991376033474939
1,1,0.3126930854343189,0.6803385690626991,0.00696834550298198
0,0,0.5931390797163836,0.40684892231377034,1.1997969846076088e-05
0,0,0.9667844010542315,0.03321557402803161,2.4917737074579816e-08
0,0,0.8680017958646314,0.1319981954461313,8.689237164826856e-09
1,1,0.09323840526506673,0.9067487301372074,1.2864597725742367e-05
0,0,0.8077922226338238,0.19220776326046912,1.4105707072526036e-08
2,2,0.0005865223924311782,0.059765224306832405,0.9396482533007364
1,1,0.08986509785122736,0.9101095035748669,2.5398573905637155e-05
1,1,0.15943085295587328,0.8399838965243934,0.0005852505197333096
1,1,0.2769049921353173,0.7228877526782573,0.00020725518642538467
1,1,0.032501623209006104,0.9624024272874275,0.005095949503566572
1,1,0.29399866815258097,0.7059929822754614,8.349571957627794e-06
0,1,0.16864751106331669,0.8312253806152227,0.00012710832146070332
1,1,0.15189287052510822,0.8480446064549596,6.252301993223994e-05
0,0,0.8691719787638568,0.13082604434976416,1.97688637919743e-06
0,0,0.8099824677176312,0.1900174667407046,6.554166407000671e-08
0,0,0.800881079572064,0.1991183634027704,5.570251656896433e-07
0,0,0.7603277791258282,0.2396708010552521,1.4198189198854417e-06
0,0,0.9809230034452711,0.01907699012764115,6.42708777337705e-09
1,0,0.8086654222148876,0.19133445279465747,1.2499045498040441e-07
1,1,0.00953682112118027,0.6154252690303169,0.37503790984850277
1,1,0.05098415970339296,0.94898670327003,2.9137026577121454e-05
0,0,0.533909436685902,0.46609051921711603,4.409698201192797e-08
1,1,3.762007475321743e-05,0.5046130497228497,0.495349330202397
0,1,0.2551352541471357,0.7448354099227922,2.9335930072127048e-05
0,0,0.7053798659648945,0.2946199763625354,1.5767257004254198e-07
1,1,1.141166018357341e-06,0.5630310350005463,0.4369678238334353
0,1,0.463204503065898,0.5367916389444616,3.857989640468617e-06
1,1,0.10172256024010173,0.8982139718004162,6.34679594819068e-05
0,0,0.9758050128895916,0.024194898113280242,8.89971282119555e-08
0,1,0.18111548620811244,0.8188613693200241,2.314447186340907e-05
0,0,0.817141425916654,0.18285854893917639,2.5144169759446575e-08
0,0,0.5114796347039929,0.4885178453971348,2.5198988722520808e-06
0,0,0.8074128921582033,0.1925861625033637,9.453384329445324e-07
0,0,0.8374915286990884,0.16250802849753393,4.4280337778711986e-07
0,0,0.7663347273299588,0.2336645729695173,6.997005239999627e-07
1,1,0.08781879593857103,0.9121125965158363,6.860754559274147e-05
1,1,0.3471848863116394,0.6528144020076202,7.116807403283997e-07
1,0,0.8753068816848875,0.12469310035206825,1.796304415962484e-08
1,1,0.07517710190370464,0.9109759495905283,0.013846948505766982
1,1,0.10724476130212127,0.8926643572473439,9.088145053489257e-05
1,1,0.1651463527586551,0.8348420459808933,1.1601260451510156e-05
1,1,0.24439244723682782,0.7555998736944342,7.679068738078259e-06
0,0,0.6872910216787844,0.3127082168945424,7.614266732578296e-07
0,0,0.5388221309461426,0.46117760721525275,2.618386046955984e-07
0,1,0.4488958602087278,0.5511020935345651,2.046256707193986e-06
1,1,0.21442729427812016,0.7855707428946003,1.9628272795129602e-06
1,1,0.2909821505346266,0.7090163776448546,1.4718205188319699e-06
2,2,1.1657354303655905e-08,0.0010431479991783053,0.9989568403434673
0,1,0.4362557360355425,0.5637382131359372,6.050828520186536e-06
1,1,0.03277196454901798,0.9670581475893243,0.00016988786165760876
1,1,0.03804447246965704,0.9619301528822395,2.537464810350493e-05
2,2,1.473936417911722e-11,4.7545722753634507e-07,0.9999995245280331
1,1,0.04327595000624852,0.9565043201737266,0.00021972982002492345
1,1,0.2527190617317163,0.7471640626804883,0.00011687558779543892
0,0,0.9309967356559288,0.06900294013254961,3.242115216781578e-07
1,1,0.08984029093598957,0.9101509868020197,8.722261990842272e-06
1,1,0.05553587244553737,0.8963886765247178,0.048075451029744844
1,1,0.04345314403060587,0.9553375760319774,0.0012092799374166048
1,1,0.17362000817572149,0.8263738129618127,6.178862465951071e-06
0,1,0.09186112048412999,0.9081226401924677,1.6239323402341787e-05
0,0,0.7067672201691818,0.2932327727463678,7.084450495373588e-09
0,0,0.7324617286991235,0.2675382113655269,5.993534962474771e-08
0,0,0.8117286918432621,0.18827088609426587,4.220624720136572e-07
0,0,0.9401432735451843,0.059856711320825415,1.5133990094361315e-08
0,1,0.2274525676115086,0.7720516400391709,0.0004957923493205623
1,1,0.023031236478707112,0.9732438684843681,0.003724895036924866
0,1,0.052907374925607195,0.9470777724361026,1.485263829021894e-05
1,1,0.0001151939321135818,0.9187048384114451,0.08117996765644128
0,0,0.8268729778385597,0.17312655603656518,4.661248750802762e-07
1,1,0.13351348036760263,0.8613600348055834,0.005126484826814088
0,0,0.5867487887575834,0.41325088628584106,3.249565755633366e-07
0,1,0.22221163808451458,0.7777601788773664,2.8183038119082632e-05
2,2,1.6631127174310185e-06,0.09334865699444982,0.9066496798928327
0,0,0.6270865544645896,0.37291180181952244,1.6437158877857456e-06
1,2,0.02213796978598128,0.472550537641449,0.5053114925725697
1,1,0.1550811706070704,0.834740547012802,0.010178282380127615
1,1,0.030331840220406924,0.9695938918468442,7.426793274896517e-05
0,0,0.6461955435702126,0.35380330218727274,1.154242514651482e-06
2,2,2.89620034729466e-10,0.0017993911137566786,0.9982006085966233
1,1,0.10159812903381638,0.8983856623111122,1.6208655071601077e-05
1,1,0.19702660630786792,0.802221204234418,0.0007521894577141823
1,1,0.10973585155469884,0.8897310049709285,0.0005331434743725427
1,1,0.12457678777589021,0.875349213646371,7.399857773894397e-05
1,1,0.06254865971531942,0.9374112030967275,4.013718795305001e-05
1,1,0.1462147341685533,0.8537798669633695,5.398868077183026e-06
2,2,0.000458746753604251,0.036508421316027856,0.9630328319303679
0,0,0.6393079274218972,0.36069192844404807,1.4413405454752823e-07
1,1,0.03424596748514935,0.9656703447560158,8.368775883495787e-05
1,1,0.08193496225969632,0.9180021113081314,6.29264321725345e-05
0,0,0.9306520127149964,0.06934798319471443,4.090289052030864e-09
0,0,0.6870587333456581,0.31294116020717155,1.0644717028656417e-07
1,1,0.21602641140282383,0.783970578501204,3.0100959722457386e-06
0,1,0.4482951804482007,0.5517044286055975,3.909462017951594e-07
1,1,0.21521968972731131,0.7847703341799875,9.976092701142097e-06
1,1,0.23554514753162478,0.7644411677658505,1.3684702524756875e-05
1,1,0.10026209872227299,0.8997320948292046,5.806448522320382e-06
1,1,0.09174815884815143,0.8938961088805087,0.014355732271339829
1,1,0.04840896557244388,0.9515715687734817,1.9465654074531852e-05
1,1,0.19880423574203515,0.8005037264785492,0.0006920377794155932
0,1,0.26349793632999174,0.7365001160588154,1.947611192815898e-06
1,1,0.1560816529750316,0.8393366637844888,0.004581683240479686
0,0,0.7276213176078806,0.272378384915137,2.974769824076781e-07
1,1,0.13924785534121706,0.8597999950281564,0.0009521496306263964
1,1,0.1103847078393922,0.8855497057731319,0.004065586387475956
0,0,0.7939519267398115,0.20604366044246514,4.412817723427101e-06
0,1,0.4861358174420732,0.5138532705981493,1.0911959777415671e-05
0,0,0.999972100084619,2.7889154952621738e-05,1.0760428285724741e-08
0,0,0.6500433927918059,0.34995657697508237,3.0233111767240256e-08
0,0,0.9250332678975961,0.0749664944754559,2.3762694808270873e-07
1,1,0.0352151746341018,0.9647124723278905,7.23530380077197e-05
0,0,0.6581387194237954,0.341859555480349,1.7250958553884462e-06
0,1,0.21441065526312922,0.7855882752917693,1.0694451013721559e-06
0,0,0.8294242969908736,0.17057562941404075,7.35950855996306e-08
1,1,0.0242853908982607,0.7957710807596741,0.17994352834206523
1,0,0.9287178008042345,0.07128168932104481,5.098747206822535e-07
1,1,0.09757378447016544,0.9023885590576307,3.76564722038696e-05
0,0,0.7505988789852043,0.2494010929204368,2.8094358910583353e-08
0,0,0.8688973376136084,0.1311025865985122,7.578787943236561e-08
1,0,0.5446767528327511,0.45532306384218296,1.8332506587415508e-07
1,1,0.2743583058782059,0.7256392413924435,2.452729350434776e-06
0,0,0.5973656506568948,0.4026342364483692,1.128947358977938e-07
0,1,0.3344277006540019,0.6655712723087589,1.027037239085411e-06
0,1,0.36420584144089935,0.6357902240530281,3.934506072605762e-06
1,1,0.053850549616576364,0.9231546904340768,0.022994759949346796
0,0,0.5567888377212399,0.44320869456632406,2.467712435952907e-06
0,1,0.13007825890413724,0.8698872950884067,3.44460074560696e-05
1,1,0.4112351177887108,0.5887641252153488,7.569959402902821e-07
1,0,0.5307277906640488,0.4692378570502844,3.43522856667852e-05
1,1,0.17424546252902967,0.8257239664933372,3.057097763305462e-05
1,1,0.20510009551065828,0.794451535658765,0.0004483688305767879
1,1,0.054006316598536164,0.9459725449677366,2.113843372721911e-05
0,1,0.08367739884171023,0.915735652038793,0.0005869491194966122
2,2,2.8058746758473568e-14,3.3416475301247635e-09,0.9999999966583244
1,1,0.18023950425221336,0.8197566161927864,3.879555000167008e-06
1,1,0.04740159572222636,0.9524352903876436,0.00016311389013006248
0,0,0.8188081089346972,0.181191656227753,2.3483754991831186e-07
1,1,0.19870545346215018,0.8012893953416403,5.151196209554611e-06
1,1,0.3065586133598926,0.6934375290444554,3.857595651973128e-06
0,1,0.165401126522602,0.834514297760536,8.457571686214035e-05
0,0,0.6923422216729385,0.3076574359280368,3.4239902472753693e-07
0,0,0.9411760574257009,0.05882393275039394,9.823905233050741e-09
1,1,0.18558530717292898,0.8143662275985809,4.8465228490220394e-05
1,1,0.3153749206678144,0.6846221843262822,2.8950059033611174e-06
1,1,0.03473396531206606,0.9650964085799292,0.00016962610800461998
0,1,0.12821720988043986,0.8717640064356336,1.8783683926564975e-05
1,1,0.2124567033314666,0.787531446779416,1.1849889117340197e-05
2,2,3.7282885799122617e-08,0.007288071342980529,0.9927118913741337
1,0,0.5940147857589437,0.4059849139786694,3.002623866954706e-07
2,2,1.3380670962780562e-08,0.02504718856486905,0.9749527980544601
1,1,0.018617427843394475,0.7773170053712758,0.20406556678532956
1,1,0.0757347572136543,0.9083696539321683,0.01589558885417734
1,0,0.757937854241252,0.24206134015765896,8.056010888919477e-07
0,0,0.5139366241388138,0.4860632065337762,1.6932740987414247e-07
2,1,0.019678922679572886,0.8463266195301186,0.13399445779030858
1,1,0.2668201870550324,0.7331784155562903,1.3973886772944857e-06
1,1,0.09945446052963705,0.8991906769036421,0.001354862566720921
0,1,0.4203539598856795,0.5796323429805779,1.3697133742701809e-05
1,2,0.006259134814487045,0.3449975652215795,0.6487432999639334
1,1,0.41508957625775406,0.5849091084543961,1.315287849837803e-06
1,1,0.37484991934858686,0.625120642108915,2.943854249798446e-05
1,0,0.7764917454403611,0.22350818612834913,6.84312897343629e-08
0,0,0.7373127381039544,0.26268724835230634,1.3543739288865489e-08
2,2,2.1819877874306187e-08,0.07149676499099511,0.9285032131891269
1,1,0.12562728798081427,0.8743586693762665,1.4042642919240476e-05
1,1,0.3145194541060285,0.6854732663596004,7.279534371189019e-06
1,1,0.16328325380276928,0.8367032022001046,1.3543997125945042e-05
1,1,0.11091916285991779,0.8859853195052579,0.0030955176348243353
1,0,0.6055454033781067,0.3944367568701275,1.7839751765861693e-05
0,0,0.8624775932093172,0.1372492458417413,0.0002731609489414609
1,1,0.07345606969470457,0.9265160397339283,2.7890571366961467e-05
0,0,0.6753535650041832,0.32464630627131313,1.2872450380327812e-07
1,1,0.3122550381829543,0.687726496827783,1.8464989262655457e-05
2,2,8.811194177396677e-05,0.027101938909261786,0.9728099491489643
0,0,0.5896945508094937,0.41030533874721486,1.1044329142299968e-07
1,1,0.30848608732226734,0.6914293242530334,8.458842469917933e-05
1,1,0.16561696104843673,0.8343718518825082,1.1187069055011388e-05
0,0,0.6251650519326679,0.3748312302183337,3.717848998320137e-06
1,1,0.2211080724282025,0.7788583173408048,3.361023099278104e-05
1,1,0.016370114860903322,0.778224915443376,0.2054049696957206
0,0,0.8501250007695781,0.14987498720309872,1.2027323237514776e-08
0,0,0.8899239417732429,0.11006059552943218,1.546269732509081e-05
1,1,0.01125873791338063,0.9690802270140422,0.019661035072577125
1,1,0.45109028227084713,0.5489050661178467,4.651611306169393e-06
1,1,0.1647038934023339,0.83529398633177,2.120265896203075e-06
1,1,0.01848407744402854,0.9812759588445339,0.00023996371143755497
1,0,0.7578709487001887,0.24212902423722185,2.706258962409816e-08
2,2,1.1756835454671911e-06,0.02921120901261706,0.9707876153038374
0,0,0.9158157725762952,0.08418005518744603,4.172236258905681e-06
1,0,0.5829281873721525,0.4170717827197639,2.990808360686514e-08
0,0,0.6947777211402952,0.3052220414419153,2.3741778943506721e-07
1,1,0.01586846808430607,0.983322664662874,0.0008088672528199362
1,0,0.7487786708920617,0.25122132159431776,7.513620416086492e-09
1,1,0.15840823180753003,0.8415889591295037,2.8090629663366524e-06
0,1,0.46323894002958127,0.536759728597296,1.331373122681792e-06
0,0,0.9394927946551678,0.06050704783043559,1.57514396649181e-07
0,0,0.8631921184329732,0.13680758633237955,2.952346472887437e-07
1,1,0.15686199201463996,0.8430284523095027,0.0001095556758573247
1,1,0.18173627902426295,0.8182575006699906,6.2203057464581625e-06
0,0,0.9348752251186845,0.06512446993181123,3.04949504390975e-07
1,1,0.2741712370571775,0.7258277127977241,1.0501450984037836e-06
0,1,0.32092191027805056,0.6790775732565947,5.164653546317541e-07
0,0,0.5340346771586051,0.4659497662361998,1.5556605195187765e-05
1,1,0.19865455091279646,0.8013368933070325,8.555780171013886e-06
2,2,1.226485480842022e-06,0.05122473748352115,0.948774036030998
1,1,0.07910227887411964,0.908333307864567,0.012564413261313447
0,0,0.8814412882400893,0.11855864609203652,6.56678743157635e-08
0,0,0.8281534242301491,0.1718465447626133,3.1007237551937204e-08
0,1,0.11747180227794551,0.8824768997064079,5.129801564663381e-05
1,1,0.12071074900870667,0.8792840052256176,5.245765675725551e-06
1,1,0.1924856603918168,0.8075083641978277,5.975410355574645e-06
1,1,0.28584668304337896,0.71414987410798,3.442848640844129e-06
1,1,0.05404693648491858,0.9387741469519711,0.007178916563110288
1,1,0.045131653072499577,0.8202192171891667,0.13464912973833368
2,2,2.6284368247198086e-11,0.0011951539097890416,0.9988048460639266
0,1,0.3544644549302885,0.6455306138920969,4.931177614608531e-06
1,1,0.2632999732432831,0.7366963987666153,3.6279901015110648e-06
1,1,0.07197744546117106,0.9279381770291516,8.437750967731941e-05
0,0,0.9572638642076344,0.04273608047960609,5.53127594992735e-08
0,0,0.7224121447187222,0.277580317345049,7.5379362288906306e-06
1,1,0.2298777952737102,0.7701203702056237,1.8345206660796132e-06
1,1,0.38319625618060227,0.6168029039765849,8.398428128546814e-07
1,1,0.37161891468143765,0.6282819335984506,9.91517201117145e-05
1,1,0.1865388110149259,0.8134071634183436,5.4025566730469e-05
2,2,9.653416826585214e-07,0.06715456650639438,0.932844468151923
2,2,0.0002807143086121832,0.021778060222750938,0.9779412254686368
0,0,0.8444763203173914,0.15552360609530175,7.358730684427836e-08
0,0,0.5842472999264997,0.4157523403121721,3.5976132811603657e-07
1,1,0.05742444647502794,0.9425518060724537,2.3747452518500232e-05
1,1,0.1183425288654707,0.8815600231603762,9.7447974153078e-05
0,0,0.8423877173689917,0.15761178275461044,4.998763978797392e-07
1,1,0.22989280139377494,0.7700538380072239,5.3360599001151446e-05
2,2,0.0011960467937570578,0.13180283935607504,0.867001113850168
1,1,0.060376012800038334,0.9254937312201655,0.014130255979796112
1,0,0.5054958651848976,0.4945037057671141,4.290479882575165e-07
2,2,6.460729618099566e-07,0.0464898895225041,0.9535094644045341
0,0,0.8369092701539461,0.1630906473866018,8.24594519621272e-08
0,1,0.21793177448012946,0.7820616032613485,6.622258522034865e-06
0,1,0.4515915264835962,0.5484082092607542,2.6425564950376576e-07
1,1,0.13910440387959683,0.8608915499938049,4.046126598190348e-06
1,1,0.09012196397081015,0.9098659931401116,1.2042889078032894e-05
1,1,0.10038256333876147,0.8994804405113342,0.00013699614990426778
0,1,0.3537982713741334,0.6461171195981715,8.460902769508078e-05
1,0,0.5055996256611277,0.4943943265811123,6.047757760024655e-06
0,1,0.4678135218038328,0.5321859497857424,5.284104248256328e-07
0,1,0.46260694928368146,0.5373924122261435,6.384901750600762e-07
0,0,0.5002494677774432,0.4997385209816962,1.2011240860698364e-05
0,1,0.32143348159771645,0.6785645219815315,1.996420751988688e-06
1,1,0.11168761633233179,0.8883054336648502,6.950002817983304e-06
1,0,0.6391256274454482,0.36087035976236437,4.012792187453183e-06
1,1,0.04784625100790747,0.951996947209515,0.00015680178257762795
1,1,0.3410341852792939,0.6589582436536183,7.571067087809867e-06
1,1,0.4077575994321812,0.592241724021073,6.765467456594425e-07
1,0,0.5366907728966966,0.4633006424802261,8.584623077413018e-06
0,1,0.1550273447857273,0.8433903399494397,0.0015823152648328299
0,0,0.9224941215809978,0.0775058638135455,1.4605456678629121e-08
0,0,0.9754292902354691,0.02457069024320803,1.9521322927661193e-08
1,1,0.2010633017864853,0.7988413278760135,9.537033750127949e-05
1,1,0.4385135388362363,0.561471986570693,1.4474593070819374e-05
0,0,0.6463244440711171,0.35367503188210125,5.24046781771272e-07
0,0,0.950890246887125,0.049106129346280315,3.6237665946592933e-06
0,1,0.44786540760904453,0.552132226474942,2.365916013583994e-06
1,0,0.6084108421940255,0.3915836984642685,5.459341705906939e-06
1,1,0.13916124848010103,0.8517789855617968,0.0090597659581023
0,0,0.7422842831148873,0.25771569631334224,2.0571770383821366e-08
0,1,0.09655262899761759,0.8861147093047987,0.017332661697583553
0,0,0.7695189956380027,0.23048080971826873,1.9464372845744636e-07
1,1,0.22186626028791723,0.7781234512381398,1.0288473942977083e-05
1,1,0.020994865126792946,0.8010034524878775,0.17800168238532946
0,1,0.4753200335587926,0.5246796256654801,3.4077572735681705e-07
1,1,0.3901844774356903,0.6098076130729518,7.909491357908493e-06
1,1,0.3680817306935537,0.6317954158490728,0.00012285345737346053
1,1,0.4249510391745614,0.5750362659255877,1.2694899850972907e-05
0,1,0.389471922333526,0.6104998743587697,2.820330770419995e-05
1,1,0.12584027391649683,0.8741350888095886,2.4637273914621716e-05
0,1,0.41152872235984744,0.5884693820956517,1.8955445009735106e-06
1,1,0.3846140224797193,0.615303648387066,8.232913321463052e-05
1,1,0.170163542480471,0.8287079522637796,0.0011285052557494404
1,1,0.0392756626069025,0.9546365170945734,0.006087820298524138
1,1,0.11155495877025405,0.8884337394777256,1.130175202037129e-05
1,1,0.20826402762179858,0.7914418455445554,0.0002941268336460501
1,1,0.16497319035778052,0.835021114622687,5.6950195323270375e-06
1,1,0.3796137589721222,0.6203368542538189,4.938677405884291e-05
1,1,0.27250592971007415,0.7259443725169037,0.001549697773022087
1,1,0.1774891142145763,0.8220814217518742,0.0004294640335495541
1,1,0.13634030646949355,0.8635847614027025,7.493212780389883e-05
0,1,0.27614834235995755,0.7236969795897159,0.00015467805032649032
0,0,0.6981108966623945,0.30188847829187354,6.250457319679105e-07
0,0,0.895684807551584,0.10431398998655267,1.2024618634804504e-06
0,0,0.6701880132588487,0.3298112470879935,7.396531576583358e-07
1,1,0.037781906976199965,0.9619497437253371,0.0002683492984629738
1,1,0.05474291832360743,0.9147119019131257,0.030545179763267042
1,1,0.24105967204913478,0.7586000432721279,0.00034028467873721454
0,0,0.8299415516898071,0.17005835445705966,9.385313324157714e-08
1,1,0.133352139193528,0.8666243894937578,2.3471312714273726e-05
0,0,0.906655883076218,0.09334411468506863,2.2387132293132566e-09
0,0,0.7164192373994828,0.28357920210056903,1.5604999481478008e-06
0,0,0.851909584285457,0.1480888068988872,1.6088156557911907e-06
1,0,0.5201962647749505,0.47980342820226046,3.070227890539611e-07
1,1,0.1966837333973571,0.8033047641940252,1.1502408617700417e-05
1,1,0.3702824646690426,0.629622073984126,9.546134683147981e-05
1,1,0.12070444611351307,0.8788068832920937,0.0004886705943932173
1,1,0.47840819153981085,0.5215853708953084,6.43756488067313e-06
1,1,0.33567042172025036,0.6640711435784713,0.0002584347012783326
1,1,0.2956950940226183,0.7042833738321479,2.153214523369797e-05
1,0,0.5068957073969238,0.4931041146636637,1.779394125896292e-07
1,1,0.0469184036510849,0.9529793153814987,0.00010228096741655243
0,0,0.6335487906411872,0.3664464979084299,4.711450382902888e-06
0,0,0.6083208125946752,0.3916739255006539,5.261904670840433e-06
1,1,0.16255476467405747,0.8374201220835528,2.5113242389644e-05
1,1,0.2163418074928862,0.779844610541473,0.0038135819656406307
1,1,0.12451034577804557,0.8680307901454125,0.007458864076542029
1,1,0.37485987005758853,0.625137752107939,2.3778344724494704e-06
0,0,0.7806331742197283,0.21936657653383482,2.492464367146511e-07
0,1,0.17155200023869177,0.8284413256974444,6.674063863757801e-06
1,1,0.36508637520116527,0.6347624406721198,0.00015118412671487737
0,0,0.5979712393178108,0.4020287111570956,4.952509362832443e-08
1,0,0.6200025465408974,0.37998370378338486,1.374967571765358e-05
1,1,0.4589784104556198,0.541017076554074,4.5129903060574416e-06
1,1,0.018785527972471225,0.9811420037532768,7.246827425190856e-05
1,1,0.35514015000111754,0.6447738851706709,8.596482821161266e-05
0,0,0.9123254159794401,0.08767456267411482,2.134644517437302e-08
1,1,0.09564350810661869,0.9042451137616825,0.00011137813169885425
1,1,0.3834979392010942,0.6164961242376211,5.936561284701427e-06
0,0,0.8882466808555235,0.1117209319035103,3.2387240966070645e-05
0,0,0.6727239415060379,0.32727469803080755,1.3604631544721094e-06
0,0,0.6174085739439198,0.382590473528848,9.525272321577885e-07
1,1,0.3746791115725215,0.6253176703949985,3.2180324799155843e-06
1,1,0.08713613161660633,0.9128442774309128,1.9590952480863865e-05
1,1,0.11847539885347916,0.8814834483412446,4.11528052762092e-05
0,0,0.8829886782211663,0.11701131983330142,1.945532286001321e-09
0,0,0.5913370647521151,0.40866260754537426,3.277025106254352e-07
1,1,0.05585314007480089,0.9438976820341409,0.0002491778910580721
1,1,0.07929240768527587,0.9197895472261213,0.0009180450886028823
1,1,0.16779014587570168,0.8321986405968965,1.1213527401868633e-05
1,1,0.3529075600376744,0.6469590955318061,0.00013334443051950625
0,0,0.6319354100281847,0.36806443218563467,1.5778618071847873e-07
1,1,0.07441113969154298,0.9253504143505006,0.0002384459579564967
0,0,0.8558565105930922,0.14413908535128508,4.404055622721023e-06
1,1,0.11284641188833464,0.887147020021915,6.568089750413791e-06
1,1,0.4018831135554051,0.5981160909613639,7.954832311090528e-07
1,1,0.13562797859709336,0.8643547588331214,1.7262569785148454e-05
1,1,0.10942941222624694,0.8905166159457981,5.397182795500122e-05
0,0,0.9284248750354613,0.07157512028191616,4.682622359765491e-09
0,1,0.19401968302938402,0.8059791112921533,1.2056784627542044e-06
2,2,1.7116471060344798e-08,0.003018625084422083,0.9969813577991068
0,1,0.31819895684555377,0.681792725390519,8.317763927266755e-06
0,1,0.2375318949119779,0.7624346315249274,3.347356309456215e-05
0,1,0.44649864967246156,0.5534999813714407,1.3689560976940698e-06
1,2,3.934622668214427e-05,0.2750017678732746,0.7249588859000433
2,2,1.5741032638826659e-09,0.00045459220560417477,0.9995454062202924
0,0,0.5215274125651593,0.4784705400935409,2.047341299708071e-06
0,1,0.11966170237524457,0.8803309952258389,7.3023989163866795e-06
1,1,0.43904823745771165,0.560950950868531,8.116737574297821e-07
1,1,0.35909470984342795,0.6409042048430114,1.0853135607645775e-06
1,1,0.17893026535775977,0.8210609813572765,8.753284963612397e-06
0,0,0.7682566155073562,0.2317431478075525,2.3668509120526021e-07
1,1,0.22082822012987116,0.7791217716843364,5.000818579248483e-05
1,1,0.040822509113645045,0.951882082984008,0.007295407902346904
1,1,0.05583753048656587,0.9436850528497859,0.00047741666364821026
1,0,0.584424126920899,0.41557562916957264,2.439095282701505e-07
1,1,0.05846137817314117,0.9403170665694955,0.0012215552573632109
1,1,0.2355982151551235,0.7643925040979193,9.280746957170896e-06
0,1,0.19458840797692803,0.8054067127432546,4.879279817282815e-06
1,1,0.2891568756337604,0.7105074378584779,0.00033568650776179536
0,1,0.2012811586989613,0.798714773082455,4.068218583592307e-06
1,1,0.1300352457980636,0.8699582145667419,6.539635194331891e-06
1,1,0.14539322516040198,0.853079285169286,0.0015274896703119367
0,1,0.3419888338813427,0.6578030181760299,0.0002081479426272707
1,1,0.11640838976590194,0.8835844179744563,7.192259641579984e-06
0,0,0.7207990768746779,0.27919906347227336,1.8596530486827057e-06
1,1,0.11249969990975846,0.8874202742300695,8.002586017208388e-05
0,1,0.39415894927788314,0.6058398599427836,1.1907793333260653e-06
1,2,6.9680419078884365e-06,0.11256127426968845,0.8874317576884037
1,1,0.1972154982023739,0.8027730641762572,1.1437621368930882e-05
1,0,0.520021914556057,0.4799405339624997,3.755148144330785e-05
0,1,0.43754799891100743,0.562451700017545,3.010714476384582e-07
1,1,0.0343916816388161,0.9655693749668568,3.8943394327125236e-05
1,0,0.7684970486277194,0.23150292111211998,3.0260160609670505e-08
0,0,0.5746330071933674,0.42536561580320725,1.3770034254760255e-06
0,0,0.7044655999717198,0.29553362782957654,7.721987036681232e-07
1,0,0.5370841073335663,0.4629149639530063,9.28713427348785e-07
1,1,0.45866884439406563,0.5413255879987583,5.567607175954013e-06
0,0,0.6227492347278504,0.3772503153450698,4.49927079835116e-07
2,2,3.3272418931114185e-08,0.003519912570316371,0.9964800541572647
1,0,0.6203689670256742,0.3796278187887047,3.2141856210168203e-06
2,2,2.414534701379342e-13,2.5039359203694578e-08,0.9999999749603994
1,1,0.06114218877556023,0.8038320474927739,0.13502576373166592
2,2,1.305354095007684e-07,0.009539625355620503,0.99046024410897
0,0,0.9516291694415391,0.04837042861008521,4.0194837571117993e-07
1,1,0.10087701850262631,0.8990952193671831,2.776213019062917e-05
1,1,0.12295423269148009,0.8767770728620075,0.0002686944465123521
0,0,0.8086201512830835,0.1913797991610323,4.955588420393373e-08
0,0,0.7844278617274258,0.21557187001174688,2.682608272242493e-07
0,0,0.6170146094207534,0.3829853665531027,2.4026143780476852e-08
2,2,1.1104937700618413e-07,0.009206680195293429,0.9907932087553295
0,0,0.9253946637016393,0.07460533079092682,5.507434002048296e-09
1,1,0.010906134411621277,0.9889774716787186,0.00011639390966009863
0,0,0.8146549341410129,0.1853447548360514,3.110229358116643e-07
0,0,0.9199548446475857,0.0800451406784057,1.4674008663845915e-08
1,1,0.1344467276897635,0.8655276564112221,2.5615899014395434e-05
1,0,0.7614241009773045,0.23857145194104148,4.447081654095903e-06
1,1,0.3631131373492814,0.6368746601484965,1.220250222223999e-05
2,1,0.014458450537375479,0.8643083947321539,0.12123315473047062
1,1,0.011241365784226185,0.9885366925012068,0.00022194171456697313
0,0,0.8120635606119055,0.18793331919172754,3.1201963668930382e-06
0,0,0.9608913978394508,0.039108582115003516,2.0045545670002942e-08
0,1,0.2714755140779148,0.7285030832648142,2.1402657271037024e-05
1,1,0.01987524861304307,0.9799846623051348,0.00014008908182208733
0,0,0.8640175294403963,0.13598245709160225,1.3468001270033151e-08
0,0,0.6885203768586656,0.3114793780301566,2.4511117774888675e-07
1,1,0.08613897257589831,0.913592419973645,0.00026860745045661577
1,1,0.25832131546456766,0.7414181570992187,0.0002605274362137907
1,1,0.3270427222629034,0.6728092673230448,0.00014801041405195254
1,0,0.5922958241818037,0.40764912506655127,5.505075164505408e-05
0,0,0.6802376913291346,0.3197622044816242,1.0418924107422234e-07
1,1,0.08217795217327922,0.9174640028135748,0.00035804501314599154
0,1,0.4612488405129289,0.5387150929647109,3.606652236024502e-05
0,0,0.8759399672474193,0.12405988182704222,1.5092553830834202e-07
1,1,0.16618554855083062,0.8337859402743075,2.851117486179526e-05
1,0,0.7533234662217946,0.24667647791639122,5.5861814199345897e-08
1,1,0.0930263655821305,0.9069520735414476,2.156087642197045e-05
1,0,0.7727854216279769,0.22721380900044152,7.693715813857504e-07
1,1,0.21948304857974496,0.7805112513298688,5.7000903862515564e-06
1,1,0.3214955434348319,0.6784879038932603,1.6552671907908127e-05
1,1,0.19289556159134028,0.8071006408949757,3.7975136840549726e-06
1,1,0.3152039699469889,0.6847889417638378,7.088289173336504e-06
0,0,0.9033041986021871,0.09669536469716926,4.3670064366873494e-07
1,0,0.8092244777205858,0.1907749639528757,5.583265386124276e-07
0,1,0.33442491214842174,0.6655744725239798,6.15327598497709e-07
1,0,0.5612330268457527,0.4387519418678415,1.5031286405824798e-05
2,2,1.9099091344166355e-08,0.037366383581186755,0.9626335973197219
0,1,0.4596201285799446,0.5403775206293785,2.350790676985678e-06
1,1,0.018689100001106247,0.9811947685496853,0.00011613144920836601
0,0,0.8235565333175852,0.17644126790762069,2.198774794264129e-06
0,0,0.8397452626215003,0.16025459007661927,1.473018803949292e-07
0,0,0.5046399462446449,0.4953599417943571,1.1196099795261046e-07
1,0,0.6149778462221179,0.38501746289881894,4.690879063174184e-06
0,0,0.9389826857604887,0.061017122536058274,1.9170345308456937e-07
0,0,0.8418877754050077,0.15811218218915327,4.24058389279781e-08
0,0,0.9330438818250649,0.06695610186374977,1.6311185185181502e-08
0,0,0.8457933305158096,0.15420663668214285,3.280204754671144e-08
0,0,0.56788938388428,0.43211044988603786,1.6622968210285747e-07
0,0,0.6957153886594816,0.3042743487276734,1.0262612845075561e-05
0,0,0.6401922730174998,0.35980716255378997,5.644287101973131e-07
1,1,0.4504862359301342,0.5495135154012301,2.4866863568399556e-07
0,0,0.6008741795087835,0.39912240688921113,3.413602005424976e-06
1,1,0.2493916717596473,0.7505654989710244,4.2829269328290226e-05
1,1,0.2937530449605505,0.7062395339337347,7.4211057147087575e-06
1,1,0.20780868169716887,0.7921768403695851,1.4477933246055142e-05
0,1,0.337505832041334,0.6624895123717552,4.655586910652432e-06
0,0,0.8092736655147332,0.1907222611635974,4.0733216693167795e-06
0,0,0.8914908018991772,0.10850919583019868,2.270624157405721e-09
1,1,0.04522830008059739,0.8926144414802188,0.06215725843918385
0,0,0.8304442510271727,0.1695538328535771,1.9161192501045983e-06
1,1,0.14589748655924226,0.854082791943559,1.9721497198979873e-05
0,0,0.9420980952819834,0.057901170658692276,7.340593243080698e-07
0,0,0.5622329932585143,0.4377660976952387,9.090462469299874e-07
0,1,0.2160616474317781,0.7832291499089047,0.0007092026593172126
2,2,2.0821408791486183e-11,0.000458984471573143,0.9995410155076055
0,0,0.7932535680747695,0.20674639023364438,4.1691586108002485e-08
0,1,0.4117729494662417,0.5882219408445114,5.109689246955756e-06
1,0,0.5897479651775632,0.41025195014498933,8.467744737160674e-08
1,1,0.22828202890820173,0.771711728230015,6.242861783282095e-06
0,0,0.7275233770916962,0.27247554362557236,1.0792827314742653e-06
0,0,0.7037149849444397,0.2962833201963492,1.6948592110743513e-06
1,1,0.042215619085405526,0.9436684591808038,0.01411592173379055
1,1,0.05918088087009312,0.8966451579777586,0.044173961152148215
1,1,0.0579380670011418,0.9420320575424783,2.987545637990008e-05
1,1,0.022369329698296202,0.977371111713432,0.0002595585882716782
0,0,0.8436941573237821,0.1563058390591672,3.6170506885449058e-09
0,1,0.34393644607814805,0.6503475945813637,0.00571595934048817
0,0,0.5402085181764529,0.4597910464919607,4.35331586356316e-07
1,0,0.7193750292577741,0.2806245878462095,3.828960165112122e-07
1,0,0.5240570099242349,0.47594267716106525,3.129146998227593e-07
1,1,0.23097021126463102,0.7690265570930481,3.2316423208673383e-06
1,1,0.07736243754275686,0.9130628469638792,0.00957471549336405
1,1,0.12166722288450174,0.8783067410162231,2.603609927519952e-05
1,1,0.15397681262095866,0.8444669435203221,0.0015562438587192547
1,0,0.6403229117034092,0.35967678180373464,3.064928561897537e-07
1,0,0.6036864400047772,0.3963066814585842,6.878536638540527e-06
1,1,0.2914633953051678,0.7085315180897942,5.086605038000178e-06
1,1,0.032902119424484864,0.9646899754118854,0.002407905163629825
1,1,0.1994334323206312,0.8005166354386682,4.993224070050646e-05
0,0,0.8535648550111511,0.14643500781252894,1.371763200771581e-07
1,1,0.2670933497670442,0.7329048108958203,1.8393371354451339e-06
0,0,0.6034607165597076,0.3965351202309028,4.163209389540778e-06
2,2,3.97826628127577e-07,0.008040368150972308,0.9919592340223995
2,2,1.5219149761561922e-11,0.0004190758540987154,0.9995809241306821
1,1,0.1391385523939543,0.8608455501149883,1.5897491057375315e-05
2,2,0.000872053744591526,0.09297875780333006,0.9061491884520784
0,0,0.7966703494443585,0.20332960254325438,4.801238706426726e-08
0,0,0.6169506458289453,0.3830492351229845,1.1904807008385664e-07
2,2,2.6419440257104766e-07,0.23702767093747842,0.7629720648681191
1,1,0.3589797514561556,0.6410180200780666,2.228465777666176e-06
0,0,0.9574417753691125,0.04255812305208054,1.0157880689205948e-07
1,0,0.6902237908282324,0.30977486507647256,1.344095295239052e-06
0,1,0.32868164609349265,0.6713087322457109,9.621660796441445e-06
0,1,0.4031916017530115,0.5967926150250071,1.578322198135633e-05
1,1,0.14908548879421998,0.8508936245593148,2.0886646465263658e-05
1,1,0.24781981805597647,0.7521273368581561,5.28450858674316e-05
1,1,0.44770882331776785,0.5522908314850118,3.4519722032373035e-07
2,2,5.4831994433598094e-08,0.008282463570339347,0.9917174815976662
0,0,0.9341725338863878,0.06582258103266575,4.885080946486213e-06
0,1,0.2521443921035986,0.7476914784262798,0.00016412947012157492
1,1,0.04720920702253005,0.9527708633422517,1.9929635218097667e-05
0,0,0.6434321983444775,0.3565675116346632,2.900208592855021e-07
1,0,0.5679335817407124,0.43203944877249617,2.696948679147144e-05
0,0,0.5072431690073848,0.49275579743734554,1.0335552697875503e-06
1,1,0.043052756411203125,0.9567573694376448,0.00018987415115217908
0,0,0.9028101277079477,0.09718983930019373,3.2991858579838525e-08
0,0,0.5710588781933716,0.428939516037942,1.6057686864005268e-06
1,0,0.7147700314137544,0.2852286401038961,1.328482349441961e-06
1,0,0.5399531884421364,0.4600464943316132,3.172262505407966e-07
0,0,0.8368836570931633,0.16311453004239607,1.8128644406699275e-06
1,1,0.40467453017684174,0.5953244249265143,1.0448966439433744e-06
1,1,0.16397694933465304,0.8360184378682592,4.612797087695247e-06
0,1,0.24634818875333603,0.7536434395879147,8.371658749336999e-06
0,0,0.9740981804810508,0.025901607769038538,2.1174991072970818e-07
0,0,0.9012689319056246,0.09873106491752033,3.1768550955550873e-09
1,1,0.01890363367070681,0.9807724180006188,0.000323948328674363
1,1,0.3828990087332096,0.6170958520508398,5.139215950570238e-06
0,0,0.72166678882272,0.278332893354234,3.178230459922412e-07
1,1,0.19519272752502576,0.8047746273482843,3.264512668982231e-05
2,2,3.0644298370143997e-08,0.049056801914255085,0.9509431674414466
0,0,0.6211042548333636,0.3788945519163605,1.193250275895172e-06
1,1,0.04529535098534641,0.9523067847017471,0.002397864312906424
1,0,0.5005399881058047,0.4994589897605155,1.0221336798021345e-06
2,2,6.690667431475812e-12,3.402309477772764e-07,0.9999996597623616
1,1,0.15963407600839172,0.840323367323765,4.255666784333065e-05
0,0,0.6851883054480647,0.3148113337602802,3.607916550533218e-07
0,1,0.28172196791255116,0.718274826160619,3.2059268298050344e-06
1,1,0.22423777248426693,0.7752268983889193,0.0005353291268137408
0,0,0.8030385720180001,0.19696104048078852,3.875012114031438e-07
1,1,0.054707628618567636,0.9402889137366646,0.005003457644767886
1,1,0.26086552095075427,0.7391305633635219,3.91568572393164e-06
0,0,0.8763390427843253,0.123660849469993,1.0774568169964356e-07
1,0,0.7815592528037874,0.2184398174163654,9.297798472486245e-07
2,2,4.3350678829053486e-07,0.026906266606169585,0.9730932998870421
0,1,0.4843274405051789,0.5156720364354909,5.230593302639352e-07
1,1,0.148385545210565,0.8516035304862354,1.0924303199835531e-05
1,1,0.49741004864053306,0.5025884966447126,1.4547147542034734e-06
1,1,0.2778616620373651,0.7221345273133407,3.810649294130667e-06
0,0,0.7772263421892233,0.22277361752536345,4.028541326084495e-08
1,1,0.3312680517335877,0.6687297154957953,2.2327706170960744e-06
0,1,0.18228484160907227,0.8177054784553742,9.679935553668405e-06
1,1,0.42678749801184646,0.5731739725344681,3.852945368539833e-05
1,1,0.2456780359650741,0.7542986458842269,2.3318150699072622e-05
0,1,0.49764897454125573,0.5023501790549503,8.464037940261235e-07
1,0,0.6137140933522899,0.3862846075136876,1.2991340226128963e-06
0,1,0.017911225897327684,0.7366956943899834,0.24539307971268898
0,0,0.5320435723998801,0.46795262179176145,3.8058083583549632e-06
1,1,0.426674827999291,0.573324823189252,3.4881145691018693e-07
0,0,0.6135747299995419,0.38642509401350333,1.759869547207732e-07
0,0,0.7439462874577335,0.2560536751592902,3.738297625398442e-08
0,0,0.5622273832403087,0.43777132620090176,1.2905587894279326e-06
1,0,0.8254891051605594,0.17451088384171817,1.0997722520750555e-08
0,1,0.33056870892984536,0.6693344180823269,9.687298782784057e-05
1,1,0.056961001722833485,0.9388541680664091,0.004184830210757583
0,0,0.8979970207973321,0.10200238764179866,5.915608692335222e-07
1,1,2.6928442155204367e-05,0.5844141592374263,0.41555891232041847
1,1,0.4029659367116078,0.5970298651164921,4.1981719001353584e-06
1,1,0.05226646543250409,0.9462504666972897,0.0014830678702062085
0,0,0.8653058136173183,0.1346940730850294,1.1329765236368037e-07
0,0,0.9253085517486578,0.07469143090407437,1.734726785142715e-08
0,0,0.6419020934843696,0.35809790347234377,3.043286669274248e-09
0,0,0.7505831447435383,0.24941636109317586,4.941632858380891e-07
1,0,0.8247682060534037,0.1752317025164609,9.14301354438557e-08
1,1,0.17046194997362685,0.825308083738352,0.00422996628802125
1,1,0.31141713562015927,0.688577024905983,5.839473857648165e-06
2,2,8.579319207287562e-07,0.02608569487388397,0.9739134471941953
0,0,0.8969194848187669,0.10306260911544163,1.7906065791348685e-05
1,1,0.3762741364756356,0.6237253043631991,5.591611653114784e-07
1,1,0.21994693972786325,0.7799597023928351,9.335787930176124e-05
1,1,0.3026857802524278,0.6973035010453174,1.0718702254737012e-05
1,1,0.4905848146706369,0.5093273463274203,8.78390019428214e-05
0,0,0.5517368516310432,0.44826158216561646,1.5662033402714742e-06
1,1,0.10872137081937622,0.8912508876512291,2.7741529394592675e-05
1,0,0.699213376322251,0.3007864922964841,1.313812648162517e-07
1,1,0.09402589036819764,0.9058543730947572,0.00011973653704510134
1,1,0.13459753566825536,0.8653151148862536,8.73494454910457e-05
0,1,0.33060653580949795,0.6693857591732306,7.705017271428838e-06
1,1,0.0130817545235084,0.986641588853032,0.00027665662345957717
0,0,0.9671904243657988,0.032809501812231266,7.382196979674185e-08
1,1,0.22122838873025924,0.778765820114484,5.7911552567515e-06
1,0,0.6198276460313491,0.38017188392347245,4.700451784150203e-07
1,0,0.5921454448403292,0.40781576067272984,3.879448694093531e-05
1,1,0.2856098922842241,0.704430501052377,0.00995960666339875
0,1,0.41681249736536813,0.583186131807244,1.3708273878142538e-06
0,1,0.21503872054412504,0.7849428455690995,1.8433886775391485e-05
0,0,0.7593631096291648,0.24063682628701666,6.408381845455862e-08
0,0,0.6725139461832733,0.3274791612214259,6.8925953008686325e-06
0,0,0.8361622821615736,0.16383770397788905,1.3860537351659016e-08
1,1,0.351948064381348,0.6480466861049048,5.249513747179594e-06
1,1,0.14071975950846155,0.8592635754470764,1.666504446212189e-05
1,0,0.557479171123965,0.4425205011826843,3.276933506342556e-07
1,1,0.21639688810240354,0.7835950772453477,8.03465224883632e-06
1,1,0.2798888202582362,0.7201070116589408,4.168082823205256e-06
0,0,0.8155547757111179,0.1844450378040015,1.8648488057030388e-07
1,1,0.12405864744378069,0.8759042632017127,3.708935450652952e-05
1,1,0.43042646263713763,0.5695682505801003,5.286782762078679e-06
0,0,0.5879415312819042,0.4120583663238077,1.0239428810801607e-07
1,0,0.5019851080807025,0.49801459250234364,2.9941695393606276e-07
0,0,0.977040508067378,0.0229594661188954,2.5813726666126864e-08
1,1,0.03281219698097438,0.9670273176138482,0.00016048540517742192
0,1,0.4866580495038833,0.513338598725931,3.35177018567374e-06
0,1,0.4917844372620968,0.5082149422878519,6.204500513196387e-07
1,1,0.46907166026684466,0.5309282563803576,8.3352797818765e-08
1,1,0.0815808975623188,0.8797396218108975,0.03867948062678376
2,2,2.7031611945285973e-09,0.016198609322373162,0.9838013879744656
0,0,0.9275678894633524,0.07243210587380784,4.662839908798192e-09
1,1,0.03538528381827453,0.9645252622229833,8.945395874210548e-05
0,0,0.605364862068513,0.3946351190979905,1.8833496510571727e-08
1,1,0.19518754445396522,0.8048008856006518,1.1569945382916813e-05
2,2,5.35386842036795e-08,0.0025793180529320187,0.9974206284083836
1,1,0.06421882930599984,0.9075188125576856,0.028262358136314624
1,1,0.03171514771969788,0.9682370047755159,4.784750478639063e-05
1,0,0.8681133446096168,0.13188664459031618,1.0800066991281664e-08
2,2,3.558379033134138e-07,0.01404105852592555,0.9859585856361711
1,1,0.12360206278401462,0.8763928285489688,5.108667016566253e-06
1,1,4.706162856170099e-05,0.6887593714153964,0.3111935669560419
1,0,0.8431300479963242,0.1568697076178348,2.4438584094872283e-07
0,1,0.3060823838443027,0.6939082211637172,9.394991980027357e-06
1,1,0.2107194440775541,0.7892606954955417,1.9860426904227033e-05
1,1,0.4957499934368187,0.5042497537235583,2.5283962307298003e-07
0,0,0.9572060982944812,0.042793886249033866,1.54564847445026e-08
1,0,0.5296020702690052,0.4703887342130004,9.195517994328096e-06
0,1,0.4459158910002088,0.5540817242658217,2.3847339695170836e-06
1,1,0.37898955133973233,0.6210049885345564,5.46012571109802e-06
0,1,0.4605326690253609,0.5394319340605104,3.539691412867087e-05
0,0,0.9428114984433009,0.05718846451183459,3.7044864414245534e-08
0,1,0.4061502402944014,0.5938477076108455,2.0520947531271627e-06
1,1,0.12877239599630322,0.8712031097793884,2.4494224308399803e-05
0,0,0.8740576588069296,0.12594220171655107,1.3947651918605354e-07
1,1,0.13261959246528188,0.8673342743774503,4.6133157267975844e-05
0,0,0.6436419361836957,0.35635794464437837,1.1917192596668678e-07
0,0,0.7901204652461253,0.20987952996206408,4.791810661847626e-09
0,0,0.6692975687067204,0.33069791492198,4.516371299573559e-06
0,1,0.2378333601764132,0.762158458758433,8.181065153744799e-06
1,1,0.15103979791830974,0.844358257811544,0.004601944270146237
1,0,0.6051770605837997,0.39482188186025136,1.0575559488910805e-06
0,0,0.9029965886647736,0.09700340394023306,7.3949932129663395e-09
1,2,5.389280175554729e-06,0.11145407321306113,0.8885405375067634
0,0,0.6518774623238601,0.3481202672346404,2.2704414995673725e-06
0,1,0.4235075738580048,0.5764906027938885,1.823348106651193e-06
1,1,0.2663443186773631,0.733645606019177,1.0075303459845755e-05
2,1,0.0093077216954039,0.7321169723786252,0.2585753059259709
1,1,0.10469036078767895,0.8952778986490072,3.1740563313913945e-05
1,1,0.16402949783350773,0.8359046365616524,6.586560483986547e-05
1,1,0.2615700154461831,0.7384277394315426,2.245122274241451e-06
0,1,0.2961892693181796,0.7038073609237581,3.3697580623303433e-06
1,0,0.719797319164664,0.28020262025404297,6.058129287305009e-08
0,0,0.5757130423667395,0.4242841468693443,2.810763916234387e-06
0,0,0.7804178606685637,0.21958176503680935,3.742946269246582e-07
1,1,0.24733947611733278,0.7524914628937938,0.00016906098887339561
1,1,0.30922975008247167,0.6906295355476963,0.00014071436983205502
1,1,0.0105465612584346,0.9890512971657945,0.0004021415757709736
0,0,0.5827906087889914,0.4172084562858177,9.34925190887635e-07
0,0,0.8305033700215522,0.1694958510938961,7.788845518431882e-07
1,2,2.2224466328546705e-06,0.08226257736976778,0.9177352001835993
1,1,0.12229612957400093,0.8737015679167454,0.004002302509253631
1,1,0.4956317461795351,0.5043675531340979,7.006863670709295e-07
1,1,0.20047717039761842,0.7995179031741535,4.92642822810876e-06
1,1,0.44824007269062943,0.551759653482377,2.738269936134451e-07
1,1,0.20324459683257745,0.7967429743029244,1.2428864498270889e-05
1,1,0.2398936484063694,0.7595809358666402,0.0005254157269904435
2,2,3.8483997022076277e-07,0.020345617564968322,0.9796539975950613
0,0,0.8587122285889408,0.14128768252189974,8.888915951824263e-08
1,1,0.1571528669650505,0.8428132766999278,3.385633502165057e-05
0,0,0.5345169690878635,0.4654811954995712,1.8354125653738136e-06
1,1,0.02167218125530277,0.6634762096517749,0.31485160909292237
0,0,0.7454483895683247,0.2545504962915038,1.1141401715484932e-06
0,0,0.8568259831409948,0.14317398223528918,3.462371598487045e-08
0,0,0.8450734638696903,0.15492652067038815,1.5459921421485704e-08
0,1,0.2964303384725783,0.7035633838966812,6.2776307405185425e-06
1,1,0.1352770405941883,0.864376100136976,0.0003468592688359064
0,0,0.6829329703838731,0.3170667941675074,2.3544861952292196e-07
2,2,0.015453147976994413,0.43884617232173306,0.5457006797012725
1,1,0.18026156793304687,0.8197246240206606,1.3808046292397798e-05
0,0,0.6186916107444744,0.3813082806814489,1.0857407663876027e-07
0,1,0.4464631048884629,0.5535360399210185,8.551905184076575e-07
0,0,0.9184045875402892,0.08159540873524511,3.7244658414949715e-09
1,1,0.3781058246512737,0.6218552753498641,3.889999886234747e-05
1,0,0.7370124652612744,0.26298685834203095,6.763966946842857e-07
0,1,0.4426194967664521,0.5573375175892971,4.2985644250908124e-05
1,1,0.09631235039692988,0.9036792657116626,8.383891407342511e-06
1,1,0.20539780719214176,0.7938151798337585,0.0007870129740997492
1,1,0.4177126951501073,0.5822857779200766,1.526929816065852e-06
0,0,0.5788659533601471,0.42113398893183673,5.7708016104633995e-08
0,0,0.867742274316755,0.1322576978984099,2.7784835085051598e-08
1,1,0.2505225982850704,0.7493124294336536,0.00016497228127599953
0,1,0.34300889306906635,0.6569776891921071,1.3417738826486123e-05
0,0,0.7100141327623589,0.2899847892334877,1.0780041534115354e-06
2,2,2.1048145388815946e-09,0.010309333455763856,0.9896906644394216
1,1,0.2782980692337439,0.7217005162494223,1.414516833824497e-06
0,0,0.6029952403935135,0.3970042587776632,5.008288233158395e-07
0,0,0.7391635302246679,0.2608316009870156,4.868788316494564e-06
1,1,0.30657649290376265,0.6933583935796434,6.511351659405048e-05
0,0,0.5437861853158489,0.45621049588288043,3.3188012707090674e-06
0,0,0.9017587613803346,0.0982347338816264,6.504738038921934e-06
1,1,0.4506738071926106,0.5493110910540141,1.5101753375341632e-05
1,1,0.0216582729136691,0.8000204843221986,0.17832124276413225
0,0,0.7050788486629685,0.29492111934537396,3.1991657468428476e-08
1,1,0.39588192522152865,0.6041164761389826,1.598639488704609e-06
1,1,0.274523490496313,0.7253576509738282,0.00011885852985885557
1,1,0.03132364736460601,0.9684902480620031,0.00018610457339082636
0,1,0.3401388980968043,0.6598472581218937,1.3843781302071879e-05
0,0,0.8332392145076074,0.16676077810951534,7.382877322240725e-09
1,1,0.2946642449488911,0.7053309062749527,4.8487761562724655e-06
1,1,0.14278803158724818,0.8427760540611013,0.014435914351650515
1,1,0.3683022395643073,0.6316548175842471,4.294285144566897e-05
1,1,0.39492707737197214,0.6050728595383558,6.30896721012137e-08
0,0,0.6639479824004956,0.33605200234679533,1.5252709215504393e-08
0,0,0.5084005789032013,0.49159634585669404,3.075240104656302e-06
1,1,0.12128593890149723,0.8763675879148489,0.0023464731836537276
1,1,0.1660357548899525,0.8339529375221905,1.1307587857180745e-05
0,0,0.5047507662655223,0.49524895090162063,2.828328571246081e-07
0,0,0.5349426737706688,0.465037201393806,2.0124835525213414e-05
1,1,0.015102595448699907,0.8295285745501724,0.15536883000112786
1,1,0.3604185545432725,0.6395779883341289,3.457122598609201e-06
0,1,0.12463493743336053,0.8752080187531543,0.00015704381348509208
1,1,0.41976910429260983,0.5802304025122178,4.93195172470461e-07
0,0,0.818242113979665,0.1817574852487333,4.0077160175469904e-07
1,1,0.11963127057212157,0.8803517925563302,1.6936871547979333e-05
1,1,0.26790010348365273,0.7320722611671625,2.763534918463472e-05
0,1,0.4037377537420953,0.5962609082899878,1.3379679168105906e-06
1,1,0.06794578806331253,0.931994829770162,5.938216652540152e-05
1,1,0.3186409237020847,0.6813580161026271,1.060195288205753e-06
0,1,0.08430885003776824,0.9155139053921582,0.00017724457007368098
0,1,0.2745756927555655,0.7254134540158081,1.0853228626206282e-05
0,0,0.8742451543537599,0.12575481367224603,3.1973993921191714e-08
0,0,0.8924378301502766,0.10756215896512934,1.0884594003554025e-08
2,2,1.2004550250982064e-05,0.2545076703017671,0.7454803251479819
1,1,0.11578332206478853,0.8841682455827843,4.8432352427231644e-05
1,1,0.20141281437807543,0.7975987919157965,0.000988393706128032
0,0,0.8139281963612047,0.18607004103513985,1.762603655382993e-06
1,1,0.020987431160419304,0.9788563046111445,0.00015626422843611647
1,1,0.11688375790773979,0.8788544368923081,0.004261805199952019
0,0,0.8009509981904414,0.19904897927412502,2.253543361933779e-08
1,1,0.4410606295397064,0.5589092465376316,3.0123922662056345e-05
1,0,0.5991397436035911,0.4008593584804642,8.979159446731133e-07
0,1,0.42946729362157043,0.5705308825730132,1.8238054163003168e-06
2,2,7.503588866756337e-08,0.0033096096833925724,0.9966903152807188
0,0,0.6903414501226003,0.3096535014869396,5.048390460110846e-06
0,1,0.42391596138285936,0.5760661988210894,1.7839796051111293e-05
0,0,0.5298245723043916,0.4701737833245115,1.644371096964041e-06
0,0,0.7768830396572904,0.22311695528641004,5.056299445618098e-09
0,0,0.5079249512568352,0.4920744914712787,5.572718861417649e-07
1,1,0.006661903538977514,0.736619529710596,0.25671856675042637
0,0,0.62920148393174,0.3707984894767274,2.6591532510274128e-08
0,0,0.9682312127997429,0.03176594960799403,2.837592263081496e-06
2,2,1.4827058033785552e-12,8.711413089175142e-08,0.9999999128843864
0,0,0.605974328339741,0.3940252516752867,4.19984972175281e-07
0,1,0.06645706152774392,0.9335263950411468,1.6543431109501604e-05
0,0,0.9709093487724813,0.029090620113811756,3.111370701679756e-08
0,0,0.5066402632279213,0.493351622111449,8.114660629687228e-06
0,0,0.9361066149706894,0.06389337346221527,1.1567095419931368e-08
1,1,0.42066221037308105,0.5793228499831756,1.4939643743416772e-05
1,0,0.720666457879499,0.27933345906926776,8.305123340019494e-08
1,1,0.2534047121317379,0.7465898074131333,5.480455128828034e-06
1,1,0.11488258758990724,0.8850560872987818,6.132511131091906e-05
0,0,0.6135798677005251,0.3864200893717481,4.29277268413729e-08
1,1,0.04943416299007338,0.9062809552730186,0.0442848817369082
1,1,0.024614001007714305,0.974937153931574,0.0004488450607117086
1,1,0.06312502180553888,0.9352247469236042,0.0016502312708570113
1,1,0.3595886030592086,0.6404107701934634,6.267473278877116e-07
1,1,0.11913908189824515,0.8808194672401057,4.145086164916371e-05
0,0,0.6357328410111202,0.36426704420818573,1.1478069402863836e-07
0,1,0.4354736280027432,0.5645257206136945,6.513835623022964e-07
2,2,5.854093463828513e-07,0.025511893299480375,0.9744875212911732
0,0,0.7332327596909661,0.2667671340582847,1.0625074922432372e-07
0,0,0.5853657357790034,0.4146339238796646,3.4034133201352887e-07
1,1,0.046792068691173735,0.953018460709226,0.00018947059960012334
0,0,0.6648795710869374,0.3351202950465486,1.3386651395764052e-07
0,1,0.20866557025694812,0.7913177103480917,1.6719394960106267e-05
0,0,0.507094972815314,0.4929028497553049,2.177429381006821e-06
0,0,0.7183659401530493,0.28163389919454174,1.6065240891507132e-07
1,1,0.08414564121818476,0.9154476441150949,0.0004067146667204561
0,0,0.968305635003839,0.03169431086848268,5.4127678306961196e-08
0,0,0.8004319073682479,0.19956808597577988,6.655972276723045e-09
0,0,0.8005476567742158,0.19945211647617933,2.267496048029317e-07
1,0,0.6825063798620247,0.31749348325535004,1.368826253203036e-07
0,0,0.7210774384831047,0.2789225287928598,3.2724035515964115e-08
0,0,0.9207918833528184,0.07920811402634056,2.620841279092583e-09
0,1,0.4222745020744998,0.5777251751265885,3.2279891178735024e-07
1,1,0.1605358020248377,0.8394589143226479,5.283652514453729e-06
1,1,0.4185501261675133,0.5814458680464175,4.005786069202641e-06
1,1,0.08493844929764786,0.9149724791539249,8.90715484273446e-05
1,1,0.17964464731986632,0.8202103483544051,0.00014500432572856287
2,2,1.638468228882128e-12,1.0102461502945242e-07,0.9999998989737464
1,0,0.5054471155812916,0.49455146973984565,1.414678862667727e-06
1,0,0.5986749291172219,0.4013249040553734,1.6682740475808128e-07
0,0,0.9713107128105574,0.028689252909090437,3.428035224141933e-08
0,0,0.5182080181687039,0.48179127442142944,7.074098667344911e-07
0,0,0.9115151134171321,0.08848444373264976,4.428502181619766e-07
1,1,0.4726314108009676,0.5273678592436818,7.299553506468453e-07
0,1,0.30396555877682857,0.6960324150776828,2.0261454886624427e-06
1,1,0.09722295953934561,0.9027490567989288,2.7983661725661296e-05
1,0,0.5766431064161474,0.42335084742148027,6.04616237228965e-06
1,1,0.09397173396145536,0.9057916069359557,0.00023665910258891627
1,1,0.15313399619440426,0.846862457562044,3.5462435517021494e-06
0,0,0.7891205546159289,0.21087941514713057,3.023694072305081e-08
1,1,0.029233690640241707,0.8350652399363444,0.13570106942341387
1,1,0.185011965818628,0.8149789418518124,9.092329559693322e-06
1,1,0.27577739067509977,0.7242158769343665,6.732390533760291e-06
1,1,0.26343053206326394,0.7365626261483263,6.841788409685027e-06
1,0,0.6538034601633149,0.34619604237125556,4.974654295814949e-07
0,0,0.8831895993976854,0.11681034920706283,5.1395251736924926e-08
1,1,0.15816079080467485,0.8418385886240282,6.205712970501387e-07
1,1,0.26129543958648793,0.7386714999039761,3.306050953601659e-05
0,0,0.666773871627402,0.3332260812921646,4.708043343753247e-08
1,1,0.08873115299563372,0.9111947483620106,7.409864235556481e-05
0,1,0.2762161627549805,0.7234530531812273,0.0003307840637921297
0,0,0.8047722286526977,0.19522771893897561,5.240832672279295e-08
1,1,0.12257120684351858,0.8773387930763412,9.000008014011818e-05
1,1,0.024242280380759883,0.9725173078598701,0.0032404117593698902
1,2,8.987935592820715e-11,0.0013899237542976265,0.9986100761558231
0,1,0.10024380465225305,0.897248922069817,0.002507273277930004
1,0,0.6195613264321831,0.38043859986233974,7.37054772284869e-08
0,0,0.6318831972442488,0.3681167543560579,4.839969339070329e-08
1,1,0.30915573431232585,0.6906857894822507,0.00015847620542329535
1,0,0.5055121220514455,0.49448738289698785,4.950515666971671e-07
1,1,0.10755013474329299,0.8924362766217098,1.3588634997305327e-05
1,1,0.4221349847466969,0.5778645916107962,4.236425070110815e-07
1,1,0.3022632277747181,0.6977342939353438,2.478289938021035e-06
0,1,0.0975887749433583,0.9023538467628619,5.737829377982666e-05
0,1,0.10709152811632354,0.8928591194764619,4.935240721452919e-05
1,1,0.08220984041948416,0.9176835802124476,0.00010657936806825977
0,0,0.6910746167824214,0.30892507786937673,3.0534820193266226e-07
1,1,0.38464738561879014,0.6153518073266,8.07054609955974e-07
1,0,0.8050390613153131,0.19496085751498338,8.116970345390574e-08
0,1,0.29913421836882764,0.7008642483640892,1.5332670830518297e-06
0,0,0.9805184901089085,0.01948150877106349,1.120028067064718e-09
2,2,2.9498169415897414e-08,0.006321547168138783,0.9936784233336918
0,0,0.9383789817332893,0.06162092772425315,9.054245774221907e-08
0,1,0.3757323037664385,0.6242550642053634,1.2632028198086588e-05
0,0,0.9233964876367344,0.07660350693327536,5.429990365894393e-09
0,0,0.9407511241401888,0.05924887500821012,8.516011435320571e-10
1,0,0.7259054432766215,0.2740929491971676,1.6075262108039891e-06
1,1,0.3046610726255589,0.6953327948686502,6.132505790933467e-06
1,0,0.6204629559164777,0.3795363026737324,7.414097899328302e-07
1,0,0.7001257119949716,0.2998740723043774,2.157006510975004e-07
2,2,5.940024918535717e-06,0.11422187642343112,0.8857721835516503
0,0,0.7995211587890612,0.20047872247376408,1.187371747306001e-07
1,1,0.13804511156226498,0.8619354947974355,1.9393640299376446e-05
0,0,0.7800063032422253,0.21999364386815473,5.2889619929621406e-08
0,0,0.6258535894353183,0.374146194476591,2.1608809070869198e-07
1,1,0.37674675750793224,0.6232521771526744,1.0653393933283066e-06
1,0,0.8926260324580058,0.10737396259010412,4.9518900509258814e-09
2,2,1.7883764733567312e-10,0.004524750053593341,0.9954752497675691
2,2,1.1408712225559132e-06,0.04729872451605389,0.9527001346127235
0,1,0.280542295849032,0.7194468678739129,1.0836277055173268e-05
0,1,0.19395691812743854,0.8036695764184485,0.0023735054541129627
0,0,0.6941029856618209,0.3058967767150964,2.3762308259453792e-07
1,1,0.18273270854875376,0.8172605439726089,6.747478637322613e-06
1,1,0.09541912930125322,0.89848024537171,0.006100625327036712
2,2,6.546066503039231e-07,0.05174038283565432,0.9482589625576954
1,1,0.12310057812046635,0.8768711748727793,2.8247006754445797e-05
0,1,0.2477060701406144,0.7520897850106053,0.00020414484878029113
1,1,0.2325506665967241,0.7674478545732278,1.4788300480775421e-06
2,2,3.970857217887645e-08,0.07659822882713513,0.9234017314642926
0,0,0.6127023630424657,0.38729694950356863,6.874539655869391e-07
1,0,0.659511592837067,0.3404881103108128,2.968521200799442e-07
1,1,0.06951611142401704,0.9298412948924482,0.0006425936835347697
0,1,0.08243544231640805,0.9175424925156319,2.2065167960175427e-05
1,1,0.318056486607971,0.6819408391802952,2.6742117338647167e-06
2,2,1.9123926179491657e-08,0.0034728637602667606,0.9965271171158071
0,0,0.95141368379126,0.048586106419043165,2.0978969686371892e-07
0,1,0.40213081328542427,0.5978684888847203,6.978298555055138e-07
1,1,0.23593065711838673,0.7637009767333304,0.0003683661482829782
0,0,0.8368572713855095,0.16314272189952045,6.714969904463606e-09
1,0,0.5603042485190622,0.43967456927081683,2.1182210120901162e-05
0,0,0.929356139345662,0.07064385536374478,5.290593229558793e-09
1,1,0.035511282663554494,0.894660615627681,0.06982810170876451
0,0,0.7546622562076504,0.24533769970065933,4.409169022529163e-08
1,1,0.113609983383271,0.8863796730073458,1.0343609383348914e-05
0,0,0.5521763157345709,0.44781878715824663,4.897107182391145e-06
0,1,0.3677358901153716,0.6322622729067023,1.8369779260089643e-06
1,1,0.33873842206565896,0.6612585901996725,2.9877346686106347e-06
2,2,1.0356974898035523e-13,4.003992818643937e-05,0.9999599600717101
1,1,0.29307899088210476,0.7068957931438736,2.5215974021453138e-05
0,1,0.1223730453904586,0.877580634966825,4.631964271635713e-05
0,0,0.8917061498659182,0.10829374360999415,1.0652408747166902e-07
1,1,0.29052116647869936,0.7094771055118541,1.7280094466144504e-06
2,2,2.8697538835159398e-06,0.07965981952864748,0.9203373107174689
1,1,0.3789954718537836,0.6210027457863136,1.7823599026094558e-06
0,0,0.8660496650936006,0.13395021320062805,1.2170577138427344e-07
0,0,0.5763876192257402,0.42361153052040085,8.502538589477835e-07
1,1,0.35039726537368776,0.6494133746898365,0.000189359936475694
0,0,0.7037075482997347,0.29629064207779193,1.80962247325414e-06
0,1,0.4979509285346574,0.5020484879060022,5.835593404908461e-07
0,0,0.5631833354644088,0.4368092154971497,7.449038441547858e-06
0,1,0.18052032177558155,0.8194767001022863,2.9781221321027406e-06
1,0,0.6554675034863999,0.34453229078599107,2.057276091452626e-07
1,1,0.4330652704651963,0.5669317817682525,2.9477665511640214e-06
0,0,0.8171927945656289,0.18280719864363895,6.790732047520173e-09
1,1,0.2550044027663355,0.7449928875876806,2.7096459840063674e-06
1,1,0.07681655840288393,0.9231523333502347,3.11082468813249e-05
1,1,0.4408430722241136,0.5591557702850409,1.1574908455163124e-06
0,0,0.6271423761922641,0.3728563553883715,1.2684193643673624e-06
1,1,0.03798355625683636,0.961781906330949,0.00023453741221457527
0,1,0.4534155910487898,0.5465829418670379,1.467084172323047e-06
1,1,0.017095680631747445,0.9819937330658832,0.0009105863023693044
1,1,0.4383874646419977,0.561592629911028,1.990544697435466e-05
2,2,8.042085548792128e-08,0.009605696971708086,0.9903942226074364
1,1,0.1033517812733107,0.8963591410460607,0.00028907768062860106
0,1,0.40718848611675224,0.5928109724548051,5.414284426541793e-07
1,1,0.27690510380718664,0.7229913688820914,0.00010352731072205369
1,1,0.21635584670609187,0.7836102189124171,3.393438149113742e-05
0,0,0.8542513765974448,0.14574862158718727,1.8153679295607286e-09
0,1,0.08597934347863206,0.9139935978547151,2.7058666652721003e-05
1,1,0.16112332192602585,0.8380342136021672,0.000842464471806896
0,0,0.6426524764462006,0.3573463016289866,1.2219248127661535e-06
1,1,0.09631668218323385,0.9036712536376278,1.206417913832835e-05
0,0,0.5815812597810736,0.4184185702125991,1.7000632744562032e-07
0,1,0.09654786834352987,0.8948691607139955,0.008582970942474545
0,0,0.8361678841641667,0.1638319181568187,1.976790146472158e-07
1,1,0.4567674059630187,0.5432290992272419,3.4948097394285723e-06
1,0,0.5493519270592887,0.45064796749170294,1.0544900827361019e-07
0,1,0.4225743027212875,0.5774122247540517,1.3472524660674041e-05
1,1,0.06534781602226128,0.9345970911076913,5.509287004730017e-05
1,1,0.3210656232470891,0.6789326909784916,1.6857744192822575e-06
0,0,0.8825263171819636,0.11747368020047244,2.617563858556871e-09
1,1,0.34556725231468877,0.6542925851257305,0.00014016255958077103
1,1,0.24662736781166483,0.7533391089096574,3.3523278677803e-05
2,2,1.273719634668236e-10,0.004713979351138491,0.9952860205214896
0,0,0.9574835263498643,0.042516329820006894,1.438301287699573e-07
0,0,0.8466146674099982,0.15338514966165692,1.8292834476696757e-07
0,0,0.6366920205356952,0.3633078745959645,1.0486834016914353e-07
1,0,0.7355013785865142,0.264498193595475,4.278180108423567e-07
2,2,0.018257985847896837,0.485199452150858,0.49654256200124514
0,0,0.9283866984633571,0.07161330124643164,2.9021121439054424e-10
0,0,0.9159413045941565,0.08405867520007097,2.0205772557071516e-08
0,0,0.9198002678258603,0.0801942571041337,5.475070005943544e-06
1,1,0.18266696579629282,0.8170031170999711,0.00032991710373604454
1,1,0.157962876527147,0.8418880771161937,0.00014904635665926932
0,0,0.8150099094559679,0.18498622987344562,3.860670586435487e-06
1,0,0.5358039172620757,0.4641938949561493,2.1877817750467927e-06
2,2,0.00010398484856069316,0.022941733081232013,0.9769542820702074
0,0,0.7477370602945548,0.25226282854866067,1.1115678461302496e-07
1,1,0.09481815881930489,0.9038309358245276,0.0013509053561675964
1,1,0.2308152693437701,0.7691748561671717,9.874489058291959e-06
0,0,0.8277243702086325,0.17227536080546482,2.689859025841163e-07
2,2,0.0011661000364527965,0.11497821322533237,0.8838556867382149
1,1,0.040569549697817696,0.9593754600416761,5.4990260506317615e-05
0,0,0.7328041283399427,0.267194296032986,1.5756270713875528e-06
0,1,0.1124828931632893,0.8875088582609246,8.24857578606434e-06
1,1,0.09206882936530202,0.7265063956365955,0.18142477499810256
1,1,0.2877792975274774,0.7119965575340095,0.00022414493851311546
0,1,0.3219810742825079,0.6780167760046725,2.14971281963337e-06
0,0,0.6309501378979392,0.36904982767818545,3.442387539564407e-08
1,0,0.7958081903499215,0.20419139985217877,4.097978998978561e-07
2,2,4.459519604104635e-09,0.022025493968896102,0.9779745015715842
0,1,0.4803983353238977,0.5195945533631806,7.111312921778409e-06
1,0,0.7566200587019974,0.24337991144656423,2.985143837411784e-08
0,0,0.8814772760923973,0.11852265555440886,6.835319377081913e-08
1,1,0.3477320307297971,0.6522674485739725,5.206962304712594e-07
0,1,0.28454541291061924,0.7154238578368303,3.072925255055053e-05
1,1,0.21262714850319228,0.7873565646746343,1.6286822173500918e-05
0,0,0.7924758807356275,0.20752363186804088,4.873963316704082e-07
1,0,0.7582186079399333,0.24176854354494112,1.2848515125623346e-05
1,1,0.18207182554895693,0.8178398270226309,8.834742841226859e-05
0,0,0.607912420457996,0.3920873360060348,2.4353596915433947e-07
1,1,0.25470945864811395,0.7452765742587776,1.3967093108478383e-05
1,1,0.14815251391195172,0.851834880272279,1.2605815769229495e-05
0,0,0.9701653594204999,0.029834610946629245,2.963287075878076e-08
0,1,0.2791754126836413,0.720497793608636,0.0003267937077226596
1,1,0.3665698659214946,0.6334275234498465,2.610628658910191e-06
1,1,0.0070823555710058,0.5431691408373737,0.4497485035916205
1,0,0.6438610137129251,0.35613855098443803,4.353026368433517e-07
0,0,0.6550741197300839,0.3449252252473849,6.550225312093271e-07
1,0,0.7684629823011706,0.2315370004767166,1.7222112682368802e-08
1,1,0.40943225326298194,0.5904379230200771,0.00012982371694080885
0,0,0.5151476446551676,0.4848494567835337,2.8985612987110144e-06
0,0,0.8124435098333825,0.1875540004173418,2.4897492755963546e-06
0,0,0.6420876213256105,0.3579121336651057,2.450092836837664e-07
1,1,0.12297099654870473,0.8770192630579641,9.74039333102252e-06
1,1,0.026416788589027636,0.9734032659147804,0.00017994549619185872
1,1,0.06989782478603769,0.9296560965383976,0.00044607867556476286
1,0,0.596195045891486,0.4038040809876029,8.731209112320193e-07
1,1,0.21891952678385423,0.7807851218089633,0.00029535140718246446
0,1,0.241579399531978,0.7584097028250829,1.089764293903576e-05
0,0,0.587652468119215,0.4123472834150217,2.4846576332420714e-07
1,1,0.025025804685319585,0.8709444418292724,0.10402975348540804
1,1,0.02132473176261179,0.9785581042639716,0.00011716397341661624
0,0,0.6697987765153612,0.3302003212570242,9.022276145632217e-07
0,0,0.5996788904103362,0.4003209458311893,1.6375847458622348e-07
1,1,0.12000591942836406,0.8783119698766724,0.0016821106949635298
1,1,0.16684692039495333,0.8330900036231029,6.307598194361953e-05
1,1,0.07283439129340086,0.9265307606104218,0.0006348480961771434
0,0,0.7780167403970037,0.22198324611632403,1.348667220443462e-08
1,1,0.26524053812018233,0.7345104693468342,0.0002489925329835076
0,0,0.5086041479988793,0.4913945513464807,1.3006546399274922e-06
0,0,0.5682434740252,0.43175631190574537,2.1406905468138705e-07
1,1,0.2600809759805572,0.7399176547711088,1.3692483339365642e-06
1,1,0.3516932344966069,0.6482983379722274,8.427531165840303e-06
1,1,0.12228588734790706,0.8777112617193812,2.8509327117466242e-06
1,1,0.01643440059088387,0.7632503741647332,0.22031522524438296
0,0,0.7944701578686375,0.20552981932940176,2.2801960911696063e-08
0,0,0.8026842251531243,0.19731576805125187,6.795623848842273e-09
2,1,0.024811895898987905,0.5922313117743507,0.38295679232666135
0,1,0.4920538286207452,0.5079319798918696,1.419148738517967e-05
0,0,0.7159039802263606,0.28409504009271036,9.796809291221994e-07
0,1,0.324334873373436,0.6755481241124562,0.00011700251410769747
0,0,0.9999770324080802,2.296031728644223e-05,7.274633311313036e-09
1,1,0.4507470379727546,0.549211923932322,4.1038094923379374e-05
0,0,0.5973814734287128,0.402613008372047,5.518199240127279e-06
1,1,0.2327755885158646,0.7672093465496708,1.5064934464726104e-05
1,1,0.04794586406753171,0.9520097908501295,4.434508233872034e-05
1,1,0.21161631341294812,0.7883559699776019,2.7716609450051376e-05
1,1,0.3642164016081345,0.6357818628818946,1.7355099708001896e-06
1,1,0.45437992901898344,0.5456182929336716,1.7780473449083846e-06
0,1,0.30561318538305104,0.6943833386180246,3.475998924433677e-06
0,1,0.44378157670482976,0.5562180382291307,3.850660395377846e-07
0,0,0.6833136446693061,0.316680951860513,5.403470180994219e-06
1,1,0.08348374179409629,0.916152159036778,0.00036409916912580326
0,0,0.8763367040652059,0.12366319495258715,1.0098220702998994e-07
0,1,0.09911659789009504,0.9003524222317888,0.0005309798781162551
1,1,0.2940276028800045,0.7059702167732759,2.1803467195740176e-06
0,0,0.5698576042464848,0.43013925346350235,3.14229001284203e-06
0,0,0.8055759128698733,0.1944240007852691,8.634485764148748e-08
1,1,0.04168071662662118,0.9581693164276249,0.00014996694575375815
1,1,4.346941856419178e-05,0.6819988188689489,0.317957711712487
0,0,0.9999967112566942,2.849237576854149e-06,4.395057289205265e-07
0,0,0.9168511694031997,0.08314882544002987,5.156770547541272e-09
0,1,0.4391272722894183,0.560872556127207,1.7158337463051504e-07
1,0,0.5750145480196841,0.4249848717384209,5.802418950737643e-07
1,1,0.027310512101015014,0.853207417142334,0.11948207075665108
1,1,0.275635057298698,0.7243291193427568,3.582335854515741e-05
0,0,0.8180883002208563,0.1819116863148322,1.3464311494663526e-08
1,1,0.03594209593662979,0.9120687940731753,0.051989109990194814
2,2,2.0058553367360333e-09,0.008316601850325456,0.9916833961438192
1,1,0.22130127435327673,0.7786946792936384,4.046353084925015e-06
1,0,0.5049558316742562,0.4950429823591681,1.1859665757320852e-06
0,0,0.7167387589325396,0.28325978137091135,1.4596965491201631e-06
0,1,0.4297239934285413,0.5702726168416762,3.389729782557674e-06
0,0,0.8725398320475185,0.12746014471802447,2.3234456957428493e-08
0,1,0.412303425131389,0.5876961859622449,3.8890636609500544e-07
2,2,1.7031314233142956e-13,2.8828516887355124e-08,0.9999999711713127
0,1,0.4793485712375081,0.5206498017966933,1.626965798541541e-06
2,2,2.614432929741336e-06,0.09140288794083296,0.9085944976262372
0,0,0.5442008536412699,0.45579863343762284,5.129211072131689e-07
1,1,0.46643912176010643,0.5335605622210436,3.1601884990494856e-07
1,1,0.16541776004289763,0.8345676437357094,1.459622139314496e-05
1,1,0.1833266519065735,0.8166218477012588,5.150039216768787e-05
1,1,0.044395872504020904,0.9539537623905449,0.0016503651054343045
0,0,0.9806271565675284,0.019372834458268953,8.974202738311525e-09
1,1,0.06477008996720394,0.8755120159309251,0.05971789410187101
1,0,0.6275437558882654,0.3724552665928966,9.77518837910154e-07
0,0,0.5435125349341504,0.4564868943741914,5.706916581898409e-07
1,1,0.05802650315273271,0.9374297207352948,0.004543776111972385
0,1,0.2756636940621403,0.7243354060815553,8.998563042052977e-07
0,0,0.9560093542957842,0.043990640327806196,5.376409664349003e-09
1,1,0.12660962754289956,0.8733845321508061,5.840306294242169e-06
1,1,0.09217038445884787,0.9077495079480334,8.010759311866826e-05
1,1,0.17191622246677218,0.8280794028992968,4.374633930924972e-06
0,0,0.8181233529190911,0.18187106382044532,5.5832604635547674e-06
1,1,0.16871140362389492,0.8312727760104139,1.5820365690969156e-05
1,1,0.14300954706056718,0.8562578463263367,0.0007326066130962306
1,0,0.752163689943233,0.2478352495524446,1.0605043223975975e-06
0,0,0.6700434346800839,0.32995480607417904,1.7592457370190958e-06
1,0,0.6744371272749936,0.3255628534976562,1.9227350216747373e-08
0,0,0.6912361794169191,0.3087638165300415,4.0530394460158905e-09
1,1,0.036815729387019276,0.9231105703240646,0.04007370028891631
0,0,0.7518385296452539,0.248159262717189,2.207637557133804e-06
0,0,0.9075468290015398,0.09245315577074892,1.5227711296706145e-08
1,1,0.3863929547931068,0.6136049985566653,2.046650227876294e-06
0,0,0.6934323423993969,0.3065665908260016,1.0667746015272507e-06
1,1,0.1132295978259304,0.8854706187815226,0.0012997833925470455
1,1,0.11988141169451853,0.8800665333899226,5.205491555873787e-05
0,1,0.15577294230089056,0.8442160036890312,1.1054010078208226e-05
0,0,0.7095482205404554,0.29045131979545863,4.59664085977139e-07
1,0,0.7268586735472536,0.2731413037227164,2.2730029905061403e-08
1,1,0.3205943302938047,0.6794043243788153,1.3453273799341257e-06
1,1,0.018947469320427377,0.9809661164360065,8.641424356605604e-05
1,1,0.09267691332214455,0.9072152913415282,0.00010779533632739743
1,1,0.4248158011660385,0.5751831248398107,1.07399415077515e-06
1,1,0.04451813899774145,0.890183911328671,0.06529794967358753
1,1,0.09280526088152372,0.9068394636025902,0.000355275515886271
0,1,0.05428156399511826,0.8698064913245009,0.07591194468038083
1,1,0.08377468312097666,0.9162189219578578,6.394921165589883e-06
0,0,0.672317210491585,0.3276827043278881,8.518052696114875e-08
1,0,0.6994307176054013,0.30056806882544645,1.2135691521559892e-06
0,0,0.7285451881732775,0.2714546413730128,1.7045370972587103e-07
0,0,0.8956954424029987,0.10430396809036487,5.895066364738495e-07
1,0,0.7229739376298486,0.27702412232565016,1.9400445013452972e-06
1,1,0.28330608017975006,0.7166520842076192,4.183561263073926e-05
1,1,0.1652520888669712,0.8335845169371653,0.0011633941958635635
0,0,0.6004444285170935,0.3995547549016791,8.165812274962511e-07
0,0,0.7494665019918839,0.25053348427038535,1.3737730706018057e-08
0,0,0.9658413767002777,0.03415841027945759,2.1302026482057004e-07
0,0,0.6805940845213299,0.31940564625750434,2.6922116582446515e-07
1,1,0.01906112975658052,0.9807754814430084,0.00016338880041115724
1,1,0.20814934445845304,0.7918466959547661,3.9595867808133745e-06
0,0,0.8676844120159234,0.13231555568664494,3.2297431766102334e-08
0,0,0.5736414600864547,0.42635850432998285,3.558356248752682e-08
0,0,0.8639152018933107,0.1360847872993019,1.0807387202455351e-08
0,0,0.7821531866070646,0.21784677102683275,4.236610268932064e-08
1,1,0.019109692263578146,0.8549680025263927,0.12592230521002923
1,1,0.15600044955910033,0.8439794955984471,2.0054842452636614e-05
1,1,0.42030021130857237,0.5796972035592497,2.585132177989461e-06
0,0,0.6337683667805035,0.36623148901068087,1.4420881554285112e-07
0,0,0.8618074298024436,0.1381925673553637,2.842192566190542e-09
0,1,0.09611009033589232,0.9038713213910505,1.858827305706438e-05
0,0,0.5215951535947777,0.4784041915398316,6.548653907512817e-07
0,1,0.46618187491951624,0.5338179322190425,1.9286144117222002e-07
1,1,0.3563687250888716,0.6436081097436267,2.3165167501678234e-05
0,0,0.8635496611141461,0.1364503251170115,1.3768842393147978e-08
0,0,0.5781272331907662,0.42187262148633276,1.4532290092621067e-07
1,1,0.01643090999346865,0.7581697509919869,0.22539933901454434
2,2,8.335667170283122e-08,0.01056286473958657,0.9894370519037418
1,0,0.744818775679035,0.2551809908751586,2.3344580643540897e-07
2,2,1.1684978922519735e-10,0.002496383930458519,0.9975036159526917
1,1,0.4939832571897168,0.5060150846509102,1.6581593730962708e-06
1,0,0.8970921554915952,0.10290754442214824,3.000862566108582e-07
1,1,0.41377254102887495,0.5862267165614611,7.424096640809263e-07
1,1,0.14971854406386995,0.8502237277747154,5.7728161414494374e-05
1,0,0.7411275740657522,0.25887241097177194,1.4962475896535145e-08
0,0,0.6543077828571664,0.34569212458263193,9.256020150042109e-08
0,0,0.6474517152368046,0.35254817255181436,1.1221138118230614e-07
1,0,0.6978986507097467,0.30210067928048845,6.700097649267655e-07
1,1,0.4518570273002937,0.5480777023739379,6.527032576829572e-05
2,2,1.513805868053614e-11,5.047041004120904e-07,0.9999994952807615
0,0,0.9747169790927265,0.025282991106139234,2.98011343416004e-08
1,0,0.6804056621917746,0.3195895309113933,4.806896832051753e-06
1,1,0.03530919749325585,0.9643573530195608,0.00033344948718336503
1,0,0.665083258785462,0.33491608983355964,6.513809783999314e-07
1,0,0.5941488936330519,0.40585089242595135,2.1394099682701876e-07
2,2,3.756994853791812e-06,0.06219201609695145,0.9378042269081948
1,1,0.41305796463401495,0.586940000431766,2.0349342190132615e-06
0,0,0.6536808430078431,0.34631908789602167,6.909613527971656e-08
1,1,0.2870804049157091,0.7129181977441339,1.3973401569633212e-06
1,1,0.014255380335227968,0.9845704767736592,0.0011741428911129974
1,1,0.24929103973144895,0.7507045636062976,4.396662253450768e-06
1,1,0.1437996688701411,0.8560110751309883,0.00018925599887051401
1,1,0.03972563062271524,0.9289305413314063,0.031343828045878326
0,0,0.7869502435951315,0.21304960820662763,1.4819824082048332e-07
0,0,0.6963079487481847,0.30369178716241607,2.640893993095608e-07
0,0,0.5788364395964238,0.4211632517943384,3.0860923777812416e-07
1,1,0.08457427852207315,0.9153379612342167,8.776024371034374e-05
1,1,0.2282276523929289,0.7717707279716957,1.6196353753512595e-06
1,1,0.2536666487081606,0.7463228924552859,1.0458836553431372e-05
1,1,0.26777328974839104,0.7322210158865282,5.69436508059894e-06
2,2,0.001050419112508233,0.08752226677924878,0.9114273141082431
1,0,0.5259293996328316,0.47405841799546516,1.2182371703304281e-05
1,0,0.7681213744633834,0.23187862208925256,3.447364198888177e-09
0,1,0.34658732230345846,0.6533931764536037,1.9501242937719358e-05
1,1,0.4244376419097439,0.5755617400290552,6.180612007819494e-07
1,1,0.10870742447131825,0.8912805534254121,1.2022103269539451e-05
0,1,0.4522164054144803,0.5477618455235685,2.1749061951194298e-05
0,1,0.33079490087741464,0.6691968520697051,8.247052880269386e-06
1,1,0.36319311509392127,0.6368050482442807,1.8366617980336525e-06
1,0,0.7279438626789361,0.272056050196271,8.712479297510628e-08
1,1,0.0409397010976923,0.9590257080548257,3.459084748217902e-05
0,0,0.7618267512370654,0.23817209313792323,1.1556250112921755e-06
1,1,0.28828037558061453,0.7117174902554788,2.134163906636235e-06
0,0,0.6487366971295151,0.351263277654629,2.521585608540869e-08
1,1,0.4811781438313926,0.5188214187198202,4.3744878711528043e-07
0,0,0.9999965188835603,2.934983290044244e-06,5.46133149583925e-07
1,1,0.07566364363205458,0.9243118838935315,2.447247441398607e-05
0,0,0.9434086484826107,0.05659133830179171,1.3215597594564684e-08
0,0,0.9497596794326567,0.05024031193908756,8.628255812661358e-09
2,1,0.04500837807821394,0.913290250830291,0.041701371091495146
2,2,1.4764173094859118e-05,0.1560381743609733,0.8439470614659318
1,1,0.2190749240159252,0.7809173682275071,7.707756567485704e-06
1,1,0.23924866598283506,0.7607451262578593,6.20775930552096e-06
0,0,0.8973825328325106,0.10261451385168038,2.9533158090519145e-06
1,1,0.12738532323905558,0.8724762882169929,0.0001383885439514483
1,1,0.06683338152962032,0.9331488020523288,1.7816418051030036e-05
1,1,0.38437388587446863,0.6156182077929694,7.906332562160892e-06
0,1,0.30985713961154004,0.6901385683533606,4.292035099402921e-06
0,0,0.7446574163239659,0.25533928804348704,3.2956325471321836e-06
1,0,0.6553465665504096,0.3446523456097536,1.0878398368069629e-06
0,0,0.6158041656088892,0.3841630707371528,3.2763653958094075e-05
2,2,3.5326848889508474e-08,0.07585958044792566,0.9241403842252254
0,0,0.7201909348266768,0.2798090343367721,3.0836551057254166e-08
1,1,0.02503352193130742,0.9748435925261755,0.00012288554251717562
1,1,0.48821061576143815,0.5117778675033248,1.1516735237094332e-05
1,1,0.2655224830361598,0.7344758701119128,1.6468519274973094e-06
1,1,0.09997250313959632,0.89979444589336,0.0002330509670435344
1,1,0.06143086785650632,0.9385353233332834,3.3808810210202015e-05
0,0,0.607298999416877,0.39270047953634946,5.210467734925016e-07
0,0,0.9585509935597467,0.04144897811316291,2.832709041085364e-08
1,1,0.3447006224466378,0.6552832249404484,1.6152612913860053e-05
1,1,0.38689189864014245,0.6131070495227878,1.0518370698570857e-06
1,1,0.2752677807824681,0.7247288940865915,3.325130940616666e-06
1,1,0.12182098182420573,0.8769456645232708,0.0012333536525234862
1,1,0.09631847325905347,0.9036736232218933,7.903519053407736e-06
1,0,0.7053214714312983,0.2946783645675208,1.6400118093252473e-07
2,2,0.0018026697473232122,0.1230835672716502,0.8751137629810266
0,0,0.844703311903343,0.15529665624136835,3.185528857555442e-08
1,1,0.06829512130651733,0.8972357484242732,0.034469130269209426
1,1,0.029068443550248887,0.6842971541376142,0.28663440231213694
2,2,0.0005442339135559247,0.05059726460547216,0.9488585014809718
1,1,0.47506260668732814,0.5249342802347092,3.1130779626250538e-06
1,1,0.021201758798547906,0.8138940352180271,0.1649042059834251
2,2,1.0612041318304045e-09,0.012472845174733424,0.9875271537640624
0,1,0.3049040946779995,0.6949208333524243,0.00017507196957611425
1,1,0.016731010159771614,0.6974470196339074,0.2858219702063209
0,1,0.43442900852352123,0.5655701356357731,8.558407058041124e-07
1,1,0.07458935035876509,0.9187280142931334,0.006682635348101551
0,0,0.9223320320226072,0.07766794200463205,2.597276067750305e-08
1,1,0.41207710581106977,0.5879224504481086,4.437408215621591e-07
0,0,0.9357733268900281,0.06422640198263835,2.7112733350133607e-07
1,0,0.6153674663853209,0.3846323826976369,1.5091704223597416e-07
0,1,0.23060920926084227,0.7693829079511872,7.882787970538875e-06
1,1,0.0512180968619485,0.9487496684893755,3.223464867597484e-05
0,1,0.19328484123685938,0.8066673104849115,4.784827822917581e-05
1,1,0.03752480563596315,0.9490312367801008,0.013443957583935866
1,1,0.4533614813623533,0.5466049724030616,3.3546234585178465e-05
1,1,0.12756558092580053,0.8722877515659262,0.00014666750827336349
1,1,0.06533943964778607,0.9337122151211973,0.0009483452310165629
1,1,0.20770494294070155,0.7922901484802543,4.908579044170163e-06
0,1,0.1072970579027356,0.8923281814566972,0.0003747606405671697
1,1,0.2157858045750679,0.7841945729367367,1.962248819547278e-05
2,2,0.000900615301733496,0.08540910407444835,0.9136902806238182
0,0,0.8493614023935886,0.1506385843777301,1.3228681442286274e-08
0,1,0.2803449993160047,0.7196526678696321,2.3328143632519775e-06
1,1,0.004842372753058894,0.648689721352537,0.3464679058944041
1,1,0.21325998601227264,0.7867375539041008,2.46008362644433e-06
0,0,0.8250727690052797,0.1749272028629093,2.8131811011273217e-08
0,0,0.7438552050077423,0.2561447598710531,3.512120458450674e-08
0,0,0.9931867066945473,0.006813293002408912,3.030437132619834e-10
0,0,0.8392244167050096,0.1607754511945125,1.321004778316225e-07
1,1,0.16136901197524664,0.7937369567646999,0.044894031260053466
2,2,2.0099494990072782e-06,0.07263163127589577,0.9273663587746052
0,0,0.7189999397513887,0.28100000515091483,5.5097696528666704e-08
0,0,0.9070395625118145,0.09295966837896999,7.691092153839839e-07
0,0,0.9017049757277517,0.09829501786218536,6.4100630273405644e-09
1,1,0.29248497390116623,0.7074949828979858,2.004320084792063e-05
0,1,0.47841293973335297,0.5215861946264034,8.656402436092871e-07
0,0,0.8033320937605011,0.19666788060054113,2.5638957743155803e-08
0,0,0.7985210284573057,0.2014789221480777,4.9394616678215783e-08
2,2,6.919228826754679e-13,5.2827650773538065e-08,0.9999999471716573
1,1,0.16172121274489418,0.8382107014759651,6.808577914071867e-05
0,0,0.7469916373815113,0.253008136590829,2.260276597917819e-07
1,1,0.20515087530757092,0.7943720895708074,0.00047703512162175954
1,1,0.03152006009990842,0.9652714725047775,0.0032084673953140385
0,0,0.8172162831173361,0.1827830647276972,6.521549665778903e-07
1,1,0.1568762486813926,0.8429386697336119,0.00018508158499553853
1,1,0.16588867509575161,0.8340679134684968,4.341143575150324e-05
1,1,0.28097910052343067,0.7190000434937487,2.08559828205362e-05
1,1,0.22859934957468975,0.7713197555136624,8.089491164786457e-05
0,0,0.7903910890567155,0.20960700435889448,1.9065843898746288e-06
1,1,0.023571573067126175,0.9762386214838867,0.00018980544898699827
1,1,0.09689798861210754,0.9030213580077727,8.0653380119685e-05
1,1,6.0935976189978446e-05,0.6915447312441841,0.30839433277962575
1,1,0.008090897956141716,0.9887215058086436,0.003187596235214669
0,0,0.5649984715145343,0.4350012358451442,2.926403214700335e-07
1,1,0.22449989565917097,0.775498389604201,1.7147366279961657e-06
1,0,0.7490313107503719,0.2509634223753105,5.266874317574729e-06
1,1,0.038329991817705744,0.9270797000978217,0.0345903080844726
1,1,0.4765198115502495,0.5234798573148689,3.3113488168842004e-07
1,1,0.2028325944421327,0.7970825094996603,8.489605820697416e-05
0,1,0.16317878601731084,0.8366793642687639,0.0001418497139253138
0,1,0.28130983488408456,0.7186547268004188,3.543831549666217e-05
0,1,0.38878392872679535,0.6112032873249219,1.2783948282798596e-05
0,0,0.9345434740826396,0.06545652339637203,2.520988281407351e-09
1,1,0.15270335227376042,0.847287348891116,9.298835123503567e-06
0,0,0.8378158801446672,0.16218409709369222,2.276164050564426e-08
0,0,0.547278025989927,0.45271989695605747,2.077054015503612e-06
1,1,0.11468644053665945,0.8853083779757807,5.181487560027218e-06
1,1,0.03861195430822987,0.9613555421787818,3.250351298838366e-05
0,0,0.9660465016669629,0.03395153883060718,1.9595024298222914e-06
1,1,0.3772476767010575,0.6227516851158099,6.381831326923445e-07
1,1,0.27234147394830643,0.7272768286928252,0.0003816973588683431
2,2,2.683867471908525e-06,0.0592350387922368,0.9407622773402914
2,2,1.362979332810871e-07,0.01985433126720978,0.980145532434857
0,1,0.48340557169098,0.5165917907829942,2.637526025743541e-06
1,1,0.12000795895148351,0.8799784628028808,1.3578245635664352e-05
2,2,1.6609617752037878e-11,0.0006352417825935624,0.9993647582007968
1,1,0.37619504986988905,0.623804514832827,4.3529728410076704e-07
1,1,0.30492070546853145,0.6950737157897365,5.578741731967713e-06
0,0,0.7670143535629566,0.23298562614111862,2.0295924825750895e-08
2,2,4.367772976592273e-07,0.32566264794010263,0.6743369152825996
0,0,0.8364569151543717,0.16354281655205866,2.682935698024024e-07
1,1,0.22128078941373913,0.7784663974956318,0.0002528130906290749
0,0,0.7001954404865383,0.29980356021043497,9.99303026853262e-07
1,1,0.08912627374130554,0.9108008412004738,7.288505822053567e-05
1,1,0.4119603486994435,0.587932845810082,0.00010680549047448852
0,0,0.6446875599097298,0.35531123401395553,1.206076314668994e-06
1,0,0.6049758944791117,0.39502396546630714,1.4005458105961286e-07
0,0,0.9249235914947411,0.07507637977539988,2.8729859092273236e-08
1,1,0.1935469896180587,0.8064024505711996,5.055981074176025e-05
0,1,0.4267539095296306,0.5732399406393764,6.149830993017501e-06
1,0,0.6798246740175637,0.3201744773378013,8.486446349058626e-07
1,2,7.128957806603253e-07,0.4351336136164479,0.5648656734877715
1,1,0.05787153570563791,0.9420467415633447,8.172273101739267e-05
1,0,0.614823899736004,0.38517606852768393,3.173631200476645e-08
1,1,0.2922188640059137,0.7077776196475312,3.5163465552343072e-06
0,0,0.9285117483833484,0.07148824837255276,3.244098739159726e-09
1,1,0.30861244798566156,0.6913270097957979,6.0542218540588984e-05
1,1,0.20972426065486202,0.7901778738439681,9.7865501169999e-05
1,1,0.16009667672183048,0.8398965100573572,6.813220812414917e-06
1,1,0.10245506102429087,0.8975352639033115,9.675072397654677e-06
2,2,4.7566255771837595e-09,0.0012398967236311184,0.9987600985197433
1,1,0.13371817073729522,0.866249742324281,3.208693842374763e-05
1,1,0.09401329921313249,0.9001077103466485,0.005878990440218852
1,1,0.14726127060570574,0.8527304703912127,8.25900308143765e-06
0,0,0.5351352501305672,0.46486445697001505,2.92899417796068e-07
1,1,0.0923488377780326,0.8994115676592428,0.008239594562724736
1,0,0.7620082499035835,0.23799066553535314,1.0845610634237088e-06
1,0,0.7365979920308524,0.2633997738462477,2.234122899851955e-06
0,1,0.27565642462937934,0.7243390957306429,4.47963997791178e-06
0,1,0.3708356947513994,0.6291457838156527,1.8521432947992488e-05
1,1,0.06338755503266646,0.9122541677432733,0.02435827722406032
1,1,0.01118796948163196,0.9883100108339209,0.0005020196844472401
1,1,0.16217656206044612,0.8378103837666167,1.3054172937281812e-05
0,1,0.43545336906249404,0.5645335731613157,1.3057776190150179e-05
1,1,0.09789761174456063,0.9020631630221018,3.922523333756518e-05
0,0,0.5031134265887689,0.49688293817075885,3.635240472304015e-06
1,1,0.10570828045027957,0.894263414321895,2.83052278252379e-05
1,1,0.2920248607979982,0.7079651708454058,9.968356595986255e-06
0,0,0.8296051835960122,0.17039477756832982,3.8835658094271056e-08
1,1,0.2763814205752657,0.7236159911513323,2.5882734018656823e-06
0,1,0.10684087656040797,0.8830549123819114,0.01010421105768076
1,1,0.407927854477355,0.5920699851277405,2.160394904532443e-06
0,0,0.7701780161115441,0.2298219283357613,5.555269445744261e-08
1,1,0.35166560605180003,0.6483316901261058,2.7038220941602567e-06
2,2,1.3352116802364095e-07,0.015942538359432,0.9840573281193999
1,1,0.051297689272530984,0.921808604104576,0.026893706622892925
1,0,0.7425072448564887,0.2574920463000076,7.088435038153913e-07
0,0,0.8283324053813377,0.17166754199476103,5.262390124743598e-08
0,0,0.7793416258850219,0.2206582716413908,1.0247358736043448e-07
1,1,0.33714175500567034,0.6628570607357962,1.1842585333772552e-06
0,0,0.7928134474145215,0.2071865392436806,1.3341797855144293e-08
1,1,0.0886311181628965,0.9113055873985267,6.329443857667646e-05
2,2,4.965811335861944e-06,0.1499996223784844,0.8499954118101798
1,1,0.04649829138213681,0.9051035611805947,0.04839814743726852
1,1,0.061890363202739544,0.9380185008590706,9.113593819006921e-05
1,1,0.31842138854462365,0.681493577548225,8.503390715138034e-05
1,1,0.02107512391773814,0.8093547773538606,0.16957009872840123
1,1,0.03996328100254824,0.9164123436656609,0.043624375331790845
1,1,0.31298975675246,0.6869963785525978,1.3864694942227592e-05
0,0,0.9378086311512196,0.06219135736275969,1.1486020627012606e-08
1,1,0.13827802213553098,0.861715847796883,6.130067586106767e-06
0,1,0.11233894320129889,0.8874490732464326,0.00021198355226847084
0,1,0.4220247736633453,0.5779725726044077,2.6537322469896652e-06
2,2,8.013801928676145e-06,0.12806646618960185,0.8719255200084695
0,0,0.7177279278673381,0.2822718839355334,1.8819712861594927e-07
0,0,0.8708148586326745,0.12918514057844319,7.888823450447737e-10
1,0,0.7936005544528996,0.20639940026548026,4.5281620161568947e-08
1,1,0.4475827265650345,0.5524114876127376,5.7858222277557965e-06
1,0,0.5269689676763248,0.4730299319240499,1.1003996252544003e-06
1,1,0.24632015764864088,0.7535313324243514,0.0001485099270076997
0,0,0.8628771187859479,0.1371228690894214,1.2124630685557106e-08
1,1,0.11133863379591864,0.8761963040768388,0.012465062127242675
1,1,0.4017583896409793,0.5982401423654347,1.4679935860116797e-06
1,1,0.22307860262191742,0.7756131368601443,0.0013082605179382941
2,2,8.853308116882741e-07,0.05323072938330866,0.9467683852858797
0,0,0.7689108215522248,0.23108911484303818,6.360473713519676e-08
1,1,0.08802838891064971,0.9119649005955536,6.710493796715811e-06
1,1,0.023323657551808506,0.9764727113463808,0.00020363110181068541
1,1,0.04590173717623243,0.9539528061922606,0.00014545663150685554
0,0,0.7518245080355007,0.24817547197612286,1.9988376280473352e-08
0,0,0.7580449459378319,0.2419544163877095,6.37674458660849e-07
1,1,0.2246712061221772,0.7752937370696253,3.505680819752054e-05
1,0,0.8020937324875309,0.19790607502786317,1.9248460582342793e-07
1,1,0.3560808131276663,0.6410126507403533,0.002906536131980413
0,0,0.9692354350959483,0.03076451899828839,4.590576320462073e-08
1,1,0.04836526996042115,0.951591806550053,4.2923489525813896e-05
0,1,0.23544078192577717,0.7641994937634535,0.00035972431076932527
0,0,0.6498753809488118,0.3501238019566047,8.170945835487415e-07
1,0,0.5498226912919227,0.4501661231604963,1.118554758101655e-05
0,0,0.7091148691619209,0.29088502447012865,1.0636795045886969e-07
1,1,0.119082864231514,0.8809001428378755,1.6992930610547884e-05
1,1,0.29174937356001446,0.7082470025434194,3.6238965662222494e-06
0,1,0.16596787189883394,0.833980807864233,5.132023693303885e-05
1,1,0.04415090041160923,0.881462771133068,0.07438632845532277
0,0,0.8020238061888401,0.19797532327974762,8.705314121981034e-07
0,0,0.8775437945195773,0.12245620224685627,3.233566294233984e-09
0,0,0.8448342250003017,0.15516357083801524,2.204161683179291e-06
0,0,0.7176972921721941,0.28230267806859816,2.9759207924918188e-08
0,1,0.42379670573249384,0.5761809063130612,2.2387954444959405e-05
1,1,0.16910049612620504,0.8308886421008934,1.0861772901537967e-05
1,1,0.02141479471956069,0.9012065045511691,0.07737870072927021
1,1,0.032815704611526594,0.9500021366315048,0.017182158756968546
0,0,0.9546884810705804,0.045311473745715425,4.518370443401134e-08
2,2,0.0037069101365417383,0.2560470621526549,0.7402460277108034
1,1,0.25586598955800016,0.7436374866514881,0.0004965237905115319
1,1,0.21149585347948807,0.7884923127236908,1.183379682102922e-05
0,0,0.5679125371866214,0.4320870561830392,4.066303394117027e-07
0,1,0.20119762039529276,0.7987994293707966,2.950233910661834e-06
1,1,0.043372536266054675,0.9565550124353115,7.245129863378436e-05
0,0,0.9643227031898192,0.03567721030647358,8.650370717756702e-08
0,0,0.9381363977890707,0.06186356765746918,3.455346003467798e-08
1,1,0.05884618534898389,0.9411262406628882,2.7573988127777655e-05
2,1,0.02784137983098607,0.7460788354733595,0.22607978469565435
1,0,0.7582911063882449,0.24170887711348582,1.6498269150783478e-08
1,1,0.1281965588210859,0.8589273677228028,0.012876073456111276
0,1,0.32001830328101627,0.679979341795033,2.3549239505828836e-06
1,1,0.1572419035086192,0.8350688104850603,0.007689286006320591
0,0,0.727919627414295,0.2720802199950537,1.5259065113775305e-07
1,1,0.21372871134944973,0.7862508440783265,2.0444572223780468e-05
1,1,0.38114622580071866,0.6187061819462263,0.000147592253054966
1,1,0.4009587376903831,0.5990408249604599,4.373491570978205e-07
0,1,0.35336012839974695,0.6465781612674266,6.171033282644715e-05
0,0,0.8640015740926063,0.1359982293814718,1.9652592184977418e-07
0,0,0.6422877595946102,0.3577121759031764,6.450221335083893e-08
1,1,0.023177795737520913,0.49685041680513814,0.479971787457341
1,1,0.1680902921568133,0.8284560869148768,0.0034536209283098653
1,1,0.38919102016862855,0.610808250831511,7.2899986042323e-07
1,1,0.30834611221981284,0.6916523440170594,1.5437631277138598e-06
1,2,1.6952377211214466e-05,0.4711881588944607,0.5287948887283281
2,1,0.026188424493865825,0.8572448733124567,0.11656670219367765
1,1,0.16946079988754142,0.8305306282598031,8.57185265533633e-06
1,1,0.21087885389887298,0.7891075719311805,1.3574169946501806e-05
1,1,0.4437323704695881,0.5562652223192606,2.407211151252454e-06
1,1,0.07925857141491378,0.9122844406523845,0.008456987932701606
1,1,0.03407744189449247,0.9649370729124338,0.0009854851930736585
1,1,0.36400119330385866,0.6359569341258022,4.1872570339115835e-05
1,0,0.6057316207789931,0.3942675342070387,8.450139680750652e-07
0,0,0.6362040456050996,0.3637927378507144,3.2165441860559372e-06
0,1,0.44052352007689793,0.5594757524714347,7.274516674904553e-07
1,0,0.5308672411841326,0.46912090721220046,1.1851603666852407e-05
1,1,0.051143634532985004,0.9488343643122107,2.2001154804293687e-05
0,1,0.22635510165435074,0.7735248010753777,0.00012009727027147232
0,0,0.6850351737070018,0.31496389337162845,9.329213696771073e-07
1,1,0.2542950403810022,0.7453368203414943,0.0003681392775035903
0,0,0.8759016375633737,0.12409829610520814,6.633141813023981e-08
1,1,0.40841109351639915,0.591588239272601,6.672109999613484e-07
1,1,0.4618424406668035,0.5381538029299586,3.7564032378304327e-06
0,0,0.9567370661938717,0.04326293140909909,2.397029076886891e-09
1,1,0.3592558341972251,0.6407089903199212,3.517548285358329e-05
1,2,1.5189215786325104e-05,0.1172811546577618,0.882703656126452
1,0,0.7132004443938781,0.2867994488068054,1.067993164694521e-07
0,0,0.819933322100122,0.18006664414168297,3.375819492457689e-08
2,1,0.03322246834529983,0.8678647423817645,0.09891278927293559
1,1,0.12322727247497052,0.8766684190390993,0.00010430848593004919
0,0,0.7197475019507958,0.2802523402642185,1.5778498557862896e-07
0,0,0.9357615563245388,0.06423842301055843,2.0664902649056223e-08
1,1,0.033132394794167526,0.9668381016199299,2.9503585902712006e-05
0,0,0.5740739174385153,0.4259258499164586,2.3264502610525045e-07
0,0,0.7940436170628425,0.20595590783562426,4.7510153326423835e-07
2,2,3.422815740172567e-09,0.018389315839503505,0.9816106807376808
1,1,0.4324624820618199,0.5674995346037753,3.798333440483146e-05
1,1,0.07085884081139696,0.9290922827945771,4.887639402588636e-05
1,1,0.4078914244205471,0.5921080092607868,5.663186661912097e-07
0,1,0.10032477925245048,0.8993481567673188,0.00032706398023057655
0,1,0.3357503478238179,0.6642487931240505,8.590521316187548e-07
1,0,0.5124632099172823,0.4875358269421489,9.6314056876056e-07
0,1,0.3181956945822209,0.6818034841677328,8.212500461691386e-07
1,1,0.358277624708724,0.6417213073330844,1.067958191594658e-06
0,0,0.6978162288134961,0.30217301088208665,1.0760304417324082e-05
1,1,0.022345658181001798,0.8522470821448186,0.12540725967417976
0,0,0.7575477359986249,0.2424520903847994,1.7361657579091662e-07
1,1,0.01754063663214221,0.9823417660069242,0.0001175973609334779
1,1,0.1248438425177348,0.8751522674445795,3.890037685566217e-06
1,0,0.8292013630996286,0.17079862550540834,1.1394963231974702e-08
1,1,0.274398573122903,0.7255997202112531,1.7066658439155244e-06
1,1,0.04948975061672318,0.9504623879688092,4.786141446763115e-05
1,1,0.0550849243935809,0.9448786776217062,3.639798471284586e-05
1,1,0.48086974705181645,0.519130185564839,6.738334441549243e-08
1,1,0.012400539671101315,0.9874005134040801,0.00019894692481866677
2,2,4.1046533164576564e-07,0.028430924391214214,0.9715686651434541
0,0,0.608037826650388,0.39196189646638674,2.76883225367696e-07
1,1,0.18271009618570833,0.8172700669145102,1.9836899781431862e-05
1,2,7.496277103802341e-06,0.3560214298512264,0.6439710738716699
1,1,0.21943352724036605,0.7805591064719987,7.366287635368159e-06
1,0,0.5667352697587731,0.4332640380990629,6.921421641010135e-07
1,1,0.0621397215462252,0.9377417978726448,0.0001184805811299524
1,1,0.10833441961802882,0.8916070457047774,5.8534677193706715e-05
1,1,0.03808332097996592,0.9618879444290515,2.8734590982752647e-05
1,1,0.09953699681346735,0.9004421278018674,2.0875384665120868e-05
1,1,0.23939689462260533,0.7601431424971259,0.0004599628802687662
1,1,0.35369021455841265,0.6461716989920353,0.00013808644955211135
1,1,0.13277594613035593,0.866138635134324,0.0010854187353202456
1,1,0.036246029151356815,0.8981870505562425,0.06556692029240078
1,1,0.139305022072297,0.8605811313408936,0.00011384658680929883
1,1,0.07369840598891725,0.926127233181805,0.00017436082927756698
0,0,0.7758946102112192,0.22410520989808247,1.7989069833430926e-07
0,1,0.40968282785201876,0.5903167068939645,4.652540165602981e-07
0,0,0.5503202382916556,0.44967326873538294,6.492972961357577e-06
0,0,0.9423300295884951,0.05766990036662677,7.004487806283019e-08
1,1,0.15959109735711768,0.840391090759122,1.781188376038538e-05
2,2,7.149446809554931e-08,0.010723526625958605,0.9892764018795733
0,0,0.7186891811417018,0.2813105396206806,2.7923761752844923e-07
2,2,5.283001270752021e-10,0.0030858551586601937,0.9969141443130398
0,1,0.3782308830141693,0.6217678187778674,1.2982079633938567e-06
1,1,0.16848450623015623,0.8266765733514282,0.00483892041841557
0,0,0.9160766683617868,0.083922190163447,1.1414747662866522e-06
0,0,0.6187464561878223,0.38125339494190513,1.4887027262712143e-07
0,1,0.027825717919078737,0.9720141759299215,0.0001601061509997041
0,0,0.9289874393117058,0.07099526915090582,1.7291537388193255e-05
0,0,0.5435133013882488,0.4564862434755972,4.5513615396235453e-07
0,0,0.5131210624822222,0.4868751911288393,3.7463889384594206e-06
0,0,0.6289258391477589,0.3710739489013384,2.1195090265977567e-07
2,2,2.7512528871794415e-13,2.33840190983142e-08,0.9999999766157058
0,0,0.6347993297710686,0.36519792963366193,2.740595269589743e-06
2,1,1.8105220124855725e-05,0.5013562810451047,0.4986256137347705
1,1,0.033215735247549644,0.9663701345230991,0.00041413022935148173
0,1,0.27933892524332093,0.720651647524915,9.427231764143299e-06
2,2,3.5113095833493632e-09,0.0006450599204108672,0.9993549365682795
1,1,0.058654132356952354,0.8822803470119304,0.059065520631117356
1,1,0.4123018050514184,0.5876948884778149,3.3064707666788762e-06
0,0,0.9553974827901928,0.04460244494124536,7.226856195467231e-08
1,0,0.612196922929793,0.3878025969800295,4.800901774875562e-07
1,1,0.11852439829407348,0.8813995155756928,7.608613023369883e-05
1,1,0.26849750217693497,0.7314853255689849,1.717225408008631e-05
1,1,0.07180242002443778,0.9281805768578281,1.7003117734296602e-05
0,0,0.9161677043776667,0.0838322763147878,1.930754551365559e-08
1,1,0.04279876413220865,0.9571647027279259,3.653313986536123e-05
1,1,0.08731854811157992,0.9126149437450137,6.65081434064454e-05
0,0,0.8576620570472275,0.14233791032523307,3.262753941999335e-08
2,2,0.00010104684573123725,0.015388820637151353,0.9845101325171174
0,1,0.28891990614685853,0.7110401309832496,3.996286989188241e-05
1,1,0.43382798252486704,0.5661719197367786,9.773835430710173e-08
1,1,0.2414616552261583,0.7581659225627457,0.0003724222110959576
1,1,0.056743488062461385,0.9432298114532769,2.670048426154694e-05
2,2,1.633801116340925e-07,0.011610451250339786,0.9883893853695486
0,0,0.8982084151036724,0.10179158263531833,2.2610093465328564e-09
1,1,0.11197445217664924,0.8879476383476721,7.790947567874706e-05
1,1,0.44299939147171824,0.5569999986546944,6.098735872308832e-07
0,0,0.894201746609173,0.10579824989373511,3.4970920000673137e-09
1,1,0.3415075291453497,0.6584866385945227,5.832260127696088e-06
1,1,0.16478237448703625,0.8352120342482054,5.591264758251612e-06
0,1,0.4943028008768811,0.5056930923372787,4.106785840211647e-06
1,0,0.7569841754152241,0.24301580120169525,2.33830807884063e-08
0,0,0.9730278614014646,0.026971976778117256,1.61820418204695e-07
1,1,0.3442306732498011,0.6555223232434895,0.0002470035067093626
1,0,0.655018198620186,0.3449816254980868,1.7588172730476304e-07
2,2,1.6233767386743934e-05,0.27474488918468276,0.7252388770479304
0,0,0.8928102692120838,0.10718893977933328,7.910085827358316e-07
0,0,0.7299139713323259,0.27008566151238944,3.6715528445253355e-07
1,0,0.5812452939431083,0.4187542189372219,4.871196698570025e-07
1,1,0.34508322067671526,0.654913777628532,3.001694752732741e-06
1,1,0.10297373077434169,0.8883467559454468,0.008679513280211609
0,1,0.2729412375187521,0.7270408572093957,1.7905271852096087e-05
1,1,0.11101782629504166,0.8860911352347315,0.0028910384702267476
1,1,0.15422612685673387,0.845759320332494,1.4552810772199309e-05
0,0,0.9244115737191263,0.07558841179122025,1.4489653408572691e-08
1,1,0.22822800341999508,0.771770742772396,1.2538076088257083e-06
1,1,0.3356266512789491,0.6643651454958125,8.203225238503512e-06
0,0,0.9683948550765862,0.031605077191251926,6.773216176285619e-08
1,1,0.19907915644063362,0.8009188968387276,1.946720638765631e-06
1,0,0.6113395142339171,0.38866032910742465,1.5665865829416486e-07
1,1,0.027264248154558413,0.8965914948700308,0.07614425697541093
0,1,0.186127557737853,0.8137356204438156,0.00013682181833142256
0,1,0.4942233162644502,0.5057729311804883,3.75255506155373e-06
1,1,0.1652610730730115,0.8347290136395814,9.913287407279387e-06
1,1,0.017741030076345303,0.9820413728088719,0.00021759711478291872
0,0,0.7485754053894469,0.25142458448213045,1.0128422693515141e-08
0,1,0.4340360948270594,0.5659633234864538,5.816864867473971e-07
0,1,0.2413149265965672,0.7586824488575419,2.6245458909984234e-06
0,0,0.6933188535114279,0.30668110203394,4.445463212527247e-08
0,0,0.6802862272199575,0.3197117434824776,2.0292975648348474e-06
1,1,0.25975083097508533,0.7402476161562348,1.5528686798771166e-06
1,1,0.03592631329564459,0.9638404842626365,0.00023320244171882434
1,2,3.8976740509499174e-06,0.043371178820701566,0.9566249235052475
0,1,0.36555986116425476,0.6343481298069948,9.20090287503118e-05
0,0,0.8768928093872695,0.12309610901977655,1.1081592953851763e-05
1,1,0.15302692163084827,0.8469493731974018,2.3705171749990658e-05
1,1,0.40111148863924223,0.5988833296183428,5.181742414998971e-06
1,1,0.23097811353327014,0.7690146150888651,7.271377864681157e-06
0,0,0.8559418622470653,0.14405758314422432,5.546087105372947e-07
0,0,0.9525737976782975,0.047426201225288116,1.096414381259534e-09
1,1,0.25638973695144773,0.7436070621929558,3.20085559642411e-06
1,1,0.05261347426851304,0.8724755024387412,0.07491102329274588
0,1,0.12314200010947136,0.8768534354443547,4.564446173862649e-06
1,1,0.21810041519692352,0.7818973889012439,2.195901832624016e-06
1,1,0.06147042665582876,0.9383373847006524,0.00019218864351875438
0,0,0.6588415400351676,0.3411584187030785,4.126175402371728e-08
2,2,1.877777116276792e-11,0.0006019112085117042,0.9993980887727105
1,1,0.013973302805951745,0.9858475473307415,0.00017914986330673095
1,1,0.22736377689680448,0.7726322141220587,4.0089811369147476e-06
2,2,2.179475988736316e-08,0.05715614014168579,0.9428438380635543
1,1,0.020061639548773928,0.7636860470355417,0.2162523134156845
1,1,0.3387639910507808,0.6610505790418599,0.00018542990735911151
1,0,0.7087586475519709,0.29124004193024594,1.3105177830848221e-06
1,0,0.6538632466859645,0.3461361148654308,6.384486046659851e-07
1,0,0.6163091677600896,0.38369075182771956,8.041219083306725e-08
1,1,0.15607696231661294,0.8439195039166169,3.533766770186094e-06
1,1,0.06683199233651387,0.9108982406354901,0.022269767027995935
2,2,1.0486137397358562e-06,0.06447967472447237,0.9355192766617878
1,1,0.22402983768582016,0.7759615541639965,8.60815018334024e-06
0,0,0.7708099149110876,0.2291900563966104,2.8692302029826257e-08
0,0,0.608407798915475,0.39159211921012377,8.18744011220361e-08
1,2,1.3149252409702864e-05,0.1246340102284565,0.8753528405191338
0,0,0.8323007928559603,0.16769919202633796,1.5117701749969666e-08
2,2,3.532495046650436e-08,0.0037949609921492044,0.9962050036829003
1,1,0.11588050941911963,0.8841035959355197,1.5894645360657425e-05
1,1,0.132290909557424,0.8676280603557158,8.103008686013442e-05
1,1,0.42153286128518913,0.5784643060603348,2.8326544759739627e-06
1,1,0.2050051000688757,0.7949928700486346,2.029882489819822e-06
1,1,0.02879659022933777,0.9711089224909526,9.448727970982317e-05
1,1,0.3039089307653671,0.6960885195751896,2.5496594433228698e-06
1,0,0.5149630653174593,0.48503576059580134,1.1740867393906069e-06
1,1,0.10251744405432084,0.8974544836378312,2.8072307847862407e-05
1,1,0.10943973030982282,0.8849738884290641,0.005586381261112995
2,2,3.204923231764075e-07,0.01475344335193675,0.9852462361557401
0,0,0.6409312176809719,0.35906708540204,1.6969169880626421e-06
0,1,0.35069365855706824,0.6493000219660436,6.319476888230984e-06
1,2,6.380062568939001e-07,0.49054034163365545,0.5094590203600876
0,0,0.9419568675584271,0.0580431227127743,9.72879875209935e-09
1,1,0.15937953081518763,0.8406174639045144,3.00528029806039e-06
0,1,0.4392466126142934,0.5607527210972638,6.662884427967065e-07
0,0,0.984965172079246,0.015034805604109561,2.231664432547984e-08
1,1,0.40987805988574744,0.5901187401314122,3.1999828404238628e-06
1,1,0.09006398046404843,0.9099248889828038,1.113055314782972e-05
1,0,0.543670199959944,0.4562524196300218,7.738041003409155e-05
1,1,0.038632161996172025,0.9613462294938382,2.1608509989730995e-05
1,0,0.8029582025923054,0.1970417857950632,1.1612631406123032e-08
0,1,0.39317245805173795,0.6068244749447919,3.0670034701489843e-06
0,0,0.6766229000567493,0.3233766748672033,4.250760474886508e-07
0,0,0.8213246356595015,0.17867355239698762,1.8119435107864473e-06
0,1,0.03743151386132322,0.962544624226505,2.3861912171783735e-05
1,1,0.3047741396400699,0.6952189348874406,6.925472489521173e-06
1,1,0.38992765445343763,0.610071059873321,1.2856732415183937e-06
0,0,0.8739694597363071,0.12603047592688682,6.433680592616635e-08
1,1,0.17170922169539443,0.828284752052419,6.0262521864857355e-06
1,0,0.5705810232818684,0.4294178946260388,1.082092092870809e-06
1,1,0.10239486883760775,0.8975826870901865,2.2444072205776057e-05
1,0,0.7261739586964323,0.2738248739747656,1.1673288020124701e-06
1,1,0.028834882800306157,0.9698173708132739,0.0013477463864201094
1,0,0.6435545226268629,0.35643640618955036,9.07118358690865e-06
0,1,0.31388952079087235,0.6860700558813336,4.0423327794155245e-05
1,1,0.10897091326904033,0.8883844678971277,0.002644618833832074
1,1,0.12009751821573666,0.879847046157331,5.543562693225403e-05
2,2,5.642560350168652e-07,0.4150927578917388,0.5849066778522263
1,1,0.04842599535424055,0.796884281862208,0.15468972278355145
2,2,0.00051957328146295,0.053673387354431855,0.9458070393641053
0,0,0.9058434838955496,0.09415650799518403,8.109266399038492e-09
1,1,0.10552935477577907,0.8944286662887129,4.1978935508055425e-05
1,1,0.019664777100260315,0.9798526761034962,0.000482546796243446
1,1,0.20564938542691472,0.794295282898212,5.5331674873227475e-05
1,0,0.5230700991981627,0.4769064189732561,2.348182858109245e-05
0,0,0.6890537076805009,0.3109462317675387,6.0551960317824e-08
1,1,0.049462842084736516,0.832739334850921,0.11779782306434257
0,1,0.39401598026001616,0.6059815533072923,2.466432691595755e-06
0,1,0.1333041156737112,0.8665154591407052,0.0001804251855835595
0,0,0.7029763892479337,0.2970234837332061,1.2701886036983396e-07
1,1,0.21407591874302856,0.7746761288901174,0.011247952366854268
2,2,0.0001818892736551905,0.035258953589667685,0.9645591571366771
1,1,0.45908030398921895,0.5409181688077869,1.527202994137319e-06
1,0,0.7321244085031487,0.2678751842191254,4.072777258860981e-07
1,1,0.46624145381472887,0.5337579416360517,6.045492192852379e-07
1,1,0.12626237755116204,0.872829296759677,0.0009083256891610676
0,1,0.26735281374424813,0.7322812522238282,0.00036593403192366797
1,1,0.17647067312024656,0.8235217936284236,7.533251329720407e-06
1,1,0.012997044477446228,0.9868457788852717,0.00015717663728207588
1,0,0.6216040096748017,0.3783957778960532,2.1242914520601657e-07
0,1,0.44537075844527135,0.5546290198123821,2.2174234652986671e-07
0,1,0.460601891924928,0.5393978773702571,2.3070481481007848e-07
0,0,0.540023270384838,0.45997660916771227,1.20447449603938e-07
0,0,0.9082899877533926,0.09170998847185163,2.3774755767827728e-08
1,1,0.08462988216147045,0.9127559751569222,0.002614142681607327
1,1,0.4377514554076022,0.5622469489742266,1.59561817121491e-06
1,1,0.19319765851824,0.8052476754618014,0.001554666019958648
0,0,0.799286704825826,0.2007132740585994,2.11155745691912e-08
0,0,0.9230633533163826,0.07693632936459673,3.1731902065338743e-07
1,0,0.5320137526604474,0.4679859914159591,2.5592359362885223e-07
1,1,0.4025568561328569,0.5973957906071514,4.7353259991625436e-05
1,1,0.012856936561257762,0.9278638166024208,0.059279246836321506
1,1,0.05306767832809992,0.9469126622598892,1.965941201085527e-05
1,0,0.6129211068611805,0.3870779689712731,9.241675463469597e-07
1,1,0.07070489030004438,0.9168771212658111,0.012417988434144545
1,1,0.2994458445369705,0.700552665378874,1.4900841555814963e-06
0,0,0.9624726760997456,0.03752732255442223,1.345832021620354e-09
1,1,0.32380103217453604,0.6761919572157155,7.010609748603875e-06
2,2,1.7464150783569918e-06,0.06847205900790379,0.9315261945770178
1,0,0.5859111657205575,0.414085033042752,3.8012366905447976e-06
1,1,0.055996744848861864,0.9439541392080572,4.911594308091757e-05
0,0,0.7042343557490869,0.29576418811592764,1.4561349854366013e-06
1,1,0.17311136521256673,0.8216889539845966,0.005199680802836681
0,0,0.5354962081626464,0.46449616209847094,7.629738882707613e-06
0,0,0.714387235982121,0.28561266722919204,9.678868703836551e-08
0,1,0.20321751331006024,0.7967822123183413,2.743715982839637e-07
2,2,3.4499250091662865e-08,0.005275169898611804,0.9947247956021381
1,1,0.11551141928789742,0.884450089626647,3.84910854557422e-05
1,1,0.21414308527099113,0.7855083791123161,0.0003485356166927789
1,0,0.6456459576116179,0.3543378060524585,1.6236335923522633e-05
1,0,0.8206105704780553,0.1793894201273063,9.394638596767383e-09
0,1,0.48365034560867426,0.5163284337940428,2.1220597282883868e-05
1,1,0.04384193214530712,0.956110975748209,4.709210648395651e-05
1,1,0.026511532116421276,0.8812746180738592,0.09221384980971939
1,1,0.2673556088222134,0.7326389403550646,5.4508227220403506e-06
0,0,0.7633079976753392,0.23669193607354633,6.625111448176278e-08
0,1,0.30850276649145886,0.6914952984696566,1.9350388845718905e-06
0,0,0.9999838144147343,1.6183060672355067e-05,2.5245934895145594e-09
1,1,0.281631154925464,0.7183661052152059,2.739859330055916e-06
1,0,0.8925611816501265,0.10735640655418288,8.241179569070497e-05
0,0,0.5452543809224655,0.4547456106235204,8.45401410045446e-09
0,0,0.7267765323217424,0.27322330244710197,1.6523115561597402e-07
1,1,0.17846661379709208,0.8215264422654105,6.943937497469984e-06
1,2,0.001649449183074578,0.10231754670728224,0.8960330041096431
0,1,0.3175502284778956,0.6824472043980272,2.567124077241628e-06
0,0,0.8755584370200465,0.12444040086057824,1.162119375350842e-06
1,1,0.06419311078372264,0.8774072496535921,0.05839963956268519
0,0,0.5102852598515518,0.48971402192533225,7.182231160511188e-07
0,0,0.8972008487445192,0.10279705403255605,2.0972229248560947e-06
1,1,0.14592047742295264,0.8540676987541554,1.1823822891926004e-05
0,1,0.30924465638243154,0.690754699476016,6.441415524998665e-07
0,0,0.7186535461300272,0.2813460529911208,4.008788518794174e-07
1,1,0.17621155783647607,0.823773983775332,1.4458388192064918e-05
1,1,0.29343457357506453,0.7065278389591273,3.758746580805764e-05
1,1,0.07527535800327871,0.9242676758619165,0.0004569661348049112
0,0,0.9494987161466669,0.05050068542221964,5.98431113613737e-07
2,2,9.609476204363797e-05,0.020837739219636605,0.9790661660183198
1,1,0.19835937343614318,0.8016267764048586,1.3850158998095732e-05
0,1,0.2116041081062807,0.7883848868047048,1.1005089014644753e-05
1,1,0.22167304595541887,0.7783234562012141,3.4978433669233237e-06
1,1,0.24656885753615523,0.7533982538454532,3.288861839150105e-05
0,0,0.99999911227197,8.809137257396846e-07,6.814304097188348e-09
1,0,0.6969433847017372,0.30305653862035564,7.667790709598514e-08
1,1,0.18675044144074116,0.8132466109267068,2.9476325518805043e-06
1,1,0.016379386626895916,0.9835186275314449,0.00010198584165923839
1,1,0.49089451224084074,0.5091050561666388,4.3159252054658845e-07
1,1,0.15561328093425028,0.8443771027670081,9.616298741636278e-06
1,1,0.23925314734821493,0.7603517341698938,0.00039511848189143964
1,1,0.14515934153506738,0.8548257642538953,1.4894211037300216e-05
2,2,3.116425111206366e-05,0.39051624699040033,0.6094525887584876
0,1,0.3301098715587207,0.669883986603827,6.14183745224638e-06
1,1,0.07630732434335138,0.9051126527515687,0.01858002290507986
0,0,0.8251403821005214,0.17485906420033592,5.536991426014235e-07
1,1,0.2692523408173564,0.7307157729496263,3.188623301729008e-05
1,0,0.5306138951310334,0.4693837321430752,2.3727258914353006e-06
1,0,0.5789607754067346,0.4210389227626866,3.0183057862387473e-07
1,1,0.3097372466108936,0.6902616219965666,1.13139253979397e-06
1,0,0.621392512034645,0.3786067186373631,7.693279918911319e-07
0,1,0.36903022839481486,0.6309664084224674,3.3631827177028922e-06
1,1,0.09674549122526516,0.9032471846742598,7.324100475113856e-06
1,1,0.2714337329193025,0.728416179124091,0.00015008795660644066
0,1,0.19122510878868934,0.8087488128750561,2.607833625447038e-05
0,1,0.3470640213999972,0.6529245090082328,1.1469591770089846e-05
0,0,0.6464133628946392,0.35358637306469914,2.640406615386389e-07
0,1,0.16220691138113055,0.8377820722064946,1.1016412374876286e-05
1,1,0.040217905169482426,0.9596390545973377,0.00014304023317977514
0,0,0.8297025799496183,0.1702973856588451,3.439153660397251e-08
1,0,0.9108696457460622,0.08913029579894843,5.8454989371780584e-08
1,0,0.6045838032105623,0.39541458454606004,1.6122433778057188e-06
2,2,1.611729612607974e-05,0.2657839322876368,0.7341999504162372
1,1,0.2069417674830879,0.7930554500831546,2.782433757525847e-06
0,0,0.9447414704324694,0.05524527547313479,1.3254094395861535e-05
0,0,0.6373003250688544,0.362699375672896,2.9925824971040833e-07
1,1,0.018993526905688632,0.9808154660083015,0.00019100708600982403
1,1,0.21983144861498444,0.7801602973503585,8.254034657022973e-06
1,1,0.10283240346503185,0.8971413514508509,2.6245084117198423e-05
1,1,0.02851686812540604,0.9714464095290974,3.6722345496628606e-05
0,0,0.8343547849726579,0.16564483580754294,3.792197992888234e-07
0,0,0.9236369917902317,0.07636214263857898,8.655711893993824e-07
1,0,0.6981231377553208,0.30187390643553996,2.9558091392306983e-06
0,1,0.1661971642318328,0.8337479322069349,5.490356123245737e-05
2,2,7.697309994305531e-10,0.00648866729361084,0.9935113319366582
0,0,0.7524121705317602,0.24758504997706826,2.7794911714814883e-06
1,1,0.16860664400984626,0.8313873271614144,6.028828739300282e-06
1,1,0.4197066272093773,0.5802929994814642,3.733091585891604e-07
1,1,0.046418900792204405,0.953450824494679,0.00013027471311656482
0,0,0.7364648103183379,0.26353439466471834,7.950169437818151e-07
1,1,0.10033715882150941,0.8976281162850335,0.0020347248934570595
2,2,7.929173717561517e-11,0.0006271296169090918,0.9993728703037991
0,0,0.9025555879825313,0.09744401587364668,3.9614382197032583e-07
1,1,0.1494890996037992,0.8491468556620991,0.0013640447341017098
0,1,0.09863531000892459,0.9012909129956101,7.377699546534548e-05
0,0,0.8154912995531355,0.18450869554992502,4.896939730703435e-09
1,1,0.07218568629192039,0.927798737336675,1.557637140461569e-05
0,0,0.6415176691792753,0.3584793292024394,3.0016182852783396e-06
0,0,0.8765678029241092,0.12343219270434005,4.371550608796857e-09
0,0,0.5798896174374977,0.42010957254262216,8.100198803167599e-07
1,1,0.08708790433837274,0.912825431370962,8.666429066539678e-05
0,0,0.8729347353764008,0.12706508949680978,1.751267893655889e-07
1,1,0.3360080592196085,0.6639912268323325,7.139480589564893e-07
0,1,0.19489746471269398,0.8045969376475064,0.0005055976397995253
1,1,0.22547404569547685,0.7745227869297818,3.1673747413847987e-06
1,1,0.05238912206364631,0.9475173041663498,9.357377000373764e-05
1,1,0.1691410161476543,0.8307770123072449,8.197154510095268e-05
0,0,0.6462081999271978,0.3537917675350006,3.253780161741737e-08
1,0,0.5345438451354212,0.4654339446603135,2.221020426521494e-05
1,0,0.5035410522009052,0.4964385478320791,2.0399967015872626e-05
0,0,0.5964673382094343,0.4035247761921957,7.885598370013889e-06
0,1,0.3999431322440189,0.6000564573588791,4.1039710204486267e-07
2,2,6.67294205031778e-07,0.02598459791699539,0.9740147347887996
1,1,0.43007408216690035,0.5699243030947647,1.6147383349386604e-06
1,1,0.3423991381014604,0.6575500765214629,5.0785377076594364e-05
0,0,0.9551736789131655,0.04482610016664806,2.2092018630210154e-07
0,1,0.41376895148665815,0.5862308547643865,1.9374895531569396e-07
2,2,2.646192602056746e-06,0.1055824380086733,0.8944149157987247
0,0,0.8909539747896078,0.10904554813953016,4.770708621232419e-07
1,1,0.027721860966691648,0.972232188058815,4.5950974493405884e-05
0,0,0.6300641176132263,0.36993581428128797,6.810548579885958e-08
0,0,0.9205133990012283,0.07948648112594198,1.1987282984608273e-07
0,0,0.7808737626219394,0.21912623343028625,3.947774333873375e-09
2,2,1.387306787171469e-06,0.05676976275875527,0.9432288499344577
0,1,0.2567636491944892,0.7432336242337071,2.726571803691646e-06
0,1,0.3102195049626396,0.689771859556953,8.635480407520364e-06
0,0,0.5875046467814908,0.4124951408159452,2.124025639968619e-07
1,1,0.0804760865097636,0.915877763610858,0.0036461498793783427
2,2,7.047091976210752e-08,0.004609073008831924,0.9953908565202484
1,1,0.021076275722518013,0.9782374021752733,0.0006863221022086832
0,1,0.47748561686515034,0.5225140894881313,2.936467183981316e-07
1,1,0.046135379041372576,0.9506899663402179,0.00317465461840954
0,0,0.9736245551538503,0.026375417895730276,2.6950419513565156e-08
0,0,0.81965342722321,0.18034628269292233,2.9008386762682753e-07
1,1,0.23561514802162814,0.7643679885599794,1.68634183923592e-05
0,0,0.8599395375303391,0.14004386703757932,1.6595432081441826e-05
1,1,0.2120323249868432,0.7879558907391508,1.178427400585775e-05
1,0,0.5008876917505098,0.4991122766117238,3.1637766299942844e-08
1,1,0.0880099050089472,0.8526564858115339,0.059333609179518985
0,0,0.6864255192773281,0.31357436704643077,1.1367624105863692e-07
1,2,4.104518644839485e-05,0.4557974202939014,0.5441615345196502
1,1,0.08091607083868028,0.9190594233847947,2.4505776525035974e-05
0,1,0.14811985830412222,0.8518685901797185,1.1551516159504883e-05
1,0,0.5818296317726585,0.41817001051680125,3.577105402599676e-07
0,1,0.0819146613023072,0.9180751415144908,1.019718320214924e-05
2,2,5.893403261559763e-07,0.03315784458431801,0.9668415660753559
0,1,0.15004521619946345,0.8496572021987874,0.00029758160174900425
0,0,0.5464588098855705,0.4535406042148342,5.858995953630042e-07
0,0,0.7172570387607086,0.2827428869230605,7.431623104736966e-08
0,0,0.6059409071569437,0.3940590260926225,6.675043375917626e-08
0,0,0.8926342310276238,0.1073653342795408,4.346928353296026e-07
2,2,4.691959000142844e-06,0.15581225813627247,0.8441830499047274
1,1,0.1822787743312591,0.8173812623637577,0.0003399633049831697
1,1,0.10471905329308186,0.8951382471061058,0.0001426996008124098
1,1,0.19131203253802678,0.808681455987119,6.5114748542509e-06
0,0,0.7200417098030498,0.2799438048710092,1.448532594090549e-05
2,2,0.002205372439615571,0.23405889682720432,0.7637357307331801
0,0,0.6776698361803776,0.3223299876822302,1.7613739224037882e-07
1,1,0.46058387072794643,0.5394156095349069,5.197371466752874e-07
1,1,0.06334714714626058,0.9366333278336293,1.9525020110026353e-05
1,1,0.31480204825538255,0.6851875605039062,1.0391240711237334e-05
1,1,0.32951546647233787,0.6704838686252965,6.649023655536797e-07
0,0,0.756007748585999,0.24399208408076903,1.673332318453311e-07
1,1,0.3809748097400689,0.6189780041650716,4.718609485953618e-05
1,0,0.5699261782512649,0.43007373759135586,8.415737912956776e-08
0,0,0.8496729032860622,0.15032706109746413,3.5616473606203085e-08
0,1,0.4443085186599433,0.5556774952192177,1.3986120838875772e-05
1,1,0.16062302998841044,0.8393730476093237,3.922402265892985e-06
0,0,0.726354220063989,0.2736457402361958,3.9699815260829504e-08
1,1,0.4551315611376895,0.5448670726227509,1.3662395595850795e-06
1,1,0.12023921637864254,0.8796243258479423,0.00013645777341522402
1,1,0.30543660468317296,0.6945592851935558,4.110123271356163e-06
0,1,0.14464004240232076,0.8553016745500464,5.828304763288177e-05
1,0,0.528352907933987,0.4716466642097897,4.278562232993772e-07
1,1,0.33885698116129326,0.6611365487290333,6.470109673373898e-06
1,1,0.4019020041213389,0.5980974252894332,5.705892279693862e-07
0,1,0.31093009275872086,0.689047649247081,2.2257994198194888e-05
1,1,0.15055933346382241,0.8371275070601917,0.012313159475985937
1,1,0.03351903533736527,0.9661994040006885,0.00028156066194625056
1,1,0.07628123087492465,0.9236462425865496,7.252653852568794e-05
1,1,0.12822083921431449,0.8717656795173278,1.3481268357818852e-05
0,0,0.6971330869596781,0.30286675014205733,1.6289826441486346e-07
1,1,0.27390878438646027,0.7260877882694062,3.427344133562153e-06
1,1,0.2813398331341673,0.7186507584465767,9.408419256072176e-06
1,1,0.18631791440889975,0.8136746978587961,7.387732304142446e-06
0,0,0.8754808657135549,0.12451907175779234,6.252865275764023e-08
0,1,0.37041680128382315,0.6295808421421049,2.3565740718974925e-06
2,1,0.024969053968892565,0.9449124799156937,0.0301184661154137
0,0,0.9323493651119215,0.0676506306588507,4.229227846747249e-09
1,1,0.04078255979588502,0.9305738822219389,0.028643557982176073
0,0,0.7255359703591336,0.27446398810993106,4.1530935190423746e-08
2,2,0.0003864685848792976,0.0276997168579401,0.9719138145571806
1,1,0.07008166795526824,0.9298692927325826,4.903931214905798e-05
0,0,0.8379113917672667,0.16208837484952804,2.3338320523390497e-07
1,1,0.06370662057272541,0.9362727510989641,2.0628328310426517e-05
2,2,1.3022740869259159e-06,0.09888879289130853,0.9011099048346044
1,1,0.16643923504584804,0.8335489365303069,1.1828423845012016e-05
1,1,0.3436029474393324,0.6563950124242598,2.0401364077885057e-06
0,0,0.6937696471749472,0.3062303273221821,2.5502870727134304e-08
1,1,0.022854266890285812,0.9769772528407761,0.00016848026893802207
1,1,0.15060359358137215,0.8493917513127264,4.655105901639819e-06
0,1,0.3314214140854897,0.6685547563878287,2.3829526681611713e-05
1,1,0.07790774432820789,0.9220573353341779,3.492033761425844e-05
0,0,0.5747944903788147,0.4252012510317297,4.258589455714071e-06
0,0,0.775417758187478,0.22458211413960014,1.2767292184136546e-07
0,1,0.20032944661474464,0.7996627271437211,7.826241534130845e-06
1,0,0.6590834403726157,0.34091227461888,4.285008504290186e-06
1,1,0.15339099275286466,0.8439558536406219,0.00265315360651339
0,0,0.7551541377619532,0.24484576992165244,9.231639458950975e-08
1,1,0.06425003867416602,0.935715665794179,3.4295531655123866e-05
1,1,0.27855589666588,0.7214381858865407,5.9174475793284135e-06
0,0,0.6932592401994019,0.30674074730775946,1.2492838742512722e-08
1,1,0.31889419137627895,0.6811039275524969,1.8810712239787017e-06
0,0,0.9456989865024107,0.05430101214863917,1.3489502112939246e-09
1,1,0.4420720934637725,0.5579206217215873,7.2848146401434805e-06
1,0,0.5493801705182609,0.45061021939292867,9.610088810506556e-06
0,1,0.46857436995787055,0.5314243139492735,1.3160928561029976e-06
0,0,0.8691026490558671,0.1308973474814483,3.462684728703362e-09
0,0,0.9792609265907687,0.020739052709153587,2.0700077899957814e-08
1,1,0.05705418225589064,0.94293058199976,1.523574434942351e-05
0,0,0.9003950680533007,0.09960482521790322,1.0672879606992624e-07
0,1,0.3509922533281573,0.6490025749068246,5.171765018064982e-06
1,1,0.050791748934593706,0.887671271406759,0.06153697965864711
0,0,0.8776940145963933,0.12230589799269855,8.741090818328207e-08
0,0,0.5443536381410544,0.45564598208590484,3.797730405675971e-07
0,1,0.49835749929465334,0.5016400746248486,2.4260804980373395e-06
1,1,0.06658779594474382,0.9052332701763012,0.028178933878955
0,0,0.7607987184324505,0.23920122493937368,5.6628175909661566e-08
1,1,0.10013699335520093,0.8993289740985938,0.0005340325462053312
1,1,0.13499456924731965,0.8649932440354031,1.218671727738855e-05
1,1,0.018202086825582418,0.9817019557326015,9.595744181601051e-05
1,1,0.43564727419231447,0.5643522325481859,4.932594995427663e-07
1,1,0.1498364270011558,0.8501495521331783,1.4020865665903065e-05
1,1,0.15067160281623582,0.8493161378876348,1.2259296129166745e-05
0,0,0.9168875969270657,0.08310420070861559,8.202364318731318e-06
1,1,0.07746701051872062,0.8926076175262752,0.0299253719550041
1,1,0.0754144364421893,0.9013535111997887,0.023232052358022035
1,1,0.4457853180571455,0.5542135317353469,1.1502075075843994e-06
1,1,0.2588961094409384,0.7410932085150174,1.0682044044343897e-05
1,1,0.13501045210948806,0.8649609433551392,2.860453537264558e-05
1,1,0.2369731983244602,0.762996245051144,3.055662439572606e-05
1,1,0.11654673959685041,0.8832503792321653,0.00020288117098414034
1,1,0.3992019824871998,0.6007957211570207,2.296355779492036e-06
1,1,0.3929497668807843,0.607049576334836,6.567843794979736e-07
1,1,0.1284192901035358,0.8715744027780051,6.307118458973954e-06
1,1,0.10171040456615786,0.8982817322567521,7.86317708999847e-06
1,1,0.15552544941056765,0.8444543595283377,2.0191061094718823e-05
1,0,0.6990391925715779,0.3009602349754872,5.724529349284321e-07
1,1,0.23332664096490918,0.7666645002483724,8.858786718382526e-06
2,2,0.0006625189422134293,0.07841308597087494,0.9209243950869116
1,1,0.32219204671239615,0.6778072371640108,7.161235930948501e-07
1,1,0.03210160453308819,0.9632264733734828,0.004671922093429176
0,0,0.7860012406073096,0.21399821221497647,5.471777139720542e-07
1,1,0.08113825106292183,0.9188316259615796,3.0122975498493656e-05
1,1,0.14834645320695894,0.8514909633445988,0.00016258344844220722
1,1,1.2821342283201232e-06,0.5776914101500826,0.4223073077156891
1,0,0.6147618520128539,0.3852365807576168,1.5672295292587432e-06
1,1,0.22722132826178365,0.7727697911007365,8.880637479742724e-06
0,0,0.8228074342940705,0.17719246124154994,1.0446437950670507e-07
1,2,3.420033391668909e-05,0.28058477533072873,0.7193810243353546
0,0,0.6434572604863763,0.3565426330256658,1.0648795803424687e-07
2,2,4.623314312955602e-07,0.023675433093852526,0.9763241045747162
1,0,0.7223787777252264,0.2776207102259661,5.120488073888875e-07
0,0,0.9423349761304822,0.05766502312326103,7.462566413602233e-10
0,0,0.9352287550327484,0.06477124314036421,1.8268873011189008e-09
0,0,0.7513799116857182,0.24861966290604445,4.254082373985595e-07
1,1,0.03606209888515417,0.9638928429155815,4.5058199264470695e-05
0,0,0.6098879599914041,0.39011191784143634,1.2216715966959898e-07
1,1,0.02301239437274674,0.9767464851210501,0.00024112050620315334
0,1,0.3352496186705365,0.6647425273633975,7.853966066087579e-06
1,0,0.7568860193544441,0.2431127096907149,1.2709548408759132e-06
1,0,0.8502086885887208,0.14979128685770376,2.4553575525696397e-08
1,1,0.017391729605036106,0.9821915279000427,0.0004167424949213439
0,0,0.5223299545003415,0.4776699160219822,1.2947767640055868e-07
0,0,0.7563586751426509,0.24364123900886886,8.584848036976297e-08
2,2,1.3558615975852755e-10,0.0051482251311428685,0.9948517747332709
0,0,0.5400643176760827,0.45993529448593573,3.8783798165002165e-07
0,0,0.5468095974261008,0.4531768393607964,1.3563213102762603e-05
1,1,0.0645525329251484,0.9354208475805218,2.66194943297366e-05
1,0,0.5439324995704176,0.45605966141124027,7.839018342111998e-06
0,0,0.8516672819841166,0.1483326421289639,7.588691955261762e-08
1,1,0.3663043689761284,0.6336944723259208,1.158697950743433e-06
0,1,0.45836658043526207,0.5416296149762087,3.804588529243211e-06
0,0,0.6264872114222151,0.37350796452832236,4.824049462553678e-06
0,0,0.5728287197182582,0.4271710041517065,2.761300352759862e-07
0,0,0.6474508821435526,0.3525490199269747,9.792947262313937e-08
1,1,0.1426993094765627,0.8505375888439136,0.006763101679523797
1,0,0.5593005237793798,0.44068533756789585,1.4138652724421765e-05
1,1,0.03508567558816261,0.9635686378287335,0.001345686583103783
1,1,0.39683328370338816,0.6031355437757738,3.117252083796913e-05
1,0,0.6813863642362319,0.3186096625083183,3.973255449848708e-06
1,1,0.06043384040539287,0.9395060541552115,6.0105439395621594e-05
1,0,0.6898364685562528,0.3101631111937201,4.202500270491074e-07
1,1,0.2365240680885231,0.7634483898921549,2.754201932190263e-05
1,1,0.2413565194504108,0.7586420615732434,1.4189763457264385e-06
1,1,0.4187860452741088,0.5811940937549176,1.9860970973647615e-05
1,1,0.11344127811973834,0.8865021456260695,5.657625419214214e-05
0,0,0.6571563639905126,0.34284350361675686,1.3239273069495267e-07
0,1,0.48167285556977824,0.5183268995614274,2.44868794355137e-07
0,1,0.3981972923957371,0.6017374589341317,6.524867013116953e-05
1,0,0.6632678814336528,0.3367319166956378,2.018707093316373e-07
1,1,0.04898296475653683,0.9490975250011542,0.0019195102423089719
0,1,0.17547573906366654,0.8244716636323369,5.2597303996545654e-05
0,0,0.9294570638343392,0.070542933683124,2.482536835163828e-09
1,1,0.3411539433388527,0.6587319952128696,0.00011406144827772956
1,0,0.6864257217677027,0.31357417211388305,1.0611841418624953e-07
1,1,0.05286525105783431,0.9470563779695236,7.837097264218581e-05
0,1,0.2726644882071782,0.7273339637079058,1.5480849160429623e-06
0,1,0.30941786516530156,0.6905739396073591,8.195227339261469e-06
1,1,0.0535354498093302,0.9464435741209649,2.0976069704874736e-05
2,2,1.3185804133607966e-08,0.0022630785289625174,0.9977369082852333
0,1,0.36610901158132403,0.6338781074850274,1.2880933648679145e-05
1,1,0.4022528876456625,0.5977443262335657,2.7861207716859357e-06
1,0,0.6295093729687893,0.37047703919826047,1.3587832950255342e-05
1,1,0.370545881342522,0.6294375336328363,1.658502464167937e-05
0,0,0.6566100534407912,0.3433897842990765,1.622601323325057e-07
2,2,1.4896110679138538e-06,0.049012108498506145,0.9509864018904258
1,0,0.6875369260792631,0.3124616562701822,1.417650554720439e-06
1,1,0.10609484983613783,0.8938990024562458,6.147707616437619e-06
1,1,0.044344606277974256,0.9492065793760438,0.006448814345981894
2,2,0.00013588537812390367,0.036917318577339285,0.9629467960445369
0,1,0.21754304284467318,0.7823917318760021,6.52252793247099e-05
1,1,0.1301722739424394,0.8698152336998453,1.2492357715458098e-05
0,1,0.383798267318197,0.6162007410761108,9.916056922976515e-07
1,1,0.019345468791008177,0.9804670161872675,0.0001875150217243255
1,1,0.4719374229248361,0.527958096999088,0.00010448007607580772
1,0,0.6732553292864907,0.3267436758451761,9.948683332227703e-07
1,1,4.1990945808160654e-07,0.9999995211821623,5.8908379764593724e-08
1,1,0.441927074859585,0.558070853340393,2.071800022164745e-06
1,1,0.31502860665587873,0.6849676615299224,3.731814198804398e-06
1,1,0.34836959986437066,0.6516284857401231,1.9143955062804664e-06
0,1,0.3109393975160641,0.6889039569041229,0.00015664557981296296
1,1,0.1012786380952091,0.8984957580686239,0.0002256038361670926
1,1,0.10664125202962049,0.8933310892821854,2.7658688194085356e-05
2,2,9.588502766784942e-10,0.005787088572527797,0.994212910468622
0,0,0.8002515932245515,0.19974838464141553,2.2134033002835164e-08
1,1,0.04824865916303919,0.938020132310089,0.013731208526871848
1,1,0.22656441246872408,0.7734329751993936,2.612331882426954e-06
1,1,0.4567313001072114,0.5432680730090225,6.268837661790962e-07
2,2,0.002261373173216634,0.10133671627829481,0.8964019105484885
1,1,0.1391528759126286,0.8608266917151386,2.0432372232921397e-05
0,0,0.9459373482911729,0.05406255639861796,9.53102090979695e-08
0,0,0.8645738183802286,0.13542617782101327,3.798758078039968e-09
0,0,0.5008401707177562,0.4991594625227123,3.667595314951186e-07
1,1,0.020040577465161923,0.9798872712392097,7.215129562834341e-05
0,1,0.1286884083029916,0.8712650612981466,4.6530398861740765e-05
1,1,0.0676440106630794,0.9197850240211355,0.012570965315785197
1,1,0.07952227981672194,0.9204626169498823,1.5103233395680935e-05
1,1,0.09201488785675963,0.9079219959732697,6.311616997062983e-05
0,1,0.2068153560404325,0.79318224180718,2.4021523875410137e-06
1,1,0.030146428186963888,0.9698161478951504,3.7423917885632895e-05
1,1,0.18864865601333053,0.8113498911618203,1.452824849227407e-06
1,1,0.42589254757068845,0.5741069062381831,5.461911285036606e-07
0,1,0.3886704561301158,0.6113292125646002,3.3130528405043246e-07
1,0,0.8749396301374405,0.1250603293320033,4.053055607624257e-08
1,1,0.19157387540113932,0.8084166620566285,9.462542232062275e-06
0,0,0.6931979569954534,0.30680193515410215,1.0785044455045431e-07
0,0,0.5103759617504358,0.4896235213191875,5.169303766429055e-07
0,0,0.6261626245317923,0.3738308445712515,6.530896956203849e-06
0,0,0.8841534853525618,0.11584542540974625,1.0892376918770411e-06
1,1,0.33969604528450326,0.6603030849218195,8.697936770377069e-07
1,1,0.01671578443784085,0.7798667639428751,0.203417451619284
1,1,0.20251642271834144,0.7971885334703672,0.00029504381129128636
1,0,0.5017449946241714,0.49824197919940544,1.3026176423068847e-05
0,0,0.7500233538619588,0.2499766086253241,3.7512717055463955e-08
1,0,0.721541280060129,0.27845827901052805,4.4092934285623984e-07
1,1,0.3331744294263474,0.6668182328490498,7.337724602653363e-06
0,1,0.4804684613103864,0.5195306160140284,9.22675585150658e-07
2,2,2.66237262271579e-09,0.014555775420904969,0.9854442219167224
1,1,0.20062450561506273,0.7993407266914085,3.476769352889998e-05
0,0,0.6670415643167578,0.33295563208736634,2.8035958758560523e-06
1,1,0.3455759968083482,0.6544211293724751,2.8738191767264006e-06
1,1,0.04462350836848231,0.8046234735099675,0.15075301812155018
0,1,0.29559790867996005,0.7043606294331982,4.146188684172248e-05
0,1,0.47022067081899,0.5297750267287271,4.3024522829674355e-06
1,1,0.045321965114479196,0.9545412041998559,0.00013683068566479705
1,1,0.1613942756411565,0.8384778569356602,0.00012786742318337475
1,1,0.2935621412327386,0.7063527567769963,8.510199026520156e-05
0,1,0.1933783382735648,0.8066131244298033,8.537296631965012e-06
0,0,0.6147278482605539,0.3852648276219008,7.324117545156228e-06
1,0,0.6971267566304492,0.3028731108782175,1.324913333591288e-07
2,2,4.054597866973359e-08,0.01101108031012511,0.9889888791438961
1,1,0.17619895115662615,0.823116602289923,0.0006844465534509356
1,1,0.27875435422838246,0.721226129540105,1.951623151249909e-05
2,2,5.402549308219955e-07,0.33513901967005744,0.6648604400750118
2,2,1.6225771702441186e-06,0.0721327726230885,0.9278656047997412
1,1,0.34477322854464754,0.6552128406535364,1.3930801816127656e-05
1,1,0.15674373454568238,0.8431132316765365,0.00014303377778122163
0,1,0.2749699526167188,0.725013563266182,1.6484117099246156e-05
0,0,0.9296959014755142,0.07030409271764874,5.806836994265526e-09
1,1,0.03364220934636465,0.8881958270955245,0.07816196355811095
1,1,0.29478676316712343,0.705199157403878,1.4079428998741104e-05
1,1,0.02477154737581719,0.9751527590426874,7.569358149554697e-05
1,1,0.417613555244109,0.5823842731071059,2.171648785087064e-06
2,2,7.86344961761448e-06,0.31788253015725765,0.6821096063931248
1,1,0.1914616271919537,0.8082727297174274,0.00026564309061910605
0,0,0.8796901007275799,0.12030988033218343,1.89402368043407e-08
1,1,0.2961142072793347,0.7036134029600217,0.0002723897606435362
1,1,0.08369668555339553,0.9157710530853834,0.0005322613612209942
0,1,0.16306425450636702,0.8368067057632066,0.00012903973042631086
1,1,0.052444378843435537,0.9017440986722086,0.04581152248435566
0,0,0.7523931965068301,0.24760674479543635,5.869773357823247e-08
0,0,0.5172644117102463,0.48273516903286684,4.192568868665235e-07
1,0,0.5801709627739777,0.4198287741802681,2.6304575414785163e-07
2,2,2.1805337519963444e-08,0.004682449296551348,0.9953175288981112
0,0,0.9486418652184766,0.0513531271172822,5.007664241222612e-06
1,1,0.13827152717417804,0.8617233850218762,5.087803945765173e-06
0,0,0.5652334086082076,0.4347664513237394,1.4006805287407107e-07
1,0,0.5312234167864739,0.4687755659901773,1.0172233488307735e-06
1,0,0.6381710939292379,0.3618249731467953,3.932923966825039e-06
1,1,0.012298875884263127,0.7902941451440387,0.19740697897169818
1,1,0.11943503044513513,0.880495248773353,6.972078151187407e-05
0,0,0.6412587933188004,0.3587407576772606,4.4900393896526493e-07
0,0,0.656712624748706,0.3432872360787689,1.3917252514998536e-07
1,1,0.3157843181299344,0.6841223146849406,9.33671851250183e-05
1,1,0.2223106338472638,0.7775803446876476,0.0001090214650885326
1,1,0.29980334759877386,0.700091115932513,0.00010553646871311089
1,1,0.05253607265559908,0.9473038049761605,0.00016012236824031087
1,1,0.18816758033448258,0.8118146456077039,1.7774057813666275e-05
1,0,0.519808058716854,0.4797706416972579,0.0004212995858879828
0,0,0.7787833199584618,0.22121665101031285,2.903122526291165e-08
1,1,0.23846285796239353,0.7615149115096506,2.223052795588083e-05
2,2,0.01029099981256759,0.47583115121818575,0.5138778489692467
1,1,0.4643502618824873,0.5356113668753041,3.837124220863227e-05
0,0,0.8689829463935196,0.1310170081262796,4.5480200718338155e-08
0,0,0.8367487198646553,0.16325127708076842,3.05457622315882e-09
1,1,0.025239166954736676,0.8278002521680251,0.14696058087723815
0,1,0.4833795530663803,0.5166181374598078,2.3094738118595767e-06
1,1,0.03524215507956932,0.9646862350559205,7.160986451009792e-05
1,1,0.19985654514526024,0.8001394448460768,4.010008662903139e-06
0,0,0.7917722562215135,0.20822405397513524,3.689803351160259e-06
1,1,0.10350628900723023,0.8849408933860333,0.011552817606736467
1,0,0.8650979639005371,0.13490198071849638,5.5380966466508194e-08
1,0,0.7937153437597729,0.20628464637667118,9.863555907806006e-09
0,1,0.4638041359748952,0.5361952608210536,6.032040512194148e-07
1,1,0.10156998487537372,0.8984233437198861,6.67140474017894e-06
0,0,0.9568222346756797,0.04317754508378908,2.2024053127743917e-07
1,0,0.536361332970478,0.46363831273534045,3.5429418158689505e-07
1,1,0.053460216612502894,0.946519723481953,2.005990554413262e-05
1,1,0.4141814138534114,0.585817690911434,8.952351545301111e-07
0,0,0.7582250524789893,0.24176692354621926,8.023974791504788e-06
1,1,0.11744017057730678,0.8825457197443959,1.4109678297334643e-05
1,0,0.608766432078362,0.3912334790269529,8.889468512943326e-08
1,1,0.10977758216602075,0.8901550815040661,6.73363299130732e-05
1,1,0.4221271601862993,0.577872088172121,7.516415797305912e-07
0,0,0.5643984242907748,0.4355997270612525,1.84864797272336e-06
1,1,0.02979983455892836,0.8433309645734788,0.12686920086759285
0,0,0.9837873844608123,0.016212602671124364,1.2868063263134466e-08
0,0,0.8702677933479892,0.12973220047523243,6.176778317124345e-09
0,1,0.30362341062600273,0.6961791869465578,0.0001974024274395922
0,0,0.9407338885184205,0.05926583074727432,2.807343049388652e-07
1,1,0.0706071227793171,0.9068777659516397,0.022515111269043202
0,1,0.24295654594467705,0.7570273604374943,1.609361782867115e-05
0,0,0.6104161287947956,0.3895817111392687,2.160065935703755e-06
1,1,0.2238380756717569,0.7761581961706154,3.728157627590149e-06
1,1,0.21612434536015857,0.7838509917136928,2.466292614872547e-05
1,1,0.18752038484351338,0.8124287409868723,5.087416961421152e-05
1,1,0.10964560150734136,0.8903424215673905,1.1976925268170439e-05
0,1,0.30037548279130033,0.6996209813161708,3.53589252888375e-06
1,1,0.13522810654576417,0.8647637992376092,8.094216626619441e-06
1,1,0.27149616250639325,0.7285021979923441,1.639501262745138e-06
2,2,1.932163281038755e-06,0.06202409078909932,0.9379739770476198
0,0,0.7185586779997277,0.2814412328280034,8.91722688978324e-08
1,1,0.4993269535217207,0.5006698452124061,3.201265873160102e-06
1,1,0.05970727944627879,0.9396180188787274,0.0006747016749936548
1,1,0.05016586765346442,0.9497774081578697,5.6724188665829386e-05
0,0,0.7438229813004921,0.2561766574472534,3.6125225468709365e-07
1,1,0.029029274135706648,0.9707095670715662,0.0002611587927272744
1,1,0.1716111990229812,0.828158768039397,0.00023003293762179766
1,1,0.15245492816114373,0.8475403938948946,4.677943961660269e-06
0,0,0.7161393602428862,0.28386051676431423,1.22992799552869e-07
1,1,0.08201627967486959,0.9179038175042333,7.990282089712792e-05
1,1,0.18857331402165783,0.8114254744186398,1.2115597023466771e-06
0,0,0.5412891986229845,0.4587104775084133,3.23868602135458e-07
2,2,7.962302038188996e-08,0.11038297640462376,0.8896169439723558
0,0,0.5316200094723704,0.4683756374286157,4.353099013807e-06
1,1,0.2643657129596531,0.7355194466391451,0.00011484040120173417
0,0,0.568112807825388,0.4318870159394043,1.762352076428604e-07
0,0,0.9999958189403924,3.5786661002762284e-06,6.023935072376544e-07
1,1,0.12413286334936101,0.8758320707501654,3.5065900473416796e-05
0,1,0.10328047823405935,0.8965393140142501,0.00018020775169056205
0,0,0.572339142465101,0.4276602159053075,6.416295913793932e-07
0,0,0.999991546516241,6.437243371589991e-06,2.016240387289296e-06
1,1,0.03867120527951662,0.6854643254707129,0.2758644692497705
0,1,0.03940982918141922,0.958228256035699,0.0023619147828817925
0,0,0.8684797395194122,0.1315186603409248,1.600139663111993e-06
1,1,0.34239996201991557,0.657592377347396,7.6606326883255e-06
1,1,0.2242533922828513,0.7757292427786181,1.736493853052143e-05
1,1,0.31787461472730133,0.6821142476530079,1.1137619690850634e-05
1,1,0.07614762714275132,0.9238169153043793,3.545755286944986e-05
0,1,0.22598757454560894,0.7740094765080215,2.9489463694131876e-06
0,1,0.3067491141240458,0.6931161573938375,0.00013472848211679525
1,1,0.03305668542970198,0.966910649684013,3.2664886285135306e-05
1,0,0.554059573744161,0.44594019391064726,2.3234519156956564e-07
1,1,0.4627788988685,0.5372201326651395,9.684663605520021e-07
1,1,0.33705450474895016,0.662938181669591,7.3135814589507725e-06
0,1,0.4075571771263144,0.5922885807808193,0.00015424209286632438
1,1,0.14173697035365276,0.8581208359612759,0.00014219368507129858
0,1,0.244103888070226,0.7558744851036163,2.1626826157640484e-05
0,0,0.7099014754927353,0.2900984598401935,6.466707122106799e-08
1,1,0.16743716180500628,0.8325609349126208,1.903282372988048e-06
0,0,0.6940977727490188,0.3059021668289095,6.042207165844899e-08
1,1,0.37900530886888145,0.6209939254326583,7.656984603516794e-07
1,1,0.2047368716067631,0.7947684438536639,0.0004946845395729879
1,0,0.6976577276774668,0.30234211593526494,1.5638726831966815e-07
1,2,4.409001003616923e-05,0.4634131893804281,0.5365427206095358
0,0,0.6705840314303205,0.32941576454783766,2.0402184169969996e-07
0,0,0.5867080767622603,0.41328520177518824,6.7214625514542554e-06
1,1,0.27064371638380247,0.7293525537943687,3.7298218287563634e-06
0,0,0.5172656977635086,0.48273164530142826,2.656935063087393e-06
0,0,0.6763254998906701,0.32367438969939244,1.1040993735226899e-07
0,1,0.4922500043206492,0.5077493993005826,5.963787681983641e-07
1,2,1.2002818706550414e-07,0.017799404489590314,0.9822004754822227
2,2,2.564444114442682e-09,0.0003904976368420224,0.9996094997987139
0,0,0.9711863009122237,0.028813372387329398,3.267004467161967e-07
0,1,0.4243563201451478,0.5756373172689304,6.36258592180812e-06
1,1,0.16674394528108583,0.8332520324306105,4.022288303691243e-06
1,1,0.3751644016160112,0.6248314078946912,4.1904892976922804e-06
1,1,0.12525195338932307,0.8747420031496785,6.04346099836976e-06
0,0,0.64583909207913,0.35416043917810236,4.6874276758611586e-07
1,1,0.04145258217818599,0.9013732638619162,0.057174153959897805
1,1,0.3018556124553123,0.6979090238698392,0.00023536367484855005
1,0,0.6727618013034344,0.3272381653576983,3.333886736772488e-08
1,1,0.09815118440028472,0.8899949562282917,0.011853859371423586
0,0,0.8936093579294893,0.10639060027137075,4.17991399624102e-08
0,1,0.4460308500792986,0.5539470233632869,2.212655741455611e-05
1,1,0.11012598417557404,0.8868866299740743,0.0029873858503516016
1,1,0.037703421061195466,0.9621392554064099,0.00015732353239459958
0,1,0.3475974002525382,0.652400170185887,2.429561574848158e-06
1,1,0.39828772019347913,0.6017098695553256,2.410251195315037e-06
0,1,0.091042102415947,0.9089160115761804,4.1886007872596447e-05
1,0,0.9039784062029986,0.09602158704021832,6.756783060128137e-09
1,1,0.38059078922492573,0.6192909830592449,0.00011822771582932957
1,1,0.04169164475839584,0.9582478731093577,6.048213224642089e-05
2,2,2.5950790808417143e-08,0.04291185849201021,0.957088115557199
1,0,0.9140731724574,0.08592681976070438,7.781895493468047e-09
0,0,0.9058508950315227,0.09414910408823984,8.802373882188698e-10
1,0,0.8093292068848112,0.19067060944047381,1.8367471503729294e-07
0,0,0.8230841539314513,0.17691584519944883,8.690998101886439e-10
1,1,0.14891557670468375,0.8510790066916828,5.416603633440476e-06
0,0,0.6601531024761059,0.33984675425478594,1.4326910815957024e-07
0,1,0.4911290389101703,0.5088693848422235,1.5762476060932549e-06
1,1,0.02062327928204892,0.8142063225959959,0.16517039812195505
0,0,0.6082281298768759,0.3917618791908485,9.990932275676441e-06
0,0,0.607275187414372,0.3927236287118637,1.1838737641745156e-06
0,1,0.406661374560852,0.5933381979271247,4.275120232937977e-07
1,0,0.5662673729019556,0.43373160814862005,1.0189494243343934e-06
0,0,0.9398588786376063,0.06014110998426882,1.1378124877067436e-08
0,0,0.7037251601448595,0.29627481394634464,2.590879588562585e-08
0,1,0.3905532757154528,0.6094452785189383,1.4457656090514486e-06
0,0,0.8969219256228566,0.10307807328241404,1.0947293929220922e-09
2,2,2.9256952110997744e-06,0.059738831729433534,0.9402582425753554
1,1,0.13308326797402478,0.8669075240157463,9.208010228775887e-06
0,1,0.2395537718780147,0.7604451690553302,1.0590666550060694e-06
1,0,0.752565704248903,0.24743303321500687,1.2625360902073819e-06
1,1,0.03584152121535275,0.8735028123581852,0.09065566642646221
1,1,0.11316829423153224,0.8851412452710133,0.0016904604974542884
0,0,0.7561774810640967,0.2438224220077822,9.692812121221096e-08
1,1,0.2552736284113558,0.744671800250771,5.457133787332829e-05
0,0,0.638089308705378,0.36191054810968243,1.4318493957834294e-07
1,1,0.2402140448161749,0.7597757494982169,1.0205685608274038e-05
0,0,0.5724685237126762,0.42752844974698595,3.026540337699988e-06
1,1,0.4925645756364683,0.5073991228230735,3.630154045829439e-05
0,0,0.8320308865293596,0.16796900210704735,1.1136359290262837e-07
1,1,0.2505577933340149,0.7493898021483683,5.2404517616923466e-05
1,0,0.7277361072606657,0.2722638785573828,1.4181951261778057e-08
0,0,0.946860237143815,0.05313968577670904,7.707947607354392e-08
1,0,0.8842903199031376,0.11570967068224464,9.414617904065203e-09
1,0,0.6011678374062572,0.3988319949092963,1.6768444662122147e-07
0,0,0.6347519070729402,0.365247859180938,2.3374612187749648e-07
0,1,0.34023897707307077,0.65975243183843,8.591088499270701e-06
1,1,0.3722907524509268,0.6276783007409791,3.09468080941494e-05
0,0,0.7814911130924639,0.21850807621557133,8.106919647466089e-07
1,1,0.04094066290507774,0.9586950890599466,0.0003642480349756434
1,1,0.01717530712003599,0.9826385650252595,0.00018612785470440847
2,2,8.159129167812256e-07,0.036150065152761396,0.9638491189343219
2,2,6.060967778350209e-07,0.02429576013936944,0.9757036337638526
0,0,0.8366753005816537,0.16332469807900937,1.3393369525771328e-09
0,0,0.7760254285705258,0.2239741798695832,3.9155989101510966e-07
1,1,0.07651594261764426,0.923466607236381,1.745014597472088e-05
1,0,0.7822883045838399,0.2177110520908672,6.433252928831233e-07
0,0,0.7256718579904812,0.274328004778761,1.372307578431484e-07
0,0,0.96093215932372,0.03906771592104552,1.2475523444097632e-07
1,1,0.08639748738152912,0.9135593877753975,4.312484307335471e-05
1,1,0.19429985041223544,0.8054072669996247,0.00029288258813983296
1,1,0.09888731988215171,0.8981992678665343,0.002913412251314156
1,1,0.48886602723752176,0.5111316328438137,2.3399186645286347e-06
0,0,0.7670662326319109,0.23293290583848525,8.615296038610147e-07
1,1,0.4584282433515201,0.541571209623981,5.470244988915059e-07
0,0,0.9239342810221229,0.07606544712922167,2.7184865527101405e-07
1,1,0.0693374553661441,0.9289909935620562,0.0016715510717997255
0,0,0.6500403816940767,0.3499591898261584,4.2847976470403565e-07
1,0,0.720741684024868,0.2792265961335796,3.1719841552295344e-05
0,0,0.8186332244477569,0.18136662473976867,1.508124744698674e-07
1,1,0.05944282593210057,0.9405306820473197,2.6492020579662804e-05
0,0,0.6158246505722805,0.38417475623657776,5.931911417735424e-07
1,1,0.34816050843909524,0.6518389766850637,5.148758409599309e-07
1,1,0.17623018942124086,0.8236376907487007,0.00013211983005844677
0,0,0.5756292400847335,0.42437071363115647,4.628411004825683e-08
1,1,0.10475606296195321,0.893336426628782,0.0019075104092648979
0,1,0.24318020934595758,0.7566308990885043,0.0001888915655379193
1,1,0.007835109827955534,0.7098340021445607,0.2823308880274839
1,1,0.2495074571399499,0.7504856564354944,6.8864245557458964e-06
0,0,0.965706587432067,0.034293406130868065,6.437064921176606e-09
0,1,0.14734344572315486,0.8526541098049086,2.444471936551444e-06
0,0,0.5378536696941618,0.4620800491169352,6.628118890296555e-05
0,1,0.3449822415787117,0.6550061211126186,1.1637308669698836e-05
0,1,0.43468384973133684,0.5653160697682407,8.050042239045332e-08
1,1,0.2211815200054319,0.7787739308739452,4.454912062300996e-05
0,0,0.8403823785453639,0.1596174665789615,1.5487567459864578e-07
0,1,0.25068913860367437,0.7483093986945477,0.001001462701777809
1,1,0.10871482119453621,0.8791256886187865,0.012159490186677448
1,1,0.10061649292944087,0.8993526289362418,3.0878134317443064e-05
1,1,0.07111397320606545,0.9288509045944627,3.5122199471905675e-05
0,1,0.30265688549600145,0.6973354970059219,7.61749807663674e-06
1,1,0.03800995956121484,0.9037878061386935,0.05820223430009158
0,0,0.7354918874132047,0.26450719908118403,9.135056114178004e-07
1,1,0.15271349209035698,0.846513232117981,0.0007732757916620378
1,1,0.18038572747737264,0.8195948556249326,1.941689769474275e-05
1,0,0.5255907428223952,0.47440916762675706,8.955084779882728e-08
1,1,0.018622784965011383,0.9812270933552967,0.00015012167969201062
1,1,0.42889479385007206,0.5710309389767767,7.426717315112846e-05
0,0,0.8090416603588855,0.19095797879038207,3.6085073238337914e-07
1,1,0.21604368187179832,0.7839486648476384,7.653280563331737e-06
1,1,0.028275334881940246,0.9716491294582268,7.553565983298434e-05
1,1,0.04575970339297438,0.9540855766345525,0.00015471997247302685
0,0,0.7556104364205956,0.24438953980899858,2.3770405871268076e-08
1,1,0.4684618570794285,0.5315378297464995,3.131740719088319e-07
1,1,0.039034227294842565,0.912484647825919,0.04848112487923843
0,0,0.8147889437531625,0.18521103437673028,2.1870107183233847e-08
1,1,0.15463234118084995,0.8452893259926961,7.833282645384904e-05
0,0,0.7208121254868403,0.27918601468565646,1.8598275033197351e-06
1,1,0.045823971291371814,0.8767988928824567,0.07737713582617155
0,0,0.599652816366349,0.40034684221758665,3.4141606421572803e-07
0,1,0.11055732323026936,0.8894372036129469,5.4731567838256394e-06
0,0,0.6206430289527034,0.37933535012101544,2.1620926281092887e-05
0,0,0.8490322477862366,0.15087107559382137,9.667661994183897e-05
0,0,0.9009212768417334,0.09907868720099383,3.5957272905020985e-08
0,0,0.6868659782460687,0.3131338983270519,1.23426879524289e-07
1,1,0.39076277382303604,0.6092361545315838,1.0716453802385115e-06
1,1,0.16722587105877124,0.8327234220967832,5.070684444551624e-05
1,0,0.6708955615015554,0.3291035798391516,8.586592929302476e-07
0,0,0.9725963897856688,0.02740359473556897,1.547876223019719e-08
0,0,0.859127356413176,0.14087257817696835,6.54098557202839e-08
1,1,0.25891886756168014,0.7410513417615177,2.9790676802157626e-05
1,1,0.04341021618349087,0.9276335533191906,0.02895623049731863
1,1,0.16288262995097058,0.8334886371374074,0.0036287329116219172
0,0,0.7889785836482178,0.21102124983763726,1.6651414488286826e-07
0,0,0.9328550008539657,0.06714484574858787,1.5339744648334872e-07
0,0,0.9091487296307232,0.09085126324550094,7.123775859090043e-09
0,0,0.5654006207922094,0.43459846119871165,9.180090788823736e-07
1,1,0.025312572448459705,0.9635005698718295,0.011186857679710813
1,1,0.16671634085575374,0.8332351827544641,4.8476389782357075e-05
0,0,0.5439481525792143,0.45604977484499226,2.072575793446343e-06
0,0,0.818558999254358,0.18143759064580242,3.4100998395448867e-06
1,1,0.10019399867940978,0.8248686925054634,0.07493730881512678
0,1,0.39555920359072355,0.6044309000328597,9.896376416814529e-06
0,0,0.9321661581097972,0.06783362857644411,2.1331375859378108e-07
1,1,0.37116596083483305,0.6288316258218767,2.413343290215799e-06
1,1,0.19341268683253823,0.8065817947784232,5.518389038587942e-06
1,1,0.011628335390807057,0.9881109521363519,0.00026071247284107946
1,1,0.3683733858372854,0.6316253058259454,1.3083367690767299e-06
1,1,0.13966163820919422,0.8603143659904289,2.3995800376859227e-05
1,0,0.7385619175397733,0.2614374318026707,6.506575561460537e-07
1,1,0.023412657184422408,0.9763944669369125,0.000192875878665177
0,0,0.8371282253232603,0.16287169778204222,7.689469754796416e-08
0,1,0.4164726447803928,0.5835081920454661,1.9163174141083514e-05
1,1,0.25264654343562637,0.7473333604009286,2.0096163445042875e-05
1,1,0.2841202283599007,0.7158722414537472,7.5301863521560505e-06
0,0,0.7523254328533375,0.24767368739168824,8.797549742592895e-07
1,1,0.13721001284223602,0.8627770001178555,1.298703990839811e-05
1,1,0.06199337030050268,0.9167108172784512,0.021295812421046063
1,1,0.23366076470197522,0.7662371055308259,0.00010212976719901277
1,0,0.5498491077106825,0.4501502620600156,6.302293017662171e-07
0,0,0.972730037529301,0.02726994424423583,1.8226463199160623e-08
1,1,0.2248225295635972,0.7751747648152081,2.7056211946379014e-06
1,1,0.3210028339140265,0.6789952867044015,1.8793815720988774e-06
1,1,0.2611970250919676,0.7387949969589165,7.977949115845997e-06
0,0,0.7317569989167239,0.26824294457407266,5.6509203588477426e-08
1,1,0.05046382485037576,0.9493305454481777,0.0002056297014464393
0,0,0.767305514399261,0.23269443391144604,5.1689293123351844e-08
1,0,0.7946694006738056,0.2053305898355264,9.49066802471802e-09
1,1,0.26206494840006983,0.7374380263664874,0.0004970252334428203
1,1,0.14448724381425773,0.8554901052142562,2.265097148617683e-05
1,1,0.22308972774144778,0.7608633419744274,0.016046930284124752
1,1,0.21422024541252757,0.785765506574178,1.4248013294518101e-05
0,0,0.870914125660553,0.12908577604910806,9.829033885580982e-08
0,0,0.8735334299285064,0.12646634792955136,2.221419423470148e-07
1,0,0.6726103785814848,0.32738927142847835,3.4999003687045865e-07
0,1,0.27333298280327756,0.7266565797051175,1.0437491604833332e-05
0,0,0.8690547330294955,0.13094523489916163,3.207134277474822e-08
0,0,0.6150260849687864,0.3849737989748441,1.1605636966704798e-07
0,1,0.15541532817884215,0.8353026093130187,0.009282062508139267
1,1,0.39425146605659583,0.6057455163099438,3.0176334605069454e-06
1,1,0.029908891096547464,0.9700451809924715,4.5927910981038295e-05
0,1,0.17281777893648048,0.8271741270863833,8.093977136381203e-06
1,1,0.09004895862917703,0.9019042193773824,0.00804682199344068
0,1,0.16849291611868425,0.8314989314860537,8.152395261937375e-06
1,1,0.442143018194464,0.557848329301419,8.652504117002648e-06
0,0,0.6167861784694899,0.38321364908844824,1.72442061731343e-07
0,1,0.4963864111972072,0.5036127578780366,8.309247562130037e-07
0,0,0.9175618445511747,0.0824381378523791,1.7596446098867437e-08
1,1,0.10000088980093427,0.8999742631691456,2.4847029920160175e-05
0,0,0.9814618395812557,0.01853815437037275,6.048371497063622e-09
1,1,0.08374792888273283,0.9160143868667655,0.00023768425050149896
0,0,0.8158371998672447,0.18416270148701627,9.864573914834811e-08
0,0,0.6915949545193175,0.3084029572163309,2.0882643515426944e-06
0,0,0.7232947536300471,0.27670467623436495,5.701355877903153e-07
1,1,0.16114513050106186,0.8386743606284389,0.00018050887049921038
0,1,0.3930015405422621,0.6069967042441771,1.755213560952632e-06
2,2,2.053772469738994e-06,0.13142306657906427,0.8685748796484659
1,0,0.8250832829559824,0.17491667676698447,4.027703320166427e-08
0,1,0.01653721660950347,0.6722535855356676,0.31120919785482887
0,0,0.6822883938155642,0.31771035121905694,1.254965378937207e-06
0,1,0.31821288174909385,0.6817842876799448,2.830570961344305e-06
1,1,0.18196792836011602,0.8149678833822003,0.003064188257683526
0,0,0.7280981501745236,0.2719018336442736,1.6181202763411664e-08
0,0,0.8646668341667904,0.1353309708378189,2.1949953906642675e-06
1,1,0.033726011403745974,0.964730929656856,0.0015430589393980903
0,0,0.528108811970297,0.4718910203274487,1.6770225431747946e-07
1,1,0.10314721828137625,0.8963966074893747,0.0004561742292491316
1,1,0.2707399275158321,0.7292567949687455,3.2775154223998226e-06
1,1,0.1441552555008973,0.8552727326516325,0.0005720118474701335
1,1,0.08790222365355388,0.9118692469267563,0.0002285294196896832
0,1,0.4981770956001542,0.5018204684434207,2.435956425081115e-06
2,2,0.0004223015980772925,0.03698619572142477,0.9625915026804979
0,0,0.6689373992877472,0.3310607239542652,1.8767579875278668e-06
2,2,0.0003485749614665551,0.03723609102595468,0.9624153340125787
1,1,0.11596554732762408,0.8840169225115593,1.7530160816728583e-05
1,1,0.35101409366845987,0.6489845858182749,1.3205132652346068e-06
1,0,0.7353487349718613,0.2646512368434429,2.8184695939265097e-08
0,0,0.5347721272010025,0.46521113485003274,1.673794896479138e-05
1,1,0.03073595225107934,0.7777490836455426,0.19151496410337804
1,1,0.2249159241800483,0.7750578906727179,2.618514723379242e-05
0,0,0.950028979724811,0.049971005244814876,1.5030374123873436e-08
0,0,0.7071342690404752,0.2928641913301668,1.5396293580638678e-06
0,1,0.4073692740496549,0.5926296623621423,1.0635882028005002e-06
1,1,0.055004522858882104,0.9443920872988039,0.0006033898423140954
0,1,0.3240054384137677,0.6759942937817621,2.678044701861497e-07
1,1,0.4261966821805552,0.5737407401549319,6.257766451300064e-05
0,0,0.6323551736318508,0.3676410281644379,3.798203711309709e-06
1,1,0.24019096736602277,0.7591205350434392,0.0006884975905380353
0,0,0.7838310072473457,0.21616852338458414,4.693680701321042e-07
0,0,0.9866012405308882,0.013398757552858529,1.916253267137226e-09
1,2,3.613419579265992e-07,0.013237150330048453,0.9867624883279935
1,1,0.11719855673580953,0.7924628782715505,0.09033856499263987
0,0,0.8129913133534711,0.18700867657754847,1.0068980313677973e-08
0,0,0.9497698998251308,0.050230026082192555,7.409267650612298e-08
1,1,0.018090638538633557,0.9816693706380716,0.00023999082329492595
1,0,0.6195926662352974,0.38040623776011656,1.0960045859165e-06
0,1,0.12065058836523547,0.8793430502401294,6.361394635218486e-06
1,1,0.25745014404808453,0.7425452673977937,4.588554121760606e-06
1,1,0.2519970609931105,0.7479814577245578,2.1481282331670327e-05
1,1,0.28870190307764027,0.7112966526357569,1.444286602943029e-06
1,1,0.09438708501198356,0.9055082615126702,0.00010465347534633333
1,1,0.4369930125446268,0.5630062514193178,7.360360554327444e-07
1,1,0.4968900757917988,0.5031097859710378,1.382371634764015e-07
1,1,0.11941676753815066,0.8805519119462121,3.1320515637261586e-05
0,1,0.49039884718387955,0.5096010908412725,6.19748479584494e-08
1,1,0.1643777156153008,0.8356198759395579,2.4084451413212142e-06
1,1,0.22959487926378463,0.7703999495451683,5.171191046988904e-06
0,0,0.5634390870703141,0.4365604159698933,4.969597926823457e-07
0,1,0.3715064800235707,0.6284903820842493,3.137892180006433e-06
1,1,0.1125807184787902,0.8870492591910578,0.00037002233015192876
0,1,0.048150015675390866,0.9518297831149177,2.0201209691301488e-05
1,1,0.31185875901685683,0.6881385538628855,2.687120257709103e-06
1,1,0.4276890410172226,0.5723101059493519,8.530334255084037e-07
1,1,0.26779378246205493,0.7321806895638432,2.5527974101804984e-05
1,1,0.2560832883286722,0.74391182327439,4.888396937811871e-06
1,0,0.6334932090013277,0.3665064586460588,3.323526135247195e-07
0,0,0.851139761058815,0.14886020226199692,3.667918828937992e-08
1,0,0.5027352742191998,0.4972586342418393,6.091538960843556e-06
1,1,0.19243768897168673,0.8075536928605136,8.618167799882951e-06
0,0,0.886435355247724,0.11356078439785934,3.860354416795864e-06
1,0,0.6015661895212826,0.3984336866215114,1.2385720611414574e-07
0,0,0.736502771654189,0.2634961220686446,1.1062771663491307e-06
1,1,0.47078302454981175,0.5292166957622928,2.796878955277641e-07
0,1,0.31487730468412084,0.6851210257676013,1.6695482778674866e-06
1,1,0.14671109964852785,0.8532884226530207,4.776984513779783e-07
1,1,0.16966981680115134,0.8303198556221693,1.032757667944247e-05
1,1,0.0911962795957755,0.9087893795865674,1.4340817657184447e-05
0,0,0.7621979332301437,0.2378020165616795,5.020817668276466e-08
0,1,0.38662983857717,0.6133655832135287,4.578209301286222e-06
1,0,0.9285334488158382,0.07145843878977617,8.11239438568758e-06
1,1,0.2773100563533105,0.7226838370584507,6.106588238708019e-06
0,0,0.7097975724540679,0.2902022870315787,1.4051435327533314e-07
1,1,0.14650165364621454,0.8526137950576157,0.0008845512961697892
1,1,0.13220653591550888,0.8677844393024541,9.024782037048121e-06
1,1,0.033403927513860496,0.9665378110008258,5.826148531348294e-05
1,1,0.05215404778462637,0.9477356883617317,0.00011026385364190481
0,0,0.7872540471698269,0.21274534176776097,6.110624122486226e-07
1,1,0.3170950022038088,0.6828910864872519,1.3911308939215763e-05
1,1,0.2200840318091755,0.7799084975090037,7.4706818208397315e-06
1,1,0.06080892038803817,0.9391357495414538,5.533007050803354e-05
0,0,0.789719120308329,0.2102807567433973,1.2294827365627722e-07
1,1,0.1590571071499895,0.8409378196274938,5.073222516693907e-06
0,1,0.23172399890626083,0.7682727944071326,3.2066866066252675e-06
1,0,0.64093506415125,0.3590636916015649,1.2442471849776689e-06
1,0,0.920233883209697,0.07976594927275714,1.675175459488924e-07
1,0,0.8885614197079906,0.11143844278617548,1.3750583394811076e-07
1,1,0.2606402482707024,0.739196510652795,0.000163241076502535
0,1,0.08779375283157374,0.9121644673687354,4.1779799691007154e-05
1,0,0.6372238780454071,0.3627748280508515,1.2939037413928049e-06
1,1,0.05632372884661897,0.9436591806316199,1.7090521761150145e-05
1,0,0.6939786668494112,0.30601898683644607,2.346314142755602e-06
1,1,0.29645654155853607,0.7035272291184215,1.622932304242381e-05
1,1,0.06061278614249703,0.9393727951724274,1.4418685075540435e-05
0,0,0.7176904706558327,0.28230934394185897,1.8540230839779165e-07
0,0,0.5624235319156412,0.4375764273094647,4.0774894090244345e-08
0,0,0.6759482895457477,0.32405167187870104,3.857555129427392e-08
0,0,0.5806044292472364,0.41939168154381784,3.8892089457236225e-06
2,2,0.00013158695150557843,0.019696146327303946,0.9801722667211905
1,1,0.31015890714732586,0.6898390207027133,2.072149960717231e-06
1,1,0.2513271486348983,0.7486671621377178,5.689227384079258e-06
1,1,0.02248539020641923,0.9770067020663917,0.0005079077271889583
0,0,0.7918056979421403,0.20819427992042083,2.2137438771748562e-08
1,1,0.05906538472900742,0.8779982016388801,0.06293641363211255
0,0,0.8681586490690437,0.131841326910623,2.4020333366704263e-08
1,1,0.12992826293167242,0.8700664212182997,5.3158500280011085e-06
1,1,0.08552127864804626,0.9144525204070626,2.620094489122145e-05
0,1,0.4806973188123967,0.5193021435393487,5.376482546608877e-07
2,2,0.0006547283645615366,0.05320807277447662,0.9461371988609618
1,1,0.013775194149537694,0.9860958557573897,0.00012895009307263672
0,1,0.3868670076626803,0.6131152660908944,1.7726246425496436e-05
1,1,0.08460741759789953,0.9151225089340149,0.000270073468085741
1,1,0.06317822426034107,0.9171687751995553,0.01965300054010379
1,1,0.2688914026964942,0.7311073342066353,1.263096870553389e-06
1,0,0.5203266355318977,0.4796732065123492,1.5795575304200687e-07
0,0,0.6506338287124831,0.34936452512306126,1.6461644556332415e-06
0,0,0.7664620760200267,0.23353759453915934,3.2944081392343283e-07
1,1,0.3320282997976281,0.6679704124991359,1.2877032359500605e-06
0,1,0.0975587229886808,0.9021578239965883,0.00028345301473092506
1,1,0.19836153187293026,0.8015947654806042,4.370264646556072e-05
2,1,2.1653394392889526e-05,0.529450098600425,0.4705282480051821
2,2,4.64336716734776e-08,0.009228936667740066,0.9907710168985882
0,1,0.05598680934356721,0.9221100118154553,0.02190317884097753
1,1,0.4430038119720707,0.556990427876794,5.760151135223275e-06
1,1,0.3582877760862211,0.6416453941564776,6.682975730128778e-05
1,1,0.07582802207672956,0.924126394238423,4.558368484739098e-05
1,1,0.048166855389407355,0.9300966743435809,0.021736470267011712
0,0,0.8210944204595565,0.1789055625056131,1.7034830332662676e-08
2,2,0.000861173441186038,0.07984317646793322,0.9192956500908808
1,1,0.38951881664601834,0.6104507978584715,3.0385495510285806e-05
1,1,0.28026943549221073,0.7196869917504344,4.3572757354979826e-05
1,1,0.1283012843859683,0.8701933094964757,0.0015054061175560312
0,0,0.7485587083193105,0.25144126666713024,2.5013559165441062e-08
1,2,3.974739556946799e-06,0.11305106300701907,0.886944962253424
0,0,0.8671452278173605,0.13285471460141043,5.758122925345521e-08
0,0,0.8671776748633372,0.13282231895905114,6.177611704510542e-09
1,1,0.05118078199425883,0.9487722523604539,4.696564528711332e-05
1,1,0.09591889861282063,0.904011973189407,6.912819777239062e-05
0,0,0.9121903008858537,0.08780952452602918,1.7458811704308883e-07
1,1,0.10259342713094094,0.8971366706597069,0.00026990220935206507
0,0,0.7874749706830922,0.21232250175261091,0.00020252756429670724
0,1,0.24363093215115203,0.7563642768219576,4.7910268903956324e-06
1,1,0.09502795508850138,0.9049098154984166,6.222941308206755e-05
1,1,0.12552673123403943,0.8731397345659713,0.0013335341999894058
0,1,0.19942812348183236,0.8005675311408461,4.34537732154282e-06
0,0,0.6499617729269468,0.3500334664735169,4.760599536363736e-06
1,1,0.29219277523729664,0.7078069400803895,2.846823137263229e-07
0,0,0.6029004535133148,0.3970993116567314,2.3482995371650475e-07
1,1,0.313229552955179,0.6804408956096728,0.00632955143514822
1,1,0.267857617342877,0.7321407696548782,1.6130022449377103e-06
0,0,0.8155241764448709,0.18447551497862225,3.08576506792261e-07
1,1,0.49308837233929864,0.506910708969033,9.186916682520282e-07
2,2,8.795704725269257e-05,0.45433064108785676,0.5455814018648906
1,1,0.32351298309846527,0.6764830971470935,3.919754441197285e-06
1,1,0.17470307352771094,0.8250761843432185,0.00022074212907068254
1,1,0.49120746970912527,0.5087922735527877,2.567380870256067e-07
2,2,8.131744611227269e-05,0.39263724373350256,0.6072814388203851
1,1,0.019692065384171155,0.9764370020239058,0.003870932591923121
0,1,0.45510891113784585,0.5448886215507281,2.4673114259470264e-06
1,1,0.11079465444959068,0.889150987225825,5.4358324584335006e-05
1,1,0.10338769724702836,0.8877145659339001,0.008897736819071543
1,0,0.5495892568704867,0.4504067652658311,3.977863682327899e-06
1,1,0.17975209662765673,0.8202352336163548,1.2669755988497999e-05
0,0,0.9150299636874432,0.08496973909600068,2.9721655623746035e-07
0,1,0.48166267095740223,0.518335282833021,2.0462095768060683e-06
1,1,0.04046649213253927,0.9303529677105193,0.029180540156941465
0,0,0.6698718666407709,0.33012243402899955,5.699330229572995e-06
1,1,0.020229670590832954,0.979514814299799,0.0002555151093679002
2,2,0.0020875930580821394,0.4503532258079487,0.5475591811339692
0,0,0.8556329860087432,0.14436696881082878,4.518042791644299e-08
0,0,0.7931970429651337,0.2068026858138981,2.71220968155569e-07
1,1,0.03711910582064797,0.962780272159612,0.00010062201974000282
0,0,0.5304181695074953,0.46958170324770937,1.272447953597649e-07
1,1,0.18593347112177508,0.8140402350656863,2.6293812538458362e-05
0,1,0.32822345491378957,0.6717718163122977,4.7287739127965885e-06
1,1,0.372528183576574,0.6274575093950692,1.4307028356832841e-05
0,0,0.6833312875424189,0.3166685937489702,1.1870861086072641e-07
1,1,0.11165598693691955,0.8883025097246872,4.150333839329355e-05
1,1,0.20587410361098094,0.7941186139517397,7.282437279399902e-06
0,0,0.5240651479873201,0.4759343871122129,4.6490046695245714e-07
2,2,1.1306998132415595e-08,0.0016628064659198994,0.9983371822270819
1,0,0.9241807852709795,0.07581889557918733,3.191498331978685e-07
0,0,0.6571777081920145,0.34282214399171607,1.4781626950091753e-07
0,0,0.9035257260322578,0.09647427172687155,2.2408705931906803e-09
1,0,0.5518964592305257,0.44810329626528733,2.4450418704909397e-07
0,0,0.5851796554669221,0.414801339317522,1.9005215555990875e-05
1,0,0.5728788208183654,0.4271193465050625,1.8326765720729981e-06
0,0,0.829241227905974,0.17075874584861378,2.6245412291375516e-08
0,0,0.6529871327228515,0.34701259539159407,2.7188555447570477e-07
0,1,0.15755500807644834,0.8423302860553178,0.00011470586823386032
0,0,0.5346303569708735,0.4653691908942438,4.5213488278867326e-07
1,0,0.7799120137326274,0.22008764186352106,3.4440385138983636e-07
1,1,0.09438513315913527,0.9053797067355758,0.0002351601052889908
0,0,0.7425600705515996,0.25743987748389363,5.196450689700416e-08
1,1,0.18170575665196387,0.8168636183334436,0.001430625014592408
1,1,0.32954145710801275,0.6704039554677568,5.458742423030461e-05
1,2,0.00755734804959537,0.3931332121761569,0.5993094397742478
0,0,0.9532000800670116,0.04679985209469521,6.783829317868902e-08
1,1,0.01751128215862386,0.9804728189710701,0.002015898870306074
1,0,0.6623997615743047,0.3375833376336675,1.6900792027955893e-05
1,1,0.22113108892540262,0.7785234846445459,0.00034542643005145405
1,1,0.11821518556323467,0.8620125704711209,0.019772243965644358
0,0,0.5363210544922907,0.4636788743406847,7.116702464256307e-08
1,1,0.21022986070997451,0.7897201846996417,4.9954590383712515e-05
1,1,0.03567632041302042,0.9642060986363673,0.00011758095061210972
0,1,0.49800235034545176,0.5019974200186901,2.2963585826898857e-07
0,1,0.2549488174171653,0.7450495848312441,1.5977515906680442e-06
0,1,0.4556343433954718,0.544365271484743,3.851197850598582e-07
0,0,0.694257097792204,0.30574284214185243,6.006594346597047e-08
1,2,0.00892353310804361,0.38686378141683925,0.6042126854751171
1,1,0.014447616561132814,0.985188236848911,0.00036414658995617303
0,0,0.8251551758104497,0.1748445431163972,2.8107315321301123e-07
1,0,0.9309518820122935,0.06904810801015643,9.97754987169048e-09
1,1,0.36026257833766606,0.6397088089550231,2.861270731068285e-05
0,0,0.9257202345046767,0.0742793963711389,3.6912418441980075e-07
0,0,0.5621052913522262,0.4378925345955111,2.1740522628691633e-06
1,1,0.1700722145905033,0.8291103023373991,0.000817483072097644
0,1,0.36525339834246895,0.6347412618295576,5.33982797338926e-06
0,1,0.34552015865916325,0.6544544147216885,2.5426619148220906e-05
0,0,0.8314707061664929,0.1685289775654355,3.162680715231746e-07
0,0,0.9083243623441885,0.09167277574843016,2.861907381284329e-06
0,0,0.9701772645569787,0.029822726160432102,9.282589213612191e-09
1,1,0.08960778132139557,0.9103415651462646,5.065353233960749e-05
0,0,0.9217528548897052,0.07824687099887442,2.7411142053011835e-07
1,1,0.02656703380802607,0.9732637048457448,0.00016926134622917402
0,0,0.6988282443349797,0.30117171370055806,4.1964462210633615e-08
2,2,1.3195474149507464e-09,0.009005366258682757,0.9909946324217699
1,1,0.4028977025699496,0.5971016404330212,6.569970293484759e-07
1,1,0.2352059627249617,0.76478051224319,1.3525031848335321e-05
0,0,0.622864349464471,0.3771351860512513,4.64484277761788e-07
1,1,0.2968264648967722,0.7031699901300108,3.5449732169871167e-06
1,1,0.29416832856203273,0.7058210238765686,1.0647561398617616e-05
2,2,9.792901946726887e-11,0.0010581908309869417,0.998941809071084
1,1,0.24526837582878303,0.7546915613829316,4.006278828535429e-05
0,0,0.8287030668879312,0.17129691611336195,1.69987068704556e-08
0,1,0.2832075013852636,0.7167919930158951,5.055988413042059e-07
1,1,0.2707391004608107,0.7292461932015453,1.470633764408116e-05
0,1,0.40415615514725434,0.5958422775615556,1.5672911902015657e-06
1,1,0.31677711111582735,0.6832211679251495,1.7209590231483883e-06
1,1,0.09992121380325161,0.9000046144860269,7.417171072139949e-05
1,1,0.4922900955897616,0.5077074531969346,2.4512133038456108e-06
2,2,6.244318892542943e-08,0.004325959352274842,0.9956739782045363
2,2,3.396918671543512e-07,0.01476763424024363,0.9852320260678892
1,0,0.8816727164790562,0.11832724866073077,3.486021314192691e-08
1,1,0.11095439683929419,0.8890292727329789,1.6330427726761932e-05
0,0,0.9999988693605764,1.1067155103238106e-06,2.3923913313261092e-08
1,0,0.7707271696074385,0.2292728164098532,1.3982708253579076e-08
0,0,0.5717484200940248,0.42825118134067297,3.9856530214004875e-07
1,1,0.02717523097280526,0.9726556742997303,0.0001690947274644331
0,1,0.4248430561810983,0.5751524561587078,4.487660193911739e-06
0,1,0.4084952309132283,0.5915034302257338,1.338861038010044e-06
1,1,0.155352401464595,0.8444782274618181,0.0001693710735869199
1,1,0.03673715355623538,0.888991854808885,0.07427099163487966
0,1,0.22653001391887814,0.7726935316848599,0.0007764543962621685
1,0,0.9328510191780173,0.06714852929218405,4.5152979861844965e-07
0,1,0.43838702830334014,0.5616120003137994,9.71382860496643e-07
1,1,0.01572992613675529,0.9642443658302643,0.02002570803298041
1,1,0.018728425281598883,0.9810844855998619,0.00018708911853919328
0,0,0.7924485786059122,0.2075507684155189,6.529785688469029e-07
0,0,0.7906174414380956,0.20938250637540698,5.2186497326210776e-08
1,1,0.13442446475578054,0.8582971977527973,0.007278337491422157
1,1,0.158482943476013,0.8414161649678616,0.00010089155612530532
1,1,0.4661474954398846,0.5338301396603194,2.236489979581141e-05
1,1,0.2362581282982545,0.7637230016583223,1.887004342324195e-05
1,1,0.10964126463280335,0.8903295639040633,2.9171463133277486e-05
1,1,0.20481849232508256,0.7951480319300053,3.3475744912272816e-05
0,0,0.721923450639383,0.27807449502944437,2.054331172600953e-06
1,1,0.04566040651441417,0.9524474756135245,0.0018921178720612611
0,0,0.9187078611310293,0.0812921368132561,2.05571477169735e-09
1,1,0.10867049748674533,0.8912566735806775,7.282893257713258e-05
1,1,0.0822769980185411,0.9177077360515641,1.5265929894810252e-05
0,0,0.5567655155394026,0.4432341767527254,3.0770787196106105e-07
0,0,0.6527642152916943,0.3472355794079834,2.0530032240378526e-07
1,1,0.07690652358185149,0.9230011593989855,9.231701916298476e-05
1,1,0.22053591391582203,0.779438124821894,2.5961262283889107e-05
0,0,0.5345232949364577,0.4654752718249076,1.4332386347191427e-06
1,1,0.27377075609153745,0.726218927278163,1.0316630299547053e-05
1,1,0.10184138047146284,0.898146287957503,1.2331571034122996e-05
0,0,0.6149372904785446,0.38506270460829733,4.913158107553576e-09
0,0,0.6696301051763883,0.33036965617301634,2.386505952813006e-07
1,1,0.07352386917244529,0.9264294583531943,4.667247436048678e-05
1,1,0.12479743136244668,0.8751851497282758,1.741890927753851e-05
1,1,0.16838981654322802,0.8315955841056363,1.4599351135637955e-05
0,0,0.6282950622794475,0.37170410884665656,8.288738958980452e-07
1,1,0.12375637730804481,0.838056705901728,0.038186916790227114
1,1,0.1577273803542636,0.8420809403302952,0.00019167931544110124
0,0,0.6770791073147931,0.32292086873690035,2.3948306569850936e-08
1,1,0.2253657766790392,0.7746221961899867,1.2027130974100096e-05
0,0,0.8166318122777175,0.18336800394849484,1.8377378756034836e-07
0,1,0.262333164710514,0.7375940340013597,7.280128812633493e-05
1,1,0.28997335934795776,0.7100229008910285,3.7397610137027825e-06
1,1,0.11026415312470363,0.8791756445705329,0.01056020230476349
0,1,0.3695388504312359,0.6304258409552026,3.530861356157281e-05
1,1,0.2290907514433185,0.7704013377447152,0.0005079108119662561
1,1,0.061942644991654534,0.9380072349376076,5.01200707377168e-05
1,1,0.2000320609727518,0.7989564426041811,0.001011496423067025
1,1,0.11409678409573616,0.8856655694948682,0.0002376464093957131
1,0,0.5028936512648867,0.49710538661788883,9.621172245430414e-07
0,0,0.7050532099664218,0.29494676415144866,2.5882129513283935e-08
1,1,0.23606033904924045,0.7639383541702606,1.306780498879024e-06
1,1,0.2327361323491794,0.7672604023781748,3.465272645879504e-06
1,1,0.18988758372220566,0.8101026659930577,9.750284736773874e-06
0,0,0.5163618427944667,0.483638015063369,1.4214216425939562e-07
0,0,0.7404511200867631,0.2595465003234106,2.379589826377986e-06
1,1,0.0378535861730325,0.9618970659738246,0.00024934785314286047
1,1,0.12174603796864077,0.8782398709414589,1.4091089900081182e-05
1,1,0.2644000375214459,0.7355736629748716,2.6299503682448363e-05
0,0,0.8059913392540224,0.1940082099437386,4.5080223898861425e-07
1,0,0.5137222000836036,0.4862716333512179,6.166565178550061e-06
1,1,0.14851945093023572,0.8514698974412249,1.0651628539288091e-05
1,1,0.19482571774845242,0.8051690175297956,5.264721752012424e-06
1,1,0.033129193185877884,0.9312856883929413,0.03558511842118075
1,1,0.09788468943545878,0.9005411786610307,0.0015741319035106123
1,1,0.10927828729809357,0.89067783534725,4.387735465639342e-05
1,1,0.0855791282198899,0.9088173883915539,0.005603483388556374
1,0,0.6790901406361954,0.32090983480994206,2.4553862360816135e-08
1,1,0.0960600740469449,0.8997901478681554,0.0041497780848996
0,1,0.31690828219736383,0.6830907564430935,9.613595427828198e-07
0,0,0.9999816989614926,1.8297263977579797e-05,3.774529988120882e-09
1,1,0.1516549876116164,0.8482915632338189,5.344915456469383e-05
1,1,0.03955446145891334,0.9595078112993919,0.0009377272416947471
1,1,0.12461318790910035,0.8710052411573632,0.004381570933536522
0,1,0.4447539463038378,0.5552265701903226,1.9483505839642254e-05
0,0,0.7424655002083304,0.2575317885619436,2.7112297261900264e-06
1,1,0.20122040747308917,0.7987741482045679,5.444322342836949e-06
1,1,0.043135885462396814,0.7609435762108735,0.19592053832672968
0,0,0.9060368815259972,0.09395526748247766,7.850991525064718e-06
1,1,0.4933099162502467,0.5066874646219116,2.619127841698935e-06
0,0,0.814408099969092,0.18559155607783068,3.439530773357509e-07
0,0,0.6377205831914418,0.3622792634828719,1.5332568633808145e-07
1,1,0.03613064073612065,0.9638260498207255,4.330944315387337e-05
2,2,0.0009738403545115926,0.12159167026018834,0.8774344893853
1,1,0.33480518122095904,0.6651906365910815,4.182187959636304e-06
0,0,0.5282283177891802,0.4717714119380155,2.702728043599748e-07
0,0,0.8032172407896886,0.19678263708716137,1.2212314987116992e-07
0,0,0.5250770896502578,0.47492123889019267,1.6714595495172243e-06
1,1,0.023422257361331363,0.9763251223841563,0.0002526202545124798
1,1,0.2319480432864707,0.7680443103565334,7.646356995917226e-06
1,1,0.4142295886421495,0.5857700713927333,3.399651171250787e-07
0,0,0.7103740103810607,0.2896258617873916,1.2783154760617574e-07
1,1,0.05159390774902516,0.9483802481189739,2.584413200085572e-05
0,0,0.8312805655769593,0.16871929408197356,1.4034106718599115e-07
0,0,0.9403282050499967,0.059671793122056074,1.827947443636826e-09
1,2,0.009287365277202447,0.4258430898648125,0.564869544857985
1,1,0.07512240501426767,0.923643302612543,0.0012342923731892732
1,1,0.45224155735917104,0.5477558835559401,2.559084888937418e-06
2,2,2.5307781111920913e-05,0.3749679718961926,0.6250067203226954
1,1,0.43367143854968276,0.5663281389276358,4.2252268149159647e-07
1,0,0.8637088303158899,0.136290928038017,2.4164609301592243e-07
0,1,0.4431759655145327,0.5568221738221611,1.860663306223579e-06
0,1,0.2790921885277632,0.7208996721652858,8.139306950992108e-06
1,1,0.30459473890101724,0.6954040498620712,1.2112369115236475e-06
0,0,0.5045706069781554,0.49534019291402237,8.920010782234719e-05
1,1,0.18235845964449174,0.8176197443957208,2.179595978739761e-05
1,0,0.6630438867406168,0.33695597432536245,1.3893402085909664e-07
1,1,0.048767258740401526,0.9511710393750381,6.170188456038436e-05
1,0,0.7092054630701744,0.2907945288599682,8.069857485959906e-09
1,1,0.04617816896287607,0.9045279676709844,0.049293863366139515
2,2,9.2760320105863e-05,0.01743246491357578,0.9824747747663183
1,1,0.1254238709404297,0.8745680580167631,8.071042807197768e-06
1,1,0.03259262753577579,0.8930886429285153,0.0743187295357089
1,1,0.1330032641830529,0.8669735042259362,2.3231591010996722e-05
1,1,0.04744851659114088,0.9522530512613339,0.0002984321475254175
0,1,0.04026605253337737,0.9587836986641354,0.0009502488024872634
0,1,0.3200263025997111,0.6798005533845417,0.0001731440157471502
1,0,0.6311080004639397,0.3688907699868499,1.2295492103802753e-06
0,0,0.7655229852391793,0.23447698005790898,3.470291180657031e-08
1,1,0.05332787793289554,0.9466134141565727,5.870791053160325e-05
1,1,0.036786863340939564,0.9631750147177006,3.812194135983931e-05
0,0,0.845086061169973,0.1549137647859919,1.7404403522876651e-07
1,1,0.01324790724668498,0.5047215630310306,0.4820305297222845
0,0,0.8555143748527566,0.14448544265780913,1.824894341740168e-07
0,0,0.6148022097793313,0.3851976028595194,1.87361149282709e-07
0,1,0.2862917791193814,0.7137011666520111,7.054228607457557e-06
1,1,0.30912656898216734,0.690647020536042,0.00022641048179063814
1,0,0.5330316446625241,0.4669682134985856,1.418388903849052e-07
1,1,0.20327610885251327,0.7967070783218633,1.6812825623415352e-05
0,0,0.8972117157715901,0.10278518281248188,3.101415928005334e-06
0,0,0.8184523163821987,0.18154767501973562,8.598065705503272e-09
1,1,0.3471902078669239,0.6528008410446371,8.951088439065292e-06
0,0,0.8066678201072709,0.1933318132864022,3.6660632697671045e-07
1,1,0.47633465747386383,0.5236650723681889,2.7015794716522547e-07
0,0,0.9999231368143183,7.537466737265428e-05,1.4885183089285253e-06
1,1,0.06278726033407829,0.9371741686794507,3.857098647101462e-05
0,0,0.7312783756849861,0.26872160676464807,1.7550365857037672e-08
1,1,0.22198592826816796,0.7778042255425904,0.00020984618924160331
0,0,0.9759462715472198,0.024053675404060865,5.3048719278657025e-08
1,1,0.15318190446049104,0.8467145585560005,0.00010353698350844087
1,1,0.05653827053058714,0.94343734864916,2.438082025293328e-05
1,0,0.5791407546134785,0.42085919945477834,4.593174326396557e-08
0,0,0.6227803770550646,0.3772195372022961,8.574263916588823e-08
1,2,6.216418508479212e-07,0.38403983717956924,0.6159595411785799
1,1,0.24384587441149735,0.756123727412991,3.0398175511609054e-05
0,1,0.2791808213694102,0.7208106886747329,8.489955856970931e-06
0,0,0.9000594976061369,0.0998669863959535,7.35159979095104e-05
0,0,0.9486986427729571,0.05130134604748041,1.1179562603243962e-08
0,1,0.2743762547687081,0.7255983594463171,2.538578497476071e-05
0,1,0.038324288448619154,0.9616429277546314,3.2783796749502496e-05
1,1,0.3340600661584376,0.665934950882424,4.98295913843311e-06
1,1,0.2600954603438896,0.7398727425634838,3.179709262667783e-05
1,1,0.0964435568954673,0.9035510310331106,5.412071422191161e-06
0,1,0.05421209029703961,0.9456925377770651,9.537192589527364e-05
0,0,0.5638891646614016,0.4361108166854928,1.8653105668226008e-08
1,1,0.11515414593905782,0.8814301647752488,0.0034156892856933127
0,1,0.20370708517181166,0.7962886489174905,4.265910698032679e-06
0,0,0.6596526128008292,0.3403473461587551,4.104041564238349e-08
1,0,0.556315244725715,0.4436756770608151,9.078213469825147e-06
1,1,6.097156697838194e-05,0.6736082302613494,0.32633079817167226
0,0,0.6527298873974744,0.34726999832840383,1.1427412187233461e-07
0,1,0.3656910184396128,0.634307425207352,1.5563530352399158e-06
0,0,0.8114511867642482,0.18854830109376763,5.121419841586593e-07
1,1,0.07307435993673086,0.9268701921959531,5.5447867315950795e-05
1,1,0.03739392531872375,0.9625396942184237,6.638046285244565e-05
1,1,0.4755111355301839,0.5244865524917206,2.311978095409213e-06
0,1,0.0762437807416032,0.9237494186666926,6.800591704104388e-06
2,2,3.300140485335687e-07,0.022446330907741733,0.9775533390782097
2,2,2.0705724745795205e-06,0.14232785023179628,0.8576700791957291
1,0,0.5823345988298817,0.4176646674322502,7.337378680095251e-07
1,1,0.3910185582822444,0.6089805748392265,8.668785289621907e-07
0,0,0.7624202377975522,0.23757969417396751,6.802848026677534e-08
0,0,0.9150520813646222,0.08494784420468679,7.443069082368856e-08
1,1,0.3684728080748788,0.6315250450130716,2.146912049549472e-06
2,1,0.01846812839279698,0.5612199188439015,0.4203119527633015
1,1,0.10816743608064032,0.8864206950519226,0.005411868867437252
1,1,0.10700393688253242,0.8929595656136708,3.649750379684331e-05
1,1,0.05401753900504829,0.7813131186469658,0.16466934234798578
2,2,2.1666830324510572e-07,0.03448945492565389,0.9655103284060429
1,1,0.0621867237497784,0.925393530091668,0.012419746158553633
0,1,0.47744661300081515,0.5224625606537525,9.082634543232166e-05
0,0,0.6499828410145312,0.350016646376291,5.126091776735769e-07
0,0,0.7525121018803852,0.24748788486217532,1.3257439475080238e-08
0,0,0.8309256591107648,0.16907433211613612,8.773099156237327e-09
1,1,0.21045930362097076,0.7890273709000953,0.0005133254789339484
1,1,0.022600969860457044,0.9734606674191683,0.003938362720374725
1,1,0.43124868030585506,0.5687507776202495,5.420738954670259e-07
1,1,0.21935801905793265,0.780631150746035,1.083019603248492e-05
1,1,0.17839702335962052,0.8215429052178562,6.007142252335001e-05
1,1,1.3426396546814909e-06,0.607023313805023,0.3929753435553224
1,0,0.5614539284841006,0.4385407450213212,5.3264945783031e-06
1,1,0.35904665246998535,0.6409487339176461,4.613612368458053e-06
1,1,0.2709404592122562,0.7290577509102864,1.7898774574361566e-06
0,0,0.7416198123791792,0.25838007564052745,1.1198029344194012e-07
0,1,0.4136765791752551,0.5863184353559856,4.985468759288144e-06
1,0,0.9603963346609594,0.039603622325743985,4.301329651672062e-08
0,0,0.9483480202974895,0.051651958724416726,2.0978093768742957e-08
0,0,0.8331222108728827,0.16687772540538803,6.372172928481896e-08
1,1,0.13587566557423475,0.8640822573481683,4.2077077596860724e-05
1,1,0.13376402188724051,0.8601118322323684,0.00612414588039111
0,0,0.8400157911293477,0.15998414858981377,6.028083851474374e-08
0,0,0.5845073105394264,0.41549106375242995,1.6257081437639119e-06
1,0,0.5740884663413088,0.42591143135867204,1.0230001914478006e-07
1,1,0.19587235432914146,0.8040276375986067,0.00010000807225173099
1,1,0.17114701195374668,0.828846765423949,6.222622304426823e-06
0,0,0.853512818123668,0.14648688709558755,2.947807445712269e-07
1,1,0.24190668736619664,0.7580888261953838,4.486438419601722e-06
1,0,0.5463921752357882,0.45360757994143847,2.448227733955001e-07
0,1,0.48100871321739413,0.518990972848647,3.1393395879489835e-07
1,1,0.2060057099359578,0.7877657962550335,0.0062284938090087375
2,2,1.7791515705634322e-08,0.001618083983326651,0.9983818982251577
1,0,0.9024434514694005,0.09755654109379183,7.4368076161991525e-09
0,1,0.17898405278810484,0.820991037568289,2.4909643606267864e-05
2,1,1.8112906731756307e-05,0.5111322567308099,0.48884963036245843
1,1,0.46994555482012457,0.5300519069193894,2.5382604859838127e-06
1,1,0.40019323265321444,0.5998062533797247,5.13967060900134e-07
0,0,0.6303235952494215,0.36967625065905685,1.5409152172327364e-07
1,1,0.1280727148099046,0.8719072142970941,2.0070893001244354e-05
1,1,0.04277519309144743,0.9571648343940306,5.9972514521984244e-05
1,1,0.45224836221424636,0.5477507066207674,9.31164986263589e-07
1,1,0.10935400542787312,0.8904599025166325,0.0001860920554944781
0,0,0.9386326556701697,0.06136734049867844,3.831151741947515e-09
1,1,0.3811586595098247,0.6187041958551115,0.00013714463506389217
0,0,0.7551201191266932,0.24487787405505834,2.0068182484416783e-06
2,1,0.038731132111854034,0.8796779790456528,0.08159088884249312
0,0,0.6164972585300211,0.3835019524668202,7.890031587274819e-07
1,1,0.113983421478801,0.881680284536842,0.004336293984356944
0,0,0.5979833400192596,0.4020139435087033,2.71647203728654e-06
1,0,0.521549716606533,0.4784492330690788,1.05032438807211e-06
0,0,0.7756436701532161,0.2243563180910143,1.1755769630254856e-08
1,1,0.09920366550202428,0.9002721484001911,0.0005241860977847119
1,1,0.15073158292697664,0.8492492805418644,1.913653115902258e-05
0,0,0.94274195983837,0.05725803488736858,5.274261569663264e-09
1,1,0.15453324720614658,0.8454343559147695,3.2396879083893285e-05
0,0,0.96887441654479,0.03112541342729508,1.7002791503127452e-07
1,0,0.5158157000530076,0.4841839289324352,3.710145571608125e-07
0,0,0.7562090010070127,0.24379089019222544,1.0880076181844467e-07
1,1,0.2617754010377133,0.7378281280593003,0.0003964709029862467
0,1,0.47907644844327485,0.5209208306681778,2.7208885473115444e-06
0,0,0.8853635725229633,0.11463631284120059,1.1463583622809423e-07
0,0,0.9238599711515139,0.0761400115776296,1.7270856442744218e-08
1,1,0.3984234341096478,0.6015720387976076,4.527092744670923e-06
1,0,0.6820106303422953,0.3179893623744915,7.28321327251784e-09
1,1,0.030476181935010612,0.969357861441248,0.00016595662374146035
0,0,0.7428413304303105,0.257153473751825,5.195817864545747e-06
1,1,0.1988621338382909,0.8011291998642489,8.666297460113708e-06
0,0,0.7731527329594182,0.22684723509348237,3.1947099473831346e-08
0,0,0.7476388748676606,0.252360234147679,8.909846602411361e-07
0,1,0.15766481901050033,0.8423055179363587,2.966305314093504e-05
1,1,0.06534685856047263,0.9346326664740219,2.047496550545691e-05
1,1,0.34950975489493863,0.6504895624119741,6.826930870787074e-07
0,1,0.1502323215374844,0.8490126143362178,0.0007550641262978591
1,0,0.7312090803657981,0.2687907451802256,1.7445397614114052e-07
1,1,0.31982980273336314,0.6801640391500221,6.1581166146272405e-06
0,0,0.9713269180187772,0.028673068641314227,1.3339908513871646e-08
0,0,0.7218622724010391,0.2781376142541256,1.1334483530533931e-07
1,0,0.8990792235293781,0.10092064636714149,1.301034803413688e-07
0,0,0.6704317751662638,0.3295679954571025,2.2937663371622297e-07
1,0,0.7440707461123697,0.2559292296357761,2.42518542949004e-08
0,0,0.7233597316907466,0.2766401913669121,7.694234122058958e-08
0,0,0.8660517915500707,0.13394754014129928,6.683086298651271e-07
0,0,0.8576293387260396,0.14237065087060263,1.0403357875887654e-08
1,0,0.5853621683562812,0.41462353117668166,1.4300467037201258e-05
1,0,0.5717541900395195,0.42824474676908264,1.0631913978447736e-06
0,0,0.6825179982666534,0.3174814280483772,5.736849695350933e-07
0,0,0.8094704210274033,0.19052528497512836,4.2939974683649285e-06
1,0,0.6544917053336297,0.3455081897741755,1.0489219483819559e-07
1,1,0.15925577029067672,0.8407196474365823,2.458227274107435e-05
1,1,0.14770152346145352,0.8522928118298033,5.664708743196573e-06
0,1,0.49231257494143726,0.5076459653333173,4.145972524541487e-05
1,1,0.03644827907125622,0.9603301248228877,0.003221596105855983
1,1,0.4705401277278145,0.5294586135790528,1.258693132654816e-06
0,1,0.4352115208641239,0.5647869219714741,1.5571644021182262e-06
1,0,0.5005673856172698,0.4994311677195697,1.446663160579825e-06
1,1,0.21359023790048978,0.7863925684368985,1.719366261168129e-05
1,0,0.8685275573142658,0.13147242800911474,1.4676619363896333e-08
1,1,0.06063906969974559,0.9392787620972731,8.21682029810892e-05
1,1,0.34524855680088473,0.6547491957891097,2.2474100055421566e-06
0,0,0.9822089156226053,0.017791082899056003,1.478338494765016e-09
1,1,0.27194785210658273,0.728039516957856,1.2630935561396043e-05
1,1,0.18930526267003278,0.8106854553262854,9.282003681777046e-06
0,0,0.8531940763254825,0.14680592021462494,3.459892436707689e-09
1,1,0.19459382424504504,0.8054006255655258,5.550189429114167e-06
1,2,0.009823870207658384,0.44494144424405013,0.5452346855482915
0,0,0.5196085447765718,0.48038630456974984,5.150653678430257e-06
1,1,0.4170647111438081,0.5829338268126244,1.4620435675628234e-06
1,1,0.4716776511000158,0.5282716457550682,5.070314491594775e-05
1,1,0.14386155223805633,0.8561252798286332,1.3167933310470853e-05
1,1,0.07061643037715226,0.9288128659725411,0.0005707036503065999
1,1,0.0370944733550801,0.9626208845502486,0.00028464209467125867
1,1,0.16704436384571036,0.8329276929820247,2.794317226505507e-05
1,1,0.170933621776468,0.8290626967612331,3.681462298942289e-06
0,0,0.9105761728266415,0.08935675146302645,6.707571033198651e-05
0,0,0.9178461977639893,0.08215379504431297,7.191697755625253e-09
1,1,0.016343322714955855,0.9835546045340169,0.00010207275102721005
0,0,0.7896379583479027,0.21036201805463356,2.3597463703659464e-08
0,1,0.3277351259375852,0.6722611354966966,3.7385657182206614e-06
1,1,0.039137570026901394,0.9606506317537018,0.0002117982193969399
1,1,0.03127399906922074,0.9684657439789938,0.00026025695178554653
2,2,8.421609896942836e-13,7.760354520351949e-08,0.9999999223956126
1,1,0.08805763259180377,0.911915612698632,2.6754709564261814e-05
0,1,0.27481916980829285,0.7251747687398409,6.061451866172757e-06
1,1,0.1906338845941616,0.8093553796682134,1.0735737625057056e-05
0,1,0.23160284643295803,0.7683956170652839,1.5365017580078544e-06
0,1,0.23876142148566015,0.7612363667347659,2.211779574018622e-06
1,1,0.1048266910592121,0.8950701709259627,0.00010313801482514629
1,1,0.08376373212574578,0.9162092771350089,2.699073924534212e-05
1,1,0.3903508514842669,0.6096436136741414,5.534841591723638e-06
0,1,0.49658330448507143,0.5034155058221959,1.1896927327036776e-06
1,1,0.1354201189337937,0.8624347955703091,0.002145085495897151
1,1,0.35819389241111327,0.6418037284352934,2.3791535932136307e-06
0,0,0.9516422211897945,0.04835741946534183,3.593448635200418e-07
0,0,0.5110540964843243,0.4889366702124566,9.233303219039466e-06
1,1,0.14448677360989579,0.8466067323074268,0.008906494082677328
1,1,0.157341863377232,0.8426196950812983,3.844154146964369e-05
1,0,0.6956246415981004,0.3043736187304034,1.7396714960279317e-06
1,1,0.05774897889504976,0.9422160241821307,3.49969228194093e-05
1,1,0.011880028724996288,0.9878533347903838,0.0002666364846199216
1,1,0.15936869744542057,0.8406088771896892,2.2425364890299738e-05
0,1,0.2047883888493986,0.7951992982261851,1.2312924416464363e-05
0,0,0.6834834985911635,0.3165158992267212,6.021821154041048e-07
1,1,0.3450712164235527,0.654895030406957,3.375316949033597e-05
0,0,0.5980407314054886,0.4019591419994704,1.265950409982835e-07
1,1,0.10798958646396728,0.891945056786367,6.535674966570136e-05
1,1,0.13837577281442823,0.8461443730656657,0.01547985411990605
1,1,0.1220133431032665,0.8778259567545257,0.00016070014220794242
0,1,0.4443797028846483,0.5556185146615106,1.7824538409890113e-06
0,1,0.1914430462183139,0.808548086092798,8.867688888077762e-06
0,0,0.5270140812603653,0.4729857795014583,1.3923817629372378e-07
1,2,5.833838463053007e-07,0.3628412512497658,0.6371581653663879
0,0,0.6039429881033737,0.3960499399259054,7.071970720938535e-06
0,0,0.5140623958879534,0.4859355409079632,2.0632040832986305e-06
1,1,4.1921389637599977e-05,0.5450192412181968,0.4549388373921656
0,0,0.7970510004125471,0.20294899767287675,1.914576351767515e-09
0,0,0.912462711078628,0.0875372822434891,6.677882794181427e-09
2,2,3.664365563683395e-10,2.0124259421217693e-06,0.9999979872076213
1,1,0.3828704463595104,0.6170653482484646,6.420539202505468e-05
2,2,0.00011110594538921026,0.38550022803542217,0.6143886660191886
1,1,0.49900650820952774,0.5009905537250036,2.938065468643242e-06
1,1,0.3020988759568668,0.6978982353866823,2.8886564508809373e-06
1,1,0.019377228248301504,0.9799734376783352,0.0006493340733634617
1,1,0.10703131214863731,0.8929610984372188,7.5894141440574316e-06
0,0,0.6530425653708621,0.34695741267153696,2.1957600916981903e-08
2,2,3.2890173183276607e-07,0.03162258000452532,0.9683770910937427
1,1,0.16836306911841295,0.8316302957392016,6.6351423853330645e-06
1,0,0.5192362135852173,0.48074816045728797,1.5625957494661676e-05
1,1,0.32188266963045953,0.6780961850493421,2.1145320198256024e-05
1,1,0.3060517919459075,0.6938163323880618,0.0001318756660306084
0,0,0.6368245851559511,0.36317501028065907,4.045633898977526e-07
1,1,0.15149662480136528,0.8313189716318139,0.017184403566820813
2,2,2.0047833972507184e-07,0.013532423812757413,0.9864673757089029
1,1,0.19428235721009643,0.8046398088467546,0.0010778339431489871
0,1,0.3998027263687257,0.6001268287273729,7.044490390131185e-05
1,1,0.10666444267618551,0.8932993290039106,3.622831990378831e-05
0,0,0.6604265852247102,0.3395732912249515,1.235503381899467e-07
1,1,0.23148723517131095,0.7684998328320453,1.2931996643745673e-05
1,1,0.05227279197544113,0.8573120872820659,0.09041512074249305
0,0,0.9064271813526541,0.09357240022040789,4.184269379070342e-07
0,0,0.7401557069544106,0.25984423369551324,5.935007630829043e-08
1,1,0.21269866993552422,0.7849552848322194,0.0023460452322564057
0,0,0.7193039861590753,0.28069571793209075,2.959088340233316e-07
0,1,0.4314059562501199,0.5685464186223702,4.762512751005697e-05
0,0,0.8953374554100931,0.10466254142724779,3.1626588847005972e-09
1,1,0.37084157561919534,0.6290686580117363,8.976636906827873e-05
0,0,0.5554700947207923,0.44452966561808843,2.396611191630077e-07
0,0,0.6816142651887633,0.3183857126440718,2.2167164883818703e-08
0,0,0.819526202665948,0.18047365981314778,1.3752090421832055e-07
0,0,0.6910959635226591,0.3089035181671365,5.183102045233667e-07
1,1,0.3791179530057517,0.6208228100983322,5.9236895916140334e-05
2,2,8.414616044138428e-08,0.007035081860012471,0.9929648339938271
2,2,3.11835101129278e-14,1.9839108236179304e-05,0.9999801608917327
0,0,0.9422618103504589,0.057738187990187775,1.659353353460296e-09
0,0,0.8589754774939045,0.14102446969261137,5.281348437057631e-08
1,0,0.9380744991366782,0.06192549780550724,3.057814585922416e-09
0,0,0.716127179348933,0.283872772755274,4.789579294715429e-08
1,1,0.10540337785344259,0.8933558266246006,0.001240795521956919
0,1,0.46906034439667466,0.5309394748999727,1.8070335270505353e-07
1,1,0.20936530316670124,0.7906318054443717,2.891388927076146e-06
0,0,0.6187342372010387,0.38126551175325807,2.5104570328065584e-07
0,0,0.9361843746686341,0.06381558462318286,4.0708183014551614e-08
1,1,0.032186080308314345,0.967458747135539,0.0003551725561465675
0,0,0.6095253153640217,0.39047210697664864,2.577659329703922e-06
0,0,0.9397940966330092,0.06020589705137153,6.31561928816859e-09
0,0,0.9432050525697301,0.05679473707282118,2.103574487185676e-07
2,2,1.155896513971273e-06,0.06344953376117111,0.9365493103423149
0,0,0.8476737323987742,0.15232549791556382,7.696856621004926e-07
2,2,2.7871975377169884e-07,0.3148845795906792,0.685115141689567
0,0,0.5870034936173918,0.41299648702006675,1.936254146587502e-08
0,0,0.8913730539578715,0.10862694220906023,3.83306837270887e-09
0,1,0.026702082338626743,0.68647634913661,0.2868215685247634
0,0,0.5621674465152344,0.43781785881469854,1.4694670067036303e-05
0,1,0.46389526355596145,0.536104361606953,3.7483708557480026e-07
1,0,0.5383342693911931,0.46166553615333533,1.9445547160281902e-07
0,1,0.4222691845466115,0.5777300163029598,7.991504285868764e-07
0,0,0.8169390772121872,0.18306007587737785,8.469104350352683e-07
0,0,0.825096083726731,0.17490363114902807,2.8512424067052915e-07
1,1,0.15602594826734492,0.8439657871177086,8.264614946379453e-06
0,0,0.8693357322042268,0.13066421896614527,4.8829628002275734e-08
1,0,0.8132587090445077,0.1861555983124931,0.0005856926429991515
0,1,0.469302487816036,0.5306541866896491,4.332549431494188e-05
0,1,0.17952840505178383,0.8204210180807526,5.057686746364677e-05
0,0,0.6773864632727945,0.3226126459694185,8.907577870184835e-07
1,1,0.17997030868895558,0.8199646674776738,6.502383337043554e-05
2,2,2.1144725366173925e-05,0.007430373608361956,0.9925484816662719
1,1,0.4785226563994511,0.5214765709766124,7.726239364980713e-07
1,1,0.22266607793675172,0.7766321216371538,0.0007018004260944181
0,0,0.7020803715669657,0.2979194625932129,1.658398215382342e-07
0,0,0.7589015445479376,0.24109819475995728,2.606921051745218e-07
1,1,0.4137684487016131,0.5862028260416784,2.8725256708451693e-05
2,2,1.8433216141088533e-06,0.07787895472252944,0.9221192019558564
1,1,0.14484838516172746,0.8551398947777195,1.1720060553204794e-05
0,1,0.3409777314162176,0.6590172973611177,4.9712226647215315e-06
0,0,0.8312168004845254,0.16878302871404996,1.7080142450930344e-07
1,0,0.9342338758625308,0.06576612241451055,1.722958673254349e-09
1,1,0.4746677739632577,0.5253151580448993,1.7067991842947208e-05
0,0,0.9764657680136518,0.023534201547012575,3.0439335392417225e-08
0,0,0.5763625645919846,0.4236075958716819,2.9839536333471718e-05
0,0,0.7532118833396205,0.24678612911043613,1.9875499435102717e-06
1,1,0.060147197022654586,0.939832361762852,2.044121449334545e-05
0,0,0.715715671693602,0.2842843251529644,3.1534336212876166e-09
1,1,0.2181616968845732,0.7818318497452948,6.453370132013874e-06
2,2,0.0009894799286365259,0.05846057474410307,0.9405499453272604
0,0,0.701375626905363,0.29862425277805776,1.2031657910520098e-07
1,0,0.5479143153415764,0.4520839364825946,1.748175829002129e-06
0,0,0.7098838785556414,0.29011608600046646,3.54438921918204e-08
0,1,0.4286472521919772,0.5713013354426906,5.1412365332234525e-05
0,0,0.727355032034351,0.27264490278157966,6.518406931963746e-08
1,1,0.02839432309678995,0.9393109710970373,0.03229470580617277
1,1,0.029439683057034507,0.9704257878263648,0.00013452911660071952
1,1,1.1635725936224582e-06,0.5652445091844139,0.43475432724299234
0,0,0.6101287264511953,0.3898600999695625,1.117357924216505e-05
0,0,0.742241749512355,0.25775766556369617,5.849239488502603e-07
0,0,0.5271495841916325,0.47284861209044027,1.8037179272404175e-06
0,0,0.6380025276253254,0.3619971074332583,3.649414163320938e-07
0,0,0.9794011043545782,0.020598758816197972,1.3682922374530787e-07
0,0,0.8310499684148656,0.16894925096734761,7.806177869104852e-07
0,1,0.03465153112675681,0.965323720566837,2.4748306406065594e-05
1,1,0.1534803264820531,0.8465154723930205,4.201124926360582e-06
2,2,0.00015710532701973802,0.019684386547266643,0.9801585081257137
1,1,0.2105859774547884,0.7893864672717656,2.755527344601979e-05
0,1,0.055544269445179026,0.8903908483850808,0.054064882169740036
0,1,0.09897457478765388,0.9010039967959806,2.1428416365551688e-05
1,1,0.3165830483739702,0.6834121565791408,4.7950468891324285e-06
0,0,0.9360971170190029,0.06390276762766102,1.1535333597604533e-07
0,0,0.6917044666692468,0.30829545491429655,7.84164567305204e-08
1,1,0.12352212956069306,0.8764032996613416,7.45707779652389e-05
1,1,0.17312253111630138,0.8267491014753048,0.00012836740839386286
0,0,0.863884901519419,0.13611301709067675,2.081389904276492e-06
2,2,7.036879372638343e-08,0.011004111980797687,0.9889958176504087
1,1,0.06207955057691765,0.9378878560394881,3.259338359434521e-05
0,0,0.6463771768309925,0.35362272552601526,9.764299241750222e-08
2,2,1.3208364226795177e-06,0.10207781047170336,0.8979208686918739
2,2,0.021777616817235616,0.45781823684092415,0.5204041463418403
1,1,0.02416145543211224,0.9370678327517032,0.038770711816184536
0,0,0.5859300350679401,0.4140694866819191,4.782501407244992e-07
1,1,0.22796674477727966,0.772031874683444,1.3805392762439003e-06
1,0,0.5015029249933636,0.49844507097905427,5.2004027582049985e-05
1,1,0.05411706844732724,0.945821240755882,6.169079679073082e-05
0,0,0.7033028608066216,0.2966966566924207,4.825009576164431e-07
2,2,6.937679843082184e-08,0.009030054736844328,0.9909698758863572
1,1,0.07930663044696448,0.9206235703372979,6.979921573752699e-05
0,1,0.029624826418621512,0.970248666183545,0.00012650739783342087
1,1,0.38670200650172665,0.6132966770422209,1.3164560525906732e-06
1,1,0.24694968716064813,0.7530411701631966,9.142676155388361e-06
1,0,0.6603377741836179,0.33966062979958217,1.5960167999235743e-06
0,1,0.4906977247472207,0.509301696164435,5.790883442253829e-07
1,1,0.05580578199849625,0.9403423631737963,0.0038518548277074885
1,1,0.047340336971889524,0.9526283139481729,3.1349079937659134e-05
1,1,0.2558276326217807,0.7441575068009846,1.4860577234824242e-05
1,0,0.8610215937068263,0.13897797486370408,4.3142946976284997e-07
2,2,4.21260398867452e-14,2.2434802393088102e-05,0.9999775651975646
1,1,0.10457629604314803,0.89539980531889,2.3898637962002487e-05
1,1,0.042421596014008,0.9575177353717794,6.066861421264712e-05
1,1,0.15656712157018354,0.8434246545461505,8.22388366598168e-06
1,0,0.7572120881051035,0.24278703493958423,8.769553120242025e-07
1,0,0.8952022181493742,0.1047977570360576,2.4814568331076372e-08
1,1,0.25328870560637984,0.7467060700565158,5.224337104412471e-06
0,1,0.08070059742596246,0.9189042659480038,0.0003951366260339212
1,1,0.041886800440520504,0.8981921182764521,0.05992108128302747
1,1,0.07233984804995619,0.926685898470898,0.0009742534791459274
1,1,0.29281998049877306,0.7070859994763202,9.402002490673715e-05
0,1,0.341450845440646,0.6585470967721497,2.057787204303088e-06
0,0,0.9027366739961774,0.09726329922278308,2.678103938728666e-08
1,1,0.26254235761207834,0.7372875030005089,0.00017013938741267852
0,0,0.6096673816020942,0.3903325340682519,8.432965384986824e-08
1,1,0.25464658151424086,0.745350881699796,2.536785963236849e-06
1,1,0.02519726656530918,0.9743080450332618,0.000494688401428872
1,1,0.13392803704949627,0.8567345993586396,0.009337363591864212
1,1,0.07870321430022283,0.9113591367089349,0.009937648990842336
1,2,9.383777531679945e-06,0.43944261861138423,0.5605479976110841
1,1,0.30295379324518523,0.6970417869057081,4.419849106783045e-06
0,0,0.7035538856907524,0.29644472170926234,1.3925999852542713e-06
1,0,0.7446620888854178,0.25533072131226203,7.189802320079996e-06
0,1,0.1448555501979748,0.8550387831286659,0.0001056666733594653
0,0,0.8446373722507091,0.15536261235280643,1.5396484429552182e-08
1,0,0.727103900373404,0.2728953644117969,7.352147990715572e-07
1,0,0.5312746085969838,0.4687250205305727,3.7087244348362723e-07
0,0,0.9468146910943154,0.053185054659555,2.54246129615464e-07
0,1,0.1807065961865114,0.8192832319035459,1.017190994266448e-05
1,1,0.04557452182342827,0.9543628989970414,6.257917953019186e-05
0,0,0.7435376744370881,0.25646228287715905,4.268575302822848e-08
2,2,1.5454939673713923e-06,0.03477404279328309,0.9652244117127494
1,1,0.08626769180117813,0.8968039407197446,0.016928367479077375
0,0,0.7711693201580971,0.22882922892215604,1.450919746891589e-06
0,0,0.5066447327323197,0.4933510033475782,4.263920102101653e-06
1,1,0.35632865688132676,0.643670902454477,4.406641962316251e-07
1,1,0.06171272108326587,0.9381729340543,0.00011434486243412893
1,0,0.9999657748888282,3.420350160549842e-05,2.1609566354235502e-08
0,0,0.8967715617202917,0.10322842779068529,1.0489023147403957e-08
1,1,0.26145802367237064,0.7381460081335611,0.0003959681940682629
1,1,0.3086965500985957,0.6912985545641889,4.895337215278137e-06
0,1,0.37413958971788575,0.625855070213178,5.340068936227213e-06
0,1,0.493140593145692,0.506859153910491,2.5294381707941047e-07
1,1,0.24648142771236173,0.7535177629756759,8.09311962417397e-07
1,1,0.2927732543457087,0.7069840326134056,0.00024271304088562782
1,1,0.07421508650437224,0.9252227940187152,0.0005621194769124639
0,0,0.8243015049107452,0.17569847152202683,2.356722798342247e-08
1,1,0.20273569581474685,0.7972504279312062,1.3876254047000071e-05
0,1,0.04732680597090319,0.9526375668531218,3.562717597506396e-05
1,1,0.09713589875170066,0.9028214384875537,4.266276074558089e-05
1,0,0.5091797940191697,0.4908193112369584,8.947438719159649e-07
0,0,0.7292143510510241,0.27078562883602847,2.0112947474045873e-08
0,0,0.697533563657652,0.30246640095107363,3.539127443471019e-08
1,1,0.1332867569075213,0.8667087542727402,4.488819738644183e-06
1,1,1.6740640325001265e-06,0.6182304438487302,0.3817678820872374
1,0,0.6463824328887421,0.35361748592564557,8.118561236760082e-08
2,2,1.2763360193303746e-09,0.033489926392447786,0.9665100723312161
1,1,0.08054075712623021,0.9027811226145551,0.01667812025921469
1,0,0.5871377603171278,0.4128576086047365,4.6310781356594495e-06
0,1,0.25226397403915657,0.7474058016946241,0.0003302242662193119
0,0,0.8390763883764529,0.1609232322754233,3.7934812384667834e-07
0,0,0.5873692174774623,0.412630433859981,3.486625568153141e-07
1,1,0.2349512453999708,0.765040970439873,7.784160156235129e-06
0,1,0.39269702029095277,0.6072995127324778,3.4669765693105376e-06
1,1,0.08927517312690177,0.9107071021310238,1.7724742074403806e-05
1,1,0.14083690424010945,0.8581955772066251,0.0009675185532654758
1,1,0.1736711868974661,0.8261219700386,0.00020684306393386548
0,0,0.5824834746798689,0.41751636085923094,1.6446090012395492e-07
1,1,0.14713618814345994,0.8509197076093401,0.0019441042472000103
0,0,0.9273711789426171,0.07262861038035243,2.10677030571719e-07
1,1,0.38872410447234934,0.6112741929339157,1.7025937349440887e-06
1,1,0.03571447117513451,0.9642610038962743,2.4524928591174234e-05
1,1,0.11974105169845631,0.8802306072410706,2.834106047319971e-05
0,0,0.9409939655505559,0.059003453100263045,2.5813491809904643e-06
0,1,0.15390778170546246,0.8460682048648737,2.4013429663823186e-05
0,0,0.7916009324055817,0.20839897832981402,8.926460433245342e-08
0,0,0.6891428166714878,0.31085706274876523,1.2057974696133291e-07
1,1,0.2355271340160134,0.764460712775964,1.2153208022643765e-05
0,0,0.8298913634736756,0.17010863038524657,6.141077808811237e-09
1,1,0.011933466121369212,0.9875835182875774,0.00048301559105326134
0,1,0.41128277461352425,0.5886154175935108,0.00010180779296488609
0,0,0.7587090846958987,0.24129014406841662,7.712356846120895e-07
0,0,0.8845520245042797,0.11544797374908916,1.7466310690903427e-09
0,0,0.8488788553365935,0.15112110857269995,3.609070648616411e-08
0,1,0.19700999706232863,0.8017721596993478,0.0012178432383235028
0,0,0.8122308231947747,0.18776906072375812,1.1608146728965331e-07
1,1,0.17154763517631802,0.8283056047674628,0.00014676005621924734
1,1,0.17662224789902778,0.8233600774867643,1.7674614207754864e-05
0,1,0.1390915017099321,0.8608902310005482,1.8267289519672728e-05
2,2,2.416898558139157e-05,0.2343158928725672,0.7656599381418514
1,1,0.35418085386161946,0.6456285902042923,0.0001905559340882776
0,0,0.7722466041170482,0.2277533834397674,1.2443184408354261e-08
1,0,0.6707767706780952,0.32922272113425777,5.081876470801683e-07
1,1,0.052417475527501214,0.9475203162144309,6.220825806796206e-05
1,1,0.05854434093860308,0.9413036232407395,0.00015203582065765296
1,1,0.21641388981002765,0.7835651085343289,2.1001655643324013e-05
0,0,0.5539510123494767,0.4460478002517253,1.1873987980731541e-06
1,0,0.7368522975519771,0.26314669046980516,1.0119782176903065e-06
1,1,0.013966449861822348,0.6616857528488724,0.32434779728930535
1,1,0.32631160573694035,0.6735968196525224,9.157461053730061e-05
1,1,0.3295428499100438,0.6704550127787646,2.137311191645e-06
2,2,9.714839458116992e-07,0.03363387731768346,0.9663651511983707
1,0,0.5505510614176167,0.44944874036649,1.9821589330092155e-07
0,1,0.1852420374965592,0.8147419995966416,1.5962906799208605e-05
0,0,0.636186349253397,0.36381195903092733,1.6917156755660635e-06
1,1,0.4039003259488692,0.5960956188779183,4.0551732124955435e-06
0,1,0.2099362645705376,0.7868171572679976,0.0032465781614646723
0,0,0.6220411973981047,0.3779578808111533,9.217907421104999e-07
0,0,0.5283156843298478,0.47168418876209633,1.2690805587986305e-07
1,1,0.34522209701326073,0.6547046075503428,7.329543639651178e-05
2,2,8.82744117246528e-07,0.04398947736123471,0.9560096398946479
1,1,0.04020070299744825,0.9596851419069015,0.00011415509565021753
1,1,0.08264550855508748,0.9172380269592157,0.00011646448569688851
1,0,0.6334551676303763,0.3665439295941369,9.027754868204306e-07
1,1,0.19991710441772914,0.8000728132600993,1.0082322171621664e-05
0,0,0.5360077850940289,0.46399074912467453,1.4657812965107235e-06
1,1,0.3810647956140621,0.6189324636691891,2.7407167487678295e-06
1,0,0.6996565617579211,0.3003433835456271,5.46964518338295e-08
1,1,0.2713257186900339,0.728521258550206,0.00015302275976008693
1,1,0.1572428139811904,0.8427172330226176,3.995299619181868e-05
0,0,0.8150129359620861,0.18498696515655932,9.88813545251662e-08
0,0,0.9999822736785532,1.7719376482287265e-05,6.944964591463543e-09
1,1,0.1411339055627638,0.8588614705572364,4.623879999752334e-06
1,1,0.47834446117170104,0.5216550811567577,4.576715411657459e-07
2,2,0.0014560034755702728,0.15456123659954085,0.8439827599248888
1,2,9.577674802532188e-06,0.45686232293481494,0.5431280993903826
0,0,0.9589931106139912,0.04100685680192137,3.258408735208138e-08
0,0,0.8637388137559043,0.13626118272951948,3.5145763418200227e-09
1,1,0.2921756153547761,0.7078135727123192,1.0811932904847923e-05
0,1,0.03311549815082371,0.7634475856939469,0.20343691615522938
2,1,0.062494869888069446,0.9244945694821161,0.013010560629814552
1,1,0.37269503123090525,0.6273044422777833,5.264913114451673e-07
2,2,1.9779862917001168e-05,0.2607419814342126,0.7392382387028704
0,0,0.7238939743533211,0.2761060021214161,2.3525262696697273e-08
0,0,0.5322781878849375,0.4677121885787825,9.623536279970551e-06
1,1,0.4603138413850244,0.5396858027227931,3.5589218264155686e-07
1,0,0.5791312954734399,0.4208685667299593,1.377966008277157e-07
0,0,0.9504709701015462,0.049528992600265186,3.729818854357517e-08
0,0,0.5080889356737931,0.491833995306083,7.706902012384328e-05
0,0,0.9999640141435336,3.596008229809443e-05,2.577416825174181e-08
0,1,0.34563266245028784,0.654361130219675,6.207330037153622e-06
1,1,0.21685266737299358,0.7831448893176549,2.443309351547959e-06
0,0,0.8233579481096336,0.1766417712247313,2.8066563526357837e-07
1,1,0.1749953972984143,0.8249635783009546,4.102440063116944e-05
0,0,0.8801394943533222,0.11986049151240508,1.4134272866994538e-08
0,0,0.8602431192895305,0.13975671805693685,1.6265353270867948e-07
1,1,0.013736710316639606,0.9857818315907045,0.0004814580926557185
1,1,0.29134372648816853,0.708647073703777,9.199808054517639e-06
1,1,0.27809841438525984,0.7216998561063207,0.00020172950841947147
1,1,0.03715761837396702,0.9607524341138288,0.0020899475122042057
1,1,0.09087378567159864,0.9091132395316928,1.2974796708639941e-05
1,1,0.11469429272032176,0.8853003049343837,5.402345294467372e-06
1,0,0.6661067267971573,0.33389311195846216,1.6124438055252712e-07
0,0,0.673173187215326,0.32682667143284444,1.4135182954000063e-07
0,1,0.35739974508064615,0.6425997501395061,5.047798478174797e-07
0,0,0.8286679961444735,0.1713319794069302,2.444859625372234e-08
0,0,0.8488499097288366,0.15115007414799467,1.612316873334591e-08
1,1,0.10661513040774984,0.8905074485282626,0.0028774210639875095
1,1,0.10351081265782143,0.8964796146718091,9.572670369336538e-06
1,1,0.15198534193297566,0.8478825170722915,0.0001321409947330529
1,1,0.19940508614322877,0.8005841947870086,1.0719069762656815e-05
1,1,0.28824862737689355,0.7117480799837191,3.2926393873116656e-06
0,0,0.7140020740975802,0.28599726648577645,6.594166433703256e-07
2,2,5.291470262687686e-07,0.37559573488434245,0.6244037359686312
0,0,0.6923311214466008,0.3076686542153621,2.2433803711724303e-07
0,0,0.8193196888336415,0.18067992097650962,3.90189848816822e-07
0,1,0.3061269964353777,0.693868313889204,4.689675418334395e-06
1,1,0.05786590906483899,0.9343580445797007,0.007776046355460165
1,1,0.07446605779028564,0.925228061417898,0.00030588079181619054
1,1,0.13719384931917164,0.8627875980895732,1.855259125529188e-05
2,1,0.055188987567071426,0.6471116585905378,0.2976993538423908
1,1,0.06981461055491055,0.9301672363657846,1.815307930492763e-05
0,1,0.28719903271422176,0.7127952691687917,5.6981169865772e-06
0,0,0.8354857057662981,0.16451425649191917,3.774178271934195e-08
1,1,0.14149354819455673,0.8584894898093335,1.6961996109816277e-05
1,1,0.41093352678005507,0.5890598019247539,6.671295190975287e-06
1,1,0.24951931029178742,0.7504590654350923,2.162427312035688e-05
1,1,0.27620785952734717,0.7237757700261408,1.6370446511971654e-05
1,1,0.09835508042350453,0.9015631382097442,8.17813667512815e-05
0,0,0.8495341413515654,0.1504647149567565,1.1436916780873823e-06
1,1,0.1199603892065361,0.8800163003046082,2.331048885568075e-05
0,1,0.22068677812596912,0.7789976044378549,0.00031561743617607337
1,1,0.08497615379085588,0.914935517530459,8.832867868514931e-05
0,1,0.0463405725275533,0.9536359402195456,2.3487252901086063e-05
1,1,0.06413367603006148,0.9358288194349694,3.750453496904095e-05
1,1,0.010430673568571079,0.988988229639899,0.0005810967915298235
1,0,0.6123354058399026,0.3876633434561816,1.2507039158249314e-06
0,0,0.7937554524661264,0.20624426153217654,2.860016970465136e-07
1,1,0.27875083922163824,0.7212405821812442,8.578597117621468e-06
2,2,0.0015354931268079322,0.15247824832854653,0.8459862585446455
2,2,5.3596144625194985e-06,0.2629050711216381,0.7370895692638995
1,1,0.025351056844695474,0.8426929532201008,0.13195598993520363
0,0,0.8829192194780381,0.11708077837577112,2.1461908021567893e-09
1,0,0.6258417962089503,0.3741580456136244,1.5817742524729885e-07
1,1,0.08929787473705621,0.910690597739376,1.1527523567846098e-05
1,1,0.24909372282127837,0.7506369453100534,0.0002693318686682289
0,0,0.9499644779085508,0.05003534943234577,1.7265910332703867e-07
1,0,0.5559014626510584,0.44409238422154557,6.153127395994019e-06
2,2,5.826971779604253e-06,0.15025837395163125,0.8497357990765891
0,0,0.6290968183217578,0.3709028307722457,3.5090599652893893e-07
0,1,0.42649259709307774,0.573502296230585,5.1066763372693164e-06
0,0,0.603898946956889,0.3961008208360412,2.322070697383015e-07
1,1,0.07228727917218196,0.8954436772616513,0.032269043566166736
1,1,0.34182116735428203,0.658176574273887,2.2583718310031207e-06
0,0,0.7437464272673089,0.2562535547627968,1.79698942662833e-08
1,1,0.0366331572204266,0.9632774498760774,8.93929034958197e-05
2,1,0.031269872230427806,0.8538425298968919,0.11488759787268045
0,0,0.8202447978792562,0.1797542612118824,9.409088613457317e-07
0,0,0.853105489602137,0.14689435007682888,1.6032103415890355e-07
0,1,0.03580083387383845,0.81374074374017,0.1504584223859914
1,1,0.18939796038229983,0.8105887594900761,1.3280127623942745e-05
1,1,0.10906153981065915,0.8908833320946802,5.5128094660599866e-05
1,1,0.48723692575536914,0.5127608870720323,2.187172598669016e-06
1,1,0.10908583293038918,0.8908725767007103,4.15903689006828e-05
1,1,0.020928072774861587,0.9786793946576885,0.00039253256744975685
1,0,0.7620867095433367,0.23791328088053568,9.57612755642313e-09
0,1,0.28680007675967467,0.7131987808919035,1.1423484217614573e-06
1,1,0.17713388356922094,0.8228549246189443,1.1191811834693388e-05
1,0,0.5788213587376849,0.4211783969816352,2.442806799282025e-07
1,1,0.16321846689748343,0.8367630230204783,1.8510082038315347e-05
0,0,0.9460245183086956,0.05397546277514776,1.8916156583863816e-08
1,1,0.15674309182764865,0.8432527536755712,4.15449678026324e-06
0,1,0.04955020505718344,0.9504315070478079,1.828789500881582e-05
1,0,0.8133595526792762,0.18663979112510554,6.561956182706373e-07
0,0,0.5914128366807637,0.4085865439947201,6.193245161855818e-07
0,0,0.5886769092176274,0.4113229136932574,1.7708911509670316e-07
0,0,0.5202729713903463,0.47972198892697754,5.039682676279624e-06
0,0,0.7191187536793001,0.2808811313788691,1.1494183081357207e-07
0,0,0.7870069137426929,0.21299277344823028,3.1280907686622787e-07
1,0,0.6248008006226916,0.3751972950802329,1.9042970755153802e-06
1,1,0.3916144855083746,0.6083828703748495,2.6441167758644e-06
0,0,0.5903735211032761,0.4096254227023847,1.0561943391185802e-06
1,1,0.27574444633400474,0.7242530286284697,2.5250375253878577e-06
0,0,0.9489153180392785,0.05108467782834135,4.13238016217836e-09
0,0,0.945201710847194,0.054797807073805806,4.820790000693978e-07
1,1,0.09799518492182159,0.8876895231996191,0.014315291878559283
1,1,0.08560588361725338,0.9102916428885912,0.004102473494155343
0,1,0.1766903526029873,0.823303697776021,5.949620991810469e-06
0,0,0.5874420257876786,0.41255783382828226,1.4038403929225914e-07
1,1,0.16750532165898008,0.8324831247165186,1.1553624501383778e-05
0,1,0.2851678071008206,0.71480084144313,3.135145604920234e-05
1,1,0.18288463208070188,0.8169968716194629,0.00011849629983514239
0,0,0.8607780748393526,0.1392217782506317,1.469100157345206e-07
1,1,0.12714869684157198,0.8728433730057636,7.930152664289188e-06
1,0,0.7708362776585084,0.22916364832652264,7.401496898934059e-08
1,1,0.3792833270839239,0.6204114205343071,0.0003052523817689166
1,1,0.13910496400793837,0.8608297156496972,6.53203423644068e-05
1,2,0.007070742067667354,0.31263495576621336,0.6802943021661193
0,0,0.954047104881018,0.04595271995606364,1.7516291817346969e-07
1,1,0.22763346137403487,0.7723346262346502,3.19123913149511e-05
0,1,0.08757769352615995,0.9124063703433827,1.59361304573949e-05
1,1,0.08883740802330156,0.9111266632053522,3.592877134631155e-05
1,0,0.8406435769700494,0.15935630390951733,1.1912043322988348e-07
1,1,0.13082187101650317,0.8690926486286784,8.548035481851581e-05
1,1,0.0782724720987696,0.9217156260743259,1.1901826904564094e-05
1,1,0.20683477652582175,0.7931611936874936,4.029786684847313e-06
0,0,0.7082593769200399,0.29174060767861043,1.540134958316397e-08
1,1,0.4595195676054405,0.5404400424544727,4.038994008679879e-05
0,0,0.8785245739338564,0.12147541475134976,1.1314793813438674e-08
0,1,0.456235808823934,0.5437597476390045,4.44353706152484e-06
1,1,0.10786540498795404,0.8920593702258303,7.522478621561061e-05
2,2,1.313051845270538e-09,0.0103220885142245,0.9896779101727237
0,0,0.7779387278486668,0.22206124025614418,3.1895189032246696e-08
1,1,0.41710309233277076,0.5828942018483226,2.7058189064299884e-06
1,1,0.23563146860097894,0.7643632711448713,5.2602541497344045e-06
1,0,0.5513537989299403,0.4486367913168698,9.409753189782855e-06
0,0,0.829177225663071,0.17082273968241646,3.46545125095415e-08
0,0,0.8022196756496859,0.19778011041328566,2.1393702859287278e-07
0,1,0.15877345410253008,0.8412138403466239,1.2705550845836717e-05
0,0,0.9487170457218512,0.05128284371497248,1.1056317634522012e-07
0,0,0.8564942120221559,0.14350561404801532,1.7392982884812155e-07
2,2,4.768281658026234e-07,0.28661648072420737,0.7133830424476267
0,0,0.5014557417080584,0.4985440537409829,2.0455095883049942e-07
2,2,6.913641004224462e-14,4.2238056897839724e-09,0.9999999957761252
1,0,0.800584881306855,0.19941487394412485,2.447490200320924e-07
0,1,0.1079098159686461,0.8920125797382249,7.760429312895198e-05
1,1,0.282207907495291,0.7177890130985725,3.0794061366137625e-06
1,1,0.2965448382077436,0.7034547301103513,4.3168190507623396e-07
0,1,0.3345698808841987,0.6654291590895973,9.600262039685892e-07
0,1,0.4896548321616071,0.5103192965031053,2.5871335287647168e-05
0,1,0.48455537815717153,0.5154444739095404,1.4793328802331545e-07
0,0,0.614174663381139,0.3858251032646914,2.333541696216928e-07
0,1,0.16088943759017876,0.8391003061053395,1.0256304481725018e-05
0,1,0.4605560599688577,0.5394438990824787,4.094866362848004e-08
2,2,7.72161613591745e-10,0.006310986342520486,0.993689012885318
0,0,0.7731805041652344,0.22681940328758254,9.254718297929685e-08
1,1,0.3193755557642126,0.6806217585707497,2.6856650375887193e-06
1,0,0.5164479181487359,0.48354239893725165,9.682914012349022e-06
1,1,0.4399104101217073,0.5600859435213266,3.6463569662711534e-06
1,1,0.2233305584307649,0.7766551678734778,1.4273695757272347e-05
1,1,4.5242744712597285e-05,0.5476300654994366,0.4523246917558508
1,0,0.5284262111485547,0.47154047188019316,3.331697125209392e-05
1,0,0.5476086042615727,0.4523911807977136,2.149407137578117e-07
0,0,0.7471465120654689,0.2528529818497143,5.060848168195469e-07
1,0,0.5162025169199012,0.48379695401944645,5.290606524888521e-07
2,2,1.0073142209847952e-06,0.03754459834709101,0.9624543943386881
0,0,0.7302538998972559,0.26974606838624565,3.1716498400728744e-08
1,0,0.7671291977966972,0.23287079623404142,5.96926132489744e-09
1,1,0.30759635037736466,0.6923734197897496,3.0229832885645626e-05
0,0,0.8101879003261186,0.1898117940976754,3.055762058859972e-07
0,1,0.4710865988169171,0.5289132468154767,1.5436760624346284e-07
1,1,0.14636418920823194,0.8480739736120294,0.005561837179738659
1,1,0.06041869879476561,0.9395606093517221,2.069185351232154e-05
2,2,0.0013340830364068886,0.07957629362490032,0.9190896233386927
1,1,0.13747837440969138,0.8624935479334492,2.8077656859286048e-05
0,0,0.5853946277440498,0.41460440676757787,9.654883723242475e-07
1,1,0.3520477315958771,0.6478931465332513,5.912187087151056e-05
1,1,0.053370325789786066,0.9446616158120006,0.001968058398213232
1,1,0.34341858319748075,0.6565754828252973,5.933977222015387e-06
0,0,0.6936075645000196,0.3063922667830673,1.6871691317405901e-07
1,0,0.7989945825284803,0.20100501164204135,4.058294783681951e-07
0,0,0.9531563350167005,0.04684266046876069,1.0045145388841242e-06
1,1,0.13507884330484513,0.8646177212371757,0.00030343545797902375
2,2,3.2774826841948644e-06,0.07823559267973314,0.9217611298375827
0,1,0.40695332137710505,0.5930460799374008,5.986854941435337e-07
0,0,0.8017589815914782,0.19824098630299347,3.2105528413551956e-08
0,0,0.8680683046312219,0.1319316334791976,6.188958063565626e-08
0,0,0.7986862804253692,0.20131356671158224,1.5286304853757486e-07
0,1,0.38224669416518375,0.6177354116370537,1.7894197762537376e-05
0,0,0.9803479208051127,0.019652037186409024,4.200847823492955e-08
1,2,1.0393973997934689e-06,0.03902772237778737,0.9609712382248129
1,1,0.08293548589401059,0.9081274058000813,0.008937108305908211
1,1,0.04228043085720328,0.9558395989231981,0.0018799702195985597
2,2,2.850320193389868e-13,1.1432093673995974e-08,0.9999999885676213
2,2,1.342298467948968e-08,0.003703792495484096,0.9962961940815313
1,1,0.05145227075886183,0.9470780282960187,0.0014697009451194124
1,1,0.289051806714713,0.7109389452653536,9.248019933409373e-06
1,1,0.1765452397887015,0.8233368823299363,0.00011787788136228607
1,1,0.03854406337647283,0.9614193342822771,3.660234125013725e-05
1,1,0.3314214605033571,0.6685720571988223,6.4822978207199525e-06
1,0,0.5907455721459567,0.4092402665492655,1.4161304777830524e-05
1,1,0.2442454144324243,0.7557481920555085,6.393512067100514e-06
1,1,0.1392822476754916,0.8567593690486336,0.003958383275874861
0,1,0.3496859835817627,0.6503107089374854,3.307480751833322e-06
1,1,0.4507037701571408,0.5492889047147788,7.325128080326373e-06
1,1,0.32100419634877225,0.6788165425444558,0.00017926110677210172
1,1,0.2560223841353627,0.7439723349662872,5.280898350096224e-06
0,0,0.9998953001147014,2.6338140741747616e-05,7.836174455695517e-05
1,1,0.3423822412605131,0.657611067179321,6.691560165835118e-06
1,1,0.15338808599096349,0.8466021394187375,9.774590298848063e-06
1,1,0.20133285640797674,0.7984671822943958,0.0001999612976275823
0,0,0.7684386242485276,0.23156136472130703,1.1030165412806165e-08
1,1,0.055866062428918735,0.9441189518617521,1.4985709329146501e-05
0,0,0.5944265738155664,0.40557289566155835,5.305228753049167e-07
0,0,0.8597073911480431,0.14029259685421136,1.1997745599843983e-08
0,0,0.7248666301607103,0.2751333012961838,6.854310587692973e-08
0,0,0.6699656383173819,0.3300191916911768,1.5169991441299814e-05
1,0,0.9264463945906013,0.07354934276822647,4.262641172414189e-06
1,1,0.41806376027173403,0.581935473658195,7.660700710219439e-07
1,1,0.10341014944372409,0.8871991299109494,0.00939072064532648
1,1,0.04392595573411589,0.8270294562147441,0.12904458805114008
1,1,0.48778848250850837,0.5122100538597772,1.4636317143448408e-06
1,1,0.45275598888660307,0.5472365116456248,7.499467772174239e-06
1,0,0.6207859937721741,0.3792138669547178,1.3927310796691365e-07
1,0,0.6568310839744873,0.3431688337387935,8.228671930463218e-08
0,1,0.2769235266643848,0.7205655234973062,0.002510949838308867
1,1,0.49616585482492664,0.5038286915673192,5.453607754099956e-06
1,1,0.2240630794798745,0.775887644945819,4.927557430664435e-05
0,1,0.22119050440102883,0.7783679260199788,0.00044156957899231476
1,1,0.21479346424497936,0.7852036490682672,2.886686753476282e-06
1,1,0.13272888447911907,0.8671905407564084,8.057476447260275e-05
1,1,0.1789958680613211,0.8209895504273196,1.4581511359285692e-05
1,1,0.14571954758991917,0.8542520099702737,2.8442439807029252e-05
1,1,0.039006540191362134,0.9154605646420978,0.045532895166540015
0,0,0.689266766313923,0.3107332097157366,2.3970340485098335e-08
1,1,0.06513898665879406,0.9347444966124024,0.00011651672880339477
1,1,0.06373994884385689,0.9358967730911576,0.00036327806498558975
2,2,3.533822864149232e-07,0.02971025008591904,0.9702893965317946
0,0,0.9020806100664109,0.09791667714365718,2.712789931837338e-06
0,0,0.7897514310447429,0.21024847585672185,9.309853522066121e-08
1,1,0.15123543284004637,0.8487503476801571,1.4219479796345255e-05
1,1,0.09192030586458953,0.9080611313080185,1.8562827392062097e-05
1,1,0.005470664082759928,0.9936648370394071,0.0008644988778329379
1,1,0.17537077339793916,0.8245985022155966,3.0724386464121724e-05
0,0,0.5179642900727567,0.48203420686506954,1.5030621736886922e-06
1,1,0.03584484652245827,0.9641061668737485,4.8986603793359984e-05
1,1,0.21218014197592253,0.7878176601142522,2.197909825248392e-06
0,0,0.8629180893707946,0.1370796228257055,2.287803500016327e-06
1,1,0.010093537541667755,0.9897537049251686,0.00015275753316372996
1,1,0.1301286798843342,0.8698531940391306,1.8126076535214258e-05
1,0,0.6467786601557767,0.35322128273264386,5.711157955902026e-08
0,0,0.9413170214728607,0.05868175539577859,1.2231313606860404e-06
1,1,0.0295170802731011,0.9704430845996495,3.9835127249646916e-05
1,1,0.39097762464978114,0.6089850953088205,3.7280041398429066e-05
1,1,0.4869320017601919,0.5130673894736885,6.087661194996333e-07
0,1,0.2188101633990486,0.7811790960835586,1.0740517392791976e-05
0,0,0.5868586330099667,0.4131412861594889,8.083054431765895e-08
0,0,0.7941442415002334,0.20585544125083757,3.172489289918969e-07
2,2,1.5985895886831004e-12,8.724635862297467e-08,0.9999999127520428
1,1,0.3060528643471083,0.693932332840482,1.4802812409715282e-05
0,0,0.879082643837407,0.12091603411706567,1.3220455274714745e-06
0,0,0.9796722180937468,0.020327766660906268,1.5245346815511976e-08
1,1,0.05611520458240144,0.9425975872223713,0.0012872081952273256
0,0,0.7904439330676959,0.20955600032745905,6.660484493750185e-08
0,0,0.819536509865674,0.18046331517863992,1.7495568628531108e-07
1,0,0.7102375395297416,0.28976207066467236,3.898055861887378e-07
0,0,0.8952539648447094,0.10474603087479727,4.280493371770724e-09
1,1,0.040754684082040034,0.9592206532968736,2.4662621086422657e-05
1,1,0.10947464933694101,0.8904479808538063,7.736980925265147e-05
1,1,0.25356296669717865,0.7464071616332478,2.9871669573568204e-05
0,0,0.8742136142564126,0.12578638400195394,1.7416332761983137e-09
0,0,0.7744486670317835,0.2255510729836817,2.5998453466712756e-07
1,1,0.355018199110889,0.6449563110780714,2.5489811039684433e-05
0,0,0.5434783546591819,0.45652105845620555,5.868846125088671e-07
1,1,0.11380052415345847,0.85198653708958,0.03421293875696139
1,1,0.024417222806823513,0.9755070502997414,7.572689343517869e-05
1,0,0.5816735447382421,0.4183262265497696,2.2871198829282045e-07
1,1,0.06978211152662038,0.9301703743434171,4.751412996256531e-05
1,1,0.170342792823464,0.8296520687344384,5.138442097526856e-06
0,0,0.8419449020163048,0.15805506639304112,3.159065392887093e-08
1,1,0.24994528709244024,0.7498948500878447,0.0001598628197150527
0,0,0.9999847365470445,1.5257715354171105e-05,5.737601490388302e-09
1,1,0.06409817832293624,0.9358416233227274,6.019835433645528e-05
1,1,0.08791793006454225,0.9120268679396175,5.520199584013814e-05
1,0,0.536931069001068,0.4630678976627123,1.0333362197079236e-06
1,2,1.1088173628754926e-05,0.1552052030390777,0.8447837087872936
1,1,0.022120657509911736,0.9777960103186302,8.333217145822195e-05
1,1,0.24135136646784047,0.7584218487055182,0.00022678482664129413
1,1,0.21971049083005678,0.7802891464148081,3.6275513523978813e-07
1,0,0.8371034399698712,0.16289650133458244,5.869554639250967e-08
1,1,0.10519884401025498,0.8947881563714608,1.2999618284259662e-05
1,1,0.20517846843823875,0.7948153620188791,6.169542882053448e-06
1,1,0.12245936392365836,0.8774629310190156,7.770505732615984e-05
2,2,0.0020500137811069238,0.1321360075731998,0.8658139786456933
0,0,0.6270031485958203,0.3729963191189887,5.322851910172146e-07
0,1,0.05386720592935368,0.9461128666880787,1.9927382567651356e-05
1,1,0.06884104619091824,0.9307501508325715,0.00040880297651018185
0,0,0.6618528407244993,0.33814697328606913,1.8598943142003674e-07
1,1,0.26236354753632213,0.7376327679108962,3.6845527818286248e-06
2,2,6.235542764234609e-06,0.19410572897097944,0.8058880354862563
0,0,0.8985655182897964,0.10143443795818115,4.3752022582726805e-08
0,0,0.8575274743012182,0.14247248323252862,4.24662532434137e-08
2,2,0.0010421081998755863,0.14333779630931248,0.855620095490812
0,0,0.9798494788831996,0.020150513668245915,7.448554266031196e-09
2,2,2.501761669398537e-06,0.14624108502193017,0.8537564132164005
1,1,0.30738323100875853,0.692498638383097,0.00011813060814435128
0,0,0.9933744801420132,0.006625519440476053,4.1751071806794146e-10
1,1,0.25545021229084636,0.7443929356880987,0.00015685202105489117
1,0,0.6367088154846983,0.36328450305747034,6.681457831404233e-06
1,0,0.5299729303267278,0.47002664504231373,4.2463095854432623e-07
0,1,0.05745093349548049,0.9409080630497517,0.0016410034547678519
0,1,0.2603582049600497,0.7396364230077311,5.372032219212569e-06
0,0,0.8227736036818241,0.17722634183458721,5.448358872913382e-08
1,1,0.45125864893779144,0.5487408439230751,5.071391334745912e-07
1,1,0.1077281874139577,0.8813305123837031,0.010941300202339329
0,0,0.7429301091153598,0.2570688248459471,1.0660386929640834e-06
1,1,0.15752824401229523,0.8424683240891387,3.4318985661180084e-06
0,1,0.41779748537130185,0.582202051807431,4.6282126704799887e-07
1,0,0.6318252941980204,0.3681691265067366,5.579295243029362e-06
1,0,0.5205664998984108,0.4794318887335589,1.611368030377405e-06
1,1,0.3410540231262134,0.6589438287434534,2.148130333092907e-06
0,0,0.8433814434032422,0.15661850163090213,5.4965855589676406e-08
1,0,0.6340938626941889,0.3659060881698483,4.913596278273862e-08
1,1,0.2638642093076488,0.7350286127493844,0.0011071779429668626
0,0,0.8085362272492769,0.19146362768425074,1.450664724000095e-07
0,1,0.1630629831224218,0.83690868145568,2.8335421898181954e-05
0,0,0.7018551177237985,0.29814481671465565,6.556154590396908e-08
0,0,0.7836946120309453,0.2163053863855993,1.5834555058217284e-09
0,0,0.9566337658622012,0.043365800272415184,4.3386538365756527e-07
0,0,0.7620382373971993,0.23796174901704764,1.3585752984466551e-08
1,0,0.7371536852974702,0.26284630801774395,6.684785868058012e-09
0,0,0.8869707447445915,0.11302791180440391,1.3434510047211385e-06
1,0,0.7783513706594747,0.22164516700493694,3.4623355884280293e-06
1,1,0.1144033871261217,0.8851587494325646,0.0004378634413137919
1,1,0.4121430442215463,0.5878024773297283,5.447844872536019e-05
1,1,0.23069942217382802,0.7692965114746994,4.066351472584988e-06
1,1,0.05437174303966264,0.9452084919150489,0.0004197650452886098
1,1,0.24274139030761085,0.7572488269118014,9.782780587633626e-06
1,0,0.7757025831047518,0.2242969546721083,4.622231398056319e-07
0,0,0.6686764032588071,0.3313227793645868,8.173766060348364e-07
1,1,0.04788838506750857,0.8937925149649594,0.05831909996753202
1,1,0.13051481881078958,0.8690689911127998,0.00041619007641068907
1,1,0.12023743147410806,0.8796689283735858,9.364015230615196e-05
0,1,0.09754646032896401,0.9023199394674325,0.00013360020360346888
0,0,0.735930886845279,0.2640691033955779,9.759143048659714e-09
2,2,2.233555784185948e-13,3.794863679879198e-08,0.9999999620511398
1,1,0.17802820868393632,0.821955881115491,1.5910200572679188e-05
0,0,0.9728903010499463,0.0271096731125802,2.5837473476335017e-08
0,0,0.893701074854534,0.10629890763799447,1.750747156858009e-08
1,1,0.20894735665161743,0.7910489399610321,3.7033873503189287e-06
0,0,0.5050498749665898,0.49493985816419295,1.0266869217218559e-05
1,1,0.154190063620845,0.8458049587181024,4.9776610527193855e-06
1,1,0.044562396870172556,0.955265719894034,0.0001718832357935327
0,0,0.8649328493232298,0.13506712986634858,2.0810421730063088e-08
1,1,0.20804724895156007,0.7919474698386346,5.281209805360321e-06
0,0,0.7369749278699396,0.26302506376300155,8.367058876062575e-09
1,1,0.13035533117159684,0.8659768664713026,0.0036678023571005336
1,2,3.1294441744099025e-06,0.08697841304298065,0.9130184575128449
0,0,0.7011712145802763,0.2988287274588638,5.796085977273569e-08
0,0,0.941883696880973,0.05811596376556977,3.393534572897934e-07
1,0,0.5499136769756492,0.4500860475756271,2.754487236506802e-07
1,1,0.43979665581214133,0.5601874391656605,1.590502219815426e-05
0,1,0.2647824133127426,0.7345307648687329,0.0006868218185245368
0,1,0.09138144911773335,0.9084574838298988,0.00016106705236771166
1,1,0.019262043040628517,0.9681242919136464,0.012613665045725128
0,0,0.51070005070333,0.48929454013755447,5.409159115508862e-06
0,0,0.8359798039254339,0.16401988745880774,3.08615758308502e-07
1,0,0.8355495147556425,0.16445035324517612,1.3199918132574636e-07
0,0,0.8226791141143527,0.17732043633596575,4.4954968151466125e-07
2,2,3.501704604947648e-09,0.02357723849228209,0.9764227580060134
1,1,0.103844046369417,0.8893818787679965,0.006774074862586636
0,0,0.6147746636661089,0.38522524541378056,9.092011067450342e-08
1,1,0.4988148741002461,0.5011815201796516,3.6057201024162302e-06
0,0,0.9935629577167377,0.006437039144414746,3.1388475031626856e-09
2,2,5.996028295914719e-08,0.08181763599583831,0.9181823040438787
0,1,0.30977513799362644,0.6901927848401553,3.2077166218377114e-05
1,1,0.302243862247311,0.6976127762757739,0.00014336147691518912
0,0,0.979673017395339,0.020326947347482922,3.525717807205043e-08
1,1,0.19082098003210937,0.8089206811478599,0.00025833882003077516
1,1,0.09241731343565758,0.8949903631317087,0.012592323432633652
0,0,0.7950322974730194,0.20496767751150044,2.5015480291392688e-08
0,1,0.15695662458912987,0.8372597656975042,0.005783609713365801
2,1,0.06124532060525371,0.9240507731320659,0.01470390626268043
0,1,0.4931211467782888,0.5068783070711426,5.46150568694729e-07
1,1,0.20167208042210313,0.7982166070158427,0.00011131256205417105
0,0,0.664874937726182,0.3351238417994383,1.2204743796710078e-06
0,0,0.54716705034231,0.4528324427334899,5.069242002007661e-07
1,1,0.2558015017625441,0.7441926049387844,5.893298671471564e-06
1,1,0.013242847247517897,0.814745158468153,0.17201199428432926
0,0,0.9018174856471028,0.0981824568365583,5.751633895217233e-08
0,0,0.8928827819360612,0.10711721510739249,2.956546442108957e-09
1,1,0.02681432990854223,0.7967198667862538,0.17646580330520384
2,2,2.407023438009335e-06,0.09175456974556495,0.9082430232309969
0,0,0.7335237302709509,0.26647597154254526,2.9818650378522635e-07
0,0,0.9058806597815134,0.09411901865571705,3.215627697174919e-07
0,0,0.6776003290759454,0.3223996450333941,2.5890660587791272e-08
1,1,0.30330976328816384,0.6966661810807836,2.4055631052591346e-05
1,1,0.15648720773490746,0.8433669056842659,0.00014588658082678106
0,1,0.16055942253241212,0.8322082177787185,0.007232359688869429
1,0,0.7263188353584579,0.27368101321411753,1.5142742463355846e-07
1,1,3.6437681596946e-05,0.7281695121588875,0.2717940501595156
1,1,0.04868173878904292,0.9447393539194497,0.006578907291507423
0,0,0.8802502434744103,0.11974975121416888,5.3114208117174994e-09
1,1,0.43923153501065665,0.5607664534415937,2.011547749624541e-06
1,0,0.5358265897105197,0.4641710136985932,2.3965908871134107e-06
1,1,0.4461858441829275,0.5531445672153055,0.0006695886017670126
2,2,1.6996768949517284e-06,0.08819346152237792,0.911804838800727
1,0,0.6492968914556814,0.35070030909287325,2.7994514453928505e-06
1,1,0.29139816378347905,0.7085925231015875,9.313114933566776e-06
0,0,0.9928289679602021,0.007171031863029385,1.7676869657392078e-10
0,0,0.5663114311803281,0.43368856151895935,7.300712474844313e-09
0,1,0.363738570318157,0.6362500798429911,1.1349838851916306e-05
0,0,0.8927844444526641,0.10721521111142093,3.4443591497281647e-07
0,1,0.48278067000955793,0.5172192883767408,4.161370126028725e-08
0,1,0.37909347337618965,0.6209046715628591,1.8550609511751511e-06
1,1,0.38657684579789725,0.6133512073116537,7.194689044908302e-05
1,1,0.06101926304046781,0.938735034005784,0.0002457029537482432
1,1,0.32689009608459485,0.6730564271233721,5.347679203312799e-05
0,0,0.9104589749840566,0.0895410122566198,1.2759323645334921e-08
0,0,0.5951599682698334,0.4048399186922433,1.1303792325597323e-07
1,1,0.12949861990766345,0.8704042729032773,9.710718905938244e-05
0,0,0.6970806145989374,0.3029193758438927,9.55716991939053e-09
1,1,0.10236006162856792,0.8975661876120008,7.375075943145813e-05
1,1,0.11227996075552239,0.8876802158428354,3.982340164220008e-05
0,0,0.9201142197151433,0.07988577807887648,2.205980164970523e-09
1,1,0.47083324415768574,0.5291662291912383,5.266510760319206e-07
0,1,0.04794956080964603,0.8874022151872332,0.06464822400312077
0,1,0.48014119202879346,0.5198573533938058,1.4545774008136842e-06
0,0,0.7055325809217037,0.2944674019754763,1.7102819870572495e-08
1,1,0.06186952870174924,0.9380883958531581,4.2075445092504316e-05
0,1,0.27828236425749114,0.721708796451054,8.839291454862651e-06
0,0,0.7357153646138226,0.264284511007324,1.243788534343381e-07
1,0,0.6337772163364681,0.3662029978640332,1.9785799498536007e-05
1,1,0.0646739810478701,0.9249727561289564,0.010353262823173517
0,0,0.6916750368005035,0.3083238316267519,1.131572744762988e-06
0,1,0.44696232996964064,0.5530360780110383,1.59201932101605e-06
0,0,0.8210403303470432,0.17895947746902774,1.921839289840016e-07
1,0,0.632749767148142,0.367249487382159,7.45469698932081e-07
0,0,0.9829293732810308,0.017070618537657532,8.181311627333823e-09
1,1,0.47557251009057766,0.5244254667694271,2.0231399951848134e-06
1,0,0.6245333442509375,0.37546208871231057,4.567036751698995e-06
0,1,0.4596413115410335,0.5403531866899864,5.501768980033565e-06
1,0,0.5157465346511796,0.4842533546038066,1.1074501386481398e-07
2,2,1.1660360829440787e-13,3.6124153786388546e-05,0.9999638758460971
0,0,0.8835556531672327,0.11644430024272662,4.6590040668430315e-08
0,0,0.6459426831997436,0.354057208794509,1.0800574740051331e-07
2,2,0.001012253388548786,0.06748463815621741,0.9315031084552339
1,1,0.21653767635827262,0.7834550921824295,7.231459298000415e-06
0,1,0.1874283772823759,0.8125321383159995,3.9484401624587107e-05
0,0,0.9059290286531477,0.09407062368044017,3.4766641227715463e-07
1,1,0.05055460587556371,0.9492767159096909,0.0001686782147454955
1,0,0.5746085901044011,0.4253909228337142,4.87061884668152e-07
0,0,0.5994918482288616,0.4005079514384548,2.0033268349901004e-07
0,0,0.7995167647782189,0.20048314129056338,9.393121776928644e-08
1,1,0.4455353470870214,0.5544622257043738,2.427208604857125e-06
2,2,7.195461607920683e-12,0.000328345776558624,0.9996716542162459
1,0,0.8617760752147888,0.13822370596800213,2.188172090959221e-07
0,0,0.7960533330958437,0.2039457240292634,9.428748928758094e-07
1,1,0.4305696356167399,0.5694260127699763,4.351613283787244e-06
2,2,0.0004048434172139343,0.04718221701773985,0.9524129395650462
1,1,0.05628285792406356,0.9435492552887303,0.00016788678720620415
1,1,0.3972056796951118,0.602793622876893,6.974279952824592e-07
1,0,0.792790968463041,0.2072090247883286,6.748630274837494e-09
1,1,0.4102778069119471,0.5894174801135419,0.00030471297451100353
0,0,0.9874796011820565,0.012520396007421405,2.8105221203595976e-09
1,1,0.2786280405582686,0.7213667060705206,5.253371210690691e-06
1,1,0.174196199331704,0.8256058103584523,0.00019799030984356142
1,1,0.019339726946213324,0.9029851652896347,0.07767510776415194
0,1,0.47501997448184413,0.5249788430028598,1.1825152960818307e-06
1,1,0.01841807720987422,0.9812186964428813,0.000363226347244649
0,0,0.7253414765684099,0.27465848796145453,3.547013557534278e-08
1,1,0.35315102687612066,0.6468477707850627,1.2023388165170572e-06
1,1,0.07615095882059357,0.9238231682942257,2.587288518069989e-05
1,1,0.23999875099994866,0.7599922864741896,8.962525861823875e-06
1,1,0.4098498906446487,0.5901472246122091,2.884743142225589e-06
0,0,0.7960248068246168,0.20397511124388537,8.193149778349901e-08
0,0,0.5739280908943772,0.4260716097749647,2.993306579501826e-07
1,1,0.1482769600486346,0.8454332154853225,0.006289824466042926
0,1,0.3806474992497624,0.6193516272757643,8.734744733587031e-07
1,0,0.7871259267341197,0.212874069578112,3.6877682514969953e-09
0,0,0.7368876146644227,0.26311221729901746,1.6803655978763833e-07
1,0,0.5748277111777861,0.42517216486037424,1.2396183960416246e-07
1,1,0.22626438993217576,0.7735612667453997,0.00017434332242454643
1,0,0.5795574344683597,0.42044187550538614,6.900262542118666e-07
0,1,0.36344668363399024,0.6363191885231284,0.00023412784288127383
0,1,0.43273221238114856,0.5672673374895633,4.5012928821172396e-07
0,1,0.34877341505443765,0.6512231033694871,3.4815760752511817e-06
1,1,0.06589099083378436,0.9079610231401093,0.026147986026106358
1,0,0.6796381057281159,0.32036151645228467,3.778195994143319e-07
0,0,0.6412002633152147,0.35878310242836436,1.6634256420895605e-05
0,1,0.1852442741753632,0.8147444530904276,1.1272734209208396e-05
1,1,0.04044351390285354,0.9595171817521762,3.930434497025973e-05
0,0,0.8081051380035725,0.19189482082317935,4.117324821614451e-08
0,0,0.9635223748740368,0.0364775555811186,6.954484453595701e-08
1,1,0.13395350614813717,0.8658312095933594,0.00021528425850349993
2,2,9.02089469249188e-06,0.19391340422839903,0.8060775748769086
0,0,0.7231695775197052,0.27683038754769074,3.493260400536513e-08
0,0,0.9071804540857085,0.09281951848408172,2.743020980669062e-08
1,1,0.40199131113850683,0.5980054627776077,3.226083885365088e-06
1,1,0.10692273389857536,0.8930339969588516,4.326914257315799e-05
0,0,0.9552733610097789,0.044726306839787344,3.321504339415207e-07
1,2,2.092952221181294e-05,0.4351555499116012,0.564823520566187
0,0,0.7166952055938506,0.28330464966949576,1.4473665360819916e-07
1,1,0.036951540455031816,0.928050538728607,0.034997920816361085
0,0,0.7961607020681559,0.203838899841095,3.9809074896940327e-07
0,0,0.7815098149302846,0.2184898531666133,3.319031021077211e-07
0,1,0.16189395011111346,0.8380277036676527,7.834622123394926e-05
1,1,0.12115903817314994,0.8787832485978629,5.771322898707451e-05
1,1,0.32190730079869995,0.6780914038276727,1.2953736273303914e-06
0,0,0.7166919481951496,0.28330747583186033,5.759729902414095e-07
0,0,0.6957130152133123,0.30428668851731516,2.9626937252214117e-07
0,1,0.3816257226300569,0.6183656625243339,8.614845609187031e-06
1,1,0.285580964162982,0.7144163618374093,2.6739996086963784e-06
1,1,0.09695485194356897,0.9029742736358176,7.08744206133257e-05
1,1,0.11449614726036807,0.8854905771592423,1.3275580389611331e-05
0,0,0.7212348704986244,0.2787648986928919,2.3080848364144605e-07
0,0,0.6420709627282243,0.35792899592749267,4.134428309997152e-08
1,1,0.08022378400378849,0.9197544511634574,2.1764832754111437e-05
1,1,0.18889756402291857,0.8110946895808985,7.746396182931807e-06
0,0,0.6983121675253642,0.30168775554802374,7.692661219818638e-08
0,0,0.8836366753277926,0.11636331904745485,5.624752587943522e-09
0,0,0.7017868475168992,0.298213136247804,1.623529681164964e-08
1,1,0.1855765256964893,0.814421738136999,1.7361665116992462e-06
0,0,0.8174153428690385,0.18258463887485415,1.8256107397904135e-08
1,1,0.24073892531916005,0.7592160373636246,4.5037317215239606e-05
1,0,0.5986895234393096,0.4013103819908294,9.4569861051461e-08
1,1,0.09054513894602687,0.909318280009153,0.00013658104482011475
1,0,0.7663176397058227,0.23368233564181543,2.4652361832979457e-08
1,0,0.824153871074161,0.1758461229181449,6.007694083171939e-09
1,1,0.45527672716142775,0.5446876712782904,3.560156028185942e-05
0,1,0.40022259841535096,0.5996021681694278,0.00017523341522124615
0,0,0.5605533882968882,0.4394377135047212,8.898198390614318e-06
1,1,0.13910154115651693,0.8608104246000965,8.803424338655487e-05
1,1,0.24517171588261003,0.7548155955494708,1.268856791911822e-05
1,1,0.1651923040895264,0.8347958179978894,1.1877912584167244e-05
0,0,0.6708258050816761,0.32917409126071556,1.0365760833715573e-07
1,1,0.07782824617074585,0.9220823530164556,8.9400812798512e-05
1,0,0.5127793760794939,0.4872195752963786,1.048624127424706e-06
0,0,0.8311933992148215,0.16880658382301722,1.6962161409792738e-08
1,1,0.1106628256669961,0.8893174158202594,1.9758512744508486e-05
1,1,0.22768554839008623,0.7722412658032085,7.318580670528081e-05
1,1,0.3331565461697226,0.6668415212449853,1.9325852920336403e-06
0,0,0.6652208474663717,0.3347789534264118,1.9910721646723764e-07
0,1,0.48992489018354674,0.5100479061308505,2.7203685602727673e-05
1,1,0.21656062463734516,0.7834191333403874,2.024202226754614e-05
0,0,0.6171210985427401,0.3828700768520173,8.82460524255721e-06
1,1,0.07237243133002905,0.9276146945929432,1.2874077027748001e-05
0,0,0.839517760303498,0.16047888436598517,3.3553305167855566e-06
0,0,0.9885720960288502,0.011427903012842352,9.583074243855169e-10
0,0,0.7504511458864613,0.24954794067852457,9.134350140322213e-07
0,0,0.9524252252250807,0.04757473683752196,3.7937397468773386e-08
0,1,0.39611081446278157,0.6038857642425218,3.4212946965904874e-06
0,0,0.9630131685384543,0.03698677469737668,5.6764169116481856e-08
0,0,0.5012101782372879,0.4987883230794108,1.498683301297138e-06
0,1,0.4991985220178588,0.5007997463633991,1.7316187421660463e-06
0,1,0.37882185825018677,0.62117509037141,3.0513784032365664e-06
1,1,0.158662133625727,0.841304236726874,3.3629647398821874e-05
1,1,0.043633697972480484,0.9562119264637337,0.00015437556378587543
1,1,0.2180884218633452,0.7819037312302535,7.846906401205725e-06
1,1,0.16951088872622985,0.8303899469468807,9.916432688943475e-05
1,1,0.027553868964865256,0.9723018115409694,0.00014431949416528867
0,0,0.6933821623232492,0.3066143301039332,3.5075728176736123e-06
2,2,0.00014903829440278906,0.03405594705581526,0.965795014649782
1,1,0.39707849920658783,0.60288793334466,3.356744875213454e-05
1,1,0.29666414632253496,0.7033320314972765,3.8221801883097914e-06
0,0,0.6296896975695344,0.3703102102410424,9.218942306507925e-08
2,2,3.6915765174018696e-08,0.006205896146366027,0.9937940669378688
2,2,1.1281102929454095e-05,0.20675521213684098,0.7932335067602296
0,0,0.7341404689220984,0.26585908455911395,4.4651878769479026e-07
0,1,0.3124379523790045,0.687251157987806,0.0003108896331894424
1,1,0.09033694945837344,0.8341768071538614,0.07548624338776513
1,1,0.457665645335878,0.5423336662239877,6.884401342290004e-07
0,0,0.5922945904547186,0.4077047984944207,6.110508607659328e-07
0,1,0.23695879202186704,0.7630380266390436,3.181339089235416e-06
0,0,0.6256839058719029,0.37431534367348446,7.50454612547555e-07
1,1,6.993373753466543e-05,0.6595428380354762,0.340387228226989
1,1,0.093089011215012,0.9067959439436438,0.00011504484134423588
1,1,0.09420237280807567,0.8993641038135339,0.006433523378390312
0,0,0.5268765913231169,0.47312326345167793,1.452252051479063e-07
1,1,0.05205640724025474,0.9478591335250843,8.445923466097164e-05
0,0,0.7297198996632173,0.27027977904408634,3.21292696288112e-07
1,1,0.23820484715001763,0.7617458469304497,4.930591953278512e-05
1,1,0.4491254526413416,0.5508313650093721,4.318234928628928e-05
0,1,0.23662951750700076,0.7633563379591718,1.4144533827429278e-05
0,0,0.745613716811912,0.2543862569034641,2.6284623841987012e-08
0,0,0.9296670224578456,0.07033285456709865,1.2297505571327992e-07
0,0,0.7856682856386366,0.21433104633468286,6.680266805253902e-07
1,1,0.23412892103607238,0.7658537006044673,1.7378359460312873e-05
1,1,0.035619674986576096,0.9643008846158216,7.944039760229015e-05
1,1,0.1638698857637004,0.8360715670843534,5.854715194628813e-05
0,0,0.9630635577051527,0.03693643902816279,3.266684409161416e-09
0,0,0.5242151708551958,0.4757846735820212,1.555627830503308e-07
1,1,0.36762186654196916,0.6323762174016805,1.916056350415386e-06
1,0,0.6096754843825967,0.3903228342942259,1.6813231774928453e-06
1,1,0.44737106583854225,0.5526279071562875,1.0270051702550736e-06
0,1,0.2943982978972968,0.705412560233133,0.00018914186957013347
1,1,0.04942506137746766,0.9505453995857254,2.953903680681193e-05
2,2,5.590935879139023e-12,8.487872762327498e-08,0.9999999151156814
1,0,0.8358231463624914,0.16417680801772036,4.5619788279192104e-08
1,1,0.051283967165964305,0.9486387231559578,7.730967807784325e-05
1,0,0.8222723228703968,0.17772735843027135,3.1869933196394755e-07
2,2,5.760766454089464e-05,0.3481641557184752,0.6517782366169839
2,2,2.4367784057640067e-11,0.0003840317360328795,0.9996159682395993
1,1,0.43912701636339224,0.5608725988818861,3.8475472171538007e-07
1,0,0.9149857234607564,0.08501426222220669,1.4317036918092288e-08
0,0,0.9056309593044797,0.09436904020204623,4.934740724835392e-10
1,1,0.14485771542415643,0.8551349368163172,7.347759526285454e-06
1,0,0.5272884638369819,0.4727086349405344,2.9012224836485056e-06
1,1,0.09300199575095432,0.9064309266699445,0.0005670775791010994
1,0,0.514142932672062,0.4858552259448292,1.8413831088229935e-06
0,0,0.6821399523958427,0.3178598741579369,1.7344622031961352e-07
1,1,0.1590323249799819,0.8409566403101303,1.1034709887809787e-05
1,1,0.04819423584192006,0.9517757226529748,3.0041505105243448e-05
0,1,0.29139663614156996,0.7084528168504288,0.00015054700800113497
1,1,0.03497094574440127,0.892363534359321,0.07266551989627763
0,0,0.8825459069528778,0.1174533236621106,7.693850115267779e-07
1,0,0.6158060093857144,0.3841626579960642,3.133261822135749e-05
1,1,0.37736640523372095,0.6225942819509465,3.931281533271776e-05
1,1,0.027880150395127052,0.9720151906102661,0.00010465899460685181
0,1,0.14433660505469625,0.8544967513801014,0.0011666435652024944
1,1,0.17501576076836756,0.824977235794836,7.003436796425102e-06
0,0,0.8755327701584789,0.12446721714432042,1.2697200669909367e-08
0,0,0.8709852266075603,0.12901476860511357,4.787326136362341e-09
1,1,0.10775165752381297,0.8922279620730943,2.0380403092815137e-05
1,0,0.6502187239645764,0.34978111982551857,1.562099051067842e-07
0,0,0.7733036008805657,0.2266959583496849,4.40769749476548e-07
0,0,0.7010462513486934,0.2989531205689105,6.280823962936628e-07
1,1,0.19521152033749894,0.8044014350055134,0.0003870446569877079
1,2,0.006285256188932636,0.3499387332941368,0.6437760105169306
1,1,0.03875388964946392,0.8913546937168139,0.06989141663372213
0,1,0.25265508796610747,0.7471247010064165,0.00022021102747600871
0,1,0.3322480155102028,0.6676980663769606,5.3918112836676344e-05
1,1,0.20756131659376978,0.7924335751586365,5.10824759355705e-06
1,1,0.36225231314889367,0.6377400153033367,7.671547769727577e-06
1,1,0.23175279777628097,0.768241791417545,5.410806174027836e-06
1,1,0.2119501826550756,0.7880441658835338,5.651461390563856e-06
1,1,0.35929582587966286,0.6407017267086281,2.4474117090824897e-06
1,1,0.08538844595093187,0.907768904864962,0.006842649184106057
1,1,0.24956229400912844,0.7497703481668283,0.0006673578240432493
1,1,0.2296966981932833,0.7702703493983245,3.295240839225271e-05
0,0,0.6961530825039147,0.3038454584345847,1.4590615006072206e-06
1,1,0.04884858466914859,0.9025967611474395,0.04855465418341191
1,1,0.23462663510187384,0.7653655384635755,7.82643455062843e-06
2,2,3.6658366297463814e-09,0.0008555554268079095,0.9991444409073555
0,0,0.6380014518137923,0.3619870994482127,1.1448737995135363e-05
1,1,0.4273982076669623,0.5726014020512245,3.902818133913435e-07
0,0,0.6809113839395211,0.3190885449059776,7.115450125139297e-08
1,1,0.3657151066915872,0.6342842719878119,6.213206008772546e-07
1,1,0.048567973022873724,0.7998489121344937,0.1515831148426326
1,1,0.1027179586715074,0.8972553257113121,2.671561718042957e-05
0,1,0.27931446268877347,0.7206428798481569,4.2657463069543893e-05
1,1,0.16487205777783612,0.8323287365261134,0.002799205696050586
0,1,0.4324514102199268,0.5675239993095905,2.4590470482681683e-05
1,1,0.08337820538024668,0.9162014762892936,0.0004203183304596569
0,0,0.8703871015745788,0.12961287817337055,2.025205066717276e-08
1,1,0.1151101903576673,0.8847666935177477,0.00012311612458494272
2,2,1.0559748034843699e-07,0.008686947795766974,0.9913129466067527
1,0,0.8074378782057665,0.19256206936338008,5.2430853475159726e-08
1,0,0.5615114198707876,0.43848690090988474,1.6792193276139126e-06
0,0,0.7630038107873438,0.23699043704709982,5.752165556273682e-06
0,0,0.5500681722662027,0.4499317914082263,3.632557102745041e-08
0,0,0.5638138738967986,0.43618609639399686,2.970920455294318e-08
0,0,0.7756454122928589,0.22435455554923642,3.215790464438266e-08
1,0,0.6581870062500103,0.3418129264584476,6.72915420711687e-08
1,1,0.21120047583748666,0.7887539615790755,4.556258343781725e-05
1,1,0.39574232339253,0.6042565833908561,1.0932166138867505e-06
1,1,0.2033938529641505,0.7966038710144473,2.2760214021647185e-06
1,1,0.21952087532883013,0.7801594082463759,0.0003197164247939811
0,1,0.4755252577219562,0.5244649689229953,9.77335504852681e-06
0,1,0.4950700666772665,0.5049241803967032,5.7529260304127805e-06
1,1,0.010804112315746402,0.9887877616201994,0.0004081260640542805
1,1,0.09026601365705168,0.9056209050630918,0.004113081279856654
1,1,0.08493764862749441,0.9150316365197647,3.071485274096134e-05
1,1,0.14463260374669498,0.8553564659359354,1.0930317369644925e-05
1,0,0.8402701480148884,0.1597298472247127,4.7603988097965215e-09
2,2,2.1742010296039568e-07,0.012448847868714348,0.9875509347111826
1,1,0.08509164109648891,0.9148797971701219,2.8561733389018304e-05
0,1,0.2874733781975259,0.7125221199960131,4.501806461141174e-06
1,0,0.5971788155240263,0.4028210605872823,1.238886913871324e-07
1,0,0.7608742167949233,0.23912560999209395,1.7321298283548492e-07
2,2,5.566364077280865e-09,0.013714193345577443,0.9862858010880585
0,1,0.464691230784312,0.5353086184220961,1.5079359183119882e-07
1,1,0.20551570310412864,0.7941876067282149,0.00029669016765653975
1,1,0.0458582101426688,0.9540884249222843,5.3364935046959266e-05
1,1,0.27193206876869636,0.7280640829406766,3.848290626927133e-06
0,1,0.43779007516453194,0.5622087860610168,1.1387744513180888e-06
0,1,0.18056257278901033,0.8177797137837814,0.0016577134272082004
1,1,0.05108225442809753,0.9488639930691641,5.375250273817729e-05
0,0,0.9126050108440295,0.08739496284567415,2.63102964933881e-08
2,1,0.031247103159977016,0.8538168788642241,0.11493601797579878
1,0,0.667858930271092,0.33214056682497156,5.029039365162e-07
1,1,0.31989836179173736,0.6800981633572907,3.4748509719299546e-06
0,0,0.7405332650937136,0.2594666896050819,4.530120444216291e-08
1,1,0.09581572791255195,0.9040959171503448,8.835493710319563e-05
1,1,0.12709228636928555,0.86678476674699,0.006122946883724373
1,1,0.15918059085940678,0.8408053423910687,1.4066749524511501e-05
1,1,0.11086174324172596,0.8891277149998077,1.0541758466413837e-05
0,0,0.9667617972860377,0.033238089938954836,1.1277500741820531e-07
0,0,0.7012113512194476,0.29878843426947593,2.1451107651041096e-07
0,1,0.08646353040372542,0.9135102820016883,2.6187594586478267e-05
1,1,0.21739213064267257,0.7826034110531154,4.458304212181248e-06
1,1,0.2595373062489237,0.7401743589619696,0.00028833478910669807
1,0,0.7528975303969213,0.24710239324715352,7.635592522688118e-08
1,1,0.16222040745184887,0.8369866924750059,0.0007929000731451336
0,0,0.9662505052182496,0.03374945484961216,3.9932138336952937e-08
2,2,9.075388903782951e-08,0.013904404599941439,0.9860955046461695
0,0,0.5683130151800582,0.4316741051631798,1.2879656762045108e-05
0,0,0.9251271724679669,0.07487281922298802,8.30904513418123e-09
1,1,0.08917040902499816,0.9107979948593872,3.159611561452173e-05
0,0,0.6988858329706994,0.3011139409160888,2.2611321175055513e-07
1,1,0.17375398853159876,0.8262363757183848,9.63575001639704e-06
0,0,0.8804794846151967,0.1195205045049939,1.0879809407001048e-08
1,1,0.2218623629882728,0.7781253386670424,1.2298344684861099e-05
1,1,0.29683817246243066,0.702811225323811,0.00035060221375827154
0,0,0.9999988433097026,1.1349927953653829e-06,2.1697501994597134e-08
1,1,0.09153905214493314,0.9084005479819305,6.0399873136364536e-05
1,1,0.16906970816689387,0.8309233812977334,6.9105353726155415e-06
0,0,0.6520442110435957,0.3479556197644954,1.6919190898086096e-07
1,0,0.8593591703341712,0.14064044438163395,3.8528419492777566e-07
0,0,0.9425588061144746,0.05744119177305783,2.1124675804333022e-09
1,1,0.031132934127509313,0.9687345967218486,0.0001324691506421332
2,2,2.0997458823304914e-09,0.00039129218379714353,0.9996087057164569
1,0,0.5091969239436367,0.4907986539480834,4.422108279748064e-06
0,0,0.8320701390088797,0.1679298148327265,4.6158393751008996e-08
0,1,0.04363869631647384,0.9189572302754929,0.03740407340803319
1,0,0.6901784480834718,0.3098215367422582,1.5174269996965303e-08
0,1,0.04934558690586186,0.848187594627654,0.10246681846648417
1,1,0.47463014979456986,0.5253693825155418,4.6768988826664035e-07
1,1,0.11086081213478303,0.8890919933640525,4.7194501164361336e-05
1,1,0.38406174853830577,0.6159376499227226,6.015389716325222e-07
2,2,0.0021628911396548004,0.20851771350918166,0.7893193953511636
1,1,0.25822184057993713,0.7417375043127198,4.065510734295813e-05
1,1,0.1318327896463271,0.8681610066955658,6.2036581070925995e-06
0,0,0.730112433854974,0.2698862449292575,1.321215768434978e-06
1,1,0.07941685017576718,0.9205369702276199,4.6179596613002646e-05
0,0,0.5341140250157985,0.4658859128083444,6.21758570813346e-08
0,0,0.6389991682302194,0.36100082318533977,8.584440789676431e-09
1,1,0.11181727036201097,0.8881576229255584,2.5106712430646947e-05
1,1,0.12800452406433127,0.8679097216416741,0.004085754293994608
1,1,0.29098438840583357,0.7090086676878855,6.943906280998679e-06
0,1,0.22838186291942295,0.7712320099344074,0.00038612714616963027
1,1,0.49423906728598704,0.505759556375371,1.3763386420129713e-06
1,0,0.500984869599139,0.4990139020570143,1.2283438466309078e-06
0,0,0.9590976134904687,0.04090227271225695,1.1379727435426954e-07
1,0,0.6528424139558717,0.34715156025784744,6.025786280769087e-06
1,1,0.4812818238189445,0.5187009488159121,1.722736514340243e-05
1,1,0.14826866882110473,0.851672275303223,5.905587567222535e-05
1,0,0.7619381942836818,0.23806175275270358,5.2963614512408816e-08
1,1,0.047454171095534396,0.9524831555266351,6.26733778305072e-05
0,1,0.25276631463684396,0.747217923771691,1.5761591465031178e-05
1,0,0.6980947246253613,0.3019052601554484,1.521919048354663e-08
1,1,0.1627940810659291,0.8371824416537781,2.347728029293329e-05
1,1,0.4062121795846568,0.5937858661845838,1.9542307593430214e-06
1,0,0.627351654721047,0.3726481030777703,2.4220118255996515e-07
1,0,0.5822823519547599,0.41771448544896783,3.1625962722080262e-06
0,0,0.8335982730292737,0.16640079565509577,9.31315630537783e-07
1,0,0.6587812980507509,0.3412179635586889,7.383905601166871e-07
0,0,0.6994531113874252,0.3005468731224557,1.549011921232347e-08
1,1,0.029386354695955633,0.9705628173444693,5.082795957508821e-05
0,0,0.9999958231454079,3.927194552849743e-06,2.4966003927094764e-07
1,0,0.663693675293977,0.3363062770711779,4.763484491357096e-08
1,1,0.14116506767474754,0.8587718785146277,6.30538106247505e-05
0,0,0.9868251013736854,0.013174897057405283,1.5689094167371154e-09
1,1,0.3148841469931557,0.6851144702230645,1.3827837797862364e-06
0,0,0.863348202301679,0.136651776228567,2.146975399704191e-08
1,1,0.03842956385526188,0.9609755223013997,0.0005949138433383911
1,1,0.12451239952153435,0.8754643102238876,2.3290254578242946e-05
0,1,0.45881282189184786,0.5411859491953043,1.228912847885236e-06
1,1,0.17397743116807982,0.8248857675005421,0.0011368013313779507
0,0,0.9068976233516354,0.09310234802047317,2.8627891311011743e-08
0,0,0.9308134738557925,0.06918630042776186,2.2571644569936187e-07
0,0,0.7888690690467075,0.21113092224380417,8.709488410141377e-09
1,0,0.6788322084214898,0.32116769573044596,9.584806417706277e-08
1,0,0.5484190124095129,0.4515712115087523,9.776081734838613e-06
1,0,0.6267276915089266,0.3732692120797764,3.0964112969521913e-06
1,1,0.3736098761716591,0.6263680606252131,2.2063203127835538e-05
1,1,0.141143997323981,0.8588507716116589,5.231064360143322e-06
2,2,0.0063319823124600464,0.29457406881458786,0.6990939488729521
1,1,0.012976653149289637,0.5414216121395301,0.44560173471118025
1,1,0.07527545603586175,0.9246852832264187,3.926073771942059e-05
2,2,0.0006782099638264681,0.06403950989140964,0.9352822801447639
1,1,0.03841493740431736,0.9119337859399875,0.04965127665569528
2,2,0.005369681649967493,0.45464754286222475,0.5399827754878077
0,0,0.8741219538802467,0.12587803089668956,1.5223063806669538e-08
1,1,0.034080053711468765,0.8843468921253633,0.08157305416316797
0,1,0.3959547520114105,0.604039540037214,5.70795137552842e-06
1,1,0.11605488693431888,0.8839098296952921,3.5283370389114596e-05
1,1,0.05351813663588866,0.9464518136119298,3.0049752181525432e-05
0,0,0.6676831962109187,0.33231675304786507,5.0741216199338564e-08
0,0,0.6958809277544774,0.30411780487340656,1.2673721160125422e-06
1,0,0.6628417592463013,0.33715765547094356,5.852827551276417e-07
1,1,0.1683868435363553,0.8316051736949837,7.98276866101314e-06
1,1,0.1523912777299314,0.8475584311018893,5.029116817924971e-05
1,1,0.13318073528590385,0.8667945268951996,2.473781889646422e-05
1,1,0.04415575465277026,0.9558145181180334,2.972722919631214e-05
1,1,0.06608655779321429,0.9098700134999149,0.02404342870687093
0,0,0.8939756738074207,0.10602428122727403,4.496530526838102e-08
2,2,9.298915957469271e-08,0.0066152317677678615,0.9933846752430725
0,1,0.043515080300552365,0.9564681837768738,1.6735922573774637e-05
0,1,0.31488279150472415,0.685116410726488,7.977687878356439e-07
0,0,0.6805777852181701,0.31941916220120364,3.052580626160762e-06
1,1,0.2726501522753162,0.7273477480709282,2.099653755576667e-06
1,0,0.7392352119979999,0.26076450953003705,2.7847196311682353e-07
2,2,1.236150302521274e-06,0.0877056924798542,0.9122930713698433
1,1,0.2726054474951951,0.7273885804143488,5.972090456158741e-06
1,1,0.005782043372042788,0.9937197462156553,0.0004982104123020193
1,1,0.16232049017118275,0.8376366974222926,4.281240652466734e-05
1,1,0.13714009615356648,0.8628404496555134,1.9454190919945242e-05
1,1,0.05219309704346754,0.9477842029907221,2.2699965810497466e-05
1,1,0.17714856720876038,0.8228330498889416,1.838290229797217e-05
0,1,0.33467638469092953,0.6653204076372142,3.207671856238471e-06
0,0,0.9102082660478351,0.08979170670349924,2.7248665626261218e-08
1,1,0.47806509924688156,0.5217937090159386,0.0001411917371798794
1,1,0.16877923101293218,0.8311493619676649,7.140701940307964e-05
1,1,0.33526879641077695,0.6647184123734896,1.279121573347541e-05
0,0,0.8770921165879875,0.12289323001037397,1.4653401638491706e-05
1,1,0.04547973498776689,0.9544780554615399,4.2209550693119674e-05
1,0,0.810903145741875,0.18909675859924457,9.56588803029688e-08
2,1,0.035926603914251794,0.872580123916162,0.09149327216958622
0,0,0.9999976513397486,2.2763660126315574e-06,7.229423877624913e-08
1,1,0.025656663387737862,0.869400751321131,0.10494258529113101
1,1,0.16222463054342318,0.8377380323130614,3.733714351545524e-05
0,1,0.47059373463665755,0.5294061650368637,1.0032647870003085e-07
1,0,0.5006301603499298,0.49936950474627756,3.3490379254974863e-07
1,1,0.06220621774600167,0.9377416859432403,5.209631075813915e-05
1,1,0.27922347164291045,0.7207746279128859,1.900444203575392e-06
1,1,0.05352219901982595,0.9463175614347081,0.00016023954546610046
1,1,0.22128845144840345,0.7787062099230208,5.338628575834082e-06
1,1,0.38470457478337783,0.6152930215770542,2.403639567873205e-06
1,0,0.7350672330838652,0.26493267781435165,8.910178323424338e-08
1,1,0.19055502296413585,0.8093959699202552,4.9007115608983724e-05
0,0,0.8948113591009665,0.10518860052370656,4.037532699330384e-08
2,2,7.410842562162418e-09,0.01835307482434665,0.9816469177648108
1,1,0.12788420157159044,0.8720871495810735,2.8648847336097426e-05
0,0,0.7397147465514414,0.2602851865873378,6.686122069187067e-08
1,1,0.1624817678267327,0.8374609378395262,5.729433374102898e-05
1,1,0.1824178726005832,0.8175770033942779,5.124005138965333e-06
1,1,0.3023236329203041,0.6976743186672177,2.0484124780463436e-06
0,1,0.38726974205375675,0.6127240294574252,6.228488818048964e-06
0,1,0.3219471010288531,0.6780513286020712,1.570369075753736e-06
0,0,0.7193257701871023,0.28067410538232934,1.2443056833618487e-07
1,1,0.13039032456440972,0.8695907563827935,1.891905279676984e-05
0,0,0.9999726938075536,2.7296396171483644e-05,9.796275065831022e-09
1,1,0.3965747608242439,0.6034248279560317,4.112197243300753e-07
0,1,0.09605035716588026,0.901064632408973,0.0028850104251465563
1,1,0.18413487197960182,0.8158578568457736,7.271174624424227e-06
1,1,0.18022911093886232,0.8197635352268395,7.353834298251425e-06
1,1,0.019916701899367336,0.8437139734214782,0.13636932467915436
1,0,0.694253667207198,0.3057429949533131,3.3378394889431743e-06
0,0,0.5726907175121231,0.4272479574031024,6.13250847746135e-05
1,1,0.13780966968103642,0.8621810005021479,9.32981681567104e-06
1,1,0.39831939471499134,0.6016798805705587,7.247144499282414e-07
0,0,0.5460913764838179,0.4539082083716056,4.1514457642605426e-07
1,1,0.480975362929737,0.5190239445214649,6.925487979939173e-07
2,1,0.02712225359858402,0.9482442488638718,0.024633497537544104
2,2,7.365353223842032e-07,0.04787881940692992,0.9521204440577477
1,1,0.16869552673876462,0.8312890670752021,1.5406186033333132e-05
0,0,0.9999981677138703,1.776708799368717e-06,5.557733034945254e-08
1,1,0.052152626372516685,0.921897871838365,0.025949501789118354
1,1,0.20638199980726402,0.7936042432603853,1.3756932350933034e-05
2,2,0.009992459928770526,0.3399215833543304,0.6500859567168991
0,0,0.5071221362625381,0.4928767207824892,1.1429549727270152e-06
1,1,0.45442888035275925,0.5455687511799425,2.3684672981698246e-06
0,0,0.880509484425443,0.11949037794881494,1.376257421319546e-07
0,1,0.4515377425803767,0.5484617063277767,5.510918466465585e-07
1,1,0.023992194344269312,0.9613253890977963,0.014682416557934426
1,0,0.51275321208992,0.48724534516051854,1.4427495615428247e-06
0,0,0.6312616266567632,0.3687369216188192,1.4517244177623182e-06
1,1,0.2765339891909425,0.7234271294129396,3.8881396117811115e-05
0,0,0.6720794095610287,0.327920297294077,2.9314489420850686e-07
1,1,0.10400796688625712,0.895909818841503,8.221427223992958e-05
1,1,0.0745452929006592,0.9202529634440583,0.005201743655282532
1,1,0.3152090793995128,0.6847870480209944,3.872579492782121e-06
1,1,0.10481989902812563,0.8943826824963964,0.0007974184754778263
1,1,0.07228526470098166,0.9276776692950118,3.706600400651002e-05
2,2,1.3661099306539026e-07,0.016148556660120918,0.983851306728886
1,1,0.04862490303101653,0.9030589892237022,0.048316107745281195
1,0,0.7465703081552507,0.2534296762495833,1.5595165906815012e-08
1,1,2.8605653710693824e-05,0.5580763135208783,0.4418950808254112
1,1,0.18163784668567595,0.818352548454397,9.604859927038178e-06
1,1,0.07779529512916421,0.8981112570856558,0.02409344778518009
0,0,0.7601327989020304,0.23986719734754267,3.7504270154876725e-09
2,2,6.1765413614509575e-06,0.1668649838983114,0.833128839560327
0,0,0.7844385347970382,0.2155611692899381,2.959130237714543e-07
0,0,0.5729966913189709,0.42700296352457096,3.451564581090519e-07
1,1,0.022248844100712904,0.9775528318675257,0.00019832403176144324
1,1,0.36400530090717276,0.6359820443274996,1.2654765327650335e-05
0,1,0.35953438365213025,0.6404141574072022,5.1458940667448754e-05
0,1,0.17556093640039916,0.8244125848106987,2.6478788902025676e-05
1,1,0.4347809108551513,0.5652152409136884,3.848231160344727e-06
1,1,0.2867201277817553,0.7132748012792566,5.070938988105394e-06
1,1,0.25824273483140686,0.7417443921063162,1.2873062277087145e-05
1,1,0.35713812878745316,0.6428550970788068,6.77413374005416e-06
1,0,0.6042297601984415,0.395769571551426,6.682501324727742e-07
1,1,0.11232676664771574,0.887644718983136,2.851436914819383e-05
0,0,0.9280790855257953,0.07192089788726391,1.6586940681979312e-08
0,0,0.8880839310809105,0.11191603062939151,3.8289697959808595e-08
0,1,0.45857676509898637,0.5414228927544319,3.4214658182642984e-07
0,1,0.13897629923217233,0.860981295872168,4.240489565956278e-05
0,0,0.7731492668310264,0.2268496085870031,1.1245819705974613e-06
1,1,0.4816793785909506,0.5183116480201608,8.973388888612014e-06
0,0,0.5308439367723637,0.46915562510684977,4.381207864734335e-07
1,0,0.6071210928463326,0.39287769392761634,1.2132260510485833e-06
1,0,0.5497291856291164,0.4502700205592514,7.938116320511936e-07
0,0,0.671135508007665,0.32886213132151265,2.360670822276864e-06
1,1,0.03841573195294968,0.961522642077539,6.162596951123393e-05
1,1,0.2746175290462327,0.7251899660265774,0.00019250492718985785
1,0,0.5440911729503366,0.4559086331197286,1.9392993472034224e-07
1,1,0.21241369696693524,0.7875766811828235,9.621850241161583e-06
0,0,0.9058395877879459,0.09416017501590006,2.371961539975769e-07
0,1,0.2287707836720765,0.7712274651520432,1.7511758803871614e-06
0,0,0.7023456019705999,0.29765420017126215,1.978581378730022e-07
2,2,9.233354553831316e-06,0.126934090900081,0.8730566757453652
2,2,2.9875701976256492e-06,0.20974314257800297,0.7902538698517995
1,1,0.18149485264763038,0.8185006676151524,4.4797372172913805e-06
2,2,8.583806325934062e-08,0.006901633288082216,0.9930982808738545
1,0,0.6494949925352294,0.35050265905240124,2.3484123694930144e-06
1,1,0.49309527448670626,0.5069043503411583,3.7517213548402777e-07
1,1,0.30181760121849804,0.6981802240818166,2.174699685410665e-06
0,0,0.6587791788344605,0.3412208090596035,1.2105936025583752e-08
1,1,0.3252666542377361,0.6747313490803333,1.9966819306661768e-06
1,1,0.05395830415312712,0.9459469065397698,9.478930710309864e-05
0,0,0.679658314392061,0.32033034158894924,1.1344018989762201e-05
0,0,0.5280798936753479,0.4719185623428711,1.5439817808721444e-06
0,1,0.4787460340386539,0.5212535090396445,4.569217014581737e-07
1,1,0.01257336139644534,0.9865108239977126,0.0009158146058420903
0,0,0.6554750136370093,0.3445241885839082,7.977790825743301e-07
0,0,0.7563001943728085,0.24369917245873216,6.33168459368878e-07
1,1,0.47924999691196957,0.5207408371898868,9.165898143613919e-06
1,1,0.10228462238137413,0.8976989062545992,1.647136402667744e-05
1,1,0.05421764307779499,0.7955051799456541,0.15027717697655102
1,1,0.019990942801877458,0.817279288553615,0.16272976864450758
2,2,0.008743053181748813,0.40508350547669236,0.5861734413415588
1,1,0.010758876239268361,0.9889899410525983,0.00025118270813323735
0,0,0.9008490688001217,0.09915093014213246,1.0577458686794467e-09
0,1,0.05598279478675559,0.9426608323376805,0.0013563728755640512
0,1,0.278546863812695,0.7214456428121452,7.493375159833739e-06
1,1,0.3421183574865292,0.6578701007236122,1.1541789858757718e-05
1,0,0.7763794014210168,0.22362053958446365,5.899451964170253e-08
0,0,0.795937509044966,0.20406230819520244,1.827598315253291e-07
2,2,0.0006263157958827523,0.09813670118214611,0.9012369830219711
0,1,0.37784208310943573,0.6220815095057578,7.640738480641276e-05
0,1,0.2316646821461202,0.7683244826350183,1.0835218861520946e-05
0,0,0.9312870156727597,0.06871296639790457,1.792933582193623e-08
0,0,0.8750481226408908,0.1249509922327331,8.851263760901423e-07
2,2,2.5078959402617993e-07,0.028396306625224278,0.9716034425851817
1,1,0.42636715196371344,0.5735746497908022,5.819824548428638e-05
1,1,0.02606317313671842,0.9738466098393063,9.021702397529809e-05
1,1,0.14593108597713617,0.8540655323807425,3.3816421212488788e-06
1,1,0.10868321250118224,0.8907211494289788,0.0005956380698388496
0,0,0.8910184781071631,0.10889225966131155,8.92622315254053e-05
1,0,0.725671154148207,0.2743288260523878,1.9799405163395403e-08
0,1,0.4373623904254352,0.5626372837008031,3.258737616515201e-07
0,0,0.5041953818731331,0.4957998355983962,4.782528470766046e-06
1,1,0.3485477110403112,0.651441646621612,1.0642338076819089e-05
0,1,0.48231663018151566,0.5176702834255041,1.3086392980255408e-05
0,0,0.7186888079927978,0.2813085310067844,2.6610004179191533e-06
1,1,0.31593115517356607,0.6840650077427317,3.837083702252329e-06
0,0,0.6567889388242116,0.3432107492750578,3.1190073065930306e-07
1,1,0.06966985132712525,0.9303111485733779,1.9000099496977817e-05
0,1,0.3386027092520096,0.6612283907861799,0.00016889996181049054
0,1,0.37829503328359043,0.621640909515034,6.405720137558392e-05
1,1,0.02270003402164057,0.9772134825194037,8.648345895561092e-05
0,0,0.9182126168740455,0.08178714399946785,2.391264864679502e-07
1,1,0.14969545604510442,0.8502900230532602,1.4520901635425096e-05
1,1,0.04320751846997411,0.9034337745927431,0.05335870693728272
1,1,0.05074223386611197,0.9489516118288156,0.0003061543050724406
0,1,0.3726199648863974,0.6272640339433626,0.00011600117023990207
1,0,0.6051234815558293,0.39487618405633573,3.3438783497550243e-07
1,1,0.2373861965436088,0.7626037954761636,1.0007980227464698e-05
0,1,0.4138424984792233,0.5861535290105697,3.972510207032641e-06
0,0,0.6670078604240016,0.3329920994225083,4.015349012632373e-08
0,1,0.33716525966411415,0.6628322960069725,2.4443289134182706e-06
0,0,0.8800168527331101,0.11998300562581299,1.4164107690359199e-07
1,1,0.059786846490417246,0.8957503973529357,0.04446275615664706
0,0,0.5932515373318354,0.40674839556063586,6.710752874699252e-08
1,0,0.5165954424115918,0.48340324881512753,1.308773280696096e-06
0,0,0.9999955340714227,3.636163187521192e-06,8.297653896642672e-07
1,1,0.2637376619991335,0.7344729803056249,0.0017893576952415166
0,1,0.23001123317759617,0.7698435337276706,0.00014523309473322938
1,1,0.044065990579089366,0.9559089568039146,2.5052616996005238e-05
1,1,0.14985847303724803,0.850137972316602,3.554646149957439e-06
0,0,0.6814694647638823,0.3185304949507442,4.0285373592114374e-08
1,0,0.5917563013466184,0.40823806385516004,5.634798221598832e-06
0,0,0.7019051611783423,0.29809465777954686,1.810421108602431e-07
0,1,0.12502603497389253,0.8694793677861715,0.005494597239935823
1,1,0.05672680941803567,0.943197828233916,7.536234804842305e-05
0,0,0.5760049656926691,0.4239949452512506,8.905608023240936e-08
0,1,0.2476783283225193,0.7521099559624442,0.00021171571503657028
2,2,7.005351349165031e-14,1.1313652523313514e-08,0.9999999886862775
1,0,0.8005385405512943,0.19946111643205136,3.430166542834829e-07
1,2,0.013394633874356542,0.23649893007431086,0.7501064360513326
2,2,1.4111577350065438e-05,0.15255653862880392,0.8474293497938459
0,0,0.7193072424318274,0.2806846600705127,8.097497660022044e-06
2,2,4.810880396801209e-05,0.37165234712903295,0.6282995440669991
1,1,0.07707906484491518,0.9221845348542405,0.000736400300844417
2,2,3.762526188964818e-10,0.006206435984597345,0.99379356363915
1,1,0.11830836729700574,0.8816548223619423,3.6810341052085216e-05
0,0,0.9245341555064217,0.07546566791765633,1.765759219957009e-07
2,2,2.7479383877912106e-08,0.06266689340629354,0.9373330791143225
1,0,0.6442338789064622,0.35576539254758754,7.285459502911886e-07
1,1,0.2160925635314131,0.7835523056429559,0.00035513082563104416
0,0,0.9999968986648498,2.7416015071615273e-06,3.5973364303569634e-07
0,0,0.51185713561669,0.4881206031336183,2.2261249691725255e-05
1,0,0.583289083219643,0.41670409042744094,6.82635291609252e-06
0,0,0.8886019093322005,0.11139789594653549,1.9472126401309957e-07
1,1,0.11776916727923911,0.8547573375928169,0.02747349512794385
1,0,0.8446995521437687,0.15530039689322786,5.09630034430445e-08
1,1,0.011022848202023507,0.5461640038440194,0.4428131479539571
1,1,0.3508598034094445,0.6491393275049226,8.690856328187522e-07
0,0,0.6639501032562454,0.3360498902576275,6.4861270557383936e-09
0,0,0.9518976032384353,0.048102195704762034,2.010568027743796e-07
1,1,0.4489353335485121,0.5510588085269945,5.857924493528471e-06
1,1,0.013209496764351467,0.9859763284522449,0.0008141747834037706
0,0,0.8061577837324022,0.1938418581106489,3.581569487549192e-07
0,1,0.4191157019520095,0.5808836626483638,6.353996267063647e-07
0,0,0.6117911429682621,0.38820843114019066,4.2589154717896907e-07
1,1,0.1977612906998157,0.8022200896239697,1.861967621454242e-05
1,1,0.18109138727307017,0.8188991875704241,9.42515650567625e-06
0,1,0.2675844503268976,0.7324127555207243,2.7941523781751547e-06
0,0,0.9029167167066962,0.09708325531131501,2.7981988764325462e-08
0,1,0.4776242686741535,0.5223755863210325,1.4500481396603375e-07
1,1,0.1368567252393362,0.8631279258710528,1.5348889611009085e-05
1,1,0.026899534272569373,0.7041435199290544,0.2689569457983763
1,1,0.4951397385210766,0.5048599862446529,2.7523427045492783e-07
2,1,7.153526456029702e-05,0.5421915027254534,0.4577369620099863
1,1,0.20105688378851147,0.798937182396133,5.933815355572269e-06
1,1,0.12508481632440324,0.8638362073073107,0.011078976368285998
0,0,0.7007178978557144,0.2992816600329401,4.421113454678767e-07
1,1,0.31881823222604616,0.6811754341116827,6.333662271042023e-06
0,0,0.841418283937117,0.15858169640651187,1.965637112203975e-08
1,0,0.7699623522638291,0.23003749730516213,1.5043100863680517e-07
0,0,0.7636693285547167,0.23584494713819354,0.00048572430708979396
0,0,0.9876157944112997,0.012384195933190737,9.655509596728702e-09
1,1,0.03883142159378772,0.9608887598747786,0.0002798185314336882
0,0,0.7689873808178701,0.23101253791575369,8.126637619129648e-08
2,1,2.311544904959085e-06,0.6772984072128163,0.32269928124227865
1,1,0.26130494719008523,0.7382329698961825,0.0004620829137322605
1,1,0.07968902803829012,0.9202783924524743,3.257950923554007e-05
1,1,0.09765313697464026,0.9023109903113571,3.587271400261583e-05
0,0,0.9285871219466688,0.07141285382800837,2.4225322873074903e-08
1,1,0.08650077612989242,0.9066848248434528,0.006814399026654864
1,1,4.114094445895069e-05,0.505315276942577,0.494643582112964
1,1,0.02611532915620915,0.9432544668321825,0.030630204011608198
2,1,0.055593563753288194,0.9140511078549542,0.030355328391757405
0,1,0.04051874213581802,0.9594498088320368,3.144903214529691e-05
1,1,0.15361278905231793,0.8378145594455942,0.008572651502087815
0,0,0.7851740980827813,0.2148256395688644,2.623483544740921e-07
1,1,0.16682018116831934,0.8331693686221404,1.0450209540138499e-05
1,0,0.5637594325544527,0.4361956388218723,4.4928623675041306e-05
1,0,0.6904686528690247,0.3095309007699471,4.4636102813593937e-07
0,1,0.3104051202735715,0.6894091775435282,0.00018570218290039732
0,0,0.6594769975585628,0.34050370231161226,1.9300129824968004e-05
1,1,0.062046525246840185,0.9379477313124156,5.743440744071983e-06
1,2,3.493451715927109e-05,0.172851081422707,0.8271139840601337
1,1,0.41313936064746287,0.586858882221939,1.7571305980810273e-06
1,1,0.14246097410515446,0.8571280711430533,0.0004109547517923583
2,2,2.819382861621897e-07,0.01845293569456617,0.9815467823671477
0,0,0.831376884812262,0.16862309823298002,1.695475805074491e-08
1,1,0.44840260788818537,0.5515959759601027,1.4161517120133739e-06
1,1,0.28126076973325725,0.7187343136302513,4.916636491473896e-06
1,0,0.7577265409212223,0.24227342328176296,3.579701482189476e-08
1,1,1.1844691551276257e-06,0.5702586393050232,0.42974017622582167
1,1,0.19719117559931199,0.8028023349621753,6.489438512674819e-06
1,1,0.3044734953494519,0.6955190265787538,7.478071794355434e-06
1,1,0.12773270411201793,0.8713323098568149,0.0009349860311671041
1,1,0.10288010508874071,0.8968977615803668,0.00022213333089250446
1,1,0.02124609202795073,0.9740866501194362,0.004667257852612988
0,0,0.8184265624801197,0.18157165971981523,1.77780006514029e-06
1,1,0.10892241968603843,0.8910672437889511,1.0336525010496165e-05
1,0,0.8643041232033771,0.135695832751917,4.404470597037309e-08
0,1,0.49129449982397594,0.5087040213344259,1.4788415980761038e-06
0,0,0.579910679346509,0.4200892249813066,9.567218437805914e-08
0,0,0.9071537976229183,0.09284582845570624,3.7392137547179255e-07
1,0,0.7999918760007488,0.20000805074828737,7.325096370449075e-08
1,1,0.09550826659443021,0.9044648093075018,2.6924098068031436e-05
0,1,0.2748114754893831,0.7251460689246336,4.245558598319402e-05
0,0,0.6572595909424847,0.34273802824380944,2.380813706017053e-06
1,1,0.11223641969532168,0.8877556660060169,7.914298661484789e-06
2,2,1.0522652883900936e-07,0.005046756223070042,0.994953138550401
2,2,1.1998251611991978e-06,0.03561562888454225,0.9643831712902965
0,0,0.9261334744886511,0.07386633729566183,1.882156870760733e-07
0,1,0.09458456321381471,0.9053367969660082,7.863982017706738e-05
0,0,0.6528215410377873,0.3471783446313833,1.1433082943507863e-07
1,1,0.06428209452709463,0.9354533994291776,0.000264506043727781
2,2,3.2010041271747743e-07,0.016774423203630942,0.9832252566959564
1,1,0.05486093971517115,0.9445281881276649,0.0006108721571639176
1,0,0.720263493317224,0.2797331820541344,3.32462864176146e-06
0,0,0.9999956903272729,3.742779422056606e-06,5.66893304929817e-07
1,1,0.01895177137644689,0.8238416339485325,0.15720659467502063
1,1,0.15291368299664188,0.847078146960737,8.170042621076818e-06
1,1,0.02691230801015981,0.9730127408453727,7.495114446742108e-05
1,1,0.021786997814782057,0.9744675866803226,0.0037454155048951784
0,1,0.23586810405791644,0.7640755552562954,5.6340685788104614e-05
1,1,0.27691756566601067,0.7230809818022992,1.4525316901547504e-06
1,1,0.00784211364810802,0.9918172985676583,0.0003405877842337165
2,2,0.00015562523738573198,0.0293745461845682,0.9704698285780461
1,1,0.36846344743171816,0.6315352265443126,1.3260239692370338e-06
1,1,0.33803420914914406,0.6619650628189129,7.280319430112069e-07
0,0,0.6806433603173165,0.31935660033843105,3.9344252410769216e-08
1,1,0.3332828021518987,0.6667140671175958,3.1307305054520966e-06
2,2,1.7930689784903289e-09,0.006243235903785733,0.9937567623031451
0,0,0.6859758817984248,0.31402410905156847,9.150006701765287e-09
1,1,0.45544649696300654,0.5445513565944436,2.1464425498502775e-06
1,1,0.16211305796768657,0.8378814821588102,5.459873503258362e-06
0,1,0.36520242289926375,0.6347149884561643,8.258864457192012e-05
0,0,0.7024015997009131,0.2975982329385844,1.6736050241977664e-07
0,0,0.9010978152215864,0.0989021838490024,9.294111578306654e-10
1,0,0.7028326112146286,0.29716700540291985,3.833824514602826e-07
1,1,0.2601866813470814,0.7398029179508553,1.0400702063193466e-05
1,1,0.3467578602735511,0.6532260427743585,1.609695209046786e-05
1,1,0.06922567358134675,0.9307332198639299,4.110655472341674e-05
0,1,0.45258684209064454,0.5474130453838367,1.1252551873820995e-07
1,1,0.30201499009596844,0.6979826096164045,2.4002876270833047e-06
1,0,0.8636150627422531,0.13638492280024717,1.4457499809629058e-08
0,0,0.5358250886884138,0.4641745710095989,3.4030198726542127e-07
2,2,2.344272706683959e-06,0.07204511751123346,0.9279525382160598
0,0,0.7019814118523537,0.298018296762169,2.91385477300616e-07
1,1,0.09393273633953172,0.8979664698025015,0.008100793857966688
1,1,0.15512982842389694,0.8448397550170843,3.041655901875831e-05
1,1,0.3392858549082946,0.6607052033711107,8.941720594660305e-06
1,1,0.27005536654207535,0.7299396639664582,4.969491466561407e-06
0,0,0.6667108268814844,0.33328912134375666,5.177475888400461e-08
1,1,0.06382736653522363,0.9356826755776938,0.0004899578870825391
0,0,0.7340854860447644,0.26591334627686364,1.1676783718938775e-06
2,2,5.147148800441088e-08,0.004025401494908096,0.9959745470336039
1,1,0.2990527847011269,0.7009086637935312,3.855150534180342e-05
1,0,0.6502010178891637,0.34978896306369067,1.0019047145443159e-05
0,0,0.89074893800546,0.10925005502104866,1.006973491365955e-06
1,1,0.40803661002472724,0.5919620670943421,1.3228809306336693e-06
0,0,0.6042909563826839,0.39569957162694724,9.471990368777252e-06
0,1,0.30896150294798314,0.6908146039391335,0.00022389311288334684
0,1,0.056662352135644314,0.8909475885388408,0.05239005932551488
1,0,0.912325643703239,0.08767432325436006,3.304240089906014e-08
0,0,0.555775810802599,0.44422396165905675,2.2753834424298698e-07
1,1,0.43696639780640223,0.5623115256826884,0.0007220765109092555
0,0,0.5776261693596638,0.42237370231042354,1.2832991268412123e-07
1,1,0.14242757120415053,0.8575659528792046,6.475916644848802e-06
0,1,0.11872527012449122,0.8809802700738809,0.0002944598016278957
1,1,0.25237283443469416,0.7470767166692297,0.0005504488960760553
1,1,0.04508660588194433,0.8306722710416552,0.12424112307640038
0,0,0.6150095722213496,0.38498915145778545,1.2763208651046701e-06
0,0,0.7544451919810485,0.24554430158274562,1.0506436205827124e-05
1,1,0.3131274771335628,0.6868623300477903,1.01928186469833e-05
0,1,0.33187682113235484,0.6681171758612753,6.003006369860137e-06
0,0,0.7460785064987716,0.25392048901545405,1.0044857743473838e-06
0,0,0.7882619403690366,0.21173752970056567,5.299303977655397e-07
1,1,0.27309865932352856,0.7268916766093404,9.664067131028776e-06
1,0,0.5052307718900451,0.49476865780675944,5.703031954848067e-07
0,0,0.7475297225069634,0.25246947056841035,8.06924626228923e-07
0,1,0.13195459018887984,0.8680316529219165,1.3756889203729032e-05
1,1,0.05591286333483149,0.9236479643998738,0.020439172265294583
0,0,0.821303300217428,0.1786965480319038,1.5175066808457725e-07
0,0,0.9214488620915939,0.0785511367024741,1.2059317872884539e-09
0,1,0.1457293918152137,0.8542649470341165,5.6611506699372705e-06
0,0,0.7169687038164433,0.2830252188108517,6.077372704972895e-06
0,0,0.8553868372547924,0.14461273473117864,4.280140287661162e-07
0,1,0.15911550640173805,0.8407160578528476,0.00016843574541428508
0,1,0.18709225563735596,0.8121787154690739,0.0007290288935702809
1,1,0.10269513761937697,0.8885433427179759,0.008761519662647252
1,1,0.021130824833816928,0.9786992192037081,0.00016995596247511386
0,0,0.7963404781628428,0.20365914556065434,3.7627650307177746e-07
0,0,0.9028085646083425,0.09719143360284824,1.788809136377041e-09
1,1,0.39024718818700316,0.6092889596845665,0.0004638521284303727
1,1,0.4971317827459791,0.5028679375912114,2.796628095165548e-07
1,0,0.6117058979604314,0.3882866949470458,7.407092522745228e-06
1,1,0.3099979204200757,0.6900014863267506,5.932531737378624e-07
1,1,0.10406302041845535,0.8956833905163488,0.00025358906519584387
1,1,0.0632981053381909,0.8978086762369113,0.038893218424897784
1,1,0.27870131826014144,0.7212907410880451,7.94065181323584e-06
0,0,0.6204934272858491,0.3795065534281308,1.928602016948529e-08
1,0,0.5132734856405947,0.48672557670664757,9.376527577827182e-07
1,1,0.2014233130217126,0.7978809881496265,0.0006956988286608694
1,1,0.30213079357061834,0.6978384551994148,3.075122996693187e-05
0,0,0.5454471220751279,0.4545521296102599,7.483146120675845e-07
0,0,0.5723505034115532,0.42762194068062254,2.75559078242377e-05
1,1,0.022558611356221524,0.8899200573432284,0.08752133130055015
1,1,0.3176989249930363,0.6822126849491202,8.839005784333177e-05
1,1,0.11170910026824585,0.8882329201929249,5.797953882933668e-05
0,0,0.5991656807619176,0.40083397911988133,3.401182011291235e-07
0,1,0.22142198682008307,0.7785625670944792,1.5446085437711587e-05
0,0,0.8329668410214396,0.16702964305170934,3.515926850945013e-06
1,1,0.29848324189617986,0.7015081373881369,8.620715683211398e-06
0,0,0.6518315845174707,0.348168254196311,1.6128621819964456e-07
0,0,0.6248924828561597,0.3751071108349321,4.0630890813775794e-07
1,1,0.23078723181519878,0.7692096739467797,3.0942380214812834e-06
0,0,0.5942397677249751,0.40576016728944464,6.498558031988176e-08
1,0,0.6466046404012342,0.3533922338194014,3.125779364248605e-06
1,0,0.8587454238552725,0.14125454580583244,3.0338894994678424e-08
1,1,0.29645836451734037,0.7032739023777861,0.00026773310487360197
2,2,6.458017387889505e-11,0.001997488482319498,0.9980025114531004
1,1,0.10050627610201046,0.8994879713912984,5.752506691059854e-06
0,0,0.5252774003536084,0.4747204527312781,2.146915113435753e-06
1,1,0.03542942380914037,0.8898983871079467,0.07467218908291286
2,2,0.007888729491282451,0.38328050849793704,0.6088307620107806
1,1,0.36092686589081735,0.6390695544787679,3.579630414684294e-06
1,1,0.2771861285956917,0.7228104103326525,3.461071655861796e-06
0,1,0.45312651558826894,0.5468722723934283,1.212018302645175e-06
1,1,0.13735648810404985,0.8626351259882953,8.385907654746068e-06
1,0,0.8522828079893974,0.14771717380043234,1.8210170279366134e-08
0,1,0.4760101869593787,0.5239892966183989,5.164222223774689e-07
1,0,0.8043321453273096,0.19566781134351344,4.332917691828934e-08
2,1,5.2253338778753805e-05,0.5485119513990555,0.4514357952621658
0,1,0.4854411565660787,0.5145563439044666,2.4995294545934998e-06
1,1,0.4103618658570829,0.5896334884220505,4.645720866664075e-06
2,1,0.036739990592831444,0.8951987839238582,0.06806122548331041
2,2,8.69639015416955e-06,0.20586156891346077,0.7941297346963851
1,1,0.41928444015033284,0.5807141438660528,1.41598361439666e-06
2,1,0.026474263556086272,0.5628268785462144,0.4106988578976994
1,1,0.20384772925826597,0.7961481165945794,4.154147154615968e-06
1,1,0.26457120875949897,0.7354249096364414,3.881604059479153e-06
0,0,0.5005613555639175,0.4994386107005443,3.373553820817866e-08
0,0,0.9999804363444349,1.95597771845006e-05,3.878380645329103e-09
1,1,0.01470267091700645,0.9849255374880681,0.0003717915949254676
1,1,0.030364738387803968,0.9695963942498048,3.886736239120682e-05
0,0,0.7446995642024918,0.2553001980333754,2.3776413284553895e-07
1,0,0.8539000940527831,0.14609985357772917,5.2369487833346904e-08
1,1,0.3101463157155261,0.6898431493572571,1.0534927216905141e-05
1,1,0.3720729474925754,0.6279261608870738,8.916203508330298e-07
0,0,0.8997804717290003,0.1002109483051722,8.579965827530248e-06
1,1,0.24214412520499484,0.757452372328913,0.00040350246609206585
1,1,0.3299451635188685,0.6700520475423403,2.7889387912048705e-06
0,0,0.7963792198495576,0.2036207530666435,2.7083798886866066e-08
1,1,0.1377469045643328,0.8622442127630897,8.88267257756253e-06
1,1,0.27673516872046633,0.7232639200095856,9.112699480094056e-07
1,1,0.18453780288029678,0.8154494342862036,1.2762833499477551e-05
1,1,0.06216044317911838,0.9293078656274845,0.00853169119339711
1,1,0.28394539766203236,0.7160506713223406,3.9310156271709806e-06
1,1,0.3552561209058564,0.6447413734654336,2.5056287101020793e-06
0,0,0.9000398763863828,0.09996012091286544,2.7007518475405087e-09
1,1,0.01809744622506922,0.9818277894296814,7.476434524921755e-05
0,0,0.7253865443966516,0.27461329801297457,1.5759037381327874e-07
0,0,0.7924650759543574,0.20753473449348392,1.895521585734544e-07
0,0,0.6825650874912753,0.31743428691363856,6.255950861342135e-07
0,0,0.5625771807930926,0.4374153051657014,7.514041205951798e-06
0,0,0.541428557596324,0.4585713762650231,6.613865283212758e-08
1,2,1.6715404931023286e-06,0.08387469352826887,0.9161236349312379
1,0,0.6958481679874277,0.3041518244287709,7.583801463031467e-09
2,2,4.71071240450953e-10,0.004317024310404479,0.9956829752185243
1,0,0.5907903289183996,0.4092094805862657,1.9049533460841414e-07
0,0,0.621508308662202,0.37849164122115553,5.011664249407263e-08
1,1,0.44492951596570485,0.5550670453621759,3.4386721193734284e-06
2,2,1.603202735042995e-08,0.0025012042793510557,0.9974987796886217
0,0,0.7282067359572455,0.2717876392101551,5.624832599378563e-06
2,2,2.6181592162685045e-09,0.013524227637320273,0.9864757697445206
0,0,0.5071512749501246,0.49284845227771046,2.7277216495622697e-07
1,1,0.17407533423746616,0.8257737552569094,0.0001509105056244153
0,1,0.35387436097558767,0.6461146785581371,1.0960466275299545e-05
0,1,0.19920382775541953,0.8007826713546138,1.3500889966705609e-05
0,1,0.2111554054694458,0.7888432121809306,1.3823496237004223e-06
1,1,0.045933192278767895,0.9539569519614889,0.00010985575974316597
0,1,0.37982596519107614,0.6200953125454195,7.872226350436951e-05
1,1,0.054214525056821145,0.9457440006543388,4.1474288840163053e-05
1,0,0.786627565279966,0.21337233946608422,9.5253949668776e-08
1,0,0.542728432928623,0.4572713728881231,1.941832537345075e-07
0,0,0.7844808164613971,0.21551875128833228,4.322502706672391e-07
1,1,0.03513012195718963,0.9646206575466381,0.00024922049617234966
1,0,0.7147952909656194,0.28520408936438063,6.196699999081367e-07
1,1,0.1215381069452775,0.8784492360347375,1.2657019985005507e-05
0,0,0.7251679307954363,0.2748317706486354,2.985559283743576e-07
0,0,0.6885001215998386,0.31149976218086933,1.1621929200441383e-07
2,2,3.400648630034428e-07,0.30532073687244327,0.6946789230626939
0,0,0.5533794166009721,0.4466149098951147,5.6735039131872215e-06
2,2,1.9835771749471192e-08,0.005479325841249869,0.9945206543229783
1,1,0.3962741556104444,0.6036711584665603,5.468592299536319e-05
1,1,0.23453592444766083,0.7654604810500436,3.5945022955636534e-06
0,0,0.6302013509279246,0.3697985961366696,5.2935405788654104e-08
1,1,0.18119752377252202,0.8180927772943429,0.0007096989331349005
1,1,0.37132160226877203,0.6286775868533242,8.108779038371984e-07
1,1,0.43151836339997635,0.5684805616882934,1.074911730283085e-06
1,1,0.16023816197358,0.8397023086918063,5.952933461363556e-05
1,0,0.697322995594739,0.30267477637788603,2.228027374978929e-06
1,1,0.43822643908249687,0.5617733946755827,1.662419203790946e-07
1,0,0.6019808086218492,0.39801909586089496,9.551725584348018e-08
0,0,0.7040398817172578,0.29595945133163964,6.669511024691311e-07
0,0,0.8321824524931067,0.16781752685445722,2.0652435926671794e-08
0,1,0.295692514028005,0.7042575593908028,4.992658119222532e-05
0,0,0.7851780236514043,0.21482122324275416,7.531058415857376e-07
1,1,0.1233716593117219,0.8765515171399193,7.682354835894556e-05
2,2,6.451427623414958e-10,0.005469720502834519,0.9945302788520226
1,1,0.46165017417295734,0.5383464516245954,3.374202447312947e-06
0,1,0.4940522217494643,0.5059474241092207,3.541413149930801e-07
0,0,0.7711249606876356,0.22887414750770826,8.918046561713997e-07
0,0,0.9425237624939308,0.05747576765417118,4.6985189794633013e-07
0,0,0.8400610175274946,0.15993897625710277,6.2154025874069096e-09
1,1,0.37857641197477127,0.6214218531006361,1.7349245926701303e-06
1,1,0.1727708627601786,0.8272119102351742,1.722700464708203e-05
2,2,5.19775498907699e-05,0.2932122821818067,0.7067357402683024
0,0,0.8703676876365016,0.12963229817815386,1.4185344659177967e-08
0,1,0.3544229466301163,0.6455761939322521,8.594376315865761e-07
0,1,0.056206827864241755,0.9437690330061572,2.4139129601003822e-05
1,1,0.12012231104832681,0.8798745482516601,3.140700012950789e-06
0,0,0.769504977949864,0.23049492976768066,9.228245528614135e-08
0,1,0.3712930548880211,0.6286727417938083,3.420331817056289e-05
1,1,0.04673100762477093,0.9513355943347306,0.0019333980404984857
2,2,4.105154459502258e-08,0.004027744762615335,0.99597221418584
2,2,1.6095715285416737e-05,0.1829556702401556,0.8170282340445589
2,2,3.553156224525328e-05,0.2569499395346694,0.7430145289030854
0,0,0.5524806481109391,0.44751923826037077,1.136286902387252e-07
0,0,0.9875828903875319,0.012417106289783838,3.322684329033379e-09
0,0,0.8531727934307117,0.14682707003695816,1.3653233004797176e-07
0,0,0.8358290504778924,0.16417079856425432,1.5095785333248697e-07
0,0,0.7379975919017316,0.26200156594777135,8.421504970339405e-07
0,0,0.5641144161592466,0.43587242999428666,1.3153846466625548e-05
1,1,0.16792912040466104,0.8306108231214206,0.0014600564739182906
0,1,0.24180951125149172,0.7576193196837727,0.0005711690647356492
0,0,0.7254095474471383,0.2745902420701135,2.1048274829531452e-07
2,2,3.291463754526454e-07,0.050563112143055186,0.9494365587105693
0,0,0.836167224882345,0.16383276864374738,6.473907666913078e-09
1,0,0.5351122441618202,0.46488736761497057,3.882232092732697e-07
0,0,0.7242861009453913,0.2757059936576731,7.905396935640774e-06
0,1,0.42358311089520834,0.5764161012658504,7.878389412633489e-07
1,1,0.10130905184830956,0.8986507581763576,4.018997533263403e-05
0,1,0.1521107094573025,0.8468708268224004,0.001018463720297063
1,1,0.3739566906376962,0.6258842648908673,0.00015904447143640736
1,1,0.3622991806083388,0.6376852092972299,1.5610094431246325e-05
1,2,0.006325946272800672,0.3081235764448589,0.6855504772823405
1,1,0.08805857388947388,0.9011610994346745,0.010780326675851788
1,1,0.04256231815013427,0.9574057976716427,3.188417822312967e-05
1,1,0.332045838053185,0.6678822751796974,7.188676711763307e-05
1,1,0.07373630591037388,0.9258297042849686,0.0004339898046574522
1,1,0.013507800141602546,0.9861115115719767,0.00038068828642078483
1,1,0.07354462768170038,0.9264223800366322,3.2992281667321e-05
1,1,0.08195637490317219,0.9139043285880876,0.004139296508740193
1,0,0.7226310892662312,0.2773688827688593,2.7964909467373484e-08
1,1,0.14587542243065516,0.8535568492428148,0.0005677283265299894
1,1,0.2253259334209432,0.7746089051481493,6.516143090751976e-05
1,1,0.05385128366028627,0.9460819688928432,6.674744687057898e-05
0,0,0.9589322282017229,0.04106771509876481,5.669951234992142e-08
0,1,0.4084695090190668,0.5915274952506673,2.995730265951822e-06
2,1,0.013713184046225253,0.5160896719694729,0.47019714398430185
1,1,0.46217197633036794,0.5378276695384526,3.5413117945055985e-07
1,1,0.09930763743656937,0.898438065418531,0.002254297144899651
1,0,0.7428336506752402,0.2571651031537067,1.2461710530112619e-06
2,2,1.8386706057464343e-08,0.002943911228983988,0.99705607038431
0,1,0.43016730191197367,0.5698326564371526,4.1650873724638165e-08
0,1,0.4550666570466919,0.5449324017548887,9.4119841946799e-07
1,1,0.12138869920817014,0.8786059747650196,5.326026810226752e-06
1,1,0.10854205598093716,0.891437178817614,2.0765201449014e-05
1,0,0.5978420257124033,0.4021576017255699,3.725620267089238e-07
1,1,0.16781478780404874,0.8315612720961995,0.0006239400997518161
1,1,0.15752754286242293,0.842465632686575,6.824451002061266e-06
1,0,0.7423975705732312,0.25760241237686543,1.7049903354121254e-08
2,2,6.530645267904094e-07,0.03296250543253015,0.967036841502943
0,1,0.34684836921395706,0.6529681000850991,0.00018353070094381636
1,1,0.29074783199134624,0.7090396973565,0.00021247065215382625
0,0,0.6551882741618076,0.344811672488779,5.334941327311954e-08
1,0,0.6780851727888911,0.3219146810899371,1.4612117185665953e-07
0,0,0.6736928030055593,0.3263037745261484,3.4224682923298728e-06
0,0,0.972451589551276,0.02754838812271657,2.2326007564348532e-08
1,0,0.7965382853602261,0.20346170530374744,9.336026662840268e-09
0,0,0.5959478094314676,0.4040520052421616,1.8532637069748406e-07
1,1,0.09777817904115922,0.9021856291787513,3.619178008940098e-05
0,1,0.26198579354373563,0.7379513184834946,6.288797276975405e-05
1,1,0.047838480999779824,0.9426839005921781,0.009477618408042076
0,0,0.8610738791373513,0.13892605271745953,6.814518927140037e-08
0,0,0.689258557961485,0.310740958432946,4.83605568911971e-07
1,1,0.2603507750440192,0.7396414353939729,7.78956200794044e-06
1,1,0.012358517043254922,0.9874527126514131,0.00018877030533189158
1,0,0.5005706493444105,0.4994285402530928,8.104024967478782e-07
1,0,0.5150173536975932,0.48495969546727064,2.2950835136109446e-05
0,0,0.8917698733890894,0.10823003998096445,8.662994608357304e-08
1,1,0.1268430439363173,0.8731515236260169,5.432437665922121e-06
1,1,0.01821518172963369,0.8185118465019515,0.16327297176841482
1,1,0.07338472079282095,0.9264970899401779,0.00011818926700117337
0,1,0.4612538071938871,0.5387351678945498,1.1024911563141222e-05
0,0,0.9118940050461832,0.08810445443486904,1.5405189478706945e-06
1,1,0.38021113880304996,0.6197879627975392,8.983994108941082e-07
0,0,0.9005925736937459,0.09940716310767136,2.6319858286110245e-07
0,0,0.8807870177902811,0.11921296647108046,1.5738638373250905e-08
0,1,0.38644487685350803,0.6135537021762064,1.4209702855866882e-06
1,1,0.21254328666299738,0.7874415224432739,1.519089372876299e-05
1,1,0.3265279871187378,0.6734699347139247,2.078167337591559e-06
1,1,0.10245165928686038,0.8974403977605772,0.00010794295256247553
0,0,0.6349279273610249,0.3650719512170592,1.2142191595216138e-07
1,0,0.5563117927245563,0.44367958279886327,8.624476580529792e-06
1,1,0.4209514776210736,0.5790443087749187,4.213604007580325e-06
0,1,0.45749267001319,0.5425069719663785,3.580204315269192e-07
1,1,0.01676937325310245,0.9828889558978293,0.0003416708490681134
1,1,0.33575946050975114,0.6640483663340568,0.00019217315619201287
1,1,0.3171933907282251,0.6827939373063324,1.2671965442402e-05
0,0,0.6547499966271486,0.34524677672770737,3.226645144148257e-06
0,1,0.285183749395392,0.7144515092460852,0.0003647413585226663
1,1,0.15165026477287116,0.8483384345825704,1.1300644558365234e-05
0,0,0.7233670964980763,0.27663269966006865,2.038418549210437e-07
1,1,0.15625572667496596,0.8424503001694791,0.0012939731555549224
0,0,0.9385806305311413,0.06141919029589543,1.7917296332348287e-07
1,2,6.784269967519579e-07,0.03867096640865043,0.9613283551643529
0,0,0.9862465858171214,0.013753400376267417,1.3806611009370407e-08
0,0,0.9999988267987783,1.16208849106153e-06,1.111273083444195e-08
0,0,0.6124319263850315,0.3875662980674949,1.7755474737252969e-06
1,1,0.055049164577608514,0.9449007544355287,5.008098686277975e-05
0,1,0.3407399285974337,0.6592579777527984,2.093649767946993e-06
1,1,0.02157236834951406,0.9557640933830042,0.022663538267481607
0,0,0.6902176393335082,0.3097822805625821,8.010390960006556e-08
1,0,0.6992315218301387,0.3007675266429883,9.515268728924002e-07
0,0,0.866932178843316,0.1330677800328862,4.112379791668217e-08
1,1,0.37821433237833973,0.6217783397781674,7.327843492846136e-06
1,1,0.07936291344802947,0.8929163976433659,0.02772068890860457
1,1,0.331890041973602,0.6681027389167895,7.219109608454939e-06
0,0,0.5113521320531742,0.4886472118092605,6.561375652775155e-07
1,1,0.4103574325385818,0.5896422465915537,3.208698643981441e-07
0,0,0.9605023121192255,0.03949768590945241,1.971321939330237e-09
1,1,0.11295896175405001,0.8870361037862301,4.934459719985825e-06
1,0,0.6966061646555562,0.303393819251655,1.609278875246212e-08
2,2,2.2672114138732084e-07,0.01230026835790232,0.9876995049209564
1,1,0.37975531157260967,0.6202435782287785,1.110198611722549e-06
0,1,0.4192304753011657,0.5807675452743145,1.979424519759806e-06
1,1,0.09579611637254744,0.9040086859397876,0.00019519768766490452
1,0,0.6910516334309729,0.30894835403391774,1.2535109408130045e-08
0,0,0.9653126286227393,0.034687255468732636,1.159085281259917e-07
1,1,0.10948826499132293,0.8905066993861058,5.035622571352951e-06
0,1,0.17087264886472067,0.8262881272492818,0.0028392238859973914
1,0,0.5107091976929501,0.48928473662638955,6.065680660222259e-06
1,1,0.015504049021821892,0.9651840755757863,0.019311875402391862
1,1,0.14460613896076216,0.8553790410716392,1.4819967598649577e-05
0,0,0.8113879681165023,0.18861199006637014,4.181712757032035e-08
0,1,0.10179914094250461,0.8839808895506511,0.01421996950684438
0,0,0.7107457382493262,0.2892542591256,2.6250736717228132e-09
1,1,0.1027910813324571,0.8970075450698143,0.00020137359772880991
1,1,0.1487213077027686,0.851235856106171,4.283619106028666e-05
1,1,0.12796422126814183,0.8720173570185469,1.8421713311396134e-05
1,1,0.34027670676540056,0.6597225694014411,7.238331582456184e-07
1,1,0.01145726911491568,0.9882760626097775,0.00026666827530665976
1,1,0.4204977031246867,0.579501358631267,9.382440463916005e-07
0,0,0.9715288234340893,0.028471156482516947,2.008339376921689e-08
0,0,0.6134359282143111,0.38656359097849297,4.808071960272241e-07
1,0,0.6166348286275022,0.38332810299154224,3.7068380955585353e-05
1,0,0.5256816397131533,0.47431807564552897,2.8464131774816896e-07
1,1,0.27165627562322125,0.7283403006490786,3.4237277000118043e-06
0,0,0.5571135624557393,0.44288607098981764,3.665544429530157e-07
0,0,0.6121106726996745,0.3878893059468479,2.1353477634906366e-08
1,1,0.26913274428987677,0.7308330413235926,3.4214386530485626e-05
0,0,0.5681053259488273,0.43189392566220164,7.483889710928413e-07
0,1,0.3886276475160697,0.6113719682132769,3.842706533324539e-07
1,1,0.1353549469225486,0.8541509391328471,0.010494113944604202
0,0,0.5842235336502517,0.4157762797014748,1.8664827358582906e-07
0,2,0.005674393124417561,0.41497096031586994,0.5793546465597125
1,1,0.22901510583732776,0.768908861780988,0.0020760323816842088
0,0,0.5291505423631057,0.4708486415425602,8.160943341251066e-07
0,0,0.5291602076847752,0.4708395780281172,2.142871076416149e-07
1,0,0.8778739243111529,0.12212605830709074,1.738175644317384e-08
0,0,0.5924468327028558,0.4075531125675328,5.4729611424123855e-08
1,0,0.5340965085277347,0.465903164256768,3.272154972790397e-07
0,0,0.7092809106283915,0.2907189821815779,1.0719003075523154e-07
1,0,0.5637812475766165,0.4362167823453612,1.970078022273943e-06
1,1,0.1069526296808559,0.8930162572656698,3.111305347417969e-05
1,1,0.28587584163591434,0.7141207459397488,3.4124243369052693e-06
0,1,0.18385943471212984,0.8160754322290253,6.51330588449017e-05
0,0,0.5579212654529528,0.44207851653890445,2.1800814260883398e-07
1,1,0.3723094191236206,0.6276892605832638,1.3202931155837164e-06
1,1,0.30776083642046775,0.6922357260447631,3.4375347691490566e-06
1,1,0.05331277829003222,0.9465993023709408,8.79193390269557e-05
0,0,0.7650956410891889,0.23490417570978717,1.832010239336955e-07
1,1,0.42349878500380944,0.5764991656370045,2.0493591859784153e-06
0,0,0.7791066303246392,0.22089334807446062,2.160090023644205e-08
2,2,2.9655869337872065e-05,0.47050807859624283,0.5294622655344193
1,1,0.30403068969499436,0.6956454627103977,0.0003238475946078944
1,1,0.23526748850150903,0.7643533454802175,0.0003791660182733961
0,1,0.3504646625885434,0.6494390418075182,9.629560393836561e-05
0,0,0.9358692091885599,0.06413064338055734,1.4743088280556535e-07
1,1,0.08270487139727666,0.9172642396537813,3.0888948942028e-05
1,1,5.320845954519829e-05,0.5363964568449493,0.4635503346955055
2,1,0.016061619044193575,0.7486621712430432,0.2352762097127632
1,1,0.16374688263464032,0.8362437327621702,9.38460318947865e-06
1,1,0.05874348687228838,0.9412319284903303,2.4584637381350614e-05
0,0,0.5991839199600723,0.40081594797674425,1.3206318333305855e-07
1,1,0.06423792306172645,0.9357342693303342,2.7807607939310533e-05
0,1,0.4643631848856596,0.5355924162559117,4.4398858428747306e-05
2,2,3.584383397372979e-09,6.983832019718055e-06,0.9999930125835967
0,0,0.8497450023023772,0.15025494927462993,4.842299289957597e-08
0,0,0.9004697529892823,0.09953023747698866,9.533729181566913e-09
0,0,0.9213520493817116,0.07864794118102972,9.437258591369131e-09
0,0,0.8146718696651477,0.18532795655653922,1.7377831300352994e-07
1,1,0.21352918482203764,0.7864670081485455,3.807029416758815e-06
2,2,3.8554581206008e-08,0.0019539044925828593,0.9980460569528359
1,1,0.3125727210048009,0.6874239977452076,3.281249991534926e-06
2,2,0.004435741986474948,0.2712630064670599,0.7243012515464652
1,1,0.29900640473366324,0.7009869139465738,6.681319763034663e-06
1,1,0.022719756290595784,0.9769423599298431,0.00033788377956113714
2,1,0.049744386244297924,0.7883441197636578,0.16191149399204433
1,1,0.2219348387405898,0.7780419283678353,2.3232891574890644e-05
1,1,0.4966147108066246,0.5033840681387783,1.2210545970544881e-06
1,1,0.06487373734690192,0.9350204770582711,0.00010578559482695817
0,0,0.9290280721742302,0.07097191931612216,8.509647551570974e-09
1,1,0.4185492689441245,0.581426155185909,2.457586996661601e-05
1,1,0.17983755376018065,0.820023356633624,0.00013908960619530457
0,1,0.30580647676904127,0.694182945913526,1.0577317432733035e-05
1,1,0.025142874299463824,0.9744514503105411,0.00040567538999493704
1,1,0.18538639092863501,0.8136002825546345,0.0010133265167304969
0,0,0.939384739115386,0.06061524961278985,1.1271824133271092e-08
0,0,0.6114545809190585,0.38854481747961,6.016013314925086e-07
0,0,0.6896650165889622,0.3103347607075938,2.227034440670847e-07
1,1,0.02878673303859908,0.9708788268011127,0.0003344401602881681
0,0,0.7674216574370363,0.23257695467459655,1.3878883672086114e-06
1,1,0.23475729745664506,0.765238549751421,4.152791933969948e-06
1,1,0.2732823400918798,0.7266899555721956,2.7704335924565618e-05
0,0,0.7131566147278521,0.28684335640463665,2.8867511282421054e-08
0,0,0.8721749995814315,0.12782497334187037,2.707669806887945e-08
1,1,0.1633814430100748,0.8365910716971218,2.7485292803520015e-05
1,0,0.6054609764289057,0.3945359268879325,3.0966831616160345e-06
2,2,0.0002848783016496217,0.04967286899540525,0.9500422527029451
1,1,0.2904074247437947,0.7095884057290263,4.169527179043857e-06
1,1,0.07277988703557506,0.9272116750827075,8.43788171749933e-06
0,0,0.9999743481210689,2.5643539101377632e-05,8.339829645948365e-09
1,1,0.23450519664180733,0.7650240513565844,0.0004707520016081649
0,0,0.9435924873406552,0.05640750710160035,5.557744429040632e-09
1,1,0.14025917160617116,0.8597313596780076,9.46871582118171e-06
0,1,0.3097291165340454,0.6902702337372258,6.497287287022395e-07
1,0,0.6985540133564873,0.30144372493608135,2.261707431378078e-06
1,1,0.3256968564562376,0.6743029759730562,1.675707060370781e-07
1,1,0.12991684772683754,0.8700695862695237,1.3566003638732352e-05
1,1,0.021794798200216372,0.8236755322840706,0.15452966951571298
1,0,0.6327020642439098,0.36728972965599543,8.206100094642172e-06
1,0,0.7834129592980457,0.21658702971428095,1.0987673339072196e-08
0,0,0.6249420304847626,0.37505789558742525,7.392781205878281e-08
1,1,0.055660552557861266,0.9440841703600147,0.00025527708212411056
1,1,0.1362277435927984,0.8636877283703255,8.452803687608912e-05
1,1,0.08173896169832628,0.9182316018144342,2.943648723939751e-05
1,1,0.1127210245508244,0.8872169800594608,6.199538971471402e-05
1,1,0.029671359026686554,0.9634908989489976,0.006837742024315651
1,1,0.052126883477465594,0.9478463097676908,2.6806754843430848e-05
0,0,0.5919673149477217,0.4080326545641009,3.048817742863116e-08
1,1,0.08750607263548679,0.9121674795069972,0.00032644785751605843
1,1,0.04837208403109527,0.9317242227732905,0.019903693195614098
1,1,0.025498791121784534,0.9742011693707814,0.0003000395074341792
1,0,0.9027887274486159,0.0972112653448897,7.206494469657035e-09
1,1,0.09587668089792284,0.8859910286643073,0.018132290437769677
0,0,0.6891611796529609,0.3108387622244955,5.8122543782544385e-08
1,0,0.5546973322072933,0.44530211227736516,5.555153414000602e-07
0,0,0.8504175692111918,0.14958226889421353,1.618945946239922e-07
0,0,0.8581160319804154,0.1418476821679844,3.628585160001111e-05
1,1,0.19543230314059457,0.8045159993158406,5.16975435648885e-05
0,0,0.939214091187875,0.060779154142613555,6.754669511413799e-06
1,1,0.1176573259361077,0.8806188688956873,0.0017238051682048144
0,1,0.44835786523585874,0.5516395941437162,2.540620425078191e-06
1,1,0.10068852386105948,0.898876271318427,0.0004352048205135005
1,1,0.22844950969114972,0.7715061411819373,4.434912691308213e-05
0,1,0.4717915519833824,0.5282022370612517,6.210955365772113e-06
1,1,0.19632618260011292,0.8036580447146925,1.577268519455389e-05
1,1,0.2013976835130744,0.7985963676940269,5.948792898626577e-06
0,0,0.9802464008264685,0.019753254669880833,3.445036506992981e-07
0,0,0.679359689007181,0.32063973621384556,5.747789734503518e-07
1,0,0.8205344604804318,0.17946551010520614,2.9414361991205916e-08
0,0,0.5669199239945687,0.43307980172870036,2.74276731016022e-07
0,0,0.9564134852205725,0.04358609710991916,4.176695082548411e-07
0,0,0.6162125473570147,0.3837872581648683,1.9447811703298482e-07
1,1,0.41105796442646886,0.5889414832943985,5.522791325543284e-07
0,0,0.8289067172556168,0.17109313112979951,1.5161458370506122e-07
0,0,0.7410163177029622,0.25898367768178865,4.6152490762466785e-09
1,1,0.17828729857433104,0.8217033444062591,9.357019409882058e-06
0,0,0.7643566208977942,0.2356385972148126,4.781887393323263e-06
0,0,0.716122565150753,0.2838772615861173,1.7326312962707276e-07
0,1,0.48775839549541594,0.5122413903495865,2.141549977152171e-07
0,0,0.7318799492333785,0.2681200258688288,2.4897792710676494e-08
1,1,0.3249761925679459,0.6750142682963335,9.539135720623052e-06
1,1,0.17455702099584197,0.8254171680846298,2.5810919528360327e-05
0,0,0.590995619020337,0.4090030765656622,1.30441400071253e-06
1,1,0.12636387297197174,0.8390947241894209,0.03454140283860734
1,1,0.17322518479407617,0.8267575252845971,1.7289921326702904e-05
0,0,0.920430807460858,0.07956894149309901,2.5104604301183523e-07
1,1,0.038756525475492784,0.734400806182239,0.22684266834226816
1,0,0.5605212526869237,0.439464461014958,1.4286298118313383e-05
1,1,0.05565906626501965,0.9443059013708942,3.503236408624625e-05
0,0,0.7527815090823451,0.24721771614244153,7.747752134842978e-07
1,1,0.2119317382250905,0.7880637678192415,4.493955668081989e-06
1,1,0.14795852263141906,0.8520300409359188,1.143643266214464e-05
1,0,0.9004088917917143,0.09959108759775781,2.0610527723923534e-08
0,1,0.4874924638699952,0.5125074959189984,4.0211006386272214e-08
0,0,0.7209807351063185,0.2790189660700438,2.988236377067573e-07
0,1,0.2901649337250423,0.7098344615955902,6.046793674413981e-07
0,0,0.8571781108035594,0.1428217789260494,1.1027039114480367e-07
0,0,0.7279792137411766,0.27202021650171027,5.697571132129996e-07
1,1,0.12082606388950239,0.8791608838396946,1.3052270803153617e-05
0,0,0.6458780653348719,0.3541218027288249,1.3193630330524909e-07
0,0,0.5095525098061516,0.49044604043836393,1.449755484462028e-06
1,0,0.8986486339167088,0.10135134325890977,2.2824381448770965e-08
1,1,0.08581425620144416,0.9141216943543308,6.404944422502121e-05
0,1,0.24501558178975383,0.754973022106376,1.139610387018757e-05
1,1,0.052106099416083324,0.9478357848572819,5.811572663485647e-05
0,1,0.48371827540137363,0.5162816446730396,7.992558677792247e-08
1,1,0.4348638549136225,0.565079289798003,5.685528837451779e-05
0,0,0.8915794015142391,0.10842055704491742,4.144084351388094e-08
1,1,0.15857630158257813,0.8413871039479228,3.659446949906893e-05
1,1,0.10961778653007365,0.8903752081731169,7.005296809563724e-06
1,1,0.08216995639523032,0.9178193873297589,1.065627501083498e-05
0,0,0.7578648778416471,0.24213501123519357,1.1092315924539075e-07
0,0,0.6143846642247712,0.38561529728498084,3.849024795591642e-08
1,1,0.334441366403976,0.6655504459889271,8.187607096883937e-06
0,1,0.3868951352238195,0.6130705725483442,3.4292227836302535e-05
0,0,0.7946013530613258,0.20539862958328292,1.73553913048404e-08
1,1,0.04564703201705098,0.9543094722757037,4.349570724526971e-05
1,1,0.41319429400154634,0.5868002925829496,5.413415504030955e-06
1,0,0.6020865961460732,0.39790584744180674,7.556412120123097e-06
0,0,0.8889630461828433,0.1110369500648702,3.7522864641212e-09
1,1,0.3405554771723893,0.6594344638922329,1.00589353778959e-05
0,1,0.07742393039511802,0.9225154392736504,6.063033123162231e-05
0,0,0.7945119422675135,0.20548804909421217,8.638274354441062e-09
0,0,0.6210175238239107,0.3789823289511624,1.472249268208902e-07
0,0,0.8917523375071916,0.10824710215642644,5.603363818822445e-07
