true_label,pred_label,prob_class_0,prob_class_1,prob_class_2
0,0,0.7765540081984169,0.2231354466713879,0.00031054513019510444
1,1,0.2936342066545578,0.7035129834863556,0.002852809859086653
1,1,0.12995470456860644,0.8620203087777663,0.008024986653627225
0,0,0.8848895387228534,0.11494692813809902,0.00016353313904774922
1,1,0.44483380496234287,0.5543165708480384,0.0008496241896187681
0,0,0.938894956433109,0.06069294500861568,0.0004120985582751686
0,0,0.9778119387200959,0.02172169365717054,0.0004663676227334445
0,0,0.9281563509677796,0.07176943612780722,7.42129044131166e-05
1,1,0.15056077352392308,0.785048826402042,0.06439040007403479
0,0,0.8763976738565702,0.1233066849147763,0.00029564122865358985
1,0,0.521801605338259,0.47728681240649073,0.0009115822552501736
0,1,0.3975386215100497,0.6018690971464805,0.0005922813434696372
1,0,0.8792579651888895,0.11861123719152758,0.002130797619582894
1,1,0.2924854738993739,0.7051296099153557,0.002384916185270353
1,1,0.13867472585196713,0.8593755353332422,0.001949738814790787
1,1,0.18575748414383106,0.8127906124672479,0.0014519033889209966
0,0,0.7079050517163815,0.29135592516301667,0.000739023120601614
1,1,0.21295348354750157,0.7843892263028382,0.0026572901496601468
1,1,0.044208577808479685,0.9518989970557801,0.003892425135740339
1,1,0.37312298870482385,0.6193158271179265,0.007561184177249538
0,0,0.7316323595458974,0.267991049260903,0.0003765911931997187
1,1,0.314401983127564,0.6840664600654323,0.0015315568070037786
1,1,0.3962687482880051,0.6024077876928335,0.001323464019161335
0,0,0.9526211748806218,0.047113368947842724,0.0002654561715355094
1,1,0.38436343626852015,0.6130191872708273,0.0026173764606526027
1,2,0.0003609630589918401,0.3679340166583969,0.6317050202826112
0,0,0.6636890056458832,0.33588421742551017,0.0004267769286066676
1,1,0.040983510148076836,0.9556253048546517,0.0033911849972715624
0,1,0.13499043369283517,0.8582329288385059,0.0067766374686589375
0,0,0.747409425468167,0.25238066300084566,0.0002099115309873152
0,0,0.5942933220671042,0.4053911227827934,0.0003155551501024475
0,0,0.8467970830955691,0.15265612460044656,0.0005467923039841724
1,1,0.2776602122883021,0.7202727361727744,0.0020670515389235025
0,1,0.4272566981810211,0.5719079945930903,0.0008353072258887968
0,0,0.5993613220567067,0.3999742040488758,0.000664473894417642
1,1,0.11186812974464493,0.8728670983960766,0.015264771859278303
1,1,0.03666646146651125,0.9324071743786766,0.030926364154812248
0,0,0.5101302784537681,0.4886823310345691,0.0011873905116628256
1,0,0.6069365967918984,0.3927062147185935,0.00035718848950804487
1,1,0.10627684554048454,0.8832551088637743,0.010468045595740959
0,0,0.6286976978670347,0.3707581897505594,0.0005441123824058655
0,0,0.725426715662644,0.2743614471616319,0.00021183717572407829
1,1,0.22931072333189648,0.7658585837900912,0.004830692878012305
0,0,0.961363824307628,0.03843106349849864,0.00020511219387345445
2,2,0.002383172129123377,0.24561281030664306,0.7520040175642335
0,1,0.26632410821587205,0.7250202325123847,0.00865565927174333
1,1,0.2593250530282336,0.7392919984760089,0.0013829484957575083
1,1,0.4029690887260275,0.5948956043666715,0.0021353069073008057
1,1,0.09111649869130614,0.9068686016732674,0.0020148996354263874
0,0,0.7548592038977836,0.24346550016511898,0.0016752959370974526
0,1,0.30550438714438094,0.691450699731259,0.0030449131243599076
1,1,0.14259506398090474,0.843547399060154,0.013857536958941274
1,1,0.08107223552864039,0.9100092191771494,0.008918545294210285
1,1,0.4231484813566577,0.5751686273737405,0.0016828912696017603
1,0,0.7840976220394471,0.2155993333290413,0.000303044631511632
1,1,0.4241875302251534,0.5750394171661912,0.0007730526086554946
1,1,0.019151417066539708,0.9731355777394056,0.00771300519405467
1,0,0.8905229761975391,0.10917075883454586,0.00030626496791500373
0,1,0.3050789446321184,0.6943401106617153,0.0005809447061663115
1,1,0.054766644902924,0.9316751311517889,0.013558223945287166
2,2,1.4581808901956363e-05,0.07370974249410787,0.9262756756969902
0,0,0.6138535313018931,0.3837387495079009,0.0024077191902059153
1,1,0.22103531913058957,0.7743157973775192,0.004648883491891207
0,0,0.7108762662866961,0.2886146468957043,0.0005090868175996573
0,0,0.5395034200787359,0.45996512070039075,0.0005314592208734281
1,1,0.01734732845396614,0.9785006038199581,0.004152067726075788
1,1,0.3191908985072617,0.6788872943260593,0.0019218071666790703
1,1,0.12677639968460186,0.8712632312010523,0.001960369114345744
1,0,0.5106161398311974,0.48853877414193714,0.0008450860268656263
1,1,0.185516667266182,0.8125917787288497,0.0018915540049682061
1,1,0.16421577645997834,0.8344252444454161,0.0013589790946054953
0,0,0.6475284322490494,0.3483060696703567,0.004165498080593838
1,1,0.40274932218489484,0.5961209381767256,0.0011297396383795509
0,0,0.7365053410759659,0.2632354918906252,0.0002591670334088798
1,1,0.4414629831444032,0.5577984283424503,0.0007385885131463532
0,0,0.8801257316314656,0.11711655177351278,0.002757716595021626
1,1,0.3427861121046478,0.6563957672036485,0.0008181206917036289
1,1,0.3617300169407745,0.6363098463177511,0.0019601367414743454
1,1,0.07230341856996529,0.9257160220806746,0.001980559349360177
0,0,0.8996443963752031,0.10028120928905229,7.439433574463674e-05
1,0,0.5265609512125776,0.4726471131367091,0.0007919356507132256
0,0,0.8430443080124035,0.1566495426262056,0.000306149361391063
1,1,0.1085838147046185,0.8834203184311941,0.007995866864187554
2,2,0.0012128128639527567,0.20017886958509248,0.7986083175509546
1,1,0.4582992579820986,0.5397616354013246,0.0019391066165768687
1,1,0.22882797875798433,0.7667268963181283,0.004445124923887396
0,0,0.9334366444404063,0.06653416266069381,2.9192898899993246e-05
1,0,0.7245969167272347,0.27460017652012664,0.0008029067526385999
0,1,0.21238837483111556,0.7863507381021823,0.0012608870667022171
0,0,0.8375630540128439,0.16226372724423438,0.00017321874292175007
0,0,0.8493977595398665,0.15031642277408616,0.0002858176860474179
1,1,0.2213711068116735,0.7759251194149926,0.002703773773333941
1,1,0.14625740307457566,0.817356934187985,0.036385662737439435
1,1,0.2067077346296353,0.792091453178647,0.0012008121917177494
0,1,0.16333132849174078,0.8352673328814059,0.0014013386268534403
1,1,0.13280319378858235,0.8098908157382626,0.057305990473155
1,0,0.5010054735259252,0.49813100552729384,0.0008635209467808889
1,0,0.6543761715457646,0.34477777302005436,0.0008460554341811559
1,1,0.23805775306160795,0.7610610183594076,0.0008812285789843861
1,1,0.05632024303895788,0.9413825186184386,0.002297238342603658
0,1,0.07301425833748021,0.9236961967583226,0.0032895449041972034
1,1,0.02075356044388158,0.9732071653922308,0.0060392741638875935
1,1,0.023267618785092856,0.9340543209169228,0.04267806029798454
1,1,0.18893685742583655,0.806231882854864,0.004831259719299493
0,1,0.27577590678985187,0.7213293790732189,0.002894714136929189
0,1,0.36875210043678747,0.6297231918909711,0.0015247076722413686
1,1,0.2140378288461078,0.7810865962588639,0.004875574895028274
1,1,0.35853203923143767,0.6404370119123161,0.0010309488562463434
0,1,0.2535302147209471,0.745074648055568,0.0013951372234847646
2,2,0.008331775458446447,0.3882550526226529,0.6034131719189005
1,1,0.3635214141023422,0.6357682506029226,0.0007103352947352035
0,0,0.8705030707243863,0.12926604912055553,0.000230880155058107
1,0,0.6212497371728354,0.37699256095784656,0.0017577018693180255
0,1,0.4221481189222315,0.5765596883613403,0.0012921927164282249
1,0,0.5697073823526484,0.4296743599806452,0.0006182576667064394
0,1,0.1331721910328899,0.8651450466602747,0.0016827623068353963
2,2,0.0004625552203611224,0.1444528244393696,0.8550846203402692
1,1,0.11048557630002659,0.8866924080980271,0.0028220156019462955
0,0,0.7108291862804557,0.2887964832598955,0.00037433045964881914
0,0,0.6777741576634992,0.32150548557841796,0.0007203567580828974
1,0,0.5670270424751048,0.43258215341502987,0.00039080410986532243
0,1,0.41146126294381813,0.5854016663571613,0.003137070699020645
2,2,7.832607170353738e-06,0.06352620995919146,0.9364659574336381
1,0,0.61926332908849,0.36213704558534465,0.01859962532616528
2,2,0.00023025653071387714,0.3483463495624849,0.6514233939068014
0,0,0.6255707037300381,0.3738205029281014,0.0006087933418604778
1,0,0.7936216775766147,0.2060500745251209,0.0003282478982643574
0,0,0.8442479374879579,0.1553389081833135,0.0004131543287286122
2,2,1.0379998820176711e-08,2.863768238189135e-05,0.9999713519376194
2,2,8.443079184215205e-06,0.01535430880433891,0.9846372481164769
0,0,0.902752174522616,0.09712125024723091,0.00012657523015322867
0,0,0.596216213000036,0.39993531773120644,0.003848469268757455
1,0,0.8539146973437364,0.14574336223550474,0.00034194042075891035
1,1,0.43801936251848445,0.5617568571581566,0.0002237803233590294
0,0,0.6186157701168905,0.38122861277834574,0.00015561710476376367
1,1,0.111910669146334,0.8866296245040682,0.0014597063495977636
0,0,0.8124933710604346,0.18667951105486974,0.0008271178846956507
0,0,0.7325099111602511,0.26573264968718896,0.001757439152560024
1,1,0.1307526498830253,0.8667490699035627,0.0024982802134119
2,2,0.00018182239675411296,0.2511338498383824,0.7486843277648635
0,0,0.8850286318189071,0.11485771667204633,0.00011365150904647321
2,2,0.0008479256614690471,0.2916783508539025,0.7074737234846284
0,0,0.679436774998141,0.32032104186495053,0.00024218313690838953
1,1,0.49112144401831903,0.5077796852387019,0.0010988707429790937
0,0,0.6470544646664149,0.3524632459877385,0.0004822893458466289
2,2,0.009919408112469977,0.32578389075344727,0.6642967011340827
0,0,0.8415907629730561,0.15787418917202273,0.0005350478549212178
0,1,0.29047561833077,0.7083965797155384,0.0011278019536916527
2,1,0.014923914306959718,0.9581114697407378,0.026964615952302456
0,0,0.5750408059730038,0.423204681924519,0.001754512102477183
1,1,0.028503038969116636,0.8720350860182942,0.09946187501258914
1,1,0.4835368594713269,0.5091796231072381,0.007283517421435043
1,1,0.03589796687008141,0.8657868818737039,0.09831515125621453
1,0,0.6292035621725406,0.3701720605468348,0.0006243772806245632
0,0,0.6610574968542582,0.3378144237118075,0.0011280794339343847
0,0,0.7961673314946596,0.20265142330399255,0.0011812452013478271
0,0,0.8413243581071493,0.15829069974769958,0.0003849421451511145
1,1,0.16034934469055437,0.8357122397427763,0.003938415566669114
0,1,0.17906455059452817,0.819647021790837,0.0012884276146348144
0,1,0.262635573393721,0.735754771628594,0.001609654977685057
1,1,0.06150595850830874,0.9311533719982672,0.007340669493424146
0,0,0.9149142712953039,0.08496936324138396,0.00011636546331219539
1,1,0.19662047818441972,0.8022862778279088,0.0010932439876714024
0,0,0.9121979643612026,0.08759812159116513,0.0002039140476322842
1,1,0.2176474143391741,0.7783534745178515,0.003999111142974367
1,1,0.056973470701900085,0.8470039028764803,0.09602262642161967
1,2,0.0012074159102878894,0.20149487350816994,0.7972977105815422
0,0,0.9365661725911013,0.06335408637573414,7.974103316465227e-05
1,1,0.12420489281987468,0.871112193042187,0.004682914137938175
1,1,0.33664305126939414,0.6616525098163698,0.001704438914236051
1,1,0.052592014251145736,0.9437335369603218,0.0036744487885323023
1,1,0.4424300357232398,0.5552022123110164,0.0023677519657438885
0,0,0.6993402526463778,0.29331252858529316,0.007347218768328993
1,1,0.1732805244566837,0.8236168704049949,0.003102605138321307
0,1,0.2985735439923432,0.6989237405089008,0.0025027154987558886
1,1,0.11464812301996156,0.8827913780901924,0.0025604988898459483
1,1,0.31297578313034774,0.6858332232231051,0.001190993646547077
1,1,0.16108340337864155,0.8342810294279863,0.0046355671933720095
1,1,0.24418569296253065,0.7530724012296639,0.0027419058078055254
1,1,0.09349879425204428,0.8954476304970148,0.011053575250940835
1,1,0.26717889939626627,0.7318423965879093,0.0009787040158245241
0,0,0.6505848193849011,0.34919790781059773,0.00021727280450119373
1,0,0.6068865381612093,0.39219640166879743,0.0009170601699932848
1,0,0.5472711336872876,0.44618927020366345,0.006539596109048951
0,0,0.7518680263562744,0.24802275288556283,0.00010922075816288974
0,1,0.30992744868853606,0.6864801554436988,0.0035923958677651687
0,0,0.5855038252290383,0.4139361460057683,0.0005600287651933032
0,0,0.5090150521195138,0.49062658054763086,0.0003583673328553147
1,1,0.19521019649702084,0.8031370079022205,0.0016527956007587287
0,0,0.8093773283396766,0.19041232484576429,0.0002103468145593188
1,1,0.07407536050931487,0.9238342150828717,0.0020904244078133894
0,0,0.9976362938908471,0.0014714118097943147,0.0008922942993585753
1,2,0.00045876088530529306,0.30194575112286803,0.6975954879918266
0,0,0.7004142851718133,0.2988949519252588,0.0006907629029279001
0,0,0.9634312533293978,0.03634401259003773,0.00022473408056456607
0,0,0.7040809759564192,0.2952571113580564,0.0006619126855244826
1,1,0.0445731092456259,0.8463272980080491,0.10909959274632493
1,0,0.675104815796149,0.3234221560040642,0.0014730281997867144
0,0,0.8284804966502249,0.17141952340721023,9.997994256478477e-05
1,1,0.43139638792073187,0.5680518838026282,0.0005517282766401006
1,0,0.7541049629862121,0.2454512103248547,0.0004438266889331399
0,1,0.36470510889130275,0.6340020425633321,0.001292848545365081
1,1,0.22187452515161546,0.7754426999355266,0.002682774912857979
0,0,0.7238453399450281,0.27557074162491557,0.0005839184300563712
1,1,0.09491830665375386,0.8969637143878094,0.008117978958436878
0,1,0.2207207195668349,0.7771859148340028,0.0020933655991623376
1,1,0.11383354620220124,0.8695489914548771,0.01661746234292168
0,0,0.8923315415625227,0.10729795643208735,0.000370502005389876
1,1,0.3313526165916302,0.6682143582769811,0.00043302513138869736
1,1,0.34485021561228046,0.6523357338090792,0.0028140505786403785
1,1,0.13104905566811867,0.8649937733337832,0.003957170998097952
1,1,0.4690665759393816,0.5292589022489911,0.0016745218116273075
0,0,0.9983127311480815,0.0014266028414822703,0.0002606660104363471
1,1,0.2748017680958409,0.7218779882001513,0.003320243704007673
1,1,0.1127613987057701,0.8243688055101586,0.06286979578407141
0,1,0.39948820690712444,0.5988308171431592,0.0016809759497163597
0,0,0.9995687033310192,0.0003688087773831707,6.24878915975848e-05
0,0,0.668281802948705,0.33103405195168384,0.0006841450996112351
1,1,0.28547434802077154,0.7119342956503975,0.0025913563288309438
0,0,0.8953504287075164,0.1042698582426513,0.00037971304983250715
1,1,0.42365857315737077,0.572539133820191,0.003802293022438197
1,0,0.7919095532231122,0.20797042237751714,0.0001200243993705312
2,2,2.399614101586801e-07,0.019409517865666425,0.9805902421729233
1,1,0.2956449269869821,0.7019521836970019,0.0024028893160160402
1,1,0.04189579857569282,0.9401572090358148,0.017946992388492393
1,1,0.05255593258250295,0.8334508260117888,0.11399324140570835
0,1,0.350380716318115,0.647815770908869,0.0018035127730160123
0,1,0.4308264896071557,0.5667077670299345,0.0024657433629097754
0,0,0.9720687678439649,0.027807570325092488,0.00012366183094256907
1,0,0.5374181163415638,0.46229913113064264,0.00028275252779358395
1,1,0.1926700785620666,0.7957603342635602,0.011569587174373147
1,0,0.7222250819262224,0.27759671989821944,0.00017819817555828798
2,2,0.009861313544060515,0.4764858713984563,0.5136528150574832
1,0,0.5009638932658035,0.4983371305716453,0.0006989761625511903
1,1,0.142058426416738,0.8552720465740038,0.002669527009258245
0,1,0.4080121057686594,0.5914446840864275,0.0005432101449132441
1,1,0.4676464934386334,0.5320659060693409,0.00028760049202577207
1,1,0.41662378361386276,0.5826554845951233,0.0007207317910139776
1,1,0.23399155993491896,0.7617645467113847,0.0042438933536962705
1,1,0.3929071409503442,0.6062612116506927,0.0008316473989631907
0,0,0.7234914644339823,0.27605350618724955,0.0004550293787681232
1,1,0.3978666251913853,0.6006189058222868,0.001514468986327684
0,1,0.2195274687168167,0.7766011745144692,0.0038713567687139938
1,1,0.2505875639530686,0.7468953675571461,0.002517068489785253
2,2,9.288760248000297e-06,0.07459200633452719,0.9253987049052249
1,1,0.04068155494758274,0.9472516857797242,0.012066759272692955
1,1,0.0008351923453323556,0.5908996710992394,0.40826513655542834
2,2,0.00010370404865038358,0.1257944689984865,0.8741018269528631
0,0,0.9479502665662778,0.05164332156089018,0.0004064118728321221
0,1,0.4902413827848135,0.509310299532043,0.0004483176831434723
0,0,0.7140853818433619,0.2856173249311997,0.0002972932254383406
1,1,0.011967842140508217,0.9806722075572918,0.007359950302199965
1,1,0.32288851073345287,0.6751187834783712,0.001992705788175946
1,1,0.44248566895079233,0.5426374795873594,0.014876851461848365
1,1,0.2770182604124944,0.7214416882821081,0.0015400513053975514
1,1,0.25748762882,0.7411529993500112,0.0013593718299888915
0,0,0.8330793099705917,0.16675197008005258,0.00016871994935582898
1,1,0.12807161556856358,0.8706861828839623,0.001242201547474172
1,1,0.2973752796739297,0.7013236722955729,0.0013010480304973487
1,0,0.7578045281715535,0.24127568755419138,0.0009197842742550708
1,1,0.054897552865559744,0.8883129854580508,0.05678946167638955
0,1,0.4476283348871687,0.5516548947905786,0.0007167703222526689
0,0,0.5810476577930909,0.4186115548326545,0.0003407873742546944
1,0,0.5567393321506962,0.4427013642549963,0.0005593035943075526
0,0,0.7756454235878635,0.22381770985161903,0.0005368665605173505
1,1,0.25614443149344374,0.7371965247685459,0.006659043738010341
1,0,0.8530108792223409,0.14677706007879288,0.0002120606988663347
0,0,0.5472925024104025,0.45139523042923285,0.001312267160364621
1,1,0.028692695966407365,0.9608510997509478,0.010456204282644833
0,1,0.46305859649631975,0.5362137878267843,0.0007276156768958485
1,1,0.02639464241545743,0.9560443814074571,0.017560976177085387
0,0,0.7441597573556752,0.255028783857858,0.0008114587864668259
0,0,0.9495628511462906,0.05016673902350946,0.00027040983019984473
0,0,0.6879037106490724,0.3114706348798553,0.0006256544710722648
1,1,0.1730962786565564,0.8255080650080683,0.001395656335375249
0,0,0.8600832607619899,0.139797543482819,0.00011919575519106971
1,1,0.16409128572879528,0.8279864782455374,0.007922236025667303
1,1,0.2762041754719308,0.7179358518567764,0.005859972671292681
0,1,0.21343509058760296,0.7828772123935218,0.0036876970188752622
0,0,0.687776110674311,0.3118690796245232,0.00035480970116574947
1,1,0.06325746518983777,0.9349626460685554,0.0017798887416068732
1,1,0.050690714837455006,0.9459092684732042,0.003400016689340695
1,0,0.523731341280433,0.4740221841044932,0.0022464746150737433
1,0,0.6550997777807311,0.34435592265095144,0.0005442995683174887
1,1,0.4123112828111055,0.5863101609416093,0.0013785562472851953
0,0,0.868693846324793,0.13105285845767609,0.00025329521753101214
0,1,0.11918543266357387,0.8764059201713379,0.0044086471650883145
1,0,0.5849349550411913,0.41436292798131336,0.0007021169774953299
1,1,0.1509853453483905,0.8364896878410569,0.012524966810552608
0,1,0.39548764242500173,0.6036066093377875,0.0009057482372108257
0,0,0.6172115846202132,0.38147655554060994,0.0013118598391768472
0,0,0.538986546780914,0.46024328854555685,0.0007701646735291593
1,1,0.03247391439663379,0.9598711027043618,0.007654982899004586
1,0,0.6555890859607764,0.3442419614045485,0.0001689526346750849
0,1,0.1871742518275008,0.8105483837621663,0.0022773644103327713
0,0,0.8301604358826759,0.16909595265585775,0.0007436114614663255
2,2,0.001838651057330581,0.11088895138788069,0.8872723975547887
0,0,0.9236272542701801,0.0755692300223936,0.0008035157074264537
1,1,0.46751293537101807,0.5320674726228891,0.0004195920060927132
0,1,0.47998830105560003,0.5192642766186581,0.0007474223257418827
1,1,0.0923064214671225,0.9050907942943058,0.0026027842385717742
1,1,0.20593796918769158,0.7923108612119356,0.001751169600372783
0,0,0.5955376755862263,0.4042027429403767,0.00025958147339693027
1,0,0.7929015930206321,0.20659120318058424,0.0005072037987836487
0,0,0.5272541922703159,0.47194758222712485,0.0007982255025591882
0,0,0.5646082801376278,0.4349146047248867,0.00047711513748561693
0,0,0.7672873732478316,0.2303242713475483,0.0023883554046202197
1,1,0.16411479964261438,0.8346623407476208,0.001222859609764819
1,0,0.7182637561902538,0.2815268439659051,0.0002093998438409987
0,1,0.4593357506123503,0.5399362778910772,0.0007279714965723887
1,1,0.3702697082316523,0.6288409154634379,0.0008893763049098298
2,2,2.757626563250333e-07,0.023084989532115668,0.976914734705228
1,1,0.20534497445038108,0.7935861156658525,0.001068909883766569
0,0,0.6381415994599124,0.3617361085466067,0.00012229199348090232
1,1,0.07217604675468638,0.925220090619052,0.0026038626262617835
0,0,0.8750290579016136,0.1248956577476949,7.528435069150411e-05
0,0,0.5522457983932794,0.4471585201095392,0.0005956814971814919
1,1,0.010647912040259298,0.9826222294283664,0.006729858531374289
0,0,0.7242622550047826,0.27530921429829647,0.0004285306969210871
1,1,0.27417195302255615,0.7223923918221548,0.003435655155289112
1,1,0.14200019073848705,0.8528675278550489,0.005132281406463887
0,0,0.851731941808713,0.14819140799252198,7.665019876482729e-05
0,0,0.6540503214102168,0.34535922835783545,0.0005904502319477745
1,1,0.10292809146093855,0.8951591178663628,0.0019127906726986788
2,2,0.0004553451365612628,0.3850127577168484,0.6145318971465904
1,1,0.21559572683072092,0.7828972681764125,0.0015070049928666914
1,1,0.29192412332860435,0.7062706052153913,0.0018052714560042695
1,1,0.09350952066730628,0.9039871739624737,0.002503305370219851
0,0,0.8046317240155001,0.19485229527579773,0.0005159807087021495
1,1,0.12026150633887753,0.8769905783398638,0.0027479153212585606
1,0,0.5944851704468375,0.40499786817330036,0.0005169613798620918
1,1,0.14339808213920363,0.8538150142468115,0.0027869036139849756
0,0,0.9140527629660757,0.08557733910849118,0.0003698979254330324
0,0,0.7433204393986799,0.25659246583165796,8.709476966221751e-05
1,1,0.17771185539547013,0.7832261858283419,0.03906195877618795
0,0,0.9126666833179586,0.08697792497830496,0.0003553917037364962
1,1,0.16694015470360749,0.832130464566173,0.0009293807302193939
0,0,0.5146482984932613,0.4842745476924523,0.0010771538142862619
1,0,0.5361155285691621,0.46349007700341394,0.0003943944274240682
2,2,0.008282322884992647,0.39797896080654743,0.59373871630846
0,0,0.9233381316981567,0.07608524412164672,0.0005766241801965069
0,0,0.580182635205852,0.41889529151010235,0.0009220732840456304
1,1,0.043127212281575955,0.952892032683171,0.003980755035252839
1,1,0.0790235957439416,0.9076396982995424,0.013336705956515893
1,1,0.25918814793552897,0.7400502616942813,0.0007615903701896158
1,1,0.4260677095636534,0.5728687761150527,0.0010635143212937871
1,1,0.2857037276917116,0.7120446916223596,0.002251580685928692
0,1,0.4743997349525219,0.5245498919862853,0.0010503730611927645
0,0,0.8137286019931522,0.18604658203553276,0.00022481597131517993
0,0,0.5188914483974827,0.477421628447927,0.0036869231545903127
1,1,0.03095257280714466,0.963346728551376,0.005700698641479377
0,0,0.9787152780649582,0.021227512851301315,5.7209083740488604e-05
1,1,0.2246421574682292,0.7743816125118336,0.0009762300199372369
0,0,0.857131567945795,0.1426195265776769,0.00024890547652816453
0,0,0.9296051315955145,0.07010174393417476,0.0002931244703108947
1,1,0.025044290444686267,0.9625097966060338,0.012445912949279927
1,1,0.21156145802224668,0.7854305936031055,0.003007948374647772
2,2,0.0029377553180970433,0.20790828337201678,0.7891539613098862
1,1,0.08089731119419476,0.9173333377806369,0.0017693510251683736
0,0,0.8884732062384122,0.1110620936582528,0.0004647001033348722
1,1,0.11422944646082717,0.8804110172091696,0.005359536330003123
0,1,0.3791710551210192,0.619669986282141,0.001158958596839928
1,1,0.1932324826009324,0.8029626595693875,0.0038048578296801484
1,0,0.7216974796346123,0.2781489576888668,0.0001535626765209228
0,0,0.5513723304660492,0.4481051308387457,0.0005225386952051364
1,0,0.5558038755004651,0.4427019708895989,0.00149415360993614
1,1,0.3885076414638674,0.6105282014138689,0.0009641571222637027
1,1,0.47625219952385967,0.5227926928275897,0.0009551076485506041
1,1,0.28694732057489325,0.7120555463473642,0.000997133077742529
0,1,0.22893407678490957,0.7698340608149934,0.0012318624000971124
0,0,0.713930362962358,0.28520878548280343,0.0008608515548386303
0,0,0.6218558775836494,0.3772285557031199,0.000915566713230618
1,0,0.6076305468683404,0.3909532362461639,0.0014162168854958033
1,1,0.16865676919711126,0.8259743431962879,0.005368887606600902
1,1,0.44627290862033886,0.5512823128248073,0.0024447785548538173
0,1,0.33332068125693826,0.665473155629931,0.001206163113130664
0,0,0.8340216809520802,0.16587598751247656,0.00010233153544336977
0,0,0.6487150298923702,0.350987225552323,0.0002977445553067525
0,0,0.6658596213131065,0.33398841553581965,0.00015196315107390235
0,0,0.9028417440743278,0.09701356573161087,0.00014469019406130975
1,1,0.018541757691375626,0.9782271809785543,0.0032310613300700394
0,0,0.6783920983727485,0.32080187162014956,0.0008060300071021172
1,0,0.5015863005108777,0.49569394551303636,0.002719753976085981
1,0,0.8251193139582083,0.1740935540011124,0.0007871320406793355
1,1,0.336934937655482,0.6624206931222045,0.0006443692223133109
1,1,0.12409520780615058,0.8690500361579937,0.0068547560358556275
1,1,0.05999538328256148,0.8693443407414003,0.07066027597603824
2,2,0.0010279672577265388,0.19134956744598247,0.807622465296291
1,1,0.04228791282487078,0.9532678366413406,0.0044442505337886455
1,1,0.34549223351859176,0.6529887942407339,0.0015189722406744504
0,1,0.15625082944625404,0.8404093936498169,0.0033397769039290506
1,1,0.042649401690644205,0.855759281099547,0.10159131720980889
1,0,0.7559287251363518,0.24391887075146715,0.00015240411218112707
0,1,0.4169170312255203,0.5818152821153361,0.0012676866591434996
0,0,0.999546736627113,0.00038395045203690247,6.931292084989906e-05
1,1,0.40969882058566875,0.5896382948534096,0.0006628845609215494
1,0,0.606476658644149,0.39312938446066364,0.00039395689518745356
2,2,0.003928336914247296,0.4339791528135085,0.5620925102722442
0,0,0.6426326528723998,0.356311604937106,0.0010557421904942574
0,0,0.6083832304427828,0.38865530112655056,0.0029614684306666895
1,1,0.17463218301173677,0.8248116481673277,0.0005561688209356218
1,1,0.06714387412451946,0.9302882463331175,0.002567879542363062
1,1,0.27070700312450524,0.726841174449021,0.002451822426473864
0,0,0.9834333140984978,0.01631958387852038,0.0002471020229819431
0,0,0.5174984030749548,0.4821154551978103,0.0003861417272349849
1,0,0.5951512599639449,0.4030791152978125,0.0017696247382425925
0,0,0.6130739999332331,0.3860349997401357,0.0008910003266312126
1,1,0.14329392187113418,0.8544348474984359,0.002271230630429989
1,1,0.4917403758774977,0.5074126012134952,0.0008470229090071521
1,1,0.30676887414770415,0.6910104541905864,0.0022206716617095674
1,1,0.20748523293676216,0.7865241275295983,0.005990639533639554
1,1,0.1304272776083296,0.8349992728755954,0.03457344951607505
0,0,0.6203667901443379,0.37932173207375897,0.0003114777819030871
0,0,0.8019324097012691,0.19796971527907092,9.787501965986715e-05
0,0,0.8025509920218732,0.19713552236398593,0.0003134856141410215
0,0,0.5230641027542934,0.4761153352762966,0.0008205619694099319
0,0,0.7516801634124842,0.24813246276202125,0.00018737382549443183
1,1,0.13319510029191203,0.8649958920879186,0.0018090076201694072
0,0,0.7266688418872115,0.27290273274145543,0.00042842537133318666
1,0,0.7913249525559047,0.2078246123592071,0.0008504350848879957
0,0,0.6933780616621208,0.30598926121413095,0.0006326771237482413
1,1,0.31136039248429925,0.6863870467805917,0.0022525607351090594
1,1,0.09521058991542508,0.9025957014224998,0.0021937086620750935
0,0,0.5622493365408235,0.4370432243089432,0.0007074391502333988
1,1,0.051315554104113356,0.9461904555329176,0.002493990362969263
1,1,0.4348639382955309,0.5639705308222056,0.0011655308822634573
1,1,0.020922779109277954,0.9754908041267366,0.0035864167639855435
1,0,0.7474817369266369,0.25115981650185343,0.0013584465715096843
0,1,0.42896710396758697,0.569310363048281,0.001722532984132043
1,1,0.1696616146467594,0.8285524100916621,0.0017859752615784878
1,0,0.8105283031801609,0.18927744507654745,0.0001942517432916546
1,1,0.1054883034441725,0.8932635898386275,0.001248106717199963
0,0,0.9068671749038886,0.0929488720754777,0.00018395302063372738
2,2,0.001417025222949894,0.14417277010366955,0.8544102046733806
2,2,4.609670231666622e-05,0.13233537686703667,0.8676185264306465
0,0,0.5323202214712555,0.46739280521043924,0.0002869733183053771
1,0,0.807023282746868,0.1925139780701003,0.00046273918303183756
1,0,0.616922772597556,0.38154090332545154,0.0015363240769925633
1,1,0.21989078938544948,0.7780569981948341,0.0020522124197164962
1,1,0.3484756555370454,0.6457587742944759,0.0057655701684786445
1,1,0.1501529181985722,0.847601645793865,0.002245436007562791
2,2,1.6084327399603834e-07,7.003755346059735e-05,0.9999298016032655
0,0,0.6207696752364495,0.37612880752647077,0.0031015172370797393
0,0,0.8174138988075762,0.18066651628113037,0.0019195849112933969
0,0,0.864714010675952,0.1348628992552732,0.00042309006877474343
1,1,0.048389326985604234,0.948761553166291,0.0028491198481047125
1,1,0.018265605026522233,0.9691470412521532,0.012587353721324348
0,1,0.27800577338643573,0.7212646992622521,0.0007295273513121388
1,1,0.15665975811659968,0.8418550576950348,0.0014851841883654936
0,0,0.7996927600302607,0.19980016195625036,0.0005070780134889456
1,0,0.5447493461546726,0.453910103522749,0.001340550322578465
1,1,0.010101659692151469,0.9779254371859635,0.011972903121885054
1,1,0.1583154968579603,0.8393492144763822,0.0023352886656573973
0,0,0.8038484972380859,0.19604187744047477,0.00010962532143913851
0,0,0.807665725986048,0.1921611152657627,0.00017315874818919414
1,1,0.185288133829442,0.8096754822053798,0.005036383965178159
0,1,0.4582635976425643,0.5353336677315991,0.006402734625836731
0,1,0.18818228778492135,0.8063043525917528,0.005513359623325774
1,1,0.07413865339801841,0.8638392912505902,0.0620220553513915
1,1,0.03862228670795436,0.9583378470431557,0.0030398662488899855
1,0,0.5790623330936091,0.41987693215095606,0.00106073475543484
0,1,0.2898494519274901,0.7095237405768444,0.0006268074956654082
1,1,0.18242454224868374,0.8111488167042366,0.006426641047079774
0,1,0.2850207753985963,0.7118729166859283,0.0031063079154753552
0,0,0.9264074453637695,0.07347427568338591,0.00011827895284445252
0,0,0.6259990896922272,0.3729575982412575,0.0010433120665153742
1,1,0.46760728528231865,0.5315471043555805,0.0008456103621009698
0,0,0.8666450334984349,0.13311741732970034,0.00023754917186483675
1,0,0.6170011589208343,0.3823890657388724,0.0006097753402932352
1,1,0.3053753344281968,0.6927793284981003,0.0018453370737028059
1,0,0.6446680996600771,0.35478773689882986,0.0005441634410930193
1,1,0.17700421116097512,0.5367380429276886,0.28625774591133635
1,1,0.029668755256582094,0.9626152398977094,0.007716004845708729
0,0,0.9496087352067295,0.05000626641568482,0.0003849983775858336
1,1,0.24358187192035108,0.7535495486846924,0.002868579394956638
1,1,0.10270131105371438,0.8914954188092713,0.00580327013701433
0,1,0.31631303914517334,0.6824565338143015,0.0012304270405251807
1,1,0.0972818501800128,0.8987616637438562,0.003956486076130979
0,1,0.09704880881261435,0.9013678317575637,0.0015833594298219152
1,1,0.015588148763744467,0.9772077167588272,0.007204134477428342
1,1,0.10260377706016015,0.821935685195581,0.07546053774425884
1,1,0.23011598803161282,0.7672684280567541,0.0026155839116331447
2,1,0.010269655494428107,0.8249011939487224,0.16482915055684946
0,1,0.4942632404109132,0.5042456834709133,0.0014910761181736695
1,0,0.556498493089676,0.4430453241382877,0.00045618277203637663
1,1,0.2405866579999863,0.75591374035009,0.003499601649923753
0,0,0.5368613053416271,0.4614302730332445,0.0017084216251284506
1,0,0.7775156307347887,0.22180944274487366,0.0006749265203376206
1,1,0.47011372477053204,0.5286300311546379,0.00125624407482998
1,0,0.6926976168751349,0.30494033746824234,0.0023620456566228057
1,1,0.08371771282005888,0.8866050801759128,0.0296772070040284
1,1,0.05763924407105267,0.9123023574757664,0.030058398453180823
1,1,0.15255821564597982,0.8456821388886022,0.0017596454654178386
0,0,0.7688879706355242,0.23068570465684832,0.00042632470762754267
0,0,0.7079502081018065,0.28979600081100276,0.0022537910871906837
1,0,0.5459673167311692,0.45265209072295626,0.0013805925458745402
1,0,0.5792174875540248,0.42025223977356707,0.000530272672408085
1,1,0.03723446682882423,0.959979858297887,0.002785674873288699
0,0,0.5313714354936916,0.4680123019745885,0.0006162625317198384
0,0,0.8350343509144302,0.1648885584902697,7.709059530001457e-05
1,1,0.04704237765112467,0.9498645951439136,0.003093027204961614
1,1,0.15258384062405603,0.841879984620928,0.005536174755016142
0,1,0.4312832509274386,0.5678497776953239,0.0008669713772376299
1,1,0.17644101852010893,0.8206890432002913,0.0028699382795995703
1,0,0.7360995790774073,0.26338556223844084,0.0005148586841518514
1,0,0.504660009005625,0.4947360417749406,0.0006039492194343625
0,0,0.9986936819129556,0.00098669406579252,0.000319624021251938
1,1,0.22081941403485836,0.777485044714458,0.0016955412506836818
1,1,0.2833995286524358,0.7153740666765441,0.0012264046710201424
0,0,0.8628720460578304,0.13705208220121934,7.587174095019694e-05
0,1,0.34555977074651867,0.6541396812770142,0.0003005479764670855
1,1,0.05708895906524645,0.9398572336767345,0.0030538072580191897
1,1,0.18669573785434512,0.8123002937999115,0.0010039683457433318
1,1,0.09152971022558587,0.9069296311148441,0.0015406586595699257
1,1,0.04538972337028108,0.9473849676960007,0.007225308933718284
0,0,0.7844512254745608,0.21474140003976006,0.0008073744856791785
1,0,0.856731713682286,0.14276546319049224,0.0005028231272218138
1,0,0.5067504887367619,0.49260945034622194,0.0006400609170161587
0,0,0.903990861086715,0.09541702006245324,0.0005921188508317927
1,1,0.014658492998076155,0.9585952097663757,0.02674629723554799
1,1,0.0829879474602175,0.9144518246518506,0.002560227887931932
1,1,0.3178750292949195,0.6797316983274775,0.002393272377603033
1,1,0.03229314141562728,0.9648492579148618,0.0028576006695110023
1,1,0.16237351371356049,0.8326729474762173,0.004953538810222337
1,1,0.07649460465479281,0.8647919377785485,0.058713457566658585
0,0,0.956524656258092,0.043424677446695426,5.0666295212305345e-05
1,0,0.5401315841378312,0.4593838592477558,0.00048455661441297945
1,1,0.47222953664473843,0.5269785037453405,0.0007919596099210414
1,1,0.0845831426015875,0.8964715204155013,0.018945336982911284
1,1,0.40776621005255154,0.5915863171609093,0.0006474727865391361
2,1,0.008112788789401856,0.7255834113914964,0.2663037998191017
1,1,0.3675051481506328,0.6314828753346257,0.001011976514741507
1,1,0.37765477034709954,0.6212447337624231,0.001100495890477359
0,0,0.7761496361944298,0.22369026561551233,0.00016009819005796262
1,1,0.42908908001667734,0.5698299766200002,0.0010809433633224344
0,0,0.5383784292719265,0.46068381403885916,0.0009377566892144328
1,1,0.10002918950163943,0.8809773100324925,0.01899350046586802
0,1,0.1399897527492949,0.8564809590556179,0.0035292881950871493
2,2,0.0009181916198554477,0.16712144148259528,0.8319603668975493
1,1,0.08762993437282622,0.9072033469175825,0.005166718709591367
1,0,0.70127883185496,0.2979652704028247,0.0007558977422152109
0,0,0.8660115389608587,0.1336486536308234,0.0003398074083178221
0,0,0.5087084447910764,0.4910911046463418,0.00020045056258177326
1,0,0.5919824474091422,0.4049445670837957,0.003072985507062081
2,2,6.054437084665233e-07,0.005299149989914451,0.994700244566377
1,1,0.1378321821836244,0.8570235004742559,0.005144317342119714
1,1,0.3198929982408244,0.6790568734899892,0.001050128269186472
0,0,0.9984546041566467,0.0010223570967448142,0.0005230387466085322
1,1,0.41741397640670047,0.581932696516323,0.0006533270769765096
0,0,0.5766964699126353,0.42267577825071556,0.0006277518366490963
2,2,0.0008319561745800589,0.21915081011329765,0.7800172337121223
0,1,0.3588968891079496,0.639358541830037,0.0017445690620133559
0,0,0.9720822176515218,0.027601673903580103,0.00031610844489793387
1,1,0.025202688232576168,0.9701225126300922,0.004674799137331767
1,1,0.02887797456659857,0.9629735399812163,0.008148485452185201
0,1,0.2881612673268341,0.7048009946824803,0.0070377379906855966
0,0,0.6069090786361581,0.3927529911986802,0.0003379301651617688
1,0,0.5985301181799921,0.4006952144074311,0.0007746674125767633
2,2,6.673955017155525e-07,0.010086878042056395,0.9899124545624419
0,1,0.4745036815242625,0.5251353251866493,0.0003609932890882386
2,2,0.00011866984966172157,0.1177105068381731,0.8821708233121651
0,0,0.6917115862579132,0.30813587258939423,0.000152541152692769
2,2,1.0928837434987618e-05,0.007979873851271597,0.9920091973112934
1,1,0.07430380726574935,0.9238364297243548,0.0018597630098958712
1,1,0.29484511222555587,0.7035240432146141,0.0016308445598299573
1,1,0.09671142713638307,0.8973372765245645,0.005951296339052289
0,1,0.4411714397121034,0.5575718359503457,0.0012567243375509842
0,0,0.5816107783659904,0.41813111841582473,0.0002581032181848597
1,1,0.2693801626600069,0.7245521530624429,0.006067684277550258
1,0,0.7084173162988522,0.29140734333045093,0.00017534037069690726
0,0,0.9207115650174191,0.07917548482930992,0.00011295015327090784
0,0,0.5216202639507479,0.4778538097046039,0.0005259263446482092
1,1,0.10224354185425437,0.8189285198765613,0.07882793826918424
1,1,0.06767191749583396,0.8883657955578624,0.043962286946303684
1,0,0.8340523601318293,0.16555457237807422,0.00039306749009642263
1,1,0.26468234152208625,0.7347461697501123,0.0005714887278014433
1,0,0.6157174298620961,0.3840518620121109,0.0002307081257929454
1,1,0.04505074319022846,0.8772662276293672,0.07768302918040425
1,1,0.0009184965883027564,0.5455999099208786,0.45348159349081857
1,0,0.6815360709143415,0.3183576014647615,0.00010632762089682289
1,1,0.20605916803602117,0.7876558070816596,0.0062850248823192265
1,1,0.15338458552502165,0.8049077213478603,0.04170769312711813
1,1,0.16150599067823948,0.8327493895368284,0.005744619784931991
1,1,0.20975101224654127,0.7877877468453391,0.002461240908119705
0,0,0.6245698175799402,0.374688985465276,0.0007411969547838463
1,1,0.41278489846875305,0.5867876933635278,0.0004274081677191041
1,1,0.3741886077961379,0.6238317174784406,0.001979674725421537
1,1,0.04594069558981982,0.9468800907410776,0.007179213669102557
1,1,0.47303042723066246,0.526005206221305,0.0009643665480325599
0,1,0.41197182324882675,0.5864908177635586,0.0015373589876147202
1,1,0.18592811431085596,0.8130740688347657,0.0009978168543784195
1,0,0.5737949351293211,0.42564371677431073,0.0005613480963680822
0,0,0.9630049829581764,0.036458693939238056,0.0005363231025854836
1,0,0.5779775002287638,0.4198301373608193,0.002192362410416865
0,0,0.7508059505493248,0.24902047333316607,0.00017357611750921145
0,1,0.26081374413402425,0.7377785513484713,0.0014077045175045601
0,0,0.6953044914621622,0.30409469981553217,0.0006008087223056638
1,1,0.11698427428445471,0.880955248149081,0.0020604775664642447
0,0,0.9626905198292462,0.03706356981206231,0.0002459103586913426
0,0,0.6512715781569403,0.34845495948473987,0.00027346235831989164
2,2,2.3463780149831457e-05,0.06910530062040243,0.9308712355994477
1,1,0.03014521448304647,0.932882982678612,0.036971802838341616
0,0,0.9288248352085648,0.07097322383781926,0.0002019409536158718
1,1,0.4053644653297399,0.5939838599636801,0.0006516747065798955
0,0,0.8916390572919224,0.10814702940865588,0.00021391329942174026
1,1,0.34042337278023815,0.646981316454648,0.012595310765113757
0,0,0.8433651094380633,0.15647825929405454,0.0001566312678820723
1,0,0.7768571698150812,0.22284240478080952,0.0003004254041093121
0,0,0.8930394742311234,0.10672878470511049,0.00023174106376601947
2,2,0.0024413164239385676,0.23138188289110254,0.766176800684959
1,1,0.3685344631289719,0.6284475548217604,0.0030179820492676934
0,1,0.4895969718970685,0.5094373802177905,0.0009656478851409677
1,0,0.8272787802241576,0.17261264868233187,0.00010857109351070977
1,1,0.02225785348711556,0.8365378338301974,0.1412043126826871
1,1,0.26870332072101,0.7290472216767806,0.0022494576022093534
1,1,0.1969981869697024,0.7988279016448124,0.004173911385485127
0,0,0.7764090994266712,0.2231436761365456,0.0004472244367832774
0,0,0.9510191583804082,0.04890570319889178,7.51384206999996e-05
1,1,0.04783225398718251,0.949466289836792,0.0027014561760254643
1,0,0.7668931869334307,0.2328941330524082,0.00021268001416114895
0,1,0.35858804630565483,0.6380950364864068,0.0033169172079383653
0,1,0.4004416174469277,0.5980950769564234,0.0014633055966489803
1,1,0.3894592351158876,0.6097729104514741,0.0007678544326383324
2,2,0.01757618769082918,0.45304120327784164,0.5293826090313293
1,0,0.5778633574314639,0.4217535948480106,0.00038304772052550023
0,0,0.8454626177304655,0.154222365227058,0.0003150170424765408
0,0,0.9765285416344253,0.023266044899385985,0.00020541346618892768
1,1,0.24202972674739395,0.7568777212876607,0.0010925519649452812
2,2,2.754382240984303e-05,0.0461900753818121,0.9537823807957779
1,1,0.4130684460753189,0.5857577791369243,0.0011737747877568479
1,1,0.47325746663273227,0.5252862594938129,0.0014562738734548995
1,1,0.4363032614271584,0.5631721403775124,0.000524598195329238
0,1,0.46673445637422667,0.5298920702917208,0.003373473334052382
1,1,0.06384303913357066,0.8735706497050667,0.06258631116136276
1,1,0.19476259687553543,0.8040208502193367,0.0012165529051278061
1,1,0.016633854323354232,0.9792270767409272,0.004139068935718543
0,0,0.6673198531980279,0.3325147557765195,0.00016539102545258235
0,0,0.8446766279185385,0.15516724826423156,0.00015612381722996665
0,1,0.2984200460217174,0.6999619946218293,0.0016179593564532811
1,1,0.3878865203826757,0.6108333755778181,0.0012801040395061928
1,1,0.236691393914022,0.759039455688783,0.004269150397194987
0,0,0.6237452718951303,0.3749847735247947,0.001269954580074988
1,1,0.031438459388633266,0.8851601520720381,0.08340138853932859
2,2,7.788447301873309e-07,0.018802526232034263,0.9811966949232355
0,0,0.5493376269683593,0.45004146398415323,0.0006209090474874159
1,1,0.15627965052565165,0.842460209651297,0.0012601398230512747
0,0,0.8828286738553203,0.1171121493894158,5.91767552638697e-05
2,2,2.857778474021532e-07,0.0003026973309559768,0.9996970168911965
0,0,0.5156078925813788,0.48379825877626714,0.0005938486423540282
1,0,0.7426162031329036,0.2559498584352241,0.0014339384318721648
0,1,0.4763545066832877,0.5220697197055001,0.0015757736112121752
1,1,0.022443776233157207,0.9690053080790233,0.008550915687819525
1,1,0.4815660964118602,0.5169658409814242,0.0014680626067156471
0,1,0.4810849159382521,0.517661173165672,0.001253910896076027
0,0,0.8441514482225257,0.15573189813538701,0.00011665364208732081
0,0,0.750196602515182,0.24966946876920915,0.0001339287156088696
0,0,0.9003160261038777,0.09951059389410138,0.0001733800020210156
1,1,0.42289904859180516,0.5756221362007725,0.0014788152074224307
1,0,0.59569733629227,0.40401384891889147,0.00028881478883853104
0,0,0.8243398658443868,0.17544957354342233,0.00021056061219076953
1,1,0.12541781345128264,0.8623365447560442,0.012245641792673177
1,1,0.11797384298616405,0.8802436848838792,0.0017824721299566529
1,0,0.5905903652847984,0.4085466717888872,0.0008629629263144952
0,0,0.9352560190174933,0.06428572595959975,0.00045825502290681156
0,0,0.7585185317681283,0.24094186848808752,0.0005395997437840992
0,0,0.6694927646227361,0.3301640050781825,0.00034323029908152266
0,0,0.7527215917877719,0.24402164343068083,0.003256764781547216
1,1,0.038315769256204106,0.9486081376233246,0.013076093120471324
1,0,0.6477256383278827,0.35069668720258623,0.0015776744695311826
1,0,0.7729918335216946,0.22677653733485972,0.00023162914344565958
1,1,0.26394783772346825,0.7344234172566614,0.0016287450198703905
0,0,0.9474005430491482,0.052547373061129846,5.208388972186506e-05
1,0,0.5748895578937017,0.4240922274555048,0.0010182146507935158
1,1,0.05648508393228764,0.9370413286233323,0.006473587444380145
1,1,0.022050188259099688,0.9656917451086093,0.012258066632290964
0,0,0.7771878443997051,0.22252618648540903,0.0002859691148858977
0,0,0.9428529344854446,0.056955241186030285,0.0001918243285250935
0,0,0.5299424151968152,0.4691402163688991,0.0009173684342858161
0,0,0.9342160397561522,0.0647630158266781,0.0010209444171697417
1,1,0.1969309733363991,0.8000821753005954,0.00298685136300535
0,0,0.5604625024326728,0.4388590385779078,0.0006784589894194364
1,1,0.05288279103960928,0.8804192220405692,0.06669798691982161
1,1,0.4421162140562022,0.5571376638098968,0.0007461221339009324
1,1,0.0869617020103165,0.9012701900225784,0.01176810796710505
1,1,0.4077154673115589,0.5899638426485779,0.002320690039863268
1,1,0.21257739240800094,0.784273986190166,0.003148621401833158
1,0,0.688904124272902,0.31082613404968273,0.0002697416774152126
1,2,0.00010878873130543753,0.1113722547782193,0.8885189564904752
0,1,0.16135717751599346,0.8329994841870049,0.005643338297001816
1,0,0.8098776305670263,0.18991448533885552,0.00020788409411807721
1,1,0.02372407033948674,0.9690836899699665,0.007192239690546883
0,0,0.8115873894419188,0.18810822010978803,0.00030439044829315713
1,1,0.23696065603771707,0.7534899911872437,0.009549352775039172
0,0,0.8073870889255405,0.18919407619525253,0.003418834879207019
1,1,0.08304741805083962,0.9043116811733166,0.012640900775843768
0,0,0.802973439282741,0.19635392260207846,0.0006726381151805404
1,0,0.540479610805045,0.45794832043710626,0.0015720687578488176
1,1,0.08094878899040536,0.9165117469122565,0.002539464097338336
1,0,0.6071588492475578,0.392452602639038,0.0003885481134042702
1,1,0.03975386973862848,0.9565950082749715,0.0036511219864000365
0,0,0.6197223828733929,0.37857404824738655,0.0017035688792205205
1,1,0.15629151237916,0.8352202512548367,0.008488236366003299
1,0,0.6118393237420114,0.38770593489197686,0.0004547413660117895
0,1,0.41876321745002404,0.5798431455606187,0.0013936369893572844
1,1,0.26253309154024923,0.7351025862818213,0.0023643221779293916
2,1,0.006733614135821484,0.6674700312502921,0.32579635461388645
0,0,0.7949501794239222,0.20485823122362984,0.00019158935244806264
0,0,0.8560340180568061,0.14289074181189285,0.0010752401313010762
1,1,0.017358533832381725,0.9645680829481961,0.018073383219422246
0,1,0.253018369557648,0.742821893982415,0.004159736459937
0,0,0.9875392808851768,0.012449133628814165,1.1585486008937674e-05
0,1,0.3927566508590622,0.6054856595837488,0.0017576895571889705
0,1,0.46902396527381573,0.5295782072956927,0.0013978274304914924
1,0,0.5472943599334565,0.45246044556636705,0.0002451945001764989
0,0,0.9488639305809073,0.05109605321435144,4.001620474129194e-05
1,1,0.3042976209010875,0.6937791965931611,0.0019231825057512996
1,1,0.03799363912820868,0.9561756483083531,0.005830712563438209
1,1,0.149028522042773,0.8499862280914473,0.0009852498657797692
1,1,0.04448992898774739,0.9530154455806734,0.0024946254315790285
1,1,0.2455665898593646,0.7504347823903394,0.003998627750295884
1,1,0.13838957015805065,0.8603753350981371,0.00123509474381212
0,1,0.49769779709488815,0.49809601414443805,0.0042061887606738655
0,0,0.6186659667088167,0.3809144726601768,0.0004195606310064152
0,0,0.6690136792564979,0.3307322790144114,0.0002540417290907807
0,0,0.8430680306249855,0.1562217725446711,0.0007101968303433538
2,2,8.639560813983739e-05,0.16393636037733336,0.8359772440145268
0,0,0.7254358648545888,0.27445896149951654,0.0001051736458947143
0,0,0.8865381177493799,0.11335997176214205,0.00010191048847804688
2,2,0.0016556267173757251,0.11668299650735241,0.8816613767752718
0,0,0.7255975083074576,0.27432803409148376,7.445760105849658e-05
0,0,0.931397789362208,0.06818658119388325,0.0004156294439088124
0,1,0.0514225970253963,0.9456689434650947,0.0029084595095092017
0,0,0.8519092240798035,0.14789180900639193,0.00019896691380458592
1,1,0.19028829717993695,0.8084854916389713,0.0012262111810917363
0,1,0.42768609275998254,0.5705934697173349,0.0017204375226824635
1,1,0.09192306440887767,0.8990984919908971,0.00897844360022513
1,0,0.821896624664277,0.17783945577235985,0.00026391956336306116
1,1,0.39137068330937913,0.6073680337968663,0.0012612828937545648
0,0,0.6458532146859219,0.35402275678980005,0.00012402852427794095
0,0,0.9476114972840918,0.05216002197374285,0.0002284807421653125
1,1,0.19494808665478477,0.8009953850719914,0.004056528273223959
1,1,0.04511605068285259,0.9396302540592739,0.015253695257873687
1,1,0.3142101030379121,0.682464344536454,0.0033255524256340053
2,2,0.001341303808022688,0.3125199428352299,0.6861387533567475
1,1,0.10964733655412842,0.885211420339159,0.005141243106712704
0,0,0.7915603046376182,0.20818256149506337,0.00025713386731854656
0,0,0.8445421605644534,0.1551990563393644,0.0002587830961821879
0,1,0.3816961859729703,0.6164498494604852,0.0018539645665445594
1,1,0.05580570534811332,0.9138254176456919,0.0303688770061947
0,1,0.2654006759665843,0.7334094897084387,0.001189834324977061
0,0,0.5929186204925966,0.4060001132748026,0.001081266232600893
1,1,0.09148141989336243,0.906413918532569,0.00210466157406854
0,0,0.9151319744778952,0.08452565497698844,0.00034237054511621436
1,1,0.10884538743737453,0.8884049722691114,0.002749640293514205
0,0,0.8266752389665598,0.17308000356068773,0.0002447574727523437
1,1,0.011213233684131811,0.7359625062803044,0.25282426003556396
1,1,0.025873836214594968,0.9632947898160037,0.010831373969401313
2,2,4.760005308500809e-08,9.683791542296633e-05,0.9999031144845238
0,0,0.9437165619416995,0.05590764265304162,0.00037579540525894744
0,0,0.8668798056705979,0.13284069449814806,0.00027949983125419287
1,1,0.07109665732632275,0.9244394112010115,0.0044639314726659515
1,1,0.05591190702930627,0.9413496736870761,0.002738419283617539
0,1,0.38972366599496555,0.6093132751857531,0.0009630588192813069
0,0,0.7151676359896886,0.28465557594706986,0.00017678806324149973
2,2,9.040390388994448e-06,0.06325105037870116,0.9367399092309098
2,2,2.3900535288126367e-05,0.06771000951694794,0.9322660899477638
1,1,0.016285590230856975,0.9633439121033217,0.02037049766582127
2,2,3.500806973847841e-05,0.10401275401502696,0.8959522379152346
0,0,0.5644573526878653,0.4346393158609592,0.000903331451175392
0,1,0.47013342555045057,0.5283552255732956,0.001511348876253913
1,0,0.681446092632126,0.3170852339972513,0.0014686733706227987
0,0,0.7332888479110755,0.26474569960436756,0.0019654524845569687
1,1,0.06434634920058449,0.9331266413864301,0.0025270094129855544
0,0,0.6121601193081645,0.3876508266980443,0.00018905399379118298
1,1,0.20014765308958865,0.7972773807117377,0.0025749661986736614
1,0,0.7449568572897222,0.2548377549294326,0.0002053877808453791
1,1,0.31348645935664393,0.6850808402501706,0.0014327003931854812
0,0,0.9430004954280353,0.056933413646451984,6.609092551270723e-05
1,1,0.3604346810414103,0.6383132535823419,0.0012520653762478405
1,1,0.29650967002409784,0.7029680174338164,0.000522312542085701
0,0,0.8997087329150738,0.10006068458153787,0.00023058250338846045
1,1,0.10826198582332107,0.8902829086315135,0.001455105545165402
1,1,0.4924541230529591,0.506701437592067,0.0008444393549740332
1,1,0.3413680029750816,0.6555149118884549,0.0031170851364635895
2,2,0.00394289202419476,0.2040449770904774,0.7920121308853278
0,1,0.14458503428239966,0.8535702633632912,0.0018447023543091948
0,1,0.41950038358387476,0.579782500555354,0.0007171158607712742
0,0,0.991759342516776,0.00820913214794537,3.152533527880061e-05
1,1,0.14106097829108807,0.7945192263526478,0.06441979535626403
2,2,8.664749600813942e-06,0.0004962575032357278,0.9994950777471635
1,1,0.10951010377617824,0.8790991313672504,0.011390764856571341
0,1,0.4590422335843444,0.5332587250208533,0.007699041394802385
1,1,0.04358790479141238,0.9550032745197429,0.0014088206888448762
1,0,0.5703417608893333,0.4293038895135478,0.00035434959711890055
1,1,0.24421863485012973,0.7550334214141072,0.0007479437357629748
1,0,0.919147935622025,0.08081112395096518,4.094042700985355e-05
1,1,0.0708225476889074,0.8590285920679778,0.07014886024311474
0,0,0.8718159156018334,0.1280860159193588,9.806847880778746e-05
1,2,0.0013776708880462111,0.20618379297307804,0.7924385361388758
1,1,0.2381379773279844,0.7608651570711219,0.0009968656008937393
1,1,0.05006771279291625,0.9460036733577931,0.003928613849290612
2,2,3.045565430021503e-05,0.03498566334657699,0.9649838809991227
1,0,0.5646754798512865,0.43497730964295095,0.0003472105057625191
0,0,0.7913456672398327,0.20854675576604537,0.00010757699412191467
0,1,0.1855565420580019,0.7774034707956127,0.03703998714638536
1,1,0.10921882481319699,0.8882266773195754,0.002554497867227566
1,0,0.7774727021061151,0.2221976701765825,0.0003296277173023632
0,0,0.8685166805227214,0.13031903983060394,0.0011642796466748316
1,1,0.08127201253030823,0.9089904102647178,0.009737577204974045
0,1,0.3083913584272656,0.6860880084969643,0.005520633075769978
1,0,0.7822307029754999,0.21752369044535447,0.00024560657914569895
1,1,0.07474717634263552,0.9225131633703443,0.002739660287020282
2,2,0.00011814091203467358,0.0942060553551862,0.9056758037327792
1,1,0.029905764040858977,0.9638379740650224,0.006256261894118724
0,1,0.36693659395329864,0.6322067761922869,0.0008566298544143673
1,1,0.08453566619672738,0.8707150616494141,0.04474927215385846
1,1,0.3601401853629286,0.6388223078158348,0.0010375068212365452
1,0,0.8040453508436354,0.19569526571236712,0.00025938344399745997
1,1,0.08495042098538468,0.9103386076560352,0.004710971358580092
1,1,0.058418949188948174,0.9391512530041208,0.0024297978069308885
1,1,0.019189521482481244,0.9701469142156767,0.010663564301842085
0,0,0.8243267636595745,0.17552853453903217,0.0001447018013932311
0,0,0.9290661315774669,0.07049855839560924,0.0004353100269237869
0,0,0.5262135491533191,0.4733979115307924,0.0003885393158885177
1,1,0.1189231617138468,0.8753443839935793,0.005732454292573823
0,1,0.39132801656099747,0.6082443717806051,0.00042761165839734256
1,1,0.19925314070752884,0.7946738859478159,0.006072973344655325
1,1,0.4785976243399245,0.5208411842042974,0.000561191455778126
2,2,0.0038193124330248374,0.3094826075671387,0.6866980799998365
1,1,0.1649022933234167,0.8327625508035079,0.0023351558730755027
1,1,0.012385110704595265,0.979146433993711,0.008468455301693673
0,0,0.7326849429960226,0.2670567280020085,0.0002583290019688389
1,1,0.43097138741487234,0.5614985304388914,0.007530082146236241
0,0,0.7175821780907006,0.28150704690909456,0.0009107750002049252
0,0,0.5453204275605643,0.4544850214260154,0.00019455101342014144
0,1,0.4070602622506684,0.5911055634349098,0.001834174314421812
1,1,0.12375845614948242,0.8738782927575881,0.002363251092929586
0,0,0.8904714205967874,0.10947696274975786,5.161665345466169e-05
1,1,0.3206850976265696,0.6726342686495406,0.0066806337238898925
0,0,0.5579591174386681,0.4403663909529417,0.00167449160839008
1,1,0.18923397692089608,0.8089356580292949,0.0018303650498090458
0,1,0.1692142474795333,0.8293671305912608,0.0014186219292059061
0,0,0.6161762683337929,0.382669890187667,0.0011538414785401728
2,2,0.00011573646863950718,0.15308170645753322,0.8468025570738273
1,1,0.3691339632489789,0.6298814653659274,0.0009845713850937848
1,0,0.6750718618811063,0.32468313436106594,0.00024500375782763375
0,1,0.1560391406776523,0.8376539527639308,0.006306906558416919
1,1,0.04366952119137593,0.9548514641197448,0.0014790146888791673
2,2,3.1441715159032864e-05,0.08981676151953516,0.9101517967653058
0,0,0.8358232701041294,0.16399719477038702,0.00017953512548362022
1,1,0.21802551077785892,0.7812864656791523,0.0006880235429887852
0,1,0.1828087658469095,0.8109360836981114,0.0062551504549792115
0,0,0.5581760834828758,0.44018658153645585,0.0016373349806682936
2,2,0.0048060148706476616,0.3192515713590065,0.6759424137703458
2,2,0.00025074352732833995,0.06554626199760191,0.9342029944750696
1,1,0.06218008309315839,0.9339812267229393,0.0038386901839023197
0,0,0.7075229540925776,0.2913048348065136,0.0011722111009086955
1,1,0.16282621838288328,0.6392197885603818,0.197953993056735
0,0,0.5714500203083883,0.428119174571669,0.00043080511994272576
1,1,0.38438103363311327,0.6122945219936418,0.0033244443732448484
1,1,0.43570289505816334,0.5583225592833628,0.005974545658473917
1,1,0.020496165183053954,0.9729023678058432,0.006601467011102796
1,1,0.14846284095385973,0.8490229090311406,0.0025142500149997597
1,1,0.14916917152516773,0.8132186708831206,0.03761215759171175
1,0,0.6185846825210697,0.38002621037233053,0.0013891071065997961
0,0,0.5875132282771399,0.41199407724034914,0.000492694482510992
1,1,0.2032529580501002,0.7957165244695117,0.0010305174803880933
0,0,0.7571756435196231,0.24232613358906352,0.0004982228913134118
1,1,0.21550941548050234,0.7830442790084189,0.0014463055110788146
1,0,0.6145319153871853,0.38479749934035823,0.0006705852724565517
1,1,0.058494762240524946,0.9385414850738633,0.0029637526856119106
1,1,0.0056299076668748895,0.768208311219225,0.22616178111390003
1,1,0.42115982828473725,0.5783284385643016,0.000511733150961104
1,1,0.2992879330404089,0.6961083019585699,0.0046037650010211486
0,1,0.06929365835276494,0.9284188695352525,0.0022874721119825366
1,1,0.2220581592903212,0.7773378027043957,0.0006040380052830653
1,1,0.06929924384902576,0.8490907159210377,0.08161004022993659
0,1,0.31802388107129814,0.6802741582814887,0.001701960647213082
0,0,0.8383388634918334,0.16111546525431525,0.0005456712538512358
0,0,0.7400632045066105,0.2595856543915391,0.00035114110185043685
1,0,0.515715203817037,0.483521432757556,0.0007633634254071173
0,0,0.6419589064479002,0.35750957388839305,0.0005315196637066284
1,1,0.3458617055999735,0.6524679002875009,0.0016703941125254904
1,1,0.3495019122753365,0.6482988134243406,0.002199274300322767
1,1,0.10273500055247647,0.8955501729251518,0.0017148265223717724
0,0,0.7401517307889779,0.2592716967187651,0.0005765724922570651
1,1,0.3086563164106584,0.6888857265397951,0.0024579570495465047
2,2,2.2162710327882603e-05,0.04876600619624026,0.9512118310934318
0,0,0.5932250487908295,0.40613091211322555,0.0006440390959450464
1,1,0.36945183679843885,0.6289289546738657,0.0016192085276954644
1,1,0.39333986643577046,0.6052469105275164,0.0014132230367129846
0,0,0.8155294763429703,0.18417914900952095,0.0002913746475088627
0,0,0.6813613145180349,0.31767222626465,0.0009664592173151039
1,1,0.1938201074527844,0.8040804274969203,0.0020994650502952484
1,1,0.04361202166201999,0.8783066741307018,0.07808130420727818
0,1,0.21791909671524812,0.780394382390248,0.0016865208945037828
0,0,0.8363294062030808,0.16354578305731138,0.00012481073960790714
1,1,0.012557516887667448,0.981553088981192,0.005889394131140562
1,0,0.6501030730795803,0.34865027891423517,0.001246648006184497
0,0,0.6787828770398611,0.3208359671206107,0.0003811558395282696
0,0,0.6325127901539284,0.3670751150506524,0.00041209479541934395
0,0,0.666793453486896,0.3330579061788161,0.00014864033428788753
1,0,0.5097382586685041,0.4880708021807312,0.0021909391507646593
0,0,0.6911219083920498,0.3082638194823233,0.0006142721256269625
1,1,0.1692450993230364,0.8271138137668549,0.0036410869101087162
0,0,0.531403630968604,0.4669618390847888,0.0016345299466073587
1,1,0.05503626929861069,0.9422575371958399,0.0027061935055495263
0,0,0.6293615080798974,0.3697616309443357,0.0008768609757667479
1,1,0.25387417790424555,0.7451535473398213,0.0009722747559330778
0,0,0.7170361381934319,0.2821633996571113,0.0008004621494568016
1,1,0.10929191378855556,0.8852943854467521,0.005413700764692385
1,0,0.7728613779977309,0.22692177921899828,0.00021684278327084203
1,1,0.1085609991289253,0.8878367152993771,0.00360228557169755
1,1,0.1675194854293448,0.8304312362991547,0.002049278271500495
0,0,0.8261968734668123,0.17274775605923579,0.00105537047395193
1,1,0.20782143817306342,0.7891517594043552,0.0030268024225812823
0,1,0.4643643253003801,0.533788107750764,0.0018475669488559631
1,1,0.09598542869149924,0.8980372139251465,0.0059773573833543725
1,1,0.06249024883375847,0.9345520738528954,0.0029576773133461755
0,1,0.3782750039476914,0.6204304824299776,0.0012945136223310712
1,1,0.49663574066635774,0.5023227418466305,0.001041517487011726
1,1,0.04193254176774317,0.954722305049535,0.003345153182721885
1,1,0.038705580211781256,0.956893795428464,0.0044006243597547075
0,0,0.6704327920387178,0.32465234230820883,0.004914865653073324
0,1,0.21180259605809643,0.78618621272362,0.0020111912182835395
1,1,0.14831477442562122,0.8477054006729703,0.003979824901408584
2,2,5.5696970976387784e-05,0.20330682928495664,0.796637473744067
1,0,0.6539557571796264,0.34564770604068223,0.00039653677969137647
1,0,0.7943116884737017,0.20557778115737244,0.0001105303689258549
0,0,0.9424422930493753,0.05749343337679504,6.427357382968052e-05
0,0,0.9310651324025934,0.0686138347862414,0.00032103281116524366
2,2,9.236739844174419e-06,0.010605175670841484,0.9893855875893143
0,0,0.5231397135781692,0.4764865878659061,0.00037369855592462345
2,1,0.020775824129153877,0.6420707781517129,0.3371533977191334
0,0,0.6599149992666226,0.3397624391235819,0.0003225616097955492
0,1,0.17818525928885606,0.8191764952329995,0.0026382454781443067
0,0,0.8274192483150534,0.17084719582130625,0.001733555863640372
0,0,0.765712079185527,0.23417165995577688,0.0001162608586960653
1,1,0.22776508661657804,0.7709506687764028,0.0012842446070190834
0,1,0.2780639399724739,0.7196704252832657,0.0022656347442602774
1,1,0.046624336104135945,0.9491950124695339,0.004180651426330034
1,1,0.056843475686929754,0.9378424676502967,0.0053140566627735775
0,1,0.3988156927640016,0.5998873436324268,0.0012969636035715813
0,0,0.8378890031469186,0.16197072401082177,0.0001402728422596094
1,1,0.4565546417207105,0.5421863896986023,0.0012589685806872345
1,1,0.3890317937760785,0.609522658758359,0.0014455474655626845
1,1,0.107315858179359,0.8911489124916395,0.0015352293290014805
0,0,0.8261924455532225,0.1736967795630192,0.00011077488375818463
0,0,0.8602365810067568,0.13932003503650356,0.00044338395673952234
1,1,0.22749286330592858,0.7705338695364102,0.0019732671576611466
0,1,0.3525688092792357,0.6461616025691697,0.0012695881515945567
0,0,0.6341514202161019,0.3655103685106003,0.00033821127329779395
2,2,0.00018634506007056347,0.20524859263086165,0.7945650623090678
1,1,0.24120771852401215,0.756233611381678,0.002558670094309919
1,1,0.24377520561473204,0.7493175999546223,0.006907194430645503
0,0,0.800051391345124,0.19956751524671287,0.0003810934081630135
0,0,0.5843015545805532,0.415424885319818,0.00027356009962875924
1,0,0.8524930931977805,0.1469884062733405,0.0005185005288790702
1,1,0.13969935992637386,0.846970716837638,0.01332992323598816
2,1,0.04891750240328014,0.5128310550664404,0.4382514425302794
0,0,0.68137624060961,0.3176133409030872,0.0010104184873028588
1,1,0.10030854081958511,0.6241084946066007,0.27558296457381426
2,2,6.988293392150238e-06,0.05696217466683261,0.9430308370397752
0,1,0.31935684597309877,0.6786881095028989,0.0019550445240022144
1,1,0.42546597228415495,0.5713538697836704,0.003180157932174601
1,1,0.2995090914857715,0.7000305532954092,0.0004603552188192392
0,0,0.9569376701716855,0.04303454635200863,2.7783476305780988e-05
1,1,0.25603621522587755,0.740383263926599,0.003580520847523466
0,0,0.6724464642200905,0.32720913135177493,0.00034440442813469136
0,0,0.6264683290908112,0.37224780615244163,0.001283864756747167
1,1,0.07129446989296877,0.807388590208689,0.12131693989834236
1,0,0.7180939452213569,0.2816562321245777,0.0002498226540652559
1,1,0.24177822235265026,0.7552094822511762,0.0030122953961735344
1,1,0.04593053814363156,0.9499740529617139,0.004095408894654508
0,1,0.35047596642396617,0.6484205474570671,0.00110348611896689
1,1,0.18379280162004347,0.811619100980926,0.004588097399030508
1,1,0.11367389771902355,0.884442640324227,0.0018834619567495352
1,1,0.40865295642916855,0.5902291712930771,0.0011178722777544033
1,1,0.14127780968697734,0.8546459966874453,0.0040761936255774124
1,1,0.08490856505319601,0.9079902675058421,0.007101167440961891
1,1,0.21330503822385333,0.7854817302012171,0.0012132315749295362
1,1,0.3601554450015349,0.6361564237997074,0.003688131198757689
1,1,0.35264795035952173,0.6464711787810985,0.0008808708593797529
0,0,0.6973032481326354,0.29846725768149784,0.004229494185866613
0,0,0.6345787743924391,0.36445342024222,0.0009678053653408705
1,0,0.5499943453250088,0.4494228099241502,0.0005828447508410292
0,1,0.4787467199669241,0.5204513019881489,0.0008019780449269587
1,1,0.2771545248631768,0.7072939374042384,0.01555153773258483
1,1,0.21819552916615106,0.7519759069062708,0.029828563927578027
1,1,0.03356914884808088,0.9593041747194059,0.007126676432513224
0,0,0.8667563960279094,0.133034995516435,0.00020860845565548106
1,1,0.1292862664677789,0.8668680750874127,0.0038456584448083937
1,1,0.32461830192029034,0.6724857078371144,0.0028959902425952375
1,1,0.09948811784879368,0.8986934555752534,0.0018184265759528203
0,0,0.9068072156238395,0.09311041702265611,8.236735350446372e-05
1,0,0.8096783898899337,0.19021420549526624,0.00010740461480008574
1,1,0.3001026562661,0.6969483638980756,0.0029489798358243776
0,1,0.18465779115336936,0.8123662598106175,0.0029759490360132127
0,1,0.4756772107299908,0.5238692414515183,0.00045354781849087317
0,0,0.5705501874201045,0.42626113137272514,0.0031886812071703964
1,0,0.9119960012061189,0.08786533577704901,0.00013866301683201595
0,0,0.6276134759971023,0.37199077315322965,0.0003957508496679863
0,1,0.328477758498818,0.6701266509387225,0.001395590562459432
1,1,0.10127539462266653,0.8964497220546587,0.0022748833226749164
1,1,0.04469644755097155,0.9519272627092954,0.0033762897397329374
0,0,0.9341104291835332,0.0653173038301728,0.0005722669862940149
1,1,0.03545480182680781,0.832388967717931,0.13215623045526115
1,0,0.8356479163315412,0.1636490889274161,0.0007029947410427093
1,1,0.21833152175522552,0.7797659641549882,0.001902514089786313
1,1,0.10777855976148977,0.8894784020872573,0.002743038151253093
1,1,0.28039966790981635,0.7150306380829583,0.004569694007225309
1,0,0.6445130786893786,0.3546267459717968,0.000860175338824747
0,0,0.8438684200358907,0.15605053664373314,8.104332037621792e-05
0,1,0.3670614406822578,0.6316126504436256,0.001325908874116473
2,2,2.1671731414427983e-07,0.00024005850936201367,0.9997597247733239
1,1,0.026426925267117506,0.8806276032930895,0.09294547143979287
1,1,0.37408806302392333,0.6251291692793316,0.000782767696745003
0,0,0.9047463969727539,0.09516262269605988,9.098033118628268e-05
1,0,0.6439629078732245,0.35406003701349054,0.001977055113284897
1,1,0.35573125288115565,0.6425863942955468,0.0016823528232976677
1,1,0.16298801705532426,0.835555877807183,0.00145610513749267
0,0,0.8994402204631029,0.10054228906075303,1.749047614397207e-05
1,1,0.027311385958943238,0.941850128650768,0.0308384853902888
1,0,0.8981257913698193,0.09830775413778879,0.0035664544923919546
1,2,0.023828341860446054,0.392744777201377,0.583426880938177
0,0,0.9025755662644275,0.0968038530498063,0.0006205806857661895
1,1,0.3969549359442603,0.6001173887353581,0.002927675320381482
1,1,0.39751446101274024,0.6021149667700451,0.000370572217214658
1,0,0.5883198697973931,0.4110932184524842,0.0005869117501226424
0,0,0.9038221149143931,0.09612788333354265,5.000175206414966e-05
2,1,0.006707244443493818,0.7465391001802767,0.24675365537622954
1,1,0.16593657186615876,0.8326978473551638,0.0013655807786773539
0,0,0.6414670652599505,0.3574849079341167,0.0010480268059328956
1,1,0.22353117497777863,0.7712662320104807,0.005202593011740521
0,0,0.7252614041221846,0.27430079233943694,0.00043780353837845256
1,0,0.6844166135734122,0.31447055537790786,0.0011128310486798977
1,1,0.3200033310484791,0.677461624525753,0.0025350444257677975
1,1,0.20824001659323607,0.7880347212924678,0.0037252621142960956
1,0,0.8246138210896032,0.17498102442865215,0.0004051544817445261
1,1,0.015191890586797097,0.980405391270596,0.004402718142606938
1,1,0.24623933057472994,0.752898878417407,0.0008617910078630045
1,1,0.15562569408734098,0.8328992098311329,0.011475096081526328
0,0,0.7448636221184386,0.25381283876411137,0.0013235391174500186
0,0,0.9001103077796577,0.09986983938299648,1.9852837345814918e-05
1,1,0.005380246227871435,0.5150660368944113,0.4795537168777173
1,1,0.33673017498694996,0.6623294524763681,0.0009403725366819765
1,0,0.925434219235868,0.07379318277381697,0.000772597990314931
0,0,0.8287500880165771,0.1708733420741762,0.000376569909246505
0,0,0.7234708450202567,0.27580994564423156,0.0007192093355116054
0,0,0.6963255563526924,0.3032421110106193,0.00043233263668820477
1,0,0.6883257044092527,0.31117330925625525,0.0005009863344920623
2,2,4.672794365519072e-05,0.09670187338205109,0.9032513986742937
0,0,0.6112364826883,0.3884173415843657,0.0003461757273343944
1,1,0.020626669168692068,0.9714750054491517,0.007898325382156181
0,0,0.9986750710324984,0.0011576601739140971,0.00016726879358735838
0,0,0.778350831656858,0.22142554038976628,0.00022362795337564452
1,1,0.4192834838045494,0.5752787468545743,0.005437769340876381
1,1,0.37478496362690206,0.6221687479975201,0.003046288375577837
1,1,0.2705214874886533,0.7276310109400301,0.0018475015713167496
2,2,0.0014816185887383288,0.15659734412099108,0.8419210372902707
1,1,0.24818582116125065,0.7491097283660124,0.0027044504727368897
0,0,0.7899254381897353,0.20954237787421096,0.0005321839360537933
1,1,0.32494409900151805,0.6737377360559598,0.0013181649425221334
1,1,0.015391073134472327,0.8157559755776674,0.1688529512878604
1,1,0.03307692625741751,0.9628691514908423,0.0040539222517401415
0,1,0.48834166655263894,0.5113012054360421,0.0003571280113189726
1,0,0.5209384909692409,0.47719044551340434,0.0018710635173546783
0,1,0.401557212249594,0.596495120979664,0.0019476667707420093
1,1,0.1695917330491748,0.829179926305074,0.00122834064575123
1,1,0.15540721299444696,0.8433801828250648,0.0012126041804882896
0,0,0.9745130951057676,0.025366016463640898,0.00012088843059145871
1,0,0.5110301296517894,0.4884625528937615,0.0005073174544491897
2,1,0.08468219241107175,0.868911103574461,0.04640670401446722
1,1,0.4611620836929097,0.5374020074931688,0.0014359088139215127
1,1,0.16768015059258018,0.8303520403821375,0.001967809025282165
0,0,0.7640003875734855,0.23569976872098758,0.0002998437055269048
1,1,0.060848004861758835,0.9366627775550481,0.0024892175831930864
1,1,0.36861725983594246,0.6304157816306469,0.0009669585334106501
0,0,0.9603757316116157,0.039199024775654706,0.00042524361272956387
1,1,0.17654198110983654,0.8171359120068394,0.006322106883324038
1,0,0.6335830742731514,0.3659522261310001,0.0004646995958484971
0,0,0.5408645507956431,0.45827715428035304,0.0008582949240037833
0,0,0.5100072569452605,0.48943823304737083,0.0005545100073688185
0,1,0.04501360497879808,0.9505714369935436,0.004414958027658355
0,0,0.7123593942908327,0.28749617405033046,0.00014443165883689274
2,2,1.985779647646593e-05,0.14204657464048182,0.8579335675630417
1,1,0.04333667771481616,0.8538225811175012,0.10284074116768253
1,1,0.0918483413213696,0.8984157314028316,0.009735927275798697
1,0,0.5165771335070553,0.4827736784025701,0.0006491880903747374
0,1,0.03143991946242447,0.5012898121726509,0.4672702683649246
1,1,0.27327249874675374,0.7250836193998529,0.001643881853393507
0,0,0.9873172278940853,0.012669441499752411,1.3330606162506456e-05
1,1,0.24001962129762236,0.7587735090599048,0.0012068696424728026
1,1,0.13723038157599365,0.8574771416189912,0.005292476805015116
0,1,0.39352244773810935,0.6044354051879054,0.0020421470739850726
1,1,0.03188740522707871,0.9627642979159914,0.0053482968569299495
2,2,2.1573278616729546e-05,0.09136027731887007,0.9086181494025132
0,0,0.6162340039475122,0.3827706048436945,0.0009953912087934083
1,1,0.2175166975288139,0.7761546315619519,0.00632867090923421
0,0,0.8437556776448047,0.1559319367138867,0.0003123856413085857
1,1,0.3101478555800488,0.688999967172448,0.0008521772475030587
2,2,4.355496888241183e-06,0.009915691322263633,0.9900799531808481
0,0,0.9823706047664357,0.017534686503474475,9.470873009001725e-05
1,1,0.09253625488190094,0.8502134327905349,0.057250312327564015
1,0,0.8289691842365402,0.17065515175865612,0.00037566400480366273
1,1,0.10984860218419289,0.8866320686592136,0.0035193291565935475
1,1,0.008846420561045606,0.9846123332005554,0.00654124623839894
1,0,0.7249087963102544,0.27468758508015206,0.0004036186095935579
1,1,0.03844943997199917,0.9567562672374267,0.0047942927905740606
1,0,0.8333730531807023,0.1661286317237708,0.0004983150955267629
0,1,0.32217561046692406,0.6742470151340155,0.0035773743990604335
1,1,0.2650428887752008,0.7315910767233547,0.003366034501444507
1,1,0.23543663124011902,0.762724842823008,0.0018385259368730448
1,1,0.10797580408004424,0.8870834785190915,0.004940717400864313
1,1,0.24298671457550056,0.7555713051064074,0.0014419803180921852
0,0,0.6459322534246702,0.3532380743422512,0.0008296722330786315
0,0,0.633568160526095,0.36620996173609544,0.0002218777378095486
0,0,0.6988435716779595,0.3001693730234481,0.0009870552985923348
0,0,0.9586948089913218,0.04107633149437915,0.00022885951429902384
1,1,0.18269811024172739,0.8120495414347377,0.005252348323534836
0,0,0.9298331041040273,0.06976276653695923,0.000404129359013406
1,1,0.06020669352291709,0.9176037910297415,0.02218951544734156
0,0,0.7977470639125583,0.20147256946563144,0.0007803666218101952
0,0,0.9555766552904402,0.04419241939119994,0.00023092531835983544
1,0,0.570766357616467,0.42889992533077953,0.0003337170527535039
1,1,0.02473513892595042,0.9611870098562021,0.014077851217847371
0,0,0.8135389138444815,0.18618594885449388,0.00027513730102452763
1,1,0.09693042736220117,0.8896379188990693,0.013431653738729482
1,1,0.35874200910266063,0.6403237827493542,0.0009342081479852243
2,2,4.659006795941449e-05,0.05050110826892938,0.9494523016631112
1,1,0.19177870685457987,0.8042053975085025,0.00401589563691763
0,0,0.7372243322397021,0.2625638471725566,0.0002118205877413434
1,1,0.12991105917200257,0.8589357701697257,0.011153170658271675
1,1,0.2006946923978764,0.7951120322287097,0.004193275373413866
1,0,0.6943446739831332,0.30539261461932576,0.0002627113975410229
0,0,0.5374503771801864,0.46234783313159333,0.00020178968822021678
0,0,0.7848070107250859,0.21452221651915143,0.0006707727557626482
2,2,1.2528718450413464e-06,0.013552222974946918,0.986446524153208
1,1,0.16269861029067692,0.8280605047167543,0.009240884992568832
1,1,0.22299865068630284,0.7755679066961022,0.0014334426175949054
0,0,0.7004512104796065,0.2984897893147424,0.0010590002056511366
1,1,0.12578496437319608,0.8728392274622186,0.0013758081645852951
1,1,0.33400527656991,0.6608614805718188,0.005133242858271092
2,2,0.0003874636974545895,0.249554772339733,0.7500577639628124
1,1,0.04436960363232396,0.9501057108360814,0.005524685531594794
0,1,0.14850645330440457,0.8477152561329484,0.0037782905626469448
1,1,0.22833015234589105,0.7707838923411455,0.0008859553129633359
0,0,0.5530739437337581,0.4461855410361967,0.0007405152300452984
0,1,0.42674941785755155,0.5717638082061108,0.0014867739363375188
1,1,0.07485183056038479,0.9075535245847582,0.01759464485485703
2,2,9.461962827295131e-06,0.0050760451392593805,0.9949144928979134
0,0,0.788291530066131,0.2116393715500072,6.909838386194076e-05
1,2,0.0009916899212294764,0.2786666592569318,0.7203416508218388
1,1,0.25899134727782597,0.739955383624,0.0010532690981739383
1,1,0.4501075700200076,0.5489060858610745,0.0009863441189179114
1,1,0.42199668040061394,0.5718371935993729,0.006166126000013098
1,0,0.6871509862374556,0.3119165858000936,0.0009324279624507673
0,0,0.6121717757227431,0.38675329743229553,0.0010749268449613712
1,1,0.4364852885683459,0.5628379181620159,0.0006767932696381352
0,1,0.45863618811704615,0.5406801445833364,0.0006836672996175029
0,1,0.41796161279892846,0.5809698772132013,0.001068509987870289
1,1,0.05205714148237299,0.9395738066795717,0.008369051838055397
1,1,0.06533601194978883,0.9327205669570487,0.001943421093162588
0,0,0.6550698762757624,0.3444852564881604,0.00044486723607710003
0,0,0.6235600073467812,0.3759073605743625,0.0005326320788564434
0,0,0.6518085011185583,0.34775323779561856,0.0004382610858233277
0,1,0.300689189739626,0.6969180056429374,0.002392804617436536
2,2,0.015497768419377793,0.45020986968718973,0.5342923618934325
0,1,0.45578100313828784,0.5429986834409488,0.001220313420763345
1,1,0.03381498683851612,0.953503533558164,0.012681479603319775
2,2,3.314814626398887e-05,0.03604088532759359,0.9639259665261424
1,1,0.23439804429984767,0.76444362267376,0.0011583330263922717
0,0,0.6832597993720907,0.3159488755064047,0.000791325121504677
1,2,0.003397222644042961,0.20482402908192207,0.7917787482740349
1,1,0.15621652106829295,0.8371143133681489,0.006669165563558089
0,0,0.8389762540647778,0.16094715661797285,7.658931724940048e-05
0,1,0.33866144503053613,0.6595246269404751,0.0018139280289886936
1,1,0.018088302699222,0.9115502691813047,0.07036142811947334
0,0,0.7435032538099396,0.25627410082726504,0.0002226453627952604
1,1,0.12708431574140608,0.8672631231140088,0.005652561144585123
0,1,0.3893069485513664,0.6093359052529853,0.0013571461956483244
0,0,0.6335518510168305,0.36620256877735363,0.0002455802058158502
1,1,0.033564411504880425,0.9631597742148711,0.0032758142802484683
1,1,0.22474302945655983,0.7703933774403516,0.004863593103088449
0,0,0.624885597989199,0.37475363034562204,0.00036077166517902695
1,1,0.0681161232287643,0.9290760944092887,0.0028077823619469945
0,1,0.46382472869965036,0.5352102346609349,0.0009650366394148449
0,0,0.8711370391685738,0.12852701642226866,0.0003359444091575484
1,1,0.34666318923607814,0.6523413503529989,0.0009954604109228954
1,1,0.07307652938095827,0.8719885750853319,0.05493489553370988
1,1,0.07879048113306049,0.9172521806069147,0.003957338260024914
1,1,0.07919914913954726,0.8979205654813488,0.02288028537910405
0,0,0.5969432721448982,0.402449383663907,0.0006073441911948834
1,1,0.04819525704712519,0.8441855450216803,0.1076191979311945
0,0,0.9178601745619228,0.08208385318247971,5.5972255597398734e-05
0,0,0.7370264603100305,0.2626702157599734,0.00030332392999612463
2,2,6.395376199754957e-09,0.0014132521463002933,0.9985867414583236
0,1,0.2568609284193171,0.7398678924173664,0.003271179163316478
0,0,0.8930204048935457,0.10656817949465969,0.00041141561179450166
1,1,0.3502717500232481,0.6443797968155006,0.0053484531612512645
0,1,0.3484740659680504,0.65097883443092,0.000547099601029676
0,0,0.989711186751184,0.010220760605650844,6.805264316533286e-05
1,1,0.15914675492378788,0.8380503581638287,0.00280288691238338
0,1,0.08824894745764635,0.8306193261989904,0.08113172634336333
0,0,0.7678267030430508,0.2320097920952049,0.00016350486174429726
1,1,0.04542615225828702,0.9514474246124979,0.0031264231292150355
1,1,0.03731014027396247,0.5617868439142604,0.4009030158117772
1,1,0.18159374580846827,0.8175412409305619,0.0008650132609697248
0,1,0.4399968614819956,0.5589695827252399,0.0010335557927645355
1,1,0.2711439770778004,0.7263141067429957,0.0025419161792039056
1,0,0.7819074027106493,0.2178382495886423,0.000254347700708507
1,1,0.09496288040939269,0.8687416379693372,0.03629548162127004
1,1,0.19944946298439184,0.7966987550693567,0.0038517819462514664
0,0,0.655003511182146,0.3448442234855293,0.00015226533232467698
0,1,0.25194320390438524,0.7331894038347986,0.014867392260816344
1,1,0.23306334635451284,0.7650568447204349,0.0018798089250521574
0,1,0.2848929826699241,0.7130913937036558,0.0020156236264201473
1,1,0.33195316218810456,0.6564986150016501,0.011548222810245425
1,1,0.20860905955527015,0.7892145598006445,0.002176380644085347
1,1,0.0673562094851017,0.9298614475872607,0.002782342927637488
1,1,0.4004971653382732,0.5980240852958116,0.0014787493659153348
1,1,0.10845007665507854,0.8889763067463383,0.0025736165985830333
1,1,0.00673979954953628,0.7754518600181933,0.21780834043227032
1,1,0.21063810441532127,0.7818602514652511,0.007501644119427713
0,0,0.7596339792544581,0.2402380544276575,0.00012796631788453404
0,1,0.05646422296650254,0.8969776728179975,0.0465581042155001
0,0,0.9267889913849608,0.07310204541485825,0.00010896320018100578
1,0,0.5936259792085006,0.4060086418067795,0.00036537898471993105
0,0,0.8140385544314974,0.1858080667953387,0.00015337877316397105
0,0,0.9390846906851976,0.06076475451062797,0.00015055480417441655
0,0,0.8391005692033758,0.1608307816118102,6.864918481393331e-05
0,0,0.9320723569448104,0.06785683205183045,7.081100335902169e-05
1,1,0.03723432077434757,0.9596761319855684,0.0030895472400840783
0,0,0.8527543695379486,0.14719061831244515,5.501214960629384e-05
1,1,0.26633939908122695,0.7294977938766491,0.004162807042123777
0,1,0.3784495599050896,0.6145317186587249,0.00701872143618548
0,0,0.5838109184566722,0.4158203028445377,0.00036877869879001256
1,1,0.11592696891718741,0.8753922883477361,0.008680742735076546
1,1,0.02504814540547207,0.9693878902616797,0.005563964332848468
1,1,0.2600909162213606,0.7389155158877586,0.0009935678908806914
0,0,0.5478292118096215,0.4512840660204119,0.0008867221699665682
0,0,0.6228534731756263,0.37696295950112846,0.00018356732324504953
1,1,0.044107850289970246,0.952305164693592,0.0035869850164376815
1,0,0.7092506378336261,0.2896110552611161,0.0011383069052578508
1,1,0.4019448730774781,0.5935600899337692,0.004495036988752642
0,1,0.1572291259331773,0.8410414048825107,0.0017294691843120203
2,2,1.1487848189769112e-05,0.04232088512373817,0.9576676270280721
1,1,0.4110154892117681,0.5873472204438347,0.0016372903443970636
0,1,0.09701444718287007,0.9010823415065511,0.0019032113105789466
1,1,0.3548797738915595,0.6430833833909653,0.0020368427174752707
1,1,0.3496192601062145,0.6495843775127575,0.0007963623810279365
1,0,0.7483589918783203,0.25082210352352774,0.0008189045981520115
1,1,0.09926211770856382,0.8982093969854474,0.002528485305988632
1,1,0.47874853276035745,0.5200056691448361,0.0012457980948063505
1,1,0.246616596020739,0.7457286473270217,0.007654756652239144
1,1,0.17105661341797912,0.8270065009868396,0.0019368855951813417
0,0,0.7447534655303283,0.2549509588517597,0.00029557561791194407
2,2,0.0007492199970645729,0.1414236343840108,0.8578271456189246
1,1,0.4413582377668914,0.5568288055870105,0.001812956646098077
2,2,1.8615570664028036e-06,0.01231754493170803,0.9876805935112256
1,1,0.045191313789505166,0.942006890047954,0.012801796162540683
1,1,0.10738501598617453,0.8908340070306807,0.0017809769831446827
1,1,0.016693210876389336,0.869079229915356,0.11422755920825453
0,1,0.14197684804063224,0.8559208495028464,0.002102302456521311
0,0,0.6647516102366258,0.3348083010531635,0.00044008871021066176
1,1,0.056847859368065905,0.9332756002173385,0.009876540414595625
1,1,0.10797100000199558,0.8901600342075138,0.001868965790490683
1,1,0.1311762169843668,0.8677145888827212,0.001109194132911914
1,1,0.05700027199470476,0.9380385400598297,0.0049611879454655216
0,1,0.37710739156378953,0.6221729841243829,0.0007196243118275732
1,1,0.3118880208043307,0.6874157600178382,0.0006962191778311364
1,1,0.08205341026390922,0.8616108945362477,0.05633569519984305
1,1,0.15741272204599874,0.8404240268831674,0.0021632510708339578
0,0,0.8423956768757342,0.15754444107924007,5.988204502589114e-05
1,1,0.051693037810156967,0.9458934973243025,0.002413464865540465
0,0,0.7885448274689166,0.21118633995334407,0.0002688325777392173
0,1,0.4782135283483085,0.5205119661485057,0.0012745055031857582
0,1,0.4363405378667347,0.5633123994462166,0.0003470626870486836
1,1,0.005726447521286556,0.9858196670826824,0.008453885396031181
0,0,0.9003738862105066,0.09895713029925074,0.0006689834902426845
1,0,0.5315103313495126,0.4680189389350493,0.000470729715437971
0,0,0.8245208938125251,0.17469955921920233,0.0007795469682725262
1,1,0.05828105377570232,0.9326914845661496,0.00902746165814815
0,0,0.7299684553497618,0.2693828157447721,0.0006487289054661902
1,1,0.09715162573723513,0.8825232300558009,0.020325144206964133
1,1,0.49501344911521217,0.5034689916294881,0.0015175592552998428
1,1,0.16279587566400883,0.8293679632614304,0.007836161074560692
0,0,0.8012570598335514,0.19835785189364438,0.0003850882728040457
1,1,0.1597128803357195,0.8383901270242504,0.0018969926400298966
0,0,0.5569151154459991,0.44265722117159695,0.0004276633824039751
2,2,0.014759752276829513,0.43921557792092913,0.5460246698022414
1,0,0.5414095876575731,0.45807052258651637,0.0005198897559105404
1,1,0.15648212523095278,0.8383157938479995,0.005202080921047732
1,1,0.2239134618849237,0.7739179593844576,0.002168578730618814
0,1,0.4094258357680515,0.5892157494979169,0.0013584147340316042
1,1,0.22004830424359817,0.777503855993186,0.0024478397632158
1,1,0.09162654126085937,0.8981154798757509,0.01025797886338965
0,0,0.9596348124691336,0.04024238592687531,0.00012280160399117337
0,1,0.17167432452245657,0.8265987640570422,0.0017269114205011643
0,0,0.667891037875942,0.3318622107448376,0.0002467513792203659
0,0,0.815578968489271,0.18422556155120187,0.00019546995952707876
0,0,0.9463360738753174,0.05360640690218364,5.7519222499041086e-05
1,1,0.1055456489731535,0.8928103270846341,0.0016440239422123915
1,1,0.04342810843993606,0.9366007284144389,0.01997116314562507
1,1,0.2019307544939559,0.7968269569709955,0.0012422885350486647
0,1,0.4991253529652791,0.4992819862208757,0.001592660813845152
1,1,0.22106152251837496,0.7768192105348867,0.0021192669467382467
0,1,0.3558048484732106,0.6405684621897756,0.003626689337013777
1,0,0.869302603589271,0.13046949885229203,0.00022789755843682469
1,1,0.19449930301716065,0.8000692973925411,0.005431399590298393
2,2,9.953862951942927e-05,0.08852016926496337,0.9113802921055173
0,0,0.9919592731289681,0.00799114613163618,4.9580739395712933e-05
1,1,0.007536029149342088,0.7673177200446815,0.22514625080597656
1,0,0.855851999609184,0.14383917335079283,0.0003088270400231726
0,0,0.5237508442220742,0.4754718499319336,0.000777305845992252
0,1,0.24827148455413756,0.7496736910174365,0.0020548244284259273
0,0,0.8329960278082965,0.16653733759237907,0.00046663459932445807
0,0,0.7550582907712485,0.24481264553747195,0.00012906369127949806
1,0,0.6032749166989759,0.39480329229492567,0.0019217910060984182
0,1,0.4564497866582635,0.5430594361402802,0.0004907772014561972
0,0,0.9648267600680364,0.03482404146832915,0.00034919846363455084
1,1,0.06207686046216617,0.9347696875121757,0.003153452025657952
0,1,0.3442762277024103,0.6546435161060886,0.00108025619150127
0,0,0.7907050336538693,0.20921191749273688,8.304885339367256e-05
1,1,0.013126434587632033,0.9831280558579529,0.003745509554415122
2,2,2.0197279246394018e-08,3.0222709742913275e-05,0.9999697570929779
1,0,0.5925926414776468,0.40695560210615067,0.00045175641620248235
1,1,0.24674179468672464,0.750280637329901,0.0029775679833743732
2,2,7.328603810932458e-06,0.057473913238926526,0.9425187581572625
1,0,0.6736280964262666,0.32619739323228725,0.0001745103414462189
1,1,0.04826731466815947,0.9392608309445823,0.012471854387258171
0,0,0.8421334176678824,0.15694893089888876,0.0009176514332287691
0,0,0.5131938287897144,0.48603277058526373,0.0007734006250217169
0,0,0.8266310951328316,0.1730775187509218,0.0002913861162465727
1,1,0.18860294830697616,0.8093964044059073,0.0020006472871164885
0,1,0.17463804123530324,0.8238023926686188,0.0015595660960779421
1,0,0.5235383820574339,0.474499547574908,0.0019620703676580856
1,1,0.14509175534142849,0.8486110204509972,0.006297224207574248
0,0,0.6856276873252959,0.31408028203141297,0.0002920306432912073
1,1,0.11243493327702109,0.6390305011573744,0.24853456556560458
0,0,0.8062817358423954,0.19195659506210552,0.0017616690954992296
1,1,0.07028612938130448,0.9271848752309041,0.0025289953877914617
1,1,0.058037295659076574,0.9381930825289778,0.0037696218119455836
0,1,0.10521469380164437,0.8919149912110256,0.002870314987329989
0,1,0.3717665090014566,0.6264533409566774,0.0017801500418660487
0,0,0.5980759481410179,0.40090621455026987,0.0010178373087121558
0,1,0.4882490178002737,0.5108140234935797,0.0009369587061465927
1,1,0.38460256301892093,0.6141646861707626,0.001232750810316448
1,1,0.14049772853235182,0.845155912836831,0.014346358630817147
0,0,0.8506453307279048,0.14928626412950965,6.840514258557213e-05
0,0,0.9617926943211252,0.037740668744182714,0.0004666369346920485
0,0,0.9717491878668167,0.02816761484754911,8.319728563410897e-05
0,0,0.7048612690829605,0.2930304756949305,0.0021082552221090363
0,0,0.6669305262362272,0.33287894673011403,0.00019052703365873377
0,0,0.9687253815713853,0.030942811156730463,0.000331807271884237
0,0,0.9451099445769627,0.05467905420605046,0.00021100121698681452
1,0,0.8456137401331595,0.15417978526175338,0.000206474605087228
0,0,0.6537153974039396,0.34504852243538814,0.0012360801606722614
0,0,0.9837978880403176,0.016156453540531707,4.565841915057316e-05
0,0,0.8371765001650476,0.16275954975341778,6.395008153454312e-05
0,0,0.7916261315314366,0.2083093724345629,6.449603400067528e-05
0,0,0.8879071357825017,0.11201156690693416,8.129731056424963e-05
1,1,0.22216908761786727,0.7758893581495959,0.0019415542325367807
0,0,0.738074803402421,0.26177079541220527,0.00015440118537379558
0,0,0.9777658610839906,0.02211891815365809,0.00011522076235139542
1,1,0.26543787318257667,0.7334011675539314,0.0011609592634919729
1,0,0.5316073393819744,0.46648856053202875,0.001904100085996982
1,1,0.011327442222858222,0.9821214284628297,0.006551129314312158
0,0,0.65904136456406,0.33719486275536786,0.003763772680572164
0,0,0.6701293573344129,0.32937140593907704,0.00049923672650997
0,0,0.7895323449391154,0.21040259057709737,6.506448378735009e-05
0,1,0.37298158248999536,0.6251799966131664,0.0018384208968382487
0,1,0.24300491879069908,0.7539369012746225,0.003058179934678421
0,0,0.7555090180838534,0.24427349217660793,0.00021748973953859602
0,0,0.7230786091036996,0.27602222086743156,0.0008991700288688524
0,0,0.8193521661750396,0.18031524107957692,0.0003325927453834319
1,0,0.6692367856077275,0.33012419578743346,0.0006390186048390859
1,0,0.8623518645590587,0.13697229551634169,0.0006758399245995634
1,0,0.5069790840558999,0.4913672481910533,0.0016536677530469182
0,0,0.7112246320385339,0.2885263414310938,0.00024902653037240817
1,1,0.1512934152957732,0.84715536826618,0.0015512164380468456
1,0,0.7987545204428482,0.20083537528081472,0.0004101042763371022
1,0,0.6018559529428106,0.3972352810898993,0.0009087659672901637
1,1,0.11927220030522019,0.8773395803167099,0.0033882193780700605
1,1,0.07372559032843619,0.896951941438361,0.029322468233202698
1,1,0.35114833545443025,0.6435928136853476,0.0052588508602221294
1,0,0.6718051713611649,0.32794868894693313,0.00024613969190201575
1,1,0.0789413174711885,0.9109602976912762,0.010098384837535161
1,1,0.05267558126080592,0.8508779157480519,0.09644650299114207
0,0,0.6791596785369425,0.3206657011773322,0.00017462028572543507
1,1,0.08980301237656106,0.9065407986778975,0.003656188945541448
1,1,0.12303167237699976,0.8750706615688958,0.001897666054104443
1,1,0.09946356069901656,0.651421905334816,0.24911453396616748
0,1,0.46429441869492305,0.5350630206916556,0.0006425606134213983
1,1,0.09299345890251459,0.9039395172495431,0.003067023847942271
1,1,0.4616707725898805,0.5371994856050935,0.0011297418050261602
1,1,0.08249870296355293,0.9054779692370577,0.012023327799389423
0,0,0.7044131610683093,0.29511851035237574,0.0004683285793150185
1,0,0.5901394349360445,0.4095581689740386,0.00030239608991691595
0,0,0.8478014288439901,0.15208857315087013,0.00010999800513972458
0,0,0.8668449874362385,0.13198324725939473,0.001171765304366629
0,0,0.8046838659111218,0.1949147220654043,0.0004014120234738705
0,0,0.8292848349851575,0.17049475664631047,0.0002204083685319142
1,1,0.33227152264042487,0.6668691831404481,0.0008592942191271508
1,1,0.2676969413244702,0.7310900495346373,0.001213009140892597
0,1,0.3896272202332508,0.609676742062958,0.0006960377037911821
1,1,0.2896697202844171,0.7080766181463152,0.002253661569267691
1,1,0.11130339444119855,0.8850289196888147,0.0036676858699867133
2,2,0.0003542871574733962,0.18042144712252972,0.8192242657199968
0,0,0.595402037008193,0.40383305459752283,0.0007649083942840883
1,1,0.01095366828226313,0.7338835075210169,0.2551628241967199
0,0,0.7226017277797072,0.2772239488499365,0.0001743233703562253
1,1,0.03408483230865442,0.959405901274873,0.006509266416472458
0,0,0.5883731219335329,0.4112533655584872,0.0003735125079799289
0,1,0.15240299075550026,0.8440267750063666,0.003570234238133107
0,0,0.7607746723020496,0.239066905205853,0.0001584224920974103
0,0,0.7434729876851426,0.2551119979209843,0.0014150143938732346
1,1,0.11651541862381537,0.8816044981141875,0.001880083261997157
1,0,0.5797253941004146,0.419606441885118,0.0006681640144674053
0,1,0.47518346111298665,0.5243005290915954,0.0005160097954178726
0,0,0.5688600821878883,0.43046593612350564,0.00067398168860602
0,0,0.8329202538962094,0.1669394103278639,0.00014033577592685435
1,1,0.24933943500732197,0.7476604401180088,0.003000124874669335
0,1,0.1374069570187194,0.8612665061643315,0.0013265368169490034
0,1,0.41525746155033205,0.5840969750127605,0.000645563436907389
1,1,0.031007997348958396,0.9637691643105275,0.005222838340514054
1,0,0.6628489364100737,0.33658830267463763,0.000562760915288625
0,0,0.8607556498379964,0.13904537435306524,0.00019897580893822153
1,1,0.04198879451108505,0.9550478312205277,0.0029633742683873392
1,1,0.27136435156634414,0.7277774035254307,0.0008582449082249578
1,1,0.33435994944480896,0.664352938109616,0.0012871124455750371
1,1,0.33254629058267815,0.6670048342210161,0.00044887519630577985
1,1,0.2969011339333938,0.702246550801176,0.0008523152654301684
1,1,0.17888048827601935,0.8193099032644674,0.0018096084595132992
0,1,0.4873162547051679,0.5119916691649293,0.0006920761299028779
0,1,0.39735144449639015,0.6018555320572632,0.000793023446346819
1,1,0.30599053620532046,0.6927203318129137,0.0012891319817657113
0,0,0.928268190174433,0.07114082838260972,0.0005909814429573853
2,2,2.8434421277481462e-05,0.16950819962884103,0.8304633659498815
2,2,0.0006354777654147539,0.273735751887395,0.7256287703471902
1,0,0.532283826186044,0.4646190671764495,0.0030971066375065034
0,0,0.5923251933636314,0.40735572383015534,0.0003190828062132028
0,1,0.41802655898850066,0.5790684034339748,0.002905037577524564
1,1,0.017527813616293905,0.9670974182298315,0.015374768153874467
1,1,0.3026912043094637,0.6920235208015285,0.00528527488900779
0,0,0.647695020174499,0.35223766273470913,6.731709079187672e-05
1,1,0.30113436340236055,0.6961566255383959,0.002709011059243578
0,0,0.8089524408844823,0.1902881732606848,0.0007593858548329504
1,1,0.06897463560835063,0.9278779110886062,0.0031474533030431988
0,0,0.984492781186784,0.01545810763416238,4.9111179053607944e-05
0,0,0.8879673132826233,0.11188279876511424,0.0001498879522624879
1,0,0.6297569342390699,0.36823912047697144,0.002003945283958687
2,2,0.0002668481139782192,0.18814315427537506,0.8115899976106468
0,0,0.8421651728743104,0.15774061736828354,9.4209757406233e-05
0,0,0.721639644607019,0.27812731136076857,0.00023304403221231548
0,0,0.9564540803698249,0.04318636537031467,0.0003595542598603024
0,0,0.9816822448308442,0.018239797093142766,7.795807601313696e-05
1,1,0.03809405461959117,0.9387361398366515,0.023169805543757437
1,1,0.041296520730707297,0.955188583541323,0.0035148957279697276
1,1,0.10960357421238004,0.8881828978497155,0.0022135279379044766
0,0,0.5601151418556661,0.43800060877009955,0.001884249374234291
0,0,0.6702129544544454,0.32925636945889875,0.0005306760866558217
0,0,0.7418527287156479,0.2579887628519824,0.00015850843236971294
0,1,0.496221140767455,0.5033258489125308,0.00045301032001415857
0,1,0.20885286814774487,0.787026382773065,0.004120749079190174
1,1,0.050116182122367355,0.8821927561958013,0.06769106168183142
0,0,0.9248711710892873,0.0750137693516944,0.00011505955901826845
1,1,0.11221779638223717,0.8859818591858222,0.0018003444319407429
0,0,0.9576924164282843,0.04219042319222654,0.00011716037948933179
0,0,0.5005751781086979,0.49897732215283125,0.00044749973847085366
1,1,0.009467036549527151,0.9849828047506718,0.0055501586998011375
0,0,0.6732773756627548,0.3264302554957421,0.0002923688415030366
1,1,0.4648743141410954,0.5339447457626598,0.0011809400962447037
1,1,0.06170514840431778,0.9321948876351057,0.006099963960576526
1,1,0.09844881725119457,0.8852677830069468,0.016283399741858696
2,1,0.11903548425311189,0.5346609803762686,0.3463035353706195
2,2,4.78249797814547e-07,0.004487027332022273,0.99551249441818
1,1,0.16826937160890262,0.8241929832899967,0.007537645101100741
0,0,0.6631121344534473,0.3357958354005478,0.001092030146004933
1,1,0.033260160376219296,0.9610223868685486,0.005717452755232112
1,0,0.5380696179973798,0.4591192152879561,0.002811166714664251
1,1,0.23531814789527702,0.761423920664071,0.0032579314406517503
1,1,0.09534093255009363,0.9030325355829356,0.0016265318669707559
1,1,0.00664888752987254,0.9844573577170348,0.008893754753092536
1,1,0.05857234453152126,0.9348625294202839,0.006565126048194843
0,0,0.7605562307659026,0.23875664754590373,0.0006871216881937138
1,0,0.846129595448538,0.15379318247125395,7.722208020814427e-05
1,1,0.03782248250550754,0.9581886885419189,0.003988828952573459
1,1,0.03324450824372238,0.8217651935671182,0.14499029818915948
1,1,0.3699756714480256,0.6279701853594739,0.002054143192500464
1,1,0.09955875524471328,0.8400884085600451,0.06035283619524162
1,1,0.18830593657166148,0.8093060479322846,0.0023880154960539794
0,0,0.6884287037725637,0.31039711714184515,0.0011741790855911182
1,1,0.11489856162462907,0.8741807097068642,0.010920728668506812
0,0,0.9630287240559837,0.03685094125819745,0.00012033468581893032
0,1,0.4526996657111659,0.5469605411270725,0.00033979316176161324
0,1,0.36850865884394224,0.6302205604409712,0.0012707807150865085
1,1,0.23105714645705402,0.7663145223761444,0.0026283311668016205
0,0,0.7012053018775435,0.29843959757743854,0.0003551005450180361
1,1,0.32797953107245426,0.6617425268419328,0.010277942085612925
0,0,0.9110101389198996,0.08884564220350953,0.0001442188765907636
1,1,0.09458908827580988,0.9030195425351614,0.0023913691890287956
1,1,0.35710991529662245,0.6414562566270459,0.0014338280763317257
1,2,0.01572446791181815,0.39522955151321343,0.5890459805749684
1,1,0.10376054594708796,0.8924283639416551,0.0038110901112568757
0,0,0.8011705969524527,0.19860671542813757,0.00022268761940972908
0,1,0.11585759060560342,0.7723565658834579,0.11178584351093859
0,0,0.9140544751423466,0.08588729686734208,5.8227990311270796e-05
1,1,0.3468751420933082,0.6522438756149128,0.0008809822917789248
0,0,0.6494747619645986,0.349774383949863,0.000750854085538265
0,1,0.37249112472809026,0.6233236005813011,0.004185274690608688
1,0,0.6457915686813365,0.35356618579017673,0.0006422455284867798
0,0,0.7471527539307732,0.25121700389382967,0.0016302421753970637
0,0,0.9430945192288576,0.0566635048372365,0.0002419759339060524
1,1,0.31511577009268715,0.6827424580318588,0.0021417718754541087
1,1,0.4261763825295379,0.5731546358027009,0.0006689816677612291
0,1,0.14099017457472787,0.8574556463250858,0.001554179100186206
1,1,0.4486801410213443,0.5496673212918669,0.0016525376867887482
1,1,0.019091726949414817,0.9720601083729598,0.008848164677625467
2,2,2.4336354563890316e-07,0.0015845523928248516,0.9984152042436294
1,1,0.12349238529809603,0.8752438516581905,0.0012637630437134894
1,1,0.23814221298585694,0.7565998676941448,0.005257919319998381
0,1,0.21445395588377666,0.7827823626975772,0.002763681418646177
0,0,0.7220189443171847,0.2775890052732561,0.0003920504095592694
2,2,0.00039537776988618365,0.4467151256692315,0.5528894965608823
1,1,0.3315038474913418,0.6673413021490698,0.0011548503595883394
1,0,0.5400644760353865,0.459526197052251,0.0004093269123623574
1,1,0.3912418658531542,0.6074112853135649,0.0013468488332810155
1,1,0.2589539827586952,0.737932174818342,0.0031138424229628565
1,1,0.3394408943069596,0.6591855949497083,0.0013735107433320859
1,1,0.3093250839236169,0.6896226686393506,0.0010522474370324984
0,0,0.622909873366805,0.37632122184831834,0.0007689047848767496
1,1,0.2706593799017189,0.7250189306267107,0.00432168947157029
1,0,0.8589500056280363,0.1376703282119368,0.0033796661600268467
0,0,0.893641072413512,0.1063314782154604,2.744937102753806e-05
0,0,0.8786497206567484,0.12130476209627318,4.5517246978427305e-05
1,1,0.08942262270638815,0.8886837882024095,0.021893589091202283
1,1,0.07878416146993296,0.9193766546303113,0.0018391838997558695
1,1,0.025162937301140362,0.9694908355392238,0.005346227159635886
1,1,0.4459662852127133,0.5526494342367327,0.0013842805505539129
1,0,0.7458481762141137,0.2537621133672574,0.00038971041862895863
1,0,0.6487282755460941,0.35080515405737417,0.0004665703965318162
1,1,0.19319358868359096,0.8044154186717909,0.002390992644618132
1,1,0.1299764567486393,0.8683463376084515,0.0016772056429091439
1,1,0.1565545535694219,0.8390957250626595,0.004349721367918516
1,1,0.4096628889071922,0.5867537719481191,0.0035833391446886595
0,0,0.7883452423477564,0.21105826834241778,0.0005964893098259594
0,0,0.6476559870430532,0.3519359946485322,0.0004080183084146134
2,1,0.04163698985460105,0.942143742107365,0.016219268038033967
0,0,0.7949674683538426,0.20472226520685946,0.00031026643929802104
0,0,0.6362807491921815,0.36178990174253234,0.0019293490652861373
1,1,0.3699921826236759,0.6286566463474823,0.001351171028841744
1,1,0.23018476321660924,0.7663741526454737,0.0034410841379170615
0,0,0.523091174722813,0.47620995415048695,0.0006988711267000301
0,0,0.5681053402628601,0.4316595234388021,0.00023513629833772697
1,0,0.5150266053667957,0.48242385130279153,0.002549543330412784
2,2,0.01406463204785633,0.4857229217872375,0.5002124461649061
1,1,0.08627699719395504,0.9061621057110897,0.0075608970949552195
1,1,0.13854526924262292,0.8588283307711568,0.0026263999862202983
1,1,0.07887024471552867,0.8276096274269172,0.09352012785755408
0,0,0.881091068789553,0.11877818513857015,0.00013074607187673376
1,0,0.6834645137423816,0.3159307834075806,0.0006047028500378069
0,1,0.24853775807379766,0.750109557877862,0.001352684048340264
0,0,0.8354831359094135,0.1643952686665349,0.00012159542405168923
0,1,0.2746492913947787,0.7210817519442699,0.004268956660951314
1,0,0.6897326879399669,0.31001483850883804,0.00025247355119508704
0,0,0.9156970646456674,0.08423299179654842,6.994355778416543e-05
0,0,0.8546408314425498,0.1452618148618586,9.735369559168686e-05
1,0,0.7337363772666349,0.2659911972229627,0.0002724255104023969
0,1,0.19625337043966026,0.8000903330052405,0.003656296555099346
0,0,0.8936086382334556,0.10612574145511926,0.0002656203114252608
1,1,0.009103082130437165,0.7866554440290241,0.20424147384053876
1,1,0.1116498966761084,0.8780737843969139,0.0102763189269779
0,0,0.8388548594819505,0.16073126399304086,0.00041387652500848317
0,0,0.6499422968505664,0.34934973221141197,0.0007079709380216764
1,1,0.2127652802752332,0.7850183987443419,0.002216320980424848
1,1,0.20765271032474103,0.7903716352346474,0.0019756544406116018
1,1,0.15354084385440692,0.8452814643076605,0.0011776918379328002
1,0,0.5505375377387638,0.4489692723169541,0.0004931899442820791
2,2,2.2744285765865247e-05,0.0744824628701533,0.9254947928440809
0,1,0.43993667102688405,0.5591132035649446,0.0009501254081713553
1,1,0.09317022545984555,0.9047265856935275,0.0021031888466269515
1,1,0.35546554040942085,0.6385309019986093,0.006003557591969865
1,1,0.03845726443965797,0.9583381771271928,0.003204558433149273
2,2,1.5229644514980723e-07,0.000673014405446849,0.9993268332981081
1,1,0.26142760536656995,0.7354704007333863,0.0031019939000438267
1,1,0.40684401801690984,0.5848121336811555,0.008343848301934605
1,1,0.04623633441640971,0.9451186602373429,0.00864500534624735
2,2,0.0006293972688264506,0.08486413218704825,0.9145064705441253
0,0,0.7102351796096228,0.28936255332436256,0.00040226706601460154
1,1,0.016920668401104823,0.9785129748462881,0.004566356752607167
0,0,0.9100578657327785,0.08983688421701388,0.00010525005020763717
1,1,0.09976300119481885,0.889695679476301,0.010541319328880127
1,1,0.15057416161217446,0.842064583269309,0.00736125511851655
1,0,0.5115306582962769,0.48822485608224375,0.00024448562147935795
2,2,1.5179962981450671e-06,0.022095243751845475,0.9779032382518563
2,2,0.0015806530021515793,0.2177056483913783,0.7807136986064701
0,0,0.6231770199198576,0.3763519171554142,0.00047106292472821784
1,1,0.19177570034376787,0.8060073840156401,0.002216915640592107
0,1,0.47002289381670187,0.5292416163192349,0.0007354898640631753
0,1,0.32677031243786503,0.6706467616955782,0.002582925866556686
1,1,0.020456244004251764,0.9370705139584723,0.04247324203727589
1,1,0.12165893409057162,0.8761193328536138,0.002221733055814605
0,0,0.6859700234742124,0.31343166684293766,0.0005983096828498923
1,1,0.44040988926942115,0.5579588431636892,0.0016312675668896934
1,1,0.36877846974716916,0.6295743535617698,0.0016471766910609966
1,1,0.2355005086191275,0.7632817162732873,0.0012177751075851256
1,0,0.8079603792346787,0.1914540064018486,0.0005856143634726257
0,1,0.2994085708792854,0.6963676022904971,0.004223826830217496
2,2,6.782441524010235e-05,0.14824639496355838,0.8516857806212015
0,0,0.7241655799369028,0.275724619683832,0.00010980037926507273
0,0,0.8184285166121243,0.1813686655705921,0.00020281781728365391
1,1,0.23364557121312002,0.7648966089582099,0.001457819828670282
0,0,0.5986908969400274,0.400296255818616,0.0010128472413565006
0,0,0.5353311528820965,0.4640333798036279,0.0006354673142756359
1,1,0.2908868205394594,0.7069275068303618,0.002185672630178699
0,0,0.8460716443740803,0.15383013177170415,9.822385421543222e-05
0,0,0.9406213107221093,0.05899365840852316,0.0003850308693677043
1,1,0.17282822399378694,0.8259595776031866,0.0012121984030264257
1,1,0.1399085280989986,0.8580222298688871,0.0020692420321141375
1,1,0.2818502576556099,0.6726254406686746,0.04552430167571552
0,0,0.6664761072754913,0.3327425189504483,0.0007813737740602502
1,1,0.3087769543318915,0.6901474069514483,0.001075638716660074
1,1,0.031099455463280863,0.9631949993629317,0.005705545173787395
1,1,0.13383173686287347,0.8268823966102721,0.03928586652685446
1,1,0.30533392177132834,0.6918585320724662,0.0028075461562054
1,1,0.23518206988260149,0.7567341198233415,0.008083810294057032
1,0,0.7171569651773892,0.28243014944601413,0.00041288537659658377
0,0,0.7559781669389919,0.24374845167290873,0.00027338138809935447
1,1,0.1450225497296522,0.8397006268669147,0.015276823403432952
1,0,0.7843551634661466,0.21551323648376328,0.00013160005008999452
1,1,0.05520478420118219,0.936864668404245,0.007930547394572822
1,1,0.11787646308190097,0.8170338266534922,0.06508971026460676
0,0,0.8016767049024071,0.19823855224909953,8.474284849335042e-05
1,1,0.42403516797681395,0.5742665071924605,0.0016983248307254977
1,1,0.09509660355187916,0.9020194962435392,0.0028839002045817756
0,0,0.8822807721999154,0.11765025335434001,6.897444574464201e-05
1,1,0.09146657859287696,0.8972777959600935,0.011255625447029682
0,1,0.30715424180455286,0.6916462670440269,0.0011994911514202626
1,1,0.26818866322771917,0.7306558246109038,0.0011555121613769446
0,0,0.9031416444402444,0.09678870850206103,6.964705769448972e-05
1,1,0.02972899961899502,0.961106371613381,0.009164628767623913
0,0,0.7653463276316776,0.23379257203625733,0.0008611003320650592
1,1,0.32599544696431776,0.6722439048634639,0.0017606481722182606
0,0,0.7895525816730097,0.2100856519708501,0.0003617663561401657
2,2,1.0102007042640624e-07,0.00017467302551632614,0.9998252259544134
1,1,0.25644539391900745,0.7426358160616651,0.0009187900193273694
1,0,0.913789248032207,0.08603700420465378,0.0001737477631391451
1,1,0.04372479283788382,0.9518466438774429,0.004428563284673212
0,1,0.44539705887575204,0.5494960787301368,0.005106862394111051
1,0,0.6413817091360976,0.358395620369528,0.00022267049437441633
1,0,0.6346095495482552,0.3647803201663181,0.000610130285426629
1,1,0.08649290212042031,0.9104171913810429,0.003089906498536745
1,0,0.6737796857712747,0.32588078881574883,0.0003395254129764061
0,1,0.02925355701485487,0.8520996473613724,0.11864679562377259
1,1,0.38505762571785723,0.6129849606560619,0.0019574136260809413
1,1,0.025147922837495895,0.9620999184890737,0.01275215867343028
1,1,0.15100978866649734,0.8460284682263869,0.0029617431071157665
0,0,0.7727964757530166,0.2269006848327431,0.00030283941424018003
0,0,0.8380443406465193,0.16046142340902644,0.0014942359444542824
0,1,0.4171572504793496,0.5817524934296421,0.0010902560910083159
1,1,0.12877537079623574,0.8661916762295886,0.00503295297417573
1,1,0.2495127777282907,0.7485187436476733,0.001968478624035824
1,1,0.07696847247362756,0.9192153791733587,0.003816148353013579
0,1,0.31560550880161803,0.6816715017682036,0.002722989430178337
0,0,0.6409742917848293,0.3582239871370623,0.000801721078108203
0,1,0.3608249627175233,0.6364640940757982,0.0027109432066785184
1,1,0.2933036814212283,0.7044313156835892,0.002265002895182432
2,2,1.851563414528817e-05,0.14792707320556228,0.8520544111602923
1,1,0.327978332677391,0.6699469861389488,0.0020746811836603327
0,0,0.7371681515180921,0.25981553258532564,0.0030163158965822827
1,1,0.40841391614557326,0.5901643625614891,0.0014217212929376077
1,1,0.18967833744105767,0.8090749999330764,0.0012466626258657324
1,0,0.7421661119584351,0.2565165585022884,0.001317329539276653
1,1,0.11083425908146144,0.885361714521884,0.0038040263966547627
0,0,0.6740124507707125,0.325683148826185,0.0003044004031025941
1,1,0.41439255781424816,0.5821399759280572,0.0034674662576945504
0,0,0.5640520022473037,0.4346062052634588,0.001341792489237551
1,0,0.8343079119788892,0.16554110354252977,0.0001509844785811957
0,0,0.560432631568733,0.4387711128187789,0.0007962556124881545
0,0,0.9133105729642947,0.08647033384645038,0.00021909318925467423
0,0,0.9245812620635122,0.07472239299794708,0.0006963449385408468
2,2,0.009574005399484662,0.280054525714014,0.7103714688865013
0,1,0.49005613199156856,0.5087387457644601,0.0012051222439713784
0,0,0.9122712649395404,0.0865194311866174,0.0012093038738421468
1,0,0.5982132150866339,0.4000109098593579,0.00177587505400809
1,0,0.7519252198015353,0.24791891015550074,0.00015587004296396885
1,1,0.4831709672301035,0.5164037421265686,0.0004252906433279216
0,0,0.8726981734698089,0.1271677115062827,0.00013411502390829014
0,0,0.8693475963809004,0.13059381225412095,5.8591364978576254e-05
1,1,0.39088532375969304,0.6064937092313272,0.0026209670089798825
0,0,0.993930045449917,0.006053001044435561,1.6953505647543796e-05
1,1,0.050749323256839673,0.9456788668055586,0.0035718099376018967
0,1,0.3449559093265001,0.6523826818984167,0.002661408775083172
1,1,0.19721643644271106,0.8006144407041437,0.00216912285314523
1,1,0.20912369339428977,0.7896238508536351,0.00125245575207523
0,1,0.2829295418711911,0.704749145983381,0.012321312145427943
2,2,2.6506306721484884e-05,0.08717329416490681,0.9128001995283718
1,1,0.0648521752220455,0.8610389088927116,0.0741089158852429
0,0,0.6852391098167497,0.31370169887609356,0.001059191307156837
2,2,2.6872933721546456e-08,4.250965628688817e-05,0.9999574634707793
0,1,0.4375137991756646,0.5550791438266831,0.007407056997652295
2,1,0.04478670996758418,0.8487312792641959,0.10648201076822003
0,1,0.3117949153092067,0.6875875277101754,0.000617556980617768
1,0,0.7195113942447827,0.2798524914133116,0.0006361143419057408
2,2,8.694014414603974e-05,0.07049436891128678,0.9294186909445672
1,0,0.8796059863026595,0.1202377368331591,0.000156276864181552
1,1,0.09625405611938619,0.901847469241373,0.0018984746392407914
1,1,0.04114663280403257,0.9557525886765452,0.003100778519422122
0,0,0.8043063842418564,0.19547126527847844,0.00022235047966520711
2,2,0.010322941306645001,0.3911985204750438,0.5984785382183112
1,2,0.0018649385085246451,0.44769473162575907,0.5504403298657163
1,0,0.6825936334108518,0.3168762838169548,0.0005300827721933501
1,1,0.3064379166163962,0.6910099597033097,0.0025521236802940822
0,1,0.48541962523661963,0.5143974824179682,0.0001828923454120785
0,0,0.5806655758799092,0.41733014947259467,0.002004274647496062
1,1,0.07147857959345053,0.9258666645387597,0.0026547558677899046
0,0,0.5697288803270535,0.42948869992740335,0.000782419745543137
1,1,0.16461690028584178,0.7897874978929982,0.04559560182116009
0,1,0.42944655320379416,0.5700300637409841,0.0005233830552216476
1,1,0.1346116944200098,0.8640170379118485,0.001371267668141724
1,1,0.1659560441634122,0.8318120035321173,0.00223195230447058
1,1,0.06757398680075254,0.9296776613773328,0.0027483518219147173
1,1,0.3443740174741523,0.6499194682647997,0.005706514261048082
0,1,0.42291793706115505,0.5757879771595958,0.0012940857792492876
1,0,0.6316734596902424,0.3678976906732002,0.0004288496365574889
1,0,0.5404807370556617,0.45871433755086954,0.0008049253934687275
0,0,0.6381670176157884,0.36087733137564965,0.000955651008561916
1,1,0.19578471541162631,0.7975776524177249,0.006637632170648671
2,2,0.0025871779735096635,0.2547659994259957,0.7426468226004946
0,0,0.8592417576426155,0.1406499563702789,0.00010828598710549264
1,1,0.255076200506544,0.7407637935575241,0.004160005935932032
0,1,0.3454048868025282,0.6528863106341657,0.0017088025633061337
0,0,0.8434605261965078,0.15632523364355552,0.0002142401599367208
1,1,0.07424035288644773,0.8650279853160396,0.06073166179751259
1,1,0.2975269436633758,0.7002144950721689,0.0022585612644552004
1,2,0.0002856380025274178,0.13658262230253948,0.8631317396949331
0,0,0.6750821436663235,0.32456261699679406,0.0003552393368825182
1,1,0.4010702047202686,0.5972022394822979,0.001727555797433381
1,0,0.5936309215789982,0.4059065137958109,0.00046256462519091314
1,1,0.0877979942435951,0.9097662728345307,0.00243573292187424
0,1,0.3861462256910272,0.6129977788141491,0.0008559954948237459
1,0,0.5156569133965053,0.48386636316300785,0.0004767234404868754
0,1,0.15748181419959012,0.8351403191433139,0.007377866657095783
0,0,0.9690826325724923,0.03066663949273249,0.00025072793477511264
1,1,0.11838825059502162,0.8786545935404545,0.0029571558645237993
1,1,0.2040786932148033,0.7887639789534769,0.007157327831719812
1,1,0.24693886450374905,0.7518639482506382,0.0011971872456126595
0,0,0.5774600541208731,0.4220385369753326,0.0005014089037943851
0,1,0.4499987641709982,0.5483741739497098,0.00162706187929202
1,1,0.12082882810728557,0.8755922895674146,0.0035788823252998424
0,0,0.6853750623326599,0.31443789058296306,0.00018704708437703238
0,0,0.8430193279378339,0.15667638356200386,0.0003042885001622087
2,2,0.000175298967109493,0.19054669777660624,0.8092780032562842
1,1,0.3638907635762046,0.6351681010064848,0.0009411354173105085
1,1,0.3300359033235631,0.6685751631700824,0.0013889335063546344
0,0,0.8003108668198197,0.1994099399595057,0.0002791932206747059
0,0,0.6169519689965616,0.38278089744254506,0.000267133560893424
0,1,0.31055127886155554,0.6881106177793411,0.0013381033591032983
1,1,0.02930249476886016,0.9617839302979128,0.008913574933227194
0,0,0.807728653752364,0.19146286917611804,0.0008084770715178193
2,2,2.227151986981527e-05,0.03139567090110895,0.9685820575790212
1,1,0.17159776121300396,0.8270435029777321,0.0013587358092639514
0,0,0.7556850554847043,0.24400623547155217,0.00030870904374354167
1,1,0.4588799921370032,0.5405067740778898,0.0006132337851069408
1,1,0.040196395217581955,0.8546155965336891,0.10518800824872902
1,1,0.44720864465003296,0.5510212544653443,0.001770100884622749
0,1,0.3626847441557448,0.6316803021450486,0.0056349536992066195
2,2,2.3886146592200657e-05,0.12656167943409974,0.8734144344193081
0,0,0.6111998560803951,0.3886224348789044,0.00017770904070042446
2,1,0.0008213731905484839,0.5422960791519291,0.4568825476575224
1,1,0.06435326266823721,0.8892006774617911,0.046446059869971884
0,0,0.5763408627957193,0.42325927231161214,0.00039986489266857544
2,2,0.00013813247672948023,0.12239079209840668,0.8774710754248638
1,0,0.8677655198114674,0.13207577547415253,0.00015870471438014322
1,2,0.0006054613078732044,0.48439383997080315,0.5150006987213236
0,0,0.6133799146507718,0.3859554509987993,0.0006646343504289107
0,0,0.5441786283690622,0.4541792837983632,0.0016420878325745963
0,1,0.15035445941755723,0.8458671187116753,0.0037784218707673555
2,2,0.005898843430736954,0.27631895828276776,0.7177821982864953
0,0,0.9341060004299397,0.06538460282327557,0.0005093967467845764
2,2,0.0029742155512747564,0.19979796632389765,0.7972278181248276
0,0,0.7973545202028235,0.20246257839010132,0.00018290140707504304
1,1,0.2612981661691607,0.7351881858291115,0.0035136480017277957
1,1,0.4352172795109042,0.5634494969943982,0.0013332234946976482
0,1,0.08062321906678428,0.9128600831221239,0.006516697811091841
1,1,0.020352627316314063,0.9673321384745167,0.012315234209169123
1,1,0.08215859159724287,0.906258713626822,0.011582694775935235
2,2,9.367201897025211e-07,0.004286534809027056,0.9957125284707833
0,0,0.7258809260791912,0.2740245113083267,9.456261248205775e-05
1,0,0.6591646617283231,0.3403047100769259,0.00053062819475089
1,1,0.4611539633511985,0.5385930313084246,0.00025300534037677233
1,0,0.8266131281432556,0.17279792578956565,0.0005889460671786349
0,1,0.48054561049453937,0.5186927456770387,0.0007616438284217963
1,1,0.456984157129907,0.5421853137744604,0.0008305290956326072
0,0,0.6962027911630873,0.3033619157974674,0.00043529303944546795
1,1,0.10746891490579624,0.8919337883394446,0.0005972967547592662
1,1,0.2918462867679081,0.7068946204511366,0.0012590927809554271
1,2,0.00046551710148154033,0.19023632245340272,0.8092981604451157
0,0,0.6921670392115462,0.30745873592033174,0.000374224868122069
1,1,0.2020231963942946,0.795851784488504,0.002125019117201329
1,1,0.2119701304823772,0.7873438205775042,0.0006860489401185908
2,2,0.0005924157320874619,0.340038612630144,0.6593689716377685
2,2,6.302644209466119e-06,0.000471121764375348,0.9995225755914152
1,1,0.2881909236538252,0.7113118929012033,0.0004971834449714188
0,0,0.6054072791322452,0.39436809290842173,0.00022462795933302565
1,1,0.06375773858080452,0.8601172328964415,0.07612502852275407
0,0,0.5937406301122504,0.40437100524594977,0.0018883646417998663
1,1,0.43914597307986153,0.5597771565863984,0.0010768703337401288
0,1,0.24342721708658122,0.7546050372219598,0.001967745691458885
1,1,0.06446589740292832,0.9255816459486422,0.009952456648429593
1,1,0.04586178041876956,0.9505200674951443,0.00361815208608626
1,1,0.3580656949738212,0.6402837211613889,0.0016505838647900544
1,1,0.247666252892606,0.7504949809041724,0.0018387662032216224
0,0,0.5484049508332275,0.45064538957314615,0.0009496595936264158
1,0,0.5908939850044466,0.4086248682327506,0.00048114676280276627
1,1,0.12776553123080048,0.8603836359446635,0.011850832824535902
2,2,0.009760375313982056,0.41521184768906055,0.5750277769969574
1,0,0.5233749001960485,0.4738236498531875,0.0028014499507641177
1,1,0.10601864853933422,0.8923554580721632,0.0016258933885025951
0,0,0.8858379597428616,0.1141215746303731,4.046562676515113e-05
0,1,0.31972893814317677,0.6783039581737744,0.0019671036830487877
1,1,0.3834626359416538,0.6121536871131592,0.004383676945186913
1,1,0.3693303654001902,0.6298644481298223,0.0008051864699873338
0,0,0.815008743118695,0.18464982893952686,0.00034142794177797933
0,0,0.9435501109443248,0.05617374764394582,0.00027614141172928856
1,0,0.6144186441483462,0.38507471526557124,0.0005066405860826538
1,1,0.4952764305642825,0.5037770697842024,0.0009464996515150862
0,0,0.9334803203430855,0.0657377718765365,0.0007819077803780795
1,1,0.032313049702064604,0.8943046869356241,0.07338226336231138
0,0,0.8680445781621853,0.13177993645778963,0.00017548538002505083
1,1,0.09616956915920648,0.900143500176785,0.0036869306640085055
0,0,0.8227240076702558,0.17706064911807098,0.00021534321167310567
1,0,0.6151839407492076,0.3835913104311639,0.0012247488196285529
0,0,0.7292463991969863,0.27048381395826343,0.00026978684475030627
2,2,5.324764118217924e-05,0.045726078364268084,0.9542206739945497
0,0,0.6754894486927636,0.3243001568862448,0.00021039442099157857
1,1,0.08027307727350512,0.6446491665934065,0.2750777561330884
1,0,0.693346820477509,0.30638357105213937,0.00026960847035165206
1,1,0.21806568444316415,0.7804110440250541,0.0015232715317817524
0,0,0.6248366491667623,0.3738674305547869,0.0012959202784507467
0,0,0.9991294710175913,0.0008107515775503971,5.977740485830362e-05
1,0,0.5426085345331939,0.4562185462031709,0.0011729192636352557
1,1,0.4535376704909441,0.5451607223921365,0.0013016071169193722
0,1,0.2457780366770541,0.7510563355212003,0.0031656278017454693
0,1,0.2986505762532631,0.6979475787931567,0.00340184495358015
0,1,0.10877301752181504,0.8894938002613654,0.001733182216819753
1,1,0.324729647272397,0.6714125054875817,0.003857847240021257
1,1,0.3490654623832918,0.6499472355009271,0.0009873021157809937
1,1,0.32205433655202254,0.6723299276816987,0.005615735766278674
1,1,0.19537403516574534,0.8005743874148111,0.0040515774194435
0,0,0.7717516534759205,0.22777346566039167,0.00047488086368786494
0,0,0.7015831337886085,0.2982226344982074,0.00019423171318411558
0,0,0.9655942619382523,0.0342052648007954,0.000200473260952453
1,1,0.3064408834445518,0.6854114732931305,0.008147643262317747
0,0,0.8900530061926131,0.1095221417680166,0.0004248520393703745
1,1,0.05681991494083848,0.9400267694486886,0.003153315610472932
0,0,0.9818772093988797,0.01805375693578628,6.90336653339567e-05
1,1,0.07091069475067366,0.8822076607565872,0.0468816444927391
1,1,0.011442599636397195,0.9827611190004738,0.005796281363128995
0,1,0.323964047947723,0.6729715499549748,0.003064402097302291
0,0,0.8228739365551315,0.17660901535562334,0.0005170480892450842
2,2,0.002100987373563492,0.23454079169240585,0.7633582209340306
1,1,0.3710587688036458,0.6281295729895758,0.0008116582067783245
1,0,0.815455085015958,0.18434441352858075,0.00020050145546114776
1,1,0.17307399898767434,0.8224139099191471,0.004512091093178563
1,1,0.221372642344213,0.7770236516232795,0.0016037060325074777
0,0,0.6758050866127776,0.3234787661467771,0.000716147240445257
1,1,0.09166640101650775,0.8988765052747528,0.009457093708739527
0,1,0.15989153750320143,0.8381915866935874,0.001916875803211218
1,1,0.20097986332427673,0.7928376175153744,0.006182519160348916
0,0,0.7854608027944108,0.21446473099320265,7.446621238659799e-05
1,1,0.27858374195920116,0.7161897579492135,0.0052265000915854565
2,2,8.36748734524718e-06,0.05220536255298325,0.9477862699596715
2,2,1.8055671231945643e-08,1.7383304778853406e-05,0.9999825986395499
0,0,0.600780268307243,0.3988926460755852,0.0003270856171717765
1,0,0.6575332238126601,0.3415391509087652,0.0009276252785747064
1,1,0.2271346494292376,0.7680201928059294,0.0048451577648330035
1,1,0.2451333376226278,0.7537948185467053,0.00107184383066701
0,0,0.5917667613817141,0.4072930653714313,0.0009401732468545848
2,2,0.0005297201731401734,0.1747243002405574,0.8247459795863025
2,2,5.932628940408505e-09,4.643507564236946e-05,0.9999535589917287
1,1,0.46442829759922916,0.5349500571768113,0.0006216452239595937
1,1,0.10100520528193285,0.7524380032996063,0.1465567914184608
0,0,0.782152572138941,0.21770245756915302,0.0001449702919059584
1,1,0.37041718795083817,0.6266246712260443,0.002958140823117649
0,0,0.885463643809298,0.11338617260254255,0.0011501835881595338
0,0,0.8712639296873484,0.12863066307593568,0.00010540723671586292
0,0,0.6508237762895389,0.3487782456903681,0.00039797802009305716
0,0,0.7777428528893143,0.2221688492024566,8.829790822902871e-05
1,1,0.44821077996026765,0.5500160679178702,0.0017731521218621183
1,1,0.03652341825362465,0.9594750327052302,0.004001549041145162
1,0,0.8071576813215751,0.1915189131486839,0.001323405529741128
1,1,0.45223344656813785,0.54661118269245,0.0011553707394122209
0,0,0.7400709223316813,0.25963388780774077,0.0002951898605779533
0,1,0.25721821915601384,0.7374059926499692,0.005375788194016895
1,0,0.5286707713944296,0.4709168808437551,0.000412347761815147
2,2,1.2527942109919663e-06,0.016956360045409766,0.9830423871603792
1,1,0.18417711171810006,0.8140517169644033,0.0017711713174968467
1,1,0.3949186414304256,0.6041255721355776,0.0009557864339968062
0,0,0.7192192367934038,0.28065699433260416,0.00012376887399204677
2,2,0.004985594921968092,0.23687776756998566,0.7581366375080463
0,0,0.8110561262655593,0.1886587987251578,0.00028507500928307954
0,0,0.5876848633127697,0.41172586441099507,0.0005892722762351366
0,1,0.2926169162271625,0.7052334442832727,0.0021496394895646875
0,0,0.9260565462083796,0.07359767487173499,0.00034577891988547024
1,1,0.32319795332461243,0.6700207298188506,0.006781316856536826
2,2,1.1973284296154549e-05,0.09134212186274836,0.9086459048529554
1,1,0.23879463669831713,0.7594845503770102,0.001720812924672585
1,1,0.46118355630132873,0.5364349576693415,0.002381486029329776
1,0,0.6777128146661342,0.3212650542260152,0.0010221311078505535
0,1,0.4953374132582133,0.5039776743076774,0.0006849124341093202
1,1,0.12689937432266918,0.8716266165975842,0.0014740090797466065
0,0,0.7348180905709651,0.2649148197661424,0.0002670896628926204
0,0,0.8145744996928268,0.18513548600847743,0.00029001429869570224
0,0,0.9531602011041312,0.04657677776317204,0.0002630211326966388
0,0,0.9236256450036835,0.07632245526100231,5.189973531403984e-05
0,1,0.23032274230690594,0.7655318665984834,0.004145391094610621
0,0,0.5427301775255213,0.45695627492035357,0.00031354755412501097
2,2,0.0044748268159020815,0.2632477808975854,0.7322773922865125
1,1,0.10926717182739015,0.888982359072113,0.0017504691004968083
1,1,0.2121096985808442,0.7855697571552847,0.0023205442638710547
0,0,0.7966419204115645,0.2033107177430769,4.736184535849049e-05
1,1,0.4731448875763089,0.5266579235428906,0.0001971888808003732
1,1,0.3884796320095736,0.6094863318018864,0.0020340361885400346
0,0,0.6869832255698621,0.3124184356039969,0.0005983388261410384
0,0,0.6605968902715343,0.33925345914498867,0.00014965058347683974
1,1,0.08892406477929683,0.9074922056091725,0.0035837296115306654
1,1,0.10033438920190035,0.893731920914126,0.0059336898839736285
1,1,0.2032068884709958,0.7921398900554754,0.004653221473528838
0,0,0.869616987881292,0.13018911114784235,0.000193900970865458
1,1,0.35285145501964893,0.6440420526100529,0.0031064923702980645
0,0,0.6593515114845937,0.34034324470697475,0.0003052438084315801
0,0,0.631658705801563,0.368121797185314,0.00021949701312298133
0,1,0.47100604668909596,0.5279417021970668,0.0010522511138372824
0,0,0.8999589710541703,0.09970972215411497,0.00033130679171473605
0,1,0.1475642984183579,0.8486920750085704,0.003743626573071679
2,2,7.751999764130663e-06,0.03735355044173302,0.9626386975585028
1,0,0.6226329905141808,0.37683933158273325,0.0005276779030859685
0,0,0.8305478088513321,0.16893037362657062,0.0005218175220974019
0,0,0.9248092931591139,0.07498926837125787,0.00020143846962814482
1,1,0.2592404503353022,0.739597148180203,0.001162401484494879
0,1,0.09876792797131957,0.8982373871438675,0.002994684884813002
1,1,0.39924518321269936,0.5965539216049277,0.0042008951823728794
0,1,0.24999262116017193,0.7461478943102998,0.0038594845295281963
2,1,0.0017574276377089878,0.6340652030633042,0.36417736929898675
1,0,0.5553873085865271,0.4443929361748066,0.00021975523866631672
1,1,0.4284220754188095,0.5711804171836357,0.0003975073975548466
1,1,0.2699044996022755,0.7226482045769062,0.007447295820818198
1,1,0.25802062204178855,0.7401384203024897,0.0018409576557219082
1,1,0.12117646917631546,0.8764979151393423,0.0023256156843421867
0,0,0.9540163955938136,0.04563753554528371,0.00034606886090280867
0,0,0.8222786894177836,0.17758157020357793,0.0001397403786384816
0,0,0.5673430638093138,0.43227116906100943,0.0003857671296768115
1,1,0.1753440432633867,0.7987612871992196,0.025894669537393715
1,1,0.3790059549158555,0.6197060993202806,0.0012879457638639662
0,0,0.7979435760327453,0.20198603134982257,7.039261743197078e-05
0,0,0.9291886629040592,0.07069066270208005,0.0001206743938608774
1,1,0.13529728752193657,0.8547569489004434,0.00994576357762006
1,1,0.0853918464355806,0.9118932593853569,0.0027148941790624487
1,0,0.5308001324593089,0.46785057427228727,0.001349293268403768
1,1,0.1148078459489524,0.8622106790651349,0.0229814749859127
1,1,0.10197801416817573,0.8956340371234721,0.0023879487083521074
2,2,4.835311054287111e-07,0.005635054948941924,0.9943644615199526
0,0,0.8891563816893345,0.11067630666290826,0.0001673116477572879
0,0,0.9167846953036275,0.08302647184796942,0.00018883284840311872
0,1,0.30853943715171084,0.6895301729319494,0.0019303899163398332
1,1,0.061161741386600944,0.8722102141593057,0.06662804445409337
1,1,0.23408344440022,0.751117563365541,0.014798992234238952
0,0,0.7719382472307982,0.22786335481940465,0.00019839794979721744
1,1,0.21735338665178855,0.7802138115874162,0.0024328017607951947
0,0,0.6736521231586934,0.32621199606310375,0.00013588077820277106
2,2,0.0010193742256969548,0.1910554099993597,0.8079252157749435
0,1,0.3355585990248544,0.6624378920647387,0.002003508910406834
2,1,0.026112831081524394,0.8495937370470582,0.1242934318714173
1,1,0.03851352163816683,0.9501123563735895,0.011374121988243698
1,1,0.11923050370080139,0.8794626088972981,0.001306887401900539
1,0,0.5910639369245192,0.40689025092843023,0.002045812147050593
2,2,0.0002410240473094553,0.0769671058095012,0.9227918701431893
1,1,0.26902092531807736,0.7300666101849775,0.0009124644969449617
1,1,0.01681860423501752,0.9750733298720771,0.008108065892905417
0,0,0.6698540778227295,0.3297911156505171,0.0003548065267533051
1,0,0.5170037471202443,0.48255517857082036,0.0004410743089352506
1,1,0.05816260197804012,0.9304009547332556,0.011436443288704317
0,0,0.7791102377619646,0.220106096505273,0.0007836657327625112
1,0,0.7151483198228753,0.2847195404913908,0.00013213968573385772
1,1,0.029628331128521115,0.9641196053888496,0.006252063482629305
0,0,0.9991020986835654,0.0008250689570274679,7.283235940725531e-05
1,1,0.2535284394939051,0.7434784784653422,0.0029930820407527248
1,1,0.28415062560691196,0.7144785492807437,0.0013708251123443602
0,0,0.9451262394857561,0.05434519985353938,0.0005285606607045725
2,2,0.0007252307367236899,0.1481532474235842,0.8511215218396921
1,1,0.02521849910060528,0.9667687543290736,0.008012746570321054
1,1,0.15491167243083154,0.8417006164657101,0.0033877111034582626
1,0,0.4997662058861194,0.49862092212994646,0.0016128719839340157
1,1,0.18678392733884677,0.8102255293936087,0.0029905432675444935
0,1,0.46199820120227875,0.5366082472574817,0.001393551540239514
2,2,0.00037820289173782796,0.19481561339070738,0.8048061837175549
2,2,0.0007033325560312228,0.1464668057507297,0.852829861693239
1,1,0.42087157190224483,0.5768985827795701,0.002229845318185032
1,0,0.6423390976702648,0.35730388436511096,0.0003570179646242527
1,0,0.5299281979499542,0.4697127057881219,0.000359096261923907
1,1,0.27372100896800183,0.7253703550193267,0.0009086360126715736
1,0,0.5333423179110633,0.4661204599143042,0.0005372221746326022
1,1,0.11818533249385271,0.8805909318258865,0.0012237356802606728
2,2,0.0015569193238768552,0.13905586431819575,0.8593872163579273
0,0,0.5578068204077021,0.4417436859600147,0.00044949363228327297
0,0,0.8151345760278911,0.18476574462673834,9.967934537052385e-05
1,1,0.05985133491457092,0.8772003492598195,0.06294831582560977
0,1,0.14060769856499317,0.8582607863652363,0.0011315150697705674
1,1,0.03486177588920525,0.8761695044859462,0.08896871962484854
1,1,0.11830972713098994,0.8768433776839034,0.004846895185106519
0,0,0.6154023923632816,0.3834526364553291,0.0011449711813892995
1,1,0.1174342010007686,0.8714829229406218,0.011082876058609676
1,1,0.15815976534769396,0.8392464892485005,0.0025937454038054888
1,0,0.854874240143752,0.1449427050913815,0.00018305476486647532
1,1,0.10813684630929746,0.8882485761352616,0.0036145775554409427
1,1,0.4311496493225945,0.5679723472566545,0.0008780034207511498
0,1,0.4724645265503831,0.5270333965145708,0.0005020769350460698
1,1,0.1926782885315091,0.7952020879128407,0.012119623555649993
0,1,0.22668057781420298,0.7717236991377455,0.0015957230480514333
1,1,0.3229378179817002,0.6754281050006754,0.0016340770176243786
1,1,0.20516566774173564,0.7903348508143454,0.004499481443918932
1,0,0.5338788984964153,0.4647892293364169,0.0013318721671678076
0,0,0.8153973430708953,0.18451434239783848,8.831453126632875e-05
1,0,0.9059060877859244,0.09397530293005067,0.00011860928402488835
1,1,0.37166470861081047,0.6269533636028125,0.0013819277863769798
1,1,0.13518772701059503,0.8633487859776138,0.0014634870117910077
1,0,0.896429105935939,0.10229036014471185,0.001280533919349152
1,1,0.08959674869846113,0.908190395428253,0.0022128558732859628
0,0,0.8863882285466373,0.11324156253914776,0.0003702089142149576
2,2,8.210715427451437e-06,0.0250856211503121,0.9749061681342605
1,1,0.2014200965221153,0.7960379736825932,0.002541929795291337
0,1,0.20456692937264373,0.7941662503939222,0.0012668202334340894
2,2,9.302672508160988e-06,0.03788633775403144,0.9621043595734603
0,1,0.07384744545505101,0.9241522263254116,0.0020003282195374243
2,2,0.0041088480070492865,0.26666777610125575,0.7292233758916951
1,1,0.2926332737929136,0.7040247201139709,0.0033420060931155762
1,0,0.9257696834915394,0.07412216096836476,0.00010815554009577493
0,1,0.3602870898836739,0.6386641942863477,0.00104871582997837
1,1,0.133783214789071,0.8649036415577428,0.0013131436531862845
1,0,0.7090930578469886,0.29027842337804965,0.0006285187749617697
1,1,0.2273691212182414,0.7711251891131858,0.0015056896685726943
0,0,0.6631437424203402,0.3344678157935933,0.0023884417860664258
0,0,0.5338642303824926,0.46572035045888716,0.00041541915862013
0,0,0.6100951733904266,0.38926862317364075,0.0006362034359326485
0,1,0.40818044346272664,0.5908036009136548,0.0010159556236185494
1,1,0.0019035780291631733,0.6123639448371307,0.3857324771337061
0,1,0.4649074692361227,0.5345328443774725,0.0005596863864047945
2,2,0.00013426629913433483,0.2330188282996935,0.7668469054011722
2,2,1.9801132527616772e-05,0.13890766065218377,0.8610725382152886
0,0,0.8027449648805518,0.197043231666662,0.00021180345278617947
0,0,0.9630430218810185,0.0366907962306995,0.0002661818882819072
0,1,0.3636457090017548,0.6337252421457975,0.002629048852447782
0,1,0.4630796075049642,0.5364671390398732,0.00045325345516249567
0,1,0.39668249277450324,0.601215974845043,0.0021015323804538955
0,0,0.5999052342121912,0.3997952596786299,0.00029950610917891385
1,1,0.456387230980396,0.5423595260013447,0.0012532430182590705
1,1,0.03460531178582349,0.9456208161272094,0.019773872086967067
1,1,0.468135179610747,0.5302582389414086,0.0016065814478444624
1,1,0.08894871263598723,0.9080445683566544,0.003006719007358604
2,2,0.00013995949570200838,0.11555715698028535,0.8843028835240127
1,1,0.09161804476902626,0.9061249885609463,0.002256966670027617
0,1,0.23232009036146695,0.7637086381866572,0.003971271451875854
0,0,0.9255454342417369,0.07430300875394719,0.00015155700431578465
2,2,2.2568264622044785e-05,0.18087274838691014,0.8191046833484678
1,1,0.0909111277172242,0.9070938890227586,0.00199498326001725
1,1,0.10986362740041536,0.8864055576374009,0.0037308149621836395
1,0,0.5781076238376607,0.4192406354290021,0.0026517407333372547
1,1,0.17638472465167154,0.8214354242702467,0.0021798510780817655
1,1,0.1650589252353237,0.8324197861665321,0.002521288598144024
1,1,0.44278929652487115,0.5560857876097692,0.0011249158653597136
1,1,0.190768827533789,0.8082770984576304,0.0009540740085804894
2,1,0.0006398713496449174,0.5133342223136015,0.4860259063367535
1,1,0.3518151498305457,0.6464283313177612,0.0017565188516929986
1,0,0.77087540069592,0.22896570602045538,0.00015889328362475607
0,1,0.08345652202272738,0.913331132462235,0.0032123455150376737
1,1,0.03773946269304135,0.955105298249578,0.007155239057380703
0,0,0.9678065717694428,0.0319734129951048,0.00022001523545236794
0,1,0.34029119155378995,0.6555661774778562,0.004142630968353858
0,0,0.7653066246231426,0.2342196269349605,0.00047374844189702875
1,1,0.3250404206315018,0.6736333531396776,0.0013262262288205435
1,1,0.3807662564615278,0.6110650778444372,0.008168665694035106
1,1,0.38310977422041814,0.6148444125890834,0.002045813190498485
1,1,0.060729675957303414,0.9309546544274346,0.008315669615261973
0,1,0.05807054458484913,0.9388163435363316,0.0031131118788193346
0,1,0.42686437376309583,0.5727003212273644,0.000435305009539844
0,0,0.6772491214319565,0.3213093924461828,0.0014414861218605827
0,0,0.8486783584463171,0.15126422188176442,5.741967191835475e-05
0,0,0.9294008039693759,0.07046650893156112,0.00013268709906302798
0,0,0.5988027128775696,0.40039058190106896,0.0008067052213613921
0,0,0.5256941956703954,0.47307574413960013,0.0012300601900044126
0,1,0.354832407675929,0.6436034784760603,0.001564113848010811
0,0,0.9797353743576283,0.02009617112958394,0.0001684545127878288
0,1,0.4118444256379908,0.5877610063517714,0.00039456801023794323
1,0,0.7519400754573012,0.24744244924104516,0.0006174753016535905
0,0,0.9561527825079973,0.043553071172948675,0.0002941463190540439
1,1,0.33513603975634143,0.6636473729991905,0.001216587244468101
2,2,0.01034415559704174,0.3479266423951901,0.6417292020077681
1,1,0.01638113408595578,0.9736740602111308,0.009944805702913461
0,1,0.32594866925492033,0.6646274540855834,0.009423876659496302
1,1,0.0610844804485633,0.9362929497444685,0.002622569806968205
0,1,0.04577955646199113,0.9440432089684797,0.010177234569529226
1,1,0.062418922138166646,0.9330538641575725,0.004527213704260838
1,0,0.5983870035930141,0.40124231105213476,0.00037068535485120603
1,0,0.6293412024127277,0.36890799002270475,0.001750807564567409
1,1,0.08441632135308802,0.9120036102030349,0.0035800684438770537
1,1,0.058058882998461514,0.939522080665153,0.0024190363363854853
0,0,0.6708210225735017,0.3270038737516484,0.0021751036748499323
1,1,0.06830396760870801,0.9225996870673084,0.00909634532398368
0,0,0.7761040360610928,0.22343904702536904,0.000456916913538096
1,1,0.24656880854946464,0.7509529266134758,0.0024782648370595076
2,2,0.003224423523527884,0.28964560003423073,0.7071299764422413
1,0,0.5172933260487039,0.4821901092007576,0.0005165647505384158
0,0,0.5324264551069847,0.4672517410116881,0.0003218038813271717
1,1,0.2513588482953,0.737776711428098,0.010864440276602074
0,0,0.6645462150887729,0.3344879860641479,0.0009657988470793416
0,0,0.7999760117757462,0.19987010890749937,0.00015387931675433817
1,1,0.19818285004498035,0.7964312412882882,0.005385908666731495
0,0,0.5335376639650511,0.4648723740472574,0.0015899619876915455
0,1,0.15142673089450673,0.8379885215022898,0.01058474760320358
1,1,0.1942152687295494,0.7989835061807427,0.006801225089707947
0,0,0.9158140792326125,0.08402506264025722,0.00016085812713028064
0,1,0.39191830270856515,0.6068859845539792,0.0011957127374555487
1,1,0.09860916839869353,0.8937783278163484,0.007612503784957945
0,0,0.550549147940465,0.4485916859394978,0.000859166120037322
0,0,0.8399037910064202,0.16004230584324913,5.390315033070051e-05
2,2,2.5846786792345907e-08,4.370839421556057e-05,0.9999562657589978
0,0,0.7184688274076674,0.28104030934489316,0.0004908632474393633
1,1,0.015765929466534892,0.9804861696789832,0.003747900854482064
0,0,0.9043384451031664,0.09548503823629564,0.0001765166605377917
1,1,0.06392632434334063,0.9339565921796982,0.0021170834769610623
1,1,0.08871695967345333,0.909286703697024,0.0019963366295228575
0,0,0.6810264903379492,0.31698711984628003,0.0019863898157707572
1,0,0.5118272068435418,0.4877903383182505,0.0003824548382077639
0,0,0.5878803116040652,0.41163057642584705,0.0004891119700877828
1,1,0.32113302250786097,0.6771341656455218,0.0017328118466171701
0,0,0.8725244813539882,0.12735103514127555,0.00012448350473619313
1,1,0.14839684271894954,0.8506420078191517,0.0009611494618988032
1,1,0.11464580541879205,0.883953510380246,0.0014006842009617394
1,1,0.2209637905442947,0.7778966217156549,0.0011395877400505042
1,1,0.19679143254885398,0.8016433988132196,0.0015651686379264495
0,1,0.2352689445328765,0.7608838628177399,0.00384719264938349
1,1,0.3777143534391849,0.6175512483123677,0.004734398248447425
1,2,0.00017191445489002835,0.405411882380313,0.594416203164797
0,0,0.6192015185810241,0.3804775750133831,0.0003209064055927745
1,1,0.0654528181464601,0.9323802249575532,0.002166956895986644
0,0,0.6361772056685588,0.3611346176296434,0.002688176701797794
1,0,0.7633933736242533,0.2362949481093305,0.000311678266416153
0,0,0.7184638011782483,0.2810787993913475,0.00045739943040431813
0,0,0.642014671755084,0.35771879715465243,0.0002665310902636495
1,1,0.04473033271844694,0.9523600119169917,0.002909655364561358
0,0,0.5593978068459007,0.4400246929155678,0.0005775002385315678
1,1,0.20612207077244873,0.7927468338994714,0.001131095328079853
1,0,0.7773699259018406,0.22170838615242797,0.0009216879457313038
1,1,0.46367833611533754,0.5358598455344048,0.0004618183502577169
0,0,0.7385797299515205,0.2612138953343871,0.00020637471409222768
1,1,0.26580381044118667,0.7322902807996643,0.001905908759149075
0,0,0.8152583738532645,0.18461254320699527,0.00012908293974011047
1,1,0.017922158672334914,0.8132600882186408,0.1688177531090243
1,1,0.09117006410792969,0.9058477994295392,0.002982136462531324
0,0,0.6774442654369907,0.32245683080274024,9.89037602690988e-05
0,0,0.7099027741336221,0.29000872151695156,8.850434942632803e-05
1,1,0.46151660047919546,0.5371168651221341,0.0013665343986704879
1,1,0.12402341869817855,0.8735198725247364,0.0024567087770849803
1,1,0.3181690372271672,0.680745936471616,0.0010850263012167013
1,1,0.232406606952575,0.7653780128727815,0.0022153801746434792
1,1,0.25521264038447317,0.7412655520108138,0.00352180760471311
0,0,0.7565692260523472,0.24326236343146612,0.00016841051618658463
1,1,0.17731669845564788,0.8178978149786417,0.004785486565710506
1,1,0.19542905135152802,0.801692078560019,0.002878870088453093
0,2,0.016769920058617185,0.47207614788026003,0.5111539320611228
0,0,0.8285519702695192,0.17135762063708868,9.040909339216208e-05
0,0,0.7878746950995411,0.21193970037462176,0.0001856045258371124
1,1,0.02244187003985708,0.8550588682438045,0.12249926171633818
1,1,0.2838806496841893,0.7143057618429652,0.0018135884728455725
1,1,0.37020742894203845,0.6292219984166946,0.0005705726412669517
0,0,0.5386119564588523,0.4603618853287729,0.0010261582123748257
1,1,0.010600209251832818,0.9853125003817552,0.004087290366411895
1,1,0.03346780179699198,0.9087048183078557,0.05782737989515239
0,0,0.7851367053779311,0.21476271127749005,0.00010058334457901044
2,1,0.05966887951424161,0.8706858737251496,0.06964524676060868
0,0,0.6436440357409982,0.35608843591200223,0.0002675283469994953
1,1,0.4493332616823436,0.5497562897810464,0.0009104485366099567
0,0,0.7808332858120555,0.21889772624163922,0.00026898794630524683
1,0,0.7132879977705626,0.2863011204463266,0.00041088178311069184
0,0,0.6265339655703985,0.37322480481131753,0.00024122961828395748
1,1,0.32417802550086594,0.6738081134025794,0.0020138610965547204
1,1,0.12153900388012794,0.8680931238852871,0.010367872234584886
0,1,0.3425581858449942,0.6556148356328355,0.001826978522170201
1,1,0.28410049477238497,0.7144189087725065,0.0014805964551085238
2,2,0.00010325750362636464,0.27030634153453037,0.7295904009618431
1,1,0.18374917039831193,0.8153100821046244,0.0009407474970637453
1,1,0.048246302877402995,0.947097599579336,0.004656097543260848
1,0,0.7450645321266989,0.25443145089012775,0.00050401698317323
1,0,0.508885760494274,0.49038989383756926,0.000724345668156683
0,0,0.6522902364481888,0.3474440651744461,0.00026569837736511396
1,0,0.696708558570777,0.30288287126822666,0.00040857016099643567
1,0,0.9459650768428423,0.05318412105612212,0.000850802101035606
1,1,0.21675842272471796,0.7818498668873933,0.0013917103878885717
0,0,0.8869590516663999,0.1129725238580114,6.842447558879497e-05
1,1,0.054836309007451726,0.9394174432918101,0.005746247700738005
0,0,0.5192861811492827,0.479267673683565,0.0014461451671522432
2,2,9.183012015214444e-05,0.08452541574134352,0.9153827541385043
1,1,0.017821035653602674,0.97567735786181,0.006501606484587372
0,0,0.9051771012193411,0.09474116541213258,8.173336852615398e-05
0,0,0.7119103722951875,0.2877822015973197,0.00030742610749271977
0,0,0.979878054086612,0.02001712300347734,0.0001048229099107928
1,1,0.3491096407163272,0.6482218506746301,0.002668508609042508
1,0,0.7168819897803509,0.28217226738167567,0.0009457428379733786
0,0,0.5820351312306541,0.41596359764322555,0.0020012711261202095
1,1,0.2290772300199967,0.7674580051997604,0.003464764780242977
1,1,0.2671014636454132,0.7323124329337257,0.0005861034208610315
0,0,0.681280362538235,0.31771463445563547,0.0010050030061296328
1,1,0.04284362285743323,0.9318178923322631,0.025338484810303544
0,1,0.4677118175538446,0.5300979011970818,0.002190281249073578
2,2,3.5136973720123948e-06,0.00037319318473398496,0.9996232931178941
0,0,0.5646335000678546,0.4351629024147445,0.00020359751740090713
0,1,0.19417771864595382,0.803692325972573,0.0021299553814732365
1,1,0.10248015071602995,0.6430820656125091,0.25443778367146086
1,2,0.00021480776814439034,0.29863195655357294,0.7011532356782827
0,0,0.8209769131537082,0.17868862798560337,0.00033445886068840286
1,1,0.0851372050150668,0.9130572989320631,0.0018054960528701466
0,1,0.4945808939910777,0.5049274667831584,0.0004916392257639843
0,0,0.6711784169263106,0.32695584736567274,0.0018657357080166018
0,0,0.5622947180444171,0.4373053184271326,0.0003999635284503782
1,1,0.017006378905789495,0.9779605633920931,0.005033057702117365
1,1,0.18720289754848934,0.809788093717567,0.0030090087339435818
1,1,0.1336664359028808,0.8634669312553994,0.002866632841719772
0,1,0.18483312218751902,0.8133867110914744,0.001780166721006536
0,1,0.20943437279308638,0.7861930005833566,0.004372626623556941
1,1,0.16426063298458296,0.8308201267059057,0.004919240309511408
1,1,0.2689606930766235,0.7294990373050663,0.0015402696183103523
0,0,0.69655738194001,0.30068397097154453,0.002758647088445428
0,0,0.9296501267609504,0.07023354004615232,0.00011633319289711384
0,0,0.5840807335610027,0.4152335340987458,0.0006857323402515998
0,0,0.8327515003227347,0.16688960328277633,0.0003588963944890634
0,0,0.8680884783216203,0.1316675000331135,0.00024402164526610837
1,1,0.18946490980038716,0.8037876802546883,0.0067474099449245034
1,0,0.7008932536661996,0.29635979017489256,0.002746956158907912
1,1,0.3604478552099159,0.6384130102235409,0.001139134566543199
0,0,0.6942525665484182,0.30548642432664774,0.0002610091249340686
1,1,0.029303824672691374,0.9648275743330016,0.005868600994307027
1,1,0.08327826419908912,0.8599463113100727,0.05677542449083816
0,1,0.43065867578786915,0.56633436961267,0.0030069545994608126
1,1,0.059276106314996704,0.8986120405933047,0.042111853091698626
0,1,0.45819727417979794,0.5412668439150906,0.0005358819051114964
1,1,0.07135079060414488,0.8994737659747676,0.0291754434210875
1,0,0.9467275431144754,0.05266435975908155,0.0006080971264431086
1,1,0.07774351092688378,0.8784891154305597,0.04376737364255659
1,0,0.7867258016735096,0.21308496961639675,0.00018922871009361707
1,0,0.5494519574576605,0.4499113233871991,0.000636719155140276
2,2,2.3294478251929962e-07,0.018227927795141735,0.9817718392600758
0,1,0.3532302025024623,0.6430132180567382,0.0037565794407994615
2,1,0.0751733154446269,0.8539870426167036,0.07083964193866962
1,1,0.27681934565590743,0.7211327649472442,0.0020478893968483166
1,0,0.6250849087263556,0.37460047778076266,0.00031461349288172067
1,1,0.08839024387440791,0.897324807281305,0.014284948844287037
2,2,2.5376884841975065e-07,0.0011806452337599586,0.9988191009973917
0,1,0.1122853209465016,0.8802885737585152,0.007426105294983207
2,2,0.00027782821364563345,0.32046906281584364,0.6792531089705107
0,0,0.6679570446757946,0.3309806801898842,0.0010622751343212812
0,0,0.985852148079713,0.014004356527650579,0.0001434953926364085
0,0,0.6685699698755027,0.330782172040107,0.0006478580843903137
0,0,0.8863621415017228,0.11357643310246457,6.142539581264971e-05
0,0,0.6358837537530068,0.3635005195352602,0.0006157267117330715
1,0,0.513357424532524,0.4861469113909034,0.0004956640765726426
0,0,0.8858837258192028,0.11407748174608404,3.879243471313367e-05
1,0,0.8130685789609888,0.1863967266446537,0.0005346943943575161
1,1,0.3122655202952194,0.6861622880789138,0.0015721916258667706
1,0,0.5270370478331116,0.47250691056976374,0.0004560415971245881
2,2,1.2526166002884658e-05,0.0813231209389539,0.9186643528950432
0,0,0.7597333183750986,0.24007366539338815,0.00019301623151326663
2,2,2.8681882208343948e-06,0.030359564400652843,0.9696375674111264
2,2,0.00010687323062174207,0.16036905297898646,0.8395240737903918
1,1,0.10696763025702366,0.8878757780781381,0.005156591664838165
1,1,0.23033174259632272,0.7668328471261148,0.0028354102775624518
1,1,0.053193519644165015,0.9413896582978203,0.005416822058014789
0,0,0.51222474489155,0.4850222431146427,0.002753011993807255
1,2,0.0015304972230729302,0.25438370617111805,0.744085796605809
1,1,0.38037504639605235,0.617607558296035,0.0020173953079126138
1,1,0.2387456460114581,0.7595456547947337,0.0017086991938080984
1,1,0.02548200529128937,0.9608277016865474,0.013690293022163211
1,1,0.1732618686054804,0.824325627902602,0.0024125034919175495
1,1,0.04514403931842635,0.9480166937471493,0.006839266934424266
1,1,0.16886214313560396,0.8292526868866529,0.001885169977743081
0,0,0.7321164685146845,0.26737668902673156,0.0005068424585840414
1,0,0.6631559589040005,0.3366487424129212,0.0001952986830784644
1,1,0.14124118510901343,0.5458911185495443,0.31286769634144235
0,0,0.6659550729659338,0.33388701948612454,0.00015790754794153992
0,0,0.8021190094022463,0.19707614528355738,0.0008048453141963869
0,0,0.6091008841294017,0.3889848881372258,0.0019142277333726216
1,1,0.26119671345878304,0.7358307680307203,0.0029725185104967334
0,0,0.6208961082501965,0.37829481812780685,0.00080907362199674
1,1,0.18601051163886045,0.8084911158694092,0.00549837249173038
0,1,0.27014407900989346,0.7288180305145427,0.0010378904755638085
1,1,0.023689526962664218,0.8461319327158919,0.1301785403214439
0,0,0.9930528614547934,0.006935786765208337,1.1351779998139506e-05
1,1,0.41475910293731566,0.5844512651069155,0.0007896319557687601
0,1,0.13893543502052927,0.8581508077690028,0.002913757210467963
1,1,0.25522982449022524,0.7424611685113707,0.0023090069984041317
1,1,0.022480076325221185,0.9629601275067566,0.014559796168022226
1,1,0.05046858957883528,0.6001610831638053,0.3493703272573594
1,1,0.29515696309133593,0.7040409423954903,0.0008020945131736412
0,0,0.8828682558260177,0.11700033761327336,0.0001314065607089333
0,1,0.3903479084106241,0.6052392660048285,0.004412825584547571
0,0,0.803420647910597,0.19602632503593537,0.000553027053467516
1,1,0.13399089209361106,0.8618851810360806,0.004123926870308367
2,1,0.018773308773363036,0.8394525238514197,0.14177416737521717
2,2,0.0013079098887022024,0.18569982838304486,0.8129922617282529
0,0,0.9997949660879567,0.00018624030573347332,1.8793606309760883e-05
1,1,0.024555827428990446,0.9607961557317549,0.014648016839254607
1,1,0.06960235493482948,0.9286477081238131,0.0017499369413572381
0,0,0.6134426681227116,0.38608459451681315,0.00047273736047500394
0,0,0.667324146176126,0.33237078913403517,0.00030506468983875233
1,0,0.5235068215672934,0.475788916636671,0.0007042617960354546
0,1,0.4941268661394598,0.504831014104981,0.0010421197555592777
0,1,0.1674137743435334,0.8290850296718372,0.003501195984629537
0,0,0.6125630373193378,0.38724290362870867,0.0001940590519535888
0,1,0.30623356679841934,0.6878707284234958,0.0058957047780847345
0,0,0.6637143171213357,0.33520942565776546,0.0010762572208988781
1,0,0.5162957436921731,0.48343884127749,0.0002654150303368472
0,0,0.6623108497972019,0.33749385046387054,0.00019529973892764977
1,1,0.07297914053489628,0.8658948370022225,0.06112602246288137
1,1,0.11276268189503333,0.8855819048962212,0.0016554132087452857
1,1,0.28285113968268916,0.7150961205639739,0.002052739753336873
0,0,0.8162985495630398,0.18362550358411284,7.594685284744931e-05
1,0,0.5585982336451012,0.4400605269846433,0.0013412393702554874
1,1,0.04110218656066734,0.917269468057293,0.04162834538203954
0,0,0.8455933433496318,0.15305965855412001,0.00134699809624814
1,1,0.052315148020977476,0.9448474470900063,0.002837404889016157
1,1,0.05074088176726681,0.9465793486860236,0.0026797695467097554
1,0,0.8427091617754483,0.1570721441731813,0.00021869405137048698
1,1,0.09716319567738213,0.9010134137931184,0.0018233905294994205
0,0,0.9332468224811932,0.06667482134259413,7.835617621280805e-05
1,0,0.8535474234172415,0.14629621598216694,0.00015636060059147106
0,1,0.44161421383504607,0.5578575460192057,0.0005282401457482632
0,0,0.7987013409836479,0.1991673195728138,0.0021313394435382806
0,0,0.8582776330731293,0.14163855458029484,8.38123465759979e-05
0,1,0.4329542290683949,0.565546483366942,0.0014992875646629954
1,1,0.3697059803371998,0.6254978616187193,0.004796158044080768
1,2,0.01031651709900643,0.4184893847739574,0.5711940981270363
1,1,0.04035475739040546,0.8475579487755103,0.1120872938340844
0,1,0.3972205086506856,0.6010712563956858,0.001708234953628554
0,0,0.6002153762960956,0.3981954898080443,0.001589133895860197
0,1,0.33488849917385854,0.6623923011959133,0.0027191996302281763
1,1,0.2971004712671363,0.6985111840302123,0.00438834470265147
1,1,0.09298113391258249,0.854733547293898,0.05228531879351944
1,1,0.08863876898586114,0.8554796822492813,0.05588154876485768
1,1,0.4966794878718796,0.5023219865909259,0.0009985255371944795
1,1,0.06503811986773846,0.932578371208782,0.002383508923479579
1,1,0.24952297126847978,0.7477567395450976,0.0027202891864226745
1,1,0.4559597851653609,0.5426129234447866,0.0014272913898524596
1,1,0.18190980009127936,0.8160263463067956,0.0020638536019249643
1,1,0.4217084439782056,0.5776984796727914,0.0005930763490030325
0,0,0.8100689248531084,0.18944110459244992,0.0004899705544416234
2,2,0.007638040857312424,0.38145968025300253,0.610902278889685
1,0,0.693813468500802,0.3058550576971053,0.0003314738020926671
0,0,0.8919282511210834,0.10708352546631365,0.0009882234126029686
1,1,0.11935247907924515,0.8784473736042261,0.0022001473165289133
1,1,0.3774399845890135,0.6206779735191371,0.0018820418918493998
0,0,0.9046564884727268,0.0950251283450754,0.0003183831821977835
2,2,0.0026649128961473163,0.22802934962943458,0.7693057374744181
1,1,0.149122826026213,0.848498340941054,0.0023788330327329677
1,0,0.5984205197792699,0.4011526482783398,0.0004268319423902668
0,0,0.999174373616037,0.0007253151627467773,0.00010031122121623563
0,0,0.7455379331458718,0.25406518065037087,0.0003968862037573983
1,1,0.3347855247145871,0.6628264168987806,0.002388058386632222
0,0,0.5364177101652919,0.462912779375273,0.0006695104594351086
2,2,0.012846827569075686,0.22983275725175506,0.7573204151791693
1,1,0.06909905098938082,0.9198094863383839,0.011091462672235345
0,0,0.6888832885034392,0.311060427582159,5.628391440175842e-05
2,2,0.00017207402052885193,0.08085877573097752,0.9189691502484936
1,0,0.5305613657690543,0.46757322111838157,0.0018654131125641115
1,1,0.03892613497355525,0.9544837193092964,0.0065901457171483845
1,1,0.13253782969986702,0.8660692157364838,0.0013929545636491637
1,1,0.04019576434154155,0.9559159823901526,0.00388825326830577
0,0,0.651192829840619,0.3486656997538384,0.00014147040554258046
1,1,0.42827252187695963,0.5684536428773462,0.0032738352456941596
0,1,0.11856980749308471,0.8748851748731713,0.00654501763374417
0,1,0.3841052293370149,0.6145254647679644,0.0013693058950205875
0,0,0.6371520537373451,0.36249402750675275,0.0003539187559022212
0,0,0.7648309728501614,0.23463434316541817,0.0005346839844203356
0,1,0.31818702004603633,0.6754029859904503,0.006409993963513413
1,1,0.09797400282837367,0.895615149223997,0.006410847947629479
0,0,0.8632644069202405,0.1362810127813329,0.0004545802984264316
1,1,0.35657530054842546,0.6420856655961645,0.0013390338554101437
0,1,0.035879597611002734,0.8607132431388155,0.10340715925018185
1,1,0.28698956160622563,0.7102160687817684,0.0027943696120060215
0,0,0.6458864080144502,0.35284419216904106,0.0012693998165088753
0,0,0.6036984514568722,0.39413467885888365,0.002166869684244177
1,1,0.1485615682128064,0.8416003029717566,0.009838128815436938
2,2,0.0003821870546973052,0.19604154832892812,0.8035762646163745
1,0,0.7816544696364526,0.21819221916569384,0.00015331119785351766
0,0,0.8695538207981804,0.13034382213080872,0.00010235707101073512
0,0,0.8340259280020499,0.16564021933464296,0.00033385266330721047
0,1,0.4076123603877906,0.5814957527448249,0.01089188686738455
1,1,0.2958879772775241,0.7027891463818372,0.0013228763406388834
1,1,0.2770781320649892,0.7207704797443192,0.002151388190691756
0,1,0.4784754560090084,0.5208340257031397,0.0006905182878518919
1,1,0.2480771241398452,0.7491754727551838,0.0027474031049711475
0,1,0.3065110555860079,0.6870473189381049,0.006441625475887217
0,0,0.6702843444107447,0.32949318132488553,0.00022247426436979186
0,1,0.41127576696165613,0.5882172734078627,0.0005069596304812192
1,1,0.14247094325109666,0.8551110126107336,0.002418044138169671
1,1,0.3088377797954227,0.6899666993438417,0.0011955208607356083
1,1,0.02536560525950746,0.9679484661658788,0.006685928574613765
2,2,8.062738249019511e-05,0.0801699742640871,0.9197493983534227
1,0,0.63169210789416,0.36666156235329156,0.001646329752548433
0,0,0.8167664056653196,0.18286044020546613,0.00037315412921438713
0,0,0.568979958696891,0.42649597894523594,0.004524062357872908
0,0,0.9403259995394535,0.05959771673666273,7.628372388374964e-05
1,1,0.08158273770917213,0.9069434702461371,0.011473792044690814
1,1,0.3308499555569586,0.6674577021544177,0.0016923422886237637
2,2,5.508007929676106e-05,0.0003350538767036608,0.9996098660439995
1,1,0.3765972737378949,0.6227847948336084,0.0006179314284966385
1,0,0.5975112506951049,0.40188298801636113,0.0006057612885339198
1,1,0.17434631391562108,0.8246752743149046,0.0009784117694742161
1,1,0.15967927120634007,0.8356780309527906,0.004642697840869441
0,0,0.9991812515402199,0.0005377748817079581,0.0002809735780721654
0,0,0.9664061248044472,0.033072716133921334,0.0005211590616314401
1,0,0.5478132237310687,0.4500483178977565,0.0021384583711749486
1,1,0.3902680613841487,0.6076770835961602,0.002054855019691107
0,0,0.5413662979984759,0.4579917053746411,0.000641996626882988
1,1,0.2471440160338815,0.7521008076513891,0.0007551763147294648
1,1,0.4137364327987547,0.5847836881774704,0.0014798790237747616
0,0,0.6557864734435248,0.34282147403905805,0.0013920525174170879
0,0,0.8522059500127515,0.14759287631333717,0.00020117367391144484
0,0,0.5392977416287229,0.46005666634681575,0.0006455920244613629
1,1,0.10127277511735816,0.8957212317305072,0.003005993152134592
1,1,0.1337307014784415,0.8647630725221703,0.0015062259993882368
0,0,0.690712462020137,0.3086152836307202,0.0006722543491426712
2,2,0.0021969298300807526,0.24739065715581798,0.7504124130141012
0,0,0.714139978648443,0.28558983681053063,0.00027018454102629584
0,0,0.908805244232814,0.09019020019507876,0.0010045555721074123
1,1,0.23399403727496246,0.7593390332442657,0.0066669294807720275
2,2,3.4118362682455696e-06,0.005799352640504294,0.9941972355232275
2,2,0.006659591579464463,0.28897429980927364,0.7043661086112619
0,0,0.6485102633266715,0.3507106782081835,0.000779058465144859
1,1,0.3378624640562817,0.6604044059264698,0.0017331300172486034
1,2,0.00032152525390561964,0.35727951403440866,0.6423989607116857
1,1,0.33679559198579057,0.6598718042109263,0.0033326038032829965
1,1,0.05169071800594932,0.9397005628516261,0.008608719142424693
0,0,0.5769155984647473,0.4224812739181859,0.0006031276170667331
0,0,0.7910895609926114,0.2083189511360146,0.0005914878713739049
0,0,0.5440457163766005,0.45540937438100715,0.0005449092423923775
0,1,0.23349765903831948,0.7649621616265007,0.0015401793351798212
0,0,0.6310474554627166,0.3687468821194257,0.00020566241785765075
1,1,0.3095445013591818,0.6899821046638646,0.00047339397695364305
1,1,0.18815225331550872,0.8089738915585925,0.002873855125898833
1,1,0.16228659016891572,0.8305874526355389,0.007125957195545395
1,1,0.07341794911402684,0.8920973230062091,0.03448472787976396
0,1,0.4875708096428492,0.5099869445374391,0.0024422458197115525
0,0,0.777943764078173,0.22183620428739986,0.0002200316344271837
0,0,0.6754797564903381,0.3242873538353126,0.00023288967434932365
0,1,0.49399130756632986,0.5050973871724933,0.000911305261176916
1,1,0.24141103409836465,0.7547545286637567,0.0038344372378787002
0,0,0.7126238509136589,0.28598606751132116,0.001390081575019967
1,1,0.11536732340902103,0.8751153459838097,0.009517330607169241
2,2,0.006823385448517321,0.2517509094414748,0.7414257051100078
1,1,0.217882260202084,0.7794668786163078,0.002650861181608208
1,1,0.3634688658929402,0.6359087522491232,0.0006223818579364246
1,1,0.0442173084765591,0.5948184968706363,0.3609641946528047
1,1,0.15390456096582722,0.8435938237586067,0.0025016152755662226
0,0,0.6919993716298155,0.30724268291175233,0.0007579454584323302
1,1,0.0325190786784518,0.9623641438993363,0.005116777422211888
0,1,0.4837994379424557,0.5157314226606218,0.00046913939692235385
0,0,0.6612403224459794,0.3385191095235348,0.00024056803048571915
1,1,0.030537687185539942,0.9636467206316144,0.005815592182845666
0,0,0.8671107853017622,0.1326838540889622,0.00020536060927567586
0,0,0.5920356865524166,0.4076857429753491,0.0002785704722342785
1,1,0.3670187923928752,0.631776533426208,0.0012046741809167516
0,0,0.7854524909494931,0.21446274371998533,8.476533052150798e-05
1,0,0.6216966922528258,0.3781465745982156,0.00015673314895875998
1,1,0.11263036595864406,0.8829903347671114,0.0043792992742445
1,1,0.40328432267369396,0.5959263001595565,0.000789377166749646
0,1,0.13240728325219217,0.8426930438737289,0.024899672874078845
1,1,0.1145956521461312,0.8805616862707435,0.0048426615831253335
1,1,0.3248541883877962,0.6660520317988852,0.009093779813318563
0,1,0.46361543726190435,0.5350114699226641,0.0013730928154315645
0,1,0.39791608118474614,0.6011797748319472,0.000904143983306699
0,0,0.9303672660678511,0.06904571485946208,0.0005870190726869597
1,2,0.0007434200449012536,0.25348378888022105,0.7457727910748777
1,1,0.44378872868392594,0.5551346699307786,0.0010766013852953618
1,0,0.5301531867997477,0.46819557585608246,0.0016512373441699305
2,2,0.007620907147838173,0.4066762979233299,0.585702794928832
0,0,0.6128667082143552,0.3865829811538991,0.0005503106317457809
1,1,0.22832105538938718,0.7662151852998244,0.0054637593107883745
1,1,0.26074261198498505,0.7382418889847299,0.0010154990302850262
0,0,0.6862551295254888,0.31286890829577474,0.0008759621787364723
0,0,0.8240822428491943,0.17527753471992372,0.0006402224308819246
0,1,0.37860650344311053,0.6176112356760798,0.0037822608808097077
0,1,0.18170177510038393,0.8152207641727474,0.003077460726868891
2,2,0.00015452770459633967,0.12805632172974585,0.8717891505656578
0,0,0.8366158524705969,0.16328478821245992,9.935931694316263e-05
0,0,0.7893383597651643,0.21042605200756784,0.00023558822726785016
0,1,0.24993515833961927,0.7431172679659054,0.006947573694475352
0,1,0.25682292903879633,0.7377532303507075,0.005423840610496082
1,1,0.043258385986129584,0.8914714708511452,0.06527014316272527
1,1,0.4081990064434611,0.5906864497219433,0.001114543834595607
2,2,1.2402631606829944e-06,0.023033387216532943,0.9769653725203065
1,1,0.1886967993824029,0.810165893409355,0.0011373072082422138
1,1,0.49461527349981166,0.5047965782911908,0.00058814820899757
2,1,0.02145385895797933,0.799004671157929,0.17954146988409175
1,1,0.24239147462929503,0.7568185676878292,0.0007899576828757094
0,1,0.4321680318462192,0.5663009726889279,0.0015309954648529982
0,0,0.5053179633028614,0.49389279738087594,0.000789239316262668
0,1,0.3182439977758708,0.6789066880859844,0.002849314138144772
1,1,0.02636166012271312,0.9682465514876053,0.005391788389681534
0,0,0.5770729276160168,0.42170509909894566,0.001221973285037576
1,0,0.5187935851377983,0.47997862254320134,0.0012277923190003488
0,0,0.9644308611785248,0.035330176099319974,0.00023896272215514493
1,1,0.06842143657365109,0.9297291911704397,0.001849372255909295
0,0,0.9911316641582656,0.00881503028877657,5.330555295793762e-05
1,1,0.21297249924646947,0.783602991059639,0.00342450969389146
0,0,0.5065191083679819,0.49157914281392256,0.0019017488180955282
1,1,0.19216701412888823,0.8056438912139948,0.0021890946571168925
0,1,0.21345473166106618,0.7831396681428758,0.0034056001960580157
1,1,0.05838658567255059,0.9388748879221566,0.002738526405292974
1,1,0.06505751671392537,0.8639235556325767,0.07101892765349788
0,0,0.9522320659501919,0.047640552655957756,0.00012738139385028965
1,1,0.022479808932123483,0.8244141159026099,0.15310607516526664
1,1,0.3793365247192295,0.6196789061127317,0.0009845691680387765
1,1,0.04077389521952816,0.8774741546174947,0.08175195016297694
1,1,0.01775023430920574,0.9772445991285045,0.005005166562289864
0,0,0.8450391131202387,0.1535737465740188,0.001387140305742376
0,1,0.3201332453707294,0.6789273211871731,0.0009394334420975213
1,1,0.07883630920838554,0.9094927732714246,0.011670917520189788
1,1,0.18199612266244317,0.8150408237375282,0.002963053600028752
1,1,0.18078917801294486,0.8084960685109206,0.010714753476134497
1,1,0.29820235795954275,0.6965823592645299,0.00521528277592722
1,1,0.48631290984253234,0.5107028750032396,0.0029842151542280745
1,0,0.7982159573884279,0.19917479004901165,0.002609252562560524
1,1,0.17732685892504166,0.8205195519660617,0.002153589108896711
0,1,0.050774589297890305,0.9414566128220434,0.007768797880066351
1,1,0.466554111426441,0.5323769087259093,0.0010689798476498052
0,0,0.780225099575597,0.21940074409225516,0.0003741563321478708
0,1,0.21396897430209078,0.7821617098374585,0.0038693158604507206
0,0,0.738222807999259,0.26164506373034013,0.00013212827040094333
1,1,0.3493106843570559,0.648777126214743,0.0019121894282010743
0,1,0.2776383793238991,0.7193461256811706,0.0030154949949302255
1,1,0.20990777211449277,0.7886934517237995,0.0013987761617076557
0,1,0.21932315791771045,0.7791209796843962,0.0015558623978932525
0,1,0.36878817359766763,0.6296309672046021,0.0015808591977302605
1,1,0.10718391393151834,0.8905906740437561,0.0022254120247254617
1,1,0.07383454445727262,0.9220181147560315,0.004147340786695846
0,0,0.6017037812723494,0.3977449095579808,0.0005513091696698402
2,2,0.00041908794841325397,0.15083721974740552,0.8487436923041813
2,2,0.001566506005478451,0.13632980286484875,0.8621036911296728
1,1,0.26373314740033027,0.7315733070230422,0.004693545576627452
0,0,0.6324138448787221,0.36716918775695606,0.0004169673643218888
0,0,0.9837602927277507,0.016191296878228782,4.8410394020564236e-05
0,0,0.9231540541582257,0.07592585190684449,0.0009200939349298362
0,0,0.7573547058125144,0.24252664157212414,0.00011865261536143584
1,1,0.16838368890161567,0.8257569044704343,0.005859406627950177
1,1,0.11661309483304416,0.8814421482728498,0.001944756894105846
1,1,0.11737433706416812,0.877727771873913,0.004897891061918739
0,1,0.05500608744438196,0.9427875103050906,0.0022064022505275797
0,0,0.9563160505257982,0.04293584943269939,0.0007481000415024162
0,0,0.5027580225590181,0.4954969899786261,0.0017449874623557166
1,1,0.05799275572173953,0.937408252479947,0.004598991798313485
1,1,0.05069263426214557,0.945294086825702,0.004013278912152431
1,1,0.3111898594041629,0.686981947503482,0.0018281930923551438
0,1,0.10606115551222355,0.8902792023053347,0.0036596421824417313
2,2,0.0016133045714063641,0.21495833108435294,0.7834283643442408
0,0,0.691627351702671,0.3035353278278503,0.004837320469478692
0,0,0.9375420134727609,0.06215186136887873,0.00030612515836046767
1,0,0.7046143433858346,0.2947281846985509,0.0006574719156145586
0,0,0.9071403793356299,0.09275539924662726,0.00010422141774297405
0,0,0.8905785893662158,0.10852373180117615,0.0008976788326082082
1,0,0.5198842100966194,0.47951443447081227,0.0006013554325682627
0,0,0.9284319226500574,0.07125611553657635,0.0003119618133661401
1,1,0.018701287927934487,0.9735907345952234,0.007707977476841985
0,0,0.6318249177368814,0.3677860855256258,0.00038899673749282247
1,1,0.19711140872019448,0.7965658101610525,0.006322781118753042
1,1,0.41104725995825425,0.5881062540644519,0.0008464859772938399
1,1,0.037302582405211254,0.9319553019540181,0.030742115640770732
0,0,0.8571292662983901,0.14280976052179004,6.097317981969112e-05
1,1,0.1345927794482193,0.8629748976256204,0.0024323229261602316
1,1,0.23499218353366483,0.7635108951321615,0.0014969213341737876
1,0,0.5306025722448092,0.4683592043560494,0.0010382233991415475
0,0,0.9518319774982955,0.0477222450956872,0.0004457774060174922
2,2,9.886284808460691e-05,0.06644993360831362,0.9334512035436017
1,1,0.019360559340158623,0.976237646255077,0.004401794404764451
1,0,0.7149348132495612,0.2848021362928919,0.0002630504575469488
1,1,0.07643342537923196,0.9218302363425767,0.0017363382781913875
0,0,0.5918165325134129,0.4072787423425344,0.0009047251440528068
1,1,0.06595766225952551,0.8778480667970516,0.05619427094342277
1,1,0.13902278446025038,0.8588917209613741,0.0020854945783755473
1,1,0.15419746794543268,0.842507592552163,0.0032949395024042135
0,1,0.18631852310495114,0.8081001882756046,0.00558128861944439
0,0,0.8107738707801805,0.18817049870095096,0.0010556305188687185
1,1,0.1131339134257719,0.885359121378928,0.0015069651953001112
0,0,0.8097706151478254,0.18992684370057525,0.0003025411515993448
1,1,0.27850061885637306,0.7199045130809842,0.0015948680626427388
0,0,0.8045216060414933,0.19498647950446085,0.0004919144540459155
1,0,0.5305456247109143,0.4688733805674277,0.0005809947216579627
0,0,0.6963896200560443,0.30325749400670826,0.0003528859372474115
0,1,0.334506221887183,0.6637813638502594,0.0017124142625575827
0,0,0.7223279620569646,0.2773830814707924,0.0002889564722429227
1,0,0.6219882734083891,0.3768886897672647,0.0011230368243461983
1,1,0.04597752602108916,0.9494752004189523,0.004547273559958528
2,2,0.00013500449670535643,0.22918573275258708,0.7706792627507075
1,1,0.3523376224252962,0.646583978651726,0.001078398922977616
0,0,0.6447249751323886,0.3550498160106606,0.0002252088569509107
0,0,0.7011356699646076,0.2980328902398941,0.0008314397954981521
1,1,0.22447101665267685,0.7738355753163829,0.0016934080309402278
0,1,0.3089116486513473,0.6886467760712245,0.0024415752774282163
0,0,0.7107731547339154,0.2883897776850858,0.0008370675809986572
0,0,0.770260370686271,0.2296696543224225,6.997499130663314e-05
0,0,0.63875475860587,0.36015431905775463,0.0010909223363752337
2,2,0.00016183362373863237,0.09895973433552985,0.9008784320407316
1,1,0.15264103391703457,0.791840334139183,0.05551863194378242
0,0,0.8238108159123895,0.17584015199100858,0.0003490320966018274
0,1,0.2458237958995435,0.7522641240564918,0.0019120800439647756
1,1,0.18750172629393497,0.80894651204428,0.0035517616617851376
1,1,0.3781099431122282,0.6205264648503621,0.001363592037409592
1,1,0.3624423248759851,0.6330514861626787,0.004506188961336286
1,0,0.6884930342472587,0.3095682487806593,0.0019387169720818745
1,1,0.11900187001024924,0.8792462797155528,0.001751850274197943
1,1,0.266096441521501,0.7320480165085805,0.0018555419699185902
0,0,0.9668658007408653,0.03289184412937586,0.00024235512975890578
1,1,0.3250724761777158,0.6705813747933396,0.004346149028944516
2,2,0.00011028852572060878,0.1937894709977482,0.8061002404765312
0,0,0.9986582921321056,0.0011664023773293169,0.00017530549056517562
1,1,0.08180159571775808,0.9167472878597622,0.0014511164224796222
2,2,0.0003637546007270067,0.24574983960008484,0.7538864057991882
0,0,0.6477433997908674,0.35152924071876107,0.0007273594903714578
0,0,0.9681859860693246,0.031147410254203152,0.0006666036764723224
1,1,0.07508011166196982,0.8879124752133599,0.03700741312467033
0,0,0.5707304721963994,0.42841899126323313,0.0008505365403674776
1,1,0.46400111145769996,0.5357011461960296,0.00029774234627053545
1,1,0.29802130081259104,0.69839083693464,0.003587862252768975
1,1,0.47742656010689705,0.5219612811709264,0.000612158722176501
2,2,0.003345725631142018,0.3027134835276285,0.6939407908412294
0,0,0.8669533587028405,0.1329430856846808,0.00010355561247874595
1,1,0.18199614073498396,0.814851408334635,0.0031524509303810554
2,2,6.19642691780867e-08,4.564170020587754e-05,0.9999542963355248
1,0,0.7792946940018962,0.22051908626096586,0.00018621973713793901
1,1,0.35454855073559693,0.6442336910081141,0.0012177582562888304
0,0,0.5475938033136166,0.45185260618919837,0.0005535904971851086
1,1,0.3012590010279938,0.6957570300220746,0.002983968949931617
1,1,0.3563226048718656,0.6429591808697999,0.0007182142583346661
0,0,0.5876546830180085,0.4114277558665883,0.0009175611154031814
1,1,0.32656900383517573,0.6693470409147642,0.004083955250060001
1,1,0.024070227257575724,0.963485144437814,0.01244462830461029
1,1,0.07533921352871838,0.9200379458530988,0.0046228406181827155
1,1,0.31158501968586566,0.6855848960703194,0.0028300842438150117
2,2,1.1860912030377093e-05,0.016752216966792223,0.9832359221211774
1,0,0.5318529930441058,0.4640257673694782,0.004121239586415988
1,1,0.223946471933092,0.774497022361964,0.0015565057049440583
1,1,0.34593153033982804,0.650795731364416,0.0032727382957559847
0,1,0.4095616680087543,0.5883202600204263,0.002118071970819313
1,1,0.00873007206434621,0.9871062568950557,0.004163671040597915
1,1,0.05413882530304872,0.9366264883534688,0.009234686343482313
1,0,0.7746440403788021,0.2252014055826932,0.00015455403850480278
2,2,1.6926395602494282e-05,0.07793099168628169,0.9220520819181158
0,1,0.062232600786133886,0.8755476507813608,0.06221974843250528
2,2,0.00011365902923619343,0.08656603582210676,0.9133203051486571
1,1,0.016864941198949317,0.8069694813973785,0.17616557740367236
1,0,0.6465609086935953,0.3528543229569981,0.0005847683494065146
0,0,0.8817004852234138,0.11815858398328381,0.00014093079330233788
1,1,0.20237646394594283,0.7872424967226763,0.010381039331380853
0,1,0.3177460109326409,0.6816149099319372,0.0006390791354218732
0,1,0.4039901352486978,0.5947103078818132,0.0012995568694890336
1,1,0.32761413484478963,0.6686347970626004,0.003751068092609907
1,0,0.8066247119371548,0.19277711009325665,0.0005981779695886493
1,0,0.5567186757376258,0.4415783020519088,0.0017030222104655105
0,0,0.783337370940689,0.21628407246476436,0.0003785565945466022
0,1,0.08460464618674139,0.8424601914899805,0.07293516232327803
2,2,0.0005082226512200323,0.271286582682236,0.728205194666544
1,1,0.0853115632478382,0.9056136798564992,0.009074756895662648
1,1,0.2708586896633984,0.7256396590883007,0.003501651248300858
0,0,0.9579138181956309,0.041576177149777585,0.0005100046545914322
0,1,0.3885212739913834,0.606871875536655,0.0046068504719616946
1,1,0.19604157470485412,0.8019917810078531,0.0019666442872928137
0,0,0.6645066109603305,0.3347781128183611,0.0007152762213084049
1,0,0.6586394785011351,0.3406585212861106,0.0007020002127541493
1,0,0.5663828531526862,0.43341216879010863,0.00020497805720520878
1,1,0.15918482403924003,0.8362699430775041,0.004545232883255865
1,0,0.7564317456033581,0.24338760804443624,0.00018064635220565358
0,1,0.0950527989016474,0.8974123020836474,0.007534899014705172
0,0,0.9768584157656436,0.02296208307769667,0.0001795011566596273
0,0,0.5806362964116158,0.41896011177835063,0.00040359181003347104
0,0,0.9527500561065966,0.0470213320940537,0.00022861179934983818
1,1,0.13288390970345773,0.8646155186502111,0.0025005716463311887
1,1,0.08286229592530486,0.8686739972092763,0.048463706865418864
0,1,0.15436767542687166,0.8446999096158734,0.000932414957254917
0,0,0.9248157936304057,0.07496977095754115,0.0002144354120532131
0,0,0.7306290157517169,0.26913052145792216,0.00024046279036096747
0,0,0.9694975377808617,0.03025160843603467,0.00025085378310380694
0,1,0.19609688273244802,0.8018603940765694,0.00204272319098258
1,1,0.12267508940475633,0.874588982746756,0.00273592784848772
0,1,0.4867841499445461,0.5114476190474208,0.0017682310080331983
0,0,0.927667410261948,0.07229377205988646,3.881767816550898e-05
1,0,0.5692997799851871,0.43043778311287156,0.0002624369019412751
0,0,0.7698701836341381,0.22946046230662193,0.0006693540592399782
0,0,0.6685346700854039,0.3306217762436026,0.0008435536709933366
0,0,0.9675226569626784,0.032348541827739365,0.00012880120958234318
1,2,5.9894906656673485e-05,0.010698993829492517,0.9892411112638508
0,0,0.5573183490401199,0.44170344598727945,0.0009782049726006492
1,1,0.26181376320721456,0.7350101074921218,0.0031761293006635524
0,0,0.5331110987181747,0.4662943506144647,0.0005945506673605782
1,1,0.06446765667337225,0.9215177650992101,0.014014578227417628
1,1,0.14421515412790564,0.85415052151521,0.0016343243568842523
0,0,0.5567690978414163,0.44262381739829443,0.0006070847602892637
1,1,0.06208872519788602,0.9334498585556066,0.0044614162465073
0,1,0.46143398820233,0.5377952401883758,0.0007707716092941195
0,0,0.8032694619188627,0.19629584973381914,0.0004346883473181787
0,1,0.35347136181982575,0.6422811461820416,0.004247491998132664
1,1,0.2801352483424621,0.7177542026326407,0.0021105490248972017
1,1,0.031605837496922036,0.8849259762700374,0.08346818623304057
0,1,0.3025819658425212,0.6960949968091723,0.001323037348306482
1,1,0.03994016124413585,0.9476007204889192,0.012459118266945061
1,1,0.009479230099364947,0.9652293836527922,0.025291386247842666
2,2,9.981499087801789e-05,0.11195735532186905,0.887942829687253
0,1,0.44381834756776534,0.5550439999451847,0.0011376524870500592
0,1,0.11951508440387604,0.8781446505211326,0.0023402650749911914
1,1,0.21482018237998712,0.7798942885265474,0.005285529093465472
0,0,0.5973393575993745,0.39984550394613116,0.002815138454494283
1,1,0.24305709465733916,0.7559601156576815,0.0009827896849792775
1,1,0.10935466017374613,0.888010513957431,0.002634825868822885
1,0,0.6338260478035224,0.3657225304810889,0.0004514217153888192
1,1,0.1807009529167631,0.8098789639060405,0.009420083177196491
1,1,0.3599592019769385,0.6365147085152962,0.0035260895077652036
0,0,0.9717339096328831,0.028121068786094487,0.00014502158102239386
1,0,0.8296361272993451,0.1700836434490085,0.00028022925164633723
0,1,0.04943048831252568,0.9429121677233718,0.0076573439641024876
1,1,0.48857570598243727,0.5100689499442739,0.001355344073288917
1,1,0.13439381375219703,0.8643091863195626,0.0012969999282404232
1,1,0.33408663607947114,0.6649388695737639,0.0009744943467649878
2,2,0.0002948291909418963,0.2888938541254429,0.7108113166836153
0,1,0.32033889638530744,0.6770800947972275,0.002581008817464955
1,0,0.6513486438597307,0.3483096179666646,0.0003417381736047741
0,0,0.8160734009386341,0.1838213144480529,0.00010528461331288293
0,1,0.3260714059216703,0.6705712526508111,0.003357341427518589
1,0,0.7004064878903566,0.2994864359244533,0.00010707618519003631
1,1,0.2911265979514893,0.702152417347482,0.006720984701028668
2,1,0.031610245261913084,0.7923943088368475,0.17599544590123944
1,1,0.29687907491198723,0.6975662558380221,0.005554669249990625
1,1,0.05635919631400942,0.9156865870487666,0.027954216637223882
0,0,0.819365674355948,0.18053894094391046,9.538470014158079e-05
0,1,0.19162982929276873,0.794742786094287,0.013627384612944361
1,1,0.09248105957541486,0.9049000143914493,0.0026189260331358918
1,1,0.3466145103135035,0.6521660991219099,0.0012193905645867514
0,0,0.8602134607903787,0.13971831512189173,6.822408772956668e-05
1,1,0.23337566875501162,0.765898810164828,0.0007255210801604409
1,1,0.36140170457519116,0.6375664586341229,0.001031836790685982
0,0,0.944599235290577,0.05483195088678375,0.0005688138226394432
1,1,0.033164253954302655,0.9538964086619525,0.01293933738374477
0,1,0.15939746907207306,0.8362937796538861,0.004308751274040713
1,1,0.1140849186214926,0.8238162750997121,0.06209880627879515
1,1,0.31348818216808977,0.6835722972284293,0.002939520603480971
0,0,0.7200885585053269,0.27838579337585917,0.0015256481188138011
0,1,0.29397382852976184,0.7027096912957718,0.003316480174466414
0,0,0.6428844097041062,0.356665653946184,0.00044993634970986665
1,1,0.0720889986529769,0.9237796341423251,0.004131367204697901
1,1,0.4115028041001772,0.5876005341862677,0.0008966617135550908
1,1,0.2257284026495196,0.7723560525460266,0.001915544804453889
0,0,0.6491091387817576,0.3506596670223911,0.0002311941958512908
1,0,0.5026471379045847,0.49709390539251,0.00025895670290527307
0,0,0.6155543356366064,0.3839457483200748,0.0004999160433187431
2,2,3.838413890146243e-05,0.06187433496208591,0.9380872808990126
2,2,0.0005270925142861055,0.15055451713581425,0.8489183903498997
1,1,0.1602646847100154,0.8332481937330186,0.006487121556965858
1,1,0.09013701311796676,0.8709906025064945,0.03887238437553873
0,0,0.8919736171962003,0.10750092756982516,0.0005254552339747225
0,0,0.7861144423552429,0.21359358411300894,0.0002919735317481813
0,0,0.5614982825692872,0.43819416374050246,0.00030755369021024965
1,1,0.3159813489351121,0.6810606122194324,0.002958038845455572
1,1,0.2515072360795597,0.7462964060159586,0.002196357904481778
1,0,0.5118928029409511,0.48747708393384864,0.0006301131252002766
0,1,0.46486095859859505,0.5346084247769854,0.0005306166244195194
1,1,0.2514930664245146,0.7467101718307042,0.0017967617447811302
0,1,0.13520125602633778,0.8625000543000156,0.0022986896736466034
1,0,0.798813868853746,0.20095763518051418,0.00022849596573987075
0,1,0.4476435499700199,0.5511031512668513,0.0012532987631288291
1,1,0.14390458018748764,0.8548030079950474,0.0012924118174648276
0,0,0.696932764037768,0.30240282849148536,0.0006644074707466194
0,0,0.8489562680686956,0.15096550075220863,7.823117909567269e-05
1,0,0.6681093836389033,0.33174730513634293,0.00014331122475386919
1,1,0.09063840986513647,0.8984608525331256,0.010900737601737931
1,0,0.5297837788466977,0.46977171973678467,0.0004445014165177255
1,1,0.26484085141378005,0.7333919068905603,0.0017672416956597587
0,0,0.6510214944047131,0.347874040927325,0.0011044646679619643
2,1,0.02736862298672997,0.931625438050449,0.04100593896282098
0,0,0.8386380015922155,0.1611344453303944,0.00022755307738997647
1,1,0.08857831611546134,0.8675023526240574,0.04391933126048119
1,1,0.16480748833584055,0.8323584028461101,0.002834108818049464
1,0,0.5699098688255745,0.4287001155517508,0.0013900156226746769
0,0,0.9744371215175633,0.02544145098970146,0.00012142749273518058
1,0,0.5320717409821144,0.46733128780537364,0.0005969712125119103
1,1,0.3961795477630997,0.5752674829758797,0.02855296926102061
0,0,0.8357689643105318,0.16406380812173518,0.00016722756773295374
1,1,0.17527052383587038,0.8223531523819629,0.0023763237821668413
1,1,0.4771739728416612,0.5223167518290854,0.0005092753292534156
1,1,0.08140974330530683,0.9167422270157782,0.0018480296789148668
2,2,8.50777764510768e-06,0.035669012727870646,0.9643224794944844
1,0,0.7648920850043185,0.23499249894737004,0.0001154160483114696
0,0,0.7024956404372122,0.29723737545070755,0.0002669841120802025
2,2,2.592723979788956e-05,0.06973082514581987,0.9302432476143823
1,1,0.21859180286493396,0.7800379361676316,0.001370260967434434
0,0,0.7317289693496914,0.268041215393591,0.00022981525671757558
1,0,0.8316024054923064,0.1682371643978032,0.0001604301098905592
0,0,0.9762622955599777,0.023576655542626876,0.0001610488973954996
1,1,0.4929340085017471,0.5067110825165936,0.00035490898165930183
1,1,0.07021639202296,0.92565108532328,0.004132522653759953
1,1,0.20366380223845237,0.7951133728518864,0.0012228249096610932
1,0,0.6076022818450723,0.3921227758857655,0.0002749422691622875
1,0,0.8628894547219177,0.13696660384374626,0.00014394143433622543
0,1,0.4050519044726074,0.5938743463510193,0.0010737491763731736
0,0,0.7847312298533337,0.21492639407021027,0.0003423760764559668
1,1,0.08605349990254887,0.8943283871220815,0.01961811297536962
0,0,0.8988852046835831,0.10097977425398069,0.00013502106243633622
0,0,0.9328438854055942,0.06706674833849299,8.936625591296066e-05
1,0,0.5004414951472425,0.4979837121450585,0.001574792707699105
1,1,0.11890281750259937,0.8736170995326106,0.00748008296478991
0,0,0.9215408850127105,0.07819801474117964,0.0002611002461097624
0,0,0.8769578438923148,0.12286942922520144,0.00017272688248391738
0,1,0.2810037492614203,0.7176955874897141,0.0013006632488655882
1,0,0.5547893595369873,0.44161550100566505,0.003595139457347669
1,1,0.15588168889623366,0.8379086921074644,0.006209618996301876
1,1,0.12522279718405235,0.8701583014648713,0.004618901351076539
2,2,0.0009061543603471881,0.33112372113719823,0.6679701245024546
0,1,0.3364468181727036,0.6614511101125808,0.002102071714715617
1,1,0.2761083952800292,0.7210729117203466,0.002818692999624159
0,1,0.2818590159391828,0.7157115825226942,0.0024294015381229705
2,2,0.0012320352221698578,0.1965598515032945,0.8022081132745356
0,1,0.10549540838673684,0.8920346279766912,0.0024699636365720272
1,1,0.04798937804261111,0.8498849228540172,0.10212569910337169
1,0,0.6503767682824817,0.3485692916568166,0.0010539400607016162
0,1,0.3024663377833744,0.6961326546289014,0.0014010075877242383
0,0,0.9010329800524345,0.09893010567801827,3.691426954720445e-05
0,1,0.45624244048492846,0.5427503735706773,0.0010071859443942582
1,1,0.1730618954220353,0.8230221104746278,0.003915994103336879
1,1,0.04226208599653904,0.9548424327016188,0.0028954813018420814
0,0,0.6918885649582247,0.3075484076038826,0.0005630274378927954
1,1,0.16560825827466955,0.8228372455770759,0.01155449614825451
1,1,0.11797662570844163,0.8790687242635097,0.0029546500280486377
1,0,0.8185733775548417,0.1812859774673142,0.00014064497784409385
1,1,0.0507762733025863,0.8652134024480187,0.08401032424939497
1,0,0.5250061678742705,0.47133077892850767,0.0036630531972218733
2,2,0.0005703361848417734,0.14896838281008695,0.8504612810050712
0,1,0.49200173082275417,0.5074738165600092,0.000524452617236531
1,1,0.13199552296630743,0.866291794297435,0.001712682736257644
1,1,0.012459700494191149,0.9822371307335968,0.005303168772211997
1,1,0.10859612168308949,0.8812834649998079,0.010120413317102674
1,1,0.31943045473358317,0.6748930058056006,0.005676539460816241
0,0,0.947353007323923,0.05251692533818989,0.00013006733788725053
0,1,0.04728651415570182,0.9432041839752534,0.00950930186904471
0,0,0.9572772056196716,0.04242253206755465,0.00030026231277382987
1,1,0.24399395893970907,0.7523833364620319,0.0036227045982589207
2,2,0.00016311015246377484,0.13248301669419002,0.8673538731533462
1,0,0.586016713350974,0.41010770908247174,0.0038755775665541324
0,0,0.6328771092046368,0.3667945480912935,0.0003283427040695048
1,1,0.10505247583439677,0.8923462875203018,0.002601236645301379
0,1,0.25506348688483715,0.739725463644671,0.005211049470491901
2,2,1.1272442630653135e-05,0.06409119286142931,0.9358975346959401
0,0,0.535561121176662,0.46375688294714595,0.0006819958761920983
0,0,0.5968688306624392,0.40246825374651657,0.0006629155910442108
1,1,0.3665608001581589,0.6328096315179428,0.0006295683238984451
0,1,0.3817089160284285,0.6158238138311708,0.002467270140400724
2,2,6.659878230877208e-07,0.05044796242993501,0.9495513715822419
0,0,0.8192625963422225,0.18022480348826247,0.0005126001695149023
1,1,0.3604635249427624,0.6379723125731324,0.0015641624841053457
0,0,0.9341348678056486,0.06567204197738699,0.00019309021696455581
1,0,0.8404760123303917,0.1594754160844647,4.857158514344969e-05
0,0,0.6911538306888436,0.30871324857967947,0.00013292073147702603
0,0,0.6650814758114288,0.33455563035432645,0.00036289383424472857
0,0,0.96452215290788,0.03537014888653316,0.00010769820558673669
1,0,0.6208526118786584,0.3782466741286494,0.0009007139926922919
0,0,0.6993333795592903,0.30030544586195146,0.00036117457875818756
0,0,0.7344167292096363,0.2652029093705564,0.0003803614198072522
1,1,0.0390401353720884,0.9539909999186296,0.006968864709282051
1,1,0.3945404560219085,0.6045549824942512,0.0009045614838404077
1,1,0.043407209441202084,0.9533990232439291,0.003193767314868895
0,0,0.7021030589686792,0.29772419080771234,0.00017275022360850717
1,1,0.4782601879493508,0.5213815841967142,0.0003582278539349368
1,1,0.47196222327086584,0.5254287820428291,0.002608994686305167
0,0,0.710955392781852,0.28857563321865737,0.0004689739994905932
1,1,0.11913775206925363,0.8794077775424426,0.0014544703883037887
0,0,0.8133223185013182,0.18647384174703216,0.0002038397516496637
1,1,0.3384782064844788,0.6605841761989258,0.0009376173165953791
2,2,5.8123389638121524e-05,0.08312360507234515,0.9168182715380169
0,0,0.7187844493046528,0.28091795646360235,0.0002975942317448526
1,1,0.2826438278236067,0.7151916403483792,0.002164531828013962
0,1,0.30600628839350263,0.6893021019924759,0.004691609614021504
1,1,0.40545331501681275,0.5936924756872752,0.0008542092959120433
0,1,0.2581257891841178,0.7405743716028712,0.0012998392130110367
1,1,0.09815864982916132,0.8995327434416062,0.002308606729232553
1,0,0.5625896093178974,0.4372661751948002,0.00014421548730239521
1,0,0.7017468126597717,0.29800645205584214,0.000246735284386248
0,0,0.907286682213588,0.09261756664611015,9.575114030192348e-05
0,1,0.3149118342208371,0.6835649307972425,0.0015232349819205545
0,0,0.825942685619809,0.17366702343060378,0.00039029094958721697
2,2,2.2915317997923075e-05,0.1557713748736361,0.844205709808366
1,1,0.03371651215854064,0.7834664186896619,0.18281706915179743
0,0,0.8551558028446113,0.1444067869429486,0.00043741021244015266
0,0,0.6038717429043604,0.395569829726655,0.0005584273689845329
1,0,0.6380371031255897,0.36164703034290463,0.0003158665315057659
0,1,0.18592694085201397,0.810800166596241,0.003272892551744988
1,1,0.07907158491534044,0.896985158712194,0.023943256372465617
1,1,0.47133616521549804,0.5278837765496357,0.0007800582348663742
0,1,0.4772492246160165,0.5209172249353496,0.001833550448633722
1,0,0.5934205525655564,0.4061795720323579,0.000399875402085766
2,2,0.0002990262266821354,0.20547914612695165,0.7942218276463662
1,1,0.3361698520673195,0.6632996317515351,0.000530516181145473
0,0,0.7760697577768467,0.22101540934163802,0.0029148328815152514
1,1,0.31783337891205926,0.6804101458780581,0.0017564752098825707
0,0,0.9994215515954014,0.00044599926375042003,0.00013244914084809732
1,1,0.03227841745794468,0.8435906532806021,0.1241309292614531
1,2,0.0007249651211435928,0.3495409371260517,0.6497340977528048
1,1,0.07324862095519491,0.9246818977148685,0.0020694813299365887
1,1,0.22049096770911078,0.7735436564100893,0.005965375880799919
1,1,0.11490382540516089,0.8782815640067484,0.0068146105880907085
0,0,0.8927498338144183,0.10682993157908244,0.00042023460649940237
1,1,0.29466173365259823,0.704081673861376,0.00125659248602589
2,2,0.00015812403284766132,0.09519498820760718,0.9046468877595452
0,0,0.6364504606400928,0.36337753508026116,0.0001720042796460458
1,1,0.13095997523740147,0.8674326018179216,0.0016074229446769105
1,1,0.20908327269526716,0.7826570720515522,0.008259655253180459
1,1,0.05375489801933642,0.9434088400808901,0.002836261899773518
1,1,0.1242743950763405,0.8641281416866442,0.011597463237015436
1,0,0.7451694451298025,0.2538741150579227,0.0009564398122748902
0,0,0.7139508681945294,0.28584522081487174,0.0002039109905990097
1,1,0.11738950257428818,0.8803606576808738,0.002249839744838105
1,1,0.002747095127640349,0.6864010570348351,0.31085184783752445
0,0,0.7738249475706942,0.22537293330441158,0.0008021191248941281
1,1,0.02170090732582224,0.9755460101174449,0.0027530825567330026
0,0,0.6625950455463138,0.3365405313593186,0.0008644230943675624
0,0,0.8947062419247752,0.10511991174046129,0.00017384633476346252
0,0,0.9450641840939111,0.054619718172999696,0.000316097733089024
1,0,0.774844271381949,0.22473283067198677,0.00042289794606419973
0,1,0.2567747477812368,0.7407328198358176,0.002492432382945648
2,1,0.01933893236314032,0.8630734161962464,0.11758765144061331
1,1,0.43835339314883254,0.5607500563034234,0.0008965505477440645
1,1,0.20285177740688473,0.7959017399531871,0.0012464826399281295
0,0,0.7117669868071723,0.28771827476955847,0.0005147384232693034
0,0,0.9825668614005606,0.01740690970732866,2.622889211059812e-05
1,1,0.12704824024945768,0.8715887730962124,0.0013629866543298486
0,1,0.16768868880398247,0.8307594157914657,0.0015518954045516686
1,2,0.0002192131892607973,0.3599567406168088,0.6398240461939303
1,1,0.2019426305774269,0.7966564841035496,0.0014008853190234014
0,1,0.40804546251513407,0.5902598169956924,0.001694720489173437
1,1,0.3198563914222753,0.678636632939591,0.001506975638133601
1,0,0.7710567647262618,0.22657759656360454,0.002365638710133802
0,0,0.7213563775365259,0.2766452955877751,0.0019983268756990458
1,1,0.20506772285080388,0.7871657269382901,0.007766550210905932
1,1,0.1310558559731692,0.8173485038723031,0.05159564015452773
0,0,0.8129048155880593,0.1859097839394714,0.001185400472469347
0,0,0.996075126514572,0.0023557289221936488,0.001569144563234548
1,1,0.041772255219474565,0.9542950044689503,0.003932740311575133
0,0,0.5895868789713463,0.40936430752778447,0.0010488135008692415
0,0,0.8928931208019071,0.10699408155403603,0.00011279764405689099
0,0,0.9329868128690425,0.06697916108189335,3.402604906420538e-05
1,0,0.5003709508293983,0.4975668753057108,0.002062173864890989
1,1,0.36225981312302136,0.6343374864599233,0.003402700417055307
0,0,0.7541869042917605,0.24558967425334152,0.0002234214548980295
1,1,0.14022423291393832,0.8586343189252704,0.0011414481607912553
1,1,0.0639219633327324,0.7937990300486145,0.14227900661865311
1,1,0.2371339625037064,0.7598290944358002,0.003036943060493433
0,0,0.6207951774434745,0.3788538022821152,0.0003510202744105168
1,1,0.021823502634489737,0.9718080376919057,0.006368459673604643
1,1,0.03115820243600777,0.9618977733284744,0.006944024235517886
1,0,0.7891076500009792,0.21073345073516678,0.0001588992638541139
1,1,0.28512700798141744,0.7136842869913438,0.0011887050272388312
0,0,0.6261658019949028,0.3733647688918927,0.00046942911320449774
1,1,0.32496462159237427,0.6716700709059602,0.0033653075016654944
1,0,0.7412870735925338,0.25810791655243864,0.0006050098550276612
1,0,0.7552613882756887,0.24292830323258288,0.0018103084917285607
1,1,0.21569575982571476,0.7825673769234053,0.0017368632508799793
1,1,0.012874526743050469,0.9749501627944988,0.012175310462450739
0,1,0.18327389007582331,0.8132596258037188,0.0034664841204578674
2,2,3.6183344238561995e-05,0.06409494316283815,0.9358688734929232
0,0,0.7201066775023729,0.27950499208974067,0.0003883304078864627
0,1,0.40402970850296976,0.5950643485592215,0.0009059429378087542
1,1,0.19607923537641217,0.8025488959974263,0.0013718686261615643
0,0,0.5244121118993232,0.47414910852421144,0.0014387795764653616
0,0,0.7233910353273424,0.27217704550107913,0.004431919171578418
0,0,0.5888773512310446,0.4104367808336337,0.0006858679353217677
1,1,0.15075934603012153,0.8475325519661715,0.001708102003707176
0,0,0.7431930514032858,0.2565951318675684,0.00021181672914584096
0,0,0.819973116547587,0.17988504548368905,0.00014183796872399644
1,1,0.32944248453621255,0.6682234616562122,0.002334053807575334
1,1,0.3187261707987908,0.6801852648052555,0.0010885643959536082
1,0,0.7155106610645243,0.28429042202748417,0.00019891690799160323
2,1,0.045085351069159715,0.9025200235957069,0.05239462533513328
0,0,0.5752901077976839,0.4235631454617098,0.0011467467406063418
1,1,0.485497849920714,0.5140089064845695,0.0004932435947163948
2,2,0.00016977234718326312,0.2762434669196677,0.7235867607331491
1,1,0.14369624505741246,0.8432459710435314,0.013057783899056137
0,0,0.8788317595039477,0.12075565153238173,0.00041258896367067573
1,1,0.25965413170800467,0.7348180208915712,0.0055278474004242925
1,1,0.12597882648657088,0.871117104765305,0.0029040687481241656
1,1,0.3562457448662397,0.6419694805484306,0.0017847745853296715
1,1,0.03213966615704594,0.9481870514736099,0.019673282369344035
0,0,0.5429835217374543,0.45666331346466527,0.0003531647978804092
1,1,0.16272260822745485,0.8317792175900575,0.005498174182487835
0,1,0.2854659323505825,0.707000843699668,0.007533223949749574
1,1,0.12185362104062945,0.8768332004960651,0.0013131784633053723
1,1,0.06798055543184511,0.9297847779083751,0.0022346666597796725
1,1,0.05264573263525543,0.943234163947174,0.0041201034175705155
2,2,0.0003243630543927223,0.3811377304487034,0.6185379064969039
1,1,0.03643226711851255,0.7406258267520792,0.22294190612940826
0,0,0.6784977799105893,0.3212786680451769,0.00022355204423374486
1,1,0.24285577702425787,0.7542551946093042,0.002889028366437752
1,1,0.4717659245668994,0.5274352435580454,0.0007988318750551792
1,1,0.43984822150983244,0.5590794070774365,0.0010723714127310736
0,1,0.29129522247081496,0.7080128702475237,0.0006919072816613082
0,0,0.7512454027517156,0.24602764129591057,0.002726955952373791
1,1,0.009953631649901552,0.9833456561747328,0.0067007121753655885
1,0,0.6148688008778962,0.38478759685071495,0.00034360227138881304
1,1,0.2925148996794094,0.7020346385919005,0.0054504617286901275
0,0,0.8887154075774522,0.11066072024786917,0.0006238721746785671
1,1,0.1193424264415617,0.8789113336948223,0.0017462398636160766
0,1,0.05908965235437043,0.9282610998999076,0.01264924774572199
1,1,0.2120768314245241,0.7833776922459073,0.004545476329568711
1,0,0.5692547736613898,0.4300842172798816,0.0006610090587286086
0,1,0.4647622623023739,0.5346677465061092,0.0005699911915169254
1,1,0.3758190284721028,0.6233412159368507,0.0008397555910465333
0,1,0.2848034723307611,0.7120196833541663,0.003176844315072625
1,1,0.35109107427022873,0.647009592412861,0.0018993333169101028
1,1,0.03274787492173674,0.9486593509430215,0.01859277413524184
1,1,0.08578922796295574,0.9110453939001534,0.0031653781368909447
1,1,0.1523386742515247,0.840237971410614,0.007423354337861251
0,0,0.9408355273621759,0.05911072629295653,5.374634486750035e-05
0,1,0.22927687016364764,0.7697119512016203,0.0010111786347319993
0,0,0.7876767841553692,0.2118315029990754,0.0004917128455554061
1,1,0.0030682410404900546,0.6861472024752433,0.31078455648426656
0,0,0.6336131024270251,0.3658989964172722,0.0004879011557026371
0,0,0.5430484191658427,0.4565240641426675,0.0004275166914898357
0,0,0.7963996944398475,0.2033610144191896,0.0002392911409629049
1,1,0.35821196371860753,0.6409850289371741,0.0008030073442183532
0,1,0.2806075303736717,0.7182480015309121,0.0011444680954162383
0,0,0.8327557201641799,0.1671956123286403,4.8667507179876276e-05
1,1,0.3389252646010758,0.6306606977284516,0.030414037670472665
1,1,0.185534348889384,0.8135262351439395,0.0009394159666765298
0,1,0.4979806922643406,0.5010241774549988,0.0009951302806604965
1,1,0.12754383883144774,0.8701589254786498,0.002297235689902289
1,1,0.10533139025951131,0.8633291199536922,0.03133948978679639
1,1,0.1486110974932557,0.8503491580377056,0.0010397444690386436
1,0,0.618592875377346,0.38059766950214646,0.0008094551205075777
1,0,0.8598427392946238,0.1400444784361843,0.0001127822691917062
1,1,0.24670316026326383,0.747359338932629,0.00593750080410724
1,1,0.032978043294485095,0.9629542198817295,0.0040677368237854354
0,0,0.9964595981620848,0.0021575196824832523,0.001382882155431986
1,2,0.0014711612718247594,0.37804061379484494,0.6204882249333303
1,1,0.052576694402349564,0.8699236640692382,0.07749964152841232
0,1,0.07226727289872224,0.9168431870433396,0.010889540057938333
0,0,0.8876361411676293,0.11228079796706543,8.306086530532908e-05
0,0,0.5241030822299847,0.4753716240010121,0.0005252937690032038
1,1,0.22080031550663282,0.7784956283461663,0.0007040561472009426
0,1,0.08530388422124348,0.9126165134492189,0.0020796023295377056
0,1,0.12547852757917677,0.8734218825619017,0.0010995898589216302
1,1,0.013347428552377172,0.8949285968958648,0.09172397455175814
1,1,0.07821658561519093,0.9092641710343123,0.012519243350496697
1,1,0.35164172122825244,0.6470637993932585,0.0012944793784888864
1,1,0.4197496155147378,0.5747062529671608,0.0055441315181013195
0,0,0.9188926491713441,0.08101259959717726,9.475123147858252e-05
0,0,0.7125538860812067,0.28728330742957253,0.0001628064892206815
1,1,0.2475832583361582,0.7469989434442788,0.005417798219562962
0,0,0.5390009587904878,0.45865186446329326,0.002347176746218911
0,0,0.5984117291960916,0.4007753124456746,0.0008129583582336165
0,0,0.8794209235618904,0.12052090736023176,5.8169077877840846e-05
0,0,0.7993634649666504,0.2002499497276444,0.00038658530570506917
0,0,0.9704801536697457,0.029256057926611796,0.00026378840364260923
1,1,0.1287794068003794,0.8695180644039181,0.0017025287957024276
1,1,0.0952031988776281,0.8795440354592207,0.02525276566315127
1,1,0.23371407767758798,0.7623575968001928,0.003928325522219319
0,0,0.6478828092005172,0.3515686065247846,0.0005485842746980977
2,2,0.0161610837302738,0.340197153335804,0.6436417629339221
1,1,0.05599678186278714,0.9414792111954298,0.002524006941783031
1,0,0.6580500565734503,0.3416394567529063,0.00031048667364336457
0,0,0.7225841230974862,0.277150252380405,0.0002656245221087841
1,1,0.3288405751747936,0.6702818325626132,0.0008775922625931865
1,1,0.00894125311604642,0.9781313491591301,0.012927397724823495
0,0,0.6532035926226003,0.34650618242790526,0.0002902249494942813
1,0,0.6019336877626534,0.39760183344506445,0.00046447879228209653
1,1,0.3276757344243523,0.6703586293852632,0.0019656361903844497
0,0,0.7664154603022713,0.23343841230628834,0.0001461273914402829
1,0,0.6178606543366569,0.3805370121302865,0.0016023335330565577
1,1,0.06679853325617845,0.9274672726996683,0.005734194044153197
1,2,0.0006031521333700942,0.4911279495524825,0.5082688983141475
2,2,0.005375836775176164,0.275528265871927,0.7190958973528968
0,0,0.6000621404238098,0.399627492857021,0.00031036671916924945
2,2,1.148773351748604e-05,0.014740059482869964,0.9852484527836125
1,1,0.03408144734993936,0.8636199724522959,0.10229858019776472
0,1,0.43061666265943016,0.5688246552586119,0.0005586820819580124
1,1,0.3228220836122269,0.6762464376616376,0.0009314787261355745
1,1,0.22232775941903735,0.774169703732888,0.003502536848074601
2,2,7.924265086771126e-05,0.04589335662460607,0.9540274007245262
1,1,0.012274950600880368,0.9756677011623772,0.012057348236742477
1,1,0.13585883828354056,0.862753676511362,0.001387485205097381
1,1,0.28940158533671057,0.7096476156213362,0.0009507990419533195
1,1,0.28553253459078504,0.713056332212609,0.001411133196605996
1,0,0.8382809185463835,0.16141612453100723,0.0003029569226092641
1,1,0.05349738253579208,0.9388373473224908,0.00766527014171724
2,2,0.0077257208166036356,0.3715006011100391,0.6207736780733574
1,1,0.2704706946707153,0.7263950004666296,0.0031343048626550616
1,1,0.19125040361208875,0.8063869987482982,0.0023625976396130697
0,0,0.7569237115604277,0.24265378827950712,0.0004225001600652446
2,2,2.7578313913940363e-05,0.05672834247981306,0.9432440792062731
0,0,0.5827318521705603,0.41441929191302446,0.0028488559164153112
0,0,0.9095712726794501,0.0903306280895266,9.809923102335448e-05
1,1,0.20007935737976323,0.7956803014381643,0.004240341182072456
0,0,0.934043490696719,0.06576246815970396,0.00019404114357701456
0,0,0.5498728279660977,0.4482046165175545,0.0019225555163478085
1,2,8.996264074596367e-05,0.32435169154071775,0.6755583458185364
1,1,0.15703319540208557,0.8394835676360948,0.003483236961819691
1,1,0.08540386169666139,0.9114157081522801,0.0031804301510585543
1,1,0.23360073631054815,0.762665782852428,0.0037334808370238382
1,1,0.3045626762088644,0.693790217305693,0.0016471064854425607
1,1,0.2497131002001117,0.7488475704745879,0.0014393293253002902
2,2,2.462296750975108e-06,0.005566256126741942,0.9944312815765071
1,0,0.6128012161908795,0.38674997578406906,0.0004488080250514437
1,1,0.16668240835987083,0.8262287432914973,0.007088848348631786
0,0,0.9153396181556673,0.08454553101872006,0.00011485082561259503
0,0,0.9457551242369274,0.05384120260869161,0.000403673154381084
1,1,0.39971826386855985,0.5994203806286956,0.0008613555027446176
0,0,0.9369673617693313,0.06290934860160766,0.00012328962906109285
1,0,0.9115881812390447,0.0883676725040059,4.4146256949379546e-05
1,1,0.03339609207949807,0.9631364614637954,0.0034674464567064724
1,1,0.1717744164657103,0.821198739367386,0.007026844166903612
0,1,0.42131532458322696,0.5772787386549623,0.0014059367618106636
1,1,0.0536152416179007,0.9437315524949778,0.0026532058871214636
1,1,0.17210735291027016,0.8237294542325239,0.004163192857205892
0,0,0.7841253984991126,0.21414006184954476,0.0017345396513426985
1,0,0.8193741516865104,0.18023511774572815,0.00039073056776131566
0,0,0.7021548806306748,0.29738513914487985,0.00045998022444537355
1,1,0.03662083850832834,0.9588759715729316,0.004503189918740126
1,0,0.693346769671367,0.30376778206651717,0.002885448262115857
1,1,0.08794606396411175,0.9072213086941268,0.004832627341761558
0,0,0.8806655008861883,0.11913065962071431,0.000203839493097347
1,1,0.13200998498764724,0.8599017063366413,0.008088308675711484
0,1,0.1296030078797449,0.8666599517993504,0.0037370403209046506
1,1,0.19537770728813347,0.7997013570546732,0.004920935657193215
0,0,0.5906827450312456,0.4083240752373878,0.0009931797313666693
1,1,0.11040788382418794,0.8872353981192519,0.0023567180565602325
1,1,0.014128344981376266,0.9817227255938897,0.004148929424734119
0,0,0.9665658438630238,0.033244875268490855,0.00018928086848546695
0,1,0.42251824189297427,0.5765323911473168,0.0009493669597088113
1,1,0.025265966957345776,0.9697390955988788,0.004994937443775472
1,1,0.034982798782089326,0.8345077404154826,0.13050946080242803
1,1,0.434019342571648,0.5643802636953374,0.0016003937330146421
1,1,0.10009454771691313,0.8968529720937317,0.0030524801893553207
1,1,0.12140478456610099,0.8679251791854362,0.01067003624846263
0,1,0.37568406395859255,0.6224020751765096,0.0019138608648978342
1,1,0.14058291533586076,0.8536722757160161,0.005744808948123062
0,0,0.5826230309359473,0.4154019660065651,0.001975003057487773
0,0,0.863103205969982,0.13674237382917856,0.00015442020083949567
1,1,0.09925061276044514,0.8985117651356149,0.0022376221039400435
1,1,0.12450233737908259,0.8659316631440492,0.009565999476868235
1,1,0.04785029400324035,0.9500755272353185,0.0020741787614411596
1,1,0.10474089166628921,0.8855457376325948,0.009713370701116074
1,0,0.8291087844280405,0.1707566949643815,0.0001345206075779329
0,0,0.8786214993373042,0.12116620813074137,0.00021229253195443275
1,1,0.3845034129397757,0.6138415383567463,0.001655048703477974
1,0,0.5320484863214673,0.4670459998266263,0.0009055138519063821
1,0,0.5099368315381194,0.48941081481968307,0.0006523536421974062
0,1,0.30655551319921914,0.6927924585052457,0.0006520282955350472
0,1,0.44699133155515475,0.5516782560942683,0.0013304123505769765
1,0,0.8391580160000511,0.16044814926767134,0.00039383473227762214
0,0,0.5919111854424985,0.4076688518369592,0.00041996272054226286
1,0,0.8174677488940841,0.18232212765050473,0.00021012345541111276
0,1,0.11285304240300847,0.8833600497828417,0.003786907814149764
1,1,0.0802245694570427,0.8746822429728767,0.045093187570080524
0,0,0.6631178288163415,0.3354531742336272,0.0014289969500312404
0,1,0.40237460260257524,0.5907940230961393,0.006831374301285513
1,1,0.0721200708019576,0.9261801381797198,0.0016997910183225017
0,0,0.7890313809417866,0.21079852016842415,0.00017009888978910506
2,2,1.0773869199164688e-06,0.01195693651329623,0.9880419860997838
1,0,0.7562637012405482,0.24351160453010873,0.0002246942293430646
1,2,0.00014454790894780659,0.33409066862893855,0.6657647834621135
1,1,0.18651693194882046,0.809183196127039,0.0042998719241405595
2,2,5.530638554125743e-06,0.03683190066010242,0.9631625687013435
0,0,0.754857058465086,0.24466096520700084,0.0004819763279131082
0,0,0.6196065261740509,0.37932497457698344,0.001068499248965691
1,1,0.306933786905163,0.6917957009458703,0.0012705121489666397
1,1,0.020942339683865586,0.9734367709177933,0.005620889398341044
1,0,0.9961587143104458,0.0020236761629329704,0.0018176095266212813
1,1,0.05740514991394994,0.9082945104179344,0.0343003396681158
0,0,0.750994056142272,0.24866076511411536,0.00034517874361273266
0,0,0.7205979784942985,0.2785591288310578,0.0008428926746436704
0,1,0.4705642601752792,0.5286905734830647,0.0007451663416560542
1,1,0.06220107248858142,0.9342942597595715,0.0035046677518470373
1,1,0.08550735442647567,0.9138330711362863,0.0006595744372379205
0,0,0.7080549415176361,0.2911302557101282,0.0008148027722356835
1,1,0.06575166794102008,0.9300247435332077,0.004223588525772187
0,0,0.6981692206162139,0.3009319471348324,0.0008988322489536796
1,1,0.04111247935419197,0.9556608633583007,0.0032266572875073824
0,0,0.6135620967111202,0.3857105820297714,0.0007273212591084294
1,0,0.507519036251874,0.4914387373538656,0.001042226394260417
0,0,0.6474310709608251,0.3519182612643249,0.0006506677748499798
0,0,0.7384796323859356,0.26083656359990937,0.0006838040141550502
0,0,0.7167261039229565,0.2831077487817402,0.00016614729530323202
0,1,0.30775078122544125,0.6907127071492807,0.0015365116252781701
0,0,0.9331041052547061,0.06647684370310353,0.00041905104219021815
0,0,0.6429231831376796,0.35689807356430436,0.00017874329801606886
0,0,0.829814896121846,0.16983077743157549,0.0003543264465785458
1,1,0.21980513170211757,0.7779134795383658,0.002281388759516622
0,1,0.409596358526777,0.5893298865213685,0.0010737549518546295
1,1,0.2713775549252828,0.7207692806589979,0.007853164415719146
1,1,0.05842723699136433,0.9383388421924785,0.003233920816157106
0,1,0.2236485761451864,0.7751858605335623,0.0011655633212512527
1,1,0.3896050108032002,0.6099463680337582,0.0004486211630415568
1,1,0.40869336327612804,0.5890910771530788,0.0022155595707932267
1,0,0.8034426818496029,0.1962861550916872,0.0002711630587099785
2,2,6.765850515441134e-05,0.08682563225404022,0.9131067092408053
1,1,0.08876831225917195,0.9090496132530689,0.0021820744877591274
1,1,0.46825460032226107,0.5303306655232194,0.0014147341545195007
1,1,0.09043684955050205,0.9072979309719468,0.002265219477551248
1,1,0.03566329994945898,0.889554965538491,0.07478173451205004
1,1,0.10153391511373179,0.8963814464328407,0.0020846384534276554
1,2,0.0009487721271997393,0.43964665456549046,0.5594045733073099
0,0,0.6636522537720358,0.33592068778218465,0.00042705844577937377
0,0,0.6534237726599984,0.3459973819613283,0.0005788453786733267
1,1,0.15337245575173314,0.844748620046509,0.0018789242017580004
0,1,0.4556198767906674,0.5435433728567127,0.0008367503526198819
1,0,0.8246427965993652,0.17504856358650267,0.0003086398141321416
1,1,0.3571772774195942,0.6419676493341439,0.0008550732462620366
1,1,0.20554498326068857,0.7547586950988361,0.039696321640475436
0,1,0.36136534334747633,0.6356671624639004,0.0029674941886231373
1,1,0.20939988115828914,0.778916056108557,0.011684062733153753
0,0,0.8435430612802552,0.1563031567825163,0.00015378193722855903
1,1,0.24642714348715733,0.7452262990112217,0.008346557501621032
0,0,0.8431281676995575,0.15652705510221834,0.00034477719822423894
0,1,0.31585281535343135,0.6815900008309884,0.0025571838155801735
0,0,0.7731973571215179,0.22621998880876584,0.0005826540697164084
0,0,0.9903969818675682,0.009579687228989725,2.333090344206844e-05
0,0,0.5825147586897855,0.41727884925664616,0.00020639205356833855
0,0,0.5005679028417521,0.499097744802599,0.00033435235564891
0,1,0.1904042525724753,0.8055911946049275,0.00400455282259717
1,0,0.9034319174738326,0.0962064187648366,0.0003616637613309128
0,1,0.2144321698435285,0.7800042753015288,0.005563554854942765
2,1,0.03645771542528637,0.8610724833764452,0.1024698011982686
1,1,0.058725495660220776,0.9376449157980992,0.003629588541680107
1,1,0.2225558793971918,0.7755237625058169,0.0019203580969913362
1,1,0.13812824376551436,0.8586714759377415,0.0032002802967442006
0,0,0.6286420171649179,0.369637158689212,0.0017208241458701308
0,0,0.5660613487808298,0.4330633854178505,0.0008752658013197266
1,1,0.03322658446516889,0.8360897056398059,0.1306837098950252
2,2,0.00012069877699202737,0.11843975281930573,0.8814395484037023
1,1,0.08952628488289999,0.9073736884334118,0.003100026683688236
0,0,0.8390166532930845,0.16079965142679611,0.00018369528011938152
1,1,0.15788377931115002,0.8222923693839782,0.019823851304871687
1,1,0.08456126227466909,0.9107369633751677,0.004701774350163179
1,1,0.12322516569669609,0.8699221188309968,0.006852715472307041
0,0,0.9676520802145373,0.032121402732874976,0.00022651705258775126
0,0,0.6337806543669693,0.3659386241760334,0.00028072145699725373
0,1,0.3759377172639563,0.6225043371618466,0.0015579455741970862
0,0,0.693948607743802,0.3059416479827448,0.00010974427345321522
1,0,0.6405402442444222,0.3583015579888183,0.0011581977667594792
0,0,0.621189956737335,0.3780733511776345,0.0007366920850303864
0,1,0.027122562034069535,0.8352102816769549,0.13766715628897563
1,1,0.39352344220416735,0.604936944180496,0.001539613615336567
0,0,0.9193712957167777,0.07963918496249552,0.000989519320726745
0,0,0.7622497263869482,0.23749282091413323,0.0002574526989185655
2,2,1.099740608380406e-08,2.2366585811828902e-05,0.999977622416782
1,1,0.05167437273405538,0.9392451647491283,0.00908046251681633
1,1,0.032952799854959566,0.9547551302033217,0.012292069941718893
1,1,0.2471278121984,0.7519037685906681,0.0009684192109320819
0,0,0.7942952260152911,0.20517856827382053,0.0005262057108883063
0,0,0.9283235944300062,0.07077060193226595,0.0009058036377278467
1,1,0.3473070418109758,0.6501463165978758,0.0025466415911482394
1,1,0.01922815703221624,0.9725081077791984,0.008263735188585421
1,1,0.49572843010812084,0.5026072075869831,0.0016643623048960734
0,0,0.5415340181199366,0.4578989685498355,0.0005670133302278874
1,1,0.2433303003496081,0.7547983474036946,0.0018713522466972817
0,0,0.9646218532990298,0.035206783517387506,0.00017136318358252581
1,1,0.17823807565326727,0.8205686169179838,0.00119330742874901
2,2,0.00015712784689683444,0.10164228205760768,0.8982005900954955
1,1,0.05725246313807218,0.9406057859549798,0.002141750906947821
0,0,0.8659043144262699,0.1338810108624556,0.00021467471127442254
0,0,0.6510622113807023,0.3485718621366216,0.000365926482675999
1,0,0.6283159113054285,0.3715113804777315,0.00017270821683995893
0,0,0.708270005402274,0.29163891176075485,9.108283697115858e-05
0,1,0.43342126474042786,0.5657831969194191,0.0007955383401529716
0,1,0.4011802355814485,0.597614018754672,0.0012057456638794634
1,1,0.23050131574482602,0.7669739827839445,0.002524701471229531
1,0,0.7058497900668689,0.2901585764472217,0.0039916334859094365
1,1,0.026435434928096444,0.967727250377938,0.005837314693965617
0,0,0.7244893425392018,0.27395284374538126,0.0015578137154170623
1,1,0.15851319267923178,0.8405518805089337,0.0009349268118346103
0,0,0.5303470713720317,0.46864389971616977,0.0010090289117985006
0,1,0.4550918960282693,0.542708998044535,0.0021991059271957874
0,0,0.9445758076371968,0.055129733857659395,0.00029445850514376486
0,0,0.8558221169042264,0.14405082569663974,0.00012705739913390036
0,0,0.8511286470156402,0.14879682173734082,7.45312470188601e-05
1,0,0.5623411208927102,0.43303920533743695,0.004619673769853003
0,0,0.8258509847149803,0.17399477789576515,0.00015423738925435493
1,1,0.4075184030520267,0.5916135749481505,0.0008680219998228797
1,1,0.03295842723748423,0.9432018217521935,0.023839751010322346
0,0,0.5524740608707687,0.44705277349140143,0.0004731656378299795
1,1,0.08007217727533117,0.8693765931939247,0.0505512295307442
1,1,0.15217790163826048,0.8457904532018473,0.0020316451598922283
1,1,0.011575761636418411,0.9691281473390697,0.01929609102451202
0,0,0.8156815895374426,0.18411180557943005,0.00020660488312723035
0,0,0.6051612845834125,0.39456045591461175,0.000278259501975815
1,1,0.42495253048107434,0.5664651214827322,0.00858234803619352
0,0,0.6436331979340543,0.3559426391854161,0.000424162880529587
0,1,0.42486284998412555,0.5745046438420645,0.0006325061738100425
0,1,0.31121526144449413,0.6869033799774351,0.001881358578070795
0,1,0.4361188069544588,0.5634847405153782,0.00039645253016293595
0,1,0.47891686240347203,0.5206046582012026,0.00047847939532537966
1,1,0.06193277594666019,0.9334977945148393,0.004569429538500448
1,1,0.10235093114858355,0.8885786593474511,0.009070409503965458
1,0,0.7467164653635439,0.25313780836071487,0.00014572627574140415
0,0,0.6019120590707969,0.3975801406532421,0.0005078002759607912
1,0,0.5610854001679394,0.43734937287092657,0.0015652269611340904
0,0,0.5021058439849599,0.497585284806622,0.0003088712084180561
0,0,0.9747775347534845,0.02508420635826494,0.00013825888825069572
0,1,0.3620379695806923,0.6369995479757663,0.0009624824435414737
2,2,0.00035718293382020454,0.17405463585360584,0.825588181212574
1,1,0.15954742838502772,0.8352728997988491,0.005179671816123014
1,1,0.16011519982487046,0.8383124113321734,0.0015723888429561056
0,1,0.36815288475075164,0.6288020401627071,0.0030450750865412433
2,2,0.00325384846879476,0.2772582339507425,0.7194879175804627
0,0,0.8735389318124989,0.12636761147050946,9.345671699176522e-05
1,1,0.38554497638148444,0.6114350302493486,0.0030199933691669187
1,1,0.08220624304391495,0.9160149487383075,0.001778808217777479
1,1,0.1322557106422344,0.8397621486161244,0.0279821407416411
1,1,0.12235340221277466,0.8752648708488039,0.0023817269384215104
2,2,1.2264125290339616e-06,0.01153078849337549,0.9884679850940956
1,0,0.662578046259111,0.336367390097122,0.001054563643767002
0,1,0.3016144113614164,0.6947044802872446,0.0036811083513389703
0,1,0.4208265411561553,0.5776059882417948,0.0015674706020499304
0,0,0.8074674375647343,0.1922403857404618,0.0002921766948040347
1,2,0.00041070946599322517,0.18020058597364794,0.819388704560359
0,0,0.8800510020783795,0.11980294555102683,0.0001460523705938671
2,2,0.002326823011209939,0.18806841294832197,0.8096047640404682
1,1,0.3498053345688433,0.6463220808321539,0.0038725845990028873
0,1,0.09989725153838357,0.8987023022457251,0.001400446215891308
0,0,0.6495632558517472,0.3502134336668438,0.00022331048140890967
2,2,0.0025586875104760005,0.2115079778604215,0.7859333346291025
0,0,0.6902070466847482,0.30871004231979493,0.0010829109954570081
1,1,0.14842829408623479,0.8268142061882763,0.02475749972548895
1,1,0.05807567181021735,0.9396181856191675,0.0023061425706150636
1,1,0.0580544350185758,0.9251618432275113,0.01678372175391285
0,0,0.7494298899702989,0.25032453353827355,0.0002455764914274383
1,1,0.43708105874509023,0.5589514523384446,0.0039674889164653
1,1,0.024869366640315617,0.9647120891411014,0.010418544218583086
1,1,0.03431294092561995,0.9336319711371035,0.03205508793727664
0,1,0.40943549341842045,0.5891267190843568,0.0014377874972228285
1,0,0.5428416759845619,0.45657096472969705,0.0005873592857410644
1,1,0.10958070111616544,0.8885814318902967,0.0018378669935377714
1,1,0.47058227416160936,0.5286159268809308,0.000801798957459678
1,0,0.6441604620553498,0.355455671652467,0.0003838662921830598
1,0,0.7093293080294573,0.29040703481521973,0.0002636571553230795
0,0,0.8648002226247139,0.13502236055263395,0.00017741682265212577
1,1,0.024011515593420147,0.9685123613554711,0.007476123051108749
1,1,0.3207012957704045,0.6782770836677937,0.0010216205618018863
0,0,0.6701898316877131,0.32962195821102386,0.00018821010126307119
0,1,0.3189997367734259,0.6792464794077036,0.0017537838188705793
2,2,1.6289785587377887e-07,0.00786956365574872,0.9921302734463953
1,1,0.022286144317529854,0.9702415014974662,0.007472354185003979
0,0,0.639330634976818,0.3591498455215199,0.001519519501662041
0,0,0.6995314137512305,0.3001943150218185,0.0002742712269509669
1,0,0.8411184834091096,0.15870617453141386,0.000175342059476647
2,2,0.0004997274227166353,0.3842502487985894,0.615250023778694
1,0,0.6758357629759205,0.32389410095967625,0.0002701360644031565
1,1,0.3943899400301441,0.6011117481259041,0.004498311843951963
1,1,0.17030959878771104,0.8213362449380258,0.008354156274263141
1,0,0.6771272745622022,0.32258719122541846,0.0002855342123791761
1,1,0.3458578472510556,0.6518586853679159,0.0022834673810284475
0,0,0.7709976190854014,0.22877884540014143,0.0002235355144570379
1,1,0.1448672851578627,0.8535959231922439,0.0015367916498934984
1,1,0.22303460669725061,0.7711728141255241,0.005792579177225342
0,1,0.11955412986396582,0.8776660763236332,0.002779793812400854
1,1,0.35319259877293696,0.6461691398066663,0.0006382614203967533
0,0,0.943852412629811,0.05585944243295697,0.00028814493723215375
0,0,0.7254646833255373,0.27430817880432057,0.00022713787014209895
0,0,0.5647441696705983,0.4348490118575291,0.0004068184718726315
1,1,0.29068611639029573,0.7068237308100905,0.0024901527996136472
1,1,0.17932869126821604,0.8194524668295293,0.001218841902254629
1,0,0.6045703849022198,0.3947799824871046,0.0006496326106756969
0,0,0.6923215454409928,0.3068278149493508,0.0008506396096564604
1,1,0.04164738692302001,0.9547406922684629,0.003611920808516871
0,0,0.9744148894232817,0.025438763760220622,0.00014634681649786124
0,0,0.8238266287180936,0.1752421797682518,0.0009311915136546089
0,0,0.9319421205979213,0.06774251019939462,0.0003153692026842525
2,2,0.0005804907113217445,0.12144740222294416,0.877972107065734
1,1,0.12203459068643539,0.8767627965598582,0.0012026127537063662
0,0,0.7466168742503801,0.25323589007064656,0.00014723567897326228
1,0,0.8201162524013538,0.17940398572059066,0.00047976187805564104
1,1,0.12699064678945224,0.8693039169743023,0.0037054362362454302
1,1,0.05830650661170524,0.8760228685898239,0.0656706247984709
1,1,0.17071030506223397,0.827175094355434,0.0021146005823318528
1,2,0.0007963406195570513,0.21784770203803486,0.781355957342408
1,1,0.0597700414576889,0.9371152028884032,0.003114755653907872
1,1,0.2552696073015309,0.7405633895923247,0.00416700310614437
1,1,0.2779857651309877,0.6986583057759076,0.023355929093104667
0,1,0.4159205817085281,0.5821271339432543,0.0019522843482177251
1,0,0.703919496573605,0.29563927210618524,0.00044123132020971263
1,1,0.3016518106754779,0.6970159171749029,0.0013322721496192237
0,1,0.3803670132968856,0.6182988134091417,0.0013341732939728581
0,0,0.5606202631403849,0.4390260597977056,0.0003536770619094521
1,1,0.014130499458409473,0.9717951339209782,0.014074366620612434
1,1,0.35847529245551213,0.640579923620004,0.0009447839244839315
1,1,0.12897321179780197,0.8693159349101796,0.0017108532920185517
1,1,0.43675326049211494,0.5626301736883491,0.0006165658195358947
1,1,0.45449848619317,0.5448255676107658,0.0006759461960641936
1,0,0.6074436714676451,0.39190048272989964,0.0006558458024552794
0,0,0.7395695875547108,0.2599029741263564,0.0005274383189328959
0,0,0.8611276037237636,0.1387578919162866,0.00011450435994961737
1,1,0.0677893858613299,0.9188521911610195,0.013358422977650587
1,1,0.20448662532884343,0.7933027495514198,0.0022106251197368584
0,0,0.7597381643086567,0.2393426791057363,0.0009191565856068105
1,1,0.19946175966968746,0.7973472429108411,0.0031909974194713445
1,0,0.5029391579269887,0.49660337812650956,0.0004574639465016861
0,1,0.10712679388303341,0.8862999909292445,0.006573215187722025
1,1,0.3230868482996039,0.6764728170566258,0.000440334643770401
1,0,0.6998526309338071,0.29941408492184535,0.0007332841443474755
1,1,0.39630164194911,0.6024616382706234,0.0012367197802665873
0,0,0.6083682701140547,0.3909044131772837,0.0007273167086616782
0,0,0.8570764023852772,0.1428610228381636,6.257477655924073e-05
0,1,0.021131706813757804,0.8442199248446256,0.1346483683416166
1,1,0.050450608339314085,0.6075562350994961,0.34199315656118984
1,1,0.3294805814878872,0.6681404416245893,0.0023789768875233834
1,1,0.197623859568404,0.8002034924320518,0.0021726479995441586
0,0,0.6452533932468835,0.3545097255881027,0.00023688116501385798
0,0,0.6591823406267696,0.3380661041373679,0.0027515552358624833
2,2,0.0010439679080464378,0.19980601724660493,0.7991500148453485
0,1,0.20774914480366427,0.7879768284972086,0.004274026699126993
0,0,0.7767568948149233,0.22258190201808098,0.0006612031669956592
1,1,0.16395765777594376,0.8312070207269147,0.004835321497141553
0,0,0.7103089894753792,0.28945618814443635,0.0002348223801843464
0,0,0.6858129477329695,0.3123219035950393,0.0018651486719911902
0,0,0.7320288213033718,0.26764729868734755,0.00032388000928077967
0,1,0.33615827410876625,0.6619816831825834,0.001860042708650342
1,1,0.293054982052902,0.6975496337235988,0.009395384223499177
1,0,0.6429480882515667,0.35645251051954907,0.0005994012288842405
0,0,0.7856359434765787,0.2140736338792759,0.0002904226441454919
1,0,0.5894676940130998,0.41023960695716893,0.00029269902973125955
2,2,8.390506594616368e-05,0.10339759903355353,0.8965184959005003
1,1,0.4057401869433357,0.5934945287922534,0.0007652842644108526
1,1,0.3215962645456548,0.6761202729059891,0.0022834625483561335
1,0,0.554036481399536,0.4445424298917624,0.0014210887087015781
1,1,0.30102522175758517,0.6967204021182076,0.002254376124207086
1,1,0.39574251237375974,0.6004037333641737,0.0038537542620665304
0,0,0.5983007782597599,0.40115993087189195,0.0005392908683481079
1,1,0.4224428837484703,0.576360851563952,0.0011962646875778903
1,1,0.2799709881921243,0.7191688179200707,0.0008601938878048835
1,1,0.19023397709996973,0.8082400030466029,0.0015260198534274207
1,1,0.08436488333133167,0.9119589027481635,0.0036762139205047603
1,1,0.3777660165152831,0.6203585310640052,0.0018754524207118674
1,1,0.3552723575251684,0.640688605382478,0.004039037092353642
1,1,0.3535080581054417,0.6413247919607521,0.005167149933806222
0,1,0.1296264163272706,0.8615994164259512,0.00877416724677818
2,2,5.3304310337607497e-05,0.04740284668565572,0.9525438490040066
0,0,0.7182611701029203,0.2815956538161013,0.00014317608097818736
0,0,0.5119251643660402,0.4869217583937801,0.0011530772401797012
0,0,0.5323868642931882,0.4669587301356567,0.0006544055711552338
1,1,0.3609385074950809,0.6381437443688801,0.0009177481360390818
1,1,0.0985881180142917,0.8992304701600824,0.0021814118256260426
0,0,0.5285298560527216,0.47088645984803956,0.0005836840992387836
1,1,0.23768578101828694,0.7597770759901576,0.002537142991555305
1,0,0.5820986134734114,0.4174430883277634,0.0004582981988253508
1,1,0.045410140795455065,0.9452134205840184,0.009376438620526542
0,0,0.9100010152611212,0.08920934652555285,0.000789638213325769
1,1,0.13322695931784725,0.8652778851239143,0.0014951555582384713
1,1,0.24572820611525514,0.7522016406431946,0.002070153241550308
1,0,0.7264114799780954,0.2730142774072057,0.000574242614698786
2,1,0.00886092865462845,0.6370538745982182,0.35408519674715333
0,0,0.6592643691205732,0.34013794240722145,0.0005976884722055019
1,1,0.3261129450823997,0.6722447589375352,0.001642295980065085
1,1,0.40964880614904225,0.5893125945474257,0.0010385993035320355
2,2,6.712955103602908e-05,0.0907768278059235,0.9091560426430405
1,1,0.2137662062412675,0.7849173280698425,0.0013164656888899318
0,0,0.7820593649111038,0.21778334977264535,0.00015728531625086036
0,1,0.36146877402747307,0.6357763058136852,0.002754920158841814
1,1,0.08022042923245891,0.9124104749581012,0.007369095809439873
0,0,0.8199167636653006,0.17940056498044296,0.0006826713542563956
1,1,0.15470665522771798,0.8128856597683585,0.03240768500392355
2,2,0.00132867150154743,0.19312206726114772,0.8055492612373049
1,1,0.48742858063475514,0.5102469003736677,0.002324518991577195
1,1,0.09876081656951956,0.8971794478725936,0.004059735557886791
1,1,0.04916678091044814,0.9478018143531196,0.0030314047364321008
0,1,0.4089531004348326,0.5887221552130351,0.0023247443521322623
0,1,0.35633138824342164,0.6413668866688772,0.0023017250877012682
1,1,0.37278768980536503,0.6253701295975204,0.0018421805971146562
0,1,0.3094270569507635,0.6873289343704287,0.0032440086788079205
1,1,0.01656918410127679,0.9754463816695179,0.007984434229205169
1,1,0.25808127618791366,0.7392385704171633,0.002680153394922907
0,0,0.5109659349913322,0.48822119321526164,0.0008128717934061041
1,1,0.475287637127587,0.5242159444904831,0.0004964183819299595
0,0,0.9666318042120197,0.0331980816780318,0.0001701141099485372
0,1,0.2515212092568354,0.7449298838644051,0.0035489068787595167
1,1,0.3144891057431389,0.6827123482564712,0.0027985460003899752
1,0,0.5753366486335612,0.4244173863087338,0.0002459650577050829
0,0,0.5106286822621326,0.48043328969716936,0.008938028040697914
0,1,0.30364438675496996,0.694393170747134,0.0019624424978959376
1,1,0.18003354194842655,0.815957653314889,0.004008804736684371
0,1,0.3785710987270471,0.6209966601500039,0.0004322411229490213
0,0,0.7920860301485094,0.20738982575666728,0.0005241440948232397
1,0,0.7468850363533986,0.252770333030522,0.00034463061607936576
0,1,0.488295411571391,0.511322227056098,0.00038236137251098626
1,1,0.11521904801360079,0.8793095516960165,0.005471400290382691
1,1,0.46964218801046714,0.5286295621027808,0.0017282498867521008
2,1,0.021278194366233925,0.9040106182174799,0.07471118741628618
1,1,0.08883725719270771,0.9078719699272343,0.003290772880057982
1,1,0.056184131631954834,0.8693104665110097,0.07450540185703543
0,0,0.8776107064770183,0.1217715777384267,0.0006177157845548174
1,0,0.6374775166492129,0.3619688599149622,0.0005536234358249885
1,1,0.3924714281431935,0.6049413052116894,0.002587266645117165
2,2,2.2892503956182247e-08,2.7798956971482317e-05,0.9999721781505244
1,0,0.6564538462700815,0.3431885588477934,0.0003575948821250336
1,1,0.40976115493669846,0.5894784619719549,0.0007603830913467188
0,0,0.5352301888838024,0.45889104320907165,0.005878767907125972
0,0,0.5566615152055412,0.4429105962367536,0.0004278885577051793
1,1,0.04038550174629306,0.9564425739752288,0.0031719242784781867
0,0,0.9992214976710504,0.0007203956407045555,5.810668824483619e-05
0,0,0.8214620727852819,0.17819840935151363,0.0003395178632044387
1,1,0.27136674412557293,0.7254139932567847,0.0032192626176423393
1,1,0.2295578499549998,0.7681607374922592,0.0022814125527410235
0,0,0.8925984738681959,0.10692963008504755,0.0004718960467565406
1,1,0.18943891038333877,0.8064125068105858,0.004148582806075273
0,0,0.6394494527828921,0.359960614668664,0.0005899325484438843
1,1,0.15382852960599794,0.8444616488161714,0.001709821577830813
0,0,0.854400432227712,0.14536579942418718,0.00023376834810088801
0,0,0.9075096637338242,0.09192861581345918,0.0005617204527163927
1,1,0.048605316173496976,0.9478083887578648,0.00358629506863823
0,1,0.23990377966655962,0.7556079986747548,0.004488221658685538
1,1,0.27219996256849416,0.7248717791001668,0.0029282583313389866
1,1,0.04163538563081938,0.9556339953098129,0.002730619059367707
1,1,0.14940901731328773,0.848829467042151,0.001761515644561261
0,1,0.389691856680134,0.6088081115077376,0.0015000318121282078
0,0,0.9681940369068412,0.03164566922959576,0.00016029386356300433
1,1,0.18740298395560692,0.8088115995368165,0.003785416507576651
1,1,0.06534288301193227,0.871758445049377,0.06289867193869067
0,0,0.6046204133457488,0.3951865553816543,0.00019303127259693282
1,1,0.14849314629744,0.8122807910573168,0.03922606264524312
0,0,0.8074286872346095,0.1924776681619024,9.364460348810674e-05
0,0,0.9056160222236652,0.09429968592102775,8.429185530697344e-05
1,1,0.16219803618830061,0.8358418457594022,0.001960118052297042
0,0,0.7097114079826629,0.288908654698316,0.0013799373190211488
1,1,0.13442057950839323,0.8553589541247899,0.010220466366816965
0,1,0.19442857145327083,0.7959158648215291,0.009655563725199958
1,1,0.08199050815497601,0.9158015729165502,0.002207918928473967
1,2,0.0010495851463000433,0.3941389039493503,0.6048115109043497
1,1,0.24828076762270687,0.7495940661134536,0.0021251662638396116
1,1,0.1519894305436122,0.8453497847622259,0.0026607846941618307
1,1,0.372810145605784,0.624066833552901,0.0031230208413149485
0,1,0.3501624676869203,0.6435130496806275,0.0063244826324523155
1,1,0.09171653613945134,0.9027270853381816,0.0055563785223668935
0,0,0.5263176719647475,0.4734246940907617,0.0002576339444907118
1,1,0.12893989736107392,0.867469684991211,0.003590417647715026
1,0,0.5664497838907858,0.4328646758809024,0.0006855402283117108
0,1,0.21420723394989707,0.7765397541346523,0.009253011915450804
0,0,0.9464426184574497,0.053067072360157945,0.0004903091823925445
1,1,0.20684093457239036,0.7890917985202819,0.00406726690732764
0,0,0.954563952654257,0.045219760262256416,0.00021628708348653313
0,0,0.588913897309763,0.4104910805002488,0.0005950221899882732
1,1,0.3830874889213618,0.6155572985009585,0.0013552125776796324
1,1,0.015453223694523113,0.9782577263279854,0.006289049977491738
0,0,0.9264097487866592,0.07355415858656432,3.609262677645887e-05
0,1,0.3393265456735107,0.6585520072612308,0.0021214470652585696
2,2,0.001296514353129929,0.16509093638449493,0.8336125492623752
2,2,2.2570109897391272e-05,0.09840912384423942,0.9015683060458632
1,1,0.3069057833431474,0.6558898850826802,0.037204331574172314
1,1,0.35153646671157723,0.6473890570268253,0.0010744762615975435
0,0,0.7527337245731044,0.24715852368866997,0.0001077517382256479
0,1,0.4355015752487721,0.5635407321451014,0.0009576926061264757
1,1,0.029611103208233788,0.963539998091342,0.006848898700424174
1,1,0.1846970745659976,0.814049765134552,0.0012531602994503284
1,1,0.23131295376376076,0.7661357005809886,0.0025513456552506107
1,0,0.5062404824185018,0.4921841801096184,0.0015753374718797393
1,1,0.4953584193676911,0.5032565421902783,0.001385038442030616
2,2,2.04974894908105e-06,0.00032873869657606524,0.9996692115544747
0,0,0.8179995042853397,0.1817628132718402,0.00023768244281998111
0,1,0.318520795443026,0.6716851228901459,0.00979408166682815
0,0,0.9568178054294019,0.04301592470069592,0.00016626986990197446
0,0,0.5021837680484031,0.49625865579237194,0.0015575761592250398
1,1,0.1261024663059174,0.8677608544879456,0.006136679206137131
1,1,0.03235880149581004,0.9650739110677192,0.0025672874364706154
1,1,0.21939377037317687,0.7768290153880856,0.0037772142387376183
1,0,0.504102120797784,0.48895483540065926,0.0069430438015566755
1,1,0.02084088997008109,0.6563212841778836,0.3228378258520353
1,1,0.001629965540110877,0.6372331396732337,0.3611368947866555
0,0,0.5100291274401865,0.48938106505430595,0.0005898075055076846
1,0,0.7781411066022965,0.22174644997650556,0.0001124434211978984
0,1,0.4255782187223584,0.5740765677366421,0.00034521354099947734
0,1,0.05346145268969574,0.9436929794680856,0.0028455678422187906
1,1,0.043939989939552615,0.9522143868968723,0.003845623163574871
1,1,0.031162304678519513,0.9433782584118078,0.025459436909672714
1,1,0.03387162054101494,0.8666409172531447,0.0994874622058403
1,1,0.26322508774007713,0.7356914756958328,0.0010834365640900517
1,1,0.3160945860535065,0.6825146309556251,0.0013907829908683604
1,1,0.0115128272197717,0.9777940179472233,0.010693154833004858
0,1,0.43194090631715204,0.5665725160198088,0.0014865776630391275
1,1,0.31021564609881236,0.6875161221236132,0.0022682317775743555
0,1,0.30075823045242506,0.6975754982969395,0.0016662712506355193
0,0,0.5616830264949675,0.4378169994084702,0.0004999740965622798
2,2,0.0004923193102508905,0.21539396792455223,0.7841137127651968
1,1,0.413601985823836,0.5857162206729256,0.0006817935032383867
0,0,0.7237922772198746,0.2751695981167694,0.0010381246633561075
1,1,0.04396779916424189,0.8944997926804911,0.06153240815526723
0,0,0.566452367535017,0.4328440508109196,0.0007035816540633664
0,1,0.2684384677254266,0.7300989007614057,0.001462631513167733
1,1,0.12395189666727276,0.8699318128954783,0.006116290437248913
1,1,0.037616147684193676,0.9543593263513459,0.008024525964460317
2,2,0.00045006851542609707,0.0575066193661924,0.9420433121183814
2,2,0.007651883555830323,0.276083323241308,0.7162647932028617
0,0,0.8476147861039148,0.15218186601968708,0.0002033478763981729
1,1,0.18064783926045633,0.805721882005102,0.01363027873444177
0,1,0.3280641401964599,0.6710225590551241,0.0009133007484159741
1,0,0.8857979051697377,0.11396526440701253,0.00023683042324972161
1,1,0.41990247477812725,0.5703789658209432,0.009718559400929543
0,1,0.09656453224928489,0.8477083090794403,0.05572715867127475
1,1,0.24520142092899197,0.7493178847856712,0.00548069428533693
1,0,0.7352025277851391,0.2645520682330436,0.00024540398181741924
0,0,0.9454797640212036,0.05415512216581683,0.00036511381297951257
0,1,0.39304804674969346,0.6048842190866706,0.00206773416363597
1,1,0.061590775423011196,0.918183789957224,0.020225434619764702
0,0,0.9710984986289722,0.028814384758050073,8.711661297768091e-05
1,1,0.040167320061238,0.9544466847806762,0.00538599515808589
0,1,0.19392398080375492,0.8048779655129932,0.0011980536832519898
1,0,0.6257640047127048,0.37270007760869256,0.0015359176786027002
0,0,0.9898032546531258,0.010129413432522764,6.733191435131181e-05
0,0,0.8523925761572378,0.14720069020510823,0.00040673363765389317
0,1,0.34521560196231804,0.6538698598728925,0.0009145381647893421
1,1,0.1351826931720525,0.8622055390838994,0.002611767744048192
1,1,0.030669042357606747,0.9205187576340278,0.048812200008365426
1,1,0.2944210129276357,0.7028742275968637,0.0027047594755007093
0,0,0.6359094952212326,0.3631182244247658,0.0009722803540014809
0,0,0.7207257011954715,0.27870718306926057,0.0005671157352677305
1,1,0.2852768849545393,0.7138216709162536,0.0009014441292071204
1,1,0.3199885538905004,0.6787508000293007,0.001260646080198961
1,1,0.31241511468801253,0.6858599503882059,0.0017249349237816053
1,1,0.2272906928672912,0.7584855428492056,0.01422376428350329
1,1,0.2851067479528997,0.7119452288816509,0.002948023165449452
0,0,0.5924418554824116,0.40700016348302076,0.0005579810345675879
1,1,0.1624065374068496,0.8348556838068898,0.0027377787862605286
1,1,0.014992366474696334,0.9803881243262987,0.004619509199004827
0,0,0.589041629722198,0.4105747484877286,0.0003836217900733133
0,0,0.5288874846514667,0.4677696843812298,0.0033428309673035
1,1,0.3214728109416808,0.6778955860333951,0.0006316030249240853
1,1,0.38992592659443215,0.6081071410579615,0.0019669323476063233
0,0,0.5360771515856246,0.4629948793245107,0.000927969089864566
1,1,0.12042932046040697,0.8741575164884645,0.005413163051128588
1,1,0.062186390717006365,0.9353729177248363,0.0024406915581571846
1,1,0.0441370465759599,0.9395023248858363,0.016360628538203727
1,1,0.1594012909289163,0.8324856317110292,0.008113077360054477
0,0,0.7460535539490148,0.25387744116001054,6.900489097455975e-05
1,0,0.678608822781964,0.3202538241049591,0.0011373531130768166
1,1,0.19416847581141758,0.8046302850443804,0.0012012391442019793
0,1,0.4814179778611986,0.5177281675924469,0.0008538545463545184
0,0,0.8544577321123277,0.14376116465948965,0.0017811032281825983
1,0,0.7315421181291202,0.26787264587042314,0.0005852360004567504
1,0,0.66856198388539,0.3312257426733774,0.00021227344123262145
0,0,0.8897881011869173,0.10503358258060633,0.005178316232476177
1,1,0.23956419527790607,0.759534546393467,0.0009012583286269615
1,0,0.5057361038162689,0.49296890330084564,0.0012949928828854442
0,0,0.6881224280579973,0.3115067316951892,0.00037084024681352604
1,1,0.191964696836737,0.8071660433641665,0.0008692597990964358
1,1,0.029594790979341742,0.9642506588357462,0.006154550184911851
1,1,0.01462544400804665,0.9783013609734231,0.00707319501853019
0,0,0.8087796432474131,0.19066419864704465,0.0005561581055422519
1,1,0.41144391642582956,0.5844927961089639,0.0040632874652065725
1,1,0.06743008675744772,0.9291229030514514,0.0034470101911009705
0,1,0.17092186820764654,0.8275460724769549,0.0015320593153986374
1,1,0.1656695249138794,0.8329915565974662,0.001338918488654519
1,1,0.056578640791012554,0.9356609554513694,0.007760403757618004
0,0,0.5156752369171049,0.4825441618150258,0.0017806012678691814
1,1,0.09725096181129017,0.9013400071171932,0.0014090310715165883
1,1,0.014374169659209199,0.9751896501189438,0.010436180221847079
0,0,0.612227250772228,0.38602803084115894,0.0017447183866129488
0,0,0.916891762348675,0.08240186494112116,0.0007063727102039017
1,1,0.06546825917002069,0.9298705943702618,0.004661146459717375
0,1,0.47182161266345907,0.5275513676577176,0.0006270196788233444
0,1,0.1599313428772166,0.8388879993357204,0.0011806577870629685
0,0,0.9041479060802682,0.09566059523006629,0.000191498689665567
0,0,0.6870607356829199,0.3125831280657432,0.0003561362513370363
2,2,1.5766522557899954e-05,0.04886272649542819,0.9511215069820139
1,0,0.5095360154511632,0.48783285706619045,0.0026311274826461666
0,0,0.6212205253646426,0.3783182142337122,0.0004612604016453133
0,0,0.5361835976755639,0.46316943352973383,0.0006469687947023577
0,1,0.3637125622833541,0.6359989960545005,0.00028844166214536877
1,1,0.33248934074993397,0.6624758078027688,0.0050348514472972365
1,1,0.39305589814931824,0.6043781720942443,0.0025659297564374385
1,1,0.26777209606329094,0.7297627432877277,0.002465160648981385
1,1,0.14363709233222005,0.8544438481526253,0.0019190595151545756
1,1,0.15988439819705103,0.835864343549566,0.00425125825338304
0,0,0.6887365436912931,0.3097684226008753,0.0014950337078315752
0,1,0.45407170968526567,0.5451667582823667,0.0007615320323676449
1,1,0.4915386854421466,0.5075633296201307,0.0008979849377227138
0,1,0.4288513858444657,0.5707443230895302,0.00040429106600410933
1,1,0.10055885171887952,0.8946643892064752,0.004776759074645464
2,1,0.013562527999935773,0.7377635104091099,0.24867396159095423
1,1,0.11978299181890069,0.8716438478079335,0.008573160373165897
0,0,0.5581565016482084,0.4412223324889652,0.0006211658628263236
0,1,0.20708369956419734,0.7908413919669053,0.0020749084688972768
1,1,0.10437860848685822,0.7659848018313102,0.1296365896818315
2,2,0.0038758825269958933,0.20609219558797878,0.7900319218850254
1,1,0.21547142149550325,0.7778741263919553,0.0066544521125414865
1,1,0.26432875030805997,0.7319477505628547,0.0037234991290854363
1,1,0.4185786837898958,0.5806461424202156,0.0007751737898885091
0,0,0.6594781845091331,0.34002800897865315,0.0004938065122138303
0,0,0.6107085959926055,0.3875235869489327,0.0017678170584618695
0,0,0.8700237377372704,0.12989180336959505,8.445889313472595e-05
1,1,0.15314507482876294,0.8452663861972173,0.001588538974019765
1,1,0.1196055949492173,0.8761934611921345,0.004200943858648167
0,0,0.6335190604248125,0.3661720584292473,0.00030888114594017276
0,0,0.8605924508054208,0.13928495577049305,0.0001225934240860931
1,1,0.2342747938406703,0.7595777548804263,0.0061474512789034515
1,1,0.28247289023298106,0.7133750222742317,0.004152087492787307
1,0,0.776564899468661,0.22007370009617247,0.0033614004351665556
0,0,0.9411351088393175,0.05863023809485293,0.00023465306582960872
1,1,0.09177867965676377,0.9009416272718241,0.0072796930714120935
0,1,0.06491373195314773,0.9301138577131823,0.004972410333670126
0,0,0.6397130081946465,0.36009661709343593,0.0001903747119175944
1,1,0.3176998201161291,0.6798017839585682,0.002498395925302697
2,2,5.16899993103283e-07,0.002922781602727438,0.9970767014972796
1,1,0.09166328732524312,0.8882543726832021,0.020082339991554912
1,1,0.1052672996498697,0.8921076677454615,0.00262503260466896
1,1,0.017824590060283103,0.9726855036713031,0.009489906268413643
1,0,0.5875753924432588,0.41181897310584015,0.0006056344509010467
1,2,0.00026691385370056095,0.33688154097717815,0.6628515451691213
1,1,0.044167188337799236,0.9287720943694853,0.02706071729271556
0,0,0.5953509298701422,0.40442995922203545,0.00021911090782240756
0,1,0.3136032992858521,0.6822362241449412,0.004160476569206677
0,0,0.6467148699851767,0.3531039109249079,0.00018121908991544902
1,1,0.12501251622302004,0.8709692914183363,0.004018192358643532
0,0,0.5323470758634028,0.46714729261488186,0.0005056315217153692
0,0,0.6423432970935917,0.3551477570116795,0.0025089458947287857
0,0,0.6848175047548118,0.3147880637922845,0.000394431452903574
1,1,0.44170768777839686,0.5570673688493215,0.0012249433722815437
1,1,0.12367332560637927,0.8750296365123778,0.0012970378812428797
1,0,0.7240440718866887,0.2755133019947596,0.00044262611855171966
0,1,0.46020689445204765,0.538675376278201,0.0011177292697514053
0,1,0.16795093509943218,0.8294015507244599,0.002647514176108016
1,1,0.21331361371745353,0.776816780333167,0.009869605949379445
0,0,0.6783524354253125,0.3214030686647674,0.00024449590991998616
1,1,0.37459079661960676,0.6229305650052273,0.0024786383751659686
0,0,0.7358242707549744,0.26315083878551504,0.001024890459510531
0,1,0.14721486251525162,0.849009690505217,0.003775446979531364
2,2,0.0008343896341543169,0.15540417378378027,0.8437614365820654
1,1,0.38769435039536654,0.6092058483648151,0.0030998012398183307
1,1,0.048759966189261136,0.9033254493805716,0.047914584430167266
1,1,0.3603918467412573,0.6344262348165529,0.005181918442189767
1,1,0.08241635409993982,0.9064545386888632,0.011129107211196903
0,0,0.6984864795670992,0.30119800235976707,0.00031551807313370876
1,1,0.3958919774505273,0.6031288068346081,0.00097921571486464
1,1,0.02992148149872076,0.9620706795343389,0.008007838966940437
0,0,0.9678641252473407,0.031855850269230525,0.0002800244834288036
0,0,0.7837362301567635,0.2161282631325393,0.00013550671069713035
0,0,0.6714563990453846,0.32830190097105716,0.0002416999835582043
1,1,0.3227536162159409,0.6676653118295209,0.009581071954538127
0,0,0.9069301408994357,0.09263763205037168,0.0004322270501926146
1,1,0.1067731345919329,0.8866167116674166,0.006610153740650527
2,2,0.00018763470447404998,0.09525997173335272,0.9045523935621732
0,0,0.5644794133346328,0.43513941818895285,0.0003811684764143499
0,0,0.8255059588845384,0.17437712472197817,0.00011691639348358631
1,1,0.3037939426120567,0.6943211396624849,0.0018849177254584518
0,0,0.5677649627575169,0.4315384035404123,0.0006966337020708703
1,0,0.7310520456774098,0.2687370945595929,0.00021085976299736937
0,1,0.20446815477815722,0.7939444687065529,0.001587376515289899
1,1,0.4244324135171668,0.5739698169270965,0.0015977695557367914
1,1,0.4609835143791842,0.5386372521304117,0.0003792334904040234
0,0,0.9700636417441885,0.029781448514736634,0.0001549097410749169
1,1,0.0370660648456413,0.8804754497929839,0.08245848536137476
1,0,0.8695240636199203,0.13039078540013732,8.515097994231236e-05
0,0,0.696714813832078,0.3025014880518425,0.0007836981160793929
1,1,0.3230242395473407,0.6750870307093371,0.001888729743322302
1,0,0.5728400087951533,0.422798002431025,0.004361988773821728
0,0,0.6776334307969983,0.32171718202063354,0.0006493871823681775
1,1,0.07356398323186183,0.9245750363776729,0.0018609803904653423
1,0,0.7270747589981787,0.272324797264531,0.0006004437372902191
0,0,0.6749087042665777,0.32462717125363194,0.00046412447979037415
1,1,0.15872908552847675,0.8167931552714986,0.024477759200024554
0,0,0.9362574919811069,0.06342010039535968,0.00032240762353361057
0,0,0.6735009605977953,0.32621255268175847,0.0002864867204463656
1,1,0.009227177589809258,0.978374633703685,0.012398188706505551
0,1,0.09235148160457947,0.9055270452939524,0.0021214731014682353
1,1,0.2016360746859684,0.7907951374947684,0.007568787819263315
1,1,0.3406292196689684,0.6588032899705375,0.0005674903604940618
0,1,0.26456950165627496,0.7316640992130314,0.0037663991306936527
0,0,0.7632896864168675,0.23659820497411652,0.00011210860901613326
2,2,2.774098877653848e-06,0.014861702285999876,0.9851355236151225
2,2,0.0005096139311680279,0.17412520954825814,0.8253651765205738
0,0,0.8739593991925005,0.12595616062114423,8.44401863551175e-05
1,1,0.45065044280607347,0.5486583654375552,0.0006911917563712487
1,1,0.0006837593418278639,0.5074812602149164,0.49183498044325574
1,1,0.20844980617410305,0.7907126245166924,0.0008375693092045152
0,0,0.8873934285011218,0.11256941051027675,3.716098860156485e-05
1,1,0.16060515402788655,0.8367286145388811,0.002666231433232319
0,0,0.6156342875681199,0.38408409367601426,0.000281618755865868
1,0,0.5682098135378005,0.43145419594465867,0.00033599051754080084
1,1,0.19323636204014502,0.8048144177816554,0.0019492201781995775
0,0,0.8811979989681089,0.1186427418278381,0.0001592592040530216
1,1,0.16019936365949242,0.8381896300407666,0.0016110062997408373
0,0,0.6519882086824266,0.3477697453517754,0.0002420459657981201
0,0,0.5910714305501105,0.40846602124977477,0.00046254820011492926
0,0,0.6574384861436859,0.3415413469591375,0.0010201668971764138
1,1,0.3588371963399558,0.6399742001626673,0.001188603497376905
1,1,0.15309394665835732,0.8451590813156687,0.001746972025973924
0,0,0.7886327875050093,0.20704277895862006,0.004324433536370761
1,1,0.1466647551486449,0.8502158389483141,0.003119405903041078
1,1,0.24196705626560921,0.7564838687965252,0.0015490749378657008
0,0,0.7494642705413558,0.2494857960210747,0.0010499334375693866
1,1,0.04886750598717953,0.9435415506751523,0.0075909433376681835
1,1,0.09529472011696767,0.8890660486008579,0.015639231282174388
1,1,0.2962449265819585,0.69833844176167,0.005416631656371426
0,0,0.6981968361480615,0.3011967727692488,0.0006063910826897032
1,2,0.00013594940255153557,0.3716653017038394,0.628198748893609
0,0,0.9555022708906131,0.04410805520952972,0.0003896738998570587
1,1,0.2055331240936853,0.7922548635012018,0.0022120124051128493
0,0,0.6811585307731147,0.318230520163222,0.0006109490636633507
1,0,0.5351696407065083,0.46352052522363435,0.0013098340698574488
1,2,0.019129921470844767,0.3329540051001925,0.6479160734289627
1,1,0.23318694585395827,0.7650762979940876,0.0017367561519540523
1,1,0.35237658519841736,0.6470926493273117,0.0005307654742710215
1,1,0.3268066366804865,0.6710478278455547,0.0021455354739588236
0,0,0.548781554337378,0.45057477214547076,0.0006436735171511468
1,0,0.7762062758764243,0.22320797483703989,0.0005857492865358341
0,1,0.056915799589623284,0.9314554901636237,0.011628710246752811
0,0,0.8988509392519624,0.10110146613492528,4.7594613112366824e-05
0,0,0.6254935125605432,0.3739721741882301,0.0005343132512266645
1,1,0.37759093053952064,0.620609896909912,0.0017991725505673542
0,0,0.8692465094243345,0.13065728407939053,9.6206496274966e-05
1,1,0.10016892335543116,0.8766012471875836,0.023229829456985387
0,0,0.8814413219567192,0.11836314348255136,0.0001955345607294114
0,0,0.7469625992941092,0.24866182142503118,0.004375579280859586
2,2,0.0008882443030973771,0.20427159003152826,0.7948401656653744
1,1,0.0704741905758383,0.9138871003648635,0.01563870905929817
1,0,0.7786046568712529,0.22116454827161378,0.0002307948571333
1,1,0.2109776151871096,0.7876099526831973,0.0014124321296930342
0,1,0.36065033432864446,0.6384036853932858,0.0009459802780696559
1,0,0.5298563570648549,0.4667958935223739,0.003347749412771221
0,0,0.7219099815916835,0.27795080962774105,0.00013920878057547647
1,1,0.2518403781256751,0.7467480859642408,0.0014115359100841294
1,0,0.6530897923963845,0.34643012567195186,0.00048008193166367637
0,0,0.6793208762729391,0.32008874836574913,0.0005903753613117455
0,0,0.6930603999764098,0.3066147996026903,0.0003248004209000178
1,0,0.6022905175031041,0.39731969811851464,0.000389784378381225
0,1,0.485941737129514,0.5136328215537871,0.0004254413166989088
1,1,0.1779069329173921,0.8178651842450572,0.004227882837550631
1,1,0.31730115118923685,0.6790533079106971,0.003645540900066124
1,1,0.23303383563079524,0.7651563493715042,0.001809814997700635
1,1,0.16183889737032744,0.8370085441051291,0.0011525585245434297
1,0,0.5868158179505335,0.4124847553704368,0.0006994266790298001
0,1,0.49132899113374234,0.5081618713646713,0.0005091375015863549
0,1,0.4608736855926125,0.5382610874953085,0.000865226912079077
0,0,0.5579672227259588,0.44130878866260786,0.0007239886114334131
0,0,0.7327426708911207,0.26673375312983577,0.0005235759790434232
1,0,0.5536249768903471,0.4442134987367848,0.0021615243728681757
0,0,0.8341414424071677,0.16490665458422135,0.0009519030086108638
0,0,0.5912944813494538,0.4083474626593242,0.00035805599122196163
0,1,0.26822491718237884,0.7305237019947544,0.0012513808228668201
2,2,5.4179389225261746e-05,0.07919499510343228,0.9207508255073424
0,0,0.6133569412841207,0.3860014803043382,0.0006415784115411464
1,1,0.10410372257588503,0.8938942792875595,0.002001998136555454
1,1,0.141138716249668,0.8576834498385417,0.001177833911790385
1,1,0.013338786341112708,0.9833464397935552,0.0033147738653320595
1,1,0.07597522498714354,0.9210967900821695,0.0029279849306869605
1,1,0.13667726383857898,0.861969893494809,0.0013528426666120168
1,1,0.04168498782206101,0.954637567495158,0.0036774446827809205
1,1,0.22384611359875817,0.7723740653774664,0.0037798210237753264
1,1,0.15958296879714867,0.8386275357414755,0.0017894954613757493
0,1,0.47157384385301887,0.5251874672268482,0.003238688920132907
1,2,0.0011972536816989118,0.38933281806121267,0.6094699282570883
1,1,0.3680143175990075,0.6288824533876501,0.0031032290133424134
1,1,0.2865386276076506,0.706469855399961,0.006991516992388551
1,1,0.14105750010588242,0.852525960176988,0.006416539717129506
1,1,0.18760532713744243,0.8087249625686748,0.0036697102938827906
0,0,0.9032062451209798,0.0967091762728164,8.457860620375595e-05
1,1,0.2009615823115299,0.7963283774404899,0.00271004024798028
1,0,0.5335327655388419,0.4660805845847663,0.000386649876391754
0,0,0.7067586187010215,0.2930418987749218,0.00019948252405671573
1,1,0.49342827611610174,0.5049092181067576,0.001662505777140756
0,0,0.8861460725260855,0.11338796292522504,0.0004659645486895005
0,0,0.8146402283364782,0.18530902643411257,5.0745229409208965e-05
1,1,0.09233275590884436,0.9060761015211957,0.0015911425699599532
0,0,0.7607147387571277,0.23908605842145803,0.00019920282141430625
1,1,0.06295764598415197,0.8583283879105249,0.07871396610532314
1,0,0.6288464869742689,0.36962463385088573,0.0015288791748453458
1,1,0.1592006110127732,0.8393619606935662,0.0014374282936606994
0,0,0.5312146758024725,0.4678239024431214,0.0009614217544061519
1,1,0.48482814448537687,0.5148090687135897,0.000362786801033519
0,1,0.4110165010538203,0.587773923862653,0.0012095750835265811
0,0,0.5894685162220441,0.4102343318211916,0.0002971519567642199
1,1,0.043167852270472255,0.9418266318103856,0.015005515919142186
1,0,0.6548406981684038,0.3447028715525978,0.0004564302789983441
0,0,0.8846647476566015,0.11526418800486384,7.106433853474816e-05
0,0,0.8878358195304226,0.11211309271092788,5.108775864967092e-05
0,0,0.630299511527083,0.36943246704099353,0.000268021431923596
1,1,0.2821285338672102,0.7138329101554992,0.004038555977290694
0,0,0.7558376180979883,0.2434772204196941,0.0006851614823175085
1,1,0.03489478191423578,0.9548593897928861,0.010245828292878033
0,0,0.6554895498796511,0.34441964397273184,9.080614761702488e-05
1,1,0.047477004229620805,0.8951877839907303,0.05733521177964891
1,1,0.03678404595412338,0.9602048326501151,0.003011121395761479
0,0,0.7623776508542064,0.23749260972202668,0.00012973942376710872
0,0,0.5036803019794063,0.4957079565458832,0.000611741474710555
0,0,0.8154210507760129,0.18427383305030756,0.00030511617367961206
0,0,0.9293405548035563,0.06994984424296061,0.0007096009534831294
0,0,0.8361823310498028,0.1626891252837766,0.0011285436664207758
0,1,0.4032010683023576,0.5946043724537298,0.0021945592439126245
1,1,0.44150302095850213,0.5579155794550826,0.0005813995864152989
0,0,0.9292240171182443,0.07058466131164398,0.00019132157011179777
0,0,0.9040832803968376,0.09554007513062068,0.0003766444725417199
1,0,0.6492440829867476,0.3504580462818636,0.0002978707313888899
1,0,0.6940049106553299,0.3044148274498628,0.0015802618948073557
0,0,0.49811119672292486,0.49466429496215236,0.007224508314922656
1,1,0.14662059519714232,0.8512649146053773,0.00211449019748028
0,0,0.913302928405081,0.0865558086675582,0.00014126292736073512
1,1,0.12761592155208357,0.8705058475383737,0.0018782309095428916
0,0,0.9403054815897081,0.059635169665085655,5.9348745206319316e-05
1,1,0.33509774865072817,0.6625295559974604,0.0023726953518114304
0,1,0.10391963877583105,0.8932816723473956,0.00279868887677328
1,2,0.0005177808372036927,0.46216365486110195,0.5373185643016943
1,1,0.2791366305989115,0.7170790693378164,0.0037843000632720334
1,1,0.08838407890005356,0.8466509827051092,0.06496493839483726
1,1,0.10296399999156604,0.8940022867781293,0.0030337132303046325
1,1,0.10053965274945513,0.897032283868414,0.002428063382130768
1,1,0.4940125166458994,0.5049552681486613,0.001032215205439299
1,1,0.3090861859903029,0.6879992615891442,0.002914552420552834
2,2,7.723018248498347e-05,0.12498363996141088,0.8749391298561041
0,1,0.19796075934672677,0.8011974388899871,0.0008418017632862275
0,0,0.9168154115693844,0.08256308742785963,0.0006215010027559952
1,1,0.18894702953756182,0.8015571843931825,0.009495786069255857
1,1,0.3266638493489872,0.6615534174052584,0.011782733245754379
1,1,0.17548852671231108,0.8195283491612414,0.004983124126447398
0,0,0.9022965040666409,0.09764802273297014,5.547320038894858e-05
1,0,0.7818477790348238,0.21789010522422642,0.0002621157409497305
0,0,0.9987790966261563,0.0009707304440754205,0.00025017292976829887
1,1,0.001108524971722738,0.5645382827429173,0.43435319228536007
0,1,0.17499901187185335,0.8207919138131252,0.004209074315021395
1,0,0.8483248900382563,0.15149081106369014,0.00018429889805342568
0,1,0.2448799393070204,0.7543739019110361,0.0007461587819434245
0,0,0.9270342436887647,0.07229886407326244,0.0006668922379728281
0,0,0.9094746654597414,0.08944640333104222,0.0010789312092162392
1,1,0.03893810880845133,0.9537893011726661,0.007272590018882504
2,2,7.560871786417575e-05,0.06181591779645966,0.9381084734856762
2,2,2.6893372482855523e-08,0.0012962686224981775,0.9987037044841293
2,2,5.560922826945886e-05,0.1389880029290877,0.8609563878426428
0,0,0.6539736549841021,0.34457210504899005,0.0014542399669077706
1,1,0.02984086979914278,0.966005862783013,0.004153267417844163
1,1,0.058148298770676336,0.9380797382921331,0.003771962937190444
1,1,0.017817523666065198,0.965396230137248,0.01678624619668694
1,1,0.03476131426970773,0.9609464986055817,0.004292187124710357
1,1,0.049345986917476256,0.9479113967258245,0.0027426163566992685
0,0,0.5609986509265382,0.4383443010034767,0.0006570480699850975
2,2,1.0434579707379087e-06,0.021771110732789627,0.9782278458092397
0,0,0.7915998916550866,0.20819382134231668,0.00020628700259661892
0,1,0.2909218767251208,0.706307483531232,0.002770639743647194
1,1,0.0499430247352134,0.9140144646552337,0.03604251060955293
2,2,0.0010055840136036526,0.1895532057113486,0.8094412102750478
1,1,0.015437951313725865,0.976525123702975,0.008036924983299326
1,1,0.039180607765482975,0.9566760399985548,0.004143352235962089
1,1,0.1424209421814072,0.8490913303093832,0.008487727509209746
0,0,0.7687344120217051,0.2310219330913469,0.0002436548869479995
1,1,0.08802487782654948,0.9101261315896215,0.0018489905838288694
1,1,0.07215624492157312,0.9258976939773723,0.0019460611010545842
2,2,0.00014578114937137323,0.18043712678895701,0.8194170920616716
1,1,0.08432136570211665,0.9055047726955381,0.01017386160234525
0,0,0.8097711427195802,0.18979337981881056,0.000435477461609194
1,1,0.3714675644853668,0.6205595324779686,0.00797290303666465
0,1,0.3187964344185188,0.6771074238475873,0.004096141733893978
0,1,0.43496117104668747,0.5641381103700633,0.0009007185832491644
1,1,0.13106976921924668,0.8669068534948247,0.002023377285928696
2,2,5.9525359295211785e-08,5.8239406783483535e-05,0.9999417010678572
0,0,0.7714031888005738,0.22820259689724212,0.00039421430218405403
1,1,0.0009925528449972788,0.5481422644760142,0.45086518267898845
1,1,0.2630971077067646,0.7323223955040628,0.004580496789172726
0,0,0.9054658119839291,0.0937895911521363,0.0007445968639346491
0,0,0.5588884630848542,0.4404353386823678,0.0006761982327779981
0,0,0.9167879951711461,0.0830553683515643,0.0001566364772896636
1,0,0.6110524839228053,0.3885133697293471,0.0004341463478476692
1,1,0.016134454689369356,0.8367240737921607,0.14714147151846987
0,0,0.8265663527890381,0.17298740181120062,0.0004462453997613531
1,1,0.45346000754751564,0.545677223334725,0.0008627691177593098
1,1,0.4132197398052991,0.5861298363044186,0.0006504238902824094
1,1,0.14228404411009105,0.8547331847549614,0.0029827711349475245
0,0,0.766580466948523,0.23326662590831615,0.00015290714316071254
1,1,0.17714855992860148,0.818558557618724,0.004292882452674688
1,1,0.49795530970313434,0.5016462368574267,0.00039845343943894763
1,1,0.017711378328779125,0.8415174118316142,0.14077120983960664
0,0,0.6822111711842284,0.3175306717629413,0.0002581570528302515
0,0,0.6587288732359363,0.3407303961019684,0.0005407306620951939
0,0,0.6943271077020657,0.3051259153521679,0.0005469769457664168
1,1,0.27350561526359246,0.7241596842259652,0.0023347005104424204
1,1,0.16770229396292252,0.8298728323248593,0.002424873712218137
1,1,0.06294076994150184,0.9342756341718488,0.0027835958866493497
0,0,0.643017321013546,0.35548730398400674,0.0014953750024472416
1,0,0.5709405852917505,0.42832857198742597,0.000730842720823349
0,1,0.4013299225163922,0.5977595047462813,0.0009105727373265155
1,1,0.1378646020184146,0.8601245009786279,0.0020108970029574015
1,1,0.3271121833036173,0.669537115037923,0.0033507016584597296
0,0,0.9990386310661161,0.0006496521147273801,0.0003117168191565669
0,0,0.633738205321001,0.36582263645248175,0.00043915822651737987
0,0,0.7905588861752441,0.2093318710052472,0.00010924281950885754
0,1,0.4089200314079824,0.5859792761546375,0.00510069243738011
1,1,0.24147486607167196,0.7565564297490649,0.0019687041792632145
0,0,0.9696799158731922,0.030160460071290907,0.00015962405551697364
1,1,0.4763623889261929,0.5229713038720403,0.0006663072017668276
1,1,0.11497070368087274,0.8833862123236723,0.0016430839954549616
0,1,0.4630225977112956,0.5362638170358465,0.0007135852528578941
2,2,0.0002544925907821578,0.11916512252916323,0.8805803848800546
0,0,0.5136070906777729,0.4860193088691662,0.00037360045306091927
0,0,0.9741093360764272,0.025772544230427165,0.00011811969314549803
1,1,0.2576577780394458,0.736820899888748,0.005521322071806155
1,0,0.5312629532156921,0.467899810111451,0.0008372366728570996
1,1,0.09437710521320027,0.8948028002842418,0.010820094502558112
1,1,0.16356245495402244,0.8354011957159445,0.0010363493300330387
1,1,0.4315063895172027,0.5679462549820251,0.0005473555007721592
0,0,0.7464544011977698,0.2534506645485928,9.493425363745519e-05
1,1,0.33076246886192034,0.6685209143692521,0.000716616768827559
1,1,0.36632279255320305,0.6313150475261577,0.0023621599206391205
0,1,0.05088171159561132,0.9441438259490661,0.0049744624553227255
1,1,0.3064274237116596,0.6901609420897649,0.0034116341985754653
0,0,0.9598045144983983,0.04006688675378935,0.00012859874781229655
0,0,0.9400120151581727,0.059927481894433025,6.0502947394320795e-05
0,0,0.9170620181014141,0.08282342731261035,0.00011455458597547078
2,2,0.00032666888851348795,0.21166539628572315,0.7880079348257634
0,0,0.5258141206864714,0.4732359797564841,0.0009498995570444708
0,1,0.45481216539708624,0.5444667872151697,0.0007210473877439578
1,1,0.1458377071944076,0.8516091517901935,0.0025531410153989765
0,1,0.34442390295110464,0.6542379436577563,0.0013381533911389631
1,0,0.7334672781838644,0.2658045227234544,0.0007281990926812943
1,1,0.3822992667255089,0.6144309866405454,0.0032697466339457865
1,1,0.2747535005814562,0.723654533592613,0.0015919658259307206
0,1,0.2602449897372165,0.7366825994775502,0.0030724107852333734
0,0,0.5544936328531984,0.4448801979474663,0.0006261691993351813
1,1,0.49466738816284617,0.4998789089304717,0.005453702906682161
0,0,0.7938358378596811,0.20597684812975026,0.00018731401056857128
1,1,0.09463244537853409,0.9035136486042267,0.0018539060172393898
0,0,0.8360817985760969,0.16387094656046516,4.725486343805575e-05
1,0,0.5539329421646045,0.44545801152349307,0.0006090463119022744
1,0,0.6664741565330903,0.33236566674000756,0.00116017672690218
0,0,0.8494689647159578,0.14987966556107424,0.0006513697229680747
1,0,0.9064746626659241,0.09346543287013923,5.990446393662564e-05
1,1,0.17079549173506828,0.824343510054071,0.004860998210860534
1,0,0.6228567879873836,0.3758921911946974,0.001251020817918882
1,0,0.8671188541015605,0.13272805609965116,0.0001530897987883767
1,1,0.2186707967604773,0.7800986107926797,0.0012305924468431055
0,1,0.3918430078051909,0.6053930801669817,0.0027639120278274607
1,1,0.15439716046926363,0.84416479164262,0.0014380478881164283
0,0,0.586388801254785,0.4117891625093587,0.0018220362358562902
2,2,0.0002773343006408841,0.18527040918414286,0.8144522565152164
1,1,0.30275450085914424,0.6959090738724016,0.0013364252684540156
0,0,0.5801596685505017,0.41918418268013846,0.0006561487693598315
0,0,0.913610046274764,0.08337623561886441,0.0030137181063717
0,0,0.7539864181845105,0.24584473559686196,0.00016884621862751825
1,1,0.03489424791884588,0.9627157707397577,0.002389981341396437
0,1,0.26127683205123386,0.7348535901561886,0.003869577792577614
1,1,0.11215188087614732,0.8849411315310164,0.0029069875928364637
0,0,0.6819154896517439,0.3176937524446764,0.00039075790357976026
1,1,0.3295250762979623,0.6686113362672573,0.001863587434780313
0,0,0.6680041164147879,0.3316445573149367,0.00035132627027565944
0,0,0.6837356275013275,0.31592137341211957,0.0003429990865528744
0,1,0.41525594008910793,0.5840181492003971,0.0007259107104949582
1,1,0.40294743165644786,0.5960144023665123,0.0010381659770398529
0,0,0.8705636761978107,0.12932568532531233,0.00011063847687698555
0,0,0.8894443221168576,0.11052525091582241,3.0426967319883695e-05
1,1,0.23557651869686408,0.7626572053147452,0.001766275988390671
1,1,0.05795473785710592,0.9352932465821757,0.006752015560718315
1,1,0.08148612267122964,0.9002155436527972,0.018298333675973093
0,0,0.7394640288179136,0.26044082008176045,9.515110032586232e-05
0,0,0.7738056586353381,0.22602803171298552,0.00016630965167645698
0,0,0.781922842644296,0.21748211799909145,0.0005950393566124905
2,2,0.00031112901248932554,0.3774242254881,0.6222646454994106
0,0,0.9219272923862658,0.0779617895882067,0.0001109180255274077
2,2,0.0001996713023297633,0.1648775208194394,0.8349228078782308
1,0,0.6895761568610833,0.3100478592851805,0.00037598385373629713
1,1,0.20067108974039186,0.7951525384585543,0.004176371801053749
1,0,0.7753951519602277,0.22430855329762098,0.0002962947421514306
1,1,0.1293600532498897,0.8684134934559198,0.0022264532941904547
0,0,0.8083667270934162,0.1915731379905715,6.0134916012368974e-05
0,1,0.05441173110308435,0.9420620540499896,0.0035262148469262173
0,0,0.5068163548599675,0.49280393172114234,0.000379713418890045
1,1,0.18614742230428005,0.811394703913402,0.0024578737823178643
1,1,0.43580480888113077,0.5626816484044076,0.0015135427144616247
1,0,0.9192114075174929,0.08065557473964287,0.00013301774286427357
1,1,0.03605232235683225,0.9599565775607237,0.003991100082444077
1,1,0.10292974506464933,0.8800248392175442,0.017045415717806447
1,1,0.37717132931801084,0.6212570218915915,0.001571648790397691
0,0,0.8955488946253194,0.10428290354998787,0.000168201824692895
1,0,0.5557017283559401,0.44412407160210343,0.00017420004195645673
0,0,0.5198785131649211,0.47969025404517157,0.00043123278990738677
2,2,9.743088469105152e-05,0.07129940483224487,0.928603164283064
0,0,0.8270881595288395,0.17257021073641593,0.00034162973474455126
1,1,0.14985679721361903,0.8453256339221568,0.004817568864224179
1,1,0.020265355070131316,0.9633370969390864,0.016397547990782375
2,2,7.915363419202505e-05,0.08030306195593459,0.9196177844098733
1,1,0.07701061553835707,0.9197039504276373,0.0032854340340056107
0,0,0.577784117498397,0.4219573137367341,0.0002585687648689236
1,1,0.2897888850160253,0.7074693044444723,0.0027418105395025077
1,1,0.012614327004974559,0.9822520465367724,0.005133626458252979
1,1,0.3117337958973972,0.6863694123042523,0.0018967917983505746
0,1,0.37379704500962607,0.624075443472074,0.0021275115183000174
0,0,0.9235603188847527,0.07628177277262484,0.00015790834262234657
1,1,0.15375836647211086,0.8443478334444464,0.0018938000834427089
0,0,0.7668710359087039,0.2329425194722012,0.0001864446190948674
0,0,0.86751962500906,0.13242115577559066,5.9219215349218855e-05
1,0,0.5575465371328803,0.4408905894441032,0.0015628734230164834
0,1,0.3602153866970268,0.6377733480501261,0.002011265252846928
0,0,0.9432657624941598,0.056645498066591964,8.873943924821322e-05
1,2,0.0014348550681714965,0.397353334127453,0.6012118108043756
0,1,0.14490252021438438,0.8494003960237878,0.005697083761827816
1,1,0.40920130303527513,0.5904035345576049,0.00039516240711994443
1,1,0.039869553998263904,0.9516950611150886,0.00843538488664754
0,0,0.6727577007708965,0.3264425580765937,0.0007997411525098267
0,1,0.35388533905790026,0.643017341760371,0.0030973191817288016
0,0,0.8519815437031293,0.1479401341050519,7.832219181890573e-05
0,1,0.45834149474543545,0.5363821471994451,0.005276358055119441
0,0,0.5382471952150597,0.46131526545828777,0.00043753932665256413
0,1,0.38197104213200067,0.6169140650647241,0.0011148928032751867
2,1,0.019116442651247602,0.8694218885009293,0.11146166884782305
0,0,0.8267646995769772,0.17306528313464714,0.0001700172883756528
1,1,0.08522059348664165,0.9107545499612585,0.004024856552099936
1,1,0.011264811768065227,0.965447965246578,0.023287222985356588
1,1,0.03476081301435675,0.8805540679763677,0.08468511900927551
0,1,0.2605719379006632,0.7360583242209091,0.0033697378784276247
0,0,0.9299340624468111,0.069531747780207,0.0005341897729818316
1,1,0.4016060225936191,0.5961182935588748,0.002275683847506077
1,1,0.02126054393527041,0.9703550549497509,0.008384401114978618
1,0,0.751027820305104,0.24861027570468613,0.0003619039902099392
1,1,0.31612830938677794,0.6819070126658058,0.001964677947416306
1,1,0.26223077705722764,0.7343415678054968,0.0034276551372757046
1,0,0.5659754876804093,0.4336829971313423,0.00034151518824830705
0,1,0.269391224224473,0.7280261538438543,0.002582621931672825
0,0,0.7073472728950767,0.29149214779395516,0.0011605793109681413
0,0,0.6185679844274187,0.3810671320761439,0.0003648834964372629
2,2,4.3059998116546245e-06,0.027491175321840762,0.9725045186783476
0,0,0.9235806114338226,0.07631440722672582,0.00010498133945149959
1,1,0.4674445785977287,0.5278228049094607,0.004732616492810722
0,0,0.7458768561503347,0.25289001673380646,0.0012331271158588625
1,1,0.22763118654363845,0.7667029226126606,0.0056658908437009995
1,1,0.09303673449392551,0.9037250169306276,0.003238248575446981
0,0,0.820645163834894,0.178950590967951,0.00040424519715492505
2,2,8.984957500858563e-05,0.11850425626705195,0.8814058941579395
0,0,0.8087139931963317,0.19091060825792128,0.00037539854574688246
1,0,0.5706892352037611,0.4289277627157039,0.00038300208053504225
1,0,0.5301222731306392,0.4691568217341129,0.0007209051352479918
1,1,0.0966387232042129,0.8597675998910517,0.043593676904735305
0,1,0.13703439617712118,0.8578724891828765,0.005093114640002266
1,1,0.3549329230552918,0.6428569431165969,0.002210133828111372
1,1,0.2972737914772423,0.7012059675233198,0.0015202409994378645
1,1,0.03438303027732014,0.8915187720657022,0.0740981976569778
1,1,0.12494412353979167,0.8719686087137009,0.0030872677465075076
0,0,0.7844921692849681,0.21534785672699433,0.00015997398803769934
0,1,0.45620164565445964,0.5411338844327466,0.0026644699127938414
1,1,0.08587195730479101,0.912483402224639,0.0016446404705700887
0,0,0.7189400828828543,0.27954738604975177,0.001512531067393957
0,1,0.1393376332511869,0.8448651173351455,0.01579724941366765
0,0,0.758618828031656,0.2412616557570395,0.00011951621130438236
1,1,0.3574376250684581,0.6417623837855058,0.0007999911460361697
1,1,0.19346132369667235,0.8057504728294387,0.0007882034738889462
1,1,0.12044432860041904,0.8782482448530801,0.0013074265465010185
0,1,0.3730744325863462,0.625862549572483,0.001063017841170715
0,1,0.23178902636798013,0.7670120072356105,0.0011989663964093178
1,1,0.37084536560546827,0.626274823475052,0.0028798109194797424
0,0,0.8235332887935002,0.17621772279643005,0.00024898841006976694
1,0,0.5159518748175063,0.48308477253331905,0.0009633526491747429
0,1,0.11296953792121843,0.5785624074566498,0.3084680546221319
1,1,0.28511596804431477,0.7109867948598981,0.0038972370957871204
0,0,0.5737141659559111,0.4254739423316482,0.0008118917124407941
1,1,0.3511410166489308,0.6463215170771416,0.0025374662739276526
0,0,0.7236280147244961,0.2762415284284281,0.0001304568470758194
2,2,2.002386221431643e-07,0.0002742008716228868,0.9997255988897549
1,0,0.7856101166287943,0.2141460387919197,0.00024384457928602052
0,0,0.6067642068131531,0.3920310189117886,0.0012047742750583396
1,0,0.5290122806049069,0.46917997234011316,0.0018077470549799533
0,0,0.7292294552512127,0.2706188601621471,0.00015168458664026606
0,1,0.09949415205992598,0.8982756737501586,0.0022301741899153267
0,0,0.8458498838079375,0.15401356029695148,0.00013655589511094935
0,0,0.911167876273318,0.08849394636947067,0.0003381773572112475
0,0,0.7226640519751866,0.27699746471281567,0.00033848331199771357
0,0,0.8891688689353903,0.11079586625827723,3.526480633260155e-05
0,1,0.46283558398198565,0.536090978532037,0.0010734374859772866
1,1,0.46458692242278277,0.5348783895709738,0.0005346880062435867
0,0,0.9521845253357374,0.04667972333179397,0.0011357513324686077
0,0,0.6878792054658133,0.31203404850752614,8.674602666050892e-05
1,1,0.21072593811900703,0.7856188565939558,0.0036552052870372806
1,1,0.2239681421604096,0.7750490742759448,0.0009827835636456081
1,1,0.32454102775280547,0.6734243860311847,0.002034586216009916
1,1,0.1272713769483843,0.8703773836309866,0.002351239420629175
1,1,0.17462538406686975,0.8215186946691753,0.003855921263955055
1,1,0.39276957626493103,0.6067875312721802,0.00044289246288882874
0,1,0.3717013162626002,0.6273097307955398,0.000988952941860076
2,2,0.0009160194717184899,0.23777922498736412,0.7613047555409174
1,1,0.30840697270111483,0.6477521315017494,0.04384089579713591
0,0,0.590050300779297,0.4089741853918207,0.0009755138288822421
0,0,0.965650682822831,0.034239687396042884,0.00010962978112630635
0,0,0.8632855804187533,0.1366156853073627,9.873427388408205e-05
1,1,0.09638737225804572,0.9015360920980889,0.002076535643865404
0,0,0.7994098692087948,0.20044937774421415,0.000140753046991079
2,2,0.002069236543432243,0.17053521918125894,0.8273955442753087
1,1,0.0894024972517071,0.9063276536826773,0.0042698490656155426
1,1,0.16844746542681363,0.8279777345662613,0.003574800006925032
1,1,0.2776729136739945,0.7185713091825489,0.0037557771434565553
1,1,0.03280674868514325,0.9598915031107725,0.007301748204084233
1,1,0.29012349900844947,0.7071658579647905,0.0027106430267600633
0,1,0.19190130190351742,0.8025937615779744,0.005504936518508152
1,1,0.14986884826583857,0.848797390544331,0.0013337611898303966
0,0,0.8659583435369608,0.13324329573729995,0.0007983607257393556
0,0,0.8078233335993299,0.19180934228188257,0.00036732411878750553
0,0,0.7966527308477473,0.20322352715166409,0.00012374200058857285
0,0,0.7570371172308182,0.24205204141378173,0.0009108413554000039
0,0,0.980311694940701,0.01962027765490752,6.802740439141982e-05
1,0,0.8035054552753876,0.1957791322173957,0.0007154125072167052
1,1,0.012692145549383691,0.7989572860654582,0.18835056838515804
1,1,0.050270358129309134,0.9466496754816589,0.003079966389031893
0,0,0.5344650395211894,0.4650774209677031,0.0004575395111074608
1,2,0.0009676515016908692,0.31556180413088036,0.6834705443674287
0,1,0.2515998206367588,0.7441634066768097,0.004236772686431502
0,0,0.7037950602929941,0.29524441917954675,0.0009605205274591227
1,2,0.00024796451987774295,0.328076945548934,0.6716750899311882
0,1,0.4825572147496037,0.5159977862288483,0.001444999021548059
1,1,0.10883557618222145,0.8872469336236192,0.003917490194159332
0,0,0.9760634678814136,0.023832386533748764,0.00010414558483746696
0,1,0.1915260998450487,0.8065158726984052,0.0019580274565461995
0,0,0.8099206589285836,0.18986543534920555,0.00021390572221085735
0,0,0.50518870155191,0.49332208144398526,0.001489217004104685
0,0,0.8166965017322424,0.18258355563300321,0.0007199426347544974
0,0,0.8373351492435535,0.16235422320162324,0.0003106275548233327
0,0,0.7659322555673872,0.23290452194341796,0.0011632224891948535
1,1,0.08909171398756233,0.9067483737765762,0.004159912235861357
1,1,0.3386006735628226,0.6609344114313517,0.00046491500582583134
1,0,0.8712139243785598,0.12861743064822895,0.00016864497321117104
1,1,0.07521348171342436,0.8724240380973981,0.05236248018917751
1,1,0.1042535429065485,0.889345847920994,0.006400609172457435
1,1,0.16303357163912455,0.835793819583958,0.00117260877691747
1,1,0.24339601637772854,0.7552371854819263,0.001366798140345078
0,0,0.6857113855299652,0.311872995538597,0.002415618931437794
0,0,0.5405846773750896,0.45899554300586437,0.0004197796190459251
0,1,0.4438921698013847,0.5544612802687158,0.00164654992989957
1,1,0.2252871720869174,0.7727665868838766,0.0019462410292060035
1,1,0.2902569214703316,0.7084127447229767,0.0013303338066917886
2,2,2.270589444790869e-06,0.004256883183492326,0.9957408462270629
0,1,0.4337922002295462,0.5646813282136999,0.0015264715567539723
1,1,0.03240872717173275,0.9571209129692949,0.0104703598589722
1,1,0.03915022379447682,0.9579269669933321,0.002922809212190878
2,2,8.053344674789828e-07,0.00047760858636208397,0.9995215860791704
1,1,0.044107282377856376,0.9490517029396558,0.0068410146824877316
1,1,0.25756148146607616,0.7403531816545258,0.0020853368793981465
0,0,0.9299500759155388,0.06950049815645035,0.0005494259280108908
1,1,0.08795895711769319,0.9095671246152888,0.0024739182670179896
1,1,0.05201754543492173,0.8545619339343697,0.09342052063070859
1,1,0.04995133854488309,0.9459963152604859,0.004052346194631204
1,1,0.1702995486009437,0.8267775841322809,0.002922867266775493
0,1,0.08708226329659911,0.9096528189553098,0.003264917748091086
0,0,0.6984022861838595,0.30141630093300353,0.00018141288313706228
0,0,0.7283348865204643,0.2714604214023446,0.00020469207719107802
0,0,0.811239187313448,0.18839537112728993,0.00036544155926213854
0,0,0.9364714998433185,0.06324304782154984,0.0002854523351317734
0,1,0.24042699676442214,0.7560915199244375,0.0034814833111404373
1,1,0.02421462563586653,0.9706474624811705,0.005137911882962911
0,1,0.0533144253306912,0.9439465221141524,0.0027390525551564977
1,1,0.00417723650423976,0.7248604754950952,0.27096228800066496
0,0,0.8253046807406953,0.1742873320329941,0.000407987226310607
1,1,0.1409832220985599,0.8501173568577141,0.008899421043726022
0,0,0.5833281058379667,0.4163309637592854,0.0003409304027478031
0,1,0.21718961568173326,0.7818261683423542,0.0009842159759126108
2,2,0.00016941368813254255,0.22469785038099807,0.7751327359308693
0,0,0.6225493430437451,0.3766101034917205,0.000840553464534332
1,2,0.021158931386495154,0.378796245421255,0.6000448231922498
1,1,0.1436586541168203,0.7898598073540886,0.06648153852909107
1,1,0.029516718547537027,0.9650629388965891,0.005420342555874012
0,0,0.6393223481493251,0.3600410828008587,0.0006365690498162063
2,2,9.189535518205118e-07,0.0025090647662292143,0.997490016280219
1,1,0.10701527264051189,0.891250941565741,0.0017337857937471369
1,1,0.2026774728819367,0.7914178304214347,0.005904696696628637
1,1,0.10854804500008465,0.8876295680280651,0.003822386971850353
1,1,0.13103925529540889,0.8637405584741651,0.005220186230426162
1,1,0.06374729043247815,0.9323378919504519,0.003914817617069899
1,1,0.16814752671686353,0.8265263126775314,0.005326160605605071
2,2,0.0014727599057870319,0.09809702932894744,0.9004302107652655
0,0,0.6372073243668135,0.3625411785425161,0.0002514970906703719
1,1,0.034639238191300756,0.9584790946866342,0.00688166712206518
1,1,0.0825613433846682,0.913858329699857,0.0035803269154747906
0,0,0.9297324258842408,0.07017847486978569,8.909924597370296e-05
0,0,0.67331768743612,0.32627237815163496,0.0004099344122451908
1,1,0.2144815803947042,0.7828306764296864,0.0026877431756093264
0,1,0.4360160355110875,0.5627622693621828,0.0012216951267297884
1,1,0.2102849508374992,0.786530839356375,0.0031842098061258617
1,1,0.2415786163055942,0.7516637912645261,0.006757592429879755
1,1,0.10256424991085411,0.895915883371764,0.0015198667173819602
1,1,0.0877956244805968,0.8673121708415199,0.04489220467788315
1,1,0.050877536485457286,0.9463311032351873,0.0027913602793553454
1,1,0.21115710244312294,0.7837564440827581,0.005086453474118904
0,1,0.2597733548635899,0.7382424334480764,0.001984211688333775
1,1,0.14666366047621218,0.8207152051009191,0.03262113442286877
0,0,0.7229604761180258,0.27637324818089526,0.0006662757010789095
1,1,0.1441078599720809,0.85173001328001,0.0041621267479091135
1,1,0.1068382513029009,0.8496718560437797,0.04348989265331931
0,0,0.7895887405840191,0.20867126449588652,0.0017399949200944077
0,1,0.4871248712593634,0.5110167012949952,0.0018584274456412617
0,0,0.9989871540481811,0.0009083105485063293,0.00010453540331272137
0,0,0.6458847752433283,0.3537355121792928,0.00037971257737882925
0,0,0.9244214678282394,0.07527848777941083,0.0003000443923497807
1,1,0.03431105933789931,0.9603979708162506,0.005290969845850124
0,0,0.6558520831380266,0.34388581131319984,0.0002621055487736131
0,1,0.2132563266780988,0.7856687329418921,0.0010749403800089405
0,0,0.8344482723322204,0.16536324394335755,0.00018848372442184906
1,1,0.025607887018715563,0.8130363025320655,0.16135581044921904
1,0,0.9280545498687823,0.07132164667741367,0.000623803453804092
1,1,0.09544161942557838,0.8979084652971777,0.006649915277243832
0,0,0.7386714687034818,0.26115291492707093,0.00017561636944724688
0,0,0.8652865364947281,0.1345107498011171,0.00020271370415487775
1,0,0.5397968525731073,0.4599769835453775,0.00022616388151515705
1,1,0.2613169920135585,0.7380090515792078,0.000673956407233678
0,0,0.5912166323038925,0.40838835514290817,0.0003950125531992787
0,1,0.3269304681488405,0.6719553439338499,0.0011141879173094346
0,1,0.3565103498718722,0.6420003125619819,0.0014893375661459178
1,1,0.05362232123742833,0.8793661588195,0.06701151994307168
0,0,0.561996755263316,0.43686891638074526,0.0011343283559387266
0,1,0.13291656964686752,0.8653538025390755,0.001729627814057073
1,1,0.4155957432882248,0.583750078201339,0.0006541785104363583
1,0,0.5292313209802639,0.4693615442573733,0.0014071347623627161
1,1,0.18279400752071215,0.8081454937726396,0.009060498706648308
1,1,0.21327684731914578,0.7840347730989087,0.00268837958194554
1,1,0.05456363858205027,0.9425254188935773,0.0029109425243723903
0,1,0.08294865010298699,0.9135951809417916,0.003456168955221403
2,2,1.4181550916019557e-08,2.9567098450952712e-05,0.999970418719998
1,1,0.17816228534431996,0.8209098177873674,0.0009278968683126743
1,1,0.047298339553827104,0.941498315707713,0.01120334473845996
0,0,0.8123677397768085,0.1875377552255503,9.450499764119489e-05
1,1,0.19893653802689448,0.800295804681289,0.0007676572918164457
1,1,0.3003737167733559,0.6977322221476417,0.001894061079002297
0,1,0.16354816289817753,0.835196548404583,0.0012552886972394613
0,0,0.6862517525033838,0.31342275198212105,0.00032549551449515105
0,0,0.9363659815391151,0.06349666618547116,0.00013735227541385623
1,1,0.19082350993783997,0.8047944479453802,0.004382042116779758
1,1,0.3110949238286285,0.6867898903066039,0.002115185864767652
1,1,0.034804373165140914,0.9524924654906942,0.012703161344164821
0,1,0.13186140253303683,0.86701090774189,0.0011276897250732053
1,1,0.2117821621934781,0.785011497067709,0.003206340738813111
2,2,1.525041741343773e-05,0.06821507770972794,0.9317696718728586
1,0,0.5885532383926374,0.4110302125196826,0.00041654908767998973
2,2,1.6508435522284586e-05,0.08098655892446045,0.9189969326400173
1,1,0.020165705571446316,0.832183519782242,0.14765077464631188
1,1,0.07178197536367703,0.8767218920168933,0.05149613261942964
1,0,0.764119698473224,0.23522314311783685,0.0006571584089390285
0,0,0.5053286711136816,0.4937664210245757,0.0009049078617427259
2,1,0.020406284375933992,0.8395384995357238,0.14005521608834215
1,1,0.2665772675788594,0.7319543287187201,0.0014684037024205016
1,1,0.1040995940377869,0.8909162396946239,0.004984166267589175
0,1,0.41010341232508524,0.5894170340528674,0.0004795536220473117
1,2,0.008161133804709736,0.37511144861089396,0.6167274175843963
1,1,0.40815643137021546,0.590671918240055,0.001171650389729488
1,1,0.3772195289081726,0.6217628970179778,0.0010175740738495775
1,0,0.7685522303086738,0.23092138358705275,0.000526386104273486
0,0,0.7344892750240355,0.26539928485705505,0.00011144011890952904
2,2,2.1864562405853194e-05,0.1853917969547079,0.8145863384828863
1,1,0.12541945646168648,0.8704129906814521,0.004167552856861489
1,1,0.31598942157768656,0.6820234598648838,0.0019871185574297998
1,1,0.16678325690930784,0.830524823956933,0.0026919191337592668
1,1,0.10619426601623179,0.8679391016874558,0.025866632296312368
1,0,0.5973015956354771,0.39894561114230837,0.0037527932222144386
0,0,0.8586761110910487,0.13205836951375952,0.009265519395191884
1,1,0.07413092947540446,0.9240624788796572,0.001806591644938376
0,0,0.6596556095432734,0.3398940249135594,0.00045036554316719117
1,1,0.3152599328563325,0.6819614693447518,0.002778597798915603
2,2,0.0006793320257797873,0.16741107032255054,0.8319095976516696
0,0,0.5823618230016416,0.4173605078136971,0.0002776691846613551
1,1,0.3200150807411367,0.6777741173977605,0.002210801861102866
1,1,0.16539997483841304,0.8313976505804288,0.003202374581158148
0,0,0.6317054876799032,0.36677031329373094,0.0015241990263659343
1,1,0.22211716513180554,0.7735312411905366,0.004351593677657853
1,1,0.01848577570936277,0.8343221993080281,0.1471920249826091
0,0,0.8500506898829313,0.1498172882563723,0.00013202186069641457
0,0,0.8913741667953075,0.10716801145359584,0.00145782175109679
1,1,0.012451000438487857,0.9800894464398398,0.007459553121672296
1,1,0.4443373495775554,0.5539324294781726,0.0017302209442720418
1,1,0.16017489471055524,0.8374665855270258,0.0023585197624190475
1,1,0.019426843040690416,0.9669496000943005,0.013623556865009037
1,0,0.7460559618809867,0.25378561656859305,0.00015842155042036468
2,2,0.0001122022801263098,0.06370843891810207,0.9361793588017716
0,0,0.9146893337151092,0.08430597186461856,0.00100469442027228
1,0,0.5700035414698893,0.4297328418291582,0.0002636167009524902
0,0,0.6917794008761857,0.3073039339396075,0.0009166651842068816
1,1,0.01714634251006131,0.96865375653909,0.014199900950848587
1,0,0.7352175201474026,0.26462763671014566,0.00015484314245171342
1,1,0.15809458372481552,0.8404990571155715,0.001406359159612915
0,1,0.4524826606331574,0.5464148615776988,0.0011024777891438652
0,0,0.9366324413994573,0.06318556196954653,0.00018199663099610988
0,0,0.8633906123740284,0.13629228171143726,0.0003171059145343743
1,1,0.15387686660196281,0.844819761692539,0.0013033717054982629
1,1,0.182500015170955,0.8163568797637419,0.001143105065302987
0,0,0.9370010472851846,0.06256057746260536,0.00043837525221005033
1,1,0.2687794995479469,0.7297395234875944,0.0014809769644586331
0,1,0.3137323233041639,0.684873638332502,0.0013940383633342052
0,0,0.5442652578145485,0.4539050280255999,0.0018297141598515975
1,1,0.19460580063117794,0.8026103441217226,0.0027838552470995947
2,2,0.00018075249956926674,0.13606945662923714,0.8637497908711935
1,1,0.0770865529969248,0.8659695366977629,0.05694391030531237
0,0,0.881342572244587,0.11845546747210942,0.00020196028330358236
0,0,0.8246730530343738,0.1751273380855675,0.00019960888005875714
0,1,0.11949005957423973,0.8766387023402107,0.003871238085549583
1,1,0.11783489271005505,0.8810277378005895,0.001137369489355233
1,1,0.1940002085344033,0.8050009810496117,0.0009988104159851837
1,1,0.31638420620765845,0.6828032400516615,0.0008125537406800362
1,1,0.05782291272842509,0.9244716425993945,0.017705444672180395
1,1,0.037272990747835494,0.5735046360146505,0.38922237323751396
2,2,5.030970414346383e-07,0.05594571253587029,0.9440537843670884
0,1,0.35027352059778377,0.6483973993954314,0.0013290800067848776
1,1,0.25922873247009137,0.7396557627019762,0.0011155048279323022
1,1,0.07245338585702481,0.9229044421124679,0.004642172030507312
0,0,0.9553910670924177,0.04439963498404049,0.00020929792354190734
0,0,0.7246279836360774,0.27302717409438243,0.002344842269540101
1,1,0.22972693820626566,0.769398454280454,0.0008746075132804757
1,1,0.4073176493800502,0.5908300646682704,0.001852285951679432
1,1,0.38329652078923304,0.6149400832759965,0.0017633959347704289
1,1,0.1865677138455787,0.8093003851572096,0.004131900997211667
2,2,9.361745315207234e-05,0.15405619831779369,0.8458501842290542
2,2,0.0009577293030069721,0.059830078080756,0.939212192616237
0,0,0.8405192970777698,0.1592818393414694,0.0001988635807609069
0,0,0.5706699226942591,0.42890236864610776,0.0004277086596331528
1,1,0.05848422311905554,0.9386991359808201,0.002816640900124319
1,1,0.12202043524921015,0.8714001736306516,0.006579391120138184
0,0,0.8356768481501531,0.16394544800829988,0.00037770384154696765
1,1,0.23521475668038527,0.7602248432402259,0.004560400079388887
2,2,0.0032075122748426764,0.2898504900552464,0.7069419976699108
1,1,0.06358877158448803,0.9219639316112798,0.014447296804232145
1,0,0.5053597952075151,0.49378897602922195,0.0008512287632630031
2,2,7.912102357252008e-05,0.11983066743331074,0.8800902115431167
0,0,0.8423598093022714,0.15688685505783473,0.0007533356398939651
0,1,0.21703716559688602,0.7813119759146812,0.0016508584884328034
0,1,0.4446934760218963,0.5548107264775761,0.0004957975005275159
1,1,0.13677759123078206,0.8607658623882386,0.0024565463809793167
1,1,0.09249092749816565,0.9048986164106471,0.0026104560911873005
1,1,0.10429373867059656,0.8873869297502562,0.008319331579147243
0,1,0.35439340868715935,0.6398835649046476,0.005723026408193128
1,1,0.49688060800024053,0.49728038046951273,0.005839011530246839
0,1,0.46077202948760004,0.5381897401586722,0.0010382303537278853
0,1,0.4606083771715207,0.5386459953691046,0.0007456274593747031
0,1,0.4852085514964045,0.5142023055291193,0.000589142974476249
0,1,0.311051526524734,0.6881171883525374,0.0008312851227285773
1,1,0.11015964651905383,0.8880485057957197,0.0017918476852263566
1,0,0.6358872898361655,0.3635900238881138,0.000522686275720715
1,1,0.04965169368454339,0.9446882206550649,0.005660085660391947
1,1,0.33930370996447695,0.6585976990351463,0.0020985910003767003
1,1,0.4058357306448537,0.5936840522894479,0.00048021706569854086
1,0,0.5497461531926731,0.4483907444922641,0.0018631023150628276
0,1,0.16266195972484085,0.8312106298194394,0.0061274104557198445
0,0,0.9170665492148798,0.08272992315725242,0.00020352762786784935
0,0,0.9743959598270766,0.025482685818707645,0.00012135435421579122
1,1,0.2065653370338319,0.7905060964076552,0.0029285665585128406
1,1,0.4434433735127793,0.5531306046728673,0.0034260218143532897
0,0,0.6377972007948305,0.36158193320822213,0.0006208659969474298
0,0,0.9519825664378195,0.047457757517415516,0.0005596760447649915
0,1,0.46259135199742657,0.5366246064225728,0.0007840415800005293
1,0,0.6075671214592159,0.3919612831185577,0.00047159542222641095
1,1,0.13356671314839652,0.8075391528402877,0.05889413401131567
0,0,0.733825126787623,0.26607931427402565,9.555893835122403e-05
0,1,0.09274219049368135,0.8290709932133812,0.07818681629293751
0,0,0.7686165124816906,0.23117199937298522,0.00021148814532422283
1,1,0.22170892340362505,0.776828930714773,0.0014621458816020244
1,1,0.02285557680489275,0.8507045525755847,0.12643987061952258
0,1,0.47010958915785694,0.5293881456727436,0.000502265169399257
1,1,0.37826662002243217,0.6213759921812706,0.00035738779629736217
1,1,0.37683145228892384,0.6218066386338192,0.001361909077256879
1,1,0.43141856881778523,0.5663267270389455,0.0022547041432692348
0,1,0.39517289710106385,0.6019415815334461,0.0028855213654901653
1,1,0.12991936061560974,0.8671651657189269,0.0029154736654634058
0,1,0.4231122653615819,0.5750542257951599,0.0018335088432582557
1,1,0.4005574471509083,0.5981210533173267,0.0013214995317651528
1,1,0.17263340272700511,0.8218811786991795,0.00548541857381526
1,1,0.03945237373736069,0.9485982353866159,0.011949390876023425
1,1,0.10675347631816412,0.8909168342444205,0.002329689437415522
1,1,0.21446539736251605,0.7822414656002593,0.003293137037224587
1,1,0.1669150235844783,0.8321541627317062,0.0009308136838155547
1,1,0.38683783065645616,0.6121497921241786,0.001012377219365247
1,1,0.26107712881006234,0.7238518605734814,0.015071010616456298
1,1,0.18375084812879444,0.8116643947852189,0.004584757085986752
1,1,0.13589904524154497,0.8518094072800457,0.012291547478409206
0,1,0.28796491820950126,0.7102688036125407,0.0017662781779581376
0,0,0.689177003129753,0.3102039383770558,0.0006190584931912457
0,0,0.9011158901691735,0.09806981199979527,0.0008142978310311537
0,0,0.670394586099728,0.3285621948017118,0.0010432190985602214
1,1,0.03787854663079862,0.9454574196206827,0.016664033748518436
1,1,0.05272648569593596,0.8869196399925974,0.060353874311466875
1,1,0.2366466758560784,0.7593557597457347,0.003997564398187001
0,0,0.8227731532103082,0.1769131886606783,0.0003136581290135441
1,1,0.13256104767667445,0.8647868462450831,0.002652106078242424
0,0,0.9006376080700568,0.09928805212408186,7.433980586146407e-05
0,0,0.7085793460280346,0.2911404888386709,0.0002801651332945693
0,0,0.8570547663206316,0.1417045739404975,0.0012406597388709758
1,0,0.5128553052789554,0.4861123566197101,0.001032338101334423
1,1,0.20706719586221328,0.7909891468896525,0.0019436572481342973
1,1,0.37869413239926514,0.6193251899025094,0.001980677698225415
1,1,0.12132516856260873,0.8753474131206145,0.003327418316776634
1,1,0.48131522258611487,0.5115951638148972,0.007089613598987923
1,1,0.3349649169839311,0.648088704685849,0.016946378330219978
1,1,0.3051124358851349,0.6919388930671294,0.002948671047735623
1,1,0.49731022963706173,0.5021500721897432,0.0005396981731951446
1,1,0.04875293469115706,0.9472135615665016,0.004033503742341449
0,0,0.6376617590705698,0.36190437701421174,0.0004338639152185221
0,0,0.6086388711959241,0.3909252171467048,0.00043591165737129985
1,1,0.16742022561042927,0.829595755771798,0.002984018617772679
1,1,0.20452185682178398,0.7628422425437974,0.0326359006344186
1,1,0.11753487252142919,0.8386501990399785,0.04381492843859229
1,1,0.3689596223190676,0.6296414347363547,0.001398942944577686
0,0,0.7737472917987671,0.22589855633550118,0.00035415186573182204
0,1,0.17251930242890418,0.8247380826367462,0.00274261493434978
1,1,0.3594043412431627,0.6365999500391627,0.0039957087176747605
0,0,0.5813168724359302,0.418405668743101,0.0002774588209687557
1,0,0.6307223315162825,0.3684430788644725,0.0008345896192450348
1,1,0.4526101879991071,0.5455801627071114,0.0018096492937814367
1,1,0.01835687575928745,0.9779335199880224,0.003709604252690124
1,1,0.3706349253763118,0.6278105347531083,0.0015545398705797786
0,0,0.9087738269374676,0.09115911222135005,6.70608411823204e-05
1,1,0.10618432058950729,0.8920800922695667,0.001735587140926056
1,1,0.38314886231666184,0.6138572290344608,0.002993908648877296
0,0,0.8875694335782643,0.1104758582618832,0.0019547081598525248
0,0,0.6627864092733999,0.336423647476955,0.0007899432496451144
0,0,0.623672362593731,0.3755859348529396,0.0007417025533294798
1,1,0.3651907207843057,0.6329298142404526,0.0018794649752416738
1,1,0.08843821550840872,0.9098219053152181,0.0017398791763730656
1,1,0.12138813843673557,0.8763780871576455,0.0022337744056189603
0,0,0.8751709025955287,0.12477304732125208,5.605008321916397e-05
0,0,0.5787012852313224,0.42088100729126937,0.00041770747740839024
1,1,0.05923771730557182,0.9213529873097646,0.019409295384663558
1,1,0.08282710810049261,0.8939861658808099,0.02318672601869744
1,1,0.16651590604434743,0.8308481895805259,0.0026359043751266057
1,1,0.35428938868320303,0.6427352571744237,0.0029753541423733175
0,0,0.6352522078337476,0.36453589788855734,0.00021189427769504918
1,1,0.07549847912737026,0.9140418547541149,0.01045966611851495
0,0,0.8597459042361772,0.13857298672300253,0.0016811090408200226
1,1,0.11297194163306434,0.8850332589907073,0.001994799376228298
1,1,0.40073143622293583,0.5987057600483888,0.000562803728675335
1,1,0.1379469174952712,0.8601419916182741,0.0019110908864545576
1,1,0.11275787368627467,0.8826476707449401,0.004594455568785112
0,0,0.9256917542391966,0.07421284852762804,9.539723317525274e-05
0,1,0.1975579550369699,0.8012286587153309,0.0012133862476993522
2,2,8.729731043723699e-06,0.034024021240601485,0.9659672490283548
0,1,0.33137679510766105,0.6657347718603436,0.0028884330319951927
0,1,0.23480826336811048,0.7609037012529096,0.004288035378979957
0,1,0.4400671293355397,0.5590077268650964,0.0009251437993639664
1,2,0.0015260258162456473,0.2002793110098599,0.7981946631738944
2,2,1.6185697367460907e-06,0.009383915081608565,0.9906144663486548
0,0,0.5137400094027779,0.48367475224060125,0.0025852383566209126
0,1,0.11486913826952755,0.8834504489656227,0.0016804127648498387
1,1,0.43779078705486724,0.5616234839521042,0.0005857289930286315
1,1,0.3563411256140963,0.642610561458262,0.0010483129276416673
1,1,0.1790616109503796,0.8195500196468126,0.001388369402807688
0,0,0.7689918154079933,0.2305750390053442,0.0004331455866625285
1,1,0.22078111436377884,0.7750308288854886,0.004188056750732571
1,1,0.040334936674709304,0.9496532539083071,0.01001180941698364
1,1,0.05874099351336182,0.9388091243233847,0.0024498821632533796
1,0,0.5736753571263011,0.42591295908356286,0.0004116837901359352
1,1,0.05859066243782951,0.9370672170143235,0.004342120547847085
1,1,0.22941665988355284,0.7674085411870964,0.0031747989293506914
0,1,0.18964513416785075,0.8072504371340444,0.0031044286981047296
1,1,0.2918907026502333,0.7037560453288643,0.00435325202090239
0,1,0.20056165447899857,0.7985703188217101,0.0008680266992912472
1,1,0.1215552110766809,0.8757142335730219,0.002730555350297138
1,1,0.14942892030597893,0.8442019633845326,0.006369116309488366
0,1,0.34957679356555393,0.6413025332242903,0.009120673210155797
1,1,0.10947514671198974,0.887888899296611,0.0026359539913993935
0,0,0.7188246391814591,0.280295802238505,0.0008795585800359757
1,1,0.1160416082758373,0.8814588670641715,0.0024995246599911953
0,1,0.39826780044237814,0.600832063482346,0.00090013607527584
1,2,0.0006691725561448681,0.20397599553677384,0.7953548319070813
1,1,0.19577990388830135,0.8018332211433273,0.002386874968371341
1,0,0.5206992168800191,0.4742672606724146,0.005033522447566476
0,1,0.44297715637731516,0.556281327948907,0.0007415156737779571
1,1,0.03415635047859494,0.9592202429365454,0.006623406584859568
1,0,0.7607574748565337,0.23889619376010934,0.0003463313833570022
0,0,0.5690089908624847,0.43027060067280354,0.0007204084647116671
0,0,0.6935082209450096,0.30438616206603725,0.0021056169889531262
1,0,0.5358980196222044,0.4632496157171982,0.0008523646605973828
1,1,0.4493159262673153,0.5491416494063662,0.0015424243263182918
0,0,0.621937907246098,0.3762508964899105,0.0018111962639915462
2,2,6.282821242144465e-06,0.01353328748636013,0.9864604296923977
1,0,0.6200890051236738,0.37828659290805455,0.0016244019682716358
2,2,5.0420935332352244e-08,0.00011478303842809118,0.9998851665406365
1,1,0.049972120373992575,0.5767797843877418,0.37324809523826563
2,2,3.2341176587712397e-05,0.05404472169306599,0.9459229371303463
0,0,0.9491575695877786,0.05025996468155889,0.0005824657306624591
1,1,0.10300775763209756,0.8950922554852837,0.0018999868826187066
1,1,0.12415045161970445,0.8733783850460687,0.002471163334226902
0,0,0.8114282433478014,0.18843026224261267,0.00014149440958588242
0,0,0.7809347409833386,0.2184743121167776,0.0005909468998837519
0,0,0.6120537978698662,0.3877749589902481,0.00017124313988558729
2,2,2.1242310732930527e-05,0.04065117368303791,0.9593275840062291
0,0,0.9200359854064217,0.07988687288914194,7.714170443624436e-05
1,1,0.012649862203211548,0.9845614054075107,0.0027887323892777927
0,0,0.8209066493438729,0.1786905607373917,0.0004027899187353412
0,0,0.9137551861254654,0.08617076429510323,7.404957943143733e-05
1,1,0.14055716644862998,0.8563756898952811,0.003067143656088757
1,0,0.7564278360626923,0.24322376902779375,0.00034839490951397284
1,1,0.3590094967079582,0.6402602640831369,0.0007302392089048375
2,1,0.01590710034398798,0.863684687008389,0.12040821264762304
1,1,0.01106034496099274,0.9836843854383094,0.0052552696006978135
0,0,0.8077278140323042,0.1906158020009802,0.0016563839667154607
0,0,0.9630133972200668,0.03688766691602286,9.893586391024158e-05
0,1,0.27512128592894025,0.7217055101118764,0.003173203959183362
1,1,0.01930850039893096,0.9772189118636059,0.003472587737463053
0,0,0.8596423534743975,0.14006483381752455,0.0002928127080778412
0,0,0.6774413043321215,0.3219207936340085,0.0006379020338701442
1,1,0.08695684291394613,0.9109619661771421,0.0020811909089118747
1,1,0.26344581058236455,0.7332526577523435,0.003301531665292106
1,1,0.32890626670696765,0.6683619056721767,0.002731827620855825
1,0,0.5803364040614578,0.41741453311551757,0.002249062823024643
0,0,0.6788733268188213,0.32099271819557623,0.0001339549856024157
1,1,0.08256682683536196,0.9152220056013641,0.0022111675632739813
0,1,0.47430757449650207,0.5247564093064132,0.000936016197084637
0,0,0.8751200068277235,0.12450134188307253,0.00037865128920407543
1,1,0.16274111891574816,0.8295328344396538,0.007726046644598137
1,0,0.7418039849794515,0.2579862908515667,0.00020972416898169796
1,1,0.09040710162548804,0.9062389819660781,0.003353916408434035
1,0,0.7675424518600282,0.23227231798693423,0.00018523015303747203
1,1,0.217572045731076,0.7810146883281313,0.0014132659407927297
1,1,0.31341666726726325,0.6859728083726356,0.0006105243601011263
1,1,0.19216631490513286,0.8060247715036014,0.001808913591265612
1,1,0.3164844769164892,0.6812539983639746,0.0022615247195360375
0,0,0.9024381074195076,0.09726267760218425,0.00029921497830816827
1,0,0.8077113719707542,0.19160161833903408,0.0006870096902117352
0,1,0.3309269669754255,0.6679724894736183,0.001100543550956135
1,0,0.5596578554225178,0.438151931556553,0.002190213020929183
2,2,1.7819920534220475e-05,0.09303096812406805,0.9069512119553976
0,1,0.46669427354460696,0.5324220557408664,0.0008836707145264789
1,1,0.019053335101130785,0.9775863249966911,0.003360339902178154
0,0,0.8208729769409978,0.17819212572807117,0.0009348973309310375
0,0,0.835091392866697,0.16463045699643805,0.0002781501368649794
0,1,0.4935524475217988,0.5062325266789164,0.00021502579928480212
1,0,0.6186805220678938,0.3809460412537448,0.0003734366783613581
0,0,0.9411699094633007,0.058515632063155146,0.00031445847354414844
0,0,0.8418315646052943,0.15785457437387515,0.00031386102083063607
0,0,0.9295813463708918,0.07029537698068061,0.0001232766484275283
0,0,0.83678910219844,0.1630425840095356,0.0001683137920243782
0,0,0.5659610217176583,0.4336906036856604,0.000348374596681212
0,0,0.6922476054675962,0.30728880799922065,0.0004635865331832443
0,0,0.6327220867096189,0.36605635641751066,0.0012215568728704102
1,1,0.4593977895580728,0.5400079043398526,0.0005943061020745672
0,0,0.5970659420352782,0.40135679193180335,0.001577266032918641
1,1,0.25220000596692793,0.7412172775472684,0.00658271648580372
1,1,0.28924842160031333,0.7087824246984681,0.0019691537012186213
1,1,0.20452659217502664,0.7924514780409254,0.0030219297840480388
0,1,0.3325888639158053,0.6652533570880985,0.0021577789960961296
0,0,0.81523740466547,0.1827725510686776,0.0019900442658524415
0,0,0.8827251299827926,0.11720494303528858,6.992698191873701e-05
1,1,0.04425807519679741,0.860044785301851,0.09569713950135152
0,0,0.82542600661777,0.17322993937597012,0.001344054006259799
1,1,0.14624800203225374,0.8492460086587317,0.0045059893090146855
0,0,0.9415791854543484,0.05804861495168064,0.00037219959397104377
0,0,0.5632398655160371,0.43612043252138866,0.0006397019625742214
0,1,0.21511612596925864,0.7654227101817797,0.0194611638489616
2,2,3.7845223302320145e-07,0.021345814543851222,0.9786538070039157
0,0,0.7986763009971372,0.20113928751268959,0.00018441149017322768
0,1,0.40639764583479804,0.5912140527840138,0.002388301381188182
1,0,0.5819314437353288,0.4177263040960059,0.0003422521686652747
1,1,0.23463603819537973,0.7640218595687,0.0013421022359201638
0,0,0.7246725293480846,0.27442613947923505,0.000901331172680446
0,0,0.703191216339125,0.2965345535558481,0.0002742301050269875
1,1,0.042697976560583634,0.9206085644400566,0.036693458999359954
1,1,0.05399173243318976,0.8266576253480297,0.11935064221878064
1,1,0.055392218874642504,0.9409907252124519,0.003617055912905697
1,1,0.022666855023947722,0.9727220251414032,0.004611119834649218
0,0,0.8357861537746989,0.16412675122163894,8.709500366214637e-05
0,1,0.3328377091664146,0.6208029514704707,0.04635933936311469
0,0,0.5350316984396194,0.46453260282758463,0.00043569873279590966
1,0,0.71989229478103,0.2791006614959683,0.0010070437230017097
1,0,0.5196252820935482,0.47994493383731446,0.0004297840691373139
1,1,0.23505866913914567,0.7630466256036071,0.0018947052572470405
1,1,0.08166297999317468,0.9003983197589281,0.017938700247897257
1,1,0.11946884887646064,0.8749015519875644,0.0056295991359749525
1,1,0.16406170883099147,0.8286399871274926,0.007298304041515925
1,0,0.6290542757954286,0.3705967652787766,0.00034895892579481664
1,0,0.6119722679591537,0.38544550864516663,0.0025822233956796802
1,1,0.2933237732419665,0.704370067449237,0.00230615930879642
1,1,0.03350022173082548,0.9604035578994625,0.006096220369712046
1,1,0.2034620790482228,0.7909506462633892,0.0055872746883880485
0,0,0.850727660528773,0.14910545046526671,0.00016688900596040007
1,1,0.2628529513414204,0.7365946096439129,0.0005524390146666086
0,0,0.6016770056914081,0.39695411376136414,0.0013688805472276422
2,2,1.5737110316537692e-05,0.006712781649724,0.9932714812399595
2,2,1.3706830265924093e-07,0.0017176432846644294,0.9982822196470329
1,1,0.13659550409186397,0.8582825819592287,0.005121913948907327
2,2,0.0023990683381255686,0.21472250130540196,0.7828784303564725
0,0,0.7921983738994357,0.20762821973051057,0.00017340637005371513
0,0,0.6055520955802967,0.39406801560390065,0.0003798888158026009
2,2,8.809483956941932e-05,0.2170372624420425,0.782874642718388
1,1,0.3602136645832898,0.6387935870638237,0.0009927483528864346
0,0,0.9558138354309663,0.04397419041056849,0.00021197415846508751
1,0,0.687961535409867,0.3112095454893915,0.0008289191007414966
0,1,0.3280531962839648,0.6699216276636809,0.0020251760523542052
0,1,0.4023339254881893,0.5950037096915571,0.0026623648202535894
1,1,0.15381613007056022,0.8439390542552764,0.0022448156741633604
1,1,0.2589395137239353,0.737032094324781,0.004028391951283662
1,1,0.44679827107275283,0.5528603573414338,0.00034137158581331944
2,2,1.7893864838392828e-05,0.06270299452883588,0.9372791116063258
0,0,0.9334344267057185,0.06556139289685944,0.0010041803974220553
0,1,0.24675354561784157,0.7501970719310315,0.0030493824511269724
1,1,0.04524722181806815,0.9519092453578513,0.002843532824080784
0,0,0.6598272413088755,0.33981289210214777,0.00035986658897668185
1,0,0.5664692067179172,0.42965472258840204,0.0038760706936806517
0,0,0.5423265052108651,0.45664026272609193,0.0010332320630430554
1,1,0.045477640535555815,0.948129261261804,0.006393098202640241
0,0,0.9048408558180528,0.09502631186020025,0.000132832321746942
0,0,0.5727833547944859,0.42646879280156175,0.0007478524039522362
1,0,0.7215004460985566,0.2777715970498748,0.0007279568515687131
1,0,0.5289428496145934,0.47053237857567326,0.0005247718097332559
0,0,0.8343456277868396,0.1647028731850788,0.0009514990280814991
1,1,0.4102953145241813,0.5890462771269972,0.0006584083488215758
1,1,0.16693219811175683,0.8310614964321102,0.0020063054561330743
0,1,0.24966166671173615,0.7467089987506512,0.0036293345376126706
0,0,0.9734472598982186,0.0263352875672568,0.00021745253452472063
0,0,0.896497546679628,0.10345876401683919,4.368930353283341e-05
1,1,0.01990946900975163,0.9691104810307265,0.010980049959521891
1,1,0.38730299587241984,0.6109796472594583,0.0017173568681218428
0,0,0.7150075809484884,0.2846552952493828,0.0003371238021287791
1,1,0.1944210751158526,0.8024870810966891,0.003091843787458266
2,2,2.366566403817267e-05,0.10146068937599062,0.8985156449599712
0,0,0.6068281713685343,0.3921157560205877,0.0010560726108780594
1,1,0.04539571066367135,0.9487444944410018,0.005859794895326762
1,1,0.4969335234605542,0.5024607264094532,0.0006057501299926051
2,2,3.731648584781639e-07,0.00040230924080958625,0.9995973175943319
1,1,0.15460952029444525,0.8392243358133042,0.006166143892250402
0,0,0.677781499382635,0.3211976223255442,0.0010208782918208939
0,1,0.2808330720891199,0.7147883646618773,0.00437856324900283
1,1,0.225358958736718,0.7683646161636359,0.006276425099646074
0,0,0.7994878791195055,0.19982866907473204,0.0006834518057623705
1,1,0.05378063590656017,0.9232164775997197,0.02300288649372015
1,1,0.2645600764269869,0.7345216769724053,0.0009182466006077026
0,0,0.8728176672904768,0.12702475078482878,0.00015758192469441122
1,0,0.7740231214926414,0.22529362947070786,0.0006832490366506466
2,2,7.781742464757668e-05,0.08298093601181256,0.9169412465635399
0,1,0.48251047693163823,0.5168213632782082,0.0006681597901535852
1,1,0.14514077554864474,0.8535061028780524,0.001353121573302713
1,1,0.49032656289382465,0.5078601491989271,0.0018132879072482117
1,1,0.28532850164708334,0.7134838720110405,0.0011876263418762788
0,0,0.772874512063381,0.22688510766225864,0.00024038027436026286
1,1,0.32375370139428394,0.6741631253251253,0.00208317328059078
0,1,0.2052445402175025,0.7930335362618812,0.0017219235206162229
1,1,0.4285959897280961,0.5698452295012956,0.0015587807706083905
1,1,0.24435240280052423,0.7529768786342046,0.002670718565271263
0,1,0.4910391845771257,0.5082417599536828,0.0007190554691915034
1,0,0.6135011090825198,0.38572759867602396,0.0007712922414563016
0,1,0.02256231616735343,0.8616322705618137,0.1158054132708329
0,0,0.5270934766702919,0.4714986056517292,0.0014079176779788435
1,1,0.4293749514388894,0.5699860966276339,0.0006389519334767112
0,0,0.5979089054022845,0.4014931580280756,0.0005979365696398641
0,0,0.7359472942992789,0.26379404505283227,0.0002586606478889525
0,0,0.5538136097069668,0.4453201026270503,0.0008662876659829337
1,0,0.8167428058997974,0.18315583167688418,0.00010136242331848772
0,1,0.3357906362367279,0.6627272242482375,0.0014821395150347045
1,1,0.058398401293380635,0.9201806202100021,0.021420978496617255
0,0,0.8958091345736717,0.1037506401610611,0.00044022526526720895
1,2,0.0008399962401135304,0.4470377675907518,0.5521222361691347
1,1,0.414513445709796,0.5847223162081177,0.0007642380820865306
1,1,0.05686860763552283,0.9366657874771869,0.006465604887290168
0,0,0.8634350247289273,0.13651243620906098,5.25390620117834e-05
0,0,0.9248559078632717,0.07503144779815905,0.00011264433856944185
0,0,0.6471295021491799,0.35280256486204475,6.79329887754275e-05
0,0,0.7541392216832442,0.24507475343529658,0.0007860248814592896
1,0,0.8240114973021256,0.1756957277979865,0.00029277489988798817
1,1,0.1630231073952722,0.7911847891582428,0.045792103446485
1,1,0.30769010510837597,0.6906007378212398,0.0017091570703843331
2,2,0.00020907099618388931,0.11200340212651702,0.887787526877299
0,0,0.8968501431218557,0.10139531341074275,0.001754543467401516
1,1,0.3706030535766975,0.6286042503963273,0.0007926960269752933
1,1,0.21836607639369449,0.7764492522203845,0.00518467138592104
1,1,0.3096018345219186,0.6830608932767193,0.007337272201362261
1,1,0.4911805399856122,0.5065276731475854,0.002291786866802484
0,0,0.5505008419020161,0.44880209373616353,0.0006970643618203653
1,1,0.10787604834399929,0.8848260633846977,0.007297888271303068
1,0,0.6919828671198339,0.30775975751794665,0.0002573753622194537
1,1,0.09920115731132662,0.8980444617739034,0.0027543809147700005
1,1,0.13288561349440542,0.8598632682518814,0.007251118253713228
0,1,0.3351518221469888,0.6632542573091414,0.001593920543869598
1,1,0.012593639067129103,0.9830274975583001,0.004378863374570867
0,0,0.9649713819955251,0.034801477546055996,0.0002271404584188717
1,1,0.21726809828575644,0.7795904725843922,0.003141429129851311
1,0,0.6119139147190158,0.38716129238936275,0.0009247928916216236
1,0,0.5908206933775668,0.4036075439318014,0.005571762690631715
1,1,0.27796347897572077,0.6615317335518959,0.06050478747238324
0,1,0.41078928505655304,0.5879452894717849,0.001265425471662061
0,1,0.21963354361895593,0.7781309761359461,0.002235480245098077
0,0,0.7629428024277484,0.23663428874805012,0.0004229088242014832
0,0,0.6777738743673077,0.32015455324768993,0.002071572385002274
0,0,0.8229845730161868,0.1769191503237949,9.627666001826007e-05
1,1,0.34768624649359253,0.6511746127433407,0.0011391407630667969
1,1,0.1405600715835358,0.8545213318691814,0.0049185965472827555
1,0,0.553772548997133,0.445769239891907,0.0004582111109599862
1,1,0.21527135250960125,0.7817828569972187,0.0029457904931801384
1,1,0.2801933567183376,0.7184520206716642,0.0013546226099983287
0,0,0.8068612169574376,0.19275345585746811,0.0003853271850942264
1,1,0.12293044880335512,0.8744174881615748,0.0026520630350700234
1,1,0.4217846297800444,0.5765601593798869,0.0016552108400687423
0,0,0.5864384326602703,0.412799733885588,0.000761833454141769
1,1,0.49665519721344853,0.5030246488744086,0.0003201539121428149
0,0,0.9758765421552239,0.02397912267925148,0.00014433516552469643
1,1,0.03299954406577704,0.9636162755740637,0.003384180360159357
0,1,0.48849874386810294,0.5097973484837133,0.0017039076481838136
0,1,0.48093772411347974,0.5175044882432991,0.001557787643221124
1,1,0.4759912454386694,0.5237365024840891,0.00027225207724142317
1,1,0.07459858486753017,0.8077365739340155,0.11766484119845423
2,2,6.599819641704686e-06,0.09911704565823544,0.9008763545221228
0,0,0.9247502045274323,0.07516563386851573,8.416160405190845e-05
1,1,0.0369905775724625,0.9569293837567289,0.00608003867080859
0,0,0.6009120785514109,0.3989316506869603,0.00015627076162878507
1,1,0.1963888155871915,0.8018438052950938,0.0017673791177145962
2,2,5.0097820993565435e-06,0.005026602640134679,0.994968387577766
1,1,0.06106239989229376,0.8635178360242836,0.07541976408342253
1,1,0.033694403975901406,0.9622272392293593,0.004078356794739429
1,0,0.8586610189645583,0.14119350041965692,0.00014548061578484369
2,2,4.591435991190307e-05,0.037543543509749824,0.9624105421303382
1,1,0.12281737556104963,0.8755594970376956,0.0016231274012546508
1,1,0.001857480820650478,0.585264908512588,0.41287761066676154
1,0,0.8383571412181082,0.1613714317372181,0.0002714270446737066
0,1,0.31484714713342865,0.6832467898903628,0.0019060629762083768
1,1,0.211888257672265,0.7872468833302838,0.0008648589974512272
1,1,0.4906572631750439,0.5085859897971509,0.0007567470278052613
0,0,0.9543886433904291,0.0455723198793096,3.9036730261233384e-05
1,0,0.5367106583456951,0.4596117404045652,0.0036776012497397106
0,1,0.44221205645227746,0.5568759317167862,0.0009120118309363006
1,1,0.3710561402639274,0.6268509050878455,0.00209295464822718
0,1,0.45959619073411173,0.5390526225236967,0.0013511867421915143
0,0,0.9406872904386534,0.05908798355761566,0.00022472600373087012
0,1,0.3953591686360888,0.6023953269175901,0.002245504446321016
1,1,0.12884677907557973,0.866111499898085,0.005041721026335194
0,0,0.8696414902110629,0.13018545095543105,0.000173058833506026
1,1,0.13122707432065933,0.8620202434263079,0.006752682253032795
0,0,0.6361470023408115,0.3633430587280064,0.0005099389311821812
0,0,0.7811086820047654,0.21879675983557556,9.455815965887587e-05
0,0,0.6641632057242396,0.33533058201906185,0.0005062122566985239
0,1,0.2281726230153837,0.7669272332105542,0.004900143774062042
1,1,0.14602325726981186,0.8145339233968869,0.03944281933330113
1,0,0.6094737648672119,0.3888323761565455,0.0016938589762425511
0,0,0.9008178514694757,0.09911108253105,7.106599947424298e-05
1,2,0.00023935170230321478,0.11579887338219437,0.8839617749155024
0,0,0.6407449181829558,0.3582969554855351,0.0009581263315090364
0,1,0.41914746643030487,0.5795801257289351,0.0012724078407598902
1,1,0.2688250250547891,0.728287773335089,0.002887201610121911
2,1,0.011145418131080236,0.8488984993350329,0.1399560825338869
1,1,0.10463338330052817,0.8904567244427296,0.004909892256742332
1,1,0.16440260271912224,0.8311623744076044,0.004435022873273358
1,1,0.26313453314078,0.7352773940520033,0.0015880728072166412
0,1,0.2791780937499586,0.7200161063464834,0.0008057999035581745
1,0,0.7160215589942094,0.28380931209264537,0.00016912891314522756
0,0,0.5721577438658345,0.42182224835202925,0.006020007782136169
0,0,0.780007306746151,0.2183194965998854,0.0016731966539635676
1,1,0.2532889838021094,0.7442506939925135,0.002460322205377036
1,1,0.31319834349943715,0.6854606251426462,0.0013410313579166272
1,1,0.01130250314468541,0.9766043233917392,0.012093173463575368
0,0,0.5799855560253386,0.4195139256859587,0.0005005182887025193
0,0,0.8243327929544378,0.17513669148270056,0.0005305155628614872
1,2,0.00014908952930291593,0.13004015469699423,0.8698107557737028
1,1,0.1244370394981593,0.8461778862284095,0.029385074273431268
1,1,0.49497118728895423,0.5046332161167888,0.0003955965942568997
1,1,0.2014689157527559,0.7969026458007892,0.001628438446454854
1,1,0.4510035132743986,0.5484756877229405,0.000520799002660875
1,1,0.19917068786658315,0.7972972919904714,0.0035320201429455255
1,1,0.24571381670310527,0.7501496726396983,0.004136510657196368
2,2,5.517745045983593e-05,0.06685183861733321,0.933092983932207
0,0,0.8607990821986254,0.1389635027464692,0.00023741505490525291
1,1,0.15698031686198255,0.8399960491707821,0.0030236339672352923
0,0,0.5266316703709654,0.47226262496324584,0.0011057046657887819
1,1,0.019066073011698083,0.4918316913831177,0.4891022356051842
0,0,0.7439957650753661,0.2558342224512116,0.00017001247342228438
0,0,0.8501100898924483,0.14970502109885897,0.00018488900869285355
0,0,0.8419647242186914,0.1578626015180974,0.00017267426321106673
0,1,0.3021521205621468,0.6953845807696656,0.002463298668187558
1,1,0.1354823828363541,0.8617223383130377,0.0027952788506083177
0,0,0.6915950370939306,0.30741568966482824,0.0009892732412411548
2,2,0.01356442339157061,0.3187984853992717,0.6676370912091577
1,1,0.18167203438555135,0.8158662490397672,0.0024617165746815025
0,0,0.6151615139845238,0.3846129234005045,0.00022556261497165884
0,1,0.45220941992639335,0.5471186145697572,0.000671965503849428
0,0,0.915216926693285,0.08471928954448503,6.378376222978922e-05
1,1,0.3793007957014604,0.6144873284256975,0.006211875872841983
1,0,0.7307741565473707,0.26879872247747316,0.0004271209751561658
0,1,0.4570864892013151,0.5418338439212645,0.0010796668774203377
1,1,0.09737485968385219,0.9008047936693562,0.0018203466467914115
1,1,0.2095817232377816,0.7858107666327299,0.004607510129488603
1,1,0.42125482201716125,0.5769552182382011,0.0017899597446377885
0,0,0.6065765162509863,0.3932749917207209,0.00014849202829295328
0,0,0.8645939177092614,0.1352560026287543,0.0001500796619841568
1,1,0.2567187577339361,0.7412426950892789,0.002038547176785152
0,1,0.3483601356940535,0.6490296615759213,0.002610202730025067
0,0,0.7124355508286108,0.28731920731022165,0.00024524186116767677
2,2,5.393662100704843e-06,0.06689620967166765,0.9330983966662316
1,1,0.2714490895370864,0.7268406070738589,0.0017103033890547006
0,0,0.6136495989950976,0.38546824944366753,0.0008821515612348884
0,0,0.7323185979053576,0.26714086518212693,0.0005405369125155156
1,1,0.321503967960171,0.6726948753109415,0.0058011567288874235
0,0,0.5396226818897599,0.4591676800628557,0.001209638047384364
0,0,0.9054380258688339,0.09347588703917405,0.0010860870919919
1,1,0.4507198592794079,0.5484729619710644,0.0008071787495276859
1,1,0.022243527675746614,0.8031729075300426,0.1745835647942109
0,0,0.6978023898977599,0.30207207402102526,0.00012553608121488674
1,1,0.3895897201765126,0.6091581402428492,0.0012521395806381276
1,1,0.28709782093387365,0.7068617525902523,0.006040426475874065
1,1,0.030294855674929164,0.962292545954883,0.007412598370187783
0,1,0.3461819683238381,0.6511617039265876,0.0026563277495744056
0,0,0.8222209802145857,0.17767488746618182,0.00010413231923241795
1,1,0.29945558236099934,0.6989718117749147,0.0015726058640860884
1,1,0.13618033430902346,0.7961414669656925,0.06767819872528401
1,1,0.3796117116379239,0.619072836170643,0.001315452191433107
1,1,0.38587388154952346,0.6138202899896058,0.0003058284608706843
0,0,0.6477812770816801,0.3520659217546149,0.0001528011637050007
0,0,0.5076897862680437,0.48955991498853596,0.0027502987434202993
1,1,0.12700762788449765,0.8660738464241043,0.006918525691398066
1,1,0.16894420437286234,0.829447547217366,0.0016082484097717912
0,1,0.4976378091172406,0.5015939988910332,0.0007681919917262972
0,0,0.5351860900183197,0.4639026136439852,0.0009112963376949348
1,1,0.017006564467069038,0.8450182068453783,0.13797522868755277
1,1,0.3569480506713956,0.641828758939242,0.001223190389362385
0,1,0.12644481677912894,0.8657788038299605,0.007776379390910689
1,1,0.40914291449860557,0.5898941634759609,0.0009629220254335825
0,0,0.8149695941122131,0.18451905200006477,0.0005113538877220467
1,1,0.1231789583547134,0.8744489027921915,0.0023721388530951295
1,1,0.2697447759495963,0.7255221270201623,0.004733097030241369
0,1,0.40371970990429107,0.5952471740061085,0.00103311608960035
1,1,0.0674522560497499,0.9309847241201523,0.0015630198300978417
1,1,0.32349057776900597,0.675960715951623,0.0005487062793710776
0,1,0.08452346861795909,0.9073474395891903,0.008129091792850662
0,1,0.2732105198610242,0.7246277044735137,0.002161775665462109
0,0,0.8655174648347067,0.13433187021275714,0.00015066495253601098
0,0,0.8933930514506981,0.10652344031102405,8.350823827766146e-05
2,2,0.0004388719946886959,0.2248924543701271,0.7746686736351841
1,1,0.11445603551742237,0.8763838490261472,0.009160115456430397
1,1,0.2035105238016636,0.7860475044548114,0.010441971743525066
0,0,0.8090713409880155,0.19072651657096354,0.0002021424410209204
1,1,0.02108103811909546,0.9707091025346847,0.008209859346219981
1,1,0.11198852715244838,0.8544683337780298,0.033543139069521825
0,0,0.8035143697915924,0.1963524184390473,0.0001332117693604216
1,1,0.4534192042206828,0.545690333752778,0.000890462026539233
1,0,0.5973907789131401,0.40211289068387573,0.0004963304029841951
0,1,0.42492568867957753,0.5738020712868833,0.0012722400335390689
2,2,7.2433921391076735e-06,0.006827326399803252,0.9931654302080576
0,0,0.6934460007456832,0.30463707393937073,0.001916925314946217
0,1,0.42005356886972955,0.5763075841585209,0.003638846971749635
0,0,0.5315303126259339,0.467719217611432,0.0007504697626342505
0,0,0.7688690451719566,0.23093437747049636,0.00019657735754701584
0,1,0.49910622514216,0.500257269317416,0.0006365055404239446
1,1,0.008508182638162115,0.8554578335978918,0.136033983763946
0,0,0.6190008055547795,0.3808290095168988,0.00017018492832176214
0,0,0.9669088395845746,0.032359760632076955,0.0007313997833483171
2,2,1.5729949493154352e-07,0.0002066990664245994,0.9997931436340806
0,0,0.596858788521468,0.4027769891499953,0.0003642223285365751
0,1,0.06730693282742214,0.9306815243204024,0.0020115428521752464
0,0,0.9712693394473207,0.028628390151579045,0.00010227040110017111
0,0,0.5093153259996136,0.4900662821787224,0.0006183918216640107
0,0,0.9338958503763706,0.06600711642832231,9.703319530706981e-05
1,1,0.43064171910825916,0.5643910505972559,0.004967230294485032
1,0,0.7099648278560351,0.28983505581068736,0.000200116333277517
1,1,0.2620587516123233,0.7358306740407655,0.0021105743469111288
1,1,0.11899027744882722,0.8772542542137736,0.0037554683373992206
0,0,0.6003628693063421,0.39936183973838507,0.0002752909552729592
1,1,0.04914704883908714,0.8615909996978844,0.08926195146302841
1,1,0.026236341022496806,0.9649400936337029,0.00882356534380021
1,1,0.06473790032559232,0.9223738806503552,0.012888219024052594
1,1,0.35626903087094136,0.6427452839397434,0.0009856851893152577
1,1,0.12323668991640259,0.8748686604052424,0.0018946496783550262
0,0,0.6339627801305123,0.3655428300024905,0.0004943898669970598
0,1,0.4378122213831314,0.5616081625542001,0.0005796160626684006
2,2,5.822639218042937e-05,0.050805738946944894,0.9491360346608746
0,0,0.7310117568069877,0.2687618692046448,0.00022637398836747582
0,0,0.5779824490090445,0.42145643068743555,0.0005611203035200116
1,1,0.04727358492961719,0.9425411782518945,0.010185236818488255
0,0,0.6667585658587512,0.33298750523939924,0.0002539289018495926
0,1,0.2082543911919971,0.7892988752151979,0.0024467335928050065
0,0,0.51521837965516,0.4840891503846458,0.0006924699601941844
0,0,0.7159011200529285,0.2838100271658788,0.0002888527811927165
1,1,0.08569488251922013,0.911329867399226,0.0029752500815540574
0,0,0.9692784336050231,0.030570715403410244,0.00015085099156655386
0,0,0.7997442206776535,0.20019811015161448,5.7669170731846954e-05
0,0,0.7947451754121786,0.2049729409851471,0.0002818836026743057
1,0,0.6751653511428772,0.32452203782847816,0.00031261102864462857
0,0,0.706310578315275,0.2933688807848673,0.0003205408998577932
0,0,0.914779640773834,0.08515843933905085,6.19198871152157e-05
0,1,0.43545984344055316,0.5638337794629844,0.0007063770964624612
1,1,0.1625658135104883,0.8343629939153657,0.0030711925741460323
1,1,0.4314160757452617,0.5648902280162265,0.0036936962385117965
1,1,0.08831099515773932,0.9064421872741943,0.005246817568066419
1,1,0.17482174299125527,0.8232723532675041,0.0019059037412407064
2,2,1.5225499231534278e-07,0.00021233321209863435,0.999787514532909
1,0,0.5014081493494069,0.49680393392653005,0.0017879167240630932
1,0,0.6032023620959859,0.3964727493832175,0.00032488852079656555
0,0,0.9702453145761426,0.02964450378463275,0.0001101816392246525
0,0,0.5122843070331103,0.4870219447223161,0.0006937482445734523
0,0,0.912695782827121,0.08651285728572324,0.0007913598871558442
1,1,0.4705461653088518,0.5286816881992481,0.0007721464919001168
0,1,0.3097356578729762,0.68929839079901,0.0009659513280139127
1,1,0.09830410634158403,0.8995063322553694,0.002189561403046546
1,0,0.573159908169757,0.42498773504318055,0.0018523567870624516
1,1,0.09416055221957788,0.8860205678220511,0.0198188799583711
1,1,0.14810757204291267,0.8504798633574177,0.0014125645996697187
0,0,0.7802571760140468,0.21935859015692852,0.0003842338290248733
1,1,0.028882611999161093,0.8254671652930479,0.14565022270779096
1,1,0.18596202882725058,0.8113503026853736,0.0026876684873758244
1,1,0.276919889243965,0.7204528307079879,0.0026272800480472602
1,1,0.26800378023082544,0.7286978535194877,0.0032983662496869006
1,0,0.6520805837936982,0.3475874723276979,0.00033194387860395556
0,0,0.8810693901111384,0.11873016722889174,0.00020044265996983708
1,1,0.15567190561354366,0.8438443963396207,0.00048369804683560236
1,1,0.2743699124132644,0.7223422143940945,0.00328787319264104
0,0,0.6543515281901835,0.3453184568726857,0.0003300149371307614
1,1,0.0933446865587714,0.9039466838353956,0.0027086296058331082
0,1,0.2880249830316761,0.7094740725413138,0.002500944427010046
0,0,0.8113648214108364,0.18825486870754124,0.0003803098816222515
1,1,0.12362483015813613,0.8702121058434399,0.006163063998423935
1,1,0.025021508134656846,0.9695559828714596,0.00542250899388349
1,2,4.5534731641515516e-07,0.0032577705116428484,0.9967417741410408
0,1,0.10518338408271208,0.8878959737623687,0.00692064215491922
1,0,0.6131425501613164,0.386502436078219,0.000355013760464689
0,0,0.6177421874143765,0.3818779781606549,0.00037983442496862464
1,1,0.3135817952084525,0.6837727615904455,0.002645443201101972
1,0,0.5067763292434854,0.4927940289656798,0.0004296417908347999
1,1,0.10456576183254812,0.8937195629676079,0.0017146751998439
1,1,0.41819437954621785,0.5803032972203441,0.0015023232334379698
1,1,0.2974869180196513,0.7006865762767757,0.0018265057035730444
0,1,0.09920756892652194,0.896708282662934,0.004084148410543865
0,1,0.10949369029572899,0.8865391195660189,0.0039671901382520615
1,1,0.08525721074214689,0.9103795247976193,0.004363264460233848
0,0,0.6910406418112914,0.3087225339555432,0.00023682423316536766
1,1,0.3746675456279137,0.623832588302788,0.0014998660692982374
1,0,0.7975088521820244,0.2021901707257251,0.0003009770922504607
0,1,0.2937876417455982,0.7038432064212755,0.002369151833126354
0,0,0.9794546906131604,0.02051839004850457,2.6919338335097007e-05
2,2,1.4278103705778302e-05,0.06626421407353669,0.9337215078227574
0,0,0.9349604817148904,0.06480090638730895,0.00023861189780060167
0,1,0.3640993857878343,0.635124673207094,0.0007759410050717096
0,0,0.9217186668965707,0.07817040380878511,0.0001109292946443038
0,0,0.9383767038252607,0.06158349241014051,3.980376459877001e-05
1,0,0.7225444675001663,0.27724065521825425,0.00021487728157943672
1,1,0.3028068429792967,0.6939017056445301,0.003291451376173099
1,0,0.6034212530356953,0.3958424419993077,0.0007363049649970063
1,0,0.6880604091340523,0.31152954205204303,0.00041004881390463644
2,2,0.0006372838046680979,0.22569967893394327,0.7736630372613887
0,0,0.7960978925691863,0.20369390877460347,0.00020819865621030047
1,1,0.13972293649447423,0.8582984733153995,0.0019785901901263453
0,0,0.7785508811607563,0.22129087318813953,0.00015824565110418516
0,0,0.6235952443530878,0.3755419203832455,0.0008628352636667984
1,1,0.3797104456330814,0.6190906183997914,0.0011989359671273493
1,0,0.8940120244806649,0.10589339220677471,9.458331256036805e-05
2,2,7.592297715459347e-07,0.009368644697893006,0.9906305960723355
2,2,0.00017905033778102455,0.13695899324585284,0.8628619564163662
0,1,0.27844146220838994,0.7194351655494244,0.0021233722421856627
0,1,0.18327659686805509,0.7913922987829012,0.02533110434904378
0,0,0.6917518299021775,0.3075602256096621,0.0006879444881602456
1,1,0.17977679959310114,0.8159103216813026,0.0043128787255961
1,1,0.09772461028470301,0.8649618659453567,0.0373135237699402
2,2,9.532164017963319e-05,0.17331681740044755,0.8265878609593729
1,1,0.12401688078916089,0.8699451468943247,0.006037972316514435
0,1,0.2534063605493436,0.7428148676678854,0.0037787717827710587
1,1,0.22635581737338126,0.7720644769171133,0.0015797057095054447
2,2,2.921337193413753e-05,0.14642464016942866,0.8535461464586372
0,0,0.6054535165466571,0.39394174531471526,0.0006047381386277101
1,0,0.6622974828797374,0.33699950396342104,0.0007030131568415098
1,1,0.07182015656393773,0.9073351432044114,0.020844700231650838
0,1,0.07889419445759825,0.91775753531618,0.0033482702262217414
1,1,0.3399982579428265,0.6556617697984025,0.0043399722587709735
2,2,8.505394987745122e-06,0.033115243655691136,0.9668762509493211
0,0,0.9505388174951533,0.049145160910752106,0.0003160215940946702
0,1,0.39962803065350455,0.5992399126788053,0.0011320566676902319
1,1,0.25790086736069884,0.7391858471154004,0.0029132855239006735
0,0,0.8283543950229789,0.17154730365160897,9.830132541207654e-05
1,0,0.5649461871432572,0.4317846562387861,0.003269156617956846
0,0,0.9273879681881315,0.07252524566858719,8.678614328145345e-05
1,1,0.03704828005756458,0.8601865813763278,0.1027651385661076
0,0,0.7499645816431797,0.24977432203686492,0.00026109631995532097
1,1,0.10900708787416048,0.8886464197290982,0.00234649239674141
0,0,0.5553367196763099,0.44164950230823796,0.0030137780154519955
0,1,0.3654343439558804,0.6333457306491319,0.0012199253949877122
1,1,0.34496516499281016,0.6537958851789586,0.001238949828231239
2,2,1.0560011296740823e-08,0.00191213923752419,0.9980878502024646
1,1,0.2889098265522056,0.7049971339666715,0.006093039481122795
0,1,0.124814066486383,0.8730628524642203,0.0021230810493967803
0,0,0.888525471878276,0.11117833626649863,0.00029619185522526177
1,1,0.2845741971128612,0.7136770189112027,0.0017487839759361763
2,2,0.0002644446737357369,0.13701823826827758,0.8627173170579867
1,1,0.37641003491762204,0.6218377441592269,0.001752220923150998
0,0,0.8603169070928619,0.1394976979405921,0.000185394966545926
0,0,0.5700690870015699,0.4291948399633149,0.0007360730351152129
1,1,0.3609583226076254,0.6367454499357488,0.0022962274566258683
0,0,0.6998149359774827,0.299960044427069,0.00022501959544834655
0,1,0.48440393697490086,0.5145290962132039,0.001066966811895209
0,0,0.5545991867561116,0.4434131967509458,0.0019876164929426158
0,1,0.18404387333990882,0.8126895583043401,0.0032665683557511387
1,0,0.6493552696620992,0.35027000341270353,0.00037472692519716446
1,1,0.4227020025329888,0.5770343081959771,0.0002636892710341391
0,0,0.8032452788099194,0.1966479222382176,0.00010679895186318147
1,1,0.24464476678093433,0.754694839948365,0.0006603932707006701
1,1,0.08162723314359305,0.9159237703667376,0.0024489964896691804
1,1,0.4371474168966597,0.5620492007205816,0.0008033823827585596
0,0,0.6217607118064465,0.37763080367386614,0.0006084845196873471
1,1,0.03865629009429477,0.947130584408705,0.014213125497000224
0,1,0.44992512089686226,0.549221858189723,0.0008530209134146364
1,1,0.018099946585989717,0.9706012468892611,0.011298806524749279
1,1,0.44004498391659086,0.5590151019050692,0.0009399141783400289
2,2,2.583266680472122e-05,0.07410068514357526,0.9258734821896201
1,1,0.10207599784734366,0.8957904116684687,0.002133590484187593
0,1,0.413980938920715,0.5848454672569319,0.0011735938223532462
1,1,0.2822108098986732,0.7151030810277739,0.002686109073553014
1,1,0.2149214703188396,0.7811637701166347,0.003914759564525639
0,0,0.8467708437349134,0.15318604583105777,4.311043402882832e-05
0,1,0.0846266237406689,0.9134554186774254,0.0019179575819056607
1,1,0.16733158492994915,0.828570401201376,0.004098013868674596
0,0,0.6392182707179429,0.36017854244778286,0.0006031868342743032
1,1,0.09491902158517077,0.9004537265565742,0.004627251858255014
0,0,0.5755164446868254,0.4242349349607965,0.00024862035237804836
0,1,0.09224850837673888,0.8672597156270244,0.04049177599623664
0,0,0.8327077242152142,0.16695341076871129,0.00033886501607459265
1,1,0.45759806227441124,0.5413830214250246,0.0010189163005641228
1,0,0.538923907560929,0.4606122743208314,0.00046381811823961505
0,1,0.42160642837324724,0.5753977042329701,0.0029958673937827405
1,1,0.06976361868878936,0.9268101971777287,0.0034261841334818793
1,1,0.3068167230801452,0.6925537939947355,0.0006294829251193511
0,0,0.8810237375849762,0.118919936292246,5.6326122777676605e-05
1,1,0.3508660100298592,0.647724611243687,0.001409378726453905
1,1,0.24566641542614906,0.7501362994422401,0.004197285131610822
2,2,8.982698558724555e-07,0.01733606122177584,0.9826630405083683
0,0,0.9563676365381106,0.043351164530169024,0.0002811989317203394
0,0,0.8466680850437923,0.15297628487886217,0.0003556300773456088
0,0,0.6255184455707035,0.3740431941312301,0.00043836029806649466
1,0,0.7288842784498929,0.2707003661561913,0.00041535539391580656
2,1,0.028644403478566612,0.6636280675519036,0.30772752896952976
0,0,0.922984126286565,0.07700106778224064,1.4805931194249757e-05
0,0,0.9142128972411372,0.08566682073414866,0.00012028202471412168
0,0,0.9193722406236483,0.07969659319756772,0.0009311661787840844
1,1,0.1892734657797728,0.8069407096843224,0.0037858245359048376
1,1,0.16415336093063482,0.8338493640575622,0.001997275011803005
0,0,0.8123343779613816,0.1863104297148127,0.0013551923238056453
1,0,0.5234071455137425,0.4756531350106067,0.0009397194756508045
2,2,0.0005734970974043578,0.10023932308541501,0.8991871798171805
0,0,0.7435262064375227,0.25609317746057164,0.00038061610190564507
1,1,0.10090485090343042,0.8943546488039624,0.004740500292607184
1,1,0.2329492972276544,0.7653444563177448,0.001706246454600647
0,0,0.822113788917131,0.17780267704079164,8.353404207724615e-05
2,2,0.0027695154332774037,0.23036243579480167,0.7668680487719209
1,1,0.0408895565643648,0.9552718945690647,0.0038385488665704523
0,0,0.7294140614437957,0.27036727959146967,0.0002186589647347088
0,1,0.11109378740268457,0.8843286246055522,0.0045775879917633626
1,2,0.06451137878737513,0.44847094697021633,0.48701767424240844
1,1,0.28893950843168215,0.7070726844851064,0.003987807083211426
0,1,0.3259446620896202,0.6724852808097928,0.0015700571005870625
0,0,0.6185961302379709,0.38109019195629706,0.0003136778057320055
1,0,0.7836926802502103,0.21591300804865862,0.00039431170113095787
2,2,8.432692946542135e-06,0.10687814920042267,0.8931134181066308
0,1,0.48021030480932225,0.5191617783722416,0.0006279168184361374
1,0,0.7550622700196283,0.24471716243603484,0.00022056754433679874
0,0,0.8771910246703105,0.12245324397591432,0.00035573135377522285
1,1,0.34314012588285564,0.6558992768082802,0.0009605973088641406
0,1,0.2805249729354828,0.718831377513173,0.0006436495513442453
1,1,0.21188148754674344,0.7857682246652605,0.0023502877879960113
0,0,0.7880253580867796,0.21185386799849967,0.00012077391472070102
1,0,0.7514445356164325,0.2446922848056235,0.003863179577944093
1,1,0.18577789896360414,0.8070113570033574,0.007210744033038444
0,0,0.6029077042755603,0.3967149432063194,0.0003773525181202977
1,1,0.2577373748921353,0.7395478433545598,0.0027147817533048754
1,1,0.1483515707602453,0.849318584208821,0.002329845030933732
0,0,0.9693712327528053,0.030383148640429607,0.0002456186067650877
0,1,0.29145500513955147,0.7061931715068931,0.002351823353555555
1,1,0.36055382318335444,0.6370902584378081,0.002355918378837392
1,1,0.009818780034397338,0.7328841016422646,0.25729711832333796
1,0,0.6356229951224798,0.3638608388241252,0.0005161660533949913
0,0,0.6499965065621316,0.3494403955936956,0.0005630978441728246
1,0,0.7715565300436105,0.22832056519953275,0.0001229047568567502
1,1,0.4116007182696335,0.5862362386779624,0.0021630430524041014
0,0,0.5040459082454591,0.495686683699272,0.0002674080552689224
0,0,0.8058742439038519,0.19263850078809497,0.0014872553080530454
0,0,0.6404620137848155,0.35928809796564876,0.0002498882495358195
1,1,0.12360090196808467,0.875039285387979,0.0013598126439363363
1,1,0.02572359964859284,0.9671467124145566,0.007129687936850586
1,1,0.07085918023392439,0.9069741258825761,0.022166693883499664
1,0,0.5972475747058806,0.4020292477145156,0.000723177579603892
1,1,0.22682480547251882,0.7702273666013215,0.0029478279261596326
0,1,0.23464731605784817,0.7609576196602049,0.004395064281946862
0,0,0.5895619344503827,0.40908147285047275,0.001356592699144468
1,1,0.029915086494233394,0.9350390003734919,0.035045913132274835
1,1,0.022610547360006967,0.9736635668259815,0.003725885814011496
0,0,0.6595389819872712,0.33803496022119023,0.0024260577915386048
0,0,0.5888350738006384,0.41021767286045624,0.0009472533389053563
1,1,0.1321964897693032,0.8621031307361271,0.005700379494569678
1,1,0.17016205749399888,0.8242083491811246,0.005629593324876501
1,1,0.07614928825359348,0.9206759401789543,0.003174771567452243
0,0,0.7653122568335762,0.23449734610971962,0.0001903970567043192
1,1,0.2655389948606298,0.7210560295831342,0.013404975556235998
0,1,0.49534888859586074,0.5038849117603711,0.0007661996437680807
0,0,0.5603709292506764,0.43926450756447144,0.00036456318485210887
1,1,0.2572788345958606,0.7416428889993328,0.0010782764048066034
1,1,0.3569636296282365,0.6412692050595088,0.0017671653122546963
1,1,0.11881766674272408,0.879967436478828,0.0012148967784478947
1,1,0.01934255279455728,0.8454100768669857,0.1352473703384571
0,0,0.7922444442935016,0.20750045891488642,0.0002550967916118535
0,0,0.7942229209952834,0.20568969469309803,8.738431161856754e-05
2,2,0.021690928688657095,0.421085984963433,0.55722308634791
0,1,0.49492232097245226,0.504322674773945,0.0007550042536027929
0,0,0.7106119714563901,0.2892164845208761,0.00017154402273369729
0,1,0.328784701684184,0.6648011829520346,0.006414115363781426
0,0,0.9991365479877441,0.0007679221360298509,9.552987622614341e-05
1,1,0.45347284264835247,0.545173726443749,0.001353430907898593
0,0,0.5997412032301501,0.39823489336751244,0.0020239034023374174
1,1,0.23004112937436097,0.7656453720179914,0.004313498607647607
1,1,0.046224111688379775,0.9493306692250254,0.004445219086594909
1,1,0.21042106258954388,0.7859380065692488,0.0036409308412072433
1,1,0.3602307645887579,0.6382875597525829,0.0014816756586592868
1,1,0.4457020563716712,0.5533171423947794,0.0009808012335494653
0,1,0.30455499272125286,0.6941096006768388,0.0013354066019082569
0,1,0.44018199420742277,0.5590464746843241,0.0007715311082532008
0,0,0.6796549669924452,0.31974044960162035,0.000604583405934468
1,1,0.08660833651434525,0.9020086673303511,0.01138299615530359
0,0,0.8717880030901233,0.12792050879427413,0.0002914881156026633
0,1,0.09692664675802368,0.8995359782014989,0.0035373750404774475
1,1,0.2948663584009934,0.7030239826942893,0.0021096589047173014
0,0,0.577144965894307,0.421518994658635,0.0013360394470580874
0,0,0.8083876123842954,0.19137588914431267,0.00023649847139207896
1,1,0.04269682527112697,0.94620303048236,0.011100144246512969
1,1,0.0017732374164082356,0.6001773443574208,0.39804941822617107
0,0,0.9986438764698821,0.000839755479542254,0.0005163680505757828
0,0,0.9120576658868388,0.08782699865845484,0.00011533545470639387
0,1,0.43350350142779975,0.565666942849391,0.0008295557228091527
1,0,0.5867135061726989,0.41171869430317726,0.0015677995241238992
1,1,0.027360958567005152,0.8529063715926922,0.11973266984030265
1,1,0.27758930858887365,0.7152995769041952,0.007111114506931304
0,0,0.8083467067896047,0.1915794504856665,7.38427247286857e-05
1,1,0.03681181657442833,0.8774781275865559,0.08571005583901578
2,2,5.556103211065843e-06,0.05956686218660621,0.9404275817101828
1,1,0.2135868852712696,0.7855955404717767,0.0008175742569536779
1,0,0.5033032480778056,0.4957363849616607,0.0009603669605337389
0,0,0.7082444310573642,0.29062947281948187,0.0011260961231539487
0,1,0.42282142904009706,0.5760779227191696,0.0011006482407333244
0,0,0.8743270808404392,0.12542636421833914,0.0002465549412215728
0,1,0.401708704573813,0.5979442798320594,0.0003470155941274452
2,2,5.579834546442733e-08,0.00015083008159647387,0.9998491141200582
0,1,0.4882255028295569,0.5110929480285068,0.0006815491419362952
2,2,0.00016758731264016053,0.13825877803310507,0.8615736346542547
0,0,0.546788775008312,0.4525517113119214,0.000659513679766518
1,1,0.46309079264490804,0.5362061324793986,0.0007030748756932505
1,1,0.17956991216773702,0.8178000236137873,0.0026300642184755845
1,1,0.18179341538495827,0.8144460841320094,0.0037605004830323927
1,1,0.04446651759261876,0.950589733026178,0.004943749381203401
0,0,0.9797420134686207,0.020199691137027652,5.8295394351670524e-05
1,1,0.06341168501554956,0.8110504640984028,0.1255378508860477
1,0,0.6161611495515731,0.3829578245152215,0.0008810259332054362
0,0,0.5361984584611958,0.4631199604108895,0.000681581127914701
1,1,0.06314300546912728,0.9205115054741428,0.016345489056730025
0,1,0.2742935403067632,0.7239172499724291,0.0017892097208077086
0,0,0.953199847168482,0.046724980676451956,7.517215506590392e-05
1,1,0.12402877757411102,0.8743347014320109,0.0016365209938782326
1,1,0.09432347768794735,0.9026677334850086,0.0030087888270439334
1,1,0.1625834349775549,0.8357197481897247,0.0016968168327204085
0,0,0.8123300494161484,0.18562844390613986,0.0020415066777115737
1,1,0.16256158925894545,0.8359985392660567,0.001439871474997864
1,1,0.1505477328033159,0.8457882968774147,0.0036639703192693058
1,0,0.7491170449211081,0.250138276782651,0.0007446782962409579
0,0,0.6625469935637349,0.33638203613149253,0.0010709703047725064
1,0,0.6672857363043457,0.3323445923370814,0.0003696713585728128
0,0,0.6869583184237318,0.31289052486787094,0.00015115670839732154
1,1,0.03987293472082852,0.9380647724531723,0.022062292825999155
0,0,0.7454404410423376,0.25426058393025325,0.00029897502740898013
0,0,0.90632781845727,0.0935560878007336,0.00011609374199641761
1,1,0.4088410332768817,0.5894549425930479,0.0017040241300704364
0,0,0.6860367137491189,0.3130071540056901,0.0009561322451910291
1,1,0.11785694231677206,0.8781283900639307,0.004014667619297104
1,1,0.12134217659992462,0.8685812364104338,0.010076586989641464
0,1,0.15137539536710948,0.847577456143706,0.0010471484891845734
0,0,0.7000177843749443,0.2994933133055059,0.0004889023195497796
1,0,0.7117292470630833,0.28807991731907845,0.00019083561783838526
1,1,0.31269401429808397,0.6851164435016761,0.0021895422002398686
1,1,0.017979209999965138,0.97746987041712,0.004550919582914784
1,1,0.09335537207991446,0.9004801866108533,0.006164441309232191
1,1,0.4319527455576067,0.5672401949877219,0.0008070594546715164
1,1,0.04298252260966018,0.8414338861017147,0.11558359128862532
1,1,0.0916954986600724,0.8833168795274119,0.024987621812515567
0,1,0.055219687296289725,0.8787925692979284,0.06598774340578194
1,1,0.08272071392759348,0.9158244528531032,0.0014548332193032984
0,0,0.6625585107405714,0.33721115744621305,0.0002303318132154785
1,0,0.6975728527002601,0.301422715247389,0.0010044320523508385
0,0,0.722336944631523,0.2771922958277837,0.00047075954069328616
0,0,0.9010041578267786,0.09867974548467497,0.000316096688546411
1,0,0.7145768369394776,0.2841883116408976,0.0012348514196247795
1,1,0.2792947681489683,0.7160124825663281,0.00469274928470353
1,1,0.17717021663889215,0.8178416098431274,0.004988173517980485
0,0,0.5897935468212964,0.40963512975741107,0.0005713234212925201
0,0,0.7367256756093293,0.2630927773023866,0.00018154708828404747
0,0,0.9647641356547468,0.03474866155158801,0.00048720279366505035
0,0,0.6770927667880963,0.32251953105511544,0.000387702156788166
1,1,0.018634688689350486,0.9725491500243313,0.008816161286318359
1,1,0.20241858424245954,0.7948325808721833,0.0027488348853570797
0,0,0.8632450097825113,0.13626324633832493,0.0004917438791637091
0,0,0.570562625511573,0.4289691321037242,0.0004682423847027933
0,0,0.8579930707539197,0.14193191003626382,7.501920981638716e-05
0,0,0.7732253605529019,0.22659839914247357,0.0001762403046245614
1,1,0.019573707120855106,0.8489544100568671,0.13147188282227779
1,1,0.1594818741435212,0.8378450213341765,0.0026731045223022097
1,1,0.414388362769754,0.5833228878868933,0.0022887493433526858
0,0,0.6342251367088552,0.3651447375752244,0.0006301257159204061
0,0,0.8507154634977911,0.1492151300730544,6.940642915453895e-05
0,1,0.09973828287720829,0.8965564175565776,0.003705299566214087
0,0,0.516735968952342,0.482806764694621,0.00045726635303688907
0,1,0.45295015479836565,0.5462413000115508,0.000808545190083565
1,1,0.3592409328761479,0.6396473388809136,0.0011117282429384948
0,0,0.8601866429124196,0.1397393932529833,7.396383459725441e-05
0,0,0.5606503656497086,0.43854453336087884,0.0008051009894124008
1,1,0.01762277441673315,0.7819622927018671,0.20041493288139975
2,2,2.774239002767156e-05,0.07760049963630448,0.922371757973668
1,0,0.7372901749539669,0.26218112501610813,0.0005287000299249908
2,2,5.197072610714556e-07,0.005022432629013368,0.9949770476637255
1,1,0.49490694338067565,0.5038208783839432,0.001272178235381133
1,0,0.8975544710160487,0.10185118101787309,0.0005943479660783105
1,1,0.4225588879508494,0.5763828556563546,0.001058256392796127
1,1,0.15376613778552167,0.8420963018438451,0.004137560370633297
1,0,0.7294794110352949,0.2703617297381025,0.00015885922660255794
0,0,0.6459133696843937,0.35383995717681127,0.00024667313879513314
0,0,0.6437550105672502,0.3560052032170652,0.0002397862156847154
1,0,0.6957361159430762,0.3033427154110747,0.0009211686458491641
1,1,0.45718340873141233,0.5414246696916609,0.0013919215769268637
2,2,6.091881428816854e-07,0.0004579766940489518,0.9995414141178082
0,0,0.9737892452567916,0.026052382821182055,0.00015837192202644627
1,0,0.6809692565208202,0.318530893013651,0.0004998504655289133
1,1,0.036654692780459665,0.9554978445478328,0.007847462671707748
1,0,0.6528998891182725,0.3464912749219105,0.000608835959817042
1,0,0.5853925656374356,0.41412898461671,0.0004784497458545118
2,2,0.0003447229186105643,0.10574941398434912,0.8939058630970405
1,1,0.4071963570114748,0.5919771814658984,0.0008264615226269268
0,0,0.6468260656606934,0.3529032433646218,0.0002706909746846275
1,1,0.2886360038114554,0.710543224708227,0.0008207714803175614
1,1,0.015377319325121824,0.9670421536046476,0.017580527070230657
1,1,0.2525886163267157,0.7462314157295837,0.0011799679437006075
1,1,0.14830397863505293,0.8496058408893302,0.0020901804756169387
1,1,0.039649093848308635,0.9084661253211067,0.05188478083058459
0,0,0.7797628454905536,0.22001805796530927,0.00021909654413717665
0,0,0.6972572250384895,0.3022487469382732,0.0004940280232373475
0,0,0.5763857650613614,0.4232105328560081,0.0004037020826304111
1,1,0.08688825930776685,0.9078376479821599,0.00527409271007328
1,1,0.22637498756995705,0.7729108507457907,0.0007141616842523416
1,1,0.24711098445284427,0.7510838121139588,0.0018052034331969469
1,1,0.2662250021323234,0.7319553252631402,0.001819672604536294
2,2,0.0026547475522746317,0.18306609916624914,0.8142791532814763
1,0,0.5223857844487042,0.4767192859584667,0.0008949295928291958
1,0,0.7591686552161154,0.24073105054148114,0.00010029424240340045
0,1,0.3437804845469045,0.6521255174237066,0.004093998029388837
1,1,0.4296281628133358,0.5698678933744825,0.0005039438121816755
1,1,0.11244465591003018,0.8851996262650269,0.0023557178249430486
0,1,0.46486795059361313,0.531854824214891,0.0032772251914958347
0,1,0.3363187792780054,0.6621946061473076,0.0014866145746870653
1,1,0.3794255077127145,0.6193303134155278,0.0012441788717576134
1,0,0.7251210443387329,0.2747179490979504,0.00016100656331682404
1,1,0.042161254134884835,0.9541933818651923,0.003645363999922986
0,0,0.7583129066142931,0.24097004018578896,0.000717053199917979
1,1,0.2836779141602597,0.7145075405129704,0.0018145453267700078
0,0,0.6324212459378036,0.36734199591656486,0.00023675814563147067
1,1,0.4692554157506053,0.5299737870869717,0.0007707971624230393
0,0,0.9985872713624074,0.0008635838693514426,0.0005491447682412049
1,1,0.07160223267321465,0.9247393302258594,0.003658437100925814
0,0,0.9402785555290686,0.059472672227021336,0.0002487722439100692
0,0,0.9465922661791201,0.05333147212369146,7.626169718842606e-05
2,1,0.04715613815590101,0.8869101565629555,0.06593370528114358
2,2,0.0007227685419963054,0.14365225000093917,0.8556249814570644
1,1,0.2190660886462831,0.7784305270301821,0.002503384323534848
1,1,0.24339025133496933,0.7550528281404005,0.0015569205246301863
0,0,0.8984121113817759,0.0982286158791292,0.0033592727390949983
1,1,0.12842670282447255,0.8703368387278867,0.0012364584476408362
1,1,0.06605123259721127,0.9318293347758723,0.0021194326269165435
1,1,0.3826302300726613,0.613135079080203,0.004234690847135589
0,1,0.31111961215845574,0.6872703964906568,0.0016099913508874034
0,0,0.7366279639606967,0.2608995355364215,0.0024725005028817934
1,0,0.6553116544586143,0.3440496574216462,0.0006386881197394186
0,0,0.6165079523863758,0.37940526515987266,0.004086782453751507
2,2,3.439357676518477e-05,0.18837806015254197,0.8115875462706929
0,0,0.7025245138360324,0.29716586573766607,0.0003096204263015122
1,1,0.024931532823353874,0.9679194085568478,0.0071490586197984155
1,1,0.4900004094785102,0.5093917521857739,0.000607838335715833
1,1,0.2581777867379486,0.7395521806237271,0.0022700326383242376
1,1,0.12143278667074191,0.8647841184255967,0.01378309490366139
1,1,0.06154112266191565,0.9355275617227935,0.0029313156152906985
0,0,0.5988252175064525,0.400525413315851,0.000649369177696579
0,0,0.9570980686656451,0.04276627725279129,0.00013565408156383278
1,1,0.3468813148685819,0.6492848064840522,0.0038338786473657055
1,1,0.3850085646210485,0.6140043894981609,0.0009870458807905251
1,1,0.2789200697700388,0.7200510656251411,0.0010288646048201193
1,1,0.12635442594039106,0.8681398832573273,0.005505690802281616
1,1,0.09720661353924433,0.9010401349009505,0.0017532515598052815
1,0,0.6992843057404597,0.3004034369101171,0.00031225734942322026
2,2,0.0046620140472450845,0.2689818694278836,0.7263561165248713
0,0,0.837153277742005,0.16241449525156001,0.0004322270064350968
1,1,0.06604779771870911,0.8711110319026477,0.06284117037864312
1,1,0.031326486498792314,0.6884352525069217,0.280238260994286
2,2,0.0016513818085408184,0.12930995698441583,0.8690386612070433
1,1,0.4648160572877464,0.533116478537188,0.002067464175065692
1,1,0.024292200946834656,0.8688744593026938,0.10683333975047157
2,2,3.1616462396666027e-06,0.02019639081083071,0.9798004475429296
0,1,0.3065187099355539,0.6904570083404131,0.0030242817240328976
1,1,0.02024294781953286,0.8193774362301984,0.16037961595026876
0,1,0.43395939974861536,0.5637846202145793,0.0022559800368054093
1,1,0.08274893472185188,0.9064067687358339,0.010844296542314025
0,0,0.9178335190124112,0.08183156229803265,0.00033491868955616306
1,1,0.3986523315273823,0.5998180434469,0.0015296250257176957
0,0,0.9345000135121008,0.0650630254127527,0.00043696107514666974
1,0,0.6119814503934153,0.38771187549086067,0.000306674115724128
0,1,0.22769251763426845,0.7691574451528932,0.0031500372128383685
1,1,0.055819733792917506,0.9418280179203891,0.002352248286693403
0,1,0.204168798433803,0.7903264022636975,0.005504799302499351
1,1,0.039589390186512925,0.9394580735927531,0.020952536220733946
1,1,0.4621340173627757,0.5332246972038702,0.004641285433354106
1,1,0.12946035494775743,0.8692794368221674,0.0012602082300752528
1,1,0.07017019179362743,0.9100699915903581,0.019759816616014426
1,1,0.2074345323830949,0.7905630939672113,0.0020023736496938382
0,1,0.10560202713305465,0.8919304921255139,0.002467480741431523
1,1,0.21514511395474853,0.7817766635719234,0.0030782224733282176
2,2,0.002499412183374869,0.19946819948938035,0.7980323883272448
0,0,0.842829465276117,0.1570695087680502,0.0001010259558328414
0,1,0.2710322888887804,0.7262052172786193,0.0027624938326003736
1,1,0.006982198325499731,0.8672147285772444,0.12580307309725589
1,1,0.2078149242849768,0.7912783590573278,0.000906716657695309
0,0,0.8123153416096878,0.18753521127204562,0.00014944711826657636
0,0,0.733130653289578,0.26668318079287595,0.00018616591754607275
0,0,0.9924864899084199,0.007500266902665886,1.3243188914251372e-05
0,0,0.8399829999704351,0.15972775741257225,0.0002892426169926662
1,1,0.13876708486942813,0.6061955968460853,0.25503731828448656
2,2,0.00014231870986357447,0.12399244486805819,0.8758652364220783
0,0,0.7252880571747488,0.27441177096504626,0.0003001718602050407
0,0,0.903726393901474,0.09538899930307139,0.0008846067954545295
0,0,0.8955073440721464,0.10436531248868924,0.0001273434391644893
1,1,0.29532770823945087,0.6992277549090172,0.005444536851531832
0,1,0.4646780747783139,0.5332930974311021,0.002028827790583854
0,0,0.7951309959785237,0.20471503099853716,0.00015397302293911096
0,0,0.8134841543760776,0.18586570992367987,0.0006501357002426092
2,2,1.0559385561269645e-07,0.00013782543778512873,0.9998620689683593
1,1,0.16921928182162332,0.8241364195909815,0.006644298587395264
0,0,0.7430412170187211,0.25656837668111204,0.00039040630016693286
1,1,0.21198451952010172,0.7840154771601023,0.004000003319795984
1,1,0.034533085862495067,0.9620711878695164,0.0033957262679885584
0,0,0.8082402454800596,0.19086181189647855,0.0008979426234616974
1,1,0.16122984182093805,0.8361526141540057,0.0026175440250562018
1,1,0.17087679890237603,0.8247705384019964,0.004352662695627511
1,1,0.2881330640849599,0.7073758445587582,0.004491091356281819
1,1,0.22953507409560586,0.7619030708159437,0.008561855088450391
0,0,0.7877963097266938,0.21193663924892336,0.00026705102438275664
1,1,0.024272050235911224,0.9642135122257701,0.011514437538318626
1,1,0.09591844203407618,0.892866199499568,0.011215358466355822
1,2,0.0013823428246525333,0.39346084389471947,0.6051568132806279
1,1,0.00844694391009295,0.9633435721222178,0.028209483967689186
0,0,0.5520125105000437,0.447574628915011,0.0004128605849453108
1,1,0.22449138668019292,0.7743662070393779,0.0011424062804292747
1,0,0.7431400904051647,0.2562984469735981,0.0005614626212371191
1,1,0.03790334467270964,0.8678668524764807,0.09422980285080977
1,1,0.4777501941803791,0.5218815747235347,0.0003682310960861521
1,1,0.2131489392058773,0.7772322874033681,0.00961877339075456
0,1,0.1593980222282502,0.838640350810482,0.0019616269612677266
0,1,0.3076975713396155,0.6859777370231326,0.0063246916372518775
0,1,0.3879381874021961,0.6096458352535773,0.002415977344226638
0,0,0.9294391461738359,0.07052181551068137,3.903831548264452e-05
1,1,0.14904950816708984,0.8498611899934988,0.0010893018394114123
0,0,0.8325599992713886,0.1673186733266572,0.00012132740195430308
0,0,0.5358718087973986,0.4634848516774818,0.0006433395251195832
1,1,0.11519170534636583,0.8833853978689712,0.001422896784663028
1,1,0.039559572235565166,0.9570704580974129,0.0033699696670220582
0,0,0.9646973514041225,0.03462325064528778,0.0006793979505898747
1,1,0.3682719858150998,0.6308214090972584,0.0009066050876418347
1,1,0.2763759271619086,0.7199154998003007,0.003708573037790624
2,2,0.00024367328928521806,0.09963328098822563,0.9001230457224891
2,2,3.735643167881556e-05,0.11874983844508548,0.8812128051232357
0,1,0.47686843047657884,0.5219460026158617,0.0011855669075594192
1,1,0.12430288456521657,0.8724174258234438,0.0032796896113394826
2,2,1.8372584972727162e-07,0.003150459987352188,0.9968493562867982
1,1,0.3718504442438072,0.6277616161595374,0.00038793959665540554
1,1,0.3040565782114622,0.6941836996925721,0.0017597220959656634
0,0,0.7685862661906848,0.23116870401485495,0.00024502979446016683
2,2,0.00013646296191889782,0.27643448696134204,0.7234290500767391
0,0,0.8337109911145696,0.16585393067089327,0.0004350782145372572
1,1,0.22942949943822114,0.7678150626206305,0.0027554379411483558
0,0,0.7017381326499221,0.2972434093349165,0.001018458015161326
1,1,0.09222542869718164,0.9054568152091296,0.0023177560936887345
1,1,0.4104411472346591,0.5867405702520152,0.0028182825133256156
0,0,0.6417249982085818,0.357315484976712,0.0009595168147062959
1,0,0.6069353558010748,0.39286313613190205,0.00020150806702319552
0,0,0.9213019920754327,0.07851068608691246,0.00018732183765474337
1,1,0.19539783200643104,0.7978454716069582,0.006756696386610759
0,1,0.42802104426356,0.5708013094551846,0.001177646281255382
1,0,0.6765170895891125,0.32283865235169285,0.0006442580591947542
1,2,0.0001706389653281551,0.2793218954724864,0.7205074655621855
1,1,0.05944581784094591,0.935504390976691,0.005049791182362974
1,0,0.6067108480173419,0.39308848366844,0.00020066831421798004
1,1,0.29961777896754016,0.6985094896664099,0.0018727313660500367
0,0,0.9256238194578373,0.07430358703612307,7.259350603957664e-05
1,1,0.3089609355001891,0.6867662559394755,0.004272808560335407
1,1,0.21691486001975635,0.7745008354480499,0.008584304532193582
1,1,0.1515883373862624,0.8465087149437485,0.0019029476699891665
1,1,0.10087137206406499,0.8970968520538714,0.0020317758820636504
2,2,4.24564944010231e-06,0.024759876701992756,0.9752358776485671
1,1,0.1296431189966437,0.8650797678130856,0.005277113190270627
1,1,0.09767997995950933,0.861010916437583,0.04130910360290759
1,1,0.14990040418584244,0.8486249958068666,0.0014746000072910067
0,0,0.5363521365685299,0.4628354885360054,0.000812374895464753
1,1,0.09607274372627182,0.8910066522068192,0.012920604066909055
1,0,0.7544900106326069,0.24468141084265554,0.0008285785247375815
1,0,0.7287038141797303,0.270119006884706,0.00117717893556365
0,1,0.2731553232729555,0.7251123945636982,0.0017322821633462542
0,1,0.36820869757557456,0.6287853455079975,0.003005956916427885
1,1,0.05998683469276993,0.8773991845906579,0.06261398071657212
1,1,0.011057973838716997,0.9758072364692099,0.013134789692073257
1,1,0.16020542030480595,0.836566376349936,0.0032282033452579995
0,1,0.4363470722804207,0.5614583152973539,0.002194612422225395
1,1,0.09907955821404558,0.8984866893084734,0.0024337524774809527
0,0,0.5067848614465124,0.48983481802208584,0.0033803205314018574
1,1,0.11252622416390766,0.8819080170351794,0.00556575880091277
1,1,0.3038883949948905,0.6927199808520401,0.0033916241530694623
0,0,0.822694907162443,0.17714092434269746,0.0001641684948596854
1,1,0.285075007710708,0.7135014856247462,0.0014235066645457502
0,1,0.10117993908973709,0.8591969133848396,0.03962314752542339
1,1,0.4043613000497777,0.5945148964623749,0.0011238034878474311
0,0,0.7622751184889871,0.2375177461224303,0.00020713538858258554
1,1,0.3552681501666708,0.6438687857533694,0.0008630640799597573
2,2,3.4807578545265325e-05,0.10022731601636968,0.8997378764050851
1,1,0.050690753635167125,0.8923860173244879,0.05692322904034499
1,0,0.7397298908608612,0.259638470570575,0.0006316385685638699
0,0,0.8198487537600518,0.17996342163777015,0.0001878246021779218
0,0,0.7750399929616597,0.22442349301918682,0.0005365140191535249
1,1,0.33714267165366785,0.662144667966488,0.0007126603798441164
0,0,0.7871810479163195,0.21260992776807908,0.00020902431560151328
1,1,0.09097927522713933,0.9060674783284737,0.0029532464443868985
2,2,0.0002673748293096601,0.19017189078605937,0.8095607343846309
1,1,0.045730978737726226,0.8528274903518099,0.10144153091046373
1,1,0.06303748361726697,0.931542678494886,0.005419837887846972
1,1,0.3237367629230889,0.6744128045963346,0.00185043248057648
1,1,0.02279329399797906,0.8668873485274106,0.1103193574746104
1,1,0.04084762371334821,0.8803235083795562,0.07882886790709563
1,1,0.3105045051769173,0.6867581177938151,0.0027373770292676296
0,0,0.9357698261091103,0.06413218701501248,9.798687587701245e-05
1,1,0.13347218086849894,0.8648272375701961,0.001700581561305029
0,1,0.11933557842689516,0.8787408311978089,0.0019235903752958777
0,1,0.4295321033351757,0.5696514914677684,0.0008164051970558443
2,2,0.0007560075866939352,0.21728683934873913,0.7819571530645668
0,0,0.717575580741898,0.28148114255228424,0.0009432767058178245
0,0,0.8652630671389364,0.13471039473268337,2.653812838027646e-05
1,0,0.7922086301801622,0.20769151063138946,9.985918844834597e-05
1,1,0.44939788950405557,0.5486244894356955,0.00197762106024884
1,0,0.5159182757086902,0.48329148669291977,0.0007902375983899984
1,1,0.24362746343539746,0.753704453985352,0.0026680825792505416
0,0,0.8606849215905343,0.13915978854685654,0.0001552898626090733
1,1,0.10929794892976305,0.8369136035327711,0.05378844753746585
1,1,0.4006963322733141,0.5979789668103441,0.001324700916341898
1,1,0.22180428859226042,0.7584496532194569,0.019746058188282758
2,2,8.468343932831642e-05,0.1242113242181172,0.8757039923425544
0,0,0.7622271742571519,0.23753198948160328,0.00024083626124484812
1,1,0.08619224912339811,0.912241728102224,0.0015660227743777902
1,1,0.022693086509769898,0.9692564852772502,0.00805042821297976
1,1,0.0474573607072127,0.9488628097397741,0.003679829553013026
0,0,0.7412810137237298,0.2585677052895529,0.0001512809867173664
0,0,0.7575586677525343,0.24196094231513385,0.00048038993233179414
1,1,0.22310893520215921,0.7702616732595163,0.006629391538324487
1,0,0.7978181057041597,0.20191984864529258,0.0002620456505477577
1,1,0.3524082058077761,0.6151819353279716,0.03240985886425217
0,0,0.967795508230718,0.03203962656432425,0.00016486520495768043
1,1,0.04736918571093371,0.948375793648122,0.004255020640944317
0,1,0.24969882410709937,0.747196637347818,0.003104538545082489
0,0,0.6483692076092235,0.35083317102665,0.0007976213641265965
1,0,0.5488305979592317,0.4504850025393724,0.0006843995013958808
0,0,0.7195156539913466,0.2798784107073212,0.0006059353013321368
1,1,0.11590619567021812,0.882803885260915,0.0012899190688668311
1,1,0.29866798120051735,0.699956257895133,0.0013757609043495596
0,1,0.16380097437558802,0.8316257043853401,0.004573321239071932
1,1,0.04232939464003307,0.8364163378803368,0.12125426747963008
0,0,0.7979771410070382,0.201210723205408,0.0008121357875538801
0,0,0.8704956936081586,0.1294192744356094,8.503195623206908e-05
0,0,0.8481887224245541,0.1502079013904349,0.0016033761850110502
0,0,0.7087145610223109,0.291166499771202,0.00011893920648712
0,1,0.42796081648608,0.5707699114977728,0.001269272016147217
1,1,0.1662942912723817,0.8299823909874083,0.0037233177402100737
1,1,0.02295428985301831,0.8815976281816339,0.09544808196534785
1,1,0.03341862274222149,0.9338696468871919,0.03271173037058668
0,0,0.9528719808652164,0.04692628126146156,0.0002017378733220853
2,2,0.004701311596720604,0.2417194884876798,0.7535791999155996
1,1,0.25974481055680076,0.73600363234905,0.004251557094149338
1,1,0.21744199288473842,0.7796895567266204,0.002868450388641162
0,0,0.5550936053125866,0.44417929547792917,0.0007270992094842023
0,1,0.19429296423307713,0.8032788641456808,0.00242817162124213
1,1,0.043725426135111115,0.9534854347012697,0.002789139163619196
0,0,0.963177362339717,0.03658663874855999,0.00023599891172320235
0,0,0.9376678059242375,0.06211921036556916,0.00021298371019342656
1,1,0.05629899275929085,0.9400313773928312,0.003669629847877999
2,1,0.02959440538878976,0.751428598067676,0.21897699654353414
1,0,0.7483084465802194,0.251476291290837,0.00021526212894345848
1,1,0.12285159140124532,0.8158706673974512,0.06127774120130342
0,1,0.31523268299002255,0.6836352843267154,0.0011320326832621322
1,1,0.1484932044351949,0.8082180130262088,0.04328878253859627
0,0,0.7242254685609403,0.27554350225846636,0.0002310291805934118
1,1,0.21256463431879133,0.783607732394447,0.003827633286761723
1,1,0.385610330416655,0.6124180257909246,0.0019716437924204478
1,1,0.4012897970089971,0.597910789678008,0.0007994133129947788
0,1,0.36533063683168976,0.6329813858946165,0.0016879772736938029
0,0,0.8581267236135148,0.14153860526652368,0.0003346711199614402
0,0,0.6337799899980759,0.36604420584667974,0.0001758041552443042
1,2,0.020885568595611404,0.3809717998714252,0.5981426315329634
1,1,0.15911889701807835,0.8070192477733378,0.03386185520858383
1,1,0.387290829450166,0.6117728198418843,0.0009363507079498376
1,1,0.3174785200216948,0.6819816677987707,0.000539812179534613
1,2,0.0007428020611589407,0.43778376759825705,0.561473430340584
2,1,0.027411187032338347,0.8573506261287568,0.11523818683890492
1,1,0.1662591071540759,0.8325267153253499,0.0012141775205741388
1,1,0.21039874986993248,0.7850956058489429,0.004505644281124563
1,1,0.44284532452372555,0.5558249129612024,0.001329762515071968
1,1,0.08239940322395332,0.8788345799712781,0.03876601680476854
1,1,0.03507353052374239,0.9349077221071437,0.030018747369114033
1,1,0.36737103545320526,0.6268883242293587,0.005740640317436227
1,0,0.6087262621028522,0.3905525774851542,0.0007211604119936005
0,0,0.6378513907505696,0.3607367142425995,0.0014118950068308697
0,1,0.43735073252425577,0.5618735016427238,0.0007757658330206179
1,0,0.5285133986697249,0.47088288304840065,0.0006037182818744224
1,1,0.051062793062874735,0.9465146002030012,0.0024226067341242214
0,1,0.22063265316647032,0.7772726634900019,0.002094683343527861
0,0,0.6850233407533386,0.3137291828648536,0.0012474763818078828
1,1,0.2552769279126352,0.7407727133468055,0.003950358740559461
0,0,0.8729803643861116,0.1268903318310267,0.0001293037828615268
1,1,0.4005135637315534,0.5988523139746605,0.0006341222937860054
1,1,0.4653499669855216,0.529187110202148,0.00546292281233031
0,0,0.9529045778368094,0.04704758468662991,4.7837476560743446e-05
1,1,0.3597916000753906,0.6393344250447243,0.0008739748798851277
1,2,0.0008552422077894969,0.12619837024170205,0.8729463875505084
1,0,0.7003022230710398,0.2994192797579026,0.00027849717105750643
0,0,0.8156276693963004,0.18407602657252184,0.00029630403117782774
2,1,0.03291151250889436,0.8568519203310246,0.11023656716008091
1,1,0.126931837145702,0.8655335435550268,0.0075346192992713145
0,0,0.708415788891579,0.29122195002092466,0.00036226108749626534
0,0,0.9346560542070845,0.0650584041100508,0.0002855416828644705
1,1,0.032681885038994746,0.9639891896487962,0.0033289253122088585
0,0,0.5646340659602005,0.4350921265879378,0.0002738074518617691
0,0,0.7903027753433208,0.20931487589060666,0.0003823487660725429
2,2,8.455814874445877e-06,0.11677606079676482,0.8832154833883606
1,1,0.44011690510251655,0.5543555057308395,0.00552758916664404
1,1,0.06775188482804896,0.9269790358544816,0.005269079317469533
1,1,0.3970063036525409,0.6018512661792443,0.001142430168214682
0,1,0.10388959188285961,0.8859452183106721,0.010165189806468269
0,1,0.33295958940661263,0.6658486385986628,0.001191771994724382
1,0,0.5008419323164328,0.49816111155189735,0.0009969561316698259
0,1,0.31421697481548244,0.6845786585522661,0.0012043666322516236
1,1,0.3483839754820717,0.6500895426004811,0.0015264819174470544
0,0,0.6993966899608454,0.29849557594653997,0.002107734092614652
1,1,0.02368981124414473,0.8458654891398084,0.13044469961604696
0,0,0.7516347224577722,0.2478457295633214,0.0005195479789064655
1,1,0.018291096106391357,0.9758483822270961,0.005860521666512452
1,1,0.12881572802841332,0.8698736080704003,0.0013106639011865769
1,0,0.8198051299005252,0.18004985503326099,0.00014501506621375339
1,1,0.2670648707665771,0.7322778109233394,0.0006573183100834529
1,1,0.04889162590815365,0.9486465672272218,0.0024618068646244866
1,1,0.0581812172788332,0.9382519774792909,0.003566805241875995
1,1,0.4746932023979004,0.5249437737779815,0.00036302382411805084
1,1,0.012226817963193748,0.9821751528744108,0.0055980291623954825
2,2,6.309906536957415e-05,0.10314887354692726,0.8967880273877031
0,0,0.6136593565071937,0.3860152070711453,0.0003254364216608665
1,1,0.17963752629286348,0.8158441765811915,0.00451829712594509
1,2,0.0004903215868190047,0.45024848960044345,0.5492611888127376
1,1,0.21724856511745905,0.7799208809988458,0.002830553883695156
1,0,0.5594659559830703,0.4400152276251127,0.0005188163918169937
1,1,0.06129614836190479,0.9273209506249723,0.011382901013122773
1,1,0.11051414294077383,0.8833017562497104,0.006184100809515549
1,1,0.03727418296104329,0.958783005320478,0.003942811718478691
1,1,0.09575379715792133,0.9023020500065471,0.001944152835531678
1,1,0.2431621561374347,0.7527035950572515,0.004134248805313765
1,1,0.3709950911185991,0.6268817825616297,0.0021231263197711357
1,1,0.13925956408275794,0.8547160662600151,0.006024369657226999
1,1,0.03880564872229974,0.8855622402811569,0.07563211099654335
1,1,0.14352278436166557,0.8529122609725984,0.003564954665736044
1,1,0.0773108262218594,0.9194436437800524,0.003245529998088375
0,0,0.7677858183514412,0.23184795077727186,0.0003662308712869373
0,1,0.4289009217823206,0.57013270465294,0.0009663735647395185
0,0,0.5543195990900281,0.4432505001413924,0.0024299007685794597
0,0,0.9400030507283039,0.05971586337160086,0.00028108590009533603
1,1,0.16088600466379852,0.8375204430085751,0.0015935523276262853
2,2,2.3436868951902604e-05,0.08122174094169016,0.918754822189358
0,0,0.7151521484118748,0.2844198351294828,0.00042801645864232846
2,2,2.311708263132696e-06,0.03417758469073325,0.9658201036010037
0,1,0.37457519845656523,0.6242752971694434,0.0011495043739913856
1,1,0.16609263278510683,0.7866949830759348,0.04721238413895839
0,0,0.9154357903056236,0.08384788012016879,0.0007163295742075498
0,0,0.6141292586617225,0.3854099968548573,0.00046074448342019924
0,1,0.028516576723635556,0.9684448271572931,0.003038596119071412
0,0,0.9265841063030343,0.07120975063035385,0.002206143066611968
0,0,0.5414337502719601,0.4578363830243427,0.0007298667036972655
0,0,0.5105179308765381,0.48777362431941157,0.0017084448040503364
0,0,0.6186108179344971,0.3810806169995076,0.0003085650659952328
2,2,5.390176665680842e-08,0.00010155940835867699,0.9998983866898746
0,0,0.6234257749306917,0.37566837577828377,0.0009058492910245388
2,2,0.000567043451099841,0.3838228533873558,0.6156101031615444
1,1,0.03378765294078408,0.9522582740430205,0.013954073016195388
0,1,0.27825012131144855,0.7201091605018959,0.001640718186655458
2,2,5.642457442952349e-06,0.022539564818492626,0.9774547927240644
1,1,0.06402580992644291,0.8181990947005283,0.11777509537302885
1,1,0.40871450984380764,0.5899180501432245,0.0013674400129678368
0,0,0.954406030268043,0.04543570715142207,0.00015826258053498494
1,0,0.6098108116059845,0.38926792113290326,0.0009212672611122329
1,1,0.12523627799635684,0.8714409233696115,0.0033227986340316046
1,1,0.26717400670590713,0.7259212450677117,0.006904748226381255
1,1,0.07296799521814216,0.9239359026686734,0.003096102113184464
0,0,0.9156902259036943,0.08418983565606639,0.00011993844023938943
1,1,0.04337787296809318,0.9538382415567578,0.002783885475148896
1,1,0.09229119492028116,0.905401951300874,0.0023068537788447988
0,0,0.848719429540376,0.15117192301312715,0.00010864744649679907
2,2,0.0006044821037130751,0.07858817490784548,0.9208073429884416
0,1,0.2874214344914089,0.7085513374718286,0.004027228036762541
1,1,0.43250505943576045,0.5671798562160971,0.0003150843481425224
1,1,0.24604902343920573,0.7504252236253449,0.0035257529354492515
1,1,0.0567764837605255,0.93981858979373,0.0034049264457442505
2,2,2.9836471570891887e-05,0.048091877817859834,0.9518782857105693
0,0,0.8985708143501806,0.10135884470511579,7.034094470352803e-05
1,1,0.11614164379030087,0.8735344320705201,0.010323924139179083
1,1,0.44534126570529087,0.554162300742955,0.0004964335517540639
0,0,0.8902948085275105,0.1096275958631925,7.759560929690077e-05
1,1,0.3343042951885699,0.6633105541386893,0.002385150672740741
1,1,0.16443303064214637,0.8346526671303346,0.0009143022275190246
0,1,0.4844339889620032,0.5136234427665393,0.001942568271457626
1,0,0.7435532972314316,0.25625589571768964,0.00019080705087863752
0,0,0.9737098969943212,0.026152999265251234,0.00013710374042750554
1,1,0.35143302020463096,0.6437174441166587,0.004849535678710487
1,0,0.6476224878929067,0.35211029525366344,0.00026721685342994105
2,2,0.0005590474454659283,0.22184585378986002,0.7775950987646739
0,0,0.8937713536280847,0.10514694554972703,0.0010817008221883269
0,0,0.7236649621200458,0.27599734152193744,0.00033769635801682264
1,0,0.5772076949729104,0.4219551948535339,0.0008371101735558587
1,1,0.33902869807059227,0.6585950351519622,0.0023762667774454476
1,1,0.10831972220529072,0.8800644886077366,0.011615789186972772
0,1,0.27174733291217484,0.7262047928528514,0.002047874234973725
1,1,0.11400087355921866,0.8561915100151519,0.02980761642562945
1,1,0.15494481402339733,0.8436157152549542,0.0014394707216484563
0,0,0.9197580799158007,0.08015120841744314,9.071166675612756e-05
1,1,0.2283400197461679,0.7702341284633694,0.0014258517904626319
1,1,0.34176203133550903,0.6562272864552655,0.0020106822092254713
0,0,0.9666539473226414,0.03315819815313675,0.0001878545242218055
1,1,0.19889938213289915,0.799999121368893,0.0011014964982079152
1,0,0.6061649828693981,0.3935887660196623,0.00024625111093966155
1,1,0.029464330910215025,0.8813767203133696,0.08915894877641554
0,1,0.19288152990982543,0.7907232431354906,0.016395226954683838
0,0,0.5039307962503281,0.4939590711778266,0.002110132571845308
1,1,0.16333883660806076,0.8335210308586657,0.0031401325332734015
1,1,0.018404328929610168,0.9740428182665216,0.007552852803868224
0,0,0.7447061712521648,0.2552326270624219,6.120168541326976e-05
0,1,0.4319475846810366,0.5669294997836082,0.0011229155353550868
0,1,0.24588640384020183,0.7517690311406059,0.0023445650191922965
0,0,0.6868944520206055,0.31297862755187555,0.00012692042751900578
0,0,0.6802395585903389,0.319496096422158,0.00026434498750323594
1,1,0.256916205701958,0.7424525074737908,0.0006312868242512605
1,1,0.03622744907946967,0.946059628963945,0.017712921956585415
1,2,7.021048772628382e-05,0.01734920931681356,0.9825805801954602
0,1,0.35860281581310155,0.6314470906048725,0.009950093582026125
0,0,0.8807992286346379,0.11809635005821048,0.0011044213071516947
1,1,0.15762135453456522,0.8405288734579238,0.0018497720075109038
1,1,0.39885419824729834,0.599315182554798,0.0018306191979036081
1,1,0.22986784933731144,0.7683288316605846,0.0018033190021040275
0,0,0.8587006612635519,0.13984755214000763,0.0014517865964404847
0,0,0.9487449164854568,0.05122198548631702,3.3098028226245154e-05
1,1,0.2587623123510863,0.7398536793373766,0.0013840083115370485
1,1,0.051053814553401224,0.8495216327621906,0.09942455268440814
0,1,0.12298370581744432,0.8760204450818776,0.0009958491006780922
1,1,0.21942082139500504,0.7791344253576133,0.0014447532473817076
1,1,0.06243667424042976,0.9195856008092796,0.0179777249502905
0,0,0.6540596941223547,0.3453634618379034,0.0005768440397420296
2,2,2.6575473701617244e-07,0.01842534076931119,0.9815743934759519
1,1,0.013861156856113077,0.9781939296871889,0.007944913456698083
1,1,0.2244287033121694,0.7744629038929378,0.0011083927948927518
2,2,2.0928797594585335e-05,0.14455057901786422,0.8554284921845411
1,1,0.023719025455375242,0.8507406909157665,0.1255402836288581
1,1,0.34622079391884036,0.6503643394387553,0.0034148666424044325
1,0,0.7038183461131249,0.2954135551226451,0.0007680987642298997
1,0,0.6563780768184998,0.3427178553484991,0.0009040678330011311
1,0,0.6075521114700302,0.39217771893495273,0.00027016959501715903
1,1,0.15355389974347297,0.8451645859291018,0.0012815143274250618
1,1,0.06517001966334784,0.8689914327855432,0.06583854755110902
2,2,9.71290928781643e-05,0.13838494721602954,0.8615179236910924
1,1,0.22139066176669475,0.7753611372376611,0.0032482009956441597
0,0,0.7612098182698538,0.23851742377587296,0.00027275795427332767
0,0,0.60810372759202,0.39170755926121203,0.00018871314676792837
1,2,0.0009191369748275078,0.16023124148241646,0.8388496215427561
0,0,0.8309554716886248,0.16888347317505042,0.00016105513632470877
2,2,1.2000022943565098e-05,0.02750159551124043,0.972486404465816
1,1,0.12047917895237707,0.8761298258900494,0.0033909951575733428
1,1,0.1331952831990669,0.8581845408871277,0.008620175913805286
1,1,0.41428822425961415,0.5845387334130618,0.0011730423273240379
1,1,0.19196646576583185,0.8062764392428535,0.0017570949913145722
1,1,0.02936044116033759,0.9654820544079161,0.005157504431746348
1,1,0.30443884644245645,0.6940228890599607,0.001538264497582802
1,0,0.5105125608143952,0.4880620212668293,0.00142541791877545
1,1,0.10515789099807615,0.8924175065860481,0.002424602415875658
1,1,0.11022400840963749,0.8508285783025963,0.038947413287766124
2,2,4.7373706325500525e-05,0.04576871234828577,0.9541839139453887
0,0,0.6374507604222416,0.35797870732294107,0.00457053225481733
0,1,0.3462135505431772,0.6518889343887491,0.001897515068073703
1,2,0.00015290697856311302,0.3084041595758737,0.6914429334455632
0,0,0.9384531640812135,0.06149405466178237,5.278125700407565e-05
1,1,0.15918419362561118,0.8394052982976491,0.0014105080767397747
0,1,0.4298556798684333,0.5689072522020269,0.0012370679295398647
0,0,0.9843143661552242,0.015546645702043166,0.00013898814273270718
1,1,0.40158906080290147,0.5972767422998365,0.0011341968972619946
1,1,0.08693823629171385,0.9104924793296175,0.002569284378668802
1,0,0.5353242125758946,0.46238116532574347,0.0022946220983619723
1,1,0.03997695489508916,0.957915933272676,0.0021071118322348514
1,0,0.7890263225222818,0.21079834299232367,0.00017533448539455474
0,1,0.38965300912934797,0.6092552303391049,0.0010917605315470442
0,0,0.6679246298641566,0.33157440457923304,0.0005009655566104497
0,0,0.8179855392295722,0.18102135640747488,0.0009931043629528356
0,1,0.03658860578446526,0.9601347860658983,0.003276608149636413
1,1,0.3051057198815064,0.6934988098969086,0.001395470221585017
1,1,0.3924553853803109,0.6068528805256304,0.0006917340940588978
0,0,0.8711316476210329,0.12865237356724668,0.0002159788117204972
1,1,0.17148122095174578,0.8260085492041757,0.002510229844078664
1,0,0.5679366395704366,0.4313020534150745,0.0007613070144888983
1,1,0.10869252831355648,0.8890172868498463,0.0022901848365971776
1,0,0.7244490914853896,0.27535606578721944,0.00019484272739098068
1,1,0.03155781081844734,0.9643626719635412,0.004079517218011593
1,0,0.6437935566476981,0.355597716904749,0.0006087264475529323
0,1,0.31546661735881876,0.6814052295502775,0.003128153090903758
1,1,0.12021847047434538,0.8603529106506302,0.01942861887502433
1,1,0.12479659331544739,0.8709874252154716,0.004215981469081243
2,2,0.00018560486694529633,0.35071674188751584,0.6490976532455387
1,1,0.037944173831475796,0.5457415111172943,0.41631431505122984
2,2,0.0017366034880760787,0.15197592050034675,0.8462874760115773
0,0,0.8994947221983843,0.1004190647803803,8.621302123547629e-05
1,1,0.10418151833081854,0.889690964991686,0.006127516677495445
1,1,0.02067607940724247,0.9653680205278068,0.013955900064950722
1,1,0.20061984248633702,0.798131430169067,0.0012487273445960876
1,0,0.5318333111593664,0.46736203893085204,0.0008046499097814759
0,0,0.6781339940137898,0.3216782815993436,0.0001877243868666437
1,1,0.04594213447039546,0.5536873033237645,0.40037056220584016
0,1,0.3894734169297971,0.6096053307264664,0.0009212523437366298
0,1,0.13457492106551305,0.8636208271235029,0.00180425181098419
0,0,0.7069772588392859,0.2926058310090317,0.0004169101516824506
1,1,0.2135331356341891,0.7436507875794593,0.0428160767863514
2,2,0.0009411673010257171,0.14170783793975097,0.8573509947592233
1,1,0.45028901467056015,0.5486858163389846,0.001025168990455221
1,0,0.7207151214117341,0.2789494357627356,0.00033544282553025486
1,1,0.45831019509186444,0.541235953279528,0.00045385162860756033
1,1,0.12461625533521518,0.8701470131952238,0.005236731469561003
0,1,0.26906236650100596,0.7271218665561352,0.003815766942858809
1,1,0.176715903366385,0.8214971753182448,0.0017869213153701166
1,1,0.012710811982110624,0.9821758466841214,0.005113341333767869
1,0,0.617382348535208,0.38216192929257337,0.00045572217221866737
0,1,0.4391623553715297,0.5598251755222975,0.0010124691061727668
0,1,0.4524706536619758,0.5470862405249421,0.00044310581308206794
0,0,0.5287563098256003,0.4710028956101684,0.00024079456423134734
0,0,0.907472773273659,0.09238599774742869,0.00014122897891227586
1,1,0.08769885168756282,0.9005534545479789,0.01174769376445826
1,1,0.4388015482507674,0.5602346317878458,0.000963819961386692
1,1,0.19538549257755325,0.7911505884561086,0.01346391896633796
0,0,0.7979188338777154,0.2019643860535928,0.00011678006869172378
0,0,0.9202317910445311,0.07945323492561102,0.0003149740298577367
1,0,0.52528565153947,0.4744076681108569,0.0003066803496731025
1,1,0.41321760736330365,0.585337649915835,0.0014447427208612795
1,1,0.014625454533343183,0.9326760567964094,0.05269848867024748
1,1,0.05459148331614031,0.9420714195648027,0.0033370971190569937
1,0,0.6240124076852425,0.37494951916543023,0.001038073149327342
1,1,0.0754595586469398,0.8998797862991568,0.024660655053903368
1,1,0.2922538612065507,0.7072502686839175,0.0004958701095318003
0,0,0.9587527003070836,0.04120664403497711,4.065565793917225e-05
1,1,0.3188747475562052,0.6774129758744356,0.0037122765693591536
2,2,0.0001233431440063493,0.11608340331894418,0.8837932535370495
1,0,0.584265422266717,0.4141475505460575,0.0015870271872256354
1,1,0.053363582345335385,0.9428985633281536,0.003737854326510968
0,0,0.6991338711978998,0.2999730151317626,0.0008931136703375597
1,1,0.16336410510115434,0.7977099725502832,0.03892592234856242
0,0,0.537813327958612,0.4606044566920354,0.0015822153493525348
0,0,0.7080373870591897,0.29124810722001343,0.0007145057207969037
0,1,0.20022857833711613,0.798132950797333,0.001638470865550738
2,2,1.5262346605525836e-05,0.05560463073019078,0.9443801069232036
1,1,0.11515561715067296,0.881985194765407,0.0028591880839200674
1,1,0.21983549435177724,0.775966794005352,0.004197711642870674
1,0,0.6432295880557598,0.35535665782789205,0.00141375411634819
1,0,0.8142645983247513,0.18562687134470862,0.00010853033054005314
0,1,0.4935495628874241,0.505639979983893,0.0008104571286829903
1,1,0.04396504383800721,0.9502946067691096,0.0057403493928831345
1,1,0.026665196554653707,0.8375882874273131,0.1357465160180332
1,1,0.2714758836268051,0.7278712358108446,0.0006528805623502979
0,0,0.7628101404453999,0.23702309318631318,0.0001667663682869067
0,1,0.3095593493700367,0.6875089091229334,0.0029317415070298915
0,0,0.999404900345064,0.0005428804791136111,5.221917582249023e-05
1,1,0.26670722718230516,0.7320399272543788,0.0012528455633159252
1,0,0.8885149037085325,0.10714253566078902,0.004342560630678653
0,0,0.5249252001460817,0.4749032832749276,0.00017151657899076546
0,0,0.7232039455814043,0.2763879666351338,0.00040808778346186885
1,1,0.1769595786809213,0.8217883033112453,0.0012521180078334557
1,2,0.0041388275705567315,0.21717549460860455,0.7786856778208386
0,1,0.3245303177898023,0.6746764156388253,0.0007932665713722648
0,0,0.8784122781325621,0.12034054793762472,0.001247173929813252
1,1,0.060538830631496676,0.7929924548222486,0.14646871454625482
0,0,0.5117623198721566,0.4877701312606342,0.00046754886720924834
0,0,0.8950844628439806,0.10232172374803167,0.0025938134079877065
1,1,0.14439838858283385,0.8524662447854657,0.0031353666317002955
0,1,0.30621941405005665,0.693224999787768,0.0005555861621754008
0,0,0.7088489463460083,0.2906734334567734,0.00047762019721842166
1,1,0.17657187462787532,0.821908213499888,0.001519911872236607
1,1,0.29006292932294114,0.7089167016287987,0.0010203690482600847
1,1,0.07723775471281966,0.9107860245623558,0.01197622072482449
0,0,0.9507479111911168,0.048895493521665986,0.0003565952872172289
2,2,0.0005588190174039415,0.09755586987751502,0.9018853111050811
1,1,0.2044811247328504,0.7895496366541336,0.005969238613015848
0,1,0.21470975121792962,0.7834162059653299,0.0018740428167404583
1,1,0.2198001650098823,0.7788209101849012,0.001378924805216522
1,1,0.2509416262764592,0.7463171858991428,0.0027411878243980546
0,0,0.9996926982319231,0.00025799213536701476,4.930963270973126e-05
1,0,0.6878913492860937,0.31179271903500005,0.0003159316789061958
1,1,0.1980338708794183,0.8009173654531309,0.0010487636674507107
1,1,0.01592232593379125,0.9799263312431108,0.0041513428230980825
1,1,0.4934144913481707,0.506052984125247,0.0005325245265823963
1,1,0.15803717524839614,0.8391908095740613,0.002772015177542607
1,1,0.2422842369308506,0.7539570792892233,0.003758683779926085
1,1,0.14646109967202167,0.850302743910206,0.0032361564177723783
2,2,0.0007348193908784902,0.2343577293147184,0.7649074512944031
0,1,0.33491929009351934,0.6634631512625301,0.0016175586439505659
1,1,0.08129866536330313,0.9043942260723401,0.014307108564356718
0,0,0.8216674410247409,0.17821561552940127,0.00011694344585783967
1,1,0.2698969777739518,0.7274733828976488,0.0026296393283993277
1,0,0.5321777983707127,0.46661973869385265,0.0012024629354346534
1,0,0.5704662677246948,0.42891977060897285,0.0006139616663324529
1,1,0.3111981248071524,0.6881325254397487,0.0006693497530988712
1,0,0.624996165553479,0.3734537760336463,0.0015500584128746518
0,1,0.36087257757246277,0.6372164356531871,0.0019109867743500148
1,1,0.09895317462880757,0.8990309867990759,0.002015838572116631
1,1,0.28475841721499356,0.701734213386577,0.013507369398429378
0,1,0.1901246341324684,0.806055117982736,0.0038202478847955902
0,1,0.35152119528921116,0.6453301742948018,0.0031486304159871817
0,0,0.648782611831411,0.3510175601652853,0.0001998280033037936
0,1,0.16544128935026148,0.8327442515830923,0.0018144590666463226
1,1,0.04199925092254463,0.9491556177489563,0.008845131328499135
0,0,0.823143423026495,0.17663119408159214,0.00022538289191289295
1,0,0.9060945116903163,0.09375612148136211,0.00014936682832164444
1,0,0.6022147946752627,0.39693549618307394,0.0008497091416633081
2,2,0.0003889329325121347,0.1585506027845079,0.8410604642829799
1,1,0.21476131832969142,0.7846747575813571,0.0005639240889514987
0,0,0.9425411110449385,0.05607498253826106,0.001383906416800437
0,0,0.6315150892016217,0.36815159084188154,0.0003333199564968679
1,1,0.019891594649531174,0.9688978972567441,0.011210508093724649
1,1,0.23419543595762637,0.7626600874709056,0.0031444765714680823
1,1,0.10205881235433185,0.8931755376215295,0.004765650024138634
1,1,0.027065147662418576,0.9700765525401783,0.002858299797403032
0,0,0.8293995973121333,0.1702517717145928,0.00034863097327398555
0,0,0.9219771739320911,0.07713253583080842,0.0008902902371006128
1,0,0.6988231191210323,0.2995466748607713,0.0016302060181962199
0,1,0.16912978084410626,0.8263569540501072,0.004513265105786684
2,2,1.8068959006722688e-06,0.006980994881095805,0.9930171982230036
0,0,0.746160956743181,0.25292522500692577,0.0009138182498933005
1,1,0.17233080981716495,0.8265627390474466,0.001106451135388466
1,1,0.40928308424304793,0.5898552583883169,0.0008616573686352334
1,1,0.04765444807699612,0.9443278380797983,0.008017713843205545
0,0,0.7338809113218837,0.26593834088178564,0.00018074779633068857
1,1,0.09988225350027816,0.8918173811636739,0.008300365336047878
2,2,6.692349092224349e-07,0.01220846934639343,0.9877908614186973
0,0,0.906920230229015,0.09267770684923292,0.00040206292175208884
1,1,0.1572637283983775,0.8374108830243673,0.00532538857725514
0,1,0.10052592327907722,0.8943396343689137,0.005134442352009113
0,0,0.8087160610502707,0.1912105179414691,7.342100826017075e-05
1,1,0.07015387787848604,0.9261905264832251,0.003655595638288836
0,0,0.6484046756015903,0.3505147453568538,0.001080579041555917
0,0,0.8705665819920445,0.12937614355539048,5.727445256483811e-05
0,0,0.5799165424262346,0.4196260198016025,0.00045743777216282667
1,1,0.09146517266145063,0.904053239243503,0.0044815880950464584
0,0,0.8685122960656786,0.13112020976001834,0.00036749417430303766
1,1,0.34678132894593394,0.6527117504197099,0.0005069206343562426
0,1,0.19664563510057328,0.7968323736805717,0.006521991218855109
1,1,0.22957784103632492,0.7696196812605706,0.0008024777031045925
1,1,0.05400962286157727,0.9389794061100699,0.007010971028352723
1,1,0.1690534071894513,0.824234559600844,0.0067120332097046894
0,0,0.64366548205208,0.3562146112086759,0.00011990673924399051
1,0,0.5353826220593373,0.46126843000900686,0.003348947931655853
1,0,0.5081226816058977,0.48861395472344193,0.003263363670660392
0,0,0.5975254185974415,0.4008324363420352,0.0016421450605233474
0,1,0.3979497476984435,0.6013750383629326,0.0006752139386238874
2,2,7.754073629991062e-05,0.07053018379706733,0.9293922754666327
1,1,0.44064374810405516,0.5585969701370442,0.000759281758900608
1,1,0.34691170114831904,0.6465230232640056,0.006565275587675265
0,0,0.9529593230236896,0.04667526961465026,0.00036540736166019354
0,1,0.40785198453139615,0.5918409422037176,0.0003070732648861783
2,2,0.00017859591836839794,0.17439988148334784,0.8254215225982837
0,0,0.8872014354448761,0.11232751396433419,0.0004710505907897418
1,1,0.02899779328545136,0.966854352628948,0.004147854085600662
0,0,0.6257098900150274,0.3736663030177487,0.0006238069672239127
0,0,0.9183675122372221,0.08147986498343686,0.00015262277934091875
0,0,0.7678593091455032,0.23207397795625118,6.671289824570684e-05
2,2,9.372551404894881e-05,0.09402824847876623,0.9058780260071848
0,1,0.25721416009043085,0.7417012837583523,0.0010845561512166898
0,1,0.3061127263522139,0.6921674038780554,0.0017198697697306464
0,0,0.5792490243978419,0.42048217598161863,0.000268799620539467
1,1,0.08638553768656358,0.9032842033538597,0.010330258959576595
2,2,9.46072500443106e-06,0.012688593164819238,0.9873019461101763
1,1,0.022606099027915997,0.9681104365786469,0.009283464393437035
0,1,0.4655557570489796,0.5337975864076336,0.0006466565433868523
1,1,0.046402414606776854,0.890998383444569,0.06259920194865416
0,0,0.9720499492014201,0.027761054030640366,0.0001889967679394509
0,0,0.8178218188861638,0.1820961651271816,8.201598665467466e-05
1,1,0.23204715860861633,0.7653422547339048,0.0026105866574788706
0,0,0.8609664461620743,0.13751068143238318,0.0015228724055426043
1,1,0.2124562106017259,0.7853061509396346,0.0022376384586394577
1,0,0.5003795592428716,0.4994000566077613,0.00022038414936705633
1,1,0.07268317535819808,0.6239636975943218,0.3033531270474802
0,0,0.6809376706716979,0.31854801010037664,0.000514319227925494
1,2,0.0008414551946710585,0.2348791119659259,0.764279432839403
1,1,0.08408613776694081,0.9140303019682232,0.0018835602648359156
0,1,0.14163926228415544,0.857171753398464,0.0011889843173806805
1,0,0.579340948885763,0.4202514529434284,0.0004075981708084685
0,1,0.08325236507617345,0.9145261746156222,0.00222146030820449
2,2,7.174361642156041e-05,0.09255785501802072,0.9073704013655577
0,1,0.14907423755843663,0.848021280977046,0.0029044814645174167
0,0,0.5352962305190665,0.4641412853499502,0.0005624841309833183
0,0,0.7200806099129167,0.27942507557333557,0.0004943145137477862
0,0,0.5941886014617819,0.4056159141794613,0.0001954843587567835
0,0,0.9062924563488293,0.09340838320861408,0.00029916044255666674
2,2,0.00018802635515695267,0.14882228041881132,0.8509896932260317
1,1,0.19193615733770533,0.8050118103317273,0.0030520323305674147
1,1,0.10529184246457923,0.8929100407460743,0.0017981167893465222
1,1,0.19289960006037754,0.8053295149598827,0.0017708849797398278
0,0,0.7293568885269933,0.26517181106317617,0.005471300409830512
2,2,0.0038296182602353614,0.2945652188690578,0.7016051628707068
0,0,0.6749832822005379,0.32441043135042685,0.0006062864490351396
1,1,0.46979715048670007,0.5295388206302399,0.0006640288830600988
1,1,0.06501787220462832,0.932616055616008,0.0023660721793636323
1,1,0.3127506213368971,0.6834586405149615,0.0037907381481413157
1,1,0.3261034667264842,0.6726504759091968,0.0012460573643188857
0,0,0.7570719006283714,0.2426461583423916,0.00028194102923696784
1,1,0.39116754197576503,0.6073636035219191,0.0014688545023159095
1,0,0.5652566068371323,0.43422433901701485,0.0005190541458527611
0,0,0.8486470077248232,0.15122622060899366,0.00012677166618315323
0,1,0.46041626086430987,0.5354932453425699,0.004090493793120226
1,1,0.15678793397463947,0.8415276317645385,0.001684434260822028
0,0,0.720642952345701,0.2792068500153745,0.00015019763892452334
1,1,0.4586831634330772,0.5406290751645965,0.0006877614023263338
1,1,0.12251692316140919,0.87605994101015,0.001423135828440835
1,1,0.29965569135823905,0.6982474125565148,0.0020968960852461626
0,1,0.14455521659571752,0.851565818296008,0.0038789651082745823
1,0,0.5285279375402607,0.4710676668420401,0.00040439561769911434
1,1,0.3371665253939785,0.6584824531722872,0.0043510214337343645
1,1,0.3943242471855563,0.60462387799341,0.0010518748210336026
0,1,0.3119969256508853,0.6845131386046784,0.0034899357444362978
1,1,0.1456795616849925,0.7755016027729409,0.07881883554206669
1,1,0.034439746687855925,0.9543002846149208,0.011259968697223326
1,1,0.07723089369776438,0.9176314426287215,0.00513766367351414
1,1,0.1278204835328627,0.86733044116722,0.004849075299917275
0,0,0.6928587811518621,0.3063506591064882,0.0007905597416498578
1,1,0.28491893187234063,0.7140296106591676,0.0010514574684918749
1,1,0.28226924678095006,0.7143939902594036,0.0033367629596461773
1,1,0.18911988798375323,0.8088925986843482,0.0019875133318985718
0,0,0.8700312160331166,0.12992803071610518,4.075325077818951e-05
0,1,0.3659297313039627,0.6331658286835193,0.0009044400125179219
2,1,0.02866573417365696,0.9541096445948658,0.01722462123147724
0,0,0.9290529378001632,0.07085685008857323,9.021211126374172e-05
1,1,0.040758419784931874,0.8707066948146736,0.08853488540039452
0,0,0.7199349629721358,0.27998622775397963,7.880927388449188e-05
2,2,0.001110562640291451,0.06121565636307273,0.9376737809966358
1,1,0.0734716581552522,0.9216394592485064,0.0048888825962412775
0,0,0.8338400864190227,0.1653640445063419,0.0007958690746351825
1,1,0.06259163451188883,0.933645285549575,0.0037630799385363163
2,2,0.00019599405708303611,0.31050427352673804,0.6892997324161788
1,1,0.16523337246375425,0.8331323359890515,0.0016342915471942185
1,1,0.3368609106826543,0.6618320435474169,0.0013070457699287097
0,0,0.6880546620830744,0.31184169246315346,0.00010364545377215425
1,1,0.022339915107385692,0.9669151053915542,0.010744979501060131
1,1,0.15160907304142385,0.8446224568335622,0.00376847012501402
0,1,0.32194031001217077,0.6774031796546958,0.0006565103331333548
1,1,0.08529200061391323,0.9113541309613307,0.0033538684247560314
0,0,0.5715174598418484,0.4267251006023246,0.0017574395558269628
0,0,0.7695245859674127,0.23024191070485087,0.00023350332773645747
0,1,0.20340629276092426,0.7948298796718024,0.0017638275672733168
1,0,0.6644371720256113,0.33528349994493456,0.00027932802945415815
1,1,0.15620498842653888,0.83587842423859,0.007916587334870917
0,0,0.7549823705105558,0.24484178513204624,0.0001758443573979687
1,1,0.061106901318402254,0.9334429281883374,0.005450170493260419
1,1,0.27429786537149947,0.723795814464784,0.0019063201637164165
0,0,0.6877887137719486,0.312047112083704,0.0001641741443473676
1,1,0.3173244241839435,0.6816982473025618,0.0009773285134947651
0,0,0.9427771481621017,0.05719402516873721,2.8826669161198666e-05
1,1,0.445014068095618,0.5477410927199401,0.007244839184441911
1,0,0.5638856480979374,0.43545255749164663,0.0006617944104159357
0,1,0.4904813913885918,0.5078051979751411,0.00171341063626708
0,0,0.8588650510396582,0.14105180114249785,8.314781784387122e-05
0,0,0.9778857992490362,0.022002227369226687,0.00011197338173718407
1,1,0.058121826982158314,0.9388431425755712,0.0030350304422706283
0,0,0.8941349216276815,0.10580431912757689,6.0759244741513214e-05
0,1,0.34678424056385515,0.6505969328618854,0.0026188265742596024
1,1,0.04834294058037212,0.8505596542282013,0.10109740519142657
0,0,0.8770370639307364,0.12256282372959074,0.000400112339672738
0,0,0.5322910973524034,0.4672367934465835,0.0004721092010130654
0,0,0.5047963159969907,0.49405032537031435,0.0011533586326949764
1,1,0.06668525618140067,0.8697385704135489,0.06357617340505058
0,0,0.7563724040999124,0.24312623918386067,0.0005013567162269613
1,1,0.1084128999223911,0.8740962331888515,0.017490866888757478
1,1,0.14245595513464537,0.854706983331992,0.002837061533362621
1,1,0.01801620750909611,0.9752434206993219,0.006740371791581758
1,1,0.4286792815744479,0.570586359004154,0.0007343594213980357
1,1,0.15491477418848007,0.842951423735355,0.0021338020761648606
1,1,0.1451217592376437,0.8533657805627437,0.0015124601996126291
0,0,0.9170519175362598,0.08191436749529571,0.0010337149684445876
1,1,0.07498992280087588,0.8471396749542435,0.07787040224488058
1,1,0.07196473562033513,0.8579352780154816,0.0700999863641831
1,1,0.43817267804915305,0.561197063181415,0.0006302587694318848
1,1,0.25413301541617767,0.7442177354756844,0.0016492491081379138
1,1,0.13866916682603242,0.8592060259162828,0.0021248072576847635
1,1,0.24283431888164986,0.7521962539731267,0.004969427145223365
1,1,0.11544177661422358,0.8653984141606332,0.019159809225143095
1,1,0.38364922732738976,0.6144001918339236,0.0019505808386866992
1,1,0.394828023177418,0.60427256862204,0.0008994082005420294
1,1,0.12434184714078074,0.8739115727230419,0.001746580136177454
1,1,0.1018421501272726,0.8963103760438165,0.0018474738289109497
1,1,0.15790626448821804,0.8405096107421599,0.0015841247696221957
1,0,0.692934643024159,0.30611716675136563,0.0009481902244754697
1,1,0.23221766967598842,0.7647268374727689,0.0030554928512426176
2,2,0.0023995815612106223,0.23521359549845466,0.7623868229403348
1,1,0.3183184660775971,0.6812005052217391,0.00048102870066384686
1,1,0.03259571166530118,0.9592400404732828,0.008164247861415974
0,0,0.7841345714295352,0.21531932177463486,0.0005461067958299128
1,1,0.08389548126362183,0.9114598410079437,0.004644677728434412
1,1,0.15731622656500638,0.8358025269813719,0.006881246453621648
1,2,0.0002486385496692101,0.3006436174254373,0.6991077440248935
1,0,0.6146195388114616,0.3833921591999033,0.0019883019886351083
1,1,0.22767687798357636,0.770748983973521,0.0015741380429026516
0,0,0.8159739684743794,0.1835530107261785,0.00047302079944213954
1,2,0.0017420691832928732,0.2694489756719811,0.728808955144726
0,0,0.6278609350157238,0.37150503044898103,0.0006340345352949983
2,2,0.00011132258664032437,0.10279435215642933,0.8970943252569303
1,0,0.714135371414633,0.2850455819161947,0.000819046669172179
0,0,0.9386495904750021,0.061333939954698,1.646957029993526e-05
0,0,0.9285831509187265,0.07136460729165074,5.224178962282834e-05
0,0,0.7428081382216203,0.25683613698443897,0.00035572479394070276
1,1,0.037798065557205676,0.9569703560582954,0.00523157838449888
0,0,0.6014296694923456,0.3982701307964699,0.0003001997111844752
1,1,0.023617070148394093,0.9662208174349636,0.010162112416642248
0,1,0.3319087068607883,0.6663609800326739,0.0017303131065378244
1,0,0.7492005551897614,0.24977189885974588,0.0010275459504928237
1,0,0.84162684418338,0.15814579121762465,0.00022736459899555514
1,1,0.018402653880096112,0.9708727589395314,0.010724587180372397
0,0,0.5277604803485277,0.47199765438564034,0.00024186526583196938
0,0,0.7512841449765846,0.2483543060281743,0.00036154899524105477
2,2,8.765949679928038e-07,0.017161716252865094,0.9828374071521669
0,0,0.5419066386398071,0.45767826736330536,0.00041509399688737626
0,0,0.5448095414689875,0.4543845411253239,0.0008059174056887514
1,1,0.06349379355512609,0.9322714236851559,0.004234782759717985
1,0,0.543155499920994,0.4565045429466014,0.0003399571324046196
0,0,0.842762883652951,0.15706337104854043,0.00017374529850852156
1,1,0.36341350027989,0.6360723881861184,0.0005141115339916162
0,1,0.45685592115256946,0.5412502949164282,0.00189378393100238
0,0,0.6285099535433244,0.37089998963608306,0.0005900568205924081
0,0,0.5573055138159747,0.44228576657120333,0.0004087196128219284
0,0,0.64216426917169,0.3570025460366634,0.0008331847916467435
1,1,0.13489399947657374,0.8071668146965617,0.05793918582686466
1,0,0.5554065183417544,0.44087555269205725,0.0037179289661882307
1,1,0.03706733671635483,0.9460746086634663,0.016858054620178912
1,1,0.4044335672154748,0.5903715303917535,0.0051949023927717304
1,0,0.6764019273826827,0.3232328418624684,0.00036523075484881483
1,1,0.06219928078936028,0.9342037326462153,0.003596986564424519
1,0,0.692740294744932,0.30683619243435517,0.0004235128207128078
1,1,0.23581896239990777,0.757657798153561,0.006523239446531142
1,1,0.2434912903571687,0.7549501410347607,0.0015585686080706272
1,1,0.4206206722161527,0.5784065801938308,0.0009727475900163037
1,1,0.11489510148350492,0.8816854863330563,0.0034194121834388407
0,0,0.6568825959907596,0.34293174488758815,0.0001856591216523541
0,1,0.4698604500370844,0.5293856750621487,0.0007538749007669265
0,1,0.3918241954585666,0.600522871266125,0.0076529332753083506
1,0,0.6553422516758844,0.34430746084746033,0.000350287476655313
1,1,0.05066254360909841,0.9426436374567491,0.006693818934152638
0,1,0.17716582163404274,0.8170003897624452,0.005833788603512084
0,0,0.9238959768301827,0.07601284830955717,9.117486026012382e-05
1,1,0.34782752928725247,0.6504415000002187,0.0017309707125287613
1,0,0.6869542372668023,0.31280468626147584,0.00024107647172188845
1,1,0.05374799991620553,0.9440207782263977,0.002231221857396571
0,1,0.26708727893160045,0.7311675379703835,0.0017451830980161423
0,1,0.30421370195852143,0.6936197295582188,0.0021665684832597957
1,1,0.05191105578369765,0.9454691162650105,0.002619827951291893
2,2,6.510397406555275e-06,0.024630865249039968,0.9753626243535536
0,1,0.37508061845226415,0.6225120989933348,0.0024072825544011025
1,1,0.4090938308124444,0.5892853216880103,0.0016208474995453672
1,0,0.625921086290383,0.373197304900168,0.0008816088094488614
1,1,0.3630591615955604,0.6327450462936768,0.004195792110762865
0,0,0.6432205186437836,0.35652603681672257,0.0002534445394937974
2,2,0.00027682178279111276,0.1636467745933571,0.8360764036238518
1,0,0.6944249673895188,0.3046659284297716,0.0009091041807097661
1,1,0.10857707783014847,0.8899567827979856,0.0014661393718660121
1,1,0.0462999245472941,0.9300050300671205,0.02369504538558538
2,2,0.0007841197264401643,0.15946280139583427,0.8397530788777254
0,1,0.2211986333815964,0.7714519998912357,0.007349366727167929
1,1,0.13736306083032068,0.858434668659246,0.004202270510433274
0,1,0.38107986867363947,0.6177388417831879,0.0011812895431724834
1,1,0.01970486827011283,0.9728972098935715,0.007397921836315521
1,1,0.46654071452560075,0.5317314213180255,0.0017278641563738195
1,0,0.6691441256321834,0.3299527491996375,0.0009031251681789739
1,1,0.0015003944658007551,0.9981025194641738,0.00039708607002546345
1,1,0.4294844631383357,0.568880926459593,0.0016346104020711588
1,1,0.32264535291422436,0.6763562629144648,0.0009983841713107602
1,1,0.3464563013934253,0.6524999350447812,0.00104376356179335
0,1,0.3303566243262332,0.6674123429826544,0.002231032691112553
1,1,0.10261104794483078,0.8957339506125177,0.0016550014426514536
1,1,0.10539422891023609,0.8888597715213843,0.005745999568379488
2,2,3.6110701139431817e-06,0.05488027170589131,0.9451161172239947
0,0,0.7930645458850836,0.2067640616792194,0.00017139243569722027
1,1,0.05296499466917826,0.934023475266556,0.013011530064265817
1,1,0.2377967023443821,0.7609908158607267,0.0012124817948913136
1,1,0.45454814752112876,0.5448204348472311,0.000631417631640227
2,2,0.004044169973886281,0.14975838313792061,0.8461974468881931
1,1,0.14342075926461967,0.8543999187686634,0.0021793219667169397
0,0,0.9449426814093609,0.054664607464142305,0.00039271112649674983
0,0,0.8551773162567193,0.14475053630043072,7.214744284989963e-05
0,0,0.5068748079842015,0.4925722973534454,0.0005528946623532145
1,1,0.02081546931345654,0.9744906371152668,0.004693893571276537
0,1,0.13371780675903405,0.8624623992373638,0.0038197940036022843
1,1,0.07294266812029337,0.9144562449672998,0.012601086912406984
1,1,0.08359535236583926,0.9130974844125396,0.0033071632216213273
1,1,0.0916015143443343,0.9047527945451602,0.003645691110505421
0,1,0.19711212618904836,0.8015358808650934,0.001351992945858172
1,1,0.028885716703806325,0.9681530844864235,0.0029611988097703475
1,1,0.19351650392273986,0.8046349836814196,0.0018485123958405874
1,1,0.4187801681323519,0.5800357111563856,0.001184120711262368
0,1,0.3929631987629803,0.6060157181229415,0.0010210831140782005
1,0,0.8694018536833618,0.13050544871374883,9.269760288925613e-05
1,1,0.1893139663337373,0.8091578323548795,0.0015282013113832656
0,0,0.67938341405552,0.3203450353017715,0.0002715506427085288
0,0,0.5032747406759152,0.49545543774104905,0.0012698215830357254
0,0,0.6339794778670439,0.3655020181936701,0.0005185039392859418
0,0,0.8831037960926655,0.11576349206096448,0.0011327118463699054
1,1,0.33234564131295247,0.6659949122984095,0.0016594463886380288
1,1,0.018106224989117063,0.8013608886251418,0.1805328863857412
1,1,0.20686790835599148,0.7896474546499236,0.0034846369940848923
1,1,0.4986060460047204,0.5004062365242123,0.0009877174710673441
0,0,0.7430770796284614,0.25680830620195494,0.0001146141695836738
1,0,0.723489268671765,0.27603165757928855,0.0004790737489463532
1,1,0.3310582000867817,0.6674762898575466,0.0014655100556716673
0,1,0.4754466691897152,0.5239217609622963,0.0006315698479886821
2,2,5.541709069016996e-06,0.0743030390700024,0.9256914192209286
1,1,0.1971229506670802,0.7980113295518052,0.004865719781114733
0,0,0.6644675439061641,0.33518477132957725,0.00034768476425850356
1,1,0.3477828108042223,0.651105227185901,0.001111962009876699
1,1,0.04077247259654053,0.5889344939472085,0.37029303345625103
0,1,0.29437797685186473,0.7014148560460393,0.004207167102096059
0,1,0.46763318878317817,0.5310385971591712,0.0013282140576505053
1,1,0.04722801838198992,0.9491303968568248,0.003641584761185133
1,1,0.16585763400251916,0.8249104543770963,0.009231911620384519
1,1,0.3017037118019436,0.6922104641835771,0.006085824014479188
0,1,0.20236966937311923,0.7956459584519789,0.0019843721749019925
0,0,0.6234052468713982,0.37612930090011865,0.000465452228483192
1,0,0.6888627156769048,0.31087745958505897,0.0002598247380360719
2,2,1.7310659253181852e-05,0.09409363549548512,0.9058890538452617
1,1,0.1775378950786919,0.8157470123299261,0.00671509259138212
1,1,0.2764724919592951,0.7210828809984301,0.002444627042274829
2,2,0.00014456607686519525,0.2422053204725189,0.757650113450616
2,2,0.00011662877267986837,0.12652636801504952,0.8733570032122706
1,1,0.34550556627569545,0.6508775649547062,0.0036168687695983764
1,1,0.16047567330677698,0.8280513043832404,0.01147302230998255
0,1,0.27852577668361317,0.7193534646140681,0.0021207587023187014
0,0,0.9240191459324093,0.07593315634814521,4.7697719445502584e-05
1,1,0.03353135272545615,0.8516588516133763,0.11480979566116749
1,1,0.2928592167942668,0.704665233278997,0.002475549926736174
1,1,0.025541480611939695,0.9690773217151578,0.005381197672902487
1,1,0.4210916051221223,0.5780510826582246,0.0008573122196530673
2,2,0.00032279585385593655,0.30574013425724306,0.6939370698889009
1,1,0.1958968686295845,0.8005182101262603,0.003584921244155155
0,0,0.8720733373571958,0.12773703467912098,0.00018962796368318064
1,1,0.30230347936684904,0.6942320066595055,0.0034645139736454826
1,1,0.08706194571803809,0.8945909937109269,0.018347060571035047
0,1,0.17943220941841695,0.818738628028342,0.0018291625532410826
1,1,0.053679493551600774,0.8777483275438395,0.0685721789045598
0,0,0.7468183867669932,0.25264760959563404,0.000534003637372896
0,0,0.5127262924061748,0.4868497461149589,0.00042396147886633167
1,0,0.5906459296640191,0.4088908941205709,0.0004631762154101775
2,2,1.100675462741315e-05,0.05315056967855256,0.9468384235668201
0,0,0.9489878239828017,0.05026269314303992,0.0007494828741585584
1,1,0.13854572690522554,0.8603334985112272,0.0011207745835472523
0,0,0.5544463673964627,0.44502002618202985,0.0005336064215074249
1,0,0.5287160959570966,0.4703494256622937,0.0009344783806096772
1,0,0.6360392467664229,0.36230005255424774,0.001660700679329312
1,1,0.014609762847987387,0.8762066057464714,0.10918363140554133
1,1,0.12309109462529234,0.8725012228715368,0.004407682503170981
0,0,0.6328136234042915,0.3664004547445866,0.0007859218511218774
0,0,0.662080604568253,0.337236380778334,0.0006830146534130019
1,1,0.3299850412334774,0.6675277783407929,0.002487180425729648
1,1,0.22310458190877203,0.7699118373357628,0.006983580755465122
1,1,0.30716677226960204,0.6910401414440198,0.001793086286378087
1,1,0.05242318673738548,0.9339347955955096,0.013642017667104904
1,1,0.18919063085988372,0.8078715645442991,0.0029378045958171855
1,0,0.5176123140993697,0.4756507375231625,0.006736948377467863
0,0,0.7672873135403238,0.2325790360222292,0.0001336504374468998
1,1,0.2402414785723391,0.7564291240211284,0.003329397406532439
2,2,0.013747288264158828,0.4212291537090402,0.5650235580268009
1,1,0.462456649371769,0.5358218113211469,0.0017215393070841344
0,0,0.8657007869787969,0.1340554745490693,0.0002437384721339646
0,0,0.8254453000126313,0.17448427808133027,7.042190603833637e-05
1,1,0.025996174913791144,0.8597547060334093,0.11424911905279969
0,1,0.48653063714333095,0.5123536463403489,0.001115716516320081
1,1,0.03640245140829457,0.9608635446865391,0.0027340039051662428
1,1,0.19872576729427588,0.8000862084875661,0.0011880242181579142
0,0,0.7931642510208753,0.2018637811617943,0.0049719678173303725
1,1,0.10043906986248811,0.8477078915040489,0.05185303863346313
1,0,0.8614159165685852,0.13844571840305625,0.00013836502835870462
1,0,0.7795986280999015,0.22024086763021686,0.0001605042698816381
0,1,0.4678284095555024,0.531316148636151,0.000855441808346574
1,1,0.09809021263904676,0.8998188399406535,0.0020909474202997925
0,0,0.9551330535082023,0.0444563316099809,0.00041061488181681164
1,0,0.5298319769687333,0.4694650545269875,0.0007029685042790882
1,1,0.05402524327766556,0.9431897649118549,0.0027849918104793847
1,1,0.40956357245221703,0.5894336981130179,0.001002729434764988
0,0,0.7585577164916123,0.2393395042851322,0.0021027792232556105
1,1,0.11681524198785555,0.8818892901481229,0.0012954678640213983
1,0,0.5966992658291355,0.40290553374075866,0.00039520043010583475
1,1,0.10814772246784408,0.8843479993614799,0.007504278170676101
1,1,0.42007944449758855,0.5791233780545822,0.0007971774478293247
0,0,0.5595056677455907,0.4394036535036941,0.0010906787507151182
1,1,0.03092757627282728,0.8455406883924709,0.1235317353347018
0,0,0.9836688551151824,0.016181121621532107,0.0001500232632855868
0,0,0.8658121542309921,0.13408682448163603,0.0001010212873717805
0,1,0.3085697278507028,0.68843197152441,0.0029983006248873074
0,0,0.9421045190113333,0.05710740641222396,0.0007880745764426749
1,1,0.06614093671212731,0.8700926291030238,0.06376643418484888
0,1,0.24127087328251426,0.7562059859739987,0.0025231407434870593
0,0,0.5997499878248949,0.39630147066239324,0.003948541512711861
1,1,0.22317233832170358,0.775081222263132,0.001746439415164284
1,1,0.21424280188864608,0.7820348551586028,0.0037223429527511753
1,1,0.18569139172011287,0.8104567547695063,0.003851853510380796
1,1,0.11652405584473235,0.8814647560831731,0.002011188072094547
0,1,0.3013821760743917,0.6935205529899576,0.005097270935650514
1,1,0.13447665130098468,0.8631194015754046,0.0024039471236108434
1,1,0.2614788395419984,0.7378466946609015,0.0006744657971001287
2,2,0.00011758958702420384,0.0909061302464907,0.908976280166485
0,0,0.7008467184221399,0.29891438733365505,0.0002388942442052074
1,1,0.4920510858257267,0.5076524650932346,0.00029644908103866906
1,1,0.06691206105351659,0.9298972128520574,0.00319072609442589
1,1,0.048929538497014424,0.9477279355028152,0.0033425260001703895
0,0,0.7358652634739665,0.2635497842455711,0.0005849522804623637
1,1,0.029781349615144833,0.9576939435048528,0.012524706880002307
1,1,0.1734155166528031,0.8152180768286422,0.011366406518554683
1,1,0.1499953811750467,0.8465777467516082,0.0034268720733450493
0,0,0.7129452495517314,0.2863094536676686,0.0007452967805999882
1,1,0.08711733774578743,0.9100038728454843,0.002878789408728263
1,1,0.18619184094741417,0.8125049259170977,0.0013032331354881188
0,0,0.5350007616959329,0.4644705046594147,0.0005287336446524054
2,2,4.590782502806142e-05,0.16803592062254938,0.8319181715524226
0,0,0.5303177761689387,0.46343191261152494,0.006250311219536365
1,1,0.2685384464241646,0.7249548037220631,0.0065067498537723575
0,0,0.5553975952194626,0.44414522212942414,0.0004571826511132099
0,0,0.9984367344560465,0.001029092819641154,0.0005341727243123954
1,1,0.12728903959033636,0.8701154531311763,0.0025955072784873286
0,1,0.11439141939826764,0.8837215258681974,0.0018870547335350357
0,0,0.5675187740699028,0.431878205378435,0.0006030205516620414
0,0,0.9971145400899553,0.001855181618394726,0.0010302782916498646
1,2,0.030489886667359047,0.4530075756521427,0.5165025376804984
0,1,0.04037194667512234,0.9540606369962091,0.0055674163286684826
0,0,0.865858070335453,0.13116429618568198,0.0029776334788648865
1,1,0.3375694641988622,0.6593448315731828,0.0030857042279549734
1,1,0.2275405798735651,0.7699455595857483,0.002513860540686557
1,1,0.3157020836379492,0.6811825386470958,0.003115377714955046
1,1,0.07722044605011372,0.920014380367271,0.002765173582615261
0,1,0.23763166661848106,0.7613135233266256,0.0010548100548933388
0,1,0.3196658749174771,0.6785896368416598,0.0017444882408630903
1,1,0.033023801140632164,0.9623179310870668,0.004658267772300964
1,0,0.5419784462919066,0.45746029759152324,0.000561256116570223
1,1,0.45462445693973824,0.5443450349737504,0.001030508086511244
1,1,0.33405022216448405,0.6639178279221275,0.0020319499133883974
0,1,0.4315377273766179,0.5611034380944554,0.007358834528926691
1,1,0.14468168731604286,0.8488662309782212,0.00645208170573604
0,1,0.24300112794260859,0.7540286461986331,0.002970225858758239
0,0,0.7024240538277382,0.2973879273428586,0.00018801882940329068
1,1,0.16815451083381897,0.8297034114917773,0.002142077674403775
0,0,0.6858511512015655,0.31395577703510497,0.0001930717633295931
1,1,0.38121930095636264,0.6178256271189703,0.0009550719246671386
1,1,0.21637197593526902,0.7800733415250161,0.0035546825397149272
1,0,0.6997909680255978,0.29949507276106685,0.0007139592133353081
1,2,0.0008548093056668843,0.22817955408550714,0.770965636608826
0,0,0.6759040527230094,0.3235262636840529,0.0005696835929378357
0,0,0.594581676354167,0.40490686183771224,0.000511461808120845
1,1,0.2717772450927005,0.727411746631058,0.0008110082762416049
0,0,0.5229697058940891,0.47193174841858937,0.005098545687321463
0,0,0.6781425345315687,0.32163418176393754,0.00022328370449364738
0,1,0.486378700605234,0.5129101835041762,0.0007111158905897916
1,2,2.8666800619880044e-05,0.10032702442384839,0.8996443087755317
2,2,3.3264729691483184e-06,0.010884098006805794,0.989112575520225
0,0,0.9707758999152257,0.02902627736307961,0.00019782272169444954
0,1,0.42180783193548366,0.5768336356408952,0.001358532423621094
1,1,0.16518874281855137,0.8318688800694399,0.002942377112008719
1,1,0.38241365783523434,0.6152051735996223,0.0023811685651432017
1,1,0.122712935788753,0.8755505215470091,0.0017365426642378685
0,0,0.6454234356134523,0.3534310928602956,0.0011454715262521236
1,1,0.040305670592649556,0.8588821135535594,0.10081221585379095
1,1,0.3089054865526424,0.6885973393746041,0.002497174072753548
1,0,0.6576453804470573,0.34206447018061287,0.0002901493723296504
1,1,0.09297013696357129,0.8656503845860668,0.04137947845036201
0,0,0.8906867881132966,0.10919812545920553,0.00011508642749792693
0,1,0.45459556087098707,0.5421576713753307,0.003246767753682268
1,1,0.1186459939568875,0.8764788794691347,0.004875126573977851
1,1,0.036961572895946246,0.9533412740547325,0.009697153049321212
0,1,0.3554507405835494,0.6436264929744326,0.0009227664420179297
1,1,0.39142845080753275,0.606934957885187,0.0016365913072803242
0,1,0.0943405725764612,0.9027814845563794,0.0028779428671594546
1,0,0.8986059483628263,0.1012654588646452,0.00012859277252849036
1,1,0.38906305371455235,0.609081034356606,0.0018559119288415647
1,1,0.04276704764722688,0.9536253044161388,0.0036076479366344604
2,2,2.6435152226007387e-05,0.11710874484518001,0.882864820002594
1,0,0.91034878131219,0.0894817529387173,0.00016946574909257415
0,0,0.8992766247460003,0.1006957287717135,2.7646482286277486e-05
1,0,0.8062445388298197,0.1934459014741125,0.00030955969606767994
0,0,0.8310315749024162,0.16890010711484033,6.831798274356573e-05
1,1,0.14785117576293855,0.8489285641106266,0.003220260126435
0,0,0.654273065210651,0.34549422728739454,0.00023270750195440075
0,1,0.4846038989782686,0.5146026969140735,0.0007934041076579898
1,1,0.021021705398721443,0.8065167327410862,0.1724615618601926
0,0,0.6061329784384408,0.39179999300077517,0.0020670285607838567
0,0,0.6001642733352225,0.399247394163766,0.0005883325010115645
0,1,0.41406770831716755,0.5851909854092232,0.0007413062736092598
1,0,0.5661000868881093,0.4331663851643967,0.0007335279474940124
0,0,0.9366458422398977,0.06325153279723524,0.00010262496286707982
0,0,0.6945687805024163,0.30532487764457417,0.00010634185300956563
0,1,0.38131381202964815,0.6178933354264571,0.0007928525438948617
0,0,0.8874803763995963,0.1124810849816424,3.8538618761264e-05
2,2,0.0001678731048666722,0.07252100694715678,0.9273111199479767
1,1,0.13101879544594622,0.8677440646134388,0.0012371399406149537
0,1,0.23129458951883486,0.767054890789399,0.0016505196917661802
1,0,0.7476584461084077,0.2515201396878232,0.000821414203769133
1,1,0.034647445214251914,0.8440472785680148,0.12130527621773336
1,1,0.12622409137746982,0.8676311502593146,0.006144758363215643
0,0,0.7476182244022481,0.2521000790716077,0.0002816965261441305
1,1,0.2669280819566299,0.7298039074801022,0.0032680105632679375
0,0,0.6328914157828479,0.36682987178784976,0.0002787124293023351
1,1,0.24549498324361974,0.7511922038655424,0.003312812890837993
0,0,0.5635142836179575,0.4337276321192307,0.0027580842628117386
1,1,0.48946385837006084,0.504280367215212,0.006255774414727207
0,0,0.8373453196424141,0.16176175645624719,0.0008929239013387223
1,1,0.2657241675344028,0.7302392391731456,0.0040365932924517345
1,0,0.7276885597055992,0.2721725206120897,0.0001389196823111585
0,0,0.9448306010567922,0.054943928930485025,0.00022547001272263387
1,0,0.8773761081350681,0.12247094238715761,0.00015294947777423008
1,0,0.5901983106260633,0.40930547973914605,0.000496209634790682
0,0,0.6201065338415553,0.379216910269127,0.0006765558893177824
0,1,0.33647988659198924,0.6616929271842334,0.0018271862237771949
1,1,0.38411117176676035,0.6110030469244329,0.004885781308806901
0,0,0.7787389615288431,0.22108845880668915,0.00017257966446766775
1,1,0.04186687064050725,0.9490038594557092,0.009129269903783613
1,1,0.017881575835225125,0.9737811435686213,0.008337280596153643
2,2,0.0001480079605024779,0.12024944783810836,0.8796025442013892
2,2,6.082775763221523e-05,0.05550034583133417,0.9444388264110337
0,0,0.8285717237546149,0.17134337958690163,8.489665848356806e-05
0,0,0.7696625938805075,0.22957463848526402,0.0007627676342283497
1,1,0.07354401850691625,0.9235810541006932,0.002874927392390524
1,0,0.7772730280396245,0.2208394512915967,0.0018875206687788487
0,0,0.7238033847350014,0.2757770201698302,0.00041959509516830947
0,0,0.9599780767081834,0.03971306073277561,0.0003088625590409579
1,1,0.08670910463894614,0.9100937041466111,0.0031971912144427446
1,1,0.18952110001155784,0.8066590525221256,0.0038198474663164723
1,1,0.10976123033512152,0.8821927118100571,0.008046057854821346
1,1,0.4817855944808404,0.5166565452300744,0.0015578602890850598
0,0,0.7684607718549179,0.23140027488877044,0.00013895325631170977
1,1,0.44703230410086175,0.5522445847613136,0.0007231111378247701
0,0,0.924035157454181,0.07550245500134942,0.0004623875444697045
1,1,0.06954253892620234,0.923948869225057,0.006508591848740457
0,0,0.6464822565002275,0.35312194027774757,0.00039580322202475147
1,0,0.7230253500874133,0.27335206864189665,0.0036225812706899107
0,0,0.80946867565844,0.19031088691138084,0.0002204374301792242
1,1,0.05895132313634146,0.9360081907366576,0.005040486127000784
0,0,0.6176508950658942,0.3810867249474155,0.0012623799866901932
1,1,0.3433076129090289,0.6562487622437431,0.0004436248472281701
1,1,0.1763231223327711,0.8176088907127028,0.006067986954526161
0,0,0.5634197456599972,0.4362332608545959,0.000346993485406827
1,1,0.11229617058385649,0.881789451567262,0.005914377848881472
0,1,0.24440825805042488,0.7524860118883036,0.0031057300612715153
1,1,0.009652914746348683,0.8487116833857976,0.14163540186785373
1,1,0.25220992531023007,0.7461985751172462,0.0015914995725237603
0,0,0.9639371624290655,0.036043792625735344,1.904494519914474e-05
0,1,0.15283831579449514,0.8449369517518388,0.0022247324536660666
0,0,0.5411786590998445,0.4537363990380417,0.005084941862113833
0,1,0.3445266292242619,0.6519601484499162,0.003513222325821869
0,1,0.4453388065583813,0.5544361734238463,0.00022502001777238164
1,1,0.22596201461085139,0.7702344352409392,0.0038035501482095043
0,0,0.8327276944076082,0.1669363519872346,0.00033595360515727694
0,1,0.2526894660189506,0.7409509376798256,0.006359596301223847
1,1,0.10549848886866972,0.8489812886784518,0.045520222452878414
1,1,0.10168137008092977,0.8959546498599548,0.0023639800591154464
1,1,0.07355460017203462,0.9207742696668065,0.005671130161158696
0,1,0.3019671254715446,0.6964371774856479,0.001595697042807447
1,1,0.03704515536950242,0.852653759389752,0.11030108524074568
0,0,0.7332718608234965,0.2661000704964723,0.0006280686800312653
1,1,0.1606433607219753,0.8354996773278109,0.0038569619502138064
1,1,0.18017251130787268,0.8172898080486682,0.002537680643458912
1,0,0.5195703804821378,0.4799688112659851,0.00046080825187708966
1,1,0.01854092603691903,0.9729117772070321,0.008547296756048683
1,1,0.43471839703578846,0.563526476936486,0.0017551260277253442
0,0,0.8042973064623496,0.19527720556866757,0.0004254879689827282
1,1,0.2197219967503529,0.7790088801851803,0.0012691230644668121
1,1,0.029188942865334893,0.9655898724650226,0.005221184669642439
1,1,0.04586263296767381,0.9409600532605126,0.013177313771813599
0,0,0.7483723060202898,0.25150821290167225,0.0001194810780381165
1,1,0.46668345106780007,0.5329617581065382,0.0003547908256615963
1,1,0.03784083301020327,0.8620890646329132,0.10007010235688363
0,0,0.8138991929698125,0.18591491426752255,0.00018589276266497135
1,1,0.1558498233340268,0.838812481722473,0.005337694943500201
0,0,0.718308008695058,0.28059176951685916,0.0011002217880828938
1,1,0.04400346804153824,0.8260246082074556,0.1299719237510062
0,0,0.5893375591467009,0.41010752115764965,0.0005549196956494756
0,1,0.10725232902410113,0.8907965878851056,0.001951083090793243
0,0,0.6262119255668841,0.3706564182413228,0.003131656191793207
0,0,0.8486710149581249,0.14462266650675182,0.006706318535123288
0,0,0.8992888856809358,0.10053594009950126,0.0001751742195629332
0,0,0.6720230532752073,0.3276489916242281,0.0003279551005645881
1,1,0.39131767148073676,0.6078247106543101,0.0008576178649531971
1,1,0.16544804634258814,0.8301498240605737,0.004402129596838204
1,0,0.668269590705094,0.33090853553273,0.000821873762176074
0,0,0.9716277034887163,0.028284506222277326,8.779028900651487e-05
0,0,0.8479146461563251,0.15179277290932416,0.0002925809343507912
1,1,0.2580585295334157,0.7365558407722749,0.005385629694309476
1,1,0.043232583342002404,0.8936517360021818,0.06311568065581573
1,1,0.1540341109463276,0.8166990143847607,0.029266874668911595
0,0,0.7852434818051209,0.2143680271688577,0.0003884910260213276
0,0,0.9301690053457646,0.06965386509035668,0.00017712956387881123
0,0,0.9062934457846191,0.09354244561876826,0.0001641085966126706
0,0,0.5670933774694342,0.4315989464997993,0.001307676030766523
1,1,0.02657862882783864,0.9652569191140414,0.00816445205811982
1,1,0.16496774106452836,0.831000888939342,0.004031369996129664
0,0,0.5524138007428647,0.4465538048362615,0.001032394420873747
0,0,0.8179367457886102,0.18003000902278601,0.002033245188603732
1,1,0.08369394946260987,0.5984339704491825,0.3178720800882076
0,1,0.39316752940930444,0.6028610995602368,0.0039713710304588
0,0,0.9325008930951452,0.06705735001055126,0.0004417568943036814
1,1,0.36460512251336263,0.6341394740329545,0.0012554034536830878
1,1,0.1856485609928738,0.8131872625819184,0.0011641764252077046
1,1,0.011717782556340792,0.9790385491105935,0.009243668333065662
1,1,0.3607209117138953,0.6367555266755588,0.0025235616105458384
1,1,0.13875398537129746,0.8557630417739208,0.005482972854781798
1,0,0.7354905264299288,0.263926283831214,0.0005831897388570877
1,1,0.022781951128440954,0.9652651886151455,0.011952860256413579
0,0,0.8308389120597898,0.16894907782855506,0.000212010111655076
0,1,0.4174379054948211,0.5681984765195364,0.014363617985642521
1,1,0.2685066859861089,0.7290448274182878,0.0024484865956033545
1,1,0.2800557478856068,0.7182366705410372,0.0017075815733560106
0,0,0.7501690409386492,0.24895310959466616,0.0008778494666845745
1,1,0.13700766086530583,0.8580838748160315,0.0049084643186626375
1,1,0.06028443283547374,0.8651710422419895,0.07454452492253674
1,1,0.23177472430029045,0.7593587000260721,0.008866575673637534
1,0,0.5553276364392672,0.44368659946821065,0.0009857640925221595
0,0,0.9711399056129343,0.0287258217831126,0.0001342726039530033
1,1,0.21995051985281117,0.7782541236562684,0.001795356490920385
1,1,0.3113790213771027,0.6861396088661773,0.0024813697567198597
1,1,0.26269975687648295,0.7357767830689624,0.001523460054554723
0,0,0.7267350549436447,0.27311449310008235,0.00015045195627298293
1,1,0.05609295835859253,0.9399029175767132,0.004004124064694195
0,0,0.7582469726339471,0.24155656771140782,0.00019645965464495932
1,0,0.7942837651290623,0.205624129120399,9.210575053868998e-05
1,1,0.265894331269731,0.7297309598972753,0.004374708832993699
1,1,0.14869240360439134,0.8496131932992806,0.00169440309632806
1,1,0.22678069847488677,0.7139880479385581,0.05923125358655513
1,1,0.21624329330204262,0.7788476156975697,0.004909091000387771
0,0,0.8702320933194453,0.12951627939131805,0.00025162728923684285
0,0,0.8697019622425891,0.13022196267116862,7.607508624231539e-05
1,0,0.662464933042748,0.33713890531921664,0.0003961616380353779
0,1,0.2720363858708463,0.7258828489280786,0.002080765201075193
0,0,0.863708194295023,0.13604418123450554,0.0002476244704715058
0,0,0.6061398261845866,0.3934956172710381,0.00036455654437533093
0,1,0.1447032127937666,0.7963922893639697,0.05890449784226371
1,1,0.38551093463780844,0.6133268618625752,0.0011622034996163109
1,1,0.030505969412145277,0.9650631696956384,0.004430860892216326
0,1,0.16874354012588308,0.8285601542748866,0.002696305599230264
1,1,0.08783561777765667,0.8685033433216869,0.043661038900656465
0,1,0.1687721641653652,0.8293431448287343,0.0018846910059005333
1,1,0.4349024208361383,0.562102584066233,0.002994995097628639
0,0,0.6081550009272214,0.39104464946682616,0.0008003496059524175
0,0,0.5023168473401388,0.4973752272049743,0.00030792545488684007
0,0,0.9166222391587753,0.08325380543494841,0.0001239554062762558
1,1,0.10138329516739167,0.8965478243872054,0.002068880445402889
0,0,0.979952373331892,0.019979869722969713,6.775694513816655e-05
1,1,0.08425730348723116,0.907442708640284,0.008299987872484788
0,0,0.8143940428186626,0.18480354269901436,0.0008024144823231387
0,0,0.6985565064177625,0.3004463078369593,0.000997185745278244
0,0,0.7274775982105757,0.2717271509000071,0.0007952508894172553
1,1,0.16609798243044524,0.83137862767159,0.002523389897964659
0,1,0.4006327846286528,0.5988961470455425,0.0004710683258046685
2,2,0.0001598823354958068,0.24478698580590036,0.7550531318586038
1,0,0.8168711609508535,0.1827294473453607,0.0003993917037858085
0,1,0.021651710813713674,0.8579148452227474,0.12043344396353882
0,0,0.6740341968166887,0.32519420255966147,0.0007716006236497638
0,1,0.32437846421864136,0.6721296699568141,0.003491865824544467
1,1,0.17242294826479584,0.7894286305126151,0.03814842122258902
0,0,0.7117887427593638,0.28798717077410624,0.00022408646652993114
0,0,0.8665474476989711,0.13172058979026877,0.0017319625107603215
1,1,0.03756883517187641,0.9591861517989761,0.003245013029147441
0,0,0.5300060619094727,0.4695832986976713,0.00041063939285596317
1,1,0.10299882524144008,0.8942180523362495,0.002783122422310309
1,1,0.2710020551921896,0.7278907253901272,0.0011072194176830862
1,1,0.15003165743853594,0.8450792206134777,0.004889121947986419
1,1,0.09020523919110392,0.899702835414379,0.01009192539451717
0,1,0.48854229108295955,0.5100534160760153,0.0014042928410251479
2,2,0.0012162065365838597,0.08444921303549423,0.9143345804279219
0,0,0.6734894849496511,0.32618151522736416,0.00032899982298467174
2,2,0.001486685030150969,0.13254562781171333,0.8659676871581357
1,1,0.11767522521397876,0.8804193495814263,0.001905425204594963
1,1,0.35540307133555954,0.6434250125351306,0.0011719161293097574
1,0,0.7200603010851877,0.2797495028571238,0.00019019605768853467
0,0,0.5311997096076746,0.4677237428544384,0.0010765475378869713
1,1,0.029423392258899953,0.5226992766074198,0.44787733113368017
1,1,0.22675071737540714,0.7670865912500718,0.006162691374520858
0,0,0.9476049778933853,0.052356874662159186,3.81474444556621e-05
0,0,0.6996145979109202,0.29923963313769325,0.001145768951386554
0,1,0.40224848226681675,0.5967856433538056,0.0009658743793775052
1,1,0.06756431481652676,0.9292556322419123,0.003180052941560838
0,1,0.31564462559409934,0.6835007317485806,0.0008546426573201574
1,1,0.4274125877963843,0.570925663172144,0.0016617490314717286
0,0,0.6278109900693368,0.37178682723478174,0.00040218269588142486
1,1,0.24316428604798612,0.7498556053502952,0.006980108601718634
0,0,0.7835200453800555,0.21554987298745293,0.0009300816324917976
0,0,0.9855520630701752,0.014412868333006111,3.506859681861957e-05
1,2,7.15911354037771e-05,0.05865292443088237,0.9412754844337139
1,1,0.08396708492230259,0.49566342506335315,0.42036949001434426
0,0,0.8019686788415143,0.19794956055786914,8.176060061644178e-05
0,0,0.9470853426574523,0.0525708518880593,0.00034380545448835584
1,1,0.018137581998943463,0.9763333918507786,0.0055290261502778885
1,0,0.619585247423421,0.3790546198519178,0.0013601327246611904
0,1,0.12035661330583493,0.8784127010469523,0.0012306856472127285
1,1,0.2650251195764523,0.7330180563819271,0.001956824041620692
1,1,0.25733274341494067,0.7401969715840857,0.002470285000973741
1,1,0.2798638731246991,0.71792875554484,0.0022073713304607517
1,1,0.09917157979181423,0.8975445204013498,0.003283899806835892
1,1,0.43196550813750223,0.567493687604391,0.0005408042581067787
1,1,0.49927275101544016,0.500253737872486,0.0004735111120739506
1,1,0.11963987128718459,0.875734982723709,0.004625145989106389
0,1,0.4927623512909576,0.5067224103866707,0.0005152383223718274
1,1,0.15552232180076278,0.8432560694349354,0.0012216087643017388
1,1,0.23618802890976387,0.7621888166227324,0.0016231544675037232
0,0,0.5674830596419644,0.431699882647361,0.0008170577106745826
0,1,0.37004617191102884,0.6289786069806202,0.0009752211083507896
1,1,0.1132258546861487,0.883459522224258,0.0033146230895932244
0,1,0.048481011268520675,0.9482968462539949,0.0032221424774845583
1,1,0.32505401374755555,0.6737227090908653,0.0012232771615791464
1,1,0.4344634332093664,0.5648234840638737,0.0007130827267598089
1,1,0.2851595512603535,0.710753641096567,0.004086807643079449
1,1,0.2663926428485027,0.7319591184002346,0.0016482387512626606
1,0,0.6417846716308474,0.35743909191690804,0.0007762364522445586
0,0,0.8453712753429384,0.15444412344491903,0.00018460121214257215
1,0,0.5037215587111653,0.4936909078416523,0.0025875334471824173
1,1,0.1929667499466133,0.8051233661054535,0.001909883947933193
0,0,0.8853629725134009,0.11332760254952608,0.0013094249370728705
1,0,0.5904433799379785,0.40919115145213436,0.00036546860988718755
0,0,0.7314463863133286,0.2675650041480589,0.0009886095386124143
1,1,0.4672298526759542,0.5324202081190741,0.0003499392049717122
0,1,0.3043902319305607,0.692811540735732,0.002798227333707276
1,1,0.1490486693925815,0.85057300774831,0.000378322859108376
1,1,0.16771352152979227,0.8279145664547288,0.004371912015478827
1,1,0.08871177684618002,0.9088197209061302,0.0024685022476897992
0,0,0.7712566975355479,0.2281655461841124,0.0005777562803395487
0,1,0.390063610894521,0.6089531955952469,0.0009831935102321946
1,0,0.9263511555313856,0.07181856773672493,0.0018302767318894072
1,1,0.2751637069460975,0.7219702607220995,0.0028660323318030825
0,0,0.7025754519445678,0.2971414174119291,0.0002831306435029195
1,1,0.14615448437572628,0.8479007974421559,0.00594471818211795
1,1,0.13381322200858806,0.8643648061607649,0.001821971830647146
1,1,0.03415447911856198,0.9624436861687989,0.0034018347126391806
1,1,0.0548066249895196,0.9345108644790431,0.010682510531437248
0,0,0.7840706051123828,0.21529727664472445,0.0006321182428926788
1,1,0.3118015417630268,0.6849529413427373,0.0032455168942359352
1,1,0.22161646241477562,0.7770667397807636,0.0013167978044607757
1,1,0.05961570787089181,0.9381053981478324,0.0022788939812756646
0,0,0.789885738357782,0.20975301296394624,0.00036124867827176264
1,1,0.16274206757386578,0.8360021233610678,0.0012558090650664172
0,1,0.24016284805053892,0.7589999073645036,0.0008372445849574666
1,0,0.6417590470475619,0.35654877286491615,0.0016921800875220204
1,0,0.9209385627377494,0.07854858576758783,0.0005128514946628421
1,0,0.8821461365529057,0.11743110349642644,0.0004227599506677977
1,1,0.26546891104070713,0.7313770560514954,0.0031540329077974646
0,1,0.09436293543880568,0.9044796418851837,0.0011574226760105708
1,0,0.633840470627529,0.36462903668949986,0.0015304926829711114
1,1,0.054558734842330245,0.942955757368646,0.002485507789023847
1,0,0.6985442536666111,0.3011721872419243,0.00028355909146460104
1,1,0.30013150563593266,0.6956746792439747,0.004193815120092649
1,1,0.05907421000700542,0.9386870385424261,0.0022387514505685133
0,0,0.7164063850602024,0.2825683663360442,0.0010252486037533475
0,0,0.5523618115827466,0.4473340429652639,0.000304145451989509
0,0,0.6737260617223065,0.326097364988304,0.0001765732893895466
0,0,0.5724119396767131,0.42629148848312437,0.0012965718401626721
2,2,0.000706036339655551,0.08696114589583048,0.9123328177645139
1,1,0.2995088802284861,0.6982817871797288,0.002209332591785176
1,1,0.25071400196273586,0.7469892248896456,0.0022967731476186714
1,1,0.02362582490933603,0.9621862334289144,0.014187941661749408
0,0,0.7849863927301385,0.2147986975207889,0.00021490974907271155
1,1,0.05533757453356325,0.8378746217528037,0.10678780371363304
0,0,0.8606557445348967,0.13920031456135937,0.00014394090374398322
1,1,0.1254603834864329,0.8729585270137195,0.0015810894998476075
1,1,0.0877405508635772,0.9105075353471971,0.0017519137892256008
0,1,0.47591831662714296,0.5234917353341729,0.0005899480386840949
2,2,0.0018191945793275509,0.11278368071924243,0.8853971247014301
1,1,0.013255117451283188,0.9822489907659412,0.004495891782775812
0,1,0.3884122080913756,0.6078801058179513,0.0037076860906731764
1,1,0.08749843201127179,0.9103695212581066,0.002132046730621709
1,1,0.061138678975276105,0.8584024220133724,0.08045889901135156
1,1,0.26702398808766387,0.7319080951132372,0.001067916799098899
1,0,0.5267064837551098,0.4728606306294917,0.0004328856153985045
0,0,0.6483058743842357,0.35003410528508133,0.0016600203306829542
0,0,0.7636346274983884,0.23594653593036477,0.00041883657124675054
1,1,0.3260590490474624,0.672925465210401,0.0010154857421367262
0,1,0.10321308481793358,0.8873871166022276,0.00939979857983883
1,1,0.198133521471353,0.7983516250304912,0.0035148534981556947
2,2,0.0006554861335065374,0.3888016904612407,0.6105428234052528
2,2,1.6600706136033246e-05,0.07310710929476134,0.9268762899991027
0,1,0.05650812215690707,0.8818513564724183,0.061640521370674724
1,1,0.43291873613050214,0.5667547433399373,0.0003265205295606585
1,1,0.3776801121831821,0.6205272246499557,0.0017926631668622108
1,1,0.07734217574958772,0.9168971832977454,0.0057606409526668135
1,1,0.050028626291855574,0.9083935323004,0.04157784140774439
0,0,0.816462752502831,0.18332271297090486,0.00021453452626424494
2,2,0.0016835091333606705,0.13165293203179734,0.866663558834842
1,1,0.39890290243428445,0.599879043684547,0.0012180538811684591
1,1,0.2735822747284421,0.7251231436614449,0.0012945816101129395
1,1,0.13562149853265915,0.8593281998295323,0.005050301637808714
0,0,0.7471277556628598,0.25281225325035833,5.999108678183015e-05
1,2,0.00037925621313302855,0.19713859472416095,0.802482149062706
0,0,0.8691064614313889,0.13064729105216227,0.0002462475164489392
0,0,0.8605042276072904,0.13939155442503048,0.00010421796767910938
1,1,0.04952486499749708,0.9470242649059735,0.0034508700965294355
1,1,0.10075026113591765,0.8960973184549889,0.003152420409093537
0,0,0.91045701749189,0.08908463831126381,0.0004583441968463129
1,1,0.10577327012063693,0.8804275610706982,0.013799168808664946
0,0,0.791516298100489,0.20165522871335564,0.006828473186155475
0,1,0.2576109695169827,0.740748219085874,0.0016408113971431663
1,1,0.09440212026592751,0.9017250317561918,0.0038728479778807287
1,1,0.13106628128138328,0.8632521859155028,0.005681532803113849
0,1,0.19750079070192697,0.8011385451112448,0.0013606641868281549
0,0,0.6472734444184723,0.3512946474175543,0.0014319081639734177
1,1,0.300328311284377,0.6988135027184245,0.0008581859971986059
0,0,0.6048525413137474,0.3943558373846868,0.000791621301565804
1,1,0.3119772609063848,0.6441431946905826,0.0438795444030326
1,1,0.2706290919237241,0.7283662622559972,0.0010046458202788498
0,0,0.8100832945289254,0.18912917503122392,0.0007875304398507007
1,1,0.48533253160921436,0.5137079205474262,0.000959547843359368
2,2,0.0031512048940673977,0.30948119206775115,0.6873676030381815
1,1,0.31990009741253655,0.6789272354910968,0.0011726670963667662
1,1,0.17816030893546494,0.8188462169434442,0.0029934741210908278
1,1,0.4903991940376688,0.5088470403891296,0.0007537655732015454
2,2,0.0028836933694379057,0.26367936409154547,0.7334369425390166
1,1,0.02018108598029258,0.9739370051525749,0.005881908867132574
0,1,0.44878441474199215,0.5503118775607049,0.0009037076973028318
1,1,0.11105609894582037,0.8831184703985276,0.005825430655651925
1,1,0.09793179797946729,0.8384238598604183,0.06364434216011458
1,0,0.5505406559243057,0.44349372163640344,0.005965622439290888
1,1,0.17986627694540405,0.8177923600236979,0.0023413630308980163
0,0,0.9124491621274192,0.08722733227607228,0.00032350559650843984
0,1,0.4788952201181602,0.5198301584108079,0.001274621471031821
1,1,0.040702666464555615,0.8790215723142092,0.08027576122123516
0,0,0.6621839884209799,0.3352301460586988,0.002585865520321374
1,1,0.021535446425939075,0.9731484208797289,0.005316132694331998
2,1,0.004070469246591478,0.8167873368316261,0.17914219392178246
0,0,0.8463297098560875,0.15347846979225274,0.00019182035165968766
0,0,0.7823163718493733,0.21703250608166802,0.0006511220689587834
1,1,0.036922867686661254,0.955200750307049,0.007876382006289874
0,0,0.5356972572198196,0.46406803887874226,0.00023470390143805314
1,1,0.18786004303753057,0.8087836733135488,0.003356283648920611
0,1,0.3302878361283251,0.6681784155057525,0.0015337483659223058
1,1,0.3745440006327862,0.6228322343607602,0.0026237650064536034
0,0,0.6823508228642526,0.31704250427797603,0.0006066728577714816
1,1,0.11617827262331354,0.8817055701058311,0.0021161572708553794
1,1,0.195646216456325,0.8033152483780389,0.001038535165635939
0,0,0.5194468283222193,0.47996267835802414,0.0005904933197565784
2,2,5.6406820294857175e-06,0.016956836244413697,0.9830375230735569
1,0,0.9272557050051868,0.07226370154151349,0.0004805934532996283
0,0,0.6552023792635433,0.3445223036190571,0.00027531711739963
0,0,0.9017234612674899,0.09820441143195957,7.2127300550647e-05
1,0,0.5511779334413678,0.44853277630868266,0.00028929024994943603
0,0,0.5864322139936461,0.41264512099879397,0.0009226650075600107
1,0,0.5832188348416664,0.4149009693766,0.0018801957817336306
0,0,0.826752953245531,0.17297938215403885,0.0002676646004300025
0,0,0.6475859847489709,0.35170414205146405,0.0007098731995649044
0,1,0.15695089108801222,0.8412955577050025,0.0017535512069851865
0,0,0.530844268720713,0.46860676969501225,0.0005489615842748161
1,0,0.7776084172725292,0.22193803829559197,0.0004535444318788471
1,1,0.09619585373884129,0.9018141153095628,0.0019900309515958406
0,0,0.737588220311825,0.26205667558424056,0.00035510410393447704
1,1,0.18374695506966626,0.8083293343298368,0.007923710600496934
1,1,0.3348969271742053,0.6637283356482465,0.0013747371775481997
1,2,0.011400115504928313,0.4599629014191766,0.528636983075895
0,0,0.9513437928878654,0.04825546048582356,0.00040074662631111566
1,1,0.017595021090921693,0.950464691140506,0.03194028776857224
1,0,0.6575083891535263,0.3413642571662774,0.001127353680196377
1,1,0.2254574060565256,0.77119354096991,0.003349052973564534
1,1,0.11297917940762617,0.8355019163111121,0.05151890428126161
0,0,0.5259242566241026,0.47380033307060143,0.0002754103052960043
1,1,0.21408621027654495,0.7817773184970657,0.004136471226389264
1,1,0.034897659992725906,0.9605673543454633,0.004534985661810605
0,1,0.49562552340797206,0.504089677354203,0.00028479923782493354
0,1,0.246937410283868,0.7509431341422481,0.002119455573883881
0,1,0.47928149751017535,0.5197836232201939,0.0009348792696307681
0,0,0.6861368020758051,0.3135310551150289,0.0003321428091661136
1,2,0.00954736955983096,0.3393396855921627,0.6511129448480064
1,1,0.015375463929091913,0.9732637415010947,0.011360794569813466
0,0,0.8294250060109611,0.170119210707584,0.00045578328145486497
1,0,0.9255276830994144,0.0743099756469756,0.00016234125361014025
1,1,0.36637077027492043,0.6324285134167236,0.0012007163083560387
0,0,0.9266764869852722,0.07278959896352591,0.0005339140512018808
0,0,0.5593226477841264,0.4395623471233796,0.0011150050924939301
1,1,0.17294185796962297,0.8214213720794702,0.0056367699509068106
0,1,0.3650652063171678,0.6332127748567041,0.0017220188261280489
0,1,0.34666564565070257,0.6492866469226298,0.004047707426667581
0,0,0.8264353662133411,0.17270260993059908,0.0008620238560599133
0,0,0.9097126859598972,0.08961832847734051,0.0006689855627622026
0,0,0.9688349938277323,0.03110974063248256,5.526553978515641e-05
1,1,0.09167420163921922,0.9062715091783871,0.0020542891823935837
0,0,0.9182563074681436,0.08132279071387233,0.00042090181798402427
1,1,0.02577259965512966,0.9658235045683076,0.008403895776562685
0,0,0.6827947340362909,0.31690734510615687,0.000297920857552121
2,2,2.395416237683365e-06,0.007629695128163357,0.9923679094555989
1,1,0.39861891410953754,0.6009277518034868,0.0004533340869756082
1,1,0.23555257363286153,0.7623451512791244,0.0021022750880141674
0,0,0.6254570294829018,0.37364824189898665,0.000894728618111534
1,1,0.3031066352719533,0.6952221814608698,0.001671183267176846
1,1,0.29791967377869716,0.7001898521586574,0.0018904740626453558
2,2,6.038553986702886e-07,0.003081817328627899,0.9969175788159734
1,1,0.24548867082756404,0.7459199806115162,0.008591348560919792
0,0,0.8275728802190906,0.1723421131901838,8.500659072557805e-05
0,1,0.2815205198285769,0.7176740628944932,0.0008054172769297453
1,1,0.27547805447505214,0.7218347007738659,0.002687244751081914
0,1,0.41264974231254,0.5869064377601403,0.0004438199273196878
1,1,0.31517815319351944,0.6834800322079578,0.0013418145985226164
1,1,0.10067410459660193,0.889732794821659,0.00959310058173908
1,0,0.5002730020493226,0.49896934151538924,0.000757656435288209
2,2,2.968030656280867e-05,0.037197331155885,0.9627729885375522
2,2,4.824063407160578e-05,0.04493177493998587,0.9550199844259425
1,0,0.8742554691436065,0.12565643296309495,8.809789329841616e-05
1,1,0.11166420355632375,0.8852958158054092,0.0030399806382670896
0,0,0.9995461243735398,0.00033202656853054683,0.00012184905792952223
1,0,0.7618651927420608,0.23801759641071346,0.00011721084722582872
0,0,0.5783761294989346,0.4210656779681743,0.0005581925328912077
1,1,0.02625862374051034,0.9656580970146159,0.008083279244873847
0,1,0.43112173668297876,0.5676626908352134,0.0012155724818078465
0,1,0.41085261192687317,0.5881098457331414,0.0010375423399854047
1,1,0.15657637164414928,0.8301972932155425,0.013226335140308165
1,1,0.036099527607708716,0.8402522077585474,0.1236482646337438
0,1,0.22641921349285776,0.7601316488647121,0.013449137642430282
1,0,0.9345458170190835,0.06486415302234784,0.0005900299585685839
0,1,0.43296548116167166,0.5662189023215086,0.0008156165168196771
1,1,0.0159960736076833,0.9056367666664323,0.0783671597258845
1,1,0.0207906652084804,0.9752344185058938,0.003974916285625925
0,0,0.7877200740941529,0.2114951601393556,0.0007847657664914109
0,0,0.7877893627940101,0.2120326539486773,0.00017798325731257624
1,1,0.12508156806743528,0.8297782587342543,0.045140173198310395
1,1,0.16027954195753774,0.8308960656514832,0.008824392390978902
1,1,0.4769132798335265,0.5178175953171963,0.005269124849277218
1,1,0.23820665092921256,0.7558562179960385,0.005937131074749102
1,1,0.11287980149075993,0.8855535201040743,0.0015666784051657438
1,1,0.20189464824973172,0.793129735764555,0.004975615985713319
0,0,0.7208567621964663,0.27874149131082926,0.0004017464927042281
1,1,0.0483146215983413,0.9257152757281819,0.025970102673476814
0,0,0.9128709732663162,0.08707426113028884,5.476560339500926e-05
1,1,0.1122567064009045,0.8855239837829918,0.002219309816103631
1,1,0.08185942478627548,0.9163197591544734,0.0018208160592512311
0,0,0.5432797837096993,0.4561862377076443,0.0005339785826564248
0,0,0.6547056878444663,0.34504733483562083,0.0002469773199130251
1,1,0.0765096605386821,0.9171661275909304,0.006324211870387493
1,1,0.22539851185830986,0.7709023650404111,0.0036991231012790727
0,0,0.5342454853787486,0.46435776554957664,0.001396749071674845
1,1,0.27428876449715267,0.7220739236424482,0.0036373118603992088
1,1,0.10673106570808792,0.8908745173240792,0.002394416967832841
0,0,0.5848865240144102,0.4149823641871521,0.00013111179843779155
0,0,0.6634326265170416,0.3361613841845827,0.00040598929837572576
1,1,0.0740897016212131,0.9196020156967128,0.006308282682074184
1,1,0.12188005681576812,0.8723305432832904,0.00578939990094154
1,1,0.17403958933176325,0.8224599126825225,0.003500497985714171
0,0,0.6225296874582193,0.37669331364501646,0.0007769988967642632
1,1,0.1135061744548638,0.6649952047536666,0.22149862079146962
1,1,0.16085624602114854,0.8369920012971035,0.002151752681747927
0,0,0.6717951769332264,0.3278403057616799,0.000364517305093737
1,1,0.22383488121203743,0.7741922926301754,0.0019728261577872637
0,0,0.816423288385581,0.18320995031114962,0.0003667613032693761
0,1,0.2600719788941723,0.7334259267164237,0.00650209438940404
1,1,0.2803001881189715,0.7172818060317178,0.0024180058493106374
1,1,0.10752787100053497,0.8407542827464282,0.05171784625303705
0,1,0.3779887304916554,0.6205484637396559,0.0014628057686885798
1,1,0.23566870949061425,0.7605936495449013,0.0037376409644844823
1,1,0.05907494600660052,0.9365867952640822,0.00433825872931741
1,1,0.20019274000446793,0.7910208450907349,0.008786414904797148
1,1,0.11618699810208531,0.8816480592088873,0.0021649426890272038
1,0,0.5031336225993582,0.4954995680959699,0.0013668093046718159
0,0,0.6920005761091743,0.30777683345892265,0.0002225904319029402
1,1,0.23292375784672728,0.7661590769312299,0.0009171652220429082
1,1,0.23780480930794504,0.7614026382896036,0.0007925524024512999
1,1,0.1913864345086592,0.8059041294538766,0.0027094360374643593
0,0,0.5191896473560254,0.4805732235773746,0.0002371290666001235
0,0,0.7342148273787048,0.2654856451363749,0.00029952748492035746
1,1,0.038610834561543295,0.9470636941368562,0.014325471301600392
1,1,0.11718802458359465,0.8811273802163334,0.0016845952000719322
1,1,0.26899044841841535,0.7263122926762206,0.004697258905364112
0,0,0.8050971581812887,0.19438046486326788,0.0005223769554434459
1,0,0.5123140523935363,0.48601792233299745,0.0016680252734661497
1,1,0.14708168098935462,0.8500119672663018,0.0029063517443435947
1,1,0.1847242472301119,0.8133825462187112,0.0018932065511768398
1,1,0.03348184307454215,0.9142899910264051,0.05222816589905267
1,1,0.10367077389474874,0.8919082141115804,0.00442101199367096
1,1,0.11501926195080937,0.8831561080809046,0.0018246299682859947
1,1,0.0880442258294925,0.8984253301421296,0.0135304440283779
1,0,0.66487649947928,0.3348485363641236,0.0002749641565964049
1,1,0.10035604203298189,0.8890227876014731,0.010621170365544988
0,1,0.3536710065295181,0.6443912965529873,0.0019376969174945632
0,0,0.9993249989809134,0.000609413468557248,6.558755052945757e-05
1,1,0.15837268807552707,0.8383288148270667,0.0032984970974063083
1,1,0.041830169909496534,0.9546273344190677,0.00354249567143568
1,1,0.1204641219802717,0.8401650543785432,0.03937082364118525
0,1,0.4403887639808238,0.5584382541211116,0.0011729818980646008
0,0,0.7426216416313758,0.2570666953535993,0.00031166301502499676
1,1,0.20080165127316466,0.7979831298308779,0.0012152188959575479
1,1,0.04922571264312391,0.7934716221361641,0.15730266522071185
0,0,0.9040154234893548,0.09442798600942193,0.0015565905012233006
1,1,0.4933149802237941,0.5055439414453897,0.001141078330816041
0,0,0.8049310771215289,0.1947358747784675,0.0003330481000035667
0,0,0.6409728981103875,0.3583168770358541,0.0007102248537583419
1,1,0.03624680354338801,0.9597332963386723,0.004019900117939548
2,2,0.0023035794601685045,0.21166780684110595,0.7860286136987255
1,1,0.3276404422702647,0.6702327530657083,0.002126804664027038
0,0,0.5238179808010567,0.47539184615374946,0.0007901730451937285
0,0,0.7941653868053042,0.20551250095281776,0.00032211224187794096
0,0,0.5177734874687964,0.48073207659628164,0.0014944359349220151
1,1,0.023736915039301032,0.963261323219435,0.013001761741263839
1,1,0.2365549468189969,0.7622423877087087,0.0012026654722943665
1,1,0.4111052040410571,0.5882242954457777,0.0006705005131651853
0,0,0.7055096369445334,0.29372516183227737,0.0007652012231894141
1,1,0.05031994420824707,0.9462172580380397,0.0034627977537132057
0,0,0.8231300947563087,0.17665773764863668,0.0002121675950544482
0,0,0.9341851359221794,0.06577156795265755,4.3296125162981894e-05
1,2,0.010854404535821462,0.41252374227052446,0.576621853193654
1,1,0.0781996706216876,0.9171531559401763,0.0046471734381361
1,1,0.44398709503280576,0.5551108320540918,0.0009020729131023391
2,2,0.0006630139615989222,0.2496696194354382,0.7496673666029627
1,1,0.4355494721311406,0.5635107985120571,0.0009397293568022833
1,0,0.8562973219725774,0.14339163206646652,0.000311045960956064
0,1,0.46597833545215317,0.53172594345899,0.002295721088856728
0,1,0.28783383754478836,0.710642810313894,0.0015233521413175665
1,1,0.3060650005507582,0.6927260057607937,0.0012089936884481008
0,0,0.5062471810565069,0.4869611641858979,0.006791654757595187
1,1,0.18750727899047925,0.8089242173569818,0.0035685036525389684
1,0,0.6545185968777403,0.3448549027229947,0.0006265003992648785
1,1,0.04719410075320351,0.9489455251310195,0.0038603741157769603
1,0,0.6928069423155239,0.30706792062675653,0.00012513705771961985
1,1,0.045570547449539825,0.8614454436790462,0.09298400887141393
2,2,0.0005506960150263561,0.08468406944578674,0.9147652345391869
1,1,0.12037758931013891,0.8774738326680741,0.0021485780217869372
1,1,0.03308252316453201,0.8896696898151426,0.07724778702032534
1,1,0.136385440528155,0.8613782607862265,0.002236298685618568
1,1,0.051213166640835805,0.9280429315326365,0.020743901826527633
0,1,0.042501695833648344,0.9542804382382752,0.0032178659280765517
0,1,0.33579795436155413,0.6624550124351366,0.0017470332033091881
1,0,0.6245907823967233,0.37447720111912586,0.0009320164841508815
0,0,0.7603185988803856,0.23941898459886343,0.0002624165207509902
1,1,0.051234239820813814,0.9442055688279913,0.0045601913511948795
1,1,0.03788551296033457,0.9583551216450688,0.0037593653945968216
0,0,0.8435106979074474,0.15642584603421858,6.345605833403594e-05
1,2,0.015769043294605788,0.492103759426264,0.4921271972791302
0,0,0.8563765418850735,0.14355841574410652,6.504237081998501e-05
0,0,0.6134036306646258,0.38627987107439765,0.00031649826097645406
0,1,0.2847294359212787,0.7128269828644301,0.0024435812142912096
1,1,0.3263801025302347,0.6708265115687001,0.002793385901065246
1,0,0.5306572296904055,0.468734015879557,0.0006087544300373629
1,1,0.2081723818328093,0.7888834672099756,0.002944150957215149
0,0,0.897866735781498,0.10125441148596942,0.0008788527325325747
0,0,0.8158645370634121,0.18409872290962467,3.674002696322922e-05
1,1,0.3419663978006151,0.6558436045650273,0.0021899976343575933
0,0,0.8033588367701023,0.19654619907232374,9.496415757389831e-05
1,1,0.47428539378903684,0.525358330586703,0.0003562756242600853
0,0,0.9966725101810412,0.0024338557755331615,0.0008936340434257537
1,1,0.06388169024863877,0.9337416204923409,0.00237668925902017
0,0,0.7217281358292336,0.2780529885748487,0.00021887559591775304
1,1,0.22435814826789013,0.7727185050142884,0.002923346717821353
0,0,0.9747118145142374,0.025087439419409493,0.00020074606635303956
1,1,0.15716163778146466,0.8372473230484797,0.005591039170055734
1,1,0.05831159391100148,0.9389211333072892,0.002767272781709356
1,0,0.5818706536071063,0.41770041337214314,0.000428933020750502
0,0,0.6146238760226842,0.3850395724111745,0.00033655156614130255
1,2,0.00013684030396059985,0.2328344212985622,0.7670287383974772
1,1,0.23570703824887956,0.7632293373242498,0.0010636244268707685
0,1,0.2763343777220603,0.7209365918360479,0.0027290304418918997
0,0,0.8989922794580427,0.09684862834052302,0.004159092201434428
0,0,0.9447844375496486,0.05507579117812851,0.0001397712722229006
0,1,0.2777416118208454,0.7192226852265393,0.003035702952615273
0,1,0.03914549935014063,0.9565208587397351,0.004333641910124272
1,1,0.3316043912155961,0.6663054370910322,0.002090171693371761
1,1,0.2615548883023104,0.7331101161523129,0.0053349955453766305
1,1,0.09361907070565229,0.9049614096573496,0.0014195196369981497
0,1,0.0527861303197112,0.9429720977749132,0.00424177190537552
0,0,0.5711801330800852,0.4285686235161953,0.00025124340371959514
1,1,0.11093414783976745,0.8608771505233733,0.028188701636859187
0,1,0.2032020754626623,0.7919985897205596,0.0047993348167781665
0,0,0.6536679860651922,0.34592546827177373,0.0004065456630342541
1,0,0.5612992036979492,0.4380937425075555,0.0006070537944953444
1,2,0.001365420845581456,0.37976449264322165,0.6188700865111969
0,0,0.6427636521133693,0.3568640739673638,0.00037227391926686164
0,1,0.36120899925723826,0.6375980368776992,0.0011929638650625414
0,0,0.8098410126605823,0.18973096845053808,0.0004280188888796421
1,1,0.07403187378201716,0.9242368148659035,0.0017313113520792775
1,1,0.03792294309244223,0.9540232034111236,0.008053853496434116
1,1,0.46808615322697134,0.5301890481721054,0.0017247986009231516
0,1,0.07748040528362009,0.9208461181635581,0.0016734765528219498
2,2,4.924056092106956e-05,0.08055948354007043,0.9193912758990086
2,2,0.0001632653067391093,0.25725284906732576,0.7425838856259351
1,0,0.5741229924242185,0.4250467029048428,0.0008303046709385672
1,1,0.39164682285326935,0.607604889881686,0.0007482872650447094
0,0,0.752421168908876,0.24724453771644994,0.00033429337467394345
0,0,0.9139490663379153,0.08560647192873107,0.00044446173335374714
1,1,0.36218468276999705,0.6367979014337789,0.0010174157962241639
2,1,0.020828539055132926,0.4946718331210085,0.4844996278238586
1,1,0.11217655276452675,0.8749500898197214,0.012873357415751779
1,1,0.11149744813976462,0.8868630015536055,0.0016395503066298734
1,1,0.0392209351305629,0.4901836951833356,0.47059536968610155
2,2,4.6220671789659926e-05,0.1740516879830642,0.825902091345146
1,1,0.060790160109350164,0.8889412719030958,0.05026856798755413
0,1,0.48162332300074795,0.5102055300409591,0.008171146958292883
0,0,0.6478315060989716,0.3507336679851921,0.0014348259158362177
0,0,0.7497000070548678,0.2501900237271906,0.00010996921794150987
0,0,0.8180073499781788,0.18191255012864457,8.009989317660765e-05
1,1,0.2166478467347643,0.779054098434352,0.0042980548308836075
1,1,0.023547228624152435,0.9712379168698687,0.005214854505978862
1,1,0.4180347589149607,0.5810037123585848,0.0009615287264544291
1,1,0.2199738482282998,0.778279718240694,0.0017464335310063217
1,1,0.17619270971891332,0.8224943648099534,0.0013129254711332415
1,2,0.00028290960413084054,0.3475261392321031,0.6521909511637659
1,0,0.5651948708639569,0.43430706048173845,0.0004980686543047194
1,0,0.5253241155077103,0.4725099000865151,0.002165984405774651
1,1,0.2710634839939136,0.7280821523806172,0.0008543636254690179
0,0,0.7499247016905898,0.2497727726846092,0.0003025256248010485
0,1,0.4136791505739721,0.5847046142563399,0.001616235169687965
1,0,0.9586855538427272,0.041136754459209536,0.00017769169806325995
0,0,0.9454190270487577,0.0545358995839941,4.507336724835939e-05
0,0,0.8229550492476002,0.17678400068996594,0.0002609500624337737
1,1,0.13616998212215645,0.8570004064458092,0.006829611432034392
1,1,0.12641856913229313,0.8222128097794373,0.05136862108826951
0,0,0.8374308546398944,0.1619395557637293,0.0006295895963762351
0,0,0.5811967652567367,0.4180084939158627,0.0007947408274006131
1,0,0.581070598859223,0.418741200340903,0.0001882007998741007
1,1,0.19910008030486415,0.7947177110328039,0.006182208662332011
1,1,0.16828705188091,0.8307032150670465,0.0010097330520434569
0,0,0.8511505498722158,0.1485512198888087,0.0002982302389756092
1,1,0.24607519789096555,0.7521980843225099,0.0017267177865245733
1,0,0.5424133161233379,0.4573528918628,0.00023379201386205018
0,1,0.48225342553659384,0.5165512932176085,0.0011952812457976356
1,1,0.1960141964960346,0.7575363093589523,0.04644949414501301
2,2,3.127959198827501e-06,0.005912316860475981,0.9940845551803251
1,0,0.8982333144767992,0.10160887689841738,0.0001578086247835111
0,1,0.18935970181528988,0.8078504642780797,0.0027898339066304394
2,1,0.0009176614215911249,0.5407076632990434,0.4583746752793655
1,1,0.4785775456090763,0.518437281514006,0.002985172876917695
1,1,0.39467149286778763,0.6046914760579073,0.0006370310743050264
0,0,0.62975325723121,0.3699945737040635,0.00025216906472646784
1,1,0.12741030281463633,0.8702161369721331,0.0023735602132307462
1,1,0.04307533466369915,0.9537621347632407,0.0031625305730602258
1,1,0.4402928555294839,0.558570521613952,0.001136622856563974
1,1,0.10940753634105208,0.8800922195237209,0.010500244135227097
0,0,0.9339782443315495,0.06595785855699879,6.38971114516948e-05
1,1,0.3840413466454026,0.6134301469399334,0.00252850641466401
0,0,0.7514574254253572,0.2482666803387201,0.00027589423592259044
2,1,0.038351321600863755,0.8510422351604308,0.11060644323870548
0,0,0.6103454143373761,0.3890547812989768,0.0005998043636471043
1,1,0.115658689634231,0.8726168196043367,0.011724490761432204
0,0,0.5965514774008073,0.4030718387644368,0.000376683834755992
1,0,0.5239818703453339,0.47517173611669394,0.0008463935379721459
0,0,0.7630412339163366,0.23686689311375034,9.187296991301846e-05
1,1,0.0986216173341113,0.8984074254609429,0.002970957204945922
1,1,0.15368800296455534,0.844724573959372,0.0015874230760727194
0,0,0.9379976694564006,0.06192886169272646,7.346885087298013e-05
1,1,0.15708070527864576,0.8361678425508321,0.0067514521705220295
0,0,0.9677702048340291,0.031930518846224866,0.00029927631974592625
1,0,0.5166000905503466,0.48280461976261485,0.0005952896870385342
0,0,0.7529386767332278,0.24689266809564375,0.0001686551711283723
1,1,0.26397055089224747,0.7317794017806392,0.004250047327113355
0,1,0.4788073428113568,0.5192891294442851,0.001903527744358181
0,0,0.879060934292224,0.12061030229576275,0.00032876341201317405
0,0,0.920891216305464,0.07895193856268977,0.00015684513184611215
1,1,0.38733757727865775,0.6122956613487829,0.00036676137255930644
1,0,0.6759056847384094,0.32397695943557336,0.00011735582601734066
1,1,0.031423095828966977,0.9628346501916385,0.005742253979394698
0,0,0.7380176666692227,0.2601514170401693,0.0018309162906079489
1,1,0.19943956428958073,0.798204196211686,0.002356239498733285
0,0,0.7715827785693058,0.22825140427359283,0.0001658171571014003
0,0,0.7485683145388751,0.25090814508766607,0.0005235403734588503
0,1,0.15549793818815344,0.8417710075283314,0.0027310542835152153
1,1,0.06319725497087104,0.9332883204509699,0.0035144245781591242
1,1,0.3454423506903349,0.6540665796817033,0.000491069627961651
0,1,0.1554419964327028,0.8384776219011829,0.0060803816661142126
1,0,0.7255565554116911,0.2741987577723188,0.00024468681599010815
1,1,0.31481712726246946,0.6835223910238443,0.0016604817136862409
0,0,0.9701922565818718,0.02973401726662116,7.372615150702445e-05
0,0,0.7184328098250736,0.2811751030777912,0.00039208709713513615
1,0,0.8937470555743806,0.10598195237754605,0.00027099204807348536
0,0,0.664529865296446,0.3342416811263207,0.001228453577233302
1,0,0.7417571101852004,0.2581015733725383,0.00014131644226139325
0,0,0.7130535669603567,0.2866455006033802,0.0003009324362631735
0,0,0.8679648003883024,0.13127741180922742,0.0007577878024702578
0,0,0.8523776116087244,0.14746880463194406,0.0001535837593315102
1,0,0.5809872068320281,0.4164517436570423,0.0025610495109297696
1,0,0.56205736924141,0.43661271943664415,0.0013299113219457828
0,0,0.6786666319647612,0.31931580386666986,0.002017564168569063
0,0,0.8058594409907679,0.19220084894762657,0.0019397100616055003
1,0,0.6514277845737461,0.34833183446957067,0.00024038095668322816
1,1,0.16385162647556684,0.8343346577549531,0.0018137157694799696
1,1,0.14979715433979351,0.8486445431137735,0.0015583025464329131
0,1,0.48521936969555507,0.5095517899131745,0.005228840391270505
1,1,0.03725234047515289,0.9565945037811014,0.006153155743745737
1,1,0.47119307273385486,0.5272019280700508,0.001604999196094275
0,1,0.4232128928963965,0.5748615380041794,0.0019255690994241478
1,1,0.499417538465906,0.5000390027661795,0.0005434587679144585
1,1,0.20734562571394297,0.78813695633308,0.004517417952976924
1,0,0.8655463341146015,0.1342992273842478,0.00015443850115078072
1,1,0.061621012244224706,0.9317769028953113,0.006602084860464081
1,1,0.3475161324538391,0.6515680987429384,0.0009157688032223479
0,0,0.9816580358582049,0.01831346479665201,2.8499345142965917e-05
1,1,0.269357083703399,0.72849896646058,0.0021439498360211287
1,1,0.19139371385850068,0.8064622861808927,0.0021439999606066647
0,0,0.8455238062507457,0.15438926569683153,8.692805242268602e-05
1,1,0.19495835720627117,0.8027776230655695,0.0022640197281591406
1,2,0.01120689798255795,0.42215449525097365,0.5666386067664684
0,0,0.5055105986132549,0.4939236085059408,0.0005657928808042931
1,1,0.4149214974411047,0.5843229899321999,0.000755512626695564
1,1,0.4691047252399051,0.5290792340826448,0.0018160406774500304
1,1,0.15143867945861136,0.8448534164964385,0.003707904044950141
1,1,0.07146776776490354,0.9258092673220103,0.0027229649130861852
1,1,0.038428452524171666,0.9534760333824176,0.008095514093410593
1,1,0.17238010926499886,0.8240369737269372,0.0035829170080638037
1,1,0.16289800474632374,0.835480537029054,0.0016214582246222627
0,0,0.906391645527884,0.0896458026322152,0.003962551839900805
0,0,0.9121897960476546,0.08768664608132964,0.00012355787101575385
1,1,0.01645508998102881,0.9785970131879356,0.004947896831035526
0,0,0.7839956527646393,0.21590846668398053,9.588055138003197e-05
0,1,0.34353283093595255,0.654817100242827,0.001650068821220326
1,1,0.039018742453984255,0.9504202725212529,0.01056098502476289
1,1,0.03385188226761773,0.9591103590229013,0.007037758709480952
2,2,1.1072997345273446e-07,0.0002242901862133679,0.9997755990838133
1,1,0.0897228307666603,0.9080702490499973,0.0022069201833422643
0,1,0.2787450553981723,0.7198939235058599,0.0013610210959677511
1,1,0.18939573932925377,0.807506507195203,0.0030977534755431834
0,1,0.22978766733629308,0.7692470967856423,0.0009652358780645667
0,1,0.23583557834443297,0.7625096779183362,0.0016547437372306053
1,1,0.10958563590972366,0.8846111144259242,0.0058032496643520325
1,1,0.08752939716173543,0.9083955430137929,0.004075059824471882
1,1,0.385753019576303,0.6116331999496233,0.0026137804740738783
0,1,0.49782801934054427,0.5008101012047962,0.0013618794546596143
1,1,0.1411214570799819,0.8515731150413908,0.007305427878627266
1,1,0.35658768141349556,0.6423045852099418,0.0011077333765624432
0,0,0.9519863580702951,0.0477539167718118,0.0002597251578929626
0,0,0.5130525551474993,0.4839880900396069,0.002959354812893883
1,1,0.13656066194889846,0.8065458580745518,0.05689347997654982
1,1,0.15712193588195764,0.8387693917395074,0.004108672378534978
1,0,0.6927203849955053,0.30632581990467805,0.0009537950998167075
1,1,0.05640925603780928,0.939286697195166,0.004304046767024759
1,1,0.01187464175534016,0.9839453892858031,0.004179968958856727
1,1,0.15992025528560788,0.8364491884545295,0.0036305562598626068
0,1,0.20783998164677675,0.7905575948251601,0.0016024235280630743
0,0,0.6760500243553142,0.32349497143297196,0.000455004211713939
1,1,0.3314450582041691,0.6673035575020241,0.0012513842938068676
0,0,0.5890215129958095,0.4100180759749709,0.0009604110292194949
1,1,0.10753062068285577,0.8851077947093747,0.007361584607769437
1,1,0.13244840407929334,0.8204764971444273,0.047075098776279335
1,1,0.12317968935716767,0.8749466040288344,0.0018737066139980338
0,1,0.43686784931623873,0.5620682289549381,0.0010639217288231887
0,1,0.1943180815789228,0.803560177585301,0.0021217408357762754
0,0,0.5406767997144957,0.45873309862563677,0.0005901016598675219
1,2,0.0001599112862692223,0.2691721035742493,0.7306679851394815
0,0,0.6105190014582322,0.3879145489576306,0.0015664495841371958
0,0,0.5216541055129449,0.47628283914086184,0.002063055346193273
1,2,0.0008327650988237487,0.2732836634439506,0.7258835714572256
0,0,0.7956140729618686,0.20434634672360266,3.9580314528854754e-05
0,0,0.9105534348156237,0.08937074261084829,7.582257352799985e-05
2,2,3.633575767992651e-06,0.00037790756281431303,0.9996184588614178
1,1,0.39176934004777264,0.606511920558136,0.0017187393940914536
2,2,0.0032038587092684916,0.2165547564874521,0.7802413848032794
1,1,0.4977512412051111,0.5006305081278319,0.0016182506670568866
1,1,0.2984196548528035,0.6997295589617017,0.0018507861854946915
1,1,0.019571283008560945,0.9558481030451871,0.024580613946251887
1,1,0.10275278987384433,0.895056567440098,0.002190642686057789
0,0,0.6439799948687496,0.35561265735416164,0.0004073477770888468
2,2,6.0371076287819434e-05,0.1386768676626925,0.8612627612610197
1,1,0.16757414423548894,0.8297405496401997,0.0026853061243112867
1,0,0.5167456070659566,0.4793820216396088,0.0038723712944345305
1,1,0.3351195123897254,0.6607386720161594,0.004141815594115287
1,1,0.32389439597672,0.6740257091426,0.002079894880679919
0,0,0.6347889315103479,0.3644304039486357,0.0007806645410164306
1,1,0.14711658002262581,0.7831413852823988,0.0697420346949753
2,2,3.7024123752398686e-05,0.0559109779833949,0.9440519978928527
1,1,0.19899562914987315,0.7947363746882008,0.0062679961619260625
0,1,0.397569023437415,0.6002458960201343,0.0021850805424506897
1,1,0.10691304092078371,0.8914886016568156,0.0015983574224005925
0,0,0.6546102708106879,0.34482433563192577,0.0005653935573862757
1,1,0.22899439679411968,0.7691130466752706,0.001892556530609832
1,1,0.05099687099076232,0.8183864593833355,0.13061666962590215
0,0,0.9037506404831427,0.09596849190263937,0.00028086761421798633
0,0,0.7347956048079997,0.26493140140576477,0.000272993786235564
1,1,0.21682923440915655,0.7763131984262893,0.006857567164554161
0,0,0.710687112780395,0.28890101081376957,0.00041187640583540086
0,1,0.4344787647126431,0.5642751907605379,0.0012460445268189144
0,0,0.8907319864547049,0.10918586826736502,8.214527793013773e-05
1,1,0.3732092707908294,0.6250474012347924,0.0017433279743782526
0,0,0.5442389840746287,0.4550036063063675,0.0007574096190038668
0,0,0.6605924249266861,0.33921813967298386,0.00018943540033003781
0,0,0.8130932438188228,0.18665425400683222,0.00025250217434502885
0,0,0.6827205055772537,0.3167601353173786,0.0005193591053676896
1,1,0.3800531926456874,0.6112821191619163,0.008664688192396276
2,2,2.0473436833283236e-05,0.038270194258548954,0.9617093323046179
2,2,6.082043070771697e-09,0.001871638548031778,0.9981283553699252
0,0,0.9382778437773359,0.06167454030384854,4.761591881566362e-05
0,0,0.8567994635846414,0.14277017271696754,0.00043036369839109887
1,0,0.936053075366048,0.06385691136682585,9.001326712619395e-05
0,0,0.7069368709006941,0.2928775829193803,0.00018554617992567912
1,1,0.10992637451027908,0.8850990236736584,0.004974601816062465
0,1,0.4780721352346208,0.521272150088154,0.0006557146772253031
1,1,0.21191524611649543,0.7870946272806051,0.0009901266028994416
0,0,0.6203630387235188,0.3793134112818345,0.0003235499946467388
0,0,0.9335227410960444,0.06625015316702587,0.00022710573692964002
1,1,0.032780190290556344,0.9533088396767676,0.01391097003267617
0,0,0.6013409790435615,0.396301040709245,0.00235798024719349
0,0,0.9362166258820999,0.06369933169871474,8.404241918539555e-05
0,0,0.9413654224800266,0.05817433472508688,0.000460242794886477
2,2,9.761071632685656e-05,0.13219195067302816,0.8677104386106449
0,0,0.850259955621037,0.1478373740377298,0.0019026703412333792
2,2,0.0001100361340283629,0.32277303179285766,0.677116932073114
0,0,0.580481700064568,0.4191896019361888,0.0003286979992432049
0,0,0.889168931050101,0.1107576955200507,7.337342984825155e-05
0,1,0.022621842535437364,0.49752555422577427,0.4798526032387883
0,0,0.5715290516419137,0.42783030000733835,0.0006406483507479727
0,1,0.4565488783700863,0.5425935493708409,0.0008575722590726857
1,0,0.523603910707937,0.47576215555055984,0.0006339337415032128
0,1,0.4312694297009422,0.568005222509707,0.0007253477893509493
0,0,0.8123581658606464,0.18710011563494044,0.0005417185044130969
0,0,0.8197993452046317,0.1797909630092021,0.0004096917861661905
1,1,0.1478368905894983,0.8497298928016705,0.0024332166088310765
0,0,0.8594816321052919,0.14039730784340845,0.00012106005129948553
1,0,0.8095807117271687,0.17810192304430097,0.012317365228530289
0,1,0.4794037851356613,0.5191665656287383,0.001429649235600344
0,1,0.1806579273006859,0.816932599483366,0.0024094732159481652
0,0,0.673183242537143,0.32432252222697827,0.002494235235878663
1,1,0.1804155269520241,0.815309200827632,0.004275272220343988
2,2,0.0003234644314211472,0.09239447927042922,0.9072820562981496
1,1,0.4741426766865984,0.5247327463823646,0.0011245769310370421
1,1,0.22600647707248947,0.7672557338943587,0.006737789033151895
0,0,0.7069303326854488,0.29214746448929807,0.0009222028252531174
0,0,0.7633949379311591,0.23531826104737355,0.0012868010214674367
1,1,0.416055268406555,0.5786452431065895,0.005299488486855561
2,2,0.00012140395350812755,0.1271295946437167,0.8727490014027751
1,1,0.1477238302010302,0.8501386895583459,0.0021374802406238544
0,1,0.3383959821388884,0.6599714470996575,0.0016325707614541758
0,0,0.8303182821902703,0.16943488761209427,0.00024683019763546953
1,0,0.9273718988683556,0.07258660229620677,4.1498835437720714e-05
1,1,0.4741977656125115,0.5246676952245862,0.0011345391629022869
0,0,0.97635853552228,0.023404540965957725,0.0002369235117622777
0,0,0.5757488423835323,0.4229090725099174,0.0013420851065503695
0,0,0.7511653903152349,0.24820282015153095,0.000631789533234125
1,1,0.0595296950988551,0.9367216838407925,0.003748621060352466
0,0,0.7128786617873087,0.2869888579330359,0.00013248027965526968
1,1,0.21313328524900335,0.782864142060939,0.0040025726900577195
2,2,0.002879846524431202,0.14504610168030369,0.8520740517952651
0,0,0.6876920166793955,0.31196902747931643,0.00033895584128811567
1,0,0.5449570894585248,0.45401822118587687,0.001024689355598191
0,0,0.6970989569501036,0.302635384405526,0.00026565864437035953
0,1,0.4281907127929916,0.5701231611402235,0.0016861260667849476
0,0,0.7282668446581387,0.271422938000967,0.00031021734089432964
1,1,0.028329914365526454,0.9257410762787511,0.04592900935572245
1,1,0.02977304078899809,0.9665633329470573,0.00366362626394458
1,2,0.00028547772293108296,0.37256164715142015,0.6271528751256488
0,0,0.6098120910785554,0.38955957675122077,0.0006283321702238192
0,0,0.7385718389961825,0.25941456398295454,0.0020135970208630346
0,0,0.5268419863311217,0.47179775647828864,0.0013602571905896785
0,0,0.6364084644260765,0.3632109750744535,0.0003805604994700648
0,0,0.9782489498344354,0.021613463028350433,0.00013758713721398868
0,0,0.8314926420976418,0.168124237295144,0.00038312060721400605
0,1,0.034515924474197976,0.9623484724631851,0.0031356030626168005
1,1,0.15803556361522103,0.8404143002931675,0.001550136091611595
2,2,0.0009707742114638217,0.09813765992486367,0.9008915658636725
1,1,0.20873266932397938,0.7878580742290799,0.0034092564469407364
0,1,0.057341173484673484,0.897198993635032,0.045459832880294565
0,1,0.1018271240451243,0.8965248003688738,0.0016480755860018043
1,1,0.3190329704014165,0.6797995229262532,0.0011675066723303297
0,0,0.9323595834662521,0.0674097292748484,0.00023068725889940298
0,0,0.6793089584058034,0.3204628524322435,0.00022818916195321292
1,1,0.12267698195357371,0.8669526549634402,0.010370363082985916
1,1,0.17579209517173602,0.8172658694624501,0.006942035365813886
0,0,0.8612492424985301,0.13772578187655904,0.0010249756249108882
2,2,2.2642329679793733e-05,0.08452152970467532,0.9154558279656448
1,1,0.06442017415490837,0.9312596760861013,0.004320149758990323
0,0,0.6383776535792411,0.36140055668292387,0.00022178973783502836
2,2,0.00019918998320383468,0.3165788249258555,0.6832219850909407
2,2,0.020900066878513052,0.3724403870265976,0.6066595460948894
1,1,0.03000049272957456,0.9263108431004049,0.04368866417002052
0,0,0.5919517350700513,0.4076201260732262,0.000428138856722606
1,1,0.22728097301280667,0.7720727253084,0.0006463016787932509
1,0,0.5026723230819234,0.49618707565687964,0.0011406012611968976
1,1,0.05415910313595149,0.9420755660823904,0.003765330781658095
0,0,0.6962622385314247,0.3031737413918021,0.0005640200767731733
2,2,1.8364533188020905e-05,0.054020447732464776,0.9459611877343472
1,1,0.08052014377790445,0.914587841004706,0.00489201521738966
0,1,0.02930152166943027,0.9632851206074718,0.007413357723097944
1,1,0.3775169956369564,0.6213085877279978,0.0011744166350457907
1,1,0.25143311717340067,0.7447343531783512,0.0038325296482480367
1,0,0.6593231807732336,0.33920630588015926,0.001470513346607118
0,1,0.49369758583974216,0.5057325837667609,0.0005698303934969181
1,1,0.0535987279111204,0.8696315841892549,0.07676968789962461
1,1,0.04857512842081043,0.9483413036005856,0.003083567978603996
1,1,0.2581923975618378,0.7388551876793849,0.0029524147587771878
1,0,0.85917542514706,0.14035466219064008,0.0004699126622997869
2,2,7.879008738699863e-09,0.002068502948049544,0.9979314891729418
1,1,0.10611943546041162,0.8900592474541954,0.003821317085393109
1,1,0.042716916606252785,0.954501077403972,0.002782005989775047
1,1,0.15256570265195857,0.8464746345759612,0.0009596627720803063
1,0,0.7542382214917126,0.2450815251670309,0.0006802533412564416
1,0,0.8877634490166199,0.11216230382792619,7.424715545395546e-05
1,1,0.26196355644476,0.7373505885689042,0.0006858549863358488
0,1,0.08479777111234227,0.9129602406734874,0.0022419882141702595
1,1,0.04125244792237129,0.8519693368208001,0.10677821525682862
1,1,0.0733296542709759,0.9215803216349672,0.005090024094056896
1,1,0.29604797999047444,0.6966525888729126,0.007299431136612994
0,1,0.3357854143225627,0.6628120159248323,0.0014025697526050718
0,0,0.9020324541230433,0.09782378083364274,0.00014376504331405483
1,1,0.2559809916410956,0.7405026481371043,0.003516360221800035
0,0,0.6001056483343289,0.39971862830649124,0.00017572335917991901
1,1,0.259006106974593,0.7402582051707244,0.0007356878546825098
1,1,0.026325550099863836,0.9637523813010088,0.009922068599127405
1,1,0.12906986904153125,0.8189018343984739,0.05202829655999486
1,1,0.07556257871588774,0.8712785629462686,0.05315885833784376
1,2,0.000529206698668648,0.4576012576240906,0.5418695356772408
1,1,0.3012078830666915,0.6968021894568711,0.001989927476437399
0,0,0.7088873869951733,0.2908224132870003,0.0002901997178264004
1,0,0.73740488218917,0.26173500990696413,0.0008601079038657733
0,1,0.15269015823857404,0.8422274926498321,0.005082349111593791
0,0,0.8413124077077859,0.15860038287110814,8.720942110598157e-05
1,0,0.723556075957604,0.27593699584149006,0.0005069282009059297
1,0,0.5291757326085327,0.4703642724544017,0.0004599949370655333
0,0,0.9460177733130558,0.05358982122028184,0.00039240546666220884
0,1,0.18164793846825777,0.8165512840919804,0.001800777439761787
1,1,0.04592976463817494,0.9514830686193178,0.002587166742507336
0,0,0.7343027504910079,0.2655006241423637,0.000196625366628353
2,2,0.0001563663189872464,0.07979179564519974,0.920051838035813
1,1,0.08385383317185045,0.8544210470758058,0.06172511975234366
0,0,0.7743804827829514,0.2254272207709097,0.00019229644613896925
0,0,0.5090441656248349,0.48788592977008566,0.003069904605079389
1,1,0.3545039357972891,0.6445492745848239,0.0009467896178869317
1,1,0.06400754904416316,0.9308500734019932,0.005142377553843553
1,0,0.998753907269296,0.0010991072887969694,0.0001469854419070335
0,0,0.88869469615085,0.1111719921559026,0.0001333116932474066
1,1,0.266341619341777,0.7296297430807637,0.004028637577459304
1,1,0.30273710917481184,0.6946880136532478,0.0025748771719402886
0,1,0.37644477806081883,0.6218119871057017,0.0017432348334793276
0,1,0.4810557611104906,0.5180265527152282,0.0009176861742811865
1,1,0.25254388233002656,0.7464377793891317,0.0010183382808418113
1,1,0.3000142799812857,0.6974248421938287,0.0025608778248855106
1,1,0.07364503071739428,0.9232738957719924,0.00308107351061342
0,0,0.8197218859555945,0.17993945152176732,0.0003386625226383094
1,1,0.19449703680402866,0.8029571195632855,0.0025458436326859482
0,1,0.045493518860937714,0.949817085136662,0.0046893960024002946
1,1,0.10050367549014269,0.8975363929447403,0.0019599315651171205
1,0,0.5093400802681541,0.48970218997055015,0.0009577297612958453
0,0,0.7176523553565427,0.2821908038569117,0.0001568407865456066
0,0,0.6945252259330525,0.3051495222852379,0.0003252517817096566
1,1,0.1355858887026906,0.863106037503072,0.0013080737942372542
1,2,0.00035283578133206867,0.3592955542326483,0.6403516099860196
1,0,0.6401467142508537,0.3596786174339905,0.00017466831515597416
2,2,3.123087707450356e-06,0.041403587733305436,0.9585932891789871
1,1,0.0772855386698233,0.8688025188679934,0.05391194246218323
1,0,0.5937115567878766,0.40442589948216906,0.001862543729954442
0,1,0.2568228129523357,0.7396160766007097,0.0035611104469545304
0,0,0.8404388796443185,0.15895880446634475,0.0006023158893367969
0,0,0.5966043187714201,0.4029709906553211,0.000424690573258766
1,1,0.23636053756668168,0.7623019394410974,0.0013375229922210255
0,1,0.3997082108414061,0.5993854278474031,0.000906361311190932
1,1,0.08759704327479391,0.910032069557739,0.0023708871674669894
1,1,0.14524839874190307,0.8501202331038755,0.0046313681542213495
1,1,0.17593726645565683,0.8164062631342075,0.007656470410135668
0,0,0.5697613617725299,0.42966576006838086,0.0005728781590892414
1,1,0.15168093800273297,0.8402348378196935,0.008084224177573538
0,0,0.9247780872429013,0.07498064900252495,0.0002412637545737003
1,1,0.38661245837751435,0.6126785226543892,0.0007090189680964328
1,1,0.034973105926810515,0.9617772480308879,0.0032496460423013834
1,1,0.11751146576493601,0.8762257615753167,0.0062627726597472
0,0,0.939198205438622,0.05997947485938626,0.0008223197019917739
0,1,0.153676952484554,0.8417515148598519,0.0045715326555941915
0,0,0.789243105020656,0.2102525734796625,0.0005043214996815027
0,0,0.6776173243772439,0.32197372284172066,0.00040895278103553553
1,1,0.23808571001486586,0.7603451461623629,0.0015691438227712151
0,0,0.8193776358810643,0.18050553768573188,0.00011682643320378466
1,1,0.012470172142197403,0.9725828770427792,0.014946950815023535
0,1,0.41457283925516564,0.5839710430507765,0.0014561176940578635
0,0,0.7549602460541934,0.2448939535355731,0.0001458004102334734
0,0,0.8763675836699198,0.12357783049562866,5.458583445153063e-05
0,0,0.8410594156655596,0.1587761683150944,0.00016441601934595593
0,1,0.20006340101584247,0.7946549318178961,0.005281667166261381
0,0,0.8004859346200628,0.1991956057679829,0.0003184596119542852
1,1,0.18213317532924433,0.8049250845734903,0.012941740097265376
1,1,0.17804985200797888,0.8199346953829018,0.0020154526091193466
0,1,0.1421781572629636,0.8556173321446031,0.0022045105924332325
2,2,0.0012585331832587613,0.22186125111335145,0.7768802157033898
1,1,0.3601992166036455,0.6375437250339248,0.0022570583624298324
0,0,0.7580153943459864,0.24185545687190915,0.00012914878210443738
1,0,0.6545875964872779,0.3452758989756412,0.0001365045370807874
1,1,0.050775788734046264,0.9462872995640045,0.00293691170194937
1,1,0.06047032100987097,0.935380230997146,0.004149447992983012
1,1,0.2134408885694173,0.7835605846762692,0.0029985267543133276
0,0,0.5509631863544759,0.44802695241217727,0.0010098612333467889
1,0,0.7309046275138263,0.26842174503857896,0.0006736274475947604
1,1,0.01690619015684361,0.7727018977329686,0.21039191211018776
1,1,0.3176975220369378,0.6751156057152364,0.00718687224782574
1,1,0.3272247561767951,0.6712521476743294,0.0015230961488755912
2,2,0.0001866570674590993,0.11613192072440905,0.8836814222081317
1,0,0.5359914300762372,0.4637145364985162,0.0002940334252467998
0,1,0.18991228668540788,0.8085301351543861,0.0015575781602059457
0,0,0.6283199925439464,0.3707655462167613,0.0009144612392922623
1,1,0.3943334907625962,0.6034291895141985,0.0022373197232051214
0,1,0.21846008651910287,0.772021810012897,0.009518103468000036
0,0,0.6161558149947823,0.3829102674569049,0.0009339175483127622
0,0,0.5241686289316505,0.47548170121786437,0.0003496698504850688
1,1,0.3576878084643287,0.6334382663505469,0.00887392518512441
2,2,9.068644143552976e-05,0.10857453081764147,0.891334782740923
1,1,0.041547851514799686,0.9537847010068254,0.0046674474783749585
1,1,0.08149350356895632,0.9130364661566459,0.005470030274397688
1,0,0.6209883354748661,0.3780366264757829,0.0009750380493509587
1,1,0.19665298788019683,0.8005884739613873,0.002758538158415957
0,0,0.5327823663701279,0.46565561231369235,0.001562021316179802
1,1,0.3770803138088492,0.621201857207588,0.0017178289835628026
1,0,0.6865521404785732,0.31302942778669524,0.0004184317347315621
1,1,0.28445309169133665,0.7126061329381865,0.002940775370476896
1,1,0.15517410343805865,0.8408572251333762,0.003968671428565253
0,0,0.8039732811158308,0.1957448531440239,0.0002818657401452983
0,0,0.9993037777442337,0.0006114052768442359,8.481697892207157e-05
1,1,0.14147000748056243,0.8572471604181864,0.001282832101251163
1,1,0.4823732314029554,0.5171023975425257,0.0005243710545188034
2,2,0.003421267640035528,0.27771060992820285,0.7188681224317616
1,2,0.0005297583005028165,0.4735909981135162,0.525879243585981
0,0,0.9564802162722639,0.04331277093069063,0.0002070127970455568
0,0,0.8556904345688533,0.1442202708455572,8.929458558940915e-05
1,1,0.29153578791603535,0.7057789367645582,0.0026852753194065095
0,1,0.02777749869669505,0.5441257285816887,0.4280967727216162
2,1,0.06700074904632346,0.9190452757201595,0.013953975233516993
1,1,0.3725253703905957,0.6270424787096704,0.00043215089973392193
2,2,0.00043721296580222143,0.13378253842143437,0.8657802486127635
0,0,0.7186774226897705,0.2811604600206554,0.0001621172895740036
0,0,0.5386066620581733,0.4483737783515674,0.013019559590259449
1,1,0.45437682122718825,0.5449568735128918,0.0006663052599198368
1,0,0.5739539393687442,0.4257817401794515,0.0002643204518042878
0,0,0.9512248545636155,0.048578502759094255,0.0001966426772903945
0,0,0.5134474341992502,0.48029320988381285,0.006259355916936903
0,0,0.9986750114052587,0.001200982667511218,0.00012400592723010685
0,1,0.3386086449704272,0.6591333703109353,0.0022579847186375286
1,1,0.21654788484642654,0.7827294993234214,0.0007226158301521465
0,0,0.8168548922358496,0.1828373260149139,0.00030778174923653845
1,1,0.17594517400277146,0.8195836567171731,0.004471169280055503
0,0,0.8748546650512515,0.12505358793930801,9.174700944051834e-05
0,0,0.8607437397269591,0.1391835597966317,7.270047640932214e-05
1,1,0.014616165113913294,0.9688074869140539,0.01657634797203281
1,1,0.3245612279162668,0.6749688560184223,0.00046991606531096596
1,1,0.28445578372787095,0.7129582698569561,0.0025859464151728904
1,1,0.03852585743520378,0.9398368644924484,0.021637278072347676
1,1,0.08949055334443357,0.9080335540147333,0.002475892640833156
1,1,0.1117532217936047,0.8861819747505871,0.0020648034558081495
1,0,0.6483598756658485,0.3512787762871957,0.00036134804695567036
0,0,0.6638277170735178,0.3358072793304201,0.0003650035960621331
0,1,0.35468926456420097,0.6443191639354527,0.0009915715003463459
0,0,0.8250358821463434,0.17483826262889998,0.00012585522475664913
0,0,0.8404588783726779,0.1593422284121832,0.00019889321513890008
1,1,0.1094465003741806,0.8800454738048041,0.010508025821015232
1,1,0.09798779148482381,0.8994467508871038,0.002565457628072409
1,1,0.15609243052299254,0.8361419976563575,0.007765571820649868
1,1,0.191711373165364,0.8025312130757255,0.005757413758910616
1,1,0.2917801576941215,0.7067054354945844,0.0015144068112940136
0,0,0.7076092041687679,0.2922032306020751,0.0001875652291570104
2,2,0.00016437954288772203,0.31221827914474787,0.6876173413123644
0,0,0.690041985635275,0.30945174630083483,0.0005062680638902302
0,0,0.8214467992423233,0.17835536149786146,0.00019783925981521573
0,1,0.30501590386149535,0.6934148462704457,0.0015692498680590073
1,1,0.06217091933401841,0.9230596538539734,0.014769426812008234
1,1,0.07731648293921106,0.9122255693097477,0.01045794775104105
1,1,0.13815165271522595,0.8582551848261712,0.0035931624586027612
2,1,0.06015701425386232,0.6755149884133793,0.2643279973327583
1,1,0.0723441859842277,0.9253810726979557,0.002274741317816602
0,1,0.2900112405737331,0.7086420718501987,0.0013466875760682064
0,0,0.8366115757194365,0.16324206073596978,0.00014636354459371056
1,1,0.1469741629142678,0.8509556818501247,0.002070155235607412
1,1,0.4047137594109006,0.5929636011677323,0.0023226394213671443
1,1,0.25422396177251444,0.7430333170796645,0.0027427211478209946
1,1,0.28297228009059405,0.7092730424229723,0.007754677486433626
1,1,0.10203542416660091,0.8956194421394659,0.0023451336939332612
0,0,0.8555086157253637,0.14403845753276803,0.00045292674186829366
1,1,0.12030899674390848,0.8756770151607428,0.004013988095348724
0,1,0.22831974339814737,0.7684718741069193,0.003208382494933254
1,1,0.08460866887505093,0.9049522749828167,0.010439056142132284
0,1,0.04556458331076608,0.951085277257608,0.003350139431625995
1,1,0.0651123953449388,0.9309207562098702,0.003966848445190909
1,1,0.010285773066301091,0.975620558778616,0.014093668155082915
1,0,0.6138897495303057,0.38498536254385746,0.0011248879258367874
0,0,0.7830191830479308,0.21654340571563915,0.0004374112364300592
1,1,0.2717796743848313,0.7260685300703603,0.002151795544808436
2,2,0.0032931676110451915,0.22915634038668267,0.7675504920022722
2,2,0.0002496927537054194,0.2950175593073658,0.7047327479389288
1,1,0.025595609878302523,0.8574992895329678,0.11690510058872941
0,0,0.8739401535060108,0.12600784397534284,5.200251864622337e-05
1,0,0.6201267648453886,0.3796090856896418,0.000264149464969553
1,1,0.08979305764429193,0.906781196042813,0.003425746312894926
1,1,0.2513652732615008,0.7447902111702781,0.0038445155682209475
0,0,0.9485862822568641,0.05113219445670341,0.0002815232864323609
1,0,0.5568183836142736,0.4410807433201608,0.0021008730655655756
2,2,0.0005461152069204411,0.24051578298526757,0.7589381018078121
0,0,0.6312396679220387,0.3673390694050134,0.001421262672947883
0,1,0.43221848208134406,0.5656991748179747,0.002082343100681289
0,0,0.5922384502390494,0.40707218264003414,0.0006893671209163729
1,1,0.07017219941582213,0.8512767000696343,0.07855110051454357
1,1,0.33700248628726565,0.6620301683057006,0.0009673454070336795
0,0,0.7427247219524317,0.25714312145412116,0.0001321565934471389
1,1,0.03770904660225856,0.9541578353904105,0.00813311800733094
2,1,0.03240235973607616,0.8465102124017628,0.12108742786216105
0,0,0.815157690643713,0.18467223519362552,0.00017007416266141788
0,0,0.8491313682561225,0.15079381989994464,7.481184393293234e-05
0,1,0.03817016796958602,0.8542101461869088,0.10761968584350529
1,1,0.19027523853839012,0.8082150702713609,0.0015096911902489584
1,1,0.11359171016272582,0.8841058486078669,0.0023024412294072316
1,1,0.4775609211121799,0.5222173191109022,0.00022175977691779383
1,1,0.10954485216258669,0.8874159328332263,0.003039215004187046
1,1,0.020928880937857632,0.962448513248107,0.016622605814035324
1,0,0.7609045227353067,0.2388930755502469,0.0002024017144463593
0,1,0.28591422524720195,0.7129246622139565,0.001161112538841612
1,1,0.17789532031260358,0.8198966560024532,0.002208023684943227
1,0,0.5668086531461967,0.43265850684598844,0.0005328400078148063
1,1,0.16494195783518265,0.8329713879463607,0.0020866542184566016
0,0,0.9439802188147929,0.05594233344696171,7.744773824530302e-05
1,1,0.15529234565814617,0.8437047192112085,0.0010029351306453337
0,1,0.05105842153937104,0.9461700517382715,0.0027715267223574367
1,0,0.8063016861027639,0.19350508395168248,0.0001932299455536655
0,0,0.5912288684288165,0.40770341175772606,0.0010677198134573184
0,0,0.5727477020456366,0.42664476171927246,0.0006075362350908935
0,0,0.5217448883722062,0.4760251265744452,0.0022299850533487094
0,0,0.7188210624644491,0.2805295376110754,0.00064939992447541
0,0,0.7766535384278918,0.22290284069278082,0.00044362087932749394
1,0,0.6262317163026795,0.37263825759269353,0.0011300261046269953
1,1,0.3841113323593032,0.6146134298676945,0.0012752377730022746
0,0,0.5912722704734162,0.4077134940380698,0.0010142354885140285
1,1,0.2713945798982314,0.7250585217169359,0.0035468983848327093
0,0,0.9452937140847342,0.05464581703325393,6.0468882011893234e-05
0,0,0.946728558276659,0.05268154368720529,0.000589898036135647
1,1,0.09182634976615715,0.8421778384598733,0.0659958117739696
1,1,0.08742425759538545,0.8953196652456122,0.017256077159002396
0,1,0.17938926222820628,0.8193706059033897,0.0012401318684038994
0,0,0.5840596185205267,0.41573664524796905,0.0002037362315041387
1,1,0.17386051959339077,0.8244860380359391,0.0016534423706700766
0,1,0.28968368178330883,0.7053744022135299,0.004941916003161279
1,1,0.18629241369602087,0.8071770765305417,0.006530509773437293
0,0,0.8570303492304718,0.14243764468733677,0.000532006082191375
1,1,0.12492745887277337,0.8730050516757969,0.002067489451429782
1,0,0.7693023772662818,0.23039914774659967,0.00029847498711843275
1,1,0.3816403546590917,0.6133468522745765,0.005012793066331765
1,1,0.14300577422429947,0.8541276956389324,0.0028665301367682082
1,2,0.008337140114998934,0.30492563340001616,0.6867372264849849
0,0,0.9561604971359002,0.043269094310156755,0.0005704085539429569
1,1,0.22688247139546672,0.7678413534142408,0.005276175190292526
0,1,0.08264601605310669,0.9137566753460498,0.0035973086008435524
1,1,0.08875361638482612,0.9086515983679065,0.0025947852472674587
1,0,0.8301611830706024,0.16887727733470012,0.0009615395946974817
1,1,0.1318257126279509,0.8617971084084214,0.006377178963627617
1,1,0.07607445432670816,0.9213061787366561,0.002619366936635596
1,1,0.21024733841781384,0.7882122925803741,0.001540369001812202
0,0,0.6968459548881313,0.30295941730418097,0.00019462780768778214
1,1,0.47156938974031004,0.526769673543803,0.0016609367158869036
0,0,0.8724486991135559,0.1274433076281526,0.00010799325829143858
0,1,0.459930609127938,0.5336588258042769,0.006410565067785034
1,1,0.1126390785575903,0.8823417060850671,0.005019215357342446
2,2,2.2780083374880126e-06,0.008376393732649949,0.9916213282590126
0,0,0.7710913628320728,0.22869143696224123,0.00021720020568608226
1,1,0.40487321252243286,0.5934588074392448,0.001667980038322343
1,1,0.2345754450128948,0.7632758828648538,0.0021486721222513626
1,0,0.5591535018223157,0.44025309151486686,0.0005934066628173066
0,0,0.8340795831437875,0.16569805715494446,0.00022235970126810973
0,0,0.7976507463595015,0.2020792355234413,0.0002700181170572614
0,1,0.15596383922796686,0.8398996669317313,0.004136493840301664
0,0,0.947185025982411,0.05251838758409691,0.0002965864334920829
0,0,0.8529138105191721,0.14648029232990797,0.0006058971509199604
2,2,0.000126828486779661,0.20926068564839945,0.7906124858648208
0,0,0.5001423213433527,0.4995913014732181,0.000266377183429114
2,2,2.336945749055951e-08,2.479143835295205e-05,0.9999751851921895
1,0,0.7928631843582478,0.20691892527484856,0.00021789036690351388
0,1,0.1105902433297841,0.8836361454355384,0.005773611234677519
1,1,0.28668976242427896,0.7118944597318942,0.0014157778438268736
1,1,0.2901501811243847,0.7089751615382152,0.0008746573374001675
0,1,0.34011277054264755,0.6588614743915124,0.0010257550658400653
0,1,0.49346694018750925,0.5056055451546444,0.0009275146578462977
0,1,0.4881867407412828,0.5111955835188287,0.0006176757398885972
0,0,0.6058225227691107,0.3937470400108753,0.000430437220013881
0,1,0.16026864240673108,0.8379636143079537,0.0017677432853151034
0,1,0.46165809138099495,0.5379093294885002,0.0004325791305048311
2,2,2.5327581720717365e-06,0.009422846195409696,0.9905746210464184
0,0,0.7699014488641541,0.22947558220445427,0.0006229689313914926
1,1,0.3130044067478098,0.684996939192361,0.0019986540598292387
1,0,0.5147244328333384,0.48470708324661527,0.0005684839200462509
1,1,0.42990381124207766,0.5697572755972389,0.0003389131606836219
1,1,0.2239102230808161,0.7738335494678001,0.002256227451383643
1,2,0.0008764810726558804,0.26149219764757353,0.7376313212797706
1,0,0.5256550976315745,0.47285869954377174,0.0014862028246536453
1,0,0.5468217799241377,0.4526572286124184,0.0005209914634439052
0,0,0.7388100656144395,0.2607570022903538,0.00043293209520653257
1,0,0.5037558165578268,0.49545584250504626,0.0007883409371270422
2,2,9.9218532442371e-05,0.08548866515144699,0.9144121163161107
0,0,0.7217433097680998,0.278133399454462,0.00012329077743831668
1,0,0.7607903592343427,0.23911495226355853,9.46885020988589e-05
1,1,0.30226752298949244,0.6906473771320794,0.007085099878428259
0,0,0.8069253347947529,0.19255064359889684,0.0005240216063502308
0,1,0.4646035673382863,0.5346045199636672,0.0007919126980465013
1,1,0.13805762527052484,0.823832575862669,0.03810979886680611
1,1,0.059306972219612564,0.9380091104773558,0.002683917303031648
2,2,0.003393877190144232,0.17523434789697814,0.8213717749128777
1,1,0.13912121166188918,0.8581505440439935,0.0027282442941173645
0,0,0.5776695955938175,0.42168943783593155,0.000640966570251079
1,1,0.3468204251066187,0.640734245688389,0.012445329204992295
1,1,0.05591063176189275,0.9121196847330237,0.03196968350508356
1,1,0.34974183736394127,0.6481037267710723,0.002154435864986453
0,0,0.6922392323533805,0.30700654661111515,0.0007542210355045331
1,0,0.8058665282396702,0.1936372249145435,0.0004962468457862947
0,0,0.9517174655363493,0.04764073149944837,0.0006418029642022791
1,1,0.13589348571127724,0.852083734253706,0.012022780035016932
2,2,0.0004187775677858479,0.18385268833968235,0.8157285340925318
0,1,0.402059277230633,0.5966994823761383,0.0012412403932288004
0,0,0.7997140265236594,0.19996106679579256,0.000324906680547896
0,0,0.8627819607275165,0.13706304295442853,0.00015499631805481688
0,0,0.7956732224773794,0.20407149840845445,0.0002552791141661246
0,1,0.37854818352623676,0.6088196290448749,0.012632187428888362
0,0,0.9793433855889349,0.0204712990489211,0.00018531536214415114
1,2,7.347679267334595e-05,0.06476879642251125,0.9351577267848153
1,1,0.08613366185767286,0.8868484641339729,0.027017874008354304
1,1,0.0479326118251767,0.9468431322027958,0.005224255972027571
2,2,2.9685717780255716e-08,2.406657260116205e-05,0.999975903741681
2,2,7.575144730134163e-06,0.037596947928371705,0.9623954769268982
1,1,0.054929627470926265,0.9426051773095706,0.0024651952195032466
1,1,0.28971149182922057,0.7065744325661917,0.0037140756045878163
1,1,0.17772163315835676,0.8123261716995697,0.009952195142073518
1,1,0.03785867456365335,0.9587695881853381,0.0033717372510086935
1,1,0.3357568213878608,0.6613405654437193,0.00290261316841975
1,0,0.5865437265619386,0.41266922775659154,0.0007870456814697884
1,1,0.2450358919123405,0.7529266498474129,0.002037458240246731
1,1,0.14326838049349175,0.8470079171609167,0.009723702345591535
0,1,0.3488712027840832,0.6498902286853017,0.0012385685306150623
1,1,0.45954214672865057,0.5356536461033972,0.00480420716795222
1,1,0.3401673077319966,0.6574044721209578,0.002428220147045527
1,1,0.2584992738977942,0.7394726012188483,0.002028124883357527
0,0,0.9846402691726038,0.007316822280977068,0.00804290854641912
1,1,0.3453547489971456,0.6527589442805628,0.0018863067222917342
1,1,0.14994771757737121,0.8449863901652465,0.0050658922573823175
1,1,0.20064302244771193,0.7909870561253787,0.008369921426909439
0,0,0.7579275835544801,0.24192966095662233,0.00014275548889752798
1,1,0.054391277143253015,0.9432370840110627,0.002371638845684292
0,0,0.5898435442142173,0.4097318004578919,0.0004246553278908715
0,0,0.8526420955960364,0.14721682379422912,0.00014108060973434407
0,0,0.7189085325565292,0.28076664156452624,0.0003248258789445183
0,0,0.663475455022342,0.3355623839778736,0.0009621609997844331
1,0,0.9260000123829761,0.07301014022359582,0.000989847393428013
1,1,0.4072932420361184,0.591344824829752,0.0013619331341295994
1,1,0.10021298416680278,0.8462241724170892,0.053562843416107855
1,1,0.04059176531969141,0.561081225312163,0.3983270093681456
1,1,0.47978699656073964,0.5193995709937967,0.0008134324454636551
1,1,0.4642988564352868,0.5271566934312336,0.008544450133479514
1,0,0.6205461025430036,0.3792103782770926,0.00024351917990388157
1,0,0.6447709891338574,0.3548546145790127,0.0003743962871298346
0,1,0.26942581260818715,0.7174533511649767,0.013120836226836003
1,1,0.496484543829173,0.5022377293517558,0.0012777268190711762
1,1,0.2286250478911924,0.7669509200474371,0.004424032061370403
0,1,0.22870973189787647,0.7573476708243231,0.013942597277800449
1,1,0.21161306988291417,0.7877605371988496,0.00062639291823621
1,1,0.1379893664692882,0.8492732675560646,0.01273736597464715
1,1,0.18126175398667932,0.8166740706037524,0.002064175409568124
1,1,0.15080477553260183,0.8472597356059719,0.0019354888614264007
1,1,0.04109495975667014,0.8938200767929395,0.06508496345039037
0,0,0.6906580722620621,0.3092499088089561,9.201892898180079e-05
1,1,0.06784951107998549,0.9286371750657317,0.003513313854282583
1,1,0.0653289197976671,0.9245689055802618,0.010102174622071065
2,2,6.391755480623595e-05,0.1253086556330734,0.8746274268121204
0,0,0.9010178965014886,0.09806224833345391,0.000919855165057432
0,0,0.787814168653762,0.2117613389951806,0.0004244923510572937
1,1,0.14961384862764493,0.8463361571744359,0.00404999419791915
1,1,0.09258181829799685,0.9040878984692792,0.00333028323272396
1,1,0.005310939365704003,0.9847725047939441,0.009916555840351915
1,1,0.17226256275119858,0.8217808292148011,0.005956608034000309
0,0,0.5175316389131547,0.4815149963165307,0.0009533647703145669
1,1,0.0363272935880204,0.9596505531712851,0.0040221532406944215
1,1,0.21065875192025094,0.7876303200853536,0.001710927994395478
0,0,0.8589958031928974,0.1401417831503034,0.0008624136567991732
1,1,0.011056794124913399,0.9860446242159175,0.0028985816591691584
1,1,0.1304228841969195,0.8660019618460068,0.0035751539570737577
1,0,0.6386869392032449,0.3611615528724182,0.00015150792433704936
0,0,0.9415635841471948,0.057888893554545955,0.0005475222982591365
1,1,0.02868222120950014,0.9683234543883711,0.00299432440212867
1,1,0.39404693831678705,0.6044384878491308,0.001514573834082184
1,1,0.47857150604063464,0.5206709059758688,0.0007575879834965487
0,1,0.21687860953348473,0.7797850917307304,0.0033362987357849205
0,0,0.570088071411664,0.4294262210315137,0.0004857075568223289
0,0,0.7891210655486944,0.21077803430825684,0.00010090014304860531
2,2,1.6773878891680571e-07,0.00014996849466725299,0.9998498637665438
1,1,0.30417516979322956,0.6913107223992205,0.004514107807549839
0,0,0.8803841720883372,0.11804133106304483,0.001574496848617935
0,0,0.9785737636598545,0.021346755468042728,7.948087210273186e-05
1,1,0.057911386605401474,0.9352009815139991,0.006887631880599437
0,0,0.7823015292654358,0.21743009158444357,0.000268379150120762
0,0,0.8160662154505754,0.18368069096391434,0.0002530935855101774
1,0,0.7052954997965502,0.2939994131962303,0.0007050870072196462
0,0,0.8882823589489289,0.11164051906275821,7.712198831270126e-05
1,1,0.04315308692394378,0.9543201809056137,0.002526732170442428
1,1,0.11356310791781632,0.8849348948081918,0.0015019972739919302
1,1,0.25446972462582496,0.740223952625127,0.005306322749048051
0,0,0.8628387455408199,0.13710213464728221,5.911981189798353e-05
0,0,0.7775079993141412,0.22191544744258004,0.0005765532432787746
1,1,0.3532224559331955,0.6404474501352909,0.006330093931513643
0,0,0.5341203344342921,0.4650485129381688,0.0008311526275390735
1,1,0.09860896320540648,0.6385361251429055,0.2628549116516881
1,1,0.02527816311579575,0.9682329114788962,0.0064889254053078355
1,0,0.5783882382251915,0.42120617581112557,0.00040558596368300826
1,1,0.07199832822700637,0.9251855075324804,0.0028161642405132455
1,1,0.17034155070364182,0.8281581160123349,0.0015003332840232573
0,0,0.8373058611676919,0.16261479603315387,7.934279915410647e-05
1,1,0.24472123450979896,0.7519734500337989,0.0033053154564020373
0,0,0.9994091472872914,0.0005165909536157329,7.426175909292345e-05
1,1,0.06671310223443848,0.9273016726043622,0.005985225161199325
1,1,0.08835646024119916,0.9051261886409385,0.006517351117862203
1,0,0.5210441655845941,0.47878432905481433,0.00017150536059155883
1,2,0.0006021395446141791,0.15884210606624638,0.8405557543891395
1,1,0.020816995319286855,0.9747248608020839,0.004458143878629266
1,1,0.24779516336480137,0.748983389477843,0.003221447157355684
1,1,0.2185183054902962,0.7798038691332108,0.0016778253764931797
1,0,0.8357603731888732,0.16408399812920796,0.00015562868191873686
1,1,0.10982909260075671,0.887048197096297,0.003122710302946267
1,1,0.2028590790389983,0.7936572508266145,0.0034836701343872256
1,1,0.12266284887369822,0.8711392052510127,0.006197945875288976
2,2,0.004169450131140654,0.21892130157664136,0.7769092482922181
0,0,0.6311964430966746,0.36828402975599195,0.0005195271473335261
0,1,0.052560291750243994,0.9435227435532626,0.003916964696493444
1,1,0.07710009969437324,0.9203192383755254,0.002580661930101264
0,0,0.6646281762732592,0.33436432522714504,0.0010074984995956525
1,1,0.25895887651592947,0.739113608321557,0.0019275151625135676
2,2,0.00025996798040818,0.19830902499539077,0.801431007024201
0,0,0.8953206385668023,0.10452392028127093,0.00015544115192690265
0,0,0.8495062698732522,0.1503287539822939,0.00016497614445406826
2,2,0.00245984269641218,0.2683296897696643,0.7292104675339236
0,0,0.9791826677708234,0.020741952658796966,7.53795703797572e-05
2,2,0.00016296086324566971,0.22948100441796151,0.7703560347187928
1,1,0.31041417503626745,0.6879911951194577,0.0015946298442747948
0,0,0.9933861574522695,0.006603505996958822,1.0336550771547636e-05
1,1,0.25686279660120326,0.7217641155892219,0.021373087809574802
1,0,0.6398020401624496,0.35753841426488475,0.0026595455726657366
1,0,0.5204365558626177,0.4787494356682758,0.0008140084691064812
0,1,0.059761188456308595,0.9281702587105432,0.012068552833148083
0,1,0.26675626006980874,0.731859813693169,0.0013839262370222848
0,0,0.8219150579271883,0.17776435501894772,0.0003205870538638613
1,1,0.44813659435000425,0.5504104765300641,0.0014529291199315954
1,1,0.10308792921103666,0.8352758817008546,0.061636189088108626
0,0,0.7500094519474713,0.2494155309204594,0.0005750171320692907
1,1,0.15356732048976182,0.8450744185700407,0.001358260940197499
0,1,0.40650738957035915,0.5921755824783523,0.001317027951288484
1,0,0.619029676008399,0.3792021426644467,0.0017681813271544057
1,0,0.520120002035765,0.4767530515627029,0.0031269464015319867
1,1,0.34249031180126643,0.6565751860603629,0.0009345021383707006
0,0,0.8346573772446317,0.16518307736739882,0.00015954538796934817
1,0,0.6271556790365933,0.3725627953496843,0.00028152561372244355
1,1,0.2561508575607607,0.7239797593505435,0.019869383088695798
0,0,0.8033641059308358,0.19617385586688582,0.00046203820227828815
0,1,0.1635218007810892,0.8338164271444105,0.002661772074500153
0,0,0.6909077958314497,0.30884112325258356,0.0002510809159667389
0,0,0.7770506940052135,0.22286376830208907,8.553769269736178e-05
0,0,0.9568939004629474,0.042852078188314366,0.00025402134873822005
0,0,0.7521207623464591,0.24775123295092413,0.00012800470261692417
1,0,0.7250934095625433,0.2747989997951119,0.0001075906423449333
0,0,0.886265150579288,0.11161855485217904,0.0021162945685329945
1,0,0.7714484314001737,0.22806575134451487,0.0004858172553112923
1,1,0.11163521192917827,0.8850689872014804,0.0032958008693412975
1,1,0.42422605642218714,0.574642653655075,0.0011312899227377872
1,1,0.22491240683369285,0.7726429200569573,0.002444673109349677
1,1,0.055566195068292155,0.931259130964827,0.013174673966880891
1,1,0.24100384166614872,0.7565466507290352,0.0024495076048161287
1,0,0.7755983715364945,0.22393185563459,0.0004697728289155097
0,0,0.6607995774011813,0.33866406739459504,0.0005363552042236005
1,1,0.04796380585547739,0.8807186316964463,0.07131756244807644
1,1,0.1298085130596036,0.867528573311073,0.0026629136293233636
1,1,0.1238783773748757,0.8734455141781324,0.0026761084469918194
0,1,0.09785503461274922,0.894480173682432,0.007664791704818765
0,0,0.7318568590901945,0.2678839236735298,0.0002592172362756243
2,2,4.5444163874391975e-08,0.00014827422939152688,0.9998516803264446
1,1,0.17677377683609224,0.820029717399449,0.0031965057644588956
0,0,0.9710674305911794,0.02873881810386451,0.00019375130495614018
0,0,0.8886773576446634,0.11115500994158697,0.0001676324137496293
1,1,0.2080941295121428,0.7900202382425069,0.001885632245350224
0,0,0.510514754053556,0.48871194839263865,0.0007732975538054747
1,1,0.1530978536912621,0.84586527137775,0.0010368749309878408
1,1,0.04491352189082852,0.9416287393611182,0.013457738748053172
0,0,0.8612541856829111,0.13846140433194828,0.00028440998514071993
1,1,0.20653711228103386,0.7912970285435696,0.002165859175396316
0,0,0.7294828730630432,0.2703816869818641,0.00013543995509278448
1,1,0.12900849452319532,0.8400943399216345,0.030897165555170195
1,2,0.00017420784064397645,0.1158720512357957,0.8839537409235602
0,0,0.6848404599690691,0.3149684295252088,0.00019111050572208788
0,0,0.9402056066131075,0.05932963842622858,0.00046475496066392986
1,0,0.5477206097830832,0.4518842432027219,0.0003951470141948436
1,1,0.4424205665145874,0.5564750047475318,0.0011044287378809178
0,1,0.2632510256983284,0.7315939352746431,0.005155039027028499
0,1,0.09066241821259834,0.9074172880207353,0.001920293766666398
1,1,0.0211200536853723,0.9712560929592045,0.007623853355423062
0,0,0.5059690674169729,0.49236994915375903,0.001660983429268111
0,0,0.8334478378089071,0.16627452667580922,0.00027763551528361106
1,0,0.8300902470236793,0.16966989628785467,0.0002398566884661279
0,0,0.8224543017080927,0.17744226392500484,0.00010343436690258298
2,2,7.923905297656122e-06,0.13630204190517925,0.8636900341895231
1,1,0.09909002170636003,0.8620935857058439,0.0388163925877961
0,0,0.5995498285176472,0.40015904760086374,0.0002911238814890527
1,1,0.4881913752145094,0.5101464812925428,0.0016621434929477593
0,0,0.9931710139437842,0.006781180375430088,4.7805680785706475e-05
2,2,4.1521491219620004e-05,0.15223631803580323,0.8477221604729772
0,1,0.31499763730988023,0.6817149260518518,0.0032874366382680273
1,1,0.31408935624792833,0.6841219666213185,0.0017886771307529994
0,0,0.9786510451432119,0.02114486518102086,0.00020408967576709147
1,1,0.1911379901979526,0.8011069456795901,0.0077550641224572794
1,1,0.09803970963482751,0.8881601436617871,0.013800146703385347
0,0,0.7964121745994922,0.20335075077070094,0.00023707462980687558
0,1,0.15012782879560702,0.8143312703749772,0.03554090082941581
2,1,0.06019094416608142,0.8769968834194979,0.06281217241442072
0,1,0.4789906086702287,0.5200434423557433,0.0009659489740280839
1,1,0.21252844393965184,0.7782507787008573,0.009220777359490786
0,0,0.6634454483581588,0.3357602169858233,0.0007943346560180571
0,0,0.5455971149817752,0.454070957135493,0.0003319278827317998
1,1,0.2723914376391759,0.7255550998624225,0.002053462498401635
1,1,0.01522932044966171,0.8779815317331718,0.10678914781716639
0,0,0.8965922761527871,0.10314515746566917,0.0002625663815437369
0,0,0.8860287507591198,0.11389961373779899,7.163550308116627e-05
1,1,0.03000626541631604,0.8486877511905226,0.12130598339316123
2,2,0.00016043924755469998,0.1490135922760998,0.8508259684763455
0,0,0.7309196992634437,0.2688056843067285,0.0002746164298278027
0,0,0.9006479486885459,0.09880682269975084,0.0005452286117032366
0,0,0.6624804949405726,0.3373728159121961,0.00014668914723119512
1,1,0.30333474272459515,0.6937742151731774,0.002891042102227444
1,1,0.16163601525004398,0.8267831306421131,0.011580854107842865
0,1,0.15556302228779545,0.7983311856329501,0.04610579207925435
1,0,0.71592633090853,0.2833672055625865,0.0007064635288835354
1,1,0.001575560623308476,0.6372742150260841,0.36115022435060756
1,1,0.049641675875283627,0.9348927699418421,0.015465554182874095
0,0,0.8740376086559342,0.12587328716223745,8.910418182825211e-05
1,1,0.4379264296736194,0.5609877079544064,0.0010858623719742211
1,0,0.5370775523229976,0.4608680190424639,0.002054428634538534
1,1,0.45279041395162994,0.5393934868996386,0.0078160991487314
2,2,0.00013609052764532818,0.1700778061953558,0.8297861032769989
1,0,0.6512221354631144,0.34771147256386836,0.0010663919730173265
1,1,0.290833425759688,0.7076187829540941,0.0015477912862180419
0,0,0.9922909913203716,0.007699042561658097,9.966117970303137e-06
0,0,0.5441727673264102,0.4556735809676389,0.00015365170595098304
0,1,0.3765463270899681,0.6208171830460308,0.0026364898640010687
0,0,0.8892166683163668,0.11067623737239039,0.00010709431124288496
0,1,0.48332904695482604,0.5162811805993894,0.0003897724457844243
0,1,0.3739068177140937,0.625072531965392,0.0010206503205142988
1,1,0.4009886445127401,0.597462939595487,0.001548415891773031
1,1,0.06429648801740623,0.9304823803689098,0.005221131613683872
1,1,0.3353491910683622,0.6631093642944389,0.0015414446371988337
0,0,0.9093523467209571,0.09048931300416227,0.00015834027488039685
0,0,0.5797340150121786,0.4195756497028676,0.0006903352849539091
1,1,0.14250301659921524,0.8378075111364166,0.019689472264368353
0,0,0.6857236480735105,0.3141676311678559,0.00010872075863359346
1,1,0.10487701339838655,0.8841222278142868,0.011000758787326535
1,1,0.11221150535718347,0.8797202002125195,0.008068294430297072
0,0,0.9142420926082462,0.0856934365296044,6.44708621494313e-05
1,1,0.4683761544622982,0.5308677649896155,0.0007560805480862928
0,1,0.04889910321873526,0.8964357619826588,0.054665134798606026
0,1,0.49230053139941804,0.5070567301531465,0.000642738447435657
0,0,0.69238304341988,0.3074172250220841,0.00019973155803596182
1,1,0.05936972463670002,0.9364844774088402,0.004145797954459848
0,1,0.28009551064260546,0.7169815170617981,0.0029229722955963497
0,0,0.7277607108751091,0.27122731791799637,0.0010119712068946
1,0,0.6275341717347452,0.3674316076176639,0.0050342206475907925
1,1,0.06315811537111898,0.8909107866779318,0.04593109795094942
0,0,0.6920744968830201,0.3077528442961796,0.00017265882080018258
0,1,0.434727622084764,0.564051362414217,0.0012210155010190338
0,0,0.8144643459900328,0.1853165470179085,0.00021910699205875044
1,0,0.6327181184966344,0.36560103864327576,0.001680842860089899
0,0,0.9817625208960863,0.018154092279973617,8.338682394028571e-05
1,1,0.4793332654802699,0.5200689522816117,0.0005977822381183768
1,0,0.6200323102442092,0.379481185310738,0.0004865044450528757
0,1,0.45385235563810994,0.5445763329882725,0.0015713113736174928
1,0,0.5112666005094388,0.4883425133563069,0.00039088613425418314
2,2,1.1769564481537372e-08,0.001817890461659317,0.9981820977687761
0,0,0.8832155356277274,0.11660438815454563,0.00018007621772685354
0,0,0.6372056284996046,0.3622581985851212,0.0005361729152741567
2,2,0.0029167385140440225,0.16062178065152422,0.8364614808344317
1,1,0.22041931478490623,0.7783696184186084,0.0012110667964855002
0,1,0.18637043510315124,0.8103833363003206,0.0032462285965280534
0,0,0.9040369122103903,0.09558400575190829,0.0003790820377015895
1,1,0.05203005845669337,0.9415106557143594,0.006459285828947266
1,0,0.577115971607186,0.4222732227296192,0.0006108056631948071
0,0,0.5937571611081002,0.40579535554056745,0.0004474833513323262
0,0,0.8004162608465102,0.1991943624005941,0.0003893767528957374
1,1,0.43795633627029046,0.5612058973562504,0.0008377663734591449
2,2,1.8220770400770842e-07,0.02030487516644869,0.9796949426258473
1,0,0.8551321437952576,0.1444945897490137,0.0003732664557287016
0,0,0.791737759526747,0.20749324270121786,0.0007689977720351743
1,1,0.42956626865648456,0.5683378147273889,0.002095916616126574
2,2,0.0011828575128671464,0.1140715274782639,0.8847456150088688
1,1,0.058380526374458924,0.9313442852828535,0.010275188342687685
1,1,0.4035219520399301,0.595645778969205,0.0008322689908649463
1,0,0.7846969301285526,0.21510255015278779,0.00020051971865974326
1,1,0.40693465557644704,0.5874220745821878,0.005643269841365243
0,0,0.9881273184513668,0.011845207066649651,2.74744819835484e-05
1,1,0.2750048482069543,0.7228485963402009,0.002146555452844802
1,1,0.17529621884418745,0.8155159223492003,0.009187858806612199
1,1,0.020516019016240904,0.9011390325557017,0.07834494842805731
0,1,0.4803536112333299,0.5190740385337412,0.0005723502329287783
1,1,0.018659854657162817,0.9647506933291444,0.016589452013692666
0,0,0.7169734748104644,0.28289773557742615,0.0001287896121094682
1,1,0.34856898906757067,0.6504978680242318,0.0009331429081975384
1,1,0.08041338903900798,0.9169809047405322,0.002605706220459948
1,1,0.23972041352725604,0.7586851521317471,0.0015944343409968014
1,1,0.41781411548947056,0.5812087445913434,0.000977139919186007
0,0,0.7910692799003985,0.20877259457501063,0.0001581255245908596
0,0,0.570384531120281,0.42923373273405835,0.00038173614566068987
1,1,0.15374655968100084,0.8338074735652685,0.012445966753730678
0,1,0.3761997930762928,0.6233873324888991,0.00041287443480811034
1,0,0.776320097058309,0.22359742957576711,8.247336592394217e-05
0,0,0.7270126352234213,0.27263028203906764,0.0003570827375112125
1,0,0.5661507406910868,0.4334154973157442,0.0004337619931689296
1,1,0.23620006819687253,0.7609965464367765,0.002803385366351125
1,0,0.5731811544513354,0.426130912465984,0.0006879330826805938
0,1,0.36813893889344856,0.6232100659541948,0.008650995152356669
0,1,0.42597400521554246,0.5730186981325701,0.0010072966518874943
0,1,0.3473027514599961,0.6516502056770112,0.0010470428629926433
1,1,0.06350270679881789,0.860026598024508,0.07647069517667408
1,0,0.682719812891966,0.31662916381077016,0.0006510232972637488
0,0,0.6410784268613107,0.355343439054335,0.003578134084354283
0,1,0.18154576437309836,0.8145220190218481,0.003932216605053509
1,1,0.04034247095568562,0.9558459570760598,0.0038115719682546376
0,0,0.8014337083366462,0.19814905794778084,0.00041723371557298437
0,0,0.9622218460339047,0.037562108923174485,0.00021604504292070485
1,1,0.143885545118391,0.8540215477354365,0.0020929071461723873
2,2,0.00030636608183066423,0.1614787556978004,0.838214878220369
0,0,0.7096799601444279,0.29011789035538177,0.0002021495001903567
0,0,0.8999883578524384,0.09967244115778319,0.00033920098977839716
1,1,0.40870484483344444,0.5900890418554591,0.0012061133110963659
1,1,0.11024443219639228,0.8880106009785473,0.0017449668250602494
0,0,0.95571084138982,0.04404142225494558,0.0002477363552345939
1,2,0.0006439238555014573,0.33833443879676545,0.6610216373477331
0,0,0.7142556872593239,0.2854896474764465,0.000254665264229577
1,1,0.03601371976685466,0.893517203388474,0.07046907684467128
0,0,0.7883086250117838,0.2113445876849156,0.0003467873033004376
0,0,0.780817668441375,0.2188443190681318,0.000338012490493258
0,1,0.16638224437294757,0.8244740802551995,0.009143675371852867
1,1,0.12276761565742278,0.8728029492145721,0.004429435128005061
1,1,0.31885277519728894,0.679346862972925,0.0018003618297860735
0,0,0.7091517287707009,0.29019660134567005,0.0006516698836291913
0,0,0.700869299627797,0.29875290451826036,0.00037779585394272106
0,1,0.38985684855469604,0.6077311998664092,0.002411951578894897
1,1,0.28623047936911583,0.7127488966952652,0.0010206239356189866
1,1,0.10083904319672725,0.8961760696747949,0.002984887128477869
1,1,0.11347280089701284,0.8853360785282238,0.001191120574763265
0,0,0.7260654420732631,0.27363362363059496,0.00030093429614209835
0,0,0.630485946025883,0.36937308703469013,0.000140966939426752
1,1,0.08213831672758289,0.9160567752128731,0.0018049080595439542
1,1,0.19226104295520569,0.8060014050760061,0.0017375519687882002
0,0,0.699838094340516,0.29967141977892714,0.0004904858805569836
0,0,0.8813524523363268,0.11855644688778504,9.110077588820951e-05
0,0,0.6951740782462427,0.3046651735555447,0.0001607481982127064
1,1,0.18134914610930372,0.816441812897374,0.0022090409933223
0,0,0.8156943541391873,0.18406352825425934,0.0002421176065533519
1,1,0.2405307926886411,0.7530304954156756,0.006438711895683457
1,0,0.5959738242297914,0.40369259784122347,0.0003335779289852152
1,1,0.09305817707534071,0.8986367719125564,0.008305051012102833
1,0,0.7585916376333318,0.24106585285139168,0.00034250951527652746
1,0,0.8169164527164309,0.18285306577562832,0.00023048150794074656
1,1,0.45964933236738886,0.5369168621548217,0.0034338054777894437
0,1,0.40157156083142126,0.5956249934287323,0.002803445739846302
0,0,0.5620912328046098,0.4371723278478786,0.0007364393475115922
1,1,0.14072431985328537,0.854391981242224,0.004883698904490577
1,1,0.24225905820567356,0.755921375176408,0.0018195666179184205
1,1,0.16926202723711414,0.8289621122397666,0.0017758605231192014
0,0,0.6697877523321599,0.3294579639485893,0.0007542837192508197
1,1,0.08007801310388678,0.9146976314282284,0.005224355467885126
1,0,0.5133356759163878,0.4852171079181855,0.0014472161654267208
0,0,0.8246743456876969,0.1751134224196295,0.00021223189267350687
1,1,0.10425374564871145,0.8917560989946263,0.003990155356662225
1,1,0.23853963465420827,0.7576349819694467,0.0038253833763449764
1,1,0.33738600513511746,0.6614370072753069,0.0011769875895755975
0,0,0.6537318360346366,0.34593049460963343,0.00033766935573005546
0,0,0.5090001344170788,0.49000840525295647,0.0009914603299647333
1,1,0.2147288525021713,0.7829786003597102,0.0022925471381185993
0,0,0.6214704974189673,0.37799906470234046,0.0005304378786920854
1,1,0.07208087748891154,0.9250234789108992,0.0028956436001893278
0,0,0.8435630017707602,0.15400579664331518,0.0024312015859245814
0,0,0.9877991726487866,0.012183969455357456,1.6857895855917655e-05
0,0,0.743836310662283,0.2554693954138324,0.0006942939238846816
0,0,0.9527524382242251,0.047119727589893835,0.000127834185881146
0,1,0.3941076925411602,0.6043800507807215,0.0015122566781182708
0,0,0.9624942933733748,0.037319621207180076,0.00018608541944513754
0,1,0.4863560537033122,0.5125841124086102,0.0010598338880774894
0,1,0.4978655379596784,0.5008744874664552,0.0012599745738663076
0,1,0.3736569576893445,0.6250980317961228,0.001245010514532758
1,1,0.16526406448365952,0.8252378901443096,0.009498045372030887
1,1,0.0471285037419062,0.9480709741985057,0.004800522059588006
1,1,0.21526588393907614,0.7819768375291771,0.002757278531746788
1,1,0.1748141506011574,0.8224623470239335,0.0027235023749090956
1,1,0.02728848869744529,0.9661209093244684,0.006590601978086349
0,0,0.6994830831953669,0.2995086335857751,0.0010082832188579088
2,2,0.000692941408093995,0.11235076786951201,0.886956290722394
1,1,0.3983652018735278,0.6001248528816755,0.0015099452447965398
1,1,0.29286393619322426,0.7049184566783818,0.0022176071283939586
0,0,0.6200494955872116,0.37951902568085805,0.0004314787319303627
2,2,1.3982528985622107e-05,0.05147829227417799,0.9485077251968363
2,2,0.0003314281577573563,0.1526512467042652,0.8470173251379773
0,0,0.7346857533860033,0.2644130585979678,0.0009011880160287547
0,1,0.32803489225004895,0.6689559787437301,0.0030091290062208603
1,1,0.08971725446836981,0.7634999211577517,0.1467828243738785
1,1,0.45659054331568,0.5429659156371532,0.0004435410471666715
0,0,0.5806593968733625,0.4187040036168302,0.0006365995098072926
0,1,0.22981599862283628,0.7694561795741962,0.0007278218029673914
0,0,0.6078981621243555,0.3915617179022207,0.000540119973423574
1,2,0.0013397258430426853,0.3183074670666912,0.680352807090266
1,1,0.09657353628992602,0.8976404521532495,0.005786011556824607
1,1,0.09173112489632287,0.8790015888388385,0.029267286264838776
0,0,0.5234497854037579,0.47633909420847587,0.00021112038776624137
1,1,0.05208360048769032,0.9452650299592047,0.002651369553104841
0,0,0.7223658668738568,0.27629554956014546,0.001338583565997729
1,1,0.23647342344676028,0.7627349699511176,0.0007916066021221025
1,1,0.46046991304334606,0.5384768081859029,0.001053278770751097
0,1,0.24327462139133155,0.7536120588921761,0.0031133197164923245
0,0,0.7341681080613504,0.265706515566065,0.00012537637258465655
0,0,0.9267908909834043,0.07304992340609534,0.00015918561050041474
0,0,0.7813197697320264,0.2185147381175302,0.00016549215044334395
1,1,0.22778938338900498,0.7695014321074025,0.0027091845035925174
1,1,0.03408611341673234,0.9583797881365729,0.007534098446694893
1,1,0.16241814055753118,0.8336003957145501,0.003981463727918829
0,0,0.960806350907858,0.03916722768503439,2.6421407107611626e-05
0,0,0.5217747643616425,0.47783924629172464,0.00038598934663291236
1,1,0.3652876885856692,0.6337944119607126,0.0009178994536182966
1,0,0.6046146519679044,0.39310985800179316,0.0022754900303023967
1,1,0.43828020254026034,0.5603489834378552,0.0013708140218845115
0,1,0.2981471166209609,0.6926513243805851,0.009201558998453947
1,1,0.04852632655342676,0.9477342339283387,0.0037394395182345098
2,2,1.721551517786788e-07,5.4689395361110676e-05,0.9999451384494872
1,0,0.8305303777255988,0.16931006943785756,0.0001595528365437682
1,1,0.051868562872108726,0.9457684580733792,0.002362979054512232
1,0,0.8288431885446516,0.1707266266301148,0.0004301848252336964
2,2,0.001561080697817955,0.17421203402987476,0.8242268852723074
2,2,3.7071755226723195e-07,0.014389214316156971,0.9856104149662908
1,1,0.44210125988795024,0.557538273528894,0.0003604665831557912
1,0,0.9092801955581555,0.09066793654905946,5.1867892784977284e-05
0,0,0.8978378728000351,0.10214048656722302,2.1640632741998485e-05
1,1,0.13743544841323405,0.8603703260877701,0.0021942254989958045
1,0,0.5159947075097054,0.4828326204420185,0.0011726720482759865
1,1,0.09828067596646055,0.8924845649232183,0.009234759110321207
1,0,0.5149989214830322,0.4829653991622051,0.0020356793547627004
0,0,0.6776760098236937,0.32148169484015743,0.0008422953361489139
1,1,0.1563335855262061,0.842576508316872,0.001089906156921762
1,1,0.048433811556525944,0.9481599809434574,0.0034062075000166722
0,1,0.2950919781966175,0.7031787528040316,0.0017292689993509097
1,1,0.037122171836267065,0.8841623810079459,0.07871544715578702
0,0,0.8774232324406172,0.1218399040390963,0.0007368635202866622
1,0,0.6126874793631828,0.3860118387885695,0.0013006818482475709
1,1,0.3764719974994943,0.6219687024391657,0.0015593000613400966
1,1,0.028687903591488647,0.964653154027797,0.0066589423807142355
0,1,0.1421464390676139,0.8436432734645458,0.01421028746784009
1,1,0.17522404262606192,0.8231005047536957,0.0016754526202424752
0,0,0.8724513478882184,0.12745446082304626,9.419128873527556e-05
0,0,0.864626325853874,0.1352762313019077,9.744284421835162e-05
1,1,0.10340414078411174,0.894471927918152,0.0021239312977360675
1,0,0.6405190735094668,0.3591687168267978,0.0003122096637354336
0,0,0.7764712405777271,0.22308533365457142,0.00044342576770140863
0,0,0.6940679985710475,0.30523461478519237,0.0006973866437601332
1,1,0.20354762372108204,0.7926818280272743,0.003770548251643508
1,2,0.010052073434686701,0.445999785496753,0.5439481410685604
1,1,0.03764229866880946,0.8460711864289968,0.11628651490219388
0,1,0.25671318341077304,0.7334274390370507,0.009859377552176246
0,1,0.3530725099864035,0.6421136968662644,0.004813793147332116
1,1,0.20925377196942935,0.7885552445993559,0.002190983431214819
1,1,0.35526493829951067,0.6434303743352868,0.00130468736520265
1,1,0.23122746880047246,0.7673137030311133,0.00145882816841409
1,1,0.21380390490290346,0.7842286877850343,0.00196740731206235
1,1,0.36185954005051324,0.6374065438489135,0.0007339161005732273
1,1,0.09090237473749994,0.8975901290360687,0.011507496226431399
1,1,0.25528322525813874,0.7406771765097321,0.004039598232129082
1,1,0.2335268835474082,0.7611983084489751,0.0052748080036167395
0,0,0.6975318447035745,0.3021934037058913,0.000274751590534184
1,1,0.047449823318730024,0.8476278354770078,0.10492234120426208
1,1,0.23434320524719277,0.7631445594781586,0.0025122352746485754
2,2,3.2777559178240494e-06,0.015265200903316706,0.9847315213407656
0,0,0.6333464048699593,0.36588267591323476,0.000770919216806112
1,1,0.42148220612092746,0.5781157049667532,0.0004020889123191742
0,0,0.6671024416306001,0.3326874828345825,0.00021007553481752932
1,1,0.3661335054290546,0.6334129812674094,0.0004535133035358787
1,1,0.0370558012793246,0.5377977107440216,0.42514648797665383
1,1,0.10858263265537506,0.888788440213162,0.002628927131462863
0,1,0.2742597572894448,0.7249472161477082,0.000793026562846984
1,1,0.16856902277199096,0.8231059530225737,0.008325024205435332
0,1,0.4327368058131875,0.5629008812188839,0.004362312967928516
1,1,0.08311940807217306,0.9141872771891787,0.002693314738648121
0,0,0.8650572413273918,0.13479660578389874,0.00014615288870957046
1,1,0.11791271215058564,0.874207302477227,0.007879985372187454
2,2,3.013384851350603e-05,0.05831465430334613,0.9416552118481403
1,0,0.7974059921894193,0.202277069026061,0.0003169387845196575
1,0,0.5523544390300776,0.44625233271419684,0.0013932282557255712
0,0,0.7579470410811356,0.23977263237422086,0.0022803265446436323
0,0,0.5595959195227355,0.44021716129965366,0.0001869191776109328
0,0,0.5588389042601535,0.4408554503184073,0.0003056454214391066
0,0,0.768472025096296,0.23143034350423533,9.763139946862482e-05
1,0,0.65426799426799,0.3454161531464655,0.0003158525855444537
1,1,0.2088440399654356,0.7853779955942394,0.005777964440324988
1,1,0.3947149800790136,0.604471163081512,0.000813856839474176
1,1,0.1972376146142046,0.8018171343020081,0.0009452510837872675
1,1,0.2230637280482107,0.7727731593959091,0.004163112555880153
0,1,0.4678631065704975,0.5292222465729833,0.002914646856519218
0,1,0.49356485291561486,0.5040305321274372,0.0024046149569479595
1,1,0.011261019032655186,0.9759088687029507,0.012830112264394226
1,1,0.08746530078849785,0.8852925770389753,0.02724212217252686
1,1,0.08213683854046448,0.9153785107428488,0.002484650716686518
1,1,0.13612810823592694,0.8609907349730243,0.0028811567910488355
1,0,0.8340121562454903,0.16577818584699217,0.00020965790751758273
2,2,6.0805460241676236e-05,0.06068941922524764,0.9392497753145106
1,1,0.08757037579849584,0.9102013393518174,0.0022282848496868964
0,1,0.2868888716533856,0.7115791673759544,0.0015319609706599825
1,0,0.5807494796692731,0.418759371108506,0.0004911492222209238
1,0,0.7535030053825696,0.24568455787602975,0.0008124367414006255
2,2,8.369316666768622e-06,0.055437449888491676,0.9445541807948415
0,1,0.45413372126785523,0.5455244285721297,0.00034185016001512245
1,1,0.20580962457265833,0.7836497728063865,0.01054060262095503
1,1,0.045179952178279456,0.9496891739789104,0.005130873842810261
1,1,0.27704923948275706,0.7216018844926537,0.001348876024589296
0,1,0.4282996501893228,0.5700145569208177,0.0016857928898594983
0,1,0.18167922290203523,0.811227043698215,0.00709373339974992
1,1,0.04949236781270244,0.9461647915766246,0.004342840610673061
0,0,0.9100771522059579,0.08976826921139018,0.0001545785826520349
2,1,0.031930160865942525,0.8098065765744132,0.1582632625596441
1,0,0.6690010224643043,0.33013691797741546,0.0008620595582803992
1,1,0.3224222138979597,0.6760547812286153,0.0015230048734250438
0,0,0.7417170794837933,0.2580049714571243,0.0002779490590825782
1,1,0.09673201616327562,0.897474861623363,0.005793122213361461
1,1,0.11878965527762272,0.8460927467029546,0.03511759801942273
1,1,0.1587671201372225,0.8372033963825426,0.00402948348023489
1,1,0.11028433222462067,0.8883360107014133,0.001379657073965911
0,0,0.9677485858189941,0.031766758339418256,0.00048465584158771473
0,0,0.7047659683484803,0.29462789730276434,0.000606134348755324
0,1,0.08378130124116766,0.9140483806822719,0.0021703180765605097
1,1,0.2148519300431563,0.7837770663056968,0.0013710036511469488
1,1,0.26140188479746357,0.734744862035311,0.003853253167225519
1,0,0.7421859847295239,0.2576061680851582,0.00020784718531791985
1,1,0.1702769849224265,0.825210393909972,0.004512621167601438
0,0,0.9640455972802154,0.03570317281685162,0.00025122990293291925
2,2,3.219984775968557e-05,0.11678272549922052,0.8831850746530199
0,0,0.5672097721114531,0.4318134755763154,0.0009767523122315598
0,0,0.9207946157137538,0.07908413321613819,0.00012125107010804225
1,1,0.08524577021414428,0.9123429499218872,0.0024112798639684386
0,0,0.6923836238660688,0.30729362135802485,0.000322754775906458
1,1,0.17842902134750077,0.8201483308869086,0.001422647765590572
0,0,0.8741115409429475,0.12578179401117018,0.00010666504588225658
1,1,0.21859810879219171,0.7785971479069089,0.002804743300899333
1,1,0.2986937439370023,0.6973832416307078,0.0039230144322899285
0,0,0.9995472974401146,0.0003459876034707712,0.00010671495641464436
1,1,0.0909551336735586,0.8994448664159059,0.00959999991053534
1,1,0.17280400056909254,0.8257553593619416,0.0014406400689658799
0,0,0.6437419005797109,0.35593564951914236,0.0003224499011467499
1,0,0.8543218053802004,0.14523531311500165,0.00044288150479792634
0,0,0.938959239975704,0.060987033129462596,5.3726894833271995e-05
1,1,0.031575696287556534,0.9607817489654809,0.007642554746962586
2,2,3.336994128576467e-06,0.013654581675023168,0.9863420813308482
1,1,0.4982900731941046,0.49964380792195023,0.002066118883945111
0,0,0.8338765733861714,0.1657246078591057,0.0003988187547229466
0,1,0.04576494622171106,0.8858224236091528,0.06841263016913617
1,0,0.684227350178984,0.3154453605527216,0.0003272892682943489
0,1,0.050070687795727035,0.8711821851351123,0.07874712706916061
1,1,0.47359317840342074,0.5258271010544391,0.0005797205421401441
1,1,0.11071207072915057,0.8809649562951463,0.00832297297570305
1,1,0.3770833962734511,0.6218526842821517,0.0010639194443971217
2,2,0.0038372224263351572,0.29354225779537274,0.7026205197782921
1,1,0.2577495422620324,0.726184055550652,0.01606640218731556
1,1,0.1338325860481273,0.8647615985690079,0.0014058153828646837
0,0,0.7236655972868575,0.2753392464693898,0.0009951562437526618
1,1,0.07886123199275412,0.9143234034606139,0.006815364546631907
0,0,0.5231643449420235,0.47667517031140477,0.00016048474657174165
0,0,0.6274611524268923,0.3723568757498213,0.00018197182328649506
1,1,0.1147719464104578,0.8816089712062417,0.003619082383300656
1,1,0.13182860586919992,0.8588400159951176,0.009331378135682581
1,1,0.2863292877271492,0.7114581134937259,0.002212598779124864
0,1,0.23316847132706794,0.7628395297379352,0.003991998934996765
1,1,0.4803596177219587,0.5177242424892441,0.0019161397887972225
1,0,0.5087343935750434,0.48932962008684666,0.0019359863381099747
0,0,0.9577540968502849,0.04209274637562356,0.00015315677409165926
1,0,0.65780097482824,0.340233342548035,0.00196568262372502
1,1,0.4828314537903941,0.5165451073437625,0.0006234388658433671
1,1,0.15423778059220375,0.8404092582045641,0.005352961203231943
1,0,0.7614915936614033,0.23808335883597298,0.0004250475026237365
1,1,0.04804022472881607,0.9495226302554397,0.0024371450157442925
0,1,0.248353629517847,0.7495034871556107,0.002142883326542421
1,0,0.6835622345028206,0.3162185736620492,0.00021919183513011446
1,1,0.16951628700138582,0.8271009072393118,0.0033828057593023415
1,1,0.3968204393989448,0.6019668586235534,0.0012127019775018957
1,0,0.6122340163242023,0.38713987812828116,0.0006261055475165274
1,0,0.5875050355739779,0.40747245085611056,0.005022513569911598
0,0,0.8411229827867815,0.15661878339692648,0.002258233816291987
1,0,0.6577382677936341,0.3407308837839067,0.0015308484224592427
0,0,0.6942452346888313,0.3056396381021831,0.00011512720898580548
1,1,0.030035293385445055,0.9652146278757486,0.0047500787388064
0,0,0.9985248105130741,0.001148342169853743,0.0003268473170722383
1,0,0.6494738736437083,0.3502963938647272,0.00022973249156435356
1,1,0.14297049634464554,0.852459144212761,0.004570359442593267
0,0,0.9858247054988671,0.01414624149398851,2.9053007144128965e-05
1,1,0.3102716792324628,0.6881572871811459,0.001571033586391187
0,0,0.8565728941565725,0.14329907562559316,0.0001280302178343367
1,1,0.03922898640398914,0.9392928955083342,0.021478118087676683
1,1,0.1189067668165152,0.8786673076162974,0.002425925567187452
0,1,0.45544251485681275,0.5432973177564626,0.0012601673867246796
1,1,0.18491743347216213,0.809808203665427,0.005274362862410916
0,0,0.903949144881498,0.09596291295059065,8.794216791137105e-05
0,0,0.931725124100247,0.06791313968679522,0.00036173621295778593
0,0,0.7836768301602922,0.21619679326587626,0.00012637657383154203
1,0,0.6697212249927929,0.3299842153131659,0.00029455969404128745
1,0,0.5511232011350092,0.4482257243877581,0.00065107447723277
1,0,0.6240860660092319,0.3755901243398922,0.00032380965087604435
1,1,0.3750028443714001,0.6238175982747447,0.0011795573538551738
1,1,0.14207848359508823,0.8564683636212405,0.0014531527836712506
2,2,0.010319772726771563,0.4040035490566434,0.5856766782165851
1,2,0.013425085357768436,0.44235784943997963,0.5442170652022519
1,1,0.07685819003600813,0.9198522688601737,0.0032895411038182535
2,2,0.0020056359825531356,0.15761048240673212,0.8403838816107149
1,1,0.03746973688944565,0.8562782500050027,0.1062520131055516
2,1,0.01085996834801968,0.8454280240523518,0.14371200759962832
0,0,0.8615887842798362,0.1380536703078671,0.00035754541229665886
1,1,0.03522084327555622,0.8781877097049839,0.0865914470194599
0,1,0.38702726820618344,0.611099300148893,0.0018734316449235664
1,1,0.115596446181966,0.8771552849998343,0.0072482688181997375
1,1,0.05257129355347638,0.9440632098933385,0.0033654965531852094
0,0,0.6584108190621494,0.34115146273847435,0.00043771819937625154
0,0,0.6992641005625243,0.29883158351872413,0.0019043159187515698
1,0,0.6585691704811162,0.34084614618771913,0.0005846833311646427
1,1,0.1625467006067456,0.8362591514087007,0.0011941479845537788
1,1,0.1540258797628978,0.8414125213211521,0.0045615989159500415
1,1,0.1299990257558269,0.8639988624936877,0.006002111750485429
1,1,0.04487078767592234,0.9516855051302864,0.0034437071937913006
1,1,0.06444126632270457,0.8742887626810031,0.0612699709962923
0,0,0.8930953694070349,0.10672137547051888,0.0001832551224461324
2,2,2.3808831477155604e-05,0.03667075084377742,0.9633054403247454
0,1,0.042317239650520984,0.95503657002981,0.0026461903196690327
0,1,0.3162214613204771,0.6826577496250926,0.0011207890544301935
0,0,0.683332565090991,0.31634419657996987,0.00032323832903908157
1,1,0.2740994300171255,0.7250676822010499,0.0008328877818245477
1,0,0.7320132009452024,0.2676759503996099,0.00031084865518756817
2,2,0.0001760778799166655,0.2642973072805314,0.735526614839552
1,1,0.2709449151983278,0.7265240305340052,0.0025310542676670275
1,1,0.00619829530737152,0.9862638888993588,0.007537815793269558
1,1,0.16393011580667477,0.8285993306644501,0.0074705535288751524
1,1,0.142474056852244,0.8554897929952087,0.0020361501525473663
1,1,0.0532921315767589,0.9432984043061416,0.003409464117099479
1,1,0.18423070647233233,0.8131465021803336,0.0026227913473340016
0,1,0.3293852213083924,0.6673007027483262,0.0033140759432814183
0,0,0.9091771235010231,0.09068172298349012,0.00014115351548674938
1,1,0.47535010100535846,0.5216690663433049,0.002980832651336711
1,1,0.17345373817748436,0.8250079836206116,0.0015382782019040542
1,1,0.32756382390107086,0.6718826123958102,0.000553563703118964
0,0,0.8839887530466477,0.11419540259182377,0.001815844361528481
1,1,0.04507922295122517,0.9516115556192655,0.003309221429509413
1,0,0.8084330417014779,0.191295525597426,0.00027143270109609193
2,1,0.0354462567750391,0.8563162153472765,0.10823752787768441
0,0,0.9991416846089514,0.0006807833846549489,0.00017753200639362537
1,1,0.026534885404327392,0.851255652492529,0.12220946210314354
1,1,0.1648471163021488,0.8312117459177923,0.0039411377800589445
0,1,0.48627331536762775,0.513081281668742,0.0006454029636301941
1,0,0.5014324713009639,0.4982443776405683,0.00032315105846777883
1,1,0.06306067409735985,0.9341772423018134,0.002762083600826619
1,1,0.2907091658487127,0.7086284011456825,0.0006624330056047797
1,1,0.05489100056002472,0.9328645266491987,0.01224447279077652
1,1,0.21819822969071204,0.7796811516668685,0.0021206186424195753
1,1,0.3758611351241488,0.6231860289827841,0.0009528358930671191
1,0,0.7335919571997471,0.2661613280107185,0.0002467147895343307
1,1,0.19285524278971056,0.8017085705840811,0.005436186626208273
0,0,0.8914556425508345,0.10832617283123704,0.00021818461792840805
2,2,1.0398547191504236e-05,0.06733025105774532,0.9326593503950632
1,1,0.13523454713996325,0.8613321487274163,0.0034333041326205208
0,0,0.7287758893637604,0.27095326522335916,0.0002708454128804906
1,1,0.16512037910131538,0.8306789878892927,0.004200633009391845
1,1,0.18008694899441227,0.8168637057065733,0.003049345299014418
1,1,0.3011565355229088,0.6978884642429407,0.00095500023415055
0,1,0.39549571865698324,0.6031583567942689,0.0013459245487479614
0,1,0.32116501529069547,0.6774610750064356,0.0013739097028690036
0,0,0.7100279524717916,0.2896818398042465,0.00029020772396206435
1,1,0.13548194160312135,0.8607195499097233,0.003798508487155218
0,0,0.9990059869596891,0.0008907444432359285,0.00010326859707504453
1,1,0.38799914707109895,0.6109526353826594,0.00104821754624159
0,1,0.10286579862104163,0.8899193562612903,0.007214845117668047
1,1,0.18464953362928335,0.8128845912018702,0.002465875168846423
1,1,0.1767665147180108,0.8199486293400797,0.003284855941909456
1,1,0.022784066992853694,0.8886594022884495,0.08855653071869657
1,0,0.6924650404714644,0.3071421117618087,0.0003928477667268689
0,0,0.5726486400428279,0.4258279377915642,0.00152342216560784
1,1,0.14084257641170145,0.85738089026432,0.0017765333239784793
1,1,0.39574127028854217,0.6033130241258712,0.0009457055855866735
0,0,0.5438394218306438,0.45567167101477307,0.0004889071545831807
1,1,0.4894636550915541,0.5097609631154079,0.0007753817930380977
2,1,0.030160295759951977,0.9534100385449827,0.016429665695065182
2,2,7.665968920041513e-05,0.12200806835423196,0.8779152719565677
1,1,0.17104761604487054,0.8265550914566445,0.0023972924984848655
0,0,0.9993048612474751,0.0005339058604683264,0.0001612328920564542
1,1,0.049839285482315816,0.8635379301981962,0.08662278431948803
1,1,0.20204834167307256,0.7911635995448586,0.006788058782068872
2,2,0.013203641712041888,0.37611429052082435,0.6106820677671339
0,0,0.5073105053111859,0.4918440015765426,0.0008454931122714176
1,1,0.4460497586500371,0.5531162921645972,0.0008339491853656972
0,0,0.8785873010659243,0.12106974182068653,0.00034295711338909056
0,1,0.4490830138129369,0.5504857416875745,0.00043124449948866886
1,1,0.02587522518672214,0.9660489264699406,0.008075848343337503
1,0,0.5103500938868164,0.48811777741389084,0.0015321286992927862
0,0,0.6293933445113632,0.36981376587837467,0.0007928896102621578
1,1,0.28008095328486093,0.7152967122903447,0.004622334424794208
0,0,0.669247377010103,0.33036805057019814,0.0003845724196989686
1,1,0.1029169964054164,0.8911562037276604,0.005926799866923247
1,1,0.0793744940216839,0.9120806533455923,0.008544852632723705
1,1,0.3113536372777484,0.6874757422263699,0.001170620495881836
1,1,0.10355314232285949,0.8916455813540612,0.004801276323079292
1,1,0.07263056165032597,0.9225583873797749,0.004811050969899147
2,2,2.8905765631531392e-05,0.07551675862249607,0.9244543356118725
1,1,0.05034047445168931,0.8764000374568941,0.0732594880914168
1,0,0.735223692091597,0.2645368935479131,0.00023941436048977447
1,2,0.0008512112412418258,0.406095191947723,0.5930535968110351
1,1,0.18206214821792283,0.8152762356274917,0.002661616154585523
1,1,0.072769701385819,0.8448568179950919,0.08237348061908893
0,0,0.7530891165229436,0.2468431598008798,6.772367617657659e-05
2,2,0.00024873627554657183,0.15995476381949864,0.8397964999049549
0,0,0.7840876976175755,0.21448248299447556,0.0014298193879490474
0,0,0.559437396583997,0.4397900249004555,0.0007725785155473732
1,1,0.022038465228684922,0.9674550553399784,0.010506479431336573
1,1,0.3647347616251439,0.6312315677854711,0.004033670589385165
0,1,0.371863946910216,0.623608542035654,0.004527511054130104
0,1,0.18001607280974496,0.8170533434699749,0.0029305837202800856
1,1,0.43120272349540184,0.5663024314120108,0.002494845092587439
1,1,0.28787734311813973,0.7107573959894047,0.0013652608924556433
1,1,0.2581544156727448,0.7394540379175484,0.002391546409706824
1,1,0.359160564318106,0.6386349018966178,0.0022045337852762484
1,0,0.5908527439020981,0.40821413537599416,0.0009331207219077581
1,1,0.10855769927932032,0.8883009262929922,0.0031413744276873636
0,0,0.9254256271221896,0.07447009512608885,0.00010427775172150833
0,0,0.8860038154796407,0.11388764618249322,0.00010853833786612674
0,1,0.4604242315404119,0.5389376093409631,0.0006381591186249843
0,1,0.14887811411841487,0.8488713395407047,0.002250546340880501
0,0,0.7743584377965942,0.2249650394252196,0.0006765227781863064
1,1,0.4854842201963174,0.5139267800279568,0.0005889997757259417
0,0,0.5276778198395223,0.47201248390378364,0.0003096962566940577
1,0,0.6016315571724666,0.3975513946477138,0.0008170481798196118
1,0,0.5374322432158267,0.4618661667748974,0.0007015900092759259
0,0,0.672878239700287,0.3260281859628506,0.0010935743368624305
1,1,0.03680723325711844,0.9565817917605106,0.006610974982370856
1,1,0.28026737995061846,0.7174678579065857,0.0022647621427956963
1,0,0.5409998735281503,0.4585659338882901,0.0004341925835596861
1,1,0.213789437771363,0.7847421960675455,0.001468366161091671
0,0,0.9064434783490475,0.0930623790187836,0.0004941426321690027
0,1,0.22976641741337978,0.7687601074586333,0.0014734751279870974
0,0,0.6895467686678872,0.30977851326479056,0.0006747180673221466
2,2,0.0005507219514209259,0.141516236331807,0.8579330417167721
2,2,0.00030283392263154947,0.4120858310244528,0.5876113350529156
1,1,0.18421908110104454,0.8143866413839482,0.0013942775150073369
2,2,1.8712796919246918e-05,0.0313083044696784,0.9686729827334023
1,0,0.6585266893925475,0.34008529778115887,0.001388012826293503
1,1,0.48089727144614763,0.5181225866218747,0.0009801419319776937
1,1,0.2977001124572055,0.7006136582026256,0.0016862293401690726
0,0,0.651539337850387,0.3483188325435965,0.00014182960601659493
1,1,0.3224557068599837,0.676190331156026,0.0013539619839902897
1,1,0.05691012295266676,0.9386762527016205,0.004413624345712739
0,0,0.6828329935972745,0.3145216664671793,0.0026453399355462833
0,0,0.5332481545195266,0.46602410563052027,0.0007277398499531521
0,1,0.47148679865224113,0.5279537480681731,0.0005594532795857101
1,1,0.013493111476120447,0.9700801973072078,0.016426691216671615
0,0,0.6513300777916574,0.34713167075800916,0.0015382514503335266
0,0,0.7536865204341827,0.24573792497511354,0.0005755545907037957
1,1,0.4889829627614783,0.5104728845088183,0.00054415272970336
1,1,0.10594090777404795,0.8922382588842558,0.0018208333416962251
1,1,0.04135290992379797,0.5391760067954247,0.41947108328077737
1,1,0.022011389576792096,0.8521949645630253,0.1257936458601826
2,2,0.00973104519176347,0.38165687152759686,0.6086120832806395
1,1,0.010379696885312711,0.9832170789883259,0.006403224126361246
0,0,0.8987262174397384,0.10123905483863953,3.472772162203033e-05
0,1,0.05702877569453169,0.9385266622832258,0.004444562022242444
0,1,0.27927176340052884,0.7182400787683388,0.002488157831132473
1,1,0.3455586363543111,0.6511323782427674,0.0033089854029215936
1,0,0.7697691930131745,0.23004056959640756,0.00019023739041794393
0,0,0.794962405158742,0.2045654256259115,0.00047216921534655324
2,2,0.0019876489844209044,0.23558356059981406,0.762428790415765
0,1,0.385349907008523,0.6101938166368825,0.0044562763545946
0,1,0.2333494439283521,0.7644084340025857,0.0022421220690623054
0,0,0.927620725911263,0.0722602674074387,0.00011900668129841759
0,0,0.875206389931882,0.12439166878136776,0.00040194128675015553
2,2,3.154540729727218e-05,0.08304921901077071,0.9169192355819319
1,1,0.4373840553974749,0.5612210533764553,0.0013948912260697542
1,1,0.026684158210933073,0.9674575682879613,0.0058582735011056195
1,1,0.14540579101685636,0.8531694348732661,0.0014247741098775523
1,1,0.11110852802659676,0.872260572823373,0.016630899150030264
0,0,0.8888545951578118,0.10628962934187175,0.004855775500316288
1,0,0.7180339537023985,0.28182999801218456,0.0001360482854168114
0,1,0.44314102253482013,0.5565157856692659,0.0003431917959139878
0,0,0.5059424876097304,0.4907918327008239,0.003265679689445772
1,1,0.35385896112021115,0.6443472321438795,0.0017938067359093888
0,1,0.4796262515114608,0.5178930783086036,0.0024806701799354996
0,0,0.713714739691267,0.28504336866610785,0.0012418916426252253
1,1,0.30943069488662994,0.6884081341422512,0.0021611709711189153
0,0,0.6544085278087444,0.34513611464579225,0.0004553575454634108
1,1,0.06626511716840211,0.9309795110423916,0.0027553717892064276
0,1,0.33567665421571,0.6612655844729705,0.00305776131131948
0,1,0.38553411950307087,0.6072728887112792,0.00719299178564989
1,1,0.022197028141146737,0.9714466344814094,0.0063563373774440535
0,0,0.9134596983632712,0.08611269640009968,0.00042760523662913074
1,1,0.15404204333644322,0.8441152856160717,0.001842671047485057
1,1,0.04183180852854719,0.8484317668301822,0.10973642464127063
1,1,0.053406663599503634,0.9420409821999717,0.004552354200524573
0,1,0.3804636693144856,0.6177733560739307,0.0017629746115836544
1,0,0.6002807241843677,0.39937158829074304,0.00034768752488920703
1,1,0.2348880631971083,0.7627226611492215,0.002389275653670305
0,1,0.42287051558250865,0.5748283055646483,0.0023011788528430758
0,0,0.6654670959731896,0.33427848894506207,0.00025441508174827413
0,1,0.34821772313098703,0.6486528533757101,0.0031294234933029177
0,0,0.8723071584818216,0.1273206809679959,0.00037216055018269163
1,1,0.05800246019760314,0.8856452760763588,0.05635226372603813
0,0,0.5986748841302806,0.4010089066186774,0.00031620925104194566
1,0,0.5154712314701448,0.4835099183297772,0.0010188502000780628
0,0,0.9982596831870462,0.0010685605441616871,0.000671756268792258
1,1,0.24980992822648013,0.7229163683186764,0.027273703454843385
0,1,0.22222240774091945,0.7752162214396728,0.0025613708194077035
1,1,0.04574546229662131,0.9513232110501338,0.0029313266532447393
1,1,0.14971208932949584,0.8490229208975855,0.0012649897729187947
0,0,0.6751462791111632,0.32464296157531325,0.0002107593135234119
1,0,0.5875133634324159,0.41192016222242156,0.0005664743451624408
0,0,0.7015201812389493,0.297773377005007,0.000706441756043762
0,1,0.12350663806446806,0.8415547867314596,0.03493857520407238
1,1,0.057508804958636944,0.934072769844641,0.008418425196722153
0,0,0.5629527791158224,0.43676573916004485,0.00028148172413282985
0,1,0.258690606630608,0.7389238213974194,0.0023855719719724157
2,2,1.8400063482948044e-08,6.043699481125802e-05,0.9999395446051252
1,0,0.8019507005851562,0.1976374786429174,0.00041182077192655265
1,2,0.008184549798256037,0.11279260438299248,0.8790228458187516
2,2,0.0010300679585960643,0.20075564539963242,0.7982142866417715
0,0,0.7153738552179311,0.282430073918938,0.002196070863130868
2,2,0.0014314264345035082,0.21279253508136173,0.7857760384841347
1,1,0.07766297867060472,0.918060878917426,0.004276142411969188
2,2,2.03377051886277e-06,0.07773717806702488,0.9222607881624564
1,1,0.11827244704509304,0.8778467864136299,0.0038807665412771575
0,0,0.9208525619885416,0.07879620235148567,0.0003512356599729313
2,2,2.7930040022457593e-05,0.15484528843119913,0.8451267815287784
1,0,0.643540679863657,0.35489498390840457,0.00156433622793826
1,1,0.22442617923317323,0.7710405851503507,0.004533235616476115
0,0,0.9988211228127067,0.0007572523649245678,0.00042162482236866443
0,0,0.5178905634661852,0.4796083810655306,0.0025010554682842762
1,0,0.5817987380911118,0.4162572536757807,0.0019440082331074293
0,0,0.8843471501000726,0.11480432421108014,0.0008485256888472993
1,1,0.10597446623880535,0.6600828722496394,0.2339426615115554
1,0,0.8381696039842603,0.16141833925749402,0.0004120567582458259
1,1,0.014754434496246421,0.6876302974312459,0.2976152680725077
1,1,0.36013247093146383,0.6393166766135945,0.0005508524549417155
0,0,0.6597112413041712,0.34017681830443036,0.00011194039139838433
0,0,0.9509555158096985,0.04850049232123596,0.000543991869065543
1,1,0.44853438925036165,0.549466291688967,0.001999319060671387
1,1,0.014201530706904388,0.9656150891795985,0.020183380113497226
0,0,0.8088440200754576,0.19072841839323412,0.00042756153130814984
0,1,0.4046922275540267,0.5937673946785459,0.0015403777674274299
0,0,0.6077480030563552,0.3916742467966508,0.0005777501469937896
1,1,0.20472057786328268,0.7930191287117726,0.0022602934249447855
1,1,0.1797545834451835,0.8174528286214847,0.002792587933331756
0,1,0.25996954571479663,0.7390734840577292,0.0009569702274740417
0,0,0.8986826846288041,0.10112662777064754,0.00019068760054845616
0,1,0.4671952863544497,0.5319990401129278,0.0008056735326226371
1,1,0.1385282808486684,0.8594432242338169,0.002028494917514741
1,1,0.024802365729540775,0.5320072607893199,0.44319037348113927
1,1,0.4912748935536385,0.5084228642595112,0.0003022421868503517
2,2,0.002065459328947676,0.29449990559541395,0.7034346350756384
1,1,0.20078469290101647,0.7985506139319672,0.0006646931670164359
1,1,0.11846584524316056,0.8188705646389485,0.06266359011789098
0,0,0.6947923686466497,0.30481754945789186,0.00039008189545834796
1,1,0.31875536350062306,0.6795850742639493,0.0016595622354275258
0,0,0.8342477598785489,0.1656408264559219,0.00011141366552911401
1,0,0.7661911913937055,0.23338172512385208,0.00042708348244239775
0,0,0.7659226821878629,0.22193815055623342,0.012139167255903685
0,0,0.9884300511352304,0.011505035130248838,6.491373452089243e-05
1,1,0.04055656376675218,0.9529127653925128,0.006530670840735058
0,0,0.7662166861761219,0.23331047236995714,0.00047284145392094835
2,2,0.0004170416369686165,0.3394830820450762,0.6600998763179552
1,1,0.26349482851019596,0.7233038156292922,0.013201355860511958
1,1,0.0758046237806821,0.9198326854051895,0.00436269081412849
1,1,0.10463980209097579,0.8928914781293321,0.0024687197796923336
0,0,0.9238694297588159,0.07595771636423172,0.00017285387695251017
1,1,0.08311819411164087,0.8845131569086235,0.03236864897973553
1,2,0.0007939607352706774,0.24602523280701635,0.7531808064577129
1,1,0.0266423404465209,0.9280250346470885,0.04533262490639058
2,1,0.0565567199373277,0.8786328509716091,0.06481042909106315
0,1,0.04165813953863962,0.9539604884933341,0.004381371968026177
1,1,0.14526898339957411,0.8006986029110373,0.05403241368938837
0,0,0.7733577144274206,0.22616399438786292,0.00047829118471638075
1,1,0.1675881562120308,0.8294440816201892,0.002967762167779802
1,0,0.5468601481746176,0.4508780481228144,0.0022618037025680794
1,0,0.6927710569788117,0.3061513309307655,0.0010776120904227341
0,1,0.3202467470715633,0.6777443324986558,0.002008920429780874
0,0,0.6526589510819876,0.341705267017322,0.00563578190069032
1,1,0.06504273926290205,0.9341588499703294,0.0007984107667685131
1,2,0.0002842644995985559,0.02639345758593965,0.9733222779144618
1,1,0.4047987153646036,0.5940290396110589,0.001172245024337487
1,1,0.143588522655337,0.8522876582897726,0.004123819054890348
2,2,4.952520440236512e-05,0.07021893022416234,0.9297315445714353
0,0,0.8260132098804694,0.17381700267787092,0.00016978744165974964
1,1,0.4403770282575907,0.5586531095303405,0.000969862212068796
1,1,0.2772526875643081,0.7215305706501624,0.0012167417855295727
1,0,0.7476102557958877,0.2522136459286087,0.00017609827550353496
1,2,0.00023945100498542457,0.3164615939969688,0.6832989549980457
1,1,0.19453126817737093,0.8046101399909384,0.0008585918316907198
1,1,0.30089210537806726,0.6967818384650706,0.0023260561568621343
1,1,0.13423254071993584,0.8612403163772323,0.004527142902831829
1,1,0.1045128405764435,0.8849973145592094,0.010489844864347267
1,1,0.02515401258009773,0.9709106564770955,0.003935330942806674
0,0,0.8144724789950094,0.18531861083690165,0.00020891016808886716
1,1,0.10523201287491897,0.8925123214884501,0.0022556656366311033
1,0,0.8598985868033147,0.1397855589881831,0.0003158542085023261
0,1,0.4824191421141762,0.5162619676202777,0.0013188902655461706
0,0,0.56669597411015,0.43271939214500504,0.0005846337448448028
0,0,0.9026362235587068,0.0967591767075567,0.0006045997337365582
1,0,0.794711068043362,0.20507788668343804,0.00021104527319993266
1,1,0.09038611975784565,0.9070594348316879,0.0025544454104663196
0,1,0.27692838634063294,0.718798959734294,0.0042726539250732285
0,0,0.6567502936305496,0.3429641224960466,0.00028558387340384
1,1,0.11600125670948241,0.8817691040202701,0.0022296392702474
2,2,6.741205564258713e-06,0.00646455835309919,0.9935287004413366
2,2,8.661336482447089e-05,0.05996706498012573,0.9399463216550497
0,0,0.9279014194997572,0.07160141197323741,0.0004971685270054336
0,1,0.09932099860407834,0.8961791460114178,0.004499855384503741
0,0,0.6424449790796234,0.3572968873998466,0.00025813352052993384
1,1,0.06694552740629753,0.9307487599780766,0.0023057126156257207
2,2,7.931176181275533e-05,0.07504412242127491,0.9248765658169122
1,1,0.05608035835231676,0.9167232413456996,0.0271964003019835
1,0,0.7267665526914184,0.2716577233965626,0.0015757239120190337
0,0,0.9984425488692433,0.0010585193388904385,0.0004989317918663956
1,1,0.019307427604146995,0.8146296651829887,0.16606290721286432
1,1,0.1562609771656172,0.8419050790612513,0.0018339437731314044
1,1,0.02765567247662067,0.967791719432432,0.004552608090947263
1,1,0.02299059100064728,0.9714629939814262,0.005546415017926511
0,1,0.24497370894944978,0.7518961822057638,0.0031301088447865137
1,1,0.28046373598932317,0.7181906353022346,0.0013456287084422172
1,1,0.00755760976869409,0.9852788313737082,0.007163558857597695
2,2,0.0006914601163685158,0.10037159092024295,0.8989369489633885
1,1,0.36733083144276507,0.6319900870532007,0.0006790815040342929
1,1,0.34236406318060725,0.65662433071002,0.0010116061093728044
0,0,0.6865546895767579,0.3133209132326136,0.00012439719062851622
1,1,0.3312492536571417,0.6670168701515449,0.0017338761913134983
2,2,5.171047602092675e-06,0.047439175209947726,0.9525556537424502
0,0,0.6778621624868492,0.32190624517053273,0.00023159234261811105
1,1,0.453703258770356,0.5449708947423534,0.0013258464872905643
1,1,0.1627228820877823,0.8344419759933386,0.002835141918879006
0,1,0.37972896088346936,0.6188642043248195,0.0014068347917112023
0,0,0.6899485448198553,0.3096642630497115,0.0003871921304330959
0,0,0.8944664083629982,0.10550545075153281,2.814088546915463e-05
1,0,0.6973208157115995,0.3021019938757887,0.0005771904126117051
1,1,0.2550388709893683,0.7422902167557901,0.002670912254841623
1,1,0.3392598155706509,0.6550540128254345,0.005686171603914568
1,1,0.06624566560874097,0.929518778874058,0.004235555517201141
0,1,0.4530973746812966,0.5463086733302452,0.0005939519884581448
1,1,0.31068471309830104,0.6857327063831181,0.0035825805185808217
1,0,0.8591575698573225,0.14065498673754903,0.00018744340512845303
0,0,0.532270451466788,0.4673790550574078,0.0003504934758042366
2,2,0.00030957129983386755,0.17065465705238117,0.829035771647785
0,0,0.6985912949460445,0.30104343152829754,0.00036527352565786944
1,1,0.09063771078953482,0.8636810134255832,0.04568127578488192
1,1,0.15514816628307043,0.8401338773557981,0.004717956361131539
1,1,0.34216498919587035,0.655690068228118,0.0021449425760116493
1,1,0.26800100379192165,0.7305740784216181,0.0014249177864601628
0,0,0.6637586348957087,0.3360832246257442,0.00015814047854709776
1,1,0.06473128729758729,0.9190080963096744,0.016260616392738167
0,0,0.7275847005420781,0.27157632394564124,0.0008389755122806137
2,2,1.1659952964543147e-05,0.018629011681880896,0.9813593283651547
1,1,0.30063510938113164,0.6954569426878167,0.003907947931051688
1,0,0.6436341917280198,0.35406570408665816,0.0023001041853221316
0,0,0.8925001636463551,0.10659468609643995,0.0009051502572048837
1,1,0.4002374764216927,0.5988899112914363,0.0008726122868710648
0,0,0.6050650725792236,0.39284454484014875,0.0020903825806275816
0,1,0.3207862786204984,0.6773331117486018,0.0018806096308999314
0,1,0.05699405294677349,0.8982564253637045,0.04474952168952198
1,0,0.9118832025370233,0.08792056994739748,0.000196227515579247
0,0,0.5468737403236409,0.45251018637828144,0.0006160732980776314
1,1,0.4243075377443057,0.5652699192858636,0.010422542969830705
0,0,0.5609067503490184,0.43848469744172003,0.0006085522092615646
1,1,0.13835903423674784,0.8577767686458132,0.003864197117438969
0,1,0.11976805914730404,0.8783003765718038,0.00193156428089213
1,1,0.25445323330229713,0.7409877345801974,0.004559032117505393
1,1,0.043824576772938294,0.8110903186851218,0.14508510454193993
0,0,0.6141551386487484,0.3849932521330261,0.0008516092182253802
0,0,0.750673868944602,0.24697755643658167,0.002348574618816382
1,1,0.3126236370344472,0.6844251887165698,0.002951174248983155
0,1,0.32960160993553833,0.6686748285487889,0.0017235615156728145
0,0,0.7451071461611464,0.25473798876250553,0.00015486507634804357
0,0,0.7815961706670036,0.2178690900290625,0.0005347393039339515
1,1,0.2688735428442761,0.7281186287183025,0.0030078284374212877
1,1,0.4981224819944507,0.5010110855222281,0.0008664324833212242
0,0,0.7496979391160705,0.24975503801206442,0.0005470228718650297
0,1,0.1345985415505894,0.8635215458681698,0.001879912581240843
1,1,0.05322176410741751,0.8911622990331274,0.05561593685945525
0,0,0.8218833097033923,0.17788535830059782,0.00023133199600982308
0,0,0.9141783965934657,0.085783728383419,3.787502311535337e-05
0,1,0.14611919540850327,0.8492590718123132,0.00462173277918361
0,0,0.7151342450132796,0.28439143577207654,0.0004743192146439069
0,0,0.8524465540358424,0.14745273076600818,0.00010071519814936355
0,1,0.16350629438909617,0.8345868995548255,0.001906806056078355
0,1,0.19050736422547046,0.803669925980731,0.005822709793798485
1,1,0.09885533012338919,0.8673367739961914,0.0338078958804195
1,1,0.021417280136068192,0.9721251290579634,0.006457590805968288
0,0,0.7936033141480193,0.20630036570443627,9.63201475441991e-05
0,0,0.8971891548170128,0.1027585090548015,5.233612818585768e-05
1,1,0.3844306504116364,0.6097688364728048,0.005800513115558811
1,1,0.4972201518748459,0.5022869827882742,0.0004928653368798825
1,0,0.6169642470211906,0.38025927118267266,0.002776481796136695
1,1,0.30331903175685376,0.6957121253301253,0.0009688429130209217
1,1,0.10452247742155443,0.8933236923872101,0.0021538301912354422
1,1,0.06396357456880519,0.8584080542087712,0.07762837122242362
1,1,0.2867933435590366,0.7111997621939707,0.0020068942469925535
0,0,0.6121046548616622,0.38771335986318,0.00018198527515773163
1,0,0.5024809173868529,0.49647317085888953,0.0010459117542575254
1,1,0.20677304133543953,0.7885340944885152,0.0046928641760453065
1,1,0.2988699769684292,0.6959585000646101,0.005171522966960655
0,0,0.5427064725276542,0.4561526033721624,0.0011409241001833269
0,0,0.5673558173944709,0.43145603567304724,0.001188146932481761
1,1,0.02371573486869733,0.8704978452540739,0.10578641987722866
1,1,0.33798120672798976,0.6567427073557206,0.005276085916289563
1,1,0.1114716681472379,0.8777242382344497,0.010804093618312255
0,0,0.5886810439496718,0.41080370789288495,0.0005152481574433195
0,1,0.22619781333819355,0.7711133039140475,0.00268888274775888
0,0,0.8292240725423237,0.16943311369261593,0.0013428137650604388
1,1,0.3090018112473341,0.6858735275077347,0.005124661244931157
0,0,0.6459565351993454,0.35314902703250545,0.0008944377681492514
0,0,0.6325525202986051,0.3662749724162157,0.001172507285179211
1,1,0.22579081671431964,0.7735359401521996,0.0006732431334808339
0,0,0.5830472133513874,0.41652932247159197,0.0004234641770205868
1,0,0.6460981464206748,0.3527553881159193,0.0011464654634060316
1,0,0.8522584997674872,0.14746585443667407,0.00027564579583861466
1,1,0.30219318340671747,0.6952584781033121,0.002548338489970396
2,2,4.7597081479581983e-07,0.007298199691182584,0.9927013243380026
1,1,0.09767615929769398,0.9007790672077903,0.0015447734945159073
0,0,0.5261081679117087,0.4721460644844679,0.0017457676038234902
1,1,0.035015593976556035,0.8508599143453066,0.1141244916781373
2,2,0.008599433962777953,0.35536120686701145,0.6360393591702106
1,1,0.37491665091497095,0.6232038822826371,0.001879466802391957
1,1,0.2786662234034484,0.7197337332092058,0.0016000433873457581
0,1,0.4624702307671402,0.5340725566920748,0.0034572125407849874
1,1,0.13603982378634785,0.8630809814087499,0.0008791948049021922
1,0,0.8436667581163183,0.15618852345644235,0.00014471842723930254
0,1,0.48198786687241263,0.5174956833914673,0.0005164497361199772
1,0,0.7997491598323605,0.20014924070597506,0.00010159946166450101
2,2,0.0011497864070988296,0.3051952523975156,0.6936549611953856
0,1,0.49082845775018635,0.5076471511075575,0.0015243911422560224
1,1,0.41611196894742475,0.5818671229124024,0.00202090814017287
2,1,0.03533193987313257,0.8675557712015589,0.09711228892530853
2,2,0.00033179035915524444,0.18922287277956926,0.8104453368612754
1,1,0.4112265959913045,0.587561192180725,0.001212211827970516
2,1,0.03754045869870178,0.7721898338412155,0.19026970746008257
1,1,0.20613419789316312,0.7926005661619422,0.0012652359448946855
1,1,0.2607303723655449,0.7370652275982216,0.0022044000362334815
0,1,0.48861547724703763,0.5110257964428461,0.0003587263101162953
0,0,0.9992868877801095,0.000648003698138683,6.510852175185385e-05
1,1,0.01528549269095104,0.9708617022576194,0.013852805051429828
1,1,0.032499941811532686,0.9639840682136592,0.003515989974808008
0,0,0.7349003768948698,0.26460919987015075,0.0004904232349794427
1,0,0.8461510944073944,0.15345761717664436,0.00039128841596118243
1,1,0.308435622658839,0.688539720310419,0.003024657030741862
1,1,0.3684607107801951,0.630122175354668,0.0014171138651369423
0,0,0.8999738944529293,0.0989183285260309,0.0011077770210398462
1,1,0.2584294866831356,0.737995116171683,0.003575397145181451
1,1,0.3345769334528321,0.6645577895562157,0.0008652769909521926
0,0,0.8142557333428064,0.1852422058559295,0.0005020608012641277
1,1,0.132260495880716,0.8660482886897883,0.001691215429495669
1,1,0.27645095526413144,0.7226478412033106,0.0009012035325579799
1,1,0.18620390464531988,0.8116239657421057,0.002172129612574356
1,1,0.06561341041687418,0.9111446165836194,0.023241972999506436
1,1,0.2866030821018738,0.7124197738220641,0.0009771440760622256
1,1,0.35836412157888686,0.6398506209980002,0.0017852574231129893
0,0,0.8965320148576085,0.103405490582894,6.249455949756633e-05
1,1,0.018570641563584588,0.9793834943481983,0.002045864088216981
0,0,0.7216352303160537,0.2781021037872821,0.0002626658966641573
0,0,0.7893574074638594,0.21030693235459944,0.0003356601815411454
0,0,0.6744517073501691,0.3251041114680769,0.0004441811817539826
0,0,0.5587483777492669,0.4391977051217413,0.0020539171289917267
0,0,0.534147539283143,0.4654153607719614,0.00043709994489571336
1,2,0.00011655137808262227,0.13571809161317833,0.864165357008739
1,0,0.6814766446284727,0.31840554323505843,0.00011781213646890026
2,2,2.52533314767816e-06,0.05924492383736186,0.9407525508294905
1,0,0.578176775838025,0.42133300727764705,0.0004902168843279216
0,0,0.6092672447331544,0.3904320566564171,0.0003006986104285591
1,1,0.4338429964870332,0.5649792305103226,0.0011777730026441508
2,2,6.500074462808083e-06,0.02118059829948499,0.9788129016260522
0,0,0.7241948649042184,0.2740142886593604,0.0017908464364212932
2,2,9.153539883216675e-06,0.11624688117363922,0.8837439652864776
0,0,0.5057459323917113,0.49395444202345207,0.00029962558483673333
1,1,0.17315831345501373,0.8245880946455745,0.002253591899411843
0,1,0.3521147487625477,0.6454577233122122,0.0024275279252400886
0,1,0.1946172223751621,0.8008964214061359,0.004486356218701988
0,1,0.21289581559670873,0.7857319637439254,0.0013722206593659728
1,1,0.04863113854402676,0.9419064285788253,0.009462432877147783
0,1,0.38922794091194973,0.6085032365922289,0.0022688224958214084
1,1,0.0517429738697333,0.9434127105911199,0.0048443155391467265
1,0,0.7811445860571476,0.21867213430220894,0.00018327964064343064
1,0,0.5368112939907732,0.46298981089348556,0.00019889511574116832
0,0,0.7773823280385193,0.22172815805781984,0.0008895139036607958
1,1,0.03517495102040905,0.9545566892843442,0.010268359695246844
1,0,0.7156078127074622,0.2838459370164614,0.0005462502760764743
1,1,0.11990337787718162,0.8788014731619277,0.0012951489608905116
0,0,0.7201409509065511,0.2795878587978955,0.00027119029555341625
0,0,0.6737365568590693,0.3260036244734035,0.00025981866752736404
2,2,0.00011591071742241407,0.27986184425689914,0.7200222450256785
0,0,0.5533289975923307,0.4445437175657582,0.0021272848419110818
2,2,1.2564621939294677e-05,0.07645217754319075,0.92353525783487
1,1,0.41708111017470656,0.5811640037600694,0.001754886065224033
1,1,0.23538510344447194,0.7635526524161329,0.0010622441393951796
0,0,0.6224262427317062,0.3772381918889948,0.0003355653792990665
1,1,0.1865625619208798,0.8083291608419994,0.005108277237120821
1,1,0.37748236082737746,0.6217993795152019,0.0007182596574207516
1,1,0.4194565993680971,0.5794778660418571,0.0010655345900458212
1,1,0.16063637680778664,0.8292108294393029,0.010152793752910375
1,0,0.698268979734419,0.3014854757836779,0.0002455444819030521
1,1,0.42631711780807896,0.5731252751033715,0.0005576070885495833
1,0,0.5963433583942251,0.40330074158101353,0.00035590002476139154
0,0,0.692542178191281,0.3070623397090188,0.00039548209970013997
0,0,0.8257020944052418,0.1740669233811673,0.00023098221359085149
0,1,0.2986613206291148,0.6973514875376763,0.0039871918332089655
0,0,0.7848552528476306,0.21461891000847944,0.0005258371438899627
1,1,0.12367482276205498,0.8622783761028479,0.014046801135097098
2,2,2.7971130289983835e-06,0.060521248387602325,0.9394759544993687
1,1,0.4669173440138784,0.5320732840783705,0.0010093719077512255
0,1,0.4959532748537484,0.5031767954781045,0.0008699296681472038
0,0,0.7743700968130447,0.22486823648140772,0.0007616667055475589
0,0,0.9420422449490066,0.05761498413875218,0.00034277091224128734
0,0,0.8298727655367863,0.17004072077014054,8.651369307306616e-05
1,1,0.37730485751857223,0.6218403729217427,0.0008547695596850988
1,1,0.17136949601498777,0.8254290678703052,0.0032014361147070583
2,2,0.0019837242971428846,0.21448322778515053,0.7835330479177066
0,0,0.8660777335830628,0.1338524569167626,6.98095001746167e-05
0,1,0.350190270923531,0.6484899664199146,0.001319762656554501
0,1,0.05608227369277556,0.941020018287893,0.0028977080193314094
1,1,0.12670073987525654,0.8706440148501758,0.0026552452745677254
0,0,0.7705251035258105,0.22883315453074574,0.000641741943443708
0,1,0.37883183650577473,0.6199099901580098,0.001258173336215473
1,1,0.048733454751551955,0.948559974431728,0.0027065708167200685
2,2,1.3611647603127324e-05,0.02840971782005307,0.9715766705323438
2,2,0.00045656433711620037,0.10673178308209612,0.8928116525807877
2,2,0.0012350787298022435,0.17105918448792268,0.8277057367822751
0,0,0.5471249013483896,0.45257864558831934,0.00029645306329102034
0,0,0.9899459507509218,0.01002472968603075,2.9319563047475934e-05
0,0,0.8587369023719688,0.14098952680688018,0.0002735708211511005
0,0,0.832896912375809,0.16685476716501543,0.00024832045917543737
0,0,0.7345179885785006,0.26431560728737913,0.0011664041341201746
0,0,0.565289438990344,0.43265578571778984,0.0020547752918660643
1,1,0.17398017420686374,0.8195861157778123,0.006433710015324129
0,1,0.2453889419270147,0.7481808930028168,0.006430165070168528
0,0,0.7213009887526513,0.27841319076015575,0.0002858204871928442
2,2,4.860706049264383e-05,0.16834382985974924,0.831607563079758
0,0,0.8251575986967808,0.17471832630935938,0.00012407499385986927
1,0,0.5328358396267797,0.46686616958816596,0.0002979907850542588
0,0,0.7195917269354692,0.27813432432935076,0.002273948735180027
0,1,0.40901716229564683,0.5894416031155577,0.001541234588795558
1,1,0.10476520473956363,0.8933779884965033,0.0018568067639329793
0,1,0.1598149388823196,0.8356664687804999,0.004518592337180644
1,1,0.37273863492850423,0.6236564168805442,0.0036049481909516197
1,1,0.3659489299181658,0.6307141205439175,0.0033369495379166345
1,2,0.007896902083444566,0.31833317520631194,0.6737699227102435
1,1,0.08018406146496218,0.8354609606111246,0.08435497792391328
1,1,0.04196464319503659,0.9547028077448421,0.0033325490601214393
1,1,0.3390578159178416,0.6590151405938023,0.0019270434883562173
1,1,0.07291201137721177,0.904679366524129,0.022408622098659337
1,1,0.013326066791899752,0.9742602286826583,0.012413704525442163
1,1,0.07079539968369176,0.9267969152204351,0.002407685095873113
1,1,0.08576842568082611,0.8962136117702124,0.018017962548961593
1,0,0.7200049123882039,0.2798455393436365,0.0001495482681596162
1,1,0.1535145041548518,0.8429599628803273,0.0035255329648210764
1,1,0.23281847380041298,0.7656497963689911,0.0015317298305959006
1,1,0.05196408550685646,0.943202769874787,0.004833144618356557
0,0,0.9565118336335866,0.04319014906121248,0.0002980173052009454
0,1,0.41921100412629714,0.5799269274703016,0.000862068403401259
2,2,0.015919875013119582,0.4348309633516968,0.5492491616351837
1,1,0.45222273867322266,0.546959994142399,0.0008172671843781999
1,1,0.09869109282313267,0.8819987872911422,0.01931011988572513
1,0,0.7377097965470318,0.2613729946979296,0.0009172087550386365
2,2,8.15630470956549e-06,0.02937545835483833,0.9706163853404522
0,1,0.4315364630800896,0.5680813051533237,0.00038223176658671096
0,1,0.4497059798114254,0.5497172621009113,0.0005767580876632108
1,1,0.11559991082298175,0.8823058796517761,0.002094209525242136
1,1,0.11169184418904797,0.8864532766827681,0.001854879128183968
1,0,0.6097300324499786,0.38988439997103974,0.0003855675789816743
1,1,0.1739499294760416,0.8200706795615189,0.005979390962439429
1,1,0.15712833270388835,0.8388031349435143,0.004068532352597242
1,0,0.7386630146965242,0.26121584045646606,0.00012114484700969924
2,2,7.152962997237206e-05,0.08409771632182479,0.9158307540482029
0,1,0.35293036302917247,0.6446632543159007,0.0024063826549267694
1,1,0.3053395240453612,0.6922178209023805,0.0024426550522582136
0,0,0.6531472819691421,0.3465181970012022,0.00033452102965575545
1,0,0.6694980525843841,0.33022982021419695,0.00027212720141894315
0,0,0.6748649665613772,0.32477977881357645,0.00035525462504625683
0,0,0.9707781717831193,0.029099989606291045,0.00012183861058962406
1,0,0.7978775029457285,0.2020405987227628,8.189833150869828e-05
0,0,0.5874459788234743,0.41217990208063615,0.0003741190958895286
1,1,0.0970647928919727,0.8970421400173944,0.00589306709063303
0,1,0.26343545898612064,0.7321247051132993,0.004439835900579961
1,1,0.0470449724139578,0.9209181444458843,0.03203688314015795
0,0,0.8520266427017286,0.14781353036137224,0.00015982693689914178
0,0,0.6790500337888344,0.32036777868400984,0.0005821875271557744
1,1,0.2555577308495676,0.7418622903933182,0.002579978757114101
1,1,0.012212425516951916,0.9821151344568425,0.005672440026205506
1,0,0.5040789407703932,0.49542388814656474,0.0004971710830420697
1,0,0.5123470865707519,0.48636547781657524,0.0012874356126728467
0,0,0.8863138673832254,0.11341603597374335,0.0002700966430312943
1,1,0.12800915212081257,0.870577109977746,0.0014137379014415037
1,1,0.01916367672327244,0.8184276813315355,0.162408641945192
1,1,0.0769652587679237,0.9195719847012226,0.003462756530853679
0,1,0.4641094359967823,0.5331594085791723,0.0027311554240453395
0,0,0.9126845690651852,0.08648362812336548,0.0008318028114491357
1,1,0.3814995681494432,0.6176770637330236,0.0008233681175331593
0,0,0.8986120721243275,0.10110582197197437,0.00028210590369814615
0,0,0.8753674943091649,0.12453877366018347,9.373203065178671e-05
0,1,0.3793017811634499,0.6190077226554366,0.001690496181113498
1,1,0.21323704524244588,0.7845415570232686,0.0022213977342855707
1,1,0.32086892319916344,0.6778888980826757,0.0012421787181608203
1,1,0.10868904964248093,0.8884635524503596,0.002847397907159564
0,0,0.628072282688346,0.3717282907812643,0.0001994265303897223
1,0,0.5537547333687026,0.44554708969468904,0.0006981769366084
1,1,0.4173341552930379,0.5806594014801321,0.002006443226830078
0,1,0.45904422490353824,0.5403200275423626,0.0006357475540991049
1,1,0.016657004222291123,0.9739182590661282,0.009424736711580735
1,1,0.3434813986180258,0.6539020665088343,0.002616534873139812
1,1,0.3152030217337337,0.6817104457772604,0.003086532489005939
0,0,0.6504409881716284,0.3491471852124967,0.0004118266158748279
0,1,0.2946445646392927,0.7028302215751906,0.0025252137855167472
1,1,0.15379375278582055,0.8442310866603949,0.0019751605537844546
0,0,0.7182871124357924,0.2813931768234157,0.00031971074079196793
1,1,0.16266708652910977,0.8318890074516899,0.005443906019200427
0,0,0.938938964146141,0.060515136453029895,0.0005458994008290791
1,2,7.396893451124888e-05,0.09970951788357141,0.9002165131819172
0,0,0.9854634548389555,0.014446034226207074,9.051093483747998e-05
0,0,0.9995937268226068,0.00034835098331410883,5.792219407884857e-05
0,0,0.6079185478401397,0.3907534832245781,0.0013279689352823601
1,1,0.05362868002674154,0.9425414242201187,0.003829895753139835
0,1,0.3379323797275375,0.6612491833348311,0.0008184369376314209
1,1,0.022721426673479782,0.9515931802483848,0.02568539307813535
0,0,0.6810520697025659,0.3185351635182947,0.0004127667791392199
1,0,0.6972618025271529,0.30193119833077114,0.0008069991420759386
0,0,0.8587024779093321,0.1410973428515778,0.0002001792390902146
1,1,0.37660684664171695,0.6198874564922252,0.0035056968660577953
1,1,0.07353150684086752,0.8469435165282998,0.07952497663083259
1,1,0.3312403469859158,0.6665993459216248,0.0021603070924592935
0,0,0.510999925314596,0.48844533339703194,0.0005547412883720142
1,1,0.4063745332734649,0.5928397827763753,0.0007856839501597954
0,0,0.9565454176083019,0.04338483656881429,6.974582288380773e-05
1,1,0.11147676365817005,0.8857350666090053,0.0027881697328246005
1,0,0.6905723728438148,0.30904417153973734,0.0003834556164478584
2,2,7.229292427679738e-05,0.0706844222025374,0.9292432848731859
1,1,0.37612566532743363,0.6230139646402588,0.000860370032307535
0,1,0.41042131184979275,0.5880293621013705,0.001549326048836768
1,1,0.09628685682181254,0.8829005761649634,0.020812567013224117
1,0,0.6844602709175508,0.3152442990710842,0.00029543001136502736
0,0,0.9651541661646367,0.03458332468688804,0.0002625091484754156
1,1,0.1118740849334995,0.8862802301512414,0.0018456849152591681
0,1,0.1609952711088109,0.813055606586006,0.025949122305183186
1,0,0.5060863271074529,0.49090244379123316,0.0030112291013140286
1,1,0.016115149302104642,0.9667242862893985,0.01716056440849691
1,1,0.1488038089041562,0.8496329367300709,0.0015632543657729508
0,0,0.8087332647113109,0.1911050118512108,0.00016172343747832848
0,1,0.09649445260123143,0.8334667651231936,0.070038782275575
0,0,0.7055737478990869,0.294327582485159,9.866961575412512e-05
1,1,0.10404487983437136,0.8850325327511559,0.010922587414472782
1,1,0.15049733200127316,0.8459052341085362,0.0035974338901905143
1,1,0.13097949886417246,0.867067428925446,0.0019530722103815435
1,1,0.33182075829156793,0.666904728441419,0.0012745132670130943
1,1,0.011387007641048594,0.9808690697045624,0.007743922654388962
1,1,0.4169176080641156,0.581995243287463,0.0010871486484214821
0,0,0.9698337987037325,0.030033322610879903,0.00013287868538760638
0,0,0.608450492900809,0.3904220014490733,0.001127505650117705
1,0,0.6085481068124085,0.3836963032028194,0.007755589984772082
1,0,0.5221668482331219,0.4772200366435071,0.0006131151233710438
1,1,0.26925349622339284,0.7296961431937261,0.0010503605828810238
0,0,0.5554797256651026,0.4441004983501918,0.00041977598470561734
0,0,0.6083494915865978,0.3915164207851951,0.0001340876282071714
1,1,0.27827556079051213,0.7166702891122863,0.005054150097201615
0,0,0.5718123879593272,0.42764271764889483,0.0005448943917780832
0,1,0.3844284877595848,0.614531440187807,0.001040072052608175
1,1,0.12945746759266463,0.8060192190104047,0.06452331339693061
0,0,0.5835467127806169,0.41565149122535666,0.0008017959940264025
0,1,0.011860791145286277,0.797302197953403,0.19083701090131067
1,1,0.21914142523047822,0.7623870269485877,0.018471547820933985
0,0,0.5331976653482375,0.46625917273765205,0.0005431619141104046
0,0,0.5186003385886999,0.4803975785489067,0.0010020828623934028
1,0,0.8740489155313858,0.1256820744627606,0.00026901000585373923
0,0,0.5778756533752513,0.42173422250956194,0.00039012411518679716
1,0,0.5197235424395759,0.4795158130733512,0.0007606444870729084
0,0,0.7089105162512604,0.2903752647902034,0.0007142189585361604
1,0,0.5528118572473746,0.44581404295976695,0.0013740997928584418
1,1,0.1080479852562571,0.8871758995290586,0.004776115214684143
1,1,0.28801683128060807,0.7110048353036154,0.0009783334157764695
0,1,0.19301626068510044,0.8002320692918775,0.006751670023021987
0,0,0.565219954951639,0.43444477125501296,0.00033527379334793756
1,1,0.3720784078235104,0.6267585572815241,0.0011630348949655158
1,1,0.3090390771819049,0.6897427888054534,0.0012181340126418549
1,1,0.05621150971381977,0.9370418245337649,0.006746665752415246
0,0,0.756013057771775,0.2434732554337979,0.0005136867944271589
1,1,0.4409634233921979,0.5579863167678747,0.0010502598399274596
0,0,0.7722895104089967,0.2276569685955536,5.3520995449805636e-05
2,2,0.0008509158347021666,0.34361381521158024,0.6555352689537177
1,1,0.309217713890978,0.6875720802566515,0.003210205852370373
1,1,0.2393053916134389,0.7571994268176696,0.003495181568891636
0,1,0.36662679393245295,0.6318862511464711,0.0014869549210759076
0,0,0.9331805571159933,0.06663775017136249,0.00018169271264416062
1,1,0.08439071509317919,0.9110263914140109,0.004582893492809871
1,2,0.0011863329520725564,0.2858127720928717,0.7130008949550558
2,1,0.017133439026317473,0.7611485452464252,0.22171801572725738
1,1,0.16254452101580663,0.8340413245369128,0.003414154447280437
1,1,0.059678998374990945,0.9374656444290809,0.0028553571959283063
0,0,0.5960443270953816,0.40352443309921976,0.0004312398053987026
1,1,0.06482027189356346,0.932334423974577,0.002845304131859338
0,1,0.4714292263949165,0.5273260557364865,0.0012447178685971057
2,2,9.42347172546179e-06,0.00044316555531243853,0.9995474109729622
0,0,0.8455849660109658,0.15428425137618426,0.0001307826128499835
0,0,0.8959089813379653,0.10404474671444867,4.6271947585993576e-05
0,0,0.9173136441421171,0.08263873078377947,4.762507410349625e-05
0,0,0.8131995190303121,0.18625919711461872,0.0005412838550692653
1,1,0.22307192094175243,0.7754387634105222,0.0014893156477253033
2,2,2.3679047666206158e-05,0.02714075307714947,0.9728355678751842
1,1,0.30994675529455,0.688895454202391,0.0011577905030590618
2,2,0.007170440551852973,0.3645815129087364,0.6282480465394106
1,1,0.30006156076299245,0.6985791385345663,0.0013593007024411705
1,1,0.02288237119040927,0.9583723760743628,0.018745252735227858
2,1,0.05434852339801997,0.7698313798536316,0.1758200967483485
1,1,0.22015063763151363,0.774694306745772,0.005155055622714376
1,1,0.4877069079332786,0.510947117102132,0.0013459749645893626
1,1,0.06486520581550033,0.9264318128379697,0.008702981346529946
0,0,0.9280587940013459,0.07182253178566314,0.00011867421299079648
1,1,0.4192393202697763,0.5794771069254852,0.0012835728047385663
1,1,0.17654488542726335,0.8216928702797623,0.0017622442929742445
0,1,0.3176930335813779,0.6791043977867619,0.003202568631860189
1,1,0.025350395088573213,0.9673213810523198,0.007328223859107017
1,1,0.18996265720093275,0.8023086207449021,0.0077287220541650235
0,0,0.9359520650442628,0.06395678424727481,9.115070846234556e-05
0,0,0.6052937034154091,0.3941059857470447,0.0006003108375462213
0,0,0.681189541053266,0.3183879681120677,0.00042249083466632757
1,1,0.030061031162882768,0.9615215628730525,0.00841740596406471
0,0,0.7672671704018417,0.23202294626870942,0.0007098833294487719
1,1,0.2315873012100305,0.7644141111302576,0.003998587659711882
1,1,0.2721933115553621,0.7219162713625595,0.005890417082078264
0,0,0.7175432061944852,0.28234132904778736,0.00011546475772750634
0,0,0.870793772225487,0.12907786303052152,0.0001283647439913904
1,1,0.16105799629920042,0.8337722133134586,0.00516979038734085
1,0,0.5966269514683885,0.40184009274922505,0.0015329557823864873
2,2,0.0012251084928187992,0.17834059046772105,0.8204343010394601
1,1,0.28441092840087645,0.7120537456955661,0.0035353259035574543
1,1,0.11787320685062849,0.8757419689471707,0.006384824202200813
0,0,0.9990972710501934,0.0008197242260259979,8.300472378060967e-05
1,1,0.2410952907997343,0.7562648882754066,0.002639820924858996
0,0,0.9415891138749756,0.05833551374340667,7.537238161770403e-05
1,1,0.13745959170772856,0.8614105401015978,0.0011298681906735607
0,1,0.3035002579665441,0.6948875792318653,0.0016121628015907197
1,0,0.6933732757736012,0.306236069464138,0.00039065476226080785
1,1,0.31992171508097816,0.6795979130177128,0.0004803719013090384
1,1,0.12965961782338054,0.8660166858250061,0.0043236963516134225
1,1,0.02221058592970847,0.7834345391913266,0.19435487487896508
1,0,0.629535372926756,0.3698326786859774,0.0006319483872664545
1,0,0.7671137681255937,0.23269737246739544,0.00018885940701091528
0,0,0.6266266617001777,0.37306316087867075,0.00031017742115163567
1,1,0.05483906920802169,0.9229356950948503,0.02222523569712792
1,1,0.13894552368176968,0.8576001356059718,0.003454340712258624
1,1,0.08429084365406754,0.9131452294793518,0.0025639268665806473
1,1,0.121209366303917,0.87574347123314,0.003047162462942867
1,1,0.032491684176373006,0.958344925729973,0.009163390093653892
1,1,0.05388139192691614,0.9432332482817131,0.00288535979137088
0,0,0.5798120690253139,0.42003969767812166,0.00014823329656437893
1,1,0.08810467511062504,0.9095330727812264,0.00236225210814855
1,1,0.051904981715138514,0.931422051359813,0.016672966925048504
1,1,0.025484854557901997,0.9559570543791739,0.018558091062924068
1,0,0.8951445791232197,0.1047607060660653,9.471481071504676e-05
1,1,0.0899441316361501,0.8494942172882028,0.06056165107564699
0,0,0.6838196678867613,0.3159661080907116,0.0002142240225271842
1,0,0.5484808563978156,0.45115010290703467,0.0003690406951496238
0,0,0.8490428793237975,0.15060542230539517,0.0003516983708073927
0,0,0.8592027029263021,0.1383284181906519,0.0024688788830459223
1,1,0.19487996758618956,0.8012285452611635,0.003891487152646799
0,0,0.9362630416445304,0.06250890314844436,0.0012280552070251707
1,1,0.1211145292930985,0.866817474439067,0.01206799626783458
0,1,0.45365465706942565,0.5453753835082416,0.000969959422332811
1,1,0.09971292391482633,0.8975548270336677,0.0027322490515058243
1,1,0.23353917425255524,0.7627067350810299,0.0037540906664147553
0,1,0.4700799755784495,0.5279319119061964,0.001988112515354061
1,1,0.19400128589475285,0.8021267996217637,0.0038719144834834366
1,1,0.19792044790496136,0.8005792077041007,0.00150034439093788
0,0,0.9792852953146168,0.02045537270630703,0.00025933197907605907
0,0,0.6813735092477345,0.3177130326788907,0.0009134580733746515
1,0,0.8110735752076589,0.18861659148458534,0.00030983330775580535
0,0,0.556779119345799,0.4424097127145081,0.0008111679396928128
0,0,0.9567700875237855,0.04298688779520875,0.00024302468100589287
0,0,0.6096077982497973,0.3901246048376175,0.0002675969125851937
1,1,0.40422575861393145,0.5948445398853032,0.000929701500765287
0,0,0.8260111480086677,0.17371333753990117,0.00027551445143105945
0,0,0.7273017338306738,0.27262514833530876,7.311783401738918e-05
1,1,0.18090798343773784,0.8154753691542088,0.003616647408053426
0,0,0.7576569625881069,0.24198770732054864,0.0003553300913444481
0,0,0.7174670235428546,0.28161932488067715,0.0009136515764681997
0,1,0.47913013925783615,0.520505889221061,0.00036397152110287384
0,0,0.7184600004421731,0.2813607891281887,0.00017921042963835418
1,1,0.3232081202093625,0.6749497894002041,0.0018420903904333406
1,1,0.17706800655691904,0.8194392720044757,0.003492721438605336
0,0,0.5864575431782094,0.4127010355939703,0.0008414212278203314
1,1,0.10662348201264771,0.6240750468364038,0.26930147115094843
1,1,0.17502478760996554,0.822901353085637,0.0020738593043973332
0,0,0.9176668596497475,0.08203472911788633,0.0002984112323662251
1,1,0.03313607478392065,0.5352614828734056,0.43160244234267375
1,0,0.5587637656884427,0.4390944594946255,0.0021417748169317856
1,1,0.05727971412560775,0.9390390101889544,0.0036812756854378323
0,0,0.7519657495836761,0.24716850833423132,0.00086574208209261
1,1,0.2134361147012728,0.7855823311550537,0.0009815541436734852
1,1,0.15333780634602318,0.8456499886899814,0.0010122049639954575
1,0,0.8925023976267947,0.10727520575524208,0.00022239661796299079
0,1,0.48728601541833366,0.5122764401219038,0.0004375444597626668
0,0,0.7280572985759366,0.27148606714127455,0.00045663428278872866
0,1,0.2849992617185959,0.7138216367959903,0.0011791014854136532
0,0,0.8564595519872493,0.14334851198796128,0.0001919360247893708
0,0,0.7209265332241359,0.27868480603408613,0.00038866074177795306
1,1,0.1240611271165416,0.8742043490817943,0.0017345238016641602
0,0,0.6416159932678395,0.35822811895297335,0.00015588777918713211
0,0,0.5071417850374299,0.4915331603797053,0.0013250545828647961
1,0,0.892836781410506,0.1070933275698515,6.98910196425949e-05
1,1,0.0911701534572779,0.9064390753123887,0.002390771230333441
0,1,0.2477387879055641,0.750614080396484,0.001647131697951817
1,1,0.0508678026486188,0.9447537252421769,0.004378472109204271
0,1,0.4800716546605536,0.5193792536492262,0.0005490916902202748
1,1,0.4447397748870325,0.5538415817739758,0.0014186433389917633
0,0,0.8945746734266345,0.10528682231880297,0.00013850425456235664
1,1,0.16069991456725097,0.8369378186353698,0.002362266797379335
1,1,0.10780297699502346,0.8903362964860494,0.001860726518927199
1,1,0.0860378153777515,0.9117858469010954,0.002176337721152923
0,0,0.744419207886419,0.2552732980205313,0.0003074940930497961
0,0,0.5957440882376982,0.4039598426137784,0.00029606914852340894
1,1,0.332140298123758,0.6653214087780687,0.002538293098173421
0,1,0.38251857196473643,0.6129630691364797,0.0045183588987838235
0,0,0.8064628270626598,0.19330441502703005,0.00023275791031016768
1,1,0.047727212988555964,0.949547714479182,0.00272507253226194
1,1,0.4094626130974285,0.5887361669127412,0.001801219989830161
1,0,0.6198101693190091,0.37971583189261926,0.0004739987883717359
0,0,0.8838243989736072,0.11609354455115911,8.205647523365565e-05
1,1,0.3358751434746003,0.661980288832815,0.0021445676925846125
0,1,0.07993040543462444,0.9164268628791113,0.0036427316862642895
0,0,0.7847335402667353,0.21515100609817683,0.00011545363508788538
0,0,0.6221510991746214,0.3775640203792154,0.0002848804461632001
0,0,0.8959975495077253,0.1035179846436054,0.00048446584866928367
