true_label,pred_label,pred_proba
0,0,0.3662661886111196
0,1,0.7884734527203419
1,1,0.9258693213328119
1,1,0.8429690364440242
0,0,0.07202572518438548
1,1,0.8879675200564034
0,0,0.41720013562716673
1,1,0.7284613629419133
1,1,0.978007915580272
1,1,0.8191951775158502
0,0,0.4145919942429453
1,1,0.796714139737944
0,0,0.0998706834619935
1,1,0.8114229686296174
0,1,0.6703721114104171
1,1,0.9627356136201908
1,1,0.942410503184711
1,1,0.6778449098119753
1,1,0.9904343119373016
0,0,0.40786112678469305
0,0,0.11691550123485277
1,1,0.8517581030144505
1,1,0.7918477484398252
1,1,0.9716350029098076
1,1,0.661451039166734
0,0,0.013670132663650773
1,1,0.7350082133373552
1,0,0.37415662826063434
0,0,0.20744818621108926
0,1,0.5247337398315595
1,1,0.8745269794470852
1,0,0.45419477822272125
1,1,0.5261456952186293
1,1,0.8666631773050222
0,0,0.3318807204009377
1,1,0.9805122270846467
0,1,0.6736757456260315
1,1,0.7491342729640399
1,1,0.7486000137365523
1,1,0.5620833555469825
1,1,0.9301891572360984
1,1,0.8666714821050319
1,1,0.8111478011942935
0,0,0.20119356278011133
1,1,0.6592368749007905
1,1,0.6745459539719361
0,1,0.5783363406571181
1,0,0.15845956321731358
1,1,0.8908643465259232
0,0,0.3978143261042475
0,1,0.954917358805231
1,1,0.8877062769482068
1,0,0.2522624183382733
1,1,0.5403369516651622
1,1,0.9720080119810061
1,0,0.05490307310149004
0,0,0.4902439264655559
1,1,0.9424884422595906
0,1,0.7024540074001068
0,0,0.30648829078518874
0,0,0.2857766202063991
0,0,0.4993097801497483
0,1,0.5877396407042549
1,1,0.9103497033385058
0,0,0.480458472716991
1,1,0.9652973424659443
1,0,0.3567732664958979
0,0,0.1034234186533284
1,1,0.6463441679332765
1,1,0.6097909149381256
0,0,0.22720952348394943
1,0,0.12285980305809609
1,1,0.5526765632127681
0,1,0.874755473554343
0,0,0.021298180637668418
0,1,0.6541945556095282
0,0,0.009652754346171797
1,1,0.7798590672870804
0,0,0.13654376485774355
0,0,0.3806830789963813
0,0,0.31833427224544997
1,1,0.9111786314267419
1,1,0.9552407986620846
1,1,0.7965083450133656
1,0,0.35351326932156185
0,1,0.5334250501703108
1,1,0.550928520530096
1,1,0.8322716060724075
1,1,0.9527125204049147
0,0,0.29313936577898664
1,1,0.9019350069733612
0,0,0.2657540549585502
1,1,0.7980972241281669
1,1,0.5606286491916652
1,1,0.9105583360235681
0,0,0.18219088734315067
1,1,0.9783148656306415
0,0,0.27405580102164745
0,1,0.5219929096070511
0,0,0.39763029930969374
0,0,0.24695076402529034
1,1,0.9249455736282178
0,0,0.33896425946479014
1,1,0.659844682735671
1,1,0.719770637120245
1,0,0.27047071024061564
0,0,0.06071373630596947
1,1,0.9381828323206621
1,1,0.976861507867833
1,1,0.9503926723405053
0,0,0.07698011180105634
0,1,0.5311197518577595
1,0,0.3780424244143101
1,1,0.7797919882851786
1,1,0.6683426928364943
1,1,0.9838543931938277
1,1,0.8315233574685038
1,1,0.8618397408737618
0,1,0.5774169055592653
1,0,0.42794570021493783
1,1,0.8308978623929947
0,0,0.2299595110910241
1,1,0.6686145227325743
1,1,0.8932775893562904
0,0,0.09051171508739331
1,1,0.8160612713384423
1,1,0.7858926425333247
1,1,0.9500438837631717
1,1,0.5808031522738791
0,0,0.28994178869663806
1,1,0.8788653305977591
0,0,0.41958895340260605
0,0,0.48979046778181534
0,0,0.17397602440830767
1,0,0.2076446714689955
1,1,0.9415234117730354
0,0,0.15728194247151445
1,1,0.9214576780169316
0,0,0.08984241825838443
1,0,0.33749807538577326
1,0,0.4421911858098057
1,1,0.924139472252097
1,1,0.9396950021074056
1,1,0.9457322923065926
1,0,0.4161681923145699
0,0,0.0638714204541296
1,1,0.9164040689377694
0,0,0.06283400006085298
1,1,0.6745617199993469
0,0,0.29487106873206936
1,1,0.8650781867576616
1,1,0.9310154914629902
1,1,0.854149317204774
0,0,0.4627678570405568
1,1,0.9601068419989567
1,1,0.9445643961123594
1,1,0.534166792692982
0,0,0.3788270339956958
0,0,0.4579646337327884
0,0,0.006928422671893825
1,1,0.5021478106986886
0,1,0.5496517649905147
1,0,0.08981359981373639
1,1,0.9992255897551305
1,1,0.5356051873804307
1,1,0.9282156095288655
1,0,0.3948904733069053
1,1,0.7359237244844443
1,1,0.7937223691444388
0,1,0.7271196234132982
1,1,0.8810821676098824
1,1,0.6588795418779092
0,0,0.4175134884705659
1,1,0.5930206005725867
1,1,0.8421155863015541
0,1,0.8613628792525152
0,0,0.2905189206410574
1,1,0.7600649290859887
1,1,0.9979783543766965
1,1,0.5241967001600112
1,1,0.9534514519492804
0,0,0.3173235738240858
0,0,0.045570530518633606
1,1,0.793031689850553
0,1,0.8500883087010297
1,0,0.4144017216435713
0,0,0.020116169134212367
1,1,0.9236100076210105
1,1,0.7842356552971446
0,0,0.04870595258292271
0,0,0.4619298406298118
1,1,0.9262692800985829
1,1,0.9340088425098748
0,0,0.2920495758082686
0,1,0.6200215417519452
0,0,0.05602787573549451
1,1,0.9476560220886323
1,0,0.3198527758764974
0,1,0.5832782407685884
1,1,0.8285281611768943
0,0,0.26427266083286927
0,0,0.2947342315118506
1,1,0.6816920074150379
0,0,0.37826950392555325
1,1,0.9812714503623362
1,0,0.36153721741385053
0,1,0.9426998818474351
1,1,0.8021416135395277
0,0,0.48984401466597055
0,0,0.19674274395914707
1,1,0.7391011835852259
1,0,0.4022097090838011
1,0,0.43166614638317624
1,1,0.9178594957638355
0,1,0.5627975018479142
1,1,0.8948707859940968
0,0,0.4783300395323728
0,0,0.13652762555848758
1,1,0.8245444246466975
0,1,0.8521735988500935
1,1,0.7842942797113431
1,1,0.5707482663565747
1,1,0.9088652424020678
0,1,0.5964475146259544
1,1,0.8561817474145247
1,1,0.6555623317066147
1,1,0.9547690131044875
1,0,0.3466419733000688
1,1,0.9839902686310822
1,1,0.9725036831293481
1,0,0.39344688813017004
0,0,0.034444815569354977
1,1,0.7214128693442683
0,1,0.5207229246543172
1,1,0.7558833718915208
0,0,0.002043986896788529
1,1,0.9984303252610535
0,0,0.08057197262920619
1,1,0.9057351454570368
0,0,0.49055644669946447
1,1,0.6218289209429958
1,1,0.9124527836923019
1,1,0.9507898583424128
0,0,0.07611750356868399
1,1,0.9247874862499067
0,0,0.21339121017153753
0,1,0.5953264449260129
1,1,0.9681868714377357
1,1,0.7868168146464978
1,1,0.9488621792228369
1,1,0.7173630152046732
1,1,0.9831883506441779
1,1,0.7350054247125032
0,1,0.6505888469546101
0,1,0.8042477117327966
0,1,0.8319136266345263
1,1,0.6517987294400434
1,1,0.6479182909807438
1,1,0.9436637237963956
0,0,0.3893250142685897
0,0,0.17574905027738041
1,1,0.6433825854053242
1,0,0.21487139516651438
1,1,0.6481358866103013
1,1,0.8375004555947445
1,1,0.9636148303981276
1,1,0.9444824790785153
0,0,0.22882018646476365
0,1,0.6942456609230544
1,0,0.40269052973340924
1,1,0.8662634276061847
0,0,0.19695436800970112
0,1,0.8448078161333668
1,1,0.5689600864763359
0,0,0.20190249123458953
0,0,0.11778184220418911
1,1,0.7790944155172148
0,1,0.5140219898755748
0,0,0.28866093970247597
1,0,0.20121821408420004
1,1,0.9521351051228942
0,0,0.2423993500000596
0,0,0.43333875074570294
1,0,0.13777819994156842
0,0,0.22359330532274982
1,0,0.43045593405993676
1,1,0.6774334351293569
1,1,0.9946328569152777
1,1,0.7530579158161873
1,1,0.8618406611897863
0,0,0.09184882646338667
1,1,0.8214567682054291
1,1,0.9992069429373862
1,1,0.9560219563451904
0,1,0.7325210023987854
1,1,0.8049522047815304
0,0,0.3237794279096542
1,1,0.8812573073326946
0,0,0.2442648688429668
1,1,0.8892983184309552
0,0,0.062015619760746855
1,0,0.49707296396611134
1,1,0.6615518220711593
1,1,0.8201740163365304
0,1,0.8140914958304705
0,0,0.07185571676590355
1,1,0.541515093517132
1,1,0.9266057724276932
0,0,0.3499204786983133
0,1,0.5769059129273314
1,1,0.807517083223559
1,1,0.9963474007058425
1,1,0.7660952387106548
0,1,0.5434708098748519
1,1,0.5808440908888065
0,0,0.3094613908892021
0,0,0.014604452861063748
1,1,0.7682836439996178
1,1,0.837421964897526
0,0,0.2787901302659224
1,1,0.5459088852800219
0,0,0.09563849008917137
0,0,0.38164778578017117
1,1,0.8103896694278538
1,1,0.8851832308842722
1,1,0.9581506986702775
1,0,0.40420757124338325
0,0,0.3366501911299264
1,0,0.13006230506946934
1,1,0.9872580969178217
1,0,0.0956232735414437
0,0,0.09163948523442562
1,1,0.800438237752322
1,1,0.9435217383657875
0,0,0.16726743450618914
1,0,0.2792473732626203
0,0,0.29350582838156625
0,0,0.03277468949192788
0,0,0.4653576203899486
1,1,0.9879471085641265
0,0,0.3184913385016244
1,1,0.9184070380078175
1,1,0.9878109684832064
0,0,0.2677871204394271
1,1,0.8755071475195512
1,0,0.44295497007672857
1,1,0.710679781306638
1,1,0.9434703002066219
0,0,0.47474512330845686
1,1,0.6595542322363211
1,1,0.5799195333112764
1,1,0.9521392003559842
0,0,0.2873107719439538
1,1,0.651908058118924
0,0,0.17488755258213506
1,1,0.7435131792985926
0,0,0.0496410596904226
0,0,0.19866265202938374
1,1,0.8696476028528651
1,0,0.19245514381275003
1,1,0.8457717071222222
1,0,0.11357066420117963
0,0,0.14539970801424212
1,1,0.8598602737539933
1,1,0.9514666885867509
0,0,0.24203157983517753
1,1,0.9612980876480106
1,1,0.7592745520016174
1,0,0.4861038827155786
1,1,0.9496482375965534
1,1,0.7003561220728454
1,0,0.4091948571818271
0,0,0.3611338806620529
1,1,0.5665630131575731
0,0,0.19947884210372804
0,0,0.28931039221693255
1,1,0.7496124400501156
1,0,0.48576474227218397
0,0,0.3013174713816818
0,0,0.34764719515480763
1,1,0.8933427556842939
1,1,0.7224353250502047
1,1,0.8695676708725666
0,0,0.007523803535446365
0,1,0.6418945899352154
1,0,0.1887551958932996
0,0,0.03300722205071928
1,0,0.16560411174830178
1,1,0.8190188764811701
0,0,0.47642019854515016
1,1,0.8771266352125678
1,1,0.577827657753633
0,0,0.4436656479674129
1,1,0.6364888110472889
0,1,0.575963939319656
1,1,0.7406403152741299
1,1,0.6986080333158265
1,1,0.8275114509583272
1,1,0.7578162588464912
1,1,0.9683045509777696
0,0,0.4545863709185305
0,0,0.2785852041675442
0,0,0.2754113170970793
1,1,0.9142680606507341
0,0,0.007037534871334128
0,1,0.8793025670002809
1,1,0.9364162688344186
1,1,0.612193402028884
0,0,0.13539965978665627
1,1,0.9650075170290915
1,1,0.9347393076875237
1,1,0.6988691063821335
1,0,0.38656855944050467
0,0,0.2950262876961202
0,1,0.987295259772164
1,1,0.867480472720504
1,1,0.9125751343193697
0,1,0.8181952986860896
1,1,0.5545677091197293
1,1,0.7348340545524567
1,1,0.8020885773100273
1,1,0.8635657625464751
0,1,0.5421110901332457
1,1,0.9051305640197113
0,1,0.7647565400927502
0,0,0.2677465081476713
1,0,0.2886112310277872
1,1,0.7482495462934141
1,0,0.4360033012571993
0,1,0.8399047854451323
0,0,0.1967969855170556
0,0,0.01558447828462412
0,0,0.14501025212336205
1,1,0.7679123710445283
0,0,0.39132683576731137
1,1,0.8525844525712148
1,0,0.38012990582560235
1,1,0.8833430060445848
0,0,0.41355248649480636
1,1,0.7760469650301208
1,0,0.2564494870834276
0,0,0.17932822783725552
0,1,0.816448299255252
1,1,0.7515349784261025
0,0,0.33964431777919096
0,0,0.15056754297427874
1,1,0.566648013506257
0,0,0.2883482922141251
1,1,0.917400856307009
0,0,0.28866239325576576
0,1,0.7503573670571798
1,1,0.8110634080145723
0,0,0.47364202819986406
1,0,0.4912983846309102
0,0,0.19965211605409094
1,1,0.6316275752890029
1,1,0.6116872302107336
1,1,0.8570080439744969
1,0,0.45183248933982934
1,1,0.7899336544711435
1,1,0.6327285034373072
1,1,0.8799838742075534
1,1,0.9242558768572023
0,1,0.5103192635193147
0,0,0.019802141543036566
0,0,0.12469749145299244
1,0,0.17897280734144422
0,0,0.10333320691752126
1,1,0.8972430977970326
0,0,0.31563862682361604
1,1,0.8768730339358645
1,1,0.6508228486484414
0,0,0.2610804354896465
1,1,0.8369449806865296
1,1,0.9432606773313852
0,0,0.36652357438567795
1,1,0.880658223469995
0,0,0.1747978714597762
1,1,0.7689007125418533
0,1,0.6721731815449757
1,1,0.6565898454638011
1,1,0.7245214709163625
1,1,0.799079285506479
1,0,0.49973109565414453
1,1,0.9054720242432008
0,0,0.06673220235708542
1,1,0.9884547005416269
0,0,0.4934116374256348
1,1,0.9521636632108808
0,0,0.3394086093196699
1,1,0.9423825186759596
1,1,0.7922396052239224
1,1,0.5822242893136875
0,0,0.29688489804887197
0,0,0.16145368745345412
1,1,0.9551170062635974
1,1,0.9695854976596489
0,0,0.28496729070745086
1,1,0.8380652014218357
1,1,0.7878824313307681
0,0,0.3900691115759643
1,1,0.9098138165546668
1,1,0.6606064727524429
1,0,0.4442443290081479
1,1,0.5215598992442931
1,0,0.2756460880978019
0,0,0.3643278615550156
0,0,0.3645133733268835
1,1,0.8656039689889586
1,1,0.9403999374435357
1,1,0.5700443393163833
0,0,0.24828940389704
1,1,0.9040163297920407
1,1,0.9575547765553418
1,1,0.767882912336801
0,0,0.011667835626184555
1,1,0.7917300867471109
1,1,0.5496448471922403
0,0,0.11839585583028867
0,1,0.6025725884868829
1,1,0.8963036748976038
1,1,0.8451711199876139
0,0,0.1700272134128899
0,0,0.19216610156194833
0,0,0.19275289744892604
1,0,0.22911813366380648
1,0,0.48021785272206474
1,1,0.8383349094769916
1,1,0.5915665677270474
0,1,0.9233710620093427
0,0,0.4354806259284011
1,1,0.9359144895629399
1,1,0.9550360072137524
0,0,0.36302564666880194
0,0,0.19147647932883338
1,1,0.9641716677809434
1,1,0.7644053499690918
0,0,0.07861166925746671
1,1,0.5221377968109789
1,1,0.9717843858173137
0,1,0.6235835710226622
0,1,0.9572314029738547
1,1,0.7627837264160265
1,1,0.7418999072972481
1,1,0.9373007787575215
1,0,0.42496144635558497
0,1,0.8362953404350055
1,0,0.012823178531762297
1,1,0.8468837369184674
0,0,0.015108954855970158
0,0,0.12738987655490894
1,1,0.8491112846317562
0,0,0.3386300996914654
0,0,0.09208985123490193
0,0,0.3162934014452747
0,0,0.16329976539960933
1,1,0.7593807980652479
0,0,0.23569487985124418
1,1,0.9613575783904014
0,0,0.2013255672317876
0,0,0.11223939727219678
0,1,0.8840160223132363
1,1,0.5017664769242138
0,0,0.38301367387553725
0,0,0.23963770572739304
1,1,0.612551993961012
1,1,0.5115412834668556
1,0,0.3461227273502187
1,1,0.7745892657289145
1,1,0.6552688070130652
0,1,0.6285121242601349
1,1,0.7259071186923989
1,1,0.9990023000658725
1,1,0.9792286825961334
1,1,0.9569595586264297
0,0,0.10669226149050698
0,0,0.16468322701698154
0,0,0.36112974505100326
1,1,0.7204457362920449
1,0,0.4923612912784123
1,1,0.788297817965346
0,1,0.6829072901567671
1,0,0.4086313116032797
1,1,0.6116171366941064
0,0,0.26260968018045505
0,0,0.4775313508776284
1,1,0.6114345771299045
1,1,0.9096816795972692
1,1,0.9066681045689285
1,0,0.32329995574386167
0,0,0.07176643671421667
0,0,0.13894572350829032
1,1,0.8659090052711536
1,1,0.9227613167808351
0,1,0.5245873494273898
1,1,0.6785876340274483
0,0,0.39281641808151485
0,1,0.7027048762502593
0,0,0.18601916656586326
0,1,0.7407019003987326
0,1,0.7886909127644033
1,1,0.5479477883318526
1,1,0.8471018600939555
1,1,0.7114114740065255
1,0,0.39898562577742125
1,0,0.4441940515620961
1,1,0.6465894018066841
0,0,0.4144371779109265
0,0,0.4328501206663787
1,1,0.6324479009112903
0,1,0.9010936390122023
1,1,0.6593794886997681
0,0,0.352123240109177
1,1,0.9761812141763676
0,0,0.4853004604502611
1,1,0.997706343689746
1,1,0.6036661029828291
0,1,0.8869361125173484
1,1,0.984533163056827
1,1,0.8111160691374124
0,1,0.6647076400840148
0,1,0.7736224740414587
0,0,0.15157293219833523
1,0,0.1544801464920076
1,1,0.8004425550397455
0,1,0.7906944709123592
0,0,0.1636197300967556
1,1,0.5331178443187469
1,1,0.8910897965577559
1,1,0.9993502314195145
0,0,0.2615428441723734
0,0,0.45429594521274225
1,1,0.9502040366255624
1,1,0.6913360788647547
0,0,0.2920221346708953
1,1,0.9526485777577686
1,1,0.9640600619439291
1,1,0.8368607457770512
1,0,0.278558488113808
1,1,0.71970496017467
0,0,0.26305727689204883
0,0,0.2967407611112441
0,0,0.10491476097467275
1,1,0.6844066185307848
0,0,0.4988669657104308
1,0,0.2127251973642555
0,1,0.7072743570873856
0,0,0.40957160397589093
1,1,0.9660297008960443
0,0,0.030644088395192386
1,1,0.7581337210533654
0,0,0.13701616944660341
0,0,0.0660719293419803
1,1,0.9287523238740728
0,1,0.518076787423991
1,1,0.9511896699297793
1,1,0.9391663015346369
1,1,0.889824665808826
0,1,0.6853170191948711
1,1,0.912959414587049
1,1,0.9383569407610327
1,1,0.5797023232225724
1,1,0.8551769386347282
0,0,0.3336300565465538
0,0,0.3375938654350459
1,1,0.9984169333421903
0,0,0.23422554295801257
1,0,0.4996878731910587
0,0,0.12405258394185507
0,0,0.08656996519426277
1,1,0.7101556827098792
1,1,0.9093626747565217
1,1,0.7713176620758929
1,1,0.6171265570719593
1,1,0.658729920203765
0,1,0.8696480070522663
0,0,0.43175132465766497
1,0,0.3900533178253758
1,0,0.24739376143098932
1,1,0.960407074471014
1,1,0.9795166973166891
1,0,0.3779425310832742
1,1,0.974525260237823
1,1,0.8198439886219214
1,0,0.4781304528001414
0,1,0.7237436659725855
1,1,0.5335935141210392
0,0,0.4732597560864373
0,0,0.10059221180552545
1,1,0.712138380711001
0,1,0.5243868174293635
0,0,0.4860828498490898
1,0,0.3684889469971164
0,0,0.1289212932558255
0,0,0.17781246565633888
0,0,0.4524384346835843
0,0,0.2897175615916863
0,1,0.5640409252502022
0,0,0.02706615377441672
1,1,0.9991171632944189
0,0,0.18591304973806289
1,1,0.9875623834455292
0,0,0.3192143530068521
0,0,0.3768858123691063
1,1,0.9127520966707617
0,0,0.2642278534133161
1,1,0.7551972868912598
0,0,0.19293310477279393
1,0,0.4098716662377835
0,0,0.0540639955621594
1,1,0.7436708672276495
0,1,0.6588865158449467
1,1,0.6673381154414141
0,0,0.19649828945000808
0,0,0.1225081588683531
1,1,0.7097503736780427
1,0,0.3538753648311459
1,0,0.42762134785992195
0,0,0.035020001230129244
0,0,0.12636948163654202
0,1,0.6702423386233565
1,1,0.9986542082044347
0,0,0.36298041283641413
1,1,0.924849136745578
0,0,0.4005137036411103
1,1,0.8839754996328795
0,1,0.6342693090148691
1,1,0.5008682833963606
0,0,0.30397988468271014
0,0,0.10664093299838887
1,1,0.5050152046580464
1,1,0.7331464468722155
1,1,0.7289143451558061
1,1,0.889467370077139
0,0,0.15533090453274814
1,1,0.9984349470453623
1,1,0.725929841530881
1,1,0.8562197536669441
0,0,0.2926846113652883
1,1,0.7303431530770689
0,0,0.29669014367739627
1,1,0.9102427573837256
1,1,0.782679728885901
1,0,0.36240004279219734
0,0,0.19543163637297573
1,0,0.20764990170788317
0,0,0.4217535420852282
1,1,0.92581327182563
0,1,0.6805072905749072
1,1,0.9787894890804972
1,1,0.623226400809631
1,1,0.835780068263603
1,1,0.5945027291986841
0,0,0.46885094398786176
1,1,0.6626282678850588
1,0,0.46304162766119683
0,1,0.7931037106174768
0,0,0.14244771850798166
1,1,0.9399403604172427
0,0,0.06347355484828393
1,1,0.5918231623231442
1,1,0.6554902443005437
0,0,0.28459595976163543
0,0,0.22581824996436628
0,0,0.4406429635085136
1,1,0.7718883274024171
1,1,0.9692034117117667
0,0,0.30450717186970105
1,0,0.18662648789629172
0,0,0.02740184942959641
0,0,0.3299032892055226
1,1,0.7405751894345133
0,1,0.5306577117422914
0,0,0.35573460455987643
0,1,0.6880353788185479
1,1,0.9675130889999466
1,1,0.8681014219554863
1,1,0.8360545672935482
1,1,0.7367116162924733
0,0,0.3115404553329489
1,0,0.3644771564053272
1,0,0.31821773988707364
0,1,0.5217223362792243
1,1,0.842582823306845
1,1,0.5374698968145323
0,0,0.3113507287957425
1,1,0.5388254170885363
0,0,0.30520193049137223
1,1,0.9915399008838465
1,1,0.9105889156460497
1,1,0.8664216116070164
0,0,0.3680272922811122
0,0,0.12910157263481276
1,1,0.9707301080882752
0,0,0.1439242515192737
1,1,0.7956982306657692
0,0,0.002921316881071145
0,0,0.3114053165013564
1,1,0.6627717916252299
0,0,0.17043178259030403
1,0,0.2730239351884352
1,1,0.9731582579008861
1,1,0.9236205747778612
1,1,0.8419710149476439
0,0,0.2094125466273337
1,1,0.8507224020963207
0,0,0.14777421682352807
1,0,0.20558806241406594
1,1,0.8590630905849039
0,0,0.11281327826551171
0,0,0.2862353897789787
1,1,0.9253652062031241
1,1,0.6947976158320261
1,1,0.7887553704308631
0,0,0.16186439199897334
0,0,0.3488934161092926
0,0,0.35971790872137577
0,0,0.06744644576225389
1,1,0.8863229405461016
1,1,0.7300315723724091
0,1,0.7081828049360026
1,1,0.922796731011234
0,0,0.37549197468570206
1,1,0.9303634909193322
1,1,0.5057607304827687
1,1,0.6681064034207971
0,0,0.06908553056507787
1,1,0.9251598286335414
1,1,0.943396630408269
0,0,0.2588122615970404
0,0,0.049150658534338906
0,0,0.04699428541331397
0,1,0.5472150369432871
1,1,0.9098996756800033
0,0,0.02968838157132664
0,0,0.4143170655805483
0,0,0.34722104062028925
1,0,0.3508770090766161
1,1,0.6630965422118363
1,1,0.8117436249614878
1,1,0.8420224624758771
0,1,0.5762481777678226
0,0,0.236988579909873
0,0,0.13541036637592993
0,1,0.6046978270720382
1,1,0.6159727070002593
0,0,0.010069334487986442
0,1,0.6943993923625087
0,1,0.5168172788753658
0,0,0.363197078911746
0,0,0.0651818656571135
0,1,0.5273805955580009
0,0,0.28169557749115953
1,1,0.9577151877355877
1,0,0.18777343803782423
0,1,0.5024592636165233
1,1,0.8306552249590695
1,1,0.9636231449524782
0,1,0.6570068619515355
1,1,0.6127144082450813
0,1,0.9014306181862531
0,0,0.3176255759536942
0,0,0.4126787748707253
0,0,0.07713048735872184
1,1,0.5295637776082044
1,1,0.9878460645861509
0,1,0.9205134108387639
1,1,0.944005376331732
1,1,0.8819913175031519
0,0,0.003763409622153334
1,1,0.9710223308369236
0,1,0.7801536852740342
1,0,0.3874447267001109
1,1,0.7177717635839213
1,1,0.673173261725882
0,0,0.023177264403889397
1,1,0.8786934377833102
0,0,0.26172624009250467
1,1,0.5421312803071939
0,0,0.35835178954417496
1,1,0.9467224814972447
1,1,0.9363181960479011
0,0,0.47830959368731546
1,0,0.38364964877988694
0,1,0.9638239936149865
1,1,0.7505275805293942
1,1,0.6993117385158669
1,1,0.5063564524464207
0,0,0.017413040610666113
0,1,0.6261330817367575
1,1,0.9702018245113698
1,1,0.8314445586940893
1,1,0.8990265557294306
1,1,0.6868368503230745
0,0,0.21844550904801205
1,1,0.9186772308611484
0,0,0.06330045732707425
1,1,0.7646799425555205
0,0,0.430218326202764
1,0,0.24455705504220282
1,1,0.90671441452242
1,1,0.7873481231218504
1,1,0.8696971019650866
1,0,0.2646078564212638
0,0,0.3542232802090796
0,0,0.23587418362556392
1,1,0.6955787257436999
1,1,0.7189615624077181
1,1,0.9809945322236491
0,0,0.2590848373220843
0,0,0.2714518215500788
0,1,0.6678833799815107
0,0,0.0139488836648027
1,0,0.4512169793810477
0,1,0.6514173962812819
0,0,0.16245451032432537
0,1,0.6925264386722937
1,1,0.6954689440402451
1,0,0.4133152591315926
1,1,0.9579758015915738
0,0,0.08320320482404456
1,1,0.9988412970663335
1,1,0.5626618434782271
1,1,0.9598193066741925
0,0,0.2216999119190858
1,1,0.5501126185214199
1,0,0.38426310926927043
1,1,0.5625832998902498
0,1,0.5801995601874018
1,0,0.1440415851722744
0,0,0.10893496222921145
0,0,0.28744084041252327
0,1,0.6279336678123134
1,1,0.8456192743574787
1,1,0.9810905480584032
0,0,0.4625474010467461
1,1,0.7224083472338391
1,0,0.4369344153795313
0,0,0.24778672319527076
1,1,0.9468342823475203
1,1,0.9607808040326936
0,0,0.2763295101530577
0,0,0.36056400116370707
1,1,0.9705177374711791
0,0,0.2178237876474425
1,1,0.6804142270548289
1,0,0.39273037446864323
1,1,0.9557338438928772
0,1,0.6043792239355863
1,1,0.6296886581602456
1,1,0.8352816219503678
0,0,0.3481275544038124
0,0,0.17903952281647598
1,1,0.7863365975542878
1,1,0.8956047931704967
0,0,0.050710702333029184
1,1,0.7064623661953159
1,1,0.5026897787774551
1,1,0.6373509461862743
1,1,0.9542548628037623
0,0,0.332612917764332
0,0,0.32415914636618653
0,0,0.34422874016690824
0,0,0.45544071518082757
0,1,0.557804373604892
1,0,0.42873786515594553
1,1,0.7048308381202777
1,1,0.7546560798502482
0,0,0.3863568151180134
0,1,0.5170466477489757
0,0,0.3756134319732208
0,0,0.38215698983798563
1,1,0.9626249257255395
1,1,0.9619747061897874
0,0,0.242486083371561
1,1,0.6377390410488779
1,0,0.2939083183227264
0,0,0.1873521218692851
0,0,0.11312856035072702
1,1,0.8644460369361616
0,0,0.15523173040287006
1,1,0.9266918973452969
1,1,0.9283753571818768
0,0,0.18165593924093376
0,0,0.057001693493689276
0,0,0.05956896894359706
1,1,0.8464188993087284
0,1,0.793437312408263
1,1,0.9855091779504027
0,0,0.09109953774210525
0,1,0.7733416871548944
1,1,0.7864593920208792
1,1,0.7242118577746431
1,1,0.7980960566111661
1,1,0.8721601116595137
0,1,0.7377784261258339
0,1,0.8804155525994916
1,1,0.5572009284092346
0,1,0.8953759855253586
1,0,0.41324297131884336
1,1,0.8167097020127244
0,0,0.3799191894079348
1,1,0.9720173381220784
0,0,0.4256380945472863
1,1,0.7497077480702818
0,1,0.5729936420766213
1,1,0.9207410980496844
0,1,0.6819194200961166
0,0,0.41308511665944825
1,1,0.8599749526588387
1,1,0.8440084942075993
0,1,0.5790486247186792
1,1,0.6010481656099224
1,1,0.8027180740695977
1,1,0.6227495667542541
1,1,0.8500483626700522
1,0,0.42075554270843013
0,0,0.14029364437902406
0,0,0.00980666717208097
0,1,0.6754653972659542
0,0,0.18103863888714827
1,1,0.5338990066506282
1,1,0.7710231536105536
0,0,0.008881287640127536
1,1,0.5353854225094137
0,0,0.16126475100841275
1,1,0.6669822115742053
0,1,0.5540634491767646
0,0,0.15627619611295102
0,1,0.5229245983162257
1,1,0.5222222335171584
1,0,0.3696027263203769
1,1,0.6199714062043579
0,1,0.6753034103971551
1,1,0.7651485910218802
1,1,0.7491918458789192
0,1,0.8536897316972717
1,1,0.5749453306550173
0,1,0.6306989388200823
0,0,0.08705159985118197
0,0,0.21606052557155747
0,1,0.5424267419707014
0,0,0.09119171578271536
0,0,0.08226064806253716
1,1,0.6947591879217445
1,1,0.671301512943173
0,0,0.13239769299103188
0,0,0.18076357242743385
1,1,0.8423490906326631
1,1,0.7868384452135897
1,1,0.970665444118444
1,1,0.8125909639425213
1,1,0.9277584272862832
1,1,0.907659054354827
1,1,0.9865852148221668
0,1,0.744338831001832
0,1,0.7212923168047228
1,1,0.9421234809578083
1,0,0.20839460652104272
1,1,0.5453258966793595
0,0,0.06373249144350392
1,1,0.8802275834952569
1,1,0.9413925879537183
0,1,0.8766800574954975
0,1,0.5433763176971705
1,1,0.7518350907006892
1,1,0.6008216888260873
0,0,0.010032912109158907
1,1,0.8342797081004725
1,1,0.6289044903527844
0,0,0.13623120734467786
1,1,0.640559418186358
0,0,0.30839659022630644
1,1,0.6074434116301051
1,1,0.78842897192228
0,0,0.09823429367686722
1,1,0.5932459403771436
0,0,0.4346757093408974
0,0,0.18027219553740967
1,0,0.2173791448919926
0,1,0.5849782624269689
1,1,0.8147231385847757
0,0,0.1687927923658311
1,1,0.8447509392658447
0,0,0.2448291692811683
1,1,0.8146337647806937
0,0,0.10322386493890952
1,0,0.3927444959139791
1,0,0.22941514934734905
1,1,0.8927774493697774
1,0,0.24337941573435196
1,0,0.07490963911924231
1,1,0.9303827216907328
1,1,0.8041572092793667
0,0,0.2461489836216421
0,0,0.49663335648769485
1,1,0.8781517169187134
0,0,0.18326826816654898
1,1,0.5291084800300063
0,0,0.357482242098755
0,0,0.22079081766140143
1,0,0.47276809338934395
1,1,0.7694244180119195
0,0,0.49896267368794545
1,1,0.7283492885123287
1,0,0.13572387317466844
1,1,0.8942315746226239
1,1,0.8011587336739576
0,0,0.0902715750295084
1,1,0.8725969332672486
1,1,0.9186478895735535
0,0,0.17703271636292342
1,1,0.9744738535928167
0,0,0.48494859574476895
1,1,0.9805709425798292
1,1,0.8726166919912755
0,0,0.24637777167109856
0,0,0.006864072227458246
1,1,0.8207187236196962
1,1,0.6633258541102933
0,0,0.06285418958868574
1,1,0.5487641370219565
1,1,0.7715937928404685
0,1,0.6529694346208295
0,0,0.19921261317335265
0,0,0.020815325589907775
1,1,0.8073957456613134
1,1,0.9768276444600683
1,1,0.9140328938544425
1,1,0.954476597369321
0,0,0.18634440597293422
1,1,0.6211778345984864
0,0,0.4670894397574374
0,0,0.14278027874140814
1,1,0.9187602879838959
0,1,0.6962063712059324
1,1,0.5325147977733075
1,1,0.8851601057871092
0,1,0.8140699263464939
1,1,0.7728916083427186
1,1,0.6937445014637534
0,0,0.03423483862418539
1,1,0.982062046031776
0,1,0.6676412810138832
0,0,0.1963416100792505
1,1,0.9670390544692877
1,1,0.6375519972769359
0,1,0.84122285119543
1,1,0.9262142963783194
0,1,0.6504993233249164
0,0,0.26734023296288956
1,1,0.8682720986408815
1,1,0.8944775292836356
1,1,0.871950829808023
1,1,0.7343220322988204
1,1,0.8323654898768907
1,1,0.5544644977837131
1,1,0.9990230613379695
1,0,0.4570451930141759
1,1,0.702667072476039
1,1,0.6482705513055651
0,0,0.488894822845748
0,0,0.15633906889820776
1,1,0.8075695050278179
0,0,0.30173414578724767
0,0,0.20119253126311862
1,1,0.9697599826026155
0,1,0.9160546367636774
0,0,0.13666646440543526
1,1,0.9415725755304993
0,1,0.5292824581311255
0,0,0.17657008195270424
1,1,0.832824938194216
1,1,0.5302682893502704
1,1,0.7404692153034029
1,1,0.8951219452352669
1,1,0.6498604020396741
1,1,0.9894148574044205
0,0,0.21187241954416644
1,1,0.9630731363311118
1,1,0.8870970696624015
1,1,0.9626589453970988
1,0,0.2628327181801336
1,1,0.5956197723807255
0,0,0.3683638363323039
1,0,0.304434221100725
1,1,0.7544671226354116
1,1,0.6743468897068247
1,0,0.42997883407909615
1,1,0.6867630924637768
1,1,0.8980826133411594
0,0,0.11017154015837965
1,0,0.4799510942137236
1,0,0.38320233691038846
1,1,0.949379555905979
1,1,0.9270842192849966
1,0,0.19934930500366277
0,1,0.5204574762753027
0,0,0.33523211781495765
1,1,0.7608929965795093
1,1,0.7116759506748939
0,0,0.11205297623490569
1,1,0.8218323736912273
1,1,0.6186826098819467
0,0,0.267323752741107
0,0,0.498803368667734
0,0,0.4067447303899216
0,1,0.7556582509179525
1,1,0.6211583921928587
0,0,0.0713773817789233
0,1,0.6597047696071724
1,1,0.900287056262135
1,1,0.9988157987828709
1,1,0.734676034517944
0,1,0.8471258639863167
1,0,0.30179258714543344
1,0,0.4844617780641948
1,1,0.9170863507834596
0,0,0.058929523687015394
1,1,0.8808345650133145
1,0,0.3061190557785045
0,0,0.044189958756702945
1,1,0.84692313488561
0,1,0.6413846423641822
1,1,0.6914907699456825
1,0,0.44257485055678236
0,1,0.5948181483517729
1,1,0.7585444902928951
1,0,0.14169252483637315
0,0,0.21713419066460707
0,1,0.9096772446334735
1,1,0.8231389777428305
1,1,0.5609872708586097
0,0,0.300881667155409
1,1,0.948819217406154
1,1,0.9339300422427171
0,0,0.2566011245583149
1,1,0.7416655079202736
0,0,0.27063070079910284
1,1,0.7977727770395532
0,0,0.23865204602142245
0,1,0.6110723947571565
1,1,0.7745997440227069
0,0,0.4882417781205896
0,1,0.7128079551714283
1,1,0.6548339345736688
1,1,0.8422562991635448
0,1,0.593510314093287
0,0,0.3005790325141569
1,1,0.5130939291192569
1,1,0.8973203637682512
1,1,0.9774217352693042
1,1,0.8409120720495251
1,1,0.7134470802577044
1,1,0.861894032631797
1,1,0.5401609897248685
0,0,0.1696621667898724
1,1,0.7083785777916547
1,1,0.9792630952826165
1,1,0.8755889590833786
0,1,0.8964711102511174
1,0,0.42830118325255245
1,1,0.8736655525420123
1,1,0.5324550002571676
0,1,0.7695981089725992
0,1,0.5552465969813722
1,1,0.6986771149277096
1,1,0.9716123520281122
0,0,0.12475111956467064
0,1,0.6885966193941626
1,1,0.9677634675647679
1,1,0.8766677469747901
0,1,0.743512432204095
0,1,0.6251391939900217
1,1,0.6986957461760485
0,0,0.43883504529985023
1,1,0.5623074627044709
0,1,0.6217032414985585
0,1,0.6788849508124479
0,1,0.9093543961274974
1,1,0.9003755300523238
1,1,0.8574132772798302
0,1,0.8949461981458656
1,1,0.5723614558472361
0,1,0.5171939101894121
1,0,0.3308659429331537
0,0,0.028828711603181033
0,1,0.5352434753718553
0,0,0.16192744417563576
0,0,0.278814469980114
1,1,0.6305156870940606
0,1,0.5157081154625133
1,1,0.930485561041654
1,1,0.7090782046918482
0,0,0.23616808628424657
0,0,0.18019897802071047
1,1,0.9343348411196204
1,0,0.051947600889990744
1,1,0.9562355458192006
1,1,0.8235841518739793
1,1,0.6426516637423986
0,0,0.22539027451385416
0,0,0.4808339113129224
0,1,0.7249204957255369
1,1,0.930578903358806
0,0,0.00755520122146031
1,1,0.9691756304118536
0,0,0.48818944580452134
0,0,0.43736860434994684
1,0,0.4302268611980489
1,1,0.9974706411408881
1,1,0.966510343146531
1,1,0.7241860627211855
0,0,0.11504078103846922
1,1,0.5416577323444192
1,1,0.8660275979770342
0,0,0.18845164860259025
0,0,0.44765125580410037
0,0,0.46380503645649496
0,1,0.7995272634291487
1,1,0.9042842391937483
1,1,0.6543997335748909
0,0,0.04554477506715967
1,1,0.7823439697340084
1,0,0.34740908386082153
0,0,0.021381894934051807
0,0,0.12890754677452873
1,1,0.9205372569253095
0,0,0.2645294724706767
0,0,0.4766419285767469
0,0,0.44412238819508604
0,1,0.7201482681019987
0,0,0.14288423365452355
1,1,0.7435206817912997
1,1,0.5485426353681491
1,0,0.3250720841542552
0,1,0.627909835878264
1,1,0.9326647444549903
1,1,0.9879703994645022
0,0,0.4735237703021116
0,0,0.18397607164867869
0,0,0.11891143107656947
0,0,0.04347282971760877
0,1,0.66743269955448
1,1,0.9310199522894985
0,0,0.21006397346522604
0,0,0.44818120747541534
0,0,0.38423223969411646
0,1,0.7982145948459655
0,0,0.3336448167990396
1,1,0.6107564885570674
1,1,0.9368788257614674
1,1,0.7820916423896405
0,0,0.07244671034689257
0,0,0.18327807364564744
1,1,0.9639714122958201
1,0,0.3056615966232929
0,0,0.37304953727432044
0,1,0.6937948691739751
1,1,0.9829287421903077
1,0,0.48755885788356135
0,1,0.723410208533835
1,1,0.9493117510796544
1,1,0.913176699092982
1,1,0.9815472216940594
0,0,0.1102255807357358
1,1,0.9970343786885765
1,1,0.9115282488537134
1,1,0.975949574765422
1,1,0.5104217569541896
1,1,0.6860713093799409
0,0,0.20085202566694227
0,1,0.761311847992868
0,1,0.7010357210931237
0,1,0.7617236097996685
0,1,0.6506418317637315
1,1,0.8795529832534907
1,1,0.9996222920947851
0,0,0.3203248288808629
1,1,0.7914815062877941
1,1,0.7680729432598633
1,1,0.5934061142474366
1,1,0.9835616709324587
0,0,0.46927338088331666
1,0,0.4711635567219901
0,0,0.07475722536454159
1,1,0.7054201518283051
0,0,0.19512694632048005
1,1,0.6377090264111884
0,0,0.40314571679685257
1,1,0.9491870649781077
0,0,0.42307150765204254
1,1,0.5851181400340054
1,1,0.978646375899377
0,1,0.5524900135902888
1,1,0.8590064040056108
1,1,0.5134156841334888
1,1,0.7135979676097601
0,1,0.8161813943051741
0,0,0.1237555189684251
1,0,0.47091383682257126
0,0,0.4704235724255744
0,0,0.0763869581878235
1,0,0.43654169390171715
1,1,0.5946102900921995
1,1,0.6209410120146851
0,1,0.5363860221321372
1,1,0.6703604991163991
0,0,0.45315118331288723
0,0,0.15422961664236765
1,1,0.7361265973258162
1,0,0.16966822940585413
0,0,0.01726471490822313
0,1,0.5542249636316029
1,1,0.9204135240740647
0,0,0.2232422878454481
0,0,0.4213000217484954
0,1,0.6456511914877159
0,0,0.1479339064534107
0,0,0.34781549154458274
0,0,0.2535948055545084
0,0,0.1785927111950146
0,0,0.055496124059322624
1,1,0.7212863670624824
1,0,0.3717665906026134
1,1,0.9376095288144093
0,0,0.04444961199206717
0,0,0.3682293732401188
1,0,0.23468786019717774
1,1,0.71684892776761
1,1,0.6867906865986358
1,0,0.46569523284491127
0,0,0.3979695690179989
1,1,0.7455522906797735
1,1,0.8231782453851146
0,0,0.39764552275073767
0,1,0.6560183836585708
0,0,0.43757663735539315
1,0,0.4907057123004675
0,0,0.007717135813463141
1,0,0.2870097501409544
1,0,0.3627242725916388
1,0,0.28806799253723303
1,1,0.9285710453260289
0,1,0.5988190364703871
1,1,0.6628445228901958
1,1,0.910884529347774
1,1,0.577619569387279
1,1,0.8490520148468953
1,1,0.9000712694265932
1,0,0.39799887759296176
1,1,0.963263000492974
1,0,0.4744635317207548
1,1,0.6716126713355234
0,1,0.5286635925774235
1,1,0.9520393825746236
0,0,0.32513222474548853
1,1,0.9845282222448727
0,0,0.26834512999056653
1,1,0.9157524078880688
1,1,0.9087861503363466
0,0,0.23567814093124664
1,1,0.9534611440708216
1,0,0.3899881623768268
0,0,0.3958574376265966
0,1,0.7121811159502193
0,0,0.1746086859104055
1,1,0.8516078284801224
1,1,0.6599574983479873
1,1,0.7087310078698174
0,0,0.27645533090917734
0,1,0.7073685244988344
0,1,0.8294578383043523
1,1,0.8600800038268669
1,1,0.8949751689204036
1,1,0.6933392981323182
1,1,0.8024561778885124
0,0,0.4574993028483385
1,1,0.5586430745453761
1,1,0.9818914634611959
1,0,0.47012854726842385
1,0,0.3261281215141296
0,1,0.7982936169632677
1,1,0.7187035502957617
0,0,0.2861752035304989
1,1,0.543976555848668
1,1,0.8235580395363077
0,0,0.161065694521637
1,1,0.8290658185817767
1,1,0.7824245009491504
0,1,0.7714905905704971
0,0,0.22256209751751505
0,1,0.8689550595183825
0,0,0.06459882511961024
1,0,0.1885189436740625
1,1,0.9506381395682805
1,1,0.7500811989348588
0,1,0.6276529103978994
0,1,0.7249805264393808
1,1,0.7794913309868243
0,0,0.1652952844007721
0,0,0.2360860348422245
0,0,0.08986488744753815
0,0,0.2354679575947717
0,0,0.2635142477735141
0,0,0.4140873443604023
0,0,0.20037076047884758
1,1,0.9046729839475193
0,1,0.7623357895044677
1,1,0.7379034406889006
1,1,0.7366141034314712
1,1,0.7124491110426223
0,1,0.565023929795976
1,1,0.5737786603099213
0,1,0.9457674337716802
1,1,0.8096279850140401
1,1,0.8384029995438824
0,0,0.19865773839203982
1,1,0.9978726241525696
0,1,0.7185849831231838
1,1,0.8397554204949911
0,1,0.8377336783794233
0,1,0.5818181270966635
1,1,0.634535882353248
1,1,0.8395449106854144
0,0,0.4606598096953425
1,1,0.8713541369609676
1,1,0.8446083397016093
0,0,0.08423422450499296
1,1,0.7185734990140661
0,0,0.40684136099537843
1,1,0.5957227896273068
1,1,0.50119376061419
1,0,0.37479694975443584
0,0,0.0572871471918058
1,0,0.34297051221896
1,0,0.41484126489730394
0,0,0.3758983366362856
1,1,0.9636714756986495
1,0,0.23754926121940967
1,1,0.9369533303147196
1,1,0.9189471707386553
0,1,0.5483277278310774
1,0,0.4213293667557904
1,0,0.16288855500026508
1,1,0.8033780465637022
0,0,0.29414198523565815
0,0,0.2667975431112134
1,1,0.5637773444383466
0,0,0.3771525805566841
1,1,0.9643851468807764
0,0,0.21618969139992597
1,1,0.8630208001625259
1,1,0.5925814766637824
1,1,0.8880944457161063
0,0,0.18758420003298706
0,0,0.31660120427344063
1,1,0.8227113091673179
1,1,0.7835435639205065
0,0,0.33727874744759434
1,0,0.4514805881419194
1,0,0.2652848095515751
1,0,0.4642255789174331
0,0,0.02051887693397984
0,0,0.21102769912596706
0,1,0.9085563571156473
1,1,0.9410434916569522
1,1,0.6150142030518141
0,1,0.5052388998731411
0,1,0.9411308086964076
0,1,0.6813525088434776
0,1,0.5094882538202761
0,0,0.0769640874290172
0,0,0.04664533023383795
0,0,0.23611087296707556
1,1,0.5924119497803352
0,0,0.3682333592522013
1,1,0.6287914262220312
0,0,0.35046200550387074
1,1,0.8953688911880001
1,1,0.6089682215466349
0,0,0.4335555558626026
0,1,0.6939851060708394
0,0,0.34190941798331936
1,1,0.554998398632607
1,1,0.6845343692455305
1,1,0.5792830254373688
1,1,0.9862893250350597
0,1,0.538460402874167
1,1,0.9222591038050689
1,0,0.48382527562476313
1,1,0.5802391813134404
0,0,0.35201839992813205
0,1,0.5615546600280952
1,1,0.7213639868413225
1,1,0.7996351406891434
0,0,0.09153623112719159
1,0,0.456492361132989
1,0,0.49470790395327685
1,1,0.8791740480745739
0,0,0.2446204124610297
1,1,0.9619152805470624
0,0,0.09058719695290422
1,1,0.985323573249212
1,0,0.1961570474462144
0,0,0.2571420026137399
0,1,0.5355609439181621
0,0,0.31720718722436886
1,1,0.5451584487884193
0,0,0.22394245002102747
0,0,0.2881773355022052
1,1,0.8552511726041926
1,1,0.9954462527932001
0,0,0.4800982572238801
0,0,0.16414428883601279
1,0,0.4991560651230601
1,0,0.23212258918804582
0,0,0.06661306429253996
0,0,0.0110823093319764
1,1,0.8406675176942093
0,1,0.6088693008424519
1,0,0.461734992215167
0,0,0.40191545464714973
0,0,0.11478890994825419
1,1,0.915280269629449
0,0,0.46181026987602986
1,1,0.8705417652070401
1,1,0.738778890568964
0,0,0.4634065494009507
1,1,0.7275511597385269
0,0,0.1430201485207694
1,1,0.8938062537714907
0,0,0.299923550725323
1,1,0.8042159057960482
1,1,0.8644436349602249
1,1,0.681551015807941
1,1,0.7885717335327131
0,0,0.20927834241582857
0,0,0.32594956412790527
0,0,0.4811253006727564
1,1,0.5644372275657782
1,1,0.9598822836037342
1,1,0.7990547105252044
1,0,0.15799661119472166
0,0,0.29827276939931613
1,1,0.9415986652608449
0,0,0.39901136851676067
1,1,0.7986264771003209
1,0,0.44806185004320603
1,0,0.12653414224707624
0,1,0.9638265705218869
0,0,0.3342018784412537
1,0,0.24224950305003443
1,1,0.9232721311545719
0,0,0.4289351138708187
0,0,0.3549071685620935
1,1,0.875272999912078
0,0,0.09858614895903853
1,1,0.6249013292167442
1,1,0.969619300754585
1,1,0.938927919013259
1,1,0.6767168753588284
0,0,0.2798428748666152
1,1,0.9838209673126537
0,1,0.7358417153224679
1,0,0.45242111501133364
1,0,0.49861507595726623
1,1,0.9620573621235272
1,1,0.9349393088915002
1,1,0.7295048056157954
0,0,0.3834485201266685
1,1,0.8706312483765066
0,0,0.09930586726196575
1,1,0.6714199068545157
0,1,0.7412097954823631
1,1,0.885307611011525
1,1,0.8553187298175712
0,0,0.18402089977310934
0,0,0.4835377341656725
0,0,0.08408162273170872
0,0,0.08614559154513912
0,1,0.7829317580859991
1,1,0.6045196738462771
1,1,0.7834970393494912
1,1,0.6141966303087913
0,0,0.16081594504885466
0,1,0.54948312851597
1,1,0.7539731041935849
0,1,0.9067332750975575
1,1,0.858020240446872
0,0,0.4761051706522816
0,0,0.0061814947333966325
1,0,0.13851954425924007
1,1,0.5221196375924999
0,0,0.41945535983778715
0,0,0.09089325438710891
0,1,0.8919047184707254
1,1,0.7673261261577051
0,1,0.6215470780805709
0,1,0.5269918524222943
0,0,0.3357227850089659
0,0,0.25564645675822617
0,1,0.8469183891183922
1,1,0.9470359248028853
0,0,0.15230947298392705
1,1,0.8207289445027544
1,0,0.22236988182900946
1,0,0.324570742505441
0,0,0.09975356269051851
0,0,0.12819221053784657
0,0,0.38893099352342053
0,0,0.24170513308262406
1,1,0.7480224783852003
1,1,0.955815571874867
1,1,0.8543397963192016
1,1,0.9451644731284624
1,1,0.6848806902655487
0,0,0.24374671577987292
0,1,0.6819661979451538
1,1,0.6745193816175672
1,1,0.5436447773564649
1,1,0.7599409854920812
0,0,0.19005901211978676
1,1,0.6619048666861203
1,1,0.9866850635369404
1,1,0.9336048363067807
1,1,0.5757711817761177
0,0,0.11246676613324212
1,1,0.6968740762517543
1,1,0.8982077380686622
1,1,0.7217174362224263
0,1,0.5199717545284039
1,1,0.722881699744149
1,1,0.7139658446053911
0,1,0.7660826782517579
1,1,0.9223886351066443
0,0,0.060618539401129996
0,0,0.01882375780706375
1,1,0.9369167646631699
0,0,0.38074728923474516
1,1,0.8191834295804782
1,1,0.6096963968754717
1,0,0.38619719918125106
0,0,0.33066812793899575
0,0,0.20439905183146584
1,1,0.6754726430770316
0,0,0.16316564311830195
0,1,0.7008043850104461
0,0,0.10172875172792842
1,1,0.7946630789151755
1,1,0.8103599977085217
1,0,0.297346314700526
0,0,0.05290433358812571
1,0,0.3809036816880895
0,0,0.15283932483826984
0,0,0.46340832301345514
1,0,0.3867279045584797
0,0,0.35790545492040665
0,1,0.8435185494387393
1,1,0.9126718679977032
1,1,0.5882137152134413
1,1,0.9347965857307692
1,1,0.6124776540563397
0,0,0.23853613055011175
1,0,0.18876132082047642
1,1,0.8476478040896099
1,1,0.8661740625629224
1,1,0.6502323433988317
1,1,0.7271328083975154
1,1,0.7521704263822085
1,1,0.9717054028088942
1,1,0.820967960367605
0,1,0.5673676182955132
0,0,0.35996276442028896
0,0,0.15092126873298872
1,1,0.9289214170799639
1,0,0.2333156755089678
1,1,0.8390268249093495
0,0,0.15538578501353928
0,0,0.3005992657761865
1,1,0.9609620667990857
1,1,0.9661111886319419
0,0,0.04039884639951105
1,1,0.9189596967942572
1,1,0.506907193472796
0,1,0.6210743809973107
0,0,0.22868674674782888
0,1,0.5501755068791317
1,0,0.3190591979886105
1,1,0.5290477484937014
0,1,0.7767222511563858
1,0,0.22338801164174701
0,0,0.11022671653921526
0,0,0.22834574213489575
1,1,0.7327994309383823
0,0,0.05569599652336386
0,0,0.10638121749291686
1,1,0.6014006319495447
1,1,0.5414145790783461
0,1,0.5437145622841372
1,1,0.9375748445387191
1,1,0.8110566605674429
1,1,0.9211688298271901
1,1,0.9993058890189942
1,0,0.4197815814674716
0,1,0.5190937723371072
0,0,0.1818618354740881
1,1,0.7583313340971151
1,0,0.2884800410704979
0,0,0.3078016305922793
1,1,0.8102557088257591
0,1,0.6848018289828459
1,0,0.2071641333309284
0,0,0.07840050862570429
0,1,0.868041610896764
1,0,0.4713509374640289
0,0,0.21552899353546237
0,0,0.45525168385725145
1,1,0.9440819539740495
0,0,0.403746571557676
0,0,0.007457836098219897
1,1,0.9040042300792339
0,1,0.8757949394668032
1,1,0.6312032025020812
1,1,0.7841455901168343
0,0,0.28191201361801144
0,1,0.6138655038133178
0,0,0.21170241089657862
1,1,0.8352784071183319
1,1,0.6646841660834316
1,1,0.5499736862521479
1,1,0.9541014734942864
1,1,0.9355942270728024
0,0,0.36124984705249985
1,1,0.7113450120890092
1,1,0.7954348564887092
1,1,0.5076007815917766
1,1,0.7240161485404246
1,1,0.966372559106239
0,0,0.04346325829465283
1,1,0.5131507895848076
1,1,0.7157534774317714
1,1,0.9481646378251788
1,1,0.6119221608914769
1,1,0.6900754552188924
0,1,0.7379136166897146
1,0,0.48005373863231826
1,1,0.6238381935030942
1,1,0.7827109557588555
0,0,0.06185248006726839
1,1,0.5601524720171954
1,0,0.13071912248574757
1,1,0.6437817821497549
1,1,0.7628411886747626
0,0,0.4696325877524994
1,0,0.1940314282633353
1,1,0.8428158819489716
0,1,0.5746025832501315
1,1,0.576293541256587
0,0,0.10200355083395646
0,0,0.22961838670345885
1,1,0.8831090633848311
1,0,0.37492795792129036
0,0,0.2549836483345791
0,0,0.4067781579737531
1,0,0.44255216487743815
1,0,0.12237430415741408
0,0,0.13069858818870173
1,1,0.7322058486412287
0,0,0.2847404779887545
1,1,0.930848489445044
1,0,0.3799009029010648
0,0,0.11607208952129838
0,0,0.23070050957854432
0,0,0.3130507628838507
1,1,0.9153003697359616
0,0,0.38564100777211857
1,1,0.6250070569090127
1,1,0.9084653219743939
0,0,0.36027907835301326
1,0,0.37968808836407597
1,0,0.42766081054818306
0,0,0.48662130195085196
1,1,0.9710765314954
1,1,0.9271371574956967
0,0,0.33516364378298175
1,1,0.6216465405458618
0,1,0.9064692219949494
1,1,0.6967194393857922
0,0,0.1070548046169445
1,1,0.8545217545334315
1,0,0.018154081941836802
0,0,0.08924875544576623
1,1,0.789035588557091
1,1,0.9400440932228645
1,1,0.9348866175538614
1,1,0.9706060944383562
0,1,0.6747143964387842
1,1,0.8984431931386735
1,1,0.892904093633526
1,1,0.8738396545475443
1,1,0.7010567773412126
1,1,0.7067708054848979
1,1,0.614707644967707
0,0,0.2268124534125363
0,0,0.058387694785268986
1,1,0.9059671971165361
1,1,0.9669792960571476
1,1,0.8811410763070798
0,0,0.06292412907198555
1,1,0.9769983387326301
1,0,0.14821606591505834
1,1,0.8093770425074562
1,0,0.3854565605908141
1,1,0.9685221212328485
0,1,0.8643847034212907
1,1,0.7219356082773964
0,0,0.056859779231266304
0,1,0.511262017559652
0,0,0.05349986041023725
1,1,0.9586002404533712
0,0,0.12027531183342348
1,1,0.9368145109492066
0,0,0.22940997858400106
1,1,0.562464329311966
1,1,0.9815257301845514
0,0,0.23858682968479375
1,1,0.8466371616972076
0,0,0.03261064336613968
1,1,0.5742598411341072
0,1,0.5197148306475219
1,1,0.887289688008234
1,1,0.6678658856924019
1,1,0.9360037643558687
1,1,0.8657546932472034
0,0,0.36487377832646356
0,0,0.2088069388268506
0,0,0.14172838139011637
1,1,0.6728541202221239
0,0,0.38218361081202884
0,0,0.37132525761223756
1,1,0.8852033007904112
0,0,0.1814090550433117
0,0,0.2266052273929949
1,1,0.9529716731412526
1,1,0.9312107095851793
1,1,0.9873650492631879
1,1,0.8948000857161642
1,1,0.9031653243720459
1,1,0.6633527080163423
1,1,0.9134235852619016
1,1,0.8676586053741318
1,1,0.6605325024274353
1,1,0.986044072181125
0,0,0.3388574906815696
0,0,0.07291903720444763
0,0,0.16034149754440774
0,0,0.3120315876639532
1,1,0.7576024727097411
0,1,0.6045884846144275
1,1,0.8419804062404758
1,1,0.9793838697052349
1,1,0.8970119910755293
1,1,0.8678401179400503
0,1,0.5053226443329385
1,1,0.6159654186548092
1,1,0.922681747903506
0,0,0.11440511227574954
0,0,0.47584592720748786
1,0,0.22013956821569564
1,1,0.9709075443748854
1,1,0.9476512767484848
0,0,0.13511343073484164
1,1,0.7976407952999052
1,0,0.08224413138772416
0,0,0.15408695336327038
1,1,0.8350798719586486
1,1,0.8339993930786026
1,1,0.8746076263489048
0,0,0.3087434420669409
0,0,0.23631008569874018
0,1,0.6970743508153411
1,1,0.9988805587587452
1,1,0.8122934623012344
1,1,0.5441709523637469
1,1,0.9275374659630868
0,1,0.5651401037735457
1,1,0.9278779878691452
0,0,0.1720847679801255
1,1,0.9086600705758222
0,0,0.11713925737732418
1,1,0.9110983094529544
1,1,0.7814905563775609
1,1,0.83138261305251
1,1,0.5442535618769972
1,1,0.8752823362698919
1,1,0.8738481314019404
1,1,0.6971843382641668
0,0,0.019486038743647106
1,1,0.9250441336433193
1,1,0.9994543670670987
1,1,0.9770158433885562
1,1,0.8173584237185848
0,0,0.43947338935392266
1,1,0.5911680491383531
0,0,0.23901985665800318
1,1,0.5270766157839766
0,0,0.4339611342580035
1,1,0.8502732407867104
0,0,0.011419103842558287
1,1,0.8464133723670523
0,1,0.8240858696102163
1,1,0.9793229863058338
1,0,0.27739527038766454
1,1,0.9986995135576545
1,1,0.9225027483799814
1,1,0.590290550158633
1,1,0.8711250429331243
1,1,0.9488416713270421
1,1,0.8855303699594186
1,1,0.675297954893858
0,0,0.08930225921954041
1,1,0.9078216183121808
1,1,0.8029054231183851
1,1,0.735417191905755
1,1,0.6390420892368948
1,0,0.4334911829822173
0,0,0.14104268384867075
1,1,0.9035742327234354
0,0,0.37833285711503695
1,0,0.46498538662993616
1,1,0.9415977374060918
0,0,0.009432007594618048
1,0,0.3769014971767516
0,0,0.06044114547909174
0,0,0.04206484993784251
1,1,0.8543380353252769
1,0,0.19824497151056675
1,1,0.7564607477080203
1,1,0.9574121279192594
1,1,0.6957814930259951
1,1,0.5441480776528927
0,0,0.31291636106248316
1,1,0.5229914532744916
1,1,0.9072840033884945
1,1,0.9428798981974341
0,0,0.14159171279158397
1,0,0.45284308129025036
1,0,0.24365768224795575
0,1,0.8237767281105132
1,1,0.9554989017381494
0,0,0.2027939604906702
0,0,0.2637280119529909
1,0,0.27085198643917785
0,0,0.05377813082549228
1,1,0.770870707156882
0,1,0.5438652428377861
1,1,0.8966912482603537
0,0,0.17188734000639014
1,1,0.6308871858126399
1,1,0.92334248696662
0,0,0.08854968544163458
0,1,0.647848424541322
1,1,0.9740505488567818
1,1,0.9489956787980114
0,0,0.1657835914055096
1,0,0.4494659298391752
0,0,0.36764936734085796
1,1,0.684187348711188
1,1,0.586059376782169
0,0,0.09117348932747334
0,0,0.4355096981408257
1,1,0.5291440156321229
0,0,0.22574004594853994
0,0,0.22726950728495965
1,1,0.9872486564277635
1,1,0.8009734511669284
1,0,0.17230423050379942
1,1,0.9420601589921526
1,1,0.9694373016781325
1,1,0.8921240386704298
1,0,0.17746468870623064
1,1,0.9667145047996863
0,0,0.061358735360324386
1,1,0.5523053783315788
1,1,0.8799821517293263
1,1,0.6767287046470326
1,1,0.7483094644144973
1,0,0.4781236304729717
0,0,0.004817902480972802
0,0,0.30079949410000123
0,0,0.3499328069397394
0,1,0.964202538460699
1,1,0.9464498457773756
1,0,0.2524630912829413
0,0,0.350967040540052
1,1,0.9812021026172228
0,0,0.057673331234999944
1,1,0.6867248332236962
0,1,0.8233280499758455
1,1,0.5925068023959471
1,1,0.7739920800697218
1,1,0.9164630574004118
0,1,0.7286602829892728
1,1,0.5318902535723297
1,1,0.7282893251953665
0,0,0.01719264854504499
0,0,0.2067176824034578
0,0,0.05698744227432904
0,0,0.21937962895263394
0,0,0.052985538794973405
0,0,0.09290288618299869
1,1,0.8954791650509375
1,1,0.775936106488471
1,1,0.84487875596047
1,1,0.9316050841195678
0,0,0.004468157418585812
0,0,0.034980155813025576
1,1,0.8627674566457435
1,1,0.525263472213662
1,1,0.980813253746711
0,0,0.22687531790331375
0,1,0.8965725274422878
0,0,0.34228233498736466
1,1,0.722195251232127
1,1,0.8999952305664765
1,1,0.9522079625248473
1,1,0.9663132746119811
0,0,0.2913032372337927
1,1,0.6546880807141495
1,1,0.8391632050237745
1,1,0.9310742382269669
1,1,0.5971383602858605
0,0,0.29967225216985044
0,0,0.2741249403381818
1,1,0.5549555192008468
1,1,0.9812445853249167
0,0,0.2124047277418494
0,1,0.520627136002565
1,1,0.7588209646458749
1,1,0.6888526870441541
1,1,0.8161337812061233
0,0,0.41929943057803293
0,0,0.22226970760740808
1,1,0.8530696803671864
0,0,0.15222530102940174
1,1,0.7137859376336664
0,0,0.16586704251391582
1,1,0.8958700438098115
1,1,0.8035862993419176
1,1,0.760529081363814
0,1,0.6622492165797644
1,0,0.47205117823405834
1,0,0.24353205259185465
1,1,0.5143053307418775
1,1,0.9515822678529169
1,0,0.4862753524906958
0,1,0.8804526172914515
0,0,0.21523253747302523
1,0,0.42838330922942175
0,0,0.46286719706870283
0,0,0.25569552406112295
1,1,0.9007743566266575
1,1,0.882355559500566
0,1,0.7014106022596905
1,1,0.9205203783996845
1,1,0.910773814261974
1,1,0.913828933103974
1,1,0.9515265228072126
1,0,0.21586659693499763
1,1,0.7923679886349482
0,1,0.5632392841121034
1,1,0.873159277442318
0,0,0.19129524547735308
1,1,0.9374234970896246
1,1,0.8716455359763847
1,0,0.0614091172049056
0,1,0.5682041529209747
1,1,0.9784726539597708
0,0,0.4738752464157809
1,1,0.9041069060889209
1,1,0.702463526872903
1,1,0.5431791091928602
0,1,0.7606346168522728
1,1,0.963552721209061
0,1,0.6214206307783593
0,0,0.007602583127120699
1,0,0.059566075168966524
1,0,0.36939104108049653
1,1,0.7567789269998274
1,0,0.22426573120926097
0,0,0.21301316189765926
1,1,0.6650469522925726
0,1,0.5847506884961194
1,1,0.8309941735468817
1,1,0.6618140445932252
0,1,0.6712894581114143
0,0,0.008739230423863391
1,1,0.8439870277874435
0,1,0.6675545518104505
1,0,0.4045242520558221
1,1,0.9611982720396985
0,1,0.6116713443200517
0,0,0.3443638200110071
0,0,0.20279788838488824
1,1,0.9177348346233026
1,1,0.9600563921051356
1,1,0.774866905646498
1,1,0.9075776405858403
0,0,0.4013889106023535
1,1,0.7017069510169208
1,1,0.5201159149644176
1,1,0.7455842744933778
1,1,0.5118061530254565
1,1,0.651242831545031
1,1,0.6628898371171557
1,1,0.8919261921094486
0,0,0.20227905805325508
0,0,0.36076823158315785
0,1,0.7031260465611634
0,0,0.2613361907504239
1,1,0.7673221041798365
1,1,0.9640424672262309
1,0,0.35137351588596705
0,0,0.25723828772910523
0,0,0.40073191993392365
0,0,0.44428242448057165
1,1,0.8450955960592996
0,0,0.0014053118436344388
1,1,0.7986740355931736
1,1,0.621724626694096
1,1,0.6104870159062282
1,1,0.7397524128570488
0,0,0.12476230467359567
0,0,0.3005395745129803
0,0,0.23753426148063758
1,0,0.4021551371543767
1,1,0.7910198614897199
0,0,0.1954734690381696
0,0,0.01541822483288489
1,0,0.4427562588120706
0,0,0.06208948059264629
0,0,0.45856944363830515
1,1,0.9748167444439423
0,0,0.35095447239504046
1,1,0.9167441685600287
0,0,0.07752160245492985
1,1,0.7278927253828857
1,1,0.859645832327445
1,0,0.10049822991703788
0,0,0.27430133861292033
1,1,0.9660718073789388
1,1,0.8612173007462668
1,1,0.7927974014059017
0,0,0.2445958224249405
1,1,0.6976608136915463
1,1,0.9537320729741705
0,1,0.774514983120387
0,0,0.4735014003405629
1,1,0.8982789287224319
0,0,0.4210883825799737
0,1,0.6007330046797308
1,1,0.8454793764497808
1,0,0.4128115891311949
0,0,0.11965234397817044
0,1,0.8640791771551999
1,1,0.9772383179357128
0,0,0.07351216963830419
0,0,0.1381733475402744
1,1,0.7956054105887265
0,0,0.012435947326145884
0,1,0.6144314931216428
0,0,0.01109305229728974
0,0,0.37266609182053173
1,1,0.8404048317724103
0,0,0.462536798230332
0,0,0.13194667110146277
1,1,0.8170264185270036
1,1,0.8483353461694699
1,1,0.7845038762140149
1,1,0.8373416145009559
1,1,0.9499160054497194
1,1,0.9004636712955829
1,0,0.2889211526271529
0,1,0.9668214627050405
0,1,0.8191051267629584
1,1,0.770369619464672
0,1,0.5964386898564803
1,0,0.24503203457824976
1,1,0.5221440106314386
1,1,0.8320176478290238
1,1,0.8340788019312256
0,0,0.40614306034558195
1,1,0.8199961222081144
1,1,0.9067774254273641
1,1,0.9962231838969267
0,0,0.3785465922258214
1,1,0.9705633488948111
0,0,0.3455610217385607
1,0,0.41532301556228685
1,1,0.8730672878623835
1,0,0.4231897617299528
1,1,0.9328070687599485
0,0,0.17006550997760966
1,1,0.5747880270206056
0,0,0.044949072118027546
0,0,0.28101951599920194
1,1,0.9343374164570554
1,1,0.7301566400089011
0,0,0.49779718462951306
0,0,0.01531152575842189
0,0,0.10866800307518261
0,0,0.16122643604322326
1,1,0.8140509309649088
1,1,0.6947869337212875
1,0,0.47721128878645375
1,1,0.7793659280535838
0,1,0.5414445928669503
0,1,0.5753755864970655
1,1,0.718961283130135
1,1,0.9565541629859409
0,0,0.054929964670737665
1,1,0.9960696011252902
1,1,0.8805163857760092
0,0,0.04767985316892972
1,1,0.8981734364198201
1,1,0.9523415396828289
1,1,0.8715755195022602
1,0,0.32074167046253343
1,1,0.909009866670139
1,0,0.1292294743683587
0,0,0.1481421014093222
0,0,0.39670177044663235
0,0,0.1716661271107614
0,0,0.4352749567724363
0,0,0.4549132531330889
1,0,0.2853230421595335
1,1,0.7556444215144402
0,0,0.4193286620304663
1,1,0.9424335216719717
1,1,0.8967302551876702
1,1,0.6438358818654615
0,1,0.8635650153639328
1,1,0.5260070852462657
1,1,0.5458882379756763
1,1,0.949728813044032
0,1,0.6351670174889091
1,1,0.5212750913927803
1,1,0.8227280195252049
1,0,0.4051123009347282
1,0,0.4392720755024243
1,1,0.7417774026222922
1,1,0.6003176426350764
0,0,0.25845405694427503
1,0,0.38077936155298014
1,1,0.8224923649796518
1,1,0.5540053803183319
1,1,0.5820218352905542
1,1,0.887378104538537
1,1,0.8962395881744676
1,0,0.4551847773368327
1,1,0.9143397077640106
1,0,0.30477960843445995
0,0,0.1974206341498464
0,0,0.12274849743080056
0,0,0.009016981912303388
1,1,0.5225380812239301
1,0,0.31599891190179097
0,0,0.15269619487404715
0,0,0.13563873741751917
1,1,0.943901031004034
1,1,0.8791967464957021
1,0,0.4151832574187779
0,1,0.521565245875709
1,1,0.7622026926720276
1,1,0.8438765650909249
0,0,0.3959884704400557
0,0,0.07173451903503976
1,1,0.9377045864843264
1,1,0.9881770375624196
1,1,0.9739552321386077
0,1,0.9406589405122915
0,1,0.700267492972002
1,1,0.7014967764285895
0,1,0.5551949461584842
0,0,0.41558378776171073
0,0,0.37896320494495084
1,1,0.8497142926939205
1,1,0.5261545185225167
1,0,0.4706804524491288
0,0,0.16731512089201567
0,0,0.2988067102075434
0,0,0.26971015706986873
1,0,0.47852805460581543
1,0,0.30695830795959983
0,0,0.0080690589902831
0,1,0.6979342979805947
0,1,0.5901512283228709
0,0,0.007038391663405252
0,1,0.7730629278884851
0,0,0.46342323766004734
0,0,0.299337555917945
1,1,0.9734942369088135
1,1,0.6463384064996813
0,1,0.5225706097516586
1,0,0.17993271647068693
0,0,0.041038623354448314
0,1,0.7195818001791713
0,1,0.6258405685864579
1,1,0.8823927192131874
1,1,0.9500012950159605
1,1,0.854726002864096
0,0,0.09190756904633005
0,0,0.017110418106539262
0,0,0.10758875852385323
0,1,0.771632487017375
1,1,0.6665183484780057
0,1,0.5387432784905731
1,1,0.968454833853533
1,1,0.976095770657793
0,0,0.2595221687680947
1,0,0.23105655474801645
1,1,0.9410203976650859
0,1,0.5046840934898909
0,0,0.2353267611513611
1,1,0.9792904238695987
1,1,0.913103192443356
0,1,0.7359375235816562
1,1,0.8302827078145475
0,0,0.3917815487436427
1,1,0.8475175362969337
1,1,0.9070789740567856
1,0,0.4530304175890608
0,1,0.5270160540471078
1,1,0.7696794366181355
1,1,0.8699679954788371
1,1,0.9652987392635364
0,0,0.008480078761088111
1,1,0.8507349152122458
0,0,0.3326602845073215
1,1,0.6088168898136446
1,0,0.3121418561863334
1,1,0.6196029380070561
0,0,0.3500402539465472
0,1,0.6521352199941691
1,1,0.609407328041411
1,0,0.493677071178374
0,0,0.11808225417681069
1,1,0.6685589564531871
1,1,0.6867580831159052
1,1,0.8935233658813508
0,0,0.13616826265177742
1,0,0.2895622032062458
1,1,0.9888964038523026
1,1,0.9863646893387887
1,1,0.6035523997351936
0,0,0.20676574644779458
1,1,0.7710049778773662
1,1,0.881977519358894
0,0,0.4176896482767623
0,0,0.250383807228106
1,1,0.9981586939484756
1,0,0.11799930102387435
1,0,0.39308821101985975
1,1,0.7690584662263293
1,1,0.8721289987843758
1,1,0.5857673271074793
0,1,0.5902782835453201
0,0,0.12324203409839425
1,1,0.6698233512948341
0,1,0.6901874987772966
0,0,0.3849140068570686
1,0,0.41870729656365296
0,1,0.6168440921075962
1,0,0.21461121785419715
0,0,0.14515666272775524
1,1,0.6847964906857507
0,0,0.06534966735687862
0,0,0.028979609913972564
1,1,0.7782616156004771
0,0,0.1775102145279651
0,0,0.05317401469037811
1,1,0.9126390567800601
1,1,0.6715765695362377
1,1,0.9288163386971738
0,0,0.25312747733230234
0,0,0.24399294743115058
1,1,0.9329441719859772
1,1,0.698998331360967
1,1,0.7160720104380773
1,1,0.8198808503218894
0,0,0.2940303573652002
0,0,0.05615197504644273
1,1,0.6377221235526003
1,0,0.41030906678795087
0,0,0.3553544754279628
0,1,0.6430234563044916
1,1,0.9092872891607234
0,0,0.37265168453863673
1,1,0.9029339875506245
1,1,0.7450883711016815
1,0,0.3217476305069436
1,1,0.7638132133834954
1,1,0.7776560437403336
0,1,0.891645932983402
1,0,0.46269671527523704
0,0,0.4510173793308697
1,1,0.9053749717898749
1,1,0.8142927766254583
1,1,0.839606932682086
1,1,0.8265726230597505
1,1,0.9582586804708529
1,1,0.7105757774259776
0,0,0.09445978374358446
1,1,0.7691275537397825
1,0,0.3768483728231636
1,1,0.6017258620276362
1,1,0.5961811545230733
0,0,0.29084386356377107
1,0,0.3385804130855445
1,0,0.29305094166490436
1,1,0.8522353816031581
1,0,0.22648542395573276
0,0,0.16997598555164764
1,1,0.7748929411229925
0,0,0.2747984710613718
1,1,0.620246706769407
1,0,0.43163530036703945
0,0,0.3925988638805461
1,1,0.8105110199806795
0,0,0.15722124571551474
0,0,0.44754403194610565
0,0,0.4704095650642368
0,0,0.1900627062412667
0,1,0.7566596430190503
1,1,0.9329377058504565
0,1,0.550587250223486
0,1,0.8058137391305118
0,0,0.2370567581358515
0,1,0.5831267455225525
1,1,0.7869131744640749
1,1,0.933618669240211
0,0,0.3963245798424607
1,0,0.1994076518152325
1,1,0.7073808900604657
0,0,0.27581237417988463
1,1,0.8870225143867859
0,0,0.15125745272248842
0,0,0.28939652510415415
1,1,0.9343643206688916
0,0,0.3427627387327478
0,0,0.28169600677422285
0,0,0.19369377926670353
1,1,0.7426758771718255
1,0,0.20693989359731796
1,1,0.8470526247691603
1,1,0.6100813744785223
1,1,0.9632809505379599
0,0,0.47083606205125045
1,1,0.9201302840787259
1,1,0.9811893640102833
0,0,0.380103701248933
1,1,0.9894426937649825
0,1,0.772058903147569
1,1,0.9106804445401837
1,1,0.664627347255846
0,0,0.28333912209963075
0,0,0.48800323459474226
0,1,0.6142474315785305
1,1,0.9881209200468312
1,1,0.7967942101476101
1,0,0.4858249003547904
0,1,0.8656873440156558
0,1,0.8910156708837869
1,1,0.5947267860098114
0,1,0.6296470656435542
1,0,0.083198354520578
0,1,0.7529760398187446
0,1,0.5189069498050685
1,1,0.6339419300732222
1,1,0.5241500112957634
1,1,0.5700166456351948
1,0,0.4742815140049556
1,1,0.9985313893886509
1,1,0.986162638325352
0,0,0.2248872396339577
0,0,0.12880777950354408
1,1,0.8027814872403941
0,0,0.42171399557747
1,1,0.9924416865629426
0,1,0.760112854139133
1,1,0.6499426166441546
1,0,0.43520619253060233
1,1,0.8824191806719639
0,0,0.0946841249571053
0,0,0.2446770105416725
1,1,0.7580718028575311
1,1,0.7247234713652103
1,1,0.8473797284167306
1,1,0.8735986276311696
1,1,0.9736114240100779
1,1,0.9759654616518824
1,1,0.7534869310825639
0,0,0.1233044773309
1,1,0.9049356405128207
1,1,0.9564882458731065
1,1,0.5117666886650339
1,1,0.9734926813618479
0,1,0.8951732532179517
1,1,0.9254859979969077
0,1,0.6427109873105674
1,1,0.7878749146032207
0,1,0.8162453875301756
1,1,0.9337417155583637
0,0,0.49047836427791575
0,1,0.6156583818265751
1,1,0.9471653522545848
1,1,0.8156185082571509
0,1,0.5836835790590792
1,1,0.6590484814939067
1,0,0.2460751293204101
1,1,0.7541002829533541
0,0,0.07834994341249647
0,0,0.09848591373161358
0,0,0.08125395908190884
1,0,0.27380267015437243
1,0,0.4390100762819843
1,1,0.8661165047667906
1,1,0.5944249852483667
1,1,0.7125270269889143
1,0,0.31740458636407276
0,0,0.36583130411519804
1,1,0.7839530922881655
0,0,0.18061527849755105
0,0,0.2794965818198314
1,1,0.8849123518877162
0,0,0.22356932271168628
0,0,0.29635225114722125
0,1,0.697529271599393
0,1,0.5705993830389168
1,1,0.9456686202390316
0,0,0.4280368685352799
1,1,0.8257124281419709
1,1,0.8049339504083093
0,1,0.8259406339700375
0,0,0.11606616500377026
1,0,0.3210896484492831
1,1,0.7234303836411057
1,1,0.9559826572157883
1,1,0.9648171332091854
0,0,0.3445895806893175
0,0,0.18051050163565277
1,1,0.9815846904423916
1,0,0.23203737276300368
0,0,0.18173077836904056
1,1,0.899026737122583
0,1,0.9579468741946092
0,0,0.06319378139733108
1,1,0.8462460437520353
1,0,0.47772450468933564
0,0,0.33402238186896366
0,1,0.7091009731877965
1,1,0.9627207143673087
0,0,0.20589103967675074
1,1,0.7446911546863236
1,1,0.6792462640728015
0,0,0.4061734150517777
1,1,0.8624242193036153
1,0,0.3865007743579926
0,0,0.20274511821242058
0,0,0.11682774072452602
1,1,0.831686404109549
0,1,0.7123909114272741
1,1,0.8879415431962305
1,1,0.5837859432852466
1,1,0.9699952280957352
1,1,0.624820278715991
1,1,0.5387083859510952
0,0,0.2840868448498992
0,1,0.6067056398217366
1,1,0.5032120071979194
1,0,0.22050527846092577
1,1,0.8505827423031079
1,1,0.7452399110912453
0,1,0.5245833548488644
0,0,0.3642271618467676
0,0,0.02376984577027571
0,1,0.5483734295417405
1,1,0.5625214933966015
0,0,0.2664072501506394
1,0,0.3805253293162763
0,0,0.1467523076571746
1,1,0.7353399274583018
0,0,0.2287114171031397
0,0,0.34624117048466124
0,0,0.12199971265492694
1,0,0.4474255685922754
0,0,0.05092400720320674
0,0,0.2804139905652618
0,0,0.22489146818388608
0,1,0.5271286373329379
0,1,0.7819454631073925
1,1,0.877032246638721
1,0,0.3374861029159089
1,1,0.8643919155576578
0,0,0.4269644728571736
0,0,0.29212238777359495
1,0,0.4997773467985538
1,0,0.28777652363875944
1,1,0.9517441887872343
1,1,0.5373839141734382
1,0,0.14858144755432842
0,0,0.21751379593169876
0,0,0.2893093534486443
1,0,0.08882781914355745
0,1,0.8715078276803748
1,1,0.9617175815637963
1,1,0.9879117645260668
0,0,0.02788311508607313
0,1,0.9292241740578249
1,1,0.8849385428982234
1,1,0.9505118698692296
1,1,0.6777675632599386
0,0,0.1364426580075073
1,1,0.9661865820526537
1,1,0.6831741341518563
1,1,0.6976330521028645
1,1,0.8021452445555033
0,0,0.21267266668559098
0,0,0.0640016293261201
1,0,0.317046426760484
1,1,0.6699946292279497
1,1,0.9445602363235538
1,1,0.605970289253181
1,1,0.89442167605141
0,0,0.4662892450364021
0,0,0.352690831803907
1,0,0.2773280061364994
1,1,0.7519485344291054
1,0,0.2900584709193555
1,1,0.7365136578954662
1,1,0.87846154439976
0,0,0.3727004473663904
0,1,0.5985825873446496
1,0,0.4530103561078551
0,1,0.9027933924139587
1,1,0.9346087301953866
1,1,0.6801783159087488
0,1,0.8689113297488067
1,1,0.7851573832037825
1,1,0.8640166967236054
1,1,0.9495473960161731
0,1,0.9717913005647512
1,1,0.7709138030321908
0,0,0.05301777092320018
1,1,0.7778544918993249
1,0,0.13294345999223262
1,1,0.9477272765843744
0,0,0.09325877038198724
0,0,0.3256347677746492
1,1,0.5319067213216984
0,1,0.5303273027716155
1,1,0.8648631549955864
0,0,0.4823366858355597
1,1,0.8539685416862983
1,0,0.23706647550993362
1,1,0.7675603418550598
0,0,0.11708707766034976
0,1,0.8722198949186133
0,0,0.20648931677166144
1,1,0.9479467214560688
1,1,0.8064656831066532
1,0,0.3543468477314598
0,1,0.7184738198842123
1,1,0.9622957517789384
1,1,0.7553316422436754
0,0,0.4880936275022255
1,0,0.15987968944389155
0,0,0.389363926071258
1,1,0.8517443803373459
1,1,0.977461732072942
1,1,0.6188172857093006
1,1,0.941804185256738
1,1,0.6256056190766989
1,0,0.42273343291505594
1,1,0.9596673708237428
0,0,0.17526001169524627
1,1,0.8234647710354394
1,0,0.28539849577808035
1,1,0.6074379883699591
1,1,0.9026995012497716
0,0,0.09872873490529348
1,1,0.9835081716941199
0,1,0.5481302390291775
0,1,0.8624501823398478
0,1,0.8133032873991844
1,1,0.9674984701777554
0,0,0.07131504860277492
1,1,0.6144180290360903
0,0,0.12385730094849469
0,0,0.27951364898485925
1,1,0.8930971789468182
1,0,0.41929421108191944
1,1,0.7185917230506631
1,1,0.8890918489718812
1,1,0.6151630131708029
0,1,0.9323735793065501
1,1,0.873456766707916
0,0,0.13094459368101502
0,1,0.5358481360343887
0,0,0.028954556345350903
1,1,0.7992025703460155
0,0,0.31233577635805154
1,1,0.8901566019437938
1,1,0.9133251654093889
1,1,0.677858389822252
1,1,0.9745698676581932
1,1,0.756612977163921
1,1,0.7137448052602883
0,1,0.9443486800204661
1,1,0.8573899661296439
1,1,0.891015403095158
1,1,0.8851271372924652
1,1,0.9713681406409466
0,1,0.5076719087161873
1,1,0.8769959567339163
1,1,0.6214917068597493
1,1,0.867301113236139
1,1,0.9741293782166537
1,0,0.3679439633856398
1,1,0.8112378869134301
1,1,0.5303427719287755
1,1,0.8097475102336291
0,0,0.15625029417589983
0,1,0.7364801968998295
0,0,0.036124660819442905
0,1,0.6401197886940955
0,0,0.31801195841733604
1,1,0.9800347894089908
1,1,0.9262670533382025
1,1,0.6333404585937358
1,1,0.9919154178525971
1,1,0.8813194974132711
1,0,0.4077635449980844
0,1,0.7943351395337005
1,1,0.7783822501217015
0,0,0.3707000637443378
0,1,0.8560529674897628
1,1,0.6935070201196074
1,1,0.6394769549836129
1,1,0.96182520090906
0,0,0.42312091175474825
0,0,0.17031661008084897
1,0,0.4820983481278721
0,0,0.042482337525372435
0,1,0.8977219392541893
0,0,0.0032911098850979897
1,1,0.5568237854156037
0,0,0.08091108824038536
1,1,0.9546609430231712
1,1,0.8255079078010791
1,1,0.5899774845222114
1,1,0.9213690343406366
0,0,0.24247269687443035
1,1,0.627289755788182
0,1,0.9745530840888941
0,0,0.040858122934577225
0,0,0.11976536794074488
1,1,0.975247432913357
1,1,0.8531237645062182
0,1,0.837048676751084
0,1,0.8517429936306105
1,0,0.10864663468537405
0,0,0.2400991172546401
1,1,0.9693379386465466
1,1,0.5879574089974102
0,0,0.2259206001332224
0,1,0.7963727285408828
0,0,0.21706975552804028
0,0,0.41015998968788914
1,1,0.9645373908336269
0,0,0.35574003395456194
1,1,0.9718650071498236
0,0,0.3046308084448869
0,1,0.5701271021382415
1,1,0.9207712653340616
1,1,0.7160048741969417
0,0,0.35710111156041846
0,1,0.7096356895805412
0,0,0.18364246830136938
1,0,0.4461554736755446
1,1,0.9991195687263388
1,1,0.9445900700285534
0,0,0.24226379166026457
1,1,0.9902720666667147
1,1,0.7437026842340319
1,0,0.19777923328795116
0,0,0.07721397406398463
1,1,0.6872720600216476
0,0,0.19877914593412593
1,1,0.9257813376050155
0,0,0.33784471279608247
1,0,0.11029311724489323
1,1,0.9736582228595055
0,0,0.27965034772536695
0,0,0.40297696752971823
1,1,0.88272983870277
1,1,0.9137764006139331
0,0,0.0882607816682781
1,1,0.5648108867638039
0,0,0.34174912004351876
1,0,0.33631942001581283
1,1,0.7818288420812165
0,0,0.4318209942519295
1,1,0.8629069801812881
1,1,0.515704346726264
0,0,0.11711262835218099
0,0,0.009778546419734148
1,1,0.9429012121310119
1,0,0.12163443663826141
1,1,0.839046903175774
1,1,0.5397579149480005
0,0,0.23237463688833576
1,1,0.7633668284367314
0,1,0.8684760313747544
1,1,0.728185885853587
1,1,0.9721634697955432
1,1,0.5160212143603019
0,0,0.46159078302791967
1,0,0.4222079141757321
1,0,0.47155124588483666
1,1,0.7778097715017195
0,0,0.29648692865442644
1,1,0.7071297075053811
0,0,0.14577892372764117
0,1,0.7953644800291133
0,0,0.26389932142919537
1,0,0.4035440403510015
1,1,0.89080629224661
1,1,0.8770323256819962
0,1,0.5876110183680644
1,1,0.872070547483999
1,1,0.715861331849931
1,0,0.32027651271715024
0,0,0.05827729432188154
1,1,0.8655486275726281
1,0,0.3744857586541939
1,1,0.5965074297696066
0,0,0.11043446452048943
0,0,0.38472481329599384
0,0,0.42857071144027675
0,0,0.01517071954055987
0,1,0.8073572831595809
0,0,0.08432061632003042
1,1,0.8114506998179216
1,1,0.70117535983702
0,0,0.1972437814802054
1,0,0.3223410745508513
1,1,0.7036312926181673
1,1,0.7221079298509782
1,1,0.9031676968244856
0,0,0.05909867745181022
1,1,0.8147328845608797
1,1,0.873302072598296
1,1,0.7197718609619802
1,0,0.3501718664704947
0,0,0.1987443616142722
0,1,0.6056629279191015
1,1,0.9832422285574348
1,1,0.8637556814164609
1,1,0.9486740475751833
1,1,0.8754348733640549
1,1,0.6708702674708011
1,1,0.6258829897507963
1,1,0.9515357779453779
0,0,0.0051592632804334255
0,0,0.2040927091500002
1,1,0.9960918065295029
1,0,0.3557768293499857
1,1,0.9219304056291561
1,1,0.5805154401832668
0,0,0.011179986181228596
1,1,0.9620300841448695
0,1,0.513050782492846
0,0,0.036664187837545964
1,1,0.9671748843644162
0,0,0.1106240210465981
1,1,0.8954532461146802
0,1,0.7594532228405341
1,1,0.8767995606123107
1,1,0.7604096433851593
1,1,0.8835944242702253
0,0,0.18979735061612268
0,0,0.30569460001309745
0,0,0.27109834436577424
0,1,0.9323933139606971
0,0,0.18489120673651172
0,1,0.5735772388968147
0,0,0.01055533515853908
0,0,0.270695957836617
1,1,0.6487990390219225
1,1,0.9100295913947093
1,1,0.8790253806893598
1,1,0.7855604861817738
1,1,0.7521671335279374
0,0,0.1689359969001772
0,0,0.16473429858316377
0,0,0.2853259874362542
1,1,0.682090920959593
1,1,0.8466855827644761
1,1,0.6978171373597967
1,1,0.8305479566551093
0,0,0.15571562855608267
1,1,0.5815016361927344
1,1,0.5763430261819321
0,0,0.2911979196242338
1,1,0.9486080907544286
1,1,0.9020559486940884
0,0,0.1729123536353138
0,0,0.24083916250583953
0,0,0.3310552819794346
0,0,0.2880034781667877
1,0,0.30825925413619665
0,0,0.07928110618747654
1,1,0.9809787180923675
0,1,0.7918087534869693
1,0,0.4619373923586916
1,1,0.9708190119200139
0,0,0.14631700573852555
1,1,0.7735030286204722
1,1,0.9275660408926985
0,0,0.32503759578496827
1,1,0.8942097008866802
1,1,0.7609556841968351
1,0,0.3940856242119345
1,1,0.7026890480033793
1,1,0.9436090607759547
1,1,0.9809209364156569
0,0,0.0029397264639030936
1,1,0.7959996101666772
0,0,0.039498502139345665
0,0,0.13016884221404004
1,1,0.8360666706629177
1,1,0.9867068807304052
1,1,0.7789650135667131
0,0,0.13621345731805928
0,1,0.9064468146370579
0,0,0.01898878973832446
1,1,0.9868755700514885
1,1,0.7025426888200904
1,1,0.8439827267597967
0,0,0.06408794841148205
1,0,0.07860850457584401
1,1,0.6097064174995724
1,1,0.7336938032655569
1,1,0.7781448251544468
1,1,0.7491415222366781
0,0,0.19525620959863052
0,0,0.48981508479112684
1,1,0.9970047942839741
0,1,0.5595798285243913
1,0,0.32170486789695046
0,0,0.1406841359689774
1,1,0.9506106682429372
1,1,0.7395319819009131
1,1,0.9586381379873756
1,1,0.6703943914491726
1,0,0.34773697915575863
1,1,0.6346818154653777
0,0,0.23259490157818458
0,0,0.05220967420368133
1,1,0.7376572392884678
0,0,0.17724344061616615
1,1,0.9521282564343967
0,0,0.21679424032629294
1,1,0.8453348752412924
0,1,0.9636364583632513
0,1,0.5459547377283754
0,1,0.5342760168308269
1,0,0.41138572233580745
0,0,0.2499458587540312
1,0,0.19954243171261496
1,0,0.13532537551820162
1,1,0.9287261954222014
1,1,0.9285131362615497
1,1,0.7643040534658114
0,1,0.5329689954845674
0,0,0.37649482314651245
1,1,0.9576199350714851
0,0,0.22924414154919315
1,1,0.6617742797578029
1,1,0.5979270066480572
0,1,0.5623949100305176
1,1,0.6302288439034497
1,1,0.7066393972595214
0,1,0.8813575140119622
0,0,0.26991393088033644
1,1,0.8636497586572175
0,0,0.13327698162238574
0,1,0.8630528654977299
1,1,0.9303802219808296
0,1,0.8038723283204029
0,0,0.3140258849476706
0,0,0.028542587274213976
0,0,0.37367851027580273
0,0,0.15419634701722315
0,0,0.37010757188942744
1,1,0.8053819435617708
1,1,0.9702786352619511
1,0,0.4387557745307651
1,1,0.974654965934013
1,1,0.9565587511513236
0,1,0.7950186538295937
0,0,0.02542698355167891
1,1,0.7605199433927562
0,0,0.07875892645374996
0,0,0.26364240746833
0,1,0.5605307878048157
1,1,0.9903478198561892
1,1,0.8708863383472127
1,1,0.8017678135558319
1,1,0.8627906954321461
0,0,0.06488213049399831
1,1,0.8080456125180847
0,0,0.29670387219113087
0,1,0.5044203436677784
1,1,0.90229230123082
1,1,0.9216146121815165
0,0,0.0943490421453303
1,1,0.9575468246244427
1,1,0.9821071969672777
0,0,0.20390896237685954
1,1,0.7742316585659134
1,1,0.9167141625414232
1,1,0.9993646937780981
0,1,0.5236777090045638
1,0,0.4040966394397309
0,1,0.8763454086952182
0,0,0.10358181027107663
0,0,0.3969120043130055
0,1,0.7141379201668104
1,1,0.919246840627132
0,1,0.6509468041611645
1,0,0.48089691120685796
0,0,0.03542499610605476
0,0,0.15722404154307343
0,1,0.9504849253954363
1,0,0.30426206304471304
1,1,0.8194994425507458
0,0,0.34850829577969594
0,0,0.17478144512979224
1,0,0.4003558344539513
0,0,0.24531398685960892
1,1,0.5284910412923497
1,1,0.8881854370582729
0,1,0.8176363576001828
1,1,0.9837509947950847
0,0,0.3214379119384332
1,0,0.3761368231472724
1,1,0.7705374428735516
0,0,0.17349150582920095
0,0,0.263259943238183
0,0,0.16797505425452783
1,1,0.7363025671981771
1,1,0.9409830883394453
1,1,0.7511751845169574
1,1,0.54316922423943
0,0,0.3319907307939922
0,1,0.5288903240856596
0,0,0.0444712803132178
1,1,0.6032509375328644
0,0,0.3432000353150888
1,1,0.9739160838657731
1,1,0.5530817430910047
1,0,0.441072080738878
1,1,0.9704749662525864
1,0,0.3259051488200025
0,1,0.825989718594678
0,0,0.3645313258050338
1,1,0.9114334584372493
1,0,0.47702241089616393
1,1,0.9729640973760774
1,1,0.9454694903227975
0,0,0.20698096575643002
0,0,0.4751578220721082
1,0,0.47155264423698917
1,0,0.2963244605639762
0,1,0.683776000683999
1,0,0.32640448320678384
0,0,0.3395154635831704
1,1,0.882386499435672
1,1,0.9393049028647847
0,0,0.43314161562728604
1,0,0.05242822844052674
0,0,0.3690099160969296
1,1,0.5881256300648977
1,1,0.8301626877691944
1,1,0.9442765631748424
0,1,0.7466149577505512
0,0,0.14150920416558405
1,1,0.9867698290273571
0,1,0.8982960874317336
1,1,0.8855994367379946
1,1,0.8274150689892087
1,1,0.891272451652529
1,1,0.8906017184117098
0,0,0.25111910243977903
0,0,0.3320665035996455
1,1,0.9611596608669047
1,1,0.782230628052026
1,1,0.8912827322288935
1,1,0.969516576388322
0,0,0.4639994947100633
1,1,0.6551840278492808
1,1,0.5193127378617933
1,1,0.9718295709039039
1,1,0.9585740749160486
1,0,0.18557673385450843
1,1,0.9140121124353899
1,1,0.794121185938383
0,0,0.47953842950953146
1,1,0.5897844326411933
0,0,0.44180928662789903
1,1,0.9973799840118813
1,0,0.37325377706023116
0,0,0.009770206126951756
1,1,0.7579994605162325
0,0,0.281659669570517
0,0,0.34633096986677636
0,0,0.19272464659931232
1,1,0.9787474749941169
1,1,0.6589948385107789
0,0,0.327502766323352
1,1,0.8826803500708537
1,1,0.5196347054733004
1,1,0.8984409638863442
0,0,0.48640112802111574
1,1,0.8700392901873623
1,1,0.8883186167226451
1,1,0.9314190841753719
0,1,0.6309092239498258
1,1,0.7433062645021028
1,1,0.922725530116281
0,0,0.258555071982559
0,0,0.13819793274376296
0,0,0.11928206217503458
1,1,0.8651046282340694
0,0,0.26711776801412995
1,1,0.8132051794394036
1,1,0.9677832324211033
1,1,0.8024557480102495
1,0,0.28594642125116176
1,1,0.9403674373996752
0,0,0.27872816391455707
0,0,0.3825901211616741
1,1,0.9759164838219898
1,1,0.6047572275826112
1,1,0.9466280302369623
0,0,0.033906470055676194
1,1,0.7969009569057268
1,1,0.7524934539770385
1,1,0.7905886426230585
0,0,0.40004370743492473
1,0,0.2670294379359397
0,0,0.07371187841863207
0,1,0.9375340038624527
1,1,0.8117069100328499
0,0,0.23764146081828427
1,1,0.8785526899134307
0,0,0.42487477053824607
1,1,0.7684144014531558
1,1,0.9698054753062421
0,0,0.20381411977106823
0,1,0.5182434152564955
0,1,0.8189166744827837
0,0,0.09588431274136167
1,1,0.8951758243250196
0,0,0.31196354812607036
1,1,0.8208799394233149
1,1,0.8426682086132159
1,1,0.5820135190597642
1,1,0.5984318412613633
0,0,0.26227388835658205
0,0,0.13652579131260317
0,0,0.3049081995092278
1,0,0.363337111250398
1,1,0.7344116128468148
0,0,0.2878593075181199
0,0,0.014319697187773508
1,1,0.9806295040797421
1,1,0.763002739016623
0,0,0.3561202837639552
1,0,0.3151026014276931
0,1,0.7200908999273026
1,0,0.2430254185251139
0,1,0.6818994390245234
1,0,0.3881490238701241
0,0,0.14150075449838734
1,1,0.9529463114985701
0,1,0.6885256740343451
0,0,0.2896295907817881
1,1,0.9656936187820621
1,1,0.9374067421191775
0,0,0.13787417145161518
1,1,0.7899584329934082
0,1,0.556064153837685
0,0,0.09644672739096663
1,1,0.9161033944975022
1,1,0.5633716475510964
1,0,0.2528313362007519
0,0,0.12197523223055683
1,1,0.8076723002224315
0,1,0.5417830878281961
0,0,0.06284035433058316
1,1,0.9178381486067672
0,0,0.21029549964588917
0,0,0.02071655500635381
0,0,0.13664452130052313
0,0,0.347975272044047
0,0,0.3937773430645648
0,0,0.16117374021945816
1,1,0.7449565655030242
0,1,0.7807738126125903
0,1,0.9529980399444888
0,0,0.48892034813615004
1,1,0.8620315392705569
0,1,0.8015709092189495
0,1,0.9487824108129131
1,1,0.8356733380986328
1,1,0.763837797346169
1,1,0.8947795991349993
1,1,0.6165501327870603
0,1,0.729716760599536
0,0,0.22630627505577605
1,1,0.9344745504753148
1,1,0.852573588469469
0,0,0.3247549136139823
0,0,0.35435245832992607
0,1,0.7044372188172384
1,0,0.410701445041976
1,1,0.5360753877138668
1,1,0.7044475950204602
1,1,0.7734188095217323
0,0,0.2874200135369241
0,0,0.29870294493183835
1,0,0.2476840425749376
0,1,0.6839341374082316
1,1,0.9630738305171149
1,1,0.9652938857012744
1,1,0.6939944725352455
1,1,0.8683748226055864
1,1,0.6017161228710836
0,1,0.5763451776797238
0,1,0.5988484874428328
1,1,0.8959316122755485
1,1,0.6653554221281026
1,1,0.9820297820090792
0,0,0.15027567929240646
1,1,0.998326912377297
1,1,0.685180972673058
0,0,0.15019037269854574
1,1,0.7594701675615377
1,1,0.903563287051506
1,0,0.41960807335942607
1,1,0.8312305646181594
0,0,0.42063591853575094
0,0,0.12844010474506273
0,1,0.736343908762515
1,1,0.9741778340663968
1,1,0.5786816663542563
0,1,0.5624065422086272
0,1,0.7096541732927645
0,0,0.18865549718912372
0,0,0.3282649635126416
1,1,0.9223662291870759
1,0,0.2209804896626737
0,0,0.24629396748470617
1,1,0.8303262221930661
0,1,0.7985253162949121
0,0,0.10374705376598102
1,0,0.13688029498727255
1,1,0.8205802545831096
1,0,0.2070273506609599
1,1,0.8647213227276601
1,0,0.19293036815892448
1,1,0.7707611149409582
1,1,0.937786549164233
1,1,0.8767533992231109
1,0,0.37012544666169067
0,0,0.09058265156694552
1,1,0.9375825711748509
0,0,0.12003821552886712
0,1,0.6324705253631909
0,0,0.2271592470976548
0,1,0.8392693013426445
0,0,0.18704677444757478
1,1,0.6020549844400733
1,1,0.7267881612829599
1,0,0.3786686095527902
0,0,0.4428975547421035
0,0,0.271823861581861
1,1,0.7653459428821355
0,1,0.6853224144745109
1,1,0.5934002085954416
1,1,0.766334452278908
0,0,0.20045572972221182
1,0,0.48513149940812333
1,1,0.5325684037116175
0,1,0.5017381171118016
1,1,0.9614501233621658
0,0,0.28499986139377037
1,0,0.17806507996127746
0,0,0.37693556698927483
1,1,0.8439205160730984
1,0,0.39447846514593243
0,0,0.08725272497668231
0,0,0.16214940537440886
1,1,0.9508019206296385
1,1,0.8934664256726672
1,0,0.3986016706009883
0,0,0.24341306637878493
1,1,0.8447117208098445
1,1,0.9974807656395008
1,1,0.8343553003266054
0,0,0.08298312935257054
0,1,0.6347347694334164
1,1,0.8543882631626601
1,1,0.8167872769712186
1,1,0.9948334784374282
1,1,0.9607789613830927
1,1,0.8061558534893484
1,1,0.6805662964935589
0,1,0.8955451278420625
0,1,0.7615104616152714
0,1,0.6228693053436375
1,1,0.7120790438918887
0,0,0.39345207385194425
1,1,0.9674035171634161
1,1,0.6230140032106806
1,1,0.930785405948835
1,1,0.9448770291207501
0,0,0.35485546473457047
0,0,0.36741386880211063
0,0,0.09069543101354403
1,1,0.9069035455493755
1,1,0.640399946971056
1,1,0.8361990552520198
1,1,0.8478972804089457
1,0,0.11289363381967457
1,1,0.8127920621108866
1,0,0.34638034669603046
1,1,0.8393434411193731
1,1,0.9311070040332885
1,1,0.9063285843612059
1,1,0.5957161104876668
0,0,0.3408642174330403
0,0,0.4712075402542962
1,1,0.8536141850444529
1,0,0.08937822279478021
0,0,0.06924444686251759
0,1,0.7050425211702138
0,0,0.14293686111287848
1,1,0.8899175250077268
1,1,0.9161953170841742
0,1,0.589916053932514
1,1,0.9763447927743268
1,1,0.8354234902878463
0,0,0.37214310729039124
0,0,0.453322971891936
0,1,0.6271083889991338
0,0,0.24511996008114237
1,1,0.8790872561703765
0,0,0.2976246526350191
0,0,0.010024241692680931
0,0,0.16134507175688206
0,0,0.04327301000802808
0,1,0.7539807488673519
0,0,0.17084667006906548
1,1,0.7108172236436999
1,1,0.839994589372538
0,0,0.03687496883417282
0,0,0.4753991849204659
1,0,0.06180564923826702
0,1,0.7264502497393568
0,0,0.14801689131959617
1,1,0.7697703054661797
1,1,0.9360448664509748
0,0,0.2889171529640144
0,1,0.6709201570859591
0,0,0.27067061804962406
1,0,0.08995560737597644
1,0,0.37331922497741477
0,0,0.33008187318331217
0,1,0.7864220967526339
1,1,0.9301997815755653
1,1,0.9904809481026136
1,1,0.6318268857757888
0,0,0.42715799143680305
0,0,0.09035903258429501
1,1,0.6490230893484022
0,1,0.5858568950914201
0,1,0.6039225881112286
1,1,0.9189215415165243
0,0,0.0939066370439466
1,1,0.9295632723324041
1,0,0.33418550961333504
1,1,0.9787924656951562
0,0,0.04537678894665019
1,0,0.3550111782528452
1,1,0.5789477327712563
0,0,0.09156176116220628
1,1,0.909187645997661
1,1,0.6536716883115019
0,1,0.6151907170392548
1,1,0.860192731868572
1,1,0.6319935390142953
1,1,0.5426387761655965
0,0,0.04459244196471086
1,1,0.8459985292305995
1,1,0.524834752506961
1,1,0.9139343706851073
1,0,0.1559774418449727
0,0,0.07409054451269016
1,0,0.3498933820130682
1,1,0.7887787406213264
1,1,0.6433736255471517
1,1,0.9981520650520167
1,1,0.9676006047924859
1,0,0.3308864431449589
1,0,0.49944278621459226
0,0,0.3290679440177781
1,1,0.5786408223465539
0,0,0.19609840664522482
0,1,0.7201903142223405
1,1,0.939418436154983
1,1,0.9249791474289341
1,1,0.7340972503463049
0,0,0.17167119573211112
1,1,0.5690779926406859
0,1,0.6154363067520158
0,1,0.7749434039129146
1,1,0.6757750979854312
0,1,0.540160092605535
1,0,0.17280909025198143
1,1,0.6539956959469629
1,1,0.9725930974783129
0,0,0.13582544742229866
1,1,0.7294231440675685
1,1,0.6101906754775158
1,1,0.7254441318548849
1,0,0.1489402543892804
0,1,0.5336567474911529
0,1,0.7323753033319153
0,0,0.30108864922590955
1,1,0.5608299304187812
1,1,0.8979111815525967
1,1,0.9481057513411004
0,0,0.15023917805296993
0,0,0.2716771849285495
0,1,0.5488234141223979
1,1,0.8465963550322059
1,1,0.9643974515020504
0,1,0.7201146942950901
1,1,0.6671256295031615
0,1,0.5171146814645988
0,0,0.19339366632888624
0,0,0.4901094640657543
1,1,0.6522231555341641
1,1,0.89591861123898
0,1,0.552666121206861
0,0,0.3620278354609337
1,1,0.9987035176013149
0,0,0.27741481137679913
1,1,0.6608825878917126
0,0,0.12423185430856083
0,0,0.42959931352304703
1,1,0.6243862676982819
1,1,0.8777151175763765
0,0,0.13376305013359113
0,0,0.16830145208899472
1,1,0.7245261596157201
1,1,0.8860086209602731
0,0,0.2489919614362041
1,1,0.933665376114007
0,0,0.3304897724289906
0,1,0.7355476899777891
1,1,0.7499661976870101
1,1,0.7989070040671243
0,1,0.6060515998937128
1,1,0.8508156357041753
0,0,0.24190131177846114
1,1,0.7371132546783647
1,1,0.6744929630461957
1,0,0.12462447027631438
0,1,0.8051764714170683
0,0,0.4866657167701403
0,0,0.02974967203680881
1,1,0.7610801864752398
1,1,0.7522223920926273
0,0,0.4400137889484776
1,1,0.9841822081325837
1,1,0.8851281067283374
0,1,0.539447780899232
1,1,0.7287753801350495
0,1,0.7029394891202416
1,1,0.7364889781499022
0,0,0.16552657889128808
1,1,0.9748988582529415
1,1,0.9813590416196009
1,1,0.5927326204406942
1,1,0.8468723175208012
1,1,0.6918626622040364
0,0,0.08843952176512494
0,0,0.22773155358326952
0,0,0.09760342604158069
1,1,0.8339597206377252
1,1,0.739699172086374
0,0,0.41051236640800404
1,1,0.79466152371068
0,0,0.39158602801836134
0,0,0.4578289850925042
0,1,0.6983058606490988
1,1,0.9634606540359468
1,1,0.817551463725496
1,1,0.7614136114852094
1,1,0.6480772138200805
1,1,0.8054295044629732
1,1,0.9121776598084577
1,1,0.9608517857682323
1,1,0.9708813975064093
1,0,0.2673075920197183
0,0,0.39953100956808973
1,1,0.9018744305023035
1,1,0.869547077344618
1,0,0.3989202010302271
0,0,0.01800221418857704
1,0,0.34002713570666687
0,0,0.39984006951608075
0,0,0.30898095428860367
0,0,0.14051089778956508
0,1,0.6147106355017564
1,1,0.738375064334759
1,0,0.32533469604675225
1,1,0.956921649437891
0,0,0.007112234986649877
1,1,0.8932246430524157
0,1,0.6382951504534622
0,1,0.5683427961805463
1,1,0.8204124167064728
1,1,0.9876911924436895
1,1,0.8489446072240653
0,1,0.8165500047857066
1,1,0.9429175201518335
1,1,0.7252281176944847
1,1,0.817292551846968
0,0,0.4886838751249059
1,1,0.8480443128494927
1,1,0.8103118728188231
0,0,0.2859170797327746
0,0,0.1433976689927717
0,0,0.2307444069510434
1,1,0.9612328275778819
1,0,0.3985676763890726
1,1,0.9610837330071553
0,0,0.05596668126981546
0,0,0.009669196291779121
1,1,0.943861579877412
1,1,0.6869112609712673
1,1,0.676012213698265
1,0,0.4764391052076909
1,1,0.6621501033485719
1,0,0.4488595180326428
0,0,0.400751111537505
0,0,0.18714203526922396
0,0,0.0384565749722258
1,1,0.898783492353032
0,0,0.21204933910085944
0,0,0.07776826749792187
0,1,0.595266240545076
0,1,0.5400776070120703
1,1,0.6958770042831518
1,0,0.30755477688172805
1,0,0.3748394302950326
1,0,0.2645298280538641
1,1,0.9991358993438557
0,1,0.8678299555513246
1,1,0.5622164135161112
1,1,0.8440066749001828
1,1,0.544728885593502
1,1,0.9846385731281848
1,0,0.10226257439954814
0,0,0.026302335382122073
0,0,0.4694166957962075
1,1,0.9556201573874138
1,1,0.5363691746308861
1,0,0.3636319178661145
1,1,0.8631575783592088
0,0,0.33757912618962993
0,0,0.07589137526784308
0,0,0.0979245101755792
1,0,0.47480591621734236
1,0,0.19146787325129716
1,0,0.44617748277034375
0,1,0.5154318655346315
0,0,0.25023386277285153
0,0,0.14834979640729104
1,1,0.5850837621757615
1,1,0.8408208480147893
0,1,0.5776190689078246
0,0,0.4255229853395994
0,0,0.19229878854136448
1,1,0.9361456698711534
1,1,0.9438345649046741
1,0,0.41532049804050114
1,1,0.6491995087690436
1,0,0.3574146653776782
1,1,0.9301448159847053
1,1,0.6936233721830056
0,1,0.5634350343441296
0,1,0.9172101011249415
0,0,0.43024323408755377
0,0,0.4533742930259833
0,0,0.0830821280473443
1,0,0.12182252996712938
1,1,0.7099679138348222
1,1,0.8493799774072733
0,0,0.16193133935537457
0,1,0.5657402378720411
1,0,0.49622335869684253
1,1,0.9982066826484012
1,1,0.8042739679363129
0,0,0.04536816594152117
1,1,0.8274443327590126
1,1,0.8935577946524983
0,0,0.05417879743232561
1,1,0.7714657015920369
0,0,0.2833768664509914
1,1,0.8967059522783866
0,0,0.0972533370966786
1,1,0.6831936694903887
1,1,0.8734924443004832
0,0,0.09180125940861192
1,1,0.9987775252573824
1,1,0.9712476105366189
1,0,0.4112539580356077
0,1,0.5175668049023564
1,1,0.6391465008804889
1,1,0.9788307988218533
0,1,0.5297089641254125
0,1,0.5763242744965784
1,0,0.39786250580161103
0,0,0.2216924881687268
1,1,0.9566008799312817
0,0,0.15065589834559784
0,0,0.04225110883439269
0,0,0.07514311661431568
1,1,0.7562578445025303
0,0,0.11291913764369853
0,0,0.11137439632766374
0,0,0.012316043545223783
1,1,0.5117364044212813
1,1,0.8365856494551913
1,0,0.4599091458771843
1,1,0.97288817166771
1,1,0.8831545235434644
1,1,0.7505202326567828
0,1,0.5123822174759415
0,0,0.46192316563523356
0,0,0.024683851905237104
1,1,0.8899063297623829
0,1,0.947247788251135
1,1,0.798065168920195
0,0,0.08371448877043147
1,1,0.6966915697550378
1,1,0.5490701473473061
1,0,0.2805223763318291
1,1,0.5859487100428785
0,0,0.24829304550568723
1,0,0.25239937843141813
0,1,0.5437921086451171
0,1,0.9272753836674805
0,0,0.28649056744537804
1,1,0.8898022357982638
0,0,0.14048349923504116
1,1,0.9505454954835357
0,0,0.06135059850326783
1,1,0.6063123724112957
1,1,0.7516287740230378
0,0,0.32677965154133504
0,1,0.8263811474096862
1,1,0.9466481477254536
1,1,0.6602722709148048
0,0,0.34900958475518107
1,1,0.6012242330112851
0,0,0.26471572316848874
1,1,0.8630684337737435
0,0,0.4442195754900712
0,1,0.5692485531054332
1,1,0.7736748710087064
1,1,0.961990438409437
1,1,0.8385244036242807
0,0,0.10668971552644102
0,0,0.19203109684909847
0,0,0.10503439170959324
0,0,0.23775815084948604
0,0,0.3940229287607342
1,1,0.8570687887889555
1,0,0.2846026641816443
0,0,0.08955111259713096
1,1,0.9671558885552244
0,0,0.36785326546811936
0,0,0.35579332164328115
1,0,0.2995476143962028
1,0,0.4160856292969203
1,1,0.7217688389072625
0,1,0.8517334897381946
1,1,0.9647777950001958
1,1,0.8154743722026581
0,1,0.5612860659100666
0,0,0.28582698096216425
1,0,0.21966494838649964
1,1,0.5088507436268471
1,0,0.36381103532498715
1,1,0.8655387566415268
1,1,0.5130892140789405
0,1,0.9601747826323829
0,0,0.1019471941887976
1,0,0.3584338440818548
1,1,0.5961774013269913
1,1,0.8361075279861656
1,0,0.46336902616667186
1,1,0.5335168444231055
1,0,0.3603783916412017
1,1,0.6792564220241507
0,1,0.5317150713301779
1,1,0.8087231735831852
1,0,0.4844857392420438
0,0,0.27087476328477533
0,0,0.25717454908771087
1,1,0.7500095188465685
1,1,0.9989601018706875
1,1,0.5551416844363181
1,1,0.930473947491221
0,0,0.12042034938520715
0,0,0.45694009793358115
0,1,0.5464853685993127
0,1,0.5824767600990396
1,1,0.8650729521384295
1,0,0.269441129519188
1,1,0.6142232040063816
0,1,0.5541704171490267
0,1,0.596401594770388
0,0,0.10143759811019917
1,0,0.24922503869622772
1,1,0.5445544819988516
0,0,0.26463945187920734
0,0,0.07054213285487891
0,0,0.3081309756458289
1,0,0.14716313773011966
0,0,0.29869954051155256
0,0,0.14230706103818908
1,1,0.6732554271793236
0,0,0.330931354161949
1,1,0.9199596115370479
1,0,0.49329033354491864
0,0,0.1525459824655716
0,0,0.36229870449726315
0,0,0.3298539134766764
1,1,0.9702887382257098
1,1,0.7992989976259312
0,0,0.3571733717820258
1,1,0.9578481441801355
1,1,0.7158969450843555
0,0,0.13055355561739787
0,1,0.7405674494399529
0,0,0.1504784681110784
0,1,0.817652057261384
0,1,0.6478262973718731
1,0,0.47736631990545914
1,1,0.7771718293346782
0,0,0.14909683774793187
1,1,0.7717318049970208
1,1,0.8107518958695447
1,1,0.7656449651899806
1,1,0.8421337423542262
0,0,0.20161344958765964
1,1,0.9327479170171818
1,1,0.8392107388558404
1,1,0.7968883629774786
1,1,0.716404627428661
0,1,0.8005882175946578
0,1,0.8053644597177617
1,1,0.9329701107655629
1,1,0.6385783254265052
0,0,0.2835410422284693
1,1,0.8840078016726584
1,1,0.9628693856926082
0,1,0.6385426601723163
1,1,0.9471607727687837
1,1,0.9112064461992755
1,1,0.7202734130557161
1,0,0.4582448800040816
0,0,0.2636648318371737
1,1,0.7979204229686305
1,1,0.9510201259012141
1,1,0.9881988715984686
0,0,0.04572242067612336
1,1,0.9990119657036213
1,0,0.1426184215778947
1,1,0.9236161473497765
1,1,0.5125817381373331
1,1,0.7211735615360004
0,0,0.21252524067630224
0,0,0.23947907511274533
0,1,0.5070854718937746
1,1,0.8174752186343467
0,1,0.5638337279019103
0,0,0.3514856472754714
1,0,0.25419348958228793
0,0,0.1776088893483833
0,0,0.2644443685533454
1,1,0.8047364887285646
0,1,0.6972020053732619
0,0,0.08530564985514627
0,0,0.15561768656280134
0,0,0.12640896263307566
0,0,0.11257123790867582
0,0,0.42504395337852224
1,1,0.9741139504486104
0,0,0.4165980076136771
1,1,0.9167599074572518
1,1,0.8197546835575237
1,1,0.8958849630712405
1,1,0.8237949787741726
0,0,0.045920397539350934
1,1,0.8407263797285373
0,0,0.031155374744200395
0,1,0.7979815037705276
1,1,0.8549815875467967
1,1,0.8772147583087564
0,0,0.38349019671531975
1,0,0.26835665741785214
0,0,0.4641529531245165
0,0,0.43150876685804146
1,1,0.6637928252494929
0,0,0.401133983619588
0,1,0.5971383981215829
0,1,0.8437747620730508
1,1,0.8340105259794887
0,0,0.045196094184566084
0,1,0.6495728488602841
1,0,0.2815165303924897
1,1,0.7209105353490105
1,1,0.9819622680795987
1,1,0.926327729173655
1,1,0.7724271493304968
1,1,0.7389085392723803
1,1,0.881076472708002
1,1,0.6413656111889555
1,0,0.430135385580297
1,1,0.774592909082204
0,0,0.3348482671873733
0,0,0.3058027537808461
0,0,0.22309779616383435
0,0,0.49071408675332934
0,0,0.09450663050146542
1,0,0.4528097887947031
1,1,0.9518020517680998
0,0,0.22272762581198094
1,1,0.545405741662438
0,0,0.29602169028584013
0,0,0.34847957684436986
1,1,0.7305610332836653
0,0,0.28382215970301466
1,1,0.9979602110541531
0,0,0.3102020894760709
1,1,0.8360920429634848
1,1,0.8593852790885115
1,1,0.7500093055449796
0,0,0.10379613518268409
0,0,0.22007343784531344
1,1,0.6229425441152007
1,1,0.721598533442809
0,0,0.010562221713029063
0,0,0.08119537230218217
1,1,0.5780909857240889
0,0,0.1674459974657789
0,0,0.21616068810499936
0,0,0.2705592596274743
1,0,0.34590609741742645
0,1,0.7285606500411638
0,0,0.2993553957068745
1,1,0.9676398326456018
0,0,0.11516613260822581
1,1,0.9984926890323416
1,1,0.8198891690139054
0,0,0.1632673197881552
0,0,0.05746046243934074
1,0,0.25823539258829054
1,1,0.8794155792237764
1,1,0.9201298718397104
0,0,0.007025273378063727
1,1,0.7739242037216685
0,0,0.14970197470757726
0,0,0.2803331278453754
1,1,0.5653528351682977
1,0,0.1733627568425466
0,0,0.0528736937803523
0,1,0.9008578077758649
1,1,0.9891683864275324
0,1,0.6026179745335472
1,1,0.9300831886807278
1,1,0.5675421367907647
0,1,0.9513963324061508
1,1,0.9094009924914405
0,1,0.5996333551602606
1,1,0.7267945067481213
1,1,0.8351485260612732
1,0,0.08816700002612625
0,0,0.49857723964239914
1,1,0.5617775836638037
0,0,0.41788513174670383
0,0,0.26729225950776603
1,1,0.9520315599512967
1,1,0.725531860081005
0,1,0.6438898173699928
0,1,0.528809739760395
0,0,0.48101676836839113
1,1,0.5553432422579412
0,0,0.29398333091119694
0,0,0.4007748614920255
0,1,0.8817428577578915
1,1,0.9616799646394647
1,1,0.5355614717656856
0,1,0.8368550273639488
1,1,0.998928170309493
1,1,0.7992751843079199
0,0,0.29030619130528407
0,1,0.6964406970045928
1,1,0.8825896656695624
0,0,0.19391581355550236
0,0,0.09506578610595995
0,0,0.22651267619710483
0,1,0.707178978540808
0,0,0.20311323813548668
1,1,0.7921672764435844
1,1,0.8021592763633656
1,1,0.9317550423271884
1,1,0.9632666469121018
1,0,0.2651564382445608
1,1,0.7360240039480989
0,1,0.8710579380844934
0,1,0.5103001786408377
0,0,0.12837475694513972
1,0,0.25343587522658256
1,1,0.8643254727329437
1,1,0.7435816041326788
1,1,0.6342821678017955
1,1,0.7624125885335988
1,0,0.2252630118169978
0,0,0.10916272233346126
1,0,0.21587259255684293
1,1,0.6191474755124255
1,1,0.62422702456071
0,1,0.612248111669853
1,1,0.6937194381317784
1,1,0.9169928428928508
1,1,0.626777045185651
1,1,0.8705306838013821
1,1,0.7799473578882065
1,1,0.7967630069105359
1,1,0.8521098167512402
1,1,0.5637955352075295
1,1,0.7639440676678468
1,1,0.7875200885663957
0,0,0.2754900649060332
1,1,0.8842660515229901
0,1,0.6993889949967279
1,1,0.9040789676221516
1,1,0.9590032500758269
1,1,0.9714947710912905
0,0,0.27708401624139256
1,0,0.25466722528965585
1,0,0.4252234416367016
0,0,0.38768524502085183
1,1,0.6064785752984171
0,0,0.09580668786162336
0,0,0.11339078601904733
0,1,0.6625382651373508
0,0,0.40048142660300157
0,0,0.07978501686732219
0,1,0.7062223132720443
0,0,0.36927360823046995
1,0,0.367539021514727
1,1,0.7966770405505034
1,1,0.7684438008677666
0,0,0.14702293099919428
1,0,0.38991544263273475
1,1,0.6152922422261696
0,0,0.07994263937795736
1,1,0.9012304052955863
0,0,0.40071987403229326
0,0,0.12929248571616223
1,1,0.6139179925645398
1,1,0.7987472443113255
1,1,0.7600861248796708
0,0,0.244922019433436
0,0,0.08167205085373964
0,1,0.7502026315708537
0,0,0.014489400373143451
1,1,0.8248892389920095
0,0,0.07315332703797947
0,1,0.744593951052038
0,1,0.7218094391800766
0,0,0.29580125234625787
0,0,0.32956175356835254
0,0,0.14164920620710245
0,0,0.08113074634869807
1,1,0.8449519732933629
1,1,0.8852554097299076
0,1,0.5574038549232192
0,0,0.20963282958603868
1,1,0.8727794384294479
0,0,0.07550436792407221
1,1,0.9321247786537429
1,0,0.49110417271745477
1,1,0.8056675587182749
0,1,0.8458602451224251
0,0,0.14318020456288205
0,0,0.20489480708252317
0,1,0.7129260635914993
1,1,0.9404486780264841
0,0,0.3219682467573974
1,1,0.8207476728582286
0,0,0.05695640345076943
0,1,0.6971471215380987
1,1,0.860162119957026
0,1,0.9219556776479853
0,0,0.06903325006165995
1,1,0.5090174535654512
0,1,0.9036457287203562
0,1,0.5950859708184384
0,0,0.21972284898439912
0,0,0.4372672686667463
1,0,0.1937440019724123
1,1,0.7163866034136939
1,0,0.13824318538808647
0,1,0.6521759423380579
0,0,0.3592452984798992
1,1,0.8780581829168946
0,1,0.7526056955852429
0,0,0.055874798800879255
0,0,0.098703562483436
0,0,0.2969245535783362
1,0,0.3854001828236527
0,0,0.37136939850061057
0,1,0.9598775847291111
0,1,0.7182214162578842
1,1,0.8647792842688975
1,0,0.40515483909259703
0,0,0.4712699663724982
1,1,0.6709624683755446
0,1,0.6298923285567075
1,1,0.9059657264781779
1,0,0.34873462169346414
1,1,0.8685090728458098
0,1,0.6868205667713246
1,1,0.7145968438388591
0,1,0.7307864090118323
1,1,0.5580209790484421
1,1,0.9601330381359449
0,0,0.37225109686331664
0,1,0.6383078742636036
1,1,0.723633821732383
1,0,0.387441520281958
0,0,0.2909174333922146
0,0,0.035794983912358906
0,0,0.2836119796418032
1,1,0.7969350460356611
0,0,0.10774005917592164
0,0,0.011395178677070898
0,0,0.19395038769546263
1,1,0.5309564363496805
1,1,0.8868090581951235
0,0,0.13974257209130608
0,1,0.6598553108750629
1,1,0.590733931048716
0,0,0.02975763100379365
0,0,0.20360205931018371
0,0,0.3317417826945158
1,1,0.8347344274837177
0,0,0.029273471259453385
0,1,0.6165845478368821
0,0,0.20648894198000872
0,0,0.36332987334257977
0,0,0.13231947127924734
0,0,0.27651880746427393
0,0,0.38904663516240207
0,0,0.3104833710063442
0,0,0.20624486245681603
0,0,0.18608480465097568
1,1,0.9604914623033851
0,1,0.5180842556784492
1,1,0.9685572016200097
0,0,0.3581971478810322
1,1,0.6449244493864243
1,1,0.5104741373147881
1,1,0.8320348789190333
0,0,0.3668477567565676
1,0,0.3607481539047077
0,0,0.2072167621412831
1,1,0.8988069431505589
0,0,0.022962311740907217
0,1,0.7839544711729136
0,0,0.34628233688317334
1,1,0.6741725562254626
1,0,0.38619067861406586
1,1,0.957517291947873
1,1,0.6651358591279057
1,0,0.15189687307950764
0,0,0.08745925373898446
1,1,0.9207573457513207
1,1,0.9841894117129608
0,0,0.22646188308748005
1,1,0.615068843795685
0,0,0.43477753961286963
1,1,0.8762064714512913
0,0,0.4244141507509369
0,0,0.2472011449673091
1,1,0.9409478477082991
0,0,0.08447090888663766
1,1,0.9455259228661574
0,0,0.4840092080721897
1,1,0.7741466704513974
0,0,0.07440761890421158
0,0,0.2613062473666485
1,1,0.9090092615649397
1,1,0.8899208600161485
0,0,0.4233390018251799
1,0,0.09456542349904248
1,1,0.7284044936770444
0,0,0.0446746180898388
1,0,0.1988442811913941
0,0,0.10263033305440572
0,0,0.019538177321933626
0,0,0.1949949837021922
1,1,0.6798002745447839
1,1,0.7611219604586703
1,1,0.926106396835716
0,1,0.7796541134905037
1,0,0.0626323237857699
0,0,0.009960248557063586
0,0,0.2980881793615952
1,1,0.8099993735069452
0,0,0.0038848577585187632
0,1,0.6603845959729013
1,1,0.611586696816508
1,1,0.7460005800166677
0,0,0.18406175071150543
1,1,0.5573344917688154
0,1,0.5453084086727
1,1,0.9348104002421707
1,1,0.8069554571525219
1,1,0.8691040430997832
1,0,0.30078466112789365
1,1,0.9226099358716786
0,0,0.21277976256269635
1,1,0.9976215235609756
1,0,0.185188534333193
0,0,0.13295282113164766
1,1,0.895889758108177
1,1,0.969629694388312
0,0,0.3239813266985487
0,1,0.6689988871022411
1,0,0.4793523028269706
1,1,0.8231066446880471
1,1,0.998516917831755
1,0,0.38510424804510673
0,0,0.15489325744548355
1,1,0.9188086935512734
0,0,0.3802422846020347
1,0,0.21160652262471402
1,1,0.669087739124657
1,1,0.9631465502395546
0,0,0.4712527534368788
0,0,0.17660259994954855
1,1,0.9263372021862675
1,1,0.7268993037398396
0,1,0.6763609956491032
1,1,0.8252666658743883
1,1,0.875438474871668
0,0,0.28286017297571076
1,1,0.5983223799960871
0,0,0.1647353534222776
0,0,0.1841202792594043
0,0,0.296644343339536
1,1,0.5731001436894411
1,1,0.7524910016077896
0,0,0.3035202207091473
0,0,0.3584526037878566
0,0,0.3742070743115417
1,1,0.8455965682921176
0,1,0.5747888671113072
1,1,0.900060351857133
1,1,0.718114944342355
0,0,0.38051497570589726
1,1,0.9636723411074833
0,0,0.1798299772931362
0,0,0.3629278668056688
1,0,0.4943475301158076
0,1,0.8518924789151974
0,0,0.10372038357407769
0,0,0.4579962055625312
1,1,0.6486853730475701
0,0,0.07598895692564898
1,1,0.9301046170225883
0,0,0.017606737828701303
0,0,0.3494702909280567
1,1,0.8134780702945064
1,1,0.6332530088218072
0,0,0.4369323245704972
1,1,0.8888058123655042
1,1,0.8800998816422169
1,0,0.4544770061968245
0,0,0.47745296239885854
1,1,0.9040441080169466
0,1,0.886607767928556
1,1,0.9834748879337568
1,1,0.8580341753106097
1,1,0.9575455492491921
1,1,0.6343162474253556
1,1,0.7396313757999379
1,1,0.5264471494092516
0,1,0.8594673707698667
0,0,0.38651983616067703
1,1,0.6778552620552802
1,1,0.6749939364032399
1,1,0.8534497229505373
0,0,0.46340394846318456
0,0,0.3170922320354568
0,0,0.48896669390781256
0,0,0.35892764245076286
0,1,0.7866439201895589
1,1,0.8350391466462904
0,0,0.33285620319985515
1,1,0.8401353135944857
0,1,0.7787830811595695
1,1,0.9190485683383393
1,1,0.885023919123004
0,0,0.44833800110060423
1,1,0.5544173315185946
1,1,0.6774202937387603
1,1,0.8857109130198407
0,1,0.6445977583286332
1,1,0.8160976410436753
1,1,0.7277330986690513
1,1,0.5805839116993606
1,0,0.43907052554682274
1,1,0.7634299410815029
1,1,0.9606903733247957
0,0,0.37176184998215195
1,1,0.7921589865450241
1,1,0.9443650913694691
1,1,0.921594771641007
1,0,0.1941017271342897
1,1,0.8491467455102161
1,1,0.9859997047493142
0,0,0.20987786057717506
0,0,0.255143961679599
0,0,0.3734635749340313
0,0,0.1416193686871335
0,0,0.09072486934373268
1,1,0.8932148245792263
1,1,0.9650682740371977
1,0,0.3033910386072327
1,1,0.6439365324420292
1,1,0.9811609022498826
1,1,0.9740439544697382
0,0,0.3966397774457188
0,1,0.5349536652223542
1,1,0.9335936416940928
0,0,0.32727467043803127
1,0,0.4850267557529125
1,0,0.2696909918569757
0,0,0.07531603065002006
1,1,0.6872884108352448
0,0,0.048534961278017465
1,1,0.8151582967326224
1,1,0.9561997948997283
0,0,0.3670741273296518
1,1,0.9240149452596477
1,1,0.7569510821047407
1,0,0.42423957508341686
1,1,0.7569675946975148
0,0,0.4315996047591833
1,1,0.9038528504753273
1,1,0.8601790449226782
0,0,0.3132398224885371
0,0,0.07255613011749175
1,1,0.5584899554746733
0,0,0.346764004437208
0,1,0.7143551158851582
1,1,0.9170100622512889
1,1,0.7860703137593977
1,1,0.9517958277810323
0,0,0.0167573690148911
1,1,0.8184827918861043
1,1,0.791260761164221
1,1,0.8856031593827469
0,1,0.7390122394835236
0,0,0.08212919848644584
0,0,0.05839225784326799
0,0,0.40980859984434687
1,1,0.8879760254238483
1,1,0.9374888484210273
1,1,0.8208234389207515
1,1,0.6430349717216945
1,0,0.42160785871305534
1,1,0.7122768412418568
1,1,0.9263509673101689
1,1,0.729594700194815
0,0,0.35129585568855987
0,0,0.04960437006274371
0,0,0.0357698841473352
1,1,0.7859476176010743
1,1,0.9836038646230152
1,0,0.4630667967474098
1,1,0.6272088297672263
0,0,0.1709071610441153
0,0,0.24804085258753206
0,0,0.4617044583426132
1,0,0.2803245269169573
1,1,0.618530765941945
0,0,0.16314850752883084
1,1,0.9540845764721074
1,0,0.31033228369645965
1,1,0.574730132307156
0,0,0.13337632298151705
1,1,0.8846136160384466
1,0,0.31613898081512604
0,0,0.3485411367749358
1,1,0.8613692480626893
1,1,0.7793781349671398
1,1,0.9970793027764651
1,1,0.9046384649940177
1,1,0.5042916892000548
0,0,0.46176388071204527
1,1,0.9529215720976727
0,0,0.3598965259269697
1,1,0.5422802069500038
0,1,0.5462862079804495
1,1,0.9974355080017198
1,1,0.5276486608862756
1,1,0.5662045808816096
1,1,0.5946772069075741
1,1,0.8570346712449489
1,1,0.6931425957208117
1,1,0.6650818503327376
1,1,0.904667843401025
0,1,0.5918030628003271
1,0,0.38911565376926804
1,0,0.43524236286023993
1,1,0.7932511516541159
0,0,0.07175352286540268
0,0,0.08304417431657705
1,1,0.8924726430005051
1,1,0.8476570826052033
1,1,0.6899546136630789
1,1,0.9590622939721386
1,1,0.5156053823637438
0,0,0.035491734094102605
1,1,0.8714033949978974
1,1,0.681613091671042
0,0,0.009782440501213718
1,1,0.9147127353748378
0,0,0.11550898708035759
0,0,0.22200234496124477
1,1,0.762352218298753
0,1,0.922263449603867
1,0,0.2885373511914463
1,1,0.9132456194859032
1,0,0.28749329810123053
1,1,0.591692649597324
1,1,0.5561064621387221
1,1,0.9212688113035584
1,0,0.2694642908879295
1,0,0.4720128747197683
1,0,0.2770923779453246
0,1,0.7854083029124076
1,1,0.6900490667477089
0,0,0.41616169177710266
1,1,0.9374724143676196
1,1,0.9768246993606351
1,0,0.2804384192296629
0,0,0.20878732528774765
1,1,0.6957727986652449
0,0,0.3312446378635501
1,1,0.8279552810042629
1,0,0.4369553391176334
1,1,0.9864037498902426
1,1,0.6475227553042209
1,1,0.9277297775852051
1,1,0.7565045485676418
0,0,0.2925450457531982
0,0,0.11454375686307582
1,1,0.8960274420903082
0,0,0.14172519318915247
1,0,0.14963131760925838
0,1,0.7623462079676117
0,0,0.18278294973719902
1,1,0.6456267706357235
1,1,0.9239584375969138
1,0,0.1051884981759301
1,1,0.5098503452225266
0,1,0.801167443336844
1,0,0.40494333942933597
0,0,0.3036945921440174
1,1,0.8812789392824483
0,0,0.1908447261604467
1,1,0.8858807357349281
1,1,0.9441529083752437
1,1,0.9621265170829789
1,1,0.906545062900583
0,0,0.39976835586791565
1,1,0.9662368905793535
0,0,0.39168982180724765
1,1,0.646824015174023
1,1,0.9567979381121255
0,0,0.02433240174835259
1,1,0.9046017697840544
0,0,0.20269824520881163
0,0,0.3138035171136275
1,1,0.9710338919627032
0,0,0.4312367352521057
1,0,0.1827889573862451
0,0,0.21520423324569382
1,0,0.1506614822549479
0,0,0.2538578134678013
1,1,0.567422219115169
1,1,0.6575972824592242
0,0,0.12673636416558173
1,0,0.4285132252425836
0,0,0.13139146491909232
1,0,0.27710790599232393
1,1,0.9501985799609638
0,0,0.11373989261669736
1,1,0.8794623917150564
1,1,0.9601360453051833
1,1,0.6987816939312768
0,0,0.24760617044764976
1,1,0.5280179469559494
0,0,0.175656935853048
1,1,0.9291997532876816
0,0,0.05309734465061826
1,1,0.6998038084733283
0,0,0.06801109326234545
0,1,0.8284062599078426
1,1,0.9773717041935444
1,0,0.4658429560067969
1,0,0.198441256064137
1,1,0.9996580843201627
1,1,0.550683950658096
0,1,0.6466645232244801
0,0,0.4110879561353129
1,1,0.8600616612279531
1,1,0.7872675846475369
1,1,0.8766260835971732
1,0,0.4340166057436852
0,1,0.6018755817932782
0,0,0.40637311165724976
0,0,0.45814773200545594
1,1,0.6757851418054789
1,1,0.9159195579166926
1,1,0.8421640855284462
0,1,0.7198655895199355
1,1,0.9154580487587131
1,1,0.6824009954067509
1,1,0.6238423101909073
1,1,0.9902857871904637
0,1,0.6555747413218104
1,1,0.8741791181611892
1,1,0.7598840749949791
1,0,0.4155894316743423
1,1,0.9028947277974588
0,0,0.39468512050741605
1,1,0.7996622815125097
0,1,0.6903744211932445
1,1,0.9966699824890474
0,0,0.07483216608948351
0,1,0.6208847465074137
1,1,0.9443015163332295
1,1,0.5326499604845416
0,1,0.5012026365069833
0,1,0.5297671387924646
1,0,0.447054847233945
1,0,0.3624041199198258
0,0,0.4356336251086626
1,1,0.9708503054851835
1,1,0.9183354634802403
1,1,0.7206903677192364
0,0,0.3865545503891206
1,1,0.9045560228439727
1,1,0.658660942585365
0,1,0.5301107745142071
1,1,0.9762689626992871
1,1,0.9395792692113272
0,0,0.24106593193915954
0,0,0.4318933086350973
1,1,0.820438479474341
1,1,0.9612199966635616
1,1,0.955467555319099
1,1,0.6665974039271857
1,1,0.9249820407214794
0,0,0.13376406255599402
1,1,0.8608693729919115
1,1,0.5480700553015895
1,1,0.5824284243865299
1,1,0.6769640527431227
1,1,0.7714638266985375
0,0,0.012413168508988968
1,1,0.9697583098541435
1,1,0.6387708604325988
0,0,0.2943366196042283
0,1,0.7926314021708283
1,0,0.45287776373208316
0,0,0.2062296813445652
1,0,0.30816966306497
0,1,0.5584985918512997
0,0,0.3310414493803046
0,1,0.7037578988007174
0,0,0.2443838959294148
0,0,0.21893466014673757
0,1,0.5616135027880664
0,1,0.7343394218186782
1,1,0.9025515903065552
0,0,0.10911191190764943
0,0,0.1241824229694215
0,1,0.7274795327910901
1,1,0.9457967188315441
1,1,0.9362941498349614
0,0,0.047979635303151275
0,0,0.05146638486472406
1,1,0.8472585121184126
1,1,0.94931904238741
0,0,0.38116111681739345
0,0,0.20722084736443652
1,1,0.8698947496764816
0,0,0.4303098140787674
0,0,0.057767954359674446
1,1,0.9411859785377296
1,1,0.9793740734195271
0,1,0.6514412712470189
0,0,0.11683395916196623
1,1,0.905787055464944
0,0,0.03044684868409286
1,1,0.8288468809563203
1,1,0.6171237360239944
1,1,0.9729794991638484
1,1,0.9734289857882301
0,0,0.049731817384446
0,0,0.19002355986219757
1,1,0.5430438587536204
1,1,0.9735438948277283
0,0,0.15419983509965182
1,0,0.42497989170126843
0,0,0.03720680819270973
1,1,0.7787060429967805
1,1,0.8205149969506988
0,0,0.055942068186100355
1,1,0.7721893636861336
1,1,0.9715063447997736
0,0,0.4255770902995479
0,0,0.3338029859332269
0,0,0.4372996838365404
1,1,0.7130520924380791
0,0,0.4189056318054854
1,1,0.9530846528966693
1,1,0.9411285363040107
1,1,0.9219557813552115
1,1,0.817002632685954
1,1,0.7443454736762992
0,0,0.029437247749712125
1,1,0.7842948267570787
1,1,0.7059915293736098
1,0,0.3048822424625005
0,1,0.9567714624166483
0,0,0.3516320167000685
1,0,0.41950265001579157
1,1,0.8096387768141886
1,1,0.815061319086544
1,1,0.7653180884287764
0,0,0.2138152795024403
0,0,0.1567717007792728
1,1,0.7619439280828535
0,1,0.8821205483466186
1,1,0.7672884557895675
1,1,0.8580355616808389
1,1,0.5213829692989169
0,0,0.14515434014898035
1,1,0.9996491724429019
1,1,0.6813376834917577
0,0,0.16038751742762425
1,1,0.7793014333266959
1,1,0.9815550453530432
0,1,0.5943459162275581
1,1,0.6535556532716718
1,1,0.7192433355596863
0,1,0.8692317457976123
1,1,0.8726720076610833
0,0,0.3315036003599434
0,0,0.15640857841912809
0,1,0.521290741631828
0,1,0.8669091209693853
1,1,0.7630400909015693
1,1,0.8570250002566007
1,0,0.4433118395741873
1,0,0.2845293795436462
1,1,0.6573552380750353
1,1,0.8880907241702942
1,1,0.7161395250824047
1,0,0.19607654999799629
1,1,0.7975384104208735
1,1,0.7248774892840686
0,1,0.5733153146973168
1,1,0.6454938009323475
0,0,0.03725982432366905
1,0,0.2817060489115432
1,0,0.3080374256289466
1,0,0.3013244889670719
1,1,0.9353044446300577
1,1,0.6838048507984149
0,0,0.3535483869704068
1,1,0.8734132135708003
0,0,0.4503862207932928
1,1,0.5239757456138532
1,1,0.5108490813817059
0,0,0.3011993243360423
0,0,0.3627429736211401
1,1,0.9856588950462469
0,0,0.26970438094129856
1,1,0.7011981313896509
1,1,0.975162322055467
1,1,0.9185314937215372
1,0,0.19382988778573967
1,1,0.9367009458638929
1,1,0.7398073629954635
1,1,0.7818080205288215
1,1,0.8460156113844696
0,0,0.19437302311674054
0,0,0.10410934919287443
1,1,0.7088880305253574
0,0,0.33630002306973333
0,0,0.26550454677158186
0,1,0.7419539827561499
1,1,0.7728657583697185
0,0,0.41217261729454885
1,1,0.967931872413601
1,1,0.5775141595672239
0,1,0.5311053804469833
1,0,0.19554158042822598
1,1,0.9511966861810495
1,1,0.7307851191870312
1,1,0.6048411892859419
1,1,0.7745703725897625
0,0,0.05861851049333087
1,1,0.8582698852956718
0,1,0.7619646923626018
0,0,0.01450002687393436
1,1,0.9071444343615246
0,0,0.16672288565805635
1,1,0.9540815083877823
1,1,0.9896826818525035
1,1,0.9735652466861928
1,1,0.781445966114233
0,0,0.332230024021668
0,0,0.4910745451450282
1,0,0.29520679596981203
1,1,0.8283945247975103
0,0,0.005323433895728568
0,0,0.09583925927011887
1,1,0.8170530859682862
0,0,0.4945789214374093
0,0,0.14679034543572958
1,0,0.49986048774613134
1,1,0.7785665292515573
1,0,0.4929536692093429
1,1,0.7233304458407299
0,0,0.13838589510633464
1,1,0.953178615132101
0,0,0.4079695850471069
1,1,0.8319381041021733
1,1,0.5445728288158537
1,0,0.4735586213174462
0,0,0.30077875004744503
1,1,0.947457479148371
1,1,0.8851513742056262
1,0,0.22367954496579345
0,0,0.26548079251704304
1,1,0.7348774044815787
1,1,0.8063160578076413
0,1,0.533725756172809
1,1,0.6014279840776612
1,1,0.9968182870216663
0,0,0.4584583314350497
1,1,0.9322684457667374
0,0,0.29635787465307284
1,1,0.7958573768094046
1,1,0.7172139600703514
0,0,0.4234405994405665
0,0,0.10331544935220462
1,1,0.8235483078060929
1,0,0.3017182660522931
0,0,0.24269142911086294
0,0,0.2779408376895378
1,0,0.4957545124331214
1,1,0.848935313633108
0,1,0.5973374856567539
1,1,0.9991100883727294
1,1,0.785861734560068
1,1,0.5912932460646785
1,1,0.7755559939207329
0,1,0.9513160386143112
0,1,0.5164658492365024
0,0,0.36416262243264524
1,1,0.8673256286564937
1,0,0.40739061821425016
0,1,0.593977406360286
1,1,0.8007515257619662
1,1,0.8752770559690106
1,1,0.7133216530362688
0,0,0.13897140379697828
1,1,0.952174630177354
1,1,0.8869222053706002
1,0,0.13871445991762188
1,1,0.9416632054951124
1,0,0.37046529358103825
1,0,0.4735220907696854
1,1,0.7892469973311532
0,1,0.7750882281530973
0,0,0.29614851653577884
1,1,0.9597733972919823
0,1,0.5674813310429847
1,1,0.58456191780715
0,1,0.8492180818791292
0,1,0.6151070885082108
1,0,0.21919326826210753
1,0,0.2991821571625016
0,1,0.6881839628798778
0,0,0.488512938265022
0,0,0.3134893546599967
0,0,0.14890156141721841
0,1,0.933662019140888
0,0,0.02184057718044727
1,1,0.9622205162011646
0,0,0.06270755981581141
0,0,0.031654274832171814
1,0,0.35803644181155436
0,0,0.2805009135284575
1,0,0.35725722895224915
1,1,0.6165640976200416
1,1,0.6397886792270414
0,0,0.08298974267326854
0,0,0.14305044336221592
0,0,0.2884779014741289
0,0,0.19680867415354722
0,1,0.77721001849934
1,1,0.6925379097126664
0,1,0.6654302327916697
1,1,0.9127981311093999
1,1,0.9279006278691461
0,0,0.47513135458937755
1,1,0.7570199698905049
1,1,0.6892003057240208
1,1,0.9268883700717006
0,1,0.6353551996157563
1,1,0.9075388802022202
0,0,0.006323248793252491
1,1,0.7149935356687372
1,1,0.5828015509350307
0,0,0.03442473088947653
0,0,0.14219067325382773
1,1,0.5986906035341621
1,1,0.8967049122653881
1,1,0.9511424987317937
1,0,0.32877339985482334
1,1,0.9641870489025117
1,1,0.5102678833766149
1,1,0.9120050341865815
1,1,0.8064125356560374
1,1,0.541075006406996
1,1,0.8878451010692883
1,1,0.7834663442091242
1,0,0.2942813183852903
0,0,0.30464821751548526
0,1,0.7452558175579834
0,1,0.5605356878174386
1,1,0.6607338275090929
1,1,0.7876578523791637
1,0,0.19068075390064881
1,0,0.22410062056680238
0,1,0.7696810623497579
0,1,0.7436328617252109
1,1,0.9408858816532876
0,0,0.3605172003240944
1,1,0.5549954947825703
1,0,0.20024701360472288
0,0,0.09716899542576056
0,0,0.15737866495042505
1,0,0.46784960018990107
1,0,0.3109094477075322
0,1,0.5549929741125248
0,0,0.19994167527686532
1,1,0.8735941808321954
0,0,0.4397972518435287
0,0,0.06175069654730178
1,0,0.33734828780257176
1,1,0.9772927975298745
1,1,0.9852556144706672
0,0,0.16677292710582245
1,1,0.7937815213448269
0,0,0.2260887473807464
0,0,0.2793898167419933
1,1,0.6369545315102615
1,1,0.9938141106724794
1,1,0.8748891515707499
1,1,0.6243507686429174
0,0,0.4083606101228615
0,0,0.36358914082322497
1,0,0.4087721328331644
1,1,0.5401788795506669
0,0,0.33962308008836306
1,1,0.9828149402043402
1,1,0.5208898623525873
1,1,0.8890379258272425
0,0,0.0060277075902821775
1,1,0.9966043095451338
0,1,0.767262365845022
1,1,0.7970892442966336
1,1,0.9315361449704022
0,1,0.8732661421654289
1,0,0.26669673487604906
1,1,0.6913650906346595
1,1,0.6219226841073319
1,1,0.8625844791664302
1,1,0.9456451015381518
0,0,0.24693258384029634
1,1,0.908466727365038
0,0,0.1128147676458391
1,1,0.9169135935964533
0,0,0.2664841681999031
1,1,0.9115479661442902
1,1,0.9846136917266927
0,0,0.37027558387717413
0,0,0.4863834803996754
1,0,0.2735540394662517
1,1,0.9585031993902978
0,0,0.03991327397928071
1,0,0.13214630347846648
1,0,0.40961612917747153
1,1,0.9671777414170558
1,1,0.9866460854715897
0,0,0.14326027250775433
1,1,0.8391812449958121
0,0,0.1041714763119567
1,1,0.9548984647273613
1,1,0.9013101607294072
0,1,0.5909599766632582
1,0,0.41901676942541727
0,0,0.2271701930378142
0,1,0.641676237542788
0,1,0.8064804627653693
1,1,0.861477421804187
1,1,0.7860221164709534
1,1,0.8140734614586774
1,1,0.766748167537936
0,1,0.5073611127560986
1,1,0.9531423959356108
0,1,0.90197010202133
0,1,0.7158596505069781
0,1,0.7588798931875437
0,0,0.4912400394348474
0,0,0.26710890551660305
1,1,0.5605782294008971
0,1,0.5623571547069146
0,1,0.7744906697585852
1,1,0.9693175368189275
0,1,0.7450177522177254
1,1,0.8631253545981914
0,0,0.376440179199249
1,1,0.9299709435831852
1,1,0.9873122859110238
0,1,0.8667136197887269
1,0,0.34313186730994755
1,1,0.8257468280879072
1,1,0.5854125678008735
1,1,0.9341099140559543
1,1,0.8537458384370298
1,0,0.4223424969475676
1,1,0.9226611476195276
0,0,0.01533755416406741
0,0,0.21394085650594324
1,1,0.6980189376862344
1,1,0.8165928579552377
1,1,0.8395059292552893
0,0,0.21185602117253696
0,0,0.1148670360432791
1,1,0.918455111232808
0,1,0.5348108190842928
1,1,0.8747748377583888
1,1,0.610703163744979
0,0,0.42307522217852384
1,1,0.7506707009260254
0,0,0.24321440549670126
0,0,0.04347579973248548
1,1,0.9903425127712819
0,0,0.34016665604950735
0,0,0.03518949150359358
1,1,0.9734379535313088
0,0,0.08677104924023209
1,1,0.528518952622808
1,1,0.9768669416275252
1,1,0.8550832951764247
1,1,0.5258695342529918
1,1,0.8897520428026607
1,1,0.5058735578908251
1,0,0.08587065762659292
0,1,0.5060674174740326
1,1,0.9226103619413708
0,0,0.053842078524940745
1,1,0.7365823725659397
1,1,0.8789417501414818
1,1,0.9522937516220427
1,0,0.4465084015407751
0,0,0.09913334363171446
0,0,0.21599334822292315
1,1,0.8851927664904373
0,0,0.0030727644959014596
0,0,0.28685089296553773
0,1,0.823061082316423
1,1,0.9455653941534354
0,0,0.04312601889194113
1,1,0.8618889311150447
1,1,0.8644535239334906
1,1,0.9288713343324256
0,0,0.24152029427796187
1,0,0.20810928965884212
0,0,0.392998863653212
1,0,0.46496831333596245
1,1,0.9420964686235954
0,1,0.9271831730967207
1,0,0.3905450497238949
1,0,0.4814973672957607
0,1,0.9392887136031197
1,1,0.6631436340942567
1,0,0.23777553767684476
1,1,0.8082899712956253
0,1,0.7942412987648354
0,0,0.007813123536342838
0,0,0.13037361562284114
0,1,0.6307052606157331
1,1,0.7541185806954903
1,1,0.9727506984605854
1,0,0.33603090548114245
0,1,0.6836881272568861
0,0,0.07227176862850403
0,0,0.3235309019270697
1,0,0.42884529086861517
1,1,0.9291223029272833
1,1,0.9993730367713953
1,1,0.8322013719509976
1,0,0.48978964231782046
1,1,0.5509582476573215
0,0,0.2658795490094715
0,0,0.47977714669070654
1,1,0.8740746868191784
0,1,0.7701381119721098
1,1,0.9676475720715041
0,0,0.016783593639860664
1,0,0.1490645971343199
0,0,0.39863538246306596
0,1,0.7020466745758213
1,1,0.7137251929131737
0,0,0.4652619182259402
0,0,0.08094602190341289
0,1,0.5386909683780206
1,1,0.9002405152963594
0,0,0.36185661931555363
0,1,0.6143633654250118
1,1,0.8827110371102831
1,1,0.5108398898142671
0,1,0.7389163844850836
0,1,0.950938527936702
1,0,0.3420571615995473
1,1,0.7168380315210644
1,1,0.6662085465562808
1,1,0.8532024382518151
1,1,0.7249319075222067
1,1,0.66048808306227
1,1,0.5466820533542246
0,1,0.870962930190926
0,0,0.12608352318570687
1,1,0.8032611360868132
0,0,0.32996744542972156
0,1,0.6177257846587499
1,1,0.7896151693373384
0,1,0.9056906566084739
0,0,0.3959705758501855
1,1,0.7431539204913897
1,1,0.5340201842360394
1,1,0.8773770496332551
1,1,0.9235130924437659
1,1,0.7305180035910458
0,0,0.11460518654388219
0,0,0.12699831642408224
0,0,0.2576978239250573
0,0,0.10568687523938719
1,1,0.8792327592458486
1,1,0.5801843752289301
0,0,0.16568080812194538
1,1,0.507188895643348
1,1,0.7514995484400047
1,1,0.7982828810793179
0,0,0.3213093586819188
0,1,0.555287155907091
1,1,0.9723180001767288
0,0,0.19628903003033354
0,1,0.9078309182219328
1,1,0.9876939158198486
1,1,0.880856034814145
0,0,0.03992078458835342
0,0,0.008004399104378036
0,0,0.21083129941985349
1,1,0.961639842872744
1,1,0.8695248109518161
0,0,0.304654666243652
0,0,0.0029167685794325134
1,1,0.71051005531975
1,0,0.27759483115155836
1,1,0.9599696883333152
1,1,0.8884830567122407
1,1,0.9846555832705525
0,0,0.03168494502040247
0,0,0.38321530335220555
1,1,0.5521267822307601
0,0,0.15833403202770063
1,1,0.6058389768858689
1,0,0.39009323914951183
1,1,0.9621710986751504
1,1,0.867020986370632
0,0,0.4958679611662547
1,1,0.9778235682634852
1,1,0.9497768321382483
1,1,0.6494319652031665
0,0,0.4213406908094096
1,1,0.940971709776989
1,1,0.9845349437686719
1,0,0.47621315927201646
1,1,0.7437692442687575
1,0,0.4436867392316019
0,0,0.10834138848531626
0,0,0.3878407173403497
1,1,0.9542851211248836
1,1,0.9163147446895764
1,1,0.7827263106298782
0,0,0.010860313342709739
1,0,0.41811414758864124
1,1,0.8569186195628521
0,0,0.0996110729106194
1,0,0.3753239854877011
1,1,0.8005598236420864
0,0,0.24743043301029286
1,1,0.80764552294619
0,1,0.6749569267276283
1,0,0.49166226351700665
0,1,0.915962966555879
0,1,0.5194899371158846
0,0,0.019309812106969637
0,1,0.6660310764751846
0,0,0.3629339792976778
1,0,0.257272369549038
0,1,0.5592536733804762
0,0,0.41496622019030494
0,0,0.3841493856510471
1,1,0.8743196416486015
1,1,0.7300378290246221
1,1,0.5014208333836587
0,0,0.2606872659332557
0,1,0.6109988637931116
0,0,0.1470411335214783
0,0,0.18742073207938248
0,0,0.4465314523731117
1,1,0.9417875099966114
1,1,0.7211610242921526
0,0,0.4952182472976743
1,1,0.6653086397683267
1,0,0.4435207397865762
1,1,0.7217501331732137
1,1,0.9753595451986175
1,1,0.7397329527415395
1,1,0.7538175377035207
0,0,0.08744910756120321
0,0,0.14895009689747535
1,0,0.3939012530454161
0,0,0.3406214861755508
0,0,0.40369720286881144
0,1,0.7223605028054787
1,0,0.4335232200141728
0,0,0.0886445951258151
1,1,0.894436123592128
0,0,0.11359243046020924
1,1,0.9136298802174856
0,1,0.9756181821701431
1,0,0.23372939052992733
0,1,0.6404319664202845
1,0,0.06138690291437684
0,0,0.1811412451201353
0,0,0.08660582271796206
1,1,0.8267233958592625
1,0,0.2160674058220081
0,1,0.6345037022043364
1,1,0.9393818345583207
1,1,0.9682525526567066
1,1,0.8794293168771881
1,1,0.9035895087214455
1,1,0.9785151150206367
1,1,0.5335523108643566
0,1,0.6507936167748201
0,1,0.7858142737411261
1,1,0.6459859050921454
1,1,0.8534430836169208
0,1,0.676090390175539
0,1,0.7057117477566672
1,1,0.8397620329723896
1,1,0.9357271850006972
0,0,0.282506642508748
1,0,0.3859725016629076
0,0,0.47773949724333553
1,1,0.7942482566874995
1,1,0.5887134612667541
0,0,0.3539776664134145
1,0,0.2753167150196648
0,0,0.39092051613322026
0,1,0.6451958788817378
1,1,0.7427271567007498
0,1,0.6019234165534088
1,1,0.8866759279299604
0,0,0.36479437917499496
1,1,0.9955187218787349
1,1,0.7079853048283021
0,0,0.23528330610256498
1,1,0.7456810931932484
1,1,0.9434589731672987
1,1,0.8518097989075373
1,1,0.5328239442011988
1,1,0.920496899014791
0,0,0.19073266359759916
1,1,0.911901465067961
0,0,0.11820669634214272
0,0,0.1063782995560711
1,1,0.8252633724950768
0,1,0.9572930733133191
1,0,0.2729741558797096
0,0,0.08537987385944745
0,0,0.4765706545223777
1,1,0.8681202801602105
1,1,0.934059682214524
0,0,0.4601232789721723
0,0,0.46290621826643213
1,1,0.8727413370229337
0,0,0.0430645273866054
1,1,0.6768731269973829
1,1,0.9615650392896893
1,0,0.41977864674691173
1,1,0.6308071050206013
1,1,0.6133825020310376
1,1,0.7139230248378238
1,1,0.9772787414589191
0,0,0.4736567595624242
0,0,0.2423416343512946
1,1,0.9266478305294263
0,1,0.6854533934846653
0,0,0.17762878653345382
1,1,0.9460287735205763
0,0,0.2623315085499591
0,0,0.45795061441005724
0,0,0.4673557978096388
1,1,0.9485744582015624
0,0,0.3041139703656823
1,0,0.4117861436793336
1,0,0.4171742361772957
1,0,0.31394060721042494
1,1,0.9393272228964779
0,0,0.45145088656366883
0,0,0.40475025555990957
1,1,0.636413142949465
0,0,0.3458511175606064
0,0,0.4283959327043524
1,0,0.20668754735451464
0,0,0.16622595294885775
1,1,0.9304662262929304
1,0,0.34862505554150924
0,0,0.005691259124888599
0,0,0.30607152381200964
0,1,0.6815080595441535
1,1,0.6772936283464217
0,1,0.5067789422634318
1,1,0.5367800805283014
0,1,0.6737162000599809
0,0,0.493913981666283
1,1,0.7340490908497974
1,1,0.9369651227035739
1,1,0.8765353468388098
0,0,0.1427812283456143
0,0,0.2555183985819918
0,0,0.08488005205010735
0,0,0.1296407013649196
0,0,0.015098727393989935
1,1,0.9859247048908404
1,1,0.828670586033701
1,0,0.20381214152055682
1,1,0.9350386926257379
0,0,0.3607569727236801
1,1,0.8199320628678991
1,1,0.981982533690266
1,1,0.7807412547305508
0,1,0.6249672283186034
1,1,0.971244247788193
0,1,0.7133475332402509
0,0,0.2944040749436765
1,0,0.19029307857458452
1,0,0.3926293082874474
1,1,0.8928142090757711
0,0,0.3369050989035981
0,0,0.3001793603258091
0,0,0.3338741101562009
1,1,0.9034047485610188
1,1,0.5402824573420814
1,1,0.7151712888232992
1,1,0.595844346551128
1,1,0.8685472562460725
1,1,0.7218574690333881
1,1,0.7684689410347563
1,1,0.6337945298291046
1,1,0.7940773402722053
1,1,0.8950522467311143
1,0,0.40106397844941954
1,0,0.22117040197650029
1,1,0.8244297104298977
1,0,0.3653065180289412
1,1,0.937583560747819
0,1,0.6159758692111369
1,1,0.8942168010122503
1,1,0.6454883325529095
1,1,0.5679177370263652
1,1,0.5606111917048296
1,1,0.5174369855414523
0,0,0.09619748641110348
1,1,0.9224966755611863
1,1,0.8511059326554129
0,0,0.16373331238817454
0,0,0.36340145058768164
1,1,0.8800282914263864
1,1,0.8198175623976636
1,1,0.9521519546217528
1,1,0.693264997319957
0,0,0.19188677313310423
1,0,0.4779962483882694
0,0,0.20810264107506582
1,1,0.8777438122379639
0,0,0.18972150846082406
0,0,0.11762549163314545
1,1,0.7867097474587808
0,0,0.2753970771097772
1,1,0.6972254570233348
0,1,0.5860042237497908
1,1,0.6805054888696115
1,1,0.8919925503142769
0,0,0.23640974752653243
0,1,0.8401246689354089
0,0,0.210364279805642
1,0,0.23678301436593743
0,0,0.4794587410960556
1,1,0.8641250039614917
0,0,0.1603350063730921
0,1,0.645886493746706
0,1,0.5231193309085613
0,1,0.533475992469595
0,1,0.7825372137540533
0,0,0.17460786509709386
0,0,0.09984987231069616
1,0,0.44573632412955283
0,0,0.13891210426518497
1,1,0.9986808630060925
0,0,0.05179409388553011
1,1,0.7740903948730905
1,0,0.4789631700328299
0,0,0.4406467634370002
1,1,0.8601869373162832
1,1,0.801734698878471
1,1,0.7902673124626843
0,1,0.8886452997121292
1,1,0.8005147501295606
0,1,0.503125774917003
1,1,0.5526465542156864
1,1,0.7842476692363618
1,1,0.9106715900769191
1,0,0.1974635342551727
0,1,0.6945156723614466
0,1,0.6263503825929635
1,1,0.742887435222528
1,0,0.4499802177847893
0,1,0.6573851530292891
1,0,0.1554560523845397
0,0,0.23266211122791597
1,1,0.9828198212757958
0,1,0.586797339693895
0,0,0.18437433381448648
1,1,0.8783857264855626
0,1,0.8262961974385705
1,1,0.8436460556858281
1,1,0.9402476950857122
1,1,0.6247140059945191
1,1,0.8947763012008001
1,0,0.3173714380039146
0,0,0.35219725565029214
1,1,0.9826254491668953
0,0,0.49525146842007983
1,1,0.7793641812848587
0,0,0.13609769405242053
0,1,0.5887501656937593
0,1,0.5745558257370657
1,0,0.3628642210725777
1,1,0.5544254427438292
1,1,0.8603837314931344
0,0,0.1524505370153573
1,1,0.9646817788347477
1,1,0.8058771063831376
0,0,0.45283596350196836
1,1,0.9219915214436261
0,1,0.682043281057027
0,0,0.09490634684564986
0,1,0.6960463351971962
1,1,0.9287127115022413
1,1,0.6120172251058384
0,0,0.3973869006552167
0,0,0.06939754715161682
1,0,0.4489917433563765
0,0,0.2922954270324931
0,0,0.040691488888872196
1,1,0.8520591248257838
1,1,0.887739790547886
0,0,0.21787072797953336
0,0,0.038588841342137144
1,1,0.9148198831667187
1,1,0.8651610472382463
0,1,0.6983025972690972
0,0,0.45074361081251324
0,1,0.5134685216339726
0,1,0.6821960772272738
1,1,0.9111793433729158
0,0,0.3188019482419695
1,1,0.8430157857557532
1,1,0.6471801972922706
1,1,0.8371063853624972
1,1,0.7482813428911155
1,1,0.9281224582050385
0,0,0.07224005758651117
1,1,0.9872896548375034
1,1,0.895375605173946
1,1,0.8380959729004789
1,0,0.392596706670581
0,0,0.06159791098431289
1,0,0.4704996918287155
1,1,0.9718655543532223
1,1,0.9573889479613665
1,1,0.6087970638473542
1,1,0.9981629186578194
0,0,0.31089635576716923
1,1,0.7665174895036043
1,1,0.6576875995599044
0,0,0.2326086680261113
1,1,0.9976691071601972
1,0,0.2909162313835085
1,1,0.9034853627095389
0,0,0.4222654095262953
0,0,0.1398966060233463
0,0,0.1304727951521258
1,1,0.7947192371519602
1,0,0.4030128797984779
0,0,0.28218584436011074
0,0,0.3749957578523926
1,1,0.9483205538536178
0,0,0.17975662823904023
1,1,0.8401197281896244
0,0,0.3932408372510942
0,0,0.35198095461403067
0,0,0.07292199241768445
0,0,0.42649800955097256
1,1,0.6598377547760974
1,1,0.8916131284292457
1,1,0.5853609540400072
0,0,0.12248218299248864
1,1,0.8114865738413234
0,0,0.01804392672718496
1,1,0.5328046927755745
1,1,0.679874291209232
0,1,0.8480114943139124
0,0,0.3306464182533893
1,1,0.9591870972389916
1,1,0.9874976612663457
1,1,0.9500954824367259
1,0,0.4882591340089644
1,1,0.9032493056648092
0,1,0.6642672820951819
0,0,0.27250522594282744
1,1,0.5536146493494438
0,0,0.08360488692214652
1,1,0.9689009945612581
1,1,0.8028038032382262
1,1,0.7870366300625716
1,1,0.8832677178511772
0,0,0.10317874512691133
0,1,0.964106431668129
0,0,0.2672128715020986
1,1,0.9308264751092886
1,0,0.3203862807330046
1,1,0.7873716268381477
1,0,0.3304249104244057
1,1,0.577489821678846
1,0,0.34600591638835754
0,0,0.4057333937033433
1,1,0.5350580636678783
0,0,0.2213169573241634
1,0,0.24128501644774297
0,0,0.22939826080265768
1,1,0.9802438193007972
1,1,0.8949301669936012
0,0,0.06544383356257331
1,1,0.9444330739981472
1,1,0.6974643193503276
0,1,0.5396616700491299
1,1,0.5422168619304452
1,1,0.9691004458741839
1,0,0.34291040163308745
1,1,0.7600901081285341
1,1,0.8433342002390031
1,1,0.9347293362261854
0,0,0.3567484230742033
0,1,0.5658501528537222
1,0,0.4064465639716418
1,1,0.7796387518411203
0,0,0.0686705103518125
0,0,0.08046946904019459
1,1,0.8783564740203968
0,0,0.26499540639491137
1,1,0.7694652716911942
0,0,0.41534430364415825
0,1,0.5023536080449873
1,1,0.845995136524072
1,0,0.49671078524698237
1,1,0.8466559585459472
1,1,0.949472174559701
0,0,0.3768335863944844
0,1,0.5403830988188788
0,0,0.16610225544362725
1,1,0.9650342281196703
1,1,0.8924074130734727
1,1,0.8081887236418862
0,1,0.7954760347879845
1,1,0.957788218282423
0,0,0.18572730055667733
1,1,0.5721773274000768
0,0,0.21306728759863558
0,1,0.5720760463666572
1,1,0.8536216277568449
0,0,0.047877408915096155
0,0,0.43643446208141334
0,0,0.3913953863657991
0,0,0.2686325441023498
1,1,0.619586509749546
1,1,0.916086823939149
0,0,0.292130491088995
1,1,0.5476789805812433
1,1,0.8199109677908031
1,1,0.7927195267274393
0,0,0.09085618798010406
1,1,0.975387700946576
1,1,0.6608840553451129
1,0,0.49271073328944287
1,1,0.717655057375879
0,0,0.39676205788280633
1,1,0.8082077003435506
0,0,0.1875251408190134
0,0,0.007638497883711135
0,0,0.13364498808178502
1,1,0.8370313261971944
1,1,0.7067874693031166
0,0,0.09214656520693285
1,1,0.9547133477212121
0,1,0.6153075900371592
0,1,0.6913888761184376
0,0,0.14865244573050823
1,1,0.8093031797623441
1,1,0.9618822632755322
1,1,0.5451685676860726
0,0,0.11397950717107937
1,0,0.20097673270112362
1,0,0.3002980663492207
1,1,0.9530586028466828
1,1,0.7004268811166868
1,1,0.8305322552297519
1,1,0.914358977840251
0,1,0.9041480960985292
0,0,0.41097062877000773
0,0,0.3758855065683676
1,1,0.9311015041622264
1,1,0.9593707932784327
1,0,0.02768642951528431
1,1,0.9825459311527498
1,1,0.9552560684945415
0,1,0.80611655499995
0,0,0.05074196553130807
1,1,0.5960286206017544
1,1,0.7118335888623839
0,1,0.6141352207514097
0,0,0.28972089629448267
1,0,0.16510637147431037
1,1,0.7295046724998062
0,0,0.3629835665850162
0,0,0.3069532172475929
0,0,0.29814222329011075
0,0,0.47886560303040904
1,1,0.576183153533175
1,1,0.742479753755623
1,1,0.810406920831101
1,1,0.7457986736116481
0,0,0.1799840805857283
0,1,0.6471035292155942
1,1,0.7734979309794626
0,1,0.5737295852742403
0,1,0.6553234001220393
0,0,0.23799314147039616
0,0,0.3569206659226739
1,1,0.8878618299594998
1,1,0.9227805409705345
0,0,0.4802428949610454
1,1,0.99886660574293
1,0,0.4049843797142593
1,1,0.9259577091250097
0,0,0.1867121596372783
0,0,0.04510149825993082
1,1,0.9194037086286724
1,0,0.39689809828523354
0,0,0.3030396124419426
0,1,0.5633076879763032
1,1,0.6874312726459434
1,1,0.9534363432643924
0,1,0.927120184811891
1,1,0.8954729499970993
0,0,0.302053345426085
1,0,0.49071486065054726
0,0,0.31623135934776614
0,1,0.8865751637850087
1,1,0.6939224274409256
0,1,0.693211921109634
1,1,0.6393282615307675
1,0,0.17683323831265232
1,0,0.4523312418282098
1,1,0.9382689246169259
0,0,0.3009253345976723
1,1,0.8981514614191961
0,0,0.014305160430934038
0,0,0.2113407362706138
1,0,0.3469664197313994
0,0,0.25009723302337855
0,0,0.33880706416727435
0,1,0.8193864746059901
1,1,0.8702412638540247
0,0,0.008345646025856863
1,1,0.8850828277990438
1,1,0.8049311061313239
1,1,0.8615384946902662
1,1,0.62933842986664
0,0,0.19503653300255464
1,1,0.7651658375159218
1,0,0.3349329400068314
0,1,0.8410421721587402
0,0,0.1957709867911341
0,0,0.01328593415516658
1,1,0.7752111359130959
1,1,0.9992540211834147
1,1,0.785553176609334
0,1,0.53535224347834
1,1,0.7844514802107017
1,1,0.6923056100386745
0,0,0.2294498111985392
0,1,0.6865334435317667
0,0,0.010026392170961677
1,0,0.440721193616163
1,1,0.7316477496787168
0,0,0.1004971911415028
1,1,0.6728450808026818
0,1,0.5070278493493152
1,0,0.15915450147332896
1,1,0.8289136319838155
0,1,0.5102070171660836
0,0,0.1344541929776385
0,0,0.49427658684938497
1,0,0.26324688905038235
1,1,0.8927599109018891
1,1,0.9362837052499953
1,1,0.8731879530537436
1,0,0.4016260029478463
0,0,0.32345723060931203
1,1,0.9449944089684159
0,0,0.4541754462983505
0,0,0.32077786471043224
1,1,0.7686654188114327
1,1,0.9194151335609689
0,1,0.6355869413378561
1,1,0.8930223736314075
0,1,0.8826663788246427
0,0,0.030879836521604174
1,1,0.9853020182340464
0,0,0.049518670916885825
0,1,0.5823316698683261
1,1,0.7826217383850218
1,1,0.7364546048639906
0,1,0.5214310476819676
0,0,0.3311317237207474
0,0,0.15785199909984932
1,0,0.4360805984674769
0,0,0.3288348694644404
0,0,0.3113371195895507
1,1,0.510130739660205
0,0,0.00924974706052097
1,1,0.7665813602553897
1,1,0.6572444271340289
0,1,0.6205734417546973
0,0,0.41126418444615637
1,1,0.9165452471370993
0,1,0.6009433698739132
1,1,0.9653173852305184
0,0,0.28261322991403887
0,1,0.5592921309802907
1,1,0.8502963258392081
1,1,0.8879629468660215
1,1,0.8008834016947419
0,0,0.045660297290329624
1,1,0.8629580330743508
1,1,0.9118460301020269
0,0,0.051237097348922345
0,0,0.3040624476613213
1,0,0.3571056955523164
1,0,0.35319827058687625
1,1,0.8737911284986914
0,0,0.047340645185578664
1,1,0.8849895349414472
1,1,0.7282678224620027
1,1,0.814681491968508
0,0,0.1085310321558958
0,0,0.1449213279458472
1,0,0.4462944449420929
1,1,0.642959694299904
0,0,0.18678530587302805
0,1,0.5035533308127099
1,1,0.8011191089766467
0,0,0.41260426454939436
0,0,0.13522175169110093
1,1,0.7172016364981404
0,0,0.012620369996948863
1,1,0.6376058555042475
1,1,0.757172452385907
1,1,0.8332079668433542
0,1,0.810946691707958
0,0,0.45775184215916676
1,1,0.8741198077850723
0,0,0.15082069205240456
0,0,0.3988313236907559
1,1,0.9187411888448542
0,0,0.3441518296498525
1,0,0.3598038129989564
1,1,0.6592859031476186
1,0,0.4790106024601029
1,1,0.9005799039188632
0,0,0.1080001627682567
1,1,0.5692555847997341
1,1,0.7069124450176053
1,1,0.963056469645152
1,1,0.8689097333884194
1,1,0.8260205880671894
0,0,0.14269503638828698
1,1,0.9485045578245218
1,1,0.9107558051235284
1,1,0.7540820147945029
1,1,0.9980524826985302
1,1,0.9178982572698846
1,1,0.8214242575963393
1,1,0.7642592317353738
1,1,0.8586646244037477
0,0,0.1984902498625647
1,1,0.5266304139603405
1,1,0.9993690759658571
1,1,0.928733219013202
1,1,0.7683917618290228
0,1,0.5788356656314828
1,1,0.8429426427828643
1,0,0.4112301274372346
0,0,0.3320470921693089
0,0,0.23195985705799022
0,0,0.44083505663378886
1,1,0.9157772628027094
1,1,0.6972779497021556
1,0,0.43837492014648755
1,1,0.9454581885969284
0,0,0.21229349929843025
1,1,0.9637413113346965
0,0,0.18714977468747182
1,0,0.23503321805653477
1,0,0.4595128995214295
0,0,0.1549030733651554
0,1,0.5470532459164209
1,1,0.9344483764964703
0,0,0.36645305459390504
0,1,0.6220069239379946
1,1,0.7927371495230104
1,1,0.7062901397222228
0,0,0.014302774822931921
1,0,0.25947357566040663
1,0,0.42616660923331695
0,0,0.10676702275555298
1,0,0.28446932047020923
1,1,0.9332926383506744
1,1,0.7641241583458415
0,1,0.9347210220298152
0,0,0.40295013169474153
1,1,0.8748039885753768
1,1,0.977036101504732
1,1,0.610539376210319
1,0,0.37725775977729065
1,1,0.9492878177646896
1,1,0.7271607833182285
1,1,0.5340577480270783
1,1,0.6432724396345966
1,1,0.9042492577226816
0,0,0.2791927809717724
0,0,0.10770257489792091
1,1,0.6156066890415882
1,1,0.9761367511377421
0,0,0.4976460344123298
0,0,0.3156993257098153
0,0,0.42274829583594553
0,1,0.6260532830054997
1,1,0.8750668180317566
0,0,0.02671551769069583
1,0,0.4728611657839824
1,1,0.8572954476725109
0,1,0.7024646374806112
1,1,0.711436302197459
0,0,0.05990374247289058
1,1,0.6039234378737408
1,1,0.9867715955076417
1,1,0.9661343234175337
1,1,0.6127712758020698
1,1,0.5921408551229825
1,0,0.39827325828152005
0,1,0.8878644634412344
1,1,0.8223020398381716
1,1,0.9473555833321028
1,1,0.8317113847413419
0,0,0.37844029543228813
0,0,0.43297570079081554
0,1,0.5968617233855067
1,1,0.7672053077512306
1,1,0.5241236761239887
0,0,0.053353378509906846
1,0,0.2119288731529971
1,1,0.8250198819711205
1,1,0.8051820149784952
0,0,0.32970596598437624
1,1,0.8325394192595389
1,1,0.6637190366450068
1,1,0.6911055302593065
0,0,0.22142132738286718
1,1,0.9991270856835412
0,1,0.8477938024499212
0,0,0.12114320958679052
1,1,0.6157758902763595
0,0,0.09354443999382138
1,1,0.8900275667993952
0,0,0.397890226556466
0,0,0.11359767280780757
1,1,0.8929502824853947
0,0,0.11558354491286738
1,1,0.7319982270589046
0,0,0.4593592079679591
1,1,0.9317941929326808
1,1,0.8599237430139882
1,1,0.7069782249052764
1,0,0.32635369116145824
1,1,0.7677254500064528
0,1,0.6135444487566016
1,1,0.9888722549664939
1,1,0.6709021464683655
1,1,0.9875116606812842
0,0,0.3206333009890466
1,1,0.8216838732111031
0,0,0.27242687876785376
0,0,0.19035360874958815
0,0,0.4017173501858721
1,1,0.6864281351016771
0,1,0.7715348643460606
0,0,0.40959060896056976
1,0,0.42064891466958165
0,0,0.00491390652860473
1,1,0.8138239142957733
0,1,0.6383186970574657
1,1,0.6304419158920115
0,1,0.7818295927382171
1,0,0.3773949171878424
1,1,0.9119758712954764
1,1,0.9378423694404444
1,1,0.5512851139620162
0,1,0.8130478988966455
1,1,0.9759076443615519
0,0,0.2021539176159721
1,1,0.7120687026684517
1,1,0.8980960858264162
1,0,0.2982460089583774
1,0,0.25575834525229213
1,1,0.7873552938601295
0,1,0.62178715901633
1,1,0.7260067489668316
0,0,0.42059619113975966
0,0,0.1710622531996836
1,1,0.8735002771455664
0,0,0.12254372908188157
0,1,0.5095618486652438
1,1,0.875890483514463
0,0,0.06377015942356468
1,1,0.5333920560840714
1,1,0.6774869134291684
0,0,0.3633464993660458
0,0,0.25661935673143527
0,0,0.11427902815936151
0,0,0.1615111447454216
0,0,0.0596706992922226
1,1,0.9183871962647278
1,1,0.6027052908999829
1,0,0.3520663508336958
1,1,0.9670594834278887
0,0,0.49166378169172575
0,0,0.18708604045307814
1,1,0.8620388647173172
1,1,0.8427457421889228
0,0,0.1624517667302213
0,0,0.013728319436717745
1,1,0.981941343025285
1,0,0.07560015176221598
1,1,0.9183363966854821
1,1,0.8298682457598228
1,0,0.34790192790447405
1,0,0.4262600803122209
1,1,0.8516751337932533
0,0,0.17865963095489226
1,1,0.5680279344343652
0,0,0.2425970484990368
1,0,0.4964976582262462
0,0,0.19292698117533816
1,1,0.6944309673936976
0,0,0.24816184981927736
1,1,0.8925888633756689
1,1,0.7078450295898424
0,0,0.18827124818094232
0,0,0.1498302443944105
0,0,0.19578882776683298
1,1,0.8944668973833872
0,1,0.9331369076893924
1,1,0.5360958547530387
0,1,0.9309279067605178
1,1,0.8797691251931559
1,0,0.3868797612094725
0,0,0.040471308756961054
0,0,0.3683134277456088
1,1,0.7307594051910122
1,1,0.7215102749073427
1,1,0.8161708676410088
0,0,0.4500041445835313
1,1,0.614085678821295
1,1,0.8695922313151507
1,1,0.9602552285292189
0,1,0.915508337253518
0,0,0.31089989317770994
0,0,0.391369723480594
1,1,0.7717537740282164
1,1,0.8653581577103739
1,1,0.5112018625828614
1,0,0.17960403263577365
1,1,0.7385503783078863
1,1,0.7151849149990674
1,1,0.8880650671541923
0,0,0.20041421811446825
1,1,0.9901438315314397
0,0,0.34760111488703227
0,1,0.7710171255747611
1,1,0.8643553473975906
1,1,0.7580077542010671
0,0,0.28999325675902066
1,1,0.5577033554123638
1,1,0.7797719484764911
0,0,0.1142048090049694
1,1,0.639527371613989
0,0,0.3089272227622622
0,1,0.5301743256977424
1,1,0.7810559764034192
1,1,0.5625029212753596
0,0,0.2033411516306542
0,0,0.08412022620806733
1,1,0.9050134977780524
1,1,0.8953404122149312
0,0,0.05457596364378613
0,0,0.04143211649954298
0,0,0.26820457161879524
0,0,0.43111496582985964
1,1,0.6426015145407131
1,0,0.34747817298054434
0,1,0.6120796385013191
0,0,0.3730842599979267
1,1,0.7968534503539829
1,1,0.8148974863106839
1,1,0.9131937769076645
0,0,0.2609125927589373
1,1,0.8848720700875554
0,1,0.8285995147505613
0,0,0.260643541429686
1,1,0.8912313765853189
0,1,0.9001945414938677
1,0,0.3961134649924969
1,1,0.8128432078208973
0,0,0.34076174479229765
1,0,0.27077318551470125
1,0,0.42804921455752826
0,0,0.21164055986077046
1,1,0.9336545912337486
0,0,0.1487398100205142
1,1,0.9890277297533574
1,1,0.8885445905169509
1,1,0.8295933650772469
1,1,0.6916235703623711
1,1,0.5519736587982456
0,0,0.22225724555065532
0,1,0.7878880169601895
1,1,0.8201592549007151
0,1,0.7354632584350145
1,0,0.3620058367318039
1,1,0.7211629551349206
1,1,0.9307217942107199
1,1,0.8729893942262348
1,1,0.8809230940486261
1,1,0.6620772784587619
0,0,0.08512943113353996
0,1,0.5587989401646529
0,0,0.15302470441497248
0,0,0.26974981305659085
1,0,0.17515130688079653
0,0,0.07990491228462177
1,1,0.7703316840544772
1,1,0.9229751085716321
1,1,0.997626528690504
0,0,0.44398018898292657
1,1,0.7318186650578565
1,1,0.8244131374986183
0,0,0.48795995988629914
0,0,0.1402836948025108
0,0,0.3381839510605962
1,1,0.7999676127254003
1,1,0.9109169815741363
1,1,0.5850675674927497
1,1,0.8847400244183478
1,1,0.9689129215037138
0,1,0.7438606683701589
0,0,0.19930788124337642
0,0,0.19131866665166777
1,1,0.7818989073783827
1,1,0.7389907621233389
0,0,0.08463890919946586
1,1,0.9640278768626976
1,1,0.8096879702873186
0,0,0.48424777831560817
0,1,0.7459363599535033
1,0,0.37189514743829416
0,0,0.37485151382514953
1,1,0.5158199753938743
1,0,0.4845139707611439
1,0,0.4711715589879995
1,1,0.9675753647739246
1,0,0.2319056023611627
1,1,0.9724020936478577
1,1,0.9016156134129206
1,1,0.9430432660534405
0,1,0.905487558576194
1,1,0.9561441018388867
0,0,0.05860291895180807
0,1,0.7972899759089618
1,1,0.907785143254469
1,1,0.9511798856821859
1,1,0.8049793495232163
0,1,0.718915139139398
0,0,0.12919016409914463
1,0,0.47535828515819906
0,1,0.6534810606767911
1,1,0.9222242419364748
1,1,0.8999840640218646
1,0,0.42681369030856586
0,0,0.4097269595490897
1,1,0.8763282290384632
1,1,0.8765827663157454
1,1,0.843465800050347
1,1,0.9499932210286023
1,1,0.6176342430260106
1,1,0.963441303848603
1,1,0.6326908536354214
1,1,0.9000821145192628
0,0,0.13646502625622278
0,0,0.03692140191376833
0,1,0.8018843694407125
0,0,0.015476268414951536
0,0,0.4659984626901727
0,0,0.1047880099792816
0,0,0.21225265125307693
1,1,0.600386895808398
0,1,0.6817623429995415
0,1,0.7686535133295221
1,1,0.9691836016071413
0,0,0.3326834350537965
1,1,0.9597906140933253
0,0,0.11385102798143905
0,0,0.13226797488407857
0,0,0.20473670107643938
1,1,0.9142635330255487
0,0,0.2812925652115433
0,0,0.4496792060953285
0,0,0.3106190522364597
0,0,0.22791839198932343
1,1,0.9220789717802248
0,0,0.041460317687218765
0,1,0.7988135655285225
0,0,0.19219935141041525
0,0,0.020767403796439085
1,0,0.351657614446219
0,0,0.02122286719680051
0,0,0.2981102156358757
0,0,0.27875989158108144
1,1,0.6795735512080576
0,1,0.6218858648117846
0,0,0.09218194823774314
1,1,0.6012548860021565
1,1,0.9603719929501084
1,1,0.6653086102001782
1,1,0.5844015762217368
0,0,0.20751802294134566
1,1,0.6578822443594973
1,1,0.5358844321683629
1,1,0.8725161294456746
0,0,0.3292382492509577
0,0,0.3422664455649993
1,0,0.3539320390805492
0,0,0.19007248412078706
1,1,0.9456613605731081
1,1,0.6833272305190564
1,1,0.9778478373900451
0,0,0.11540811147669604
1,1,0.9140084815794373
1,1,0.6299120584010648
1,1,0.843733081602401
1,1,0.6838656157179223
1,1,0.9202206266160055
1,0,0.33775677747234656
1,0,0.17323390983702883
1,0,0.34663130927389113
0,0,0.3694154548192519
0,0,0.3606896339734722
0,0,0.2692416376799639
0,1,0.7913077319559435
0,1,0.7031906098244067
1,1,0.8211089454407562
1,1,0.8618966989178775
0,0,0.36716156991491866
0,0,0.3469841652093446
1,0,0.39940136785545
1,1,0.815598191031248
0,0,0.014424369871247731
0,0,0.0685621639638376
1,1,0.9862093843210715
1,0,0.2410506201138197
0,1,0.5270030181091904
1,0,0.3903175968371317
0,0,0.17436119526337107
1,1,0.8694786700242298
1,1,0.9021604116799427
0,1,0.7542371057359466
1,0,0.3892635616080889
0,0,0.034743442231608225
0,0,0.286042769065612
1,1,0.805075192910133
0,0,0.341828597283792
0,0,0.12993565241799368
1,1,0.828638047932276
0,0,0.25343214730611335
1,1,0.9589017835356433
0,1,0.7709387694942476
0,0,0.37108200985565487
1,1,0.7549884176002799
1,1,0.815741605143156
0,1,0.7636150835755899
0,0,0.345612330552763
1,1,0.722054233705025
0,1,0.7352419691123996
1,1,0.7555652973840216
0,1,0.6120856164356017
0,0,0.49309017520587123
1,1,0.9529696885267299
1,0,0.39746370691413063
1,1,0.6524434893560868
1,1,0.5380339359824501
1,1,0.9248890768255063
0,0,0.1434383217532192
1,0,0.07598295227844219
0,0,0.3049732510795104
1,1,0.9999532556927494
1,1,0.8460364148036125
0,0,0.28963910269578025
1,1,0.9822534879720453
1,1,0.7222886491789111
1,1,0.9953788275593725
0,0,0.24565462880424888
1,0,0.2314919569471895
1,1,0.7828286153847942
1,1,0.6795080249940181
1,1,0.5008376254479594
1,0,0.4792919312406593
0,0,0.1600162425131717
0,1,0.5865804480806422
1,1,0.8694358686267958
0,0,0.05491540210628033
0,0,0.27143891389020486
1,1,0.9625287239133682
0,0,0.402485612141208
1,1,0.6937594852844218
0,0,0.32812681524140647
1,0,0.15827019042334428
1,1,0.9009809247261713
1,1,0.8445751444108779
1,1,0.7293292234831673
1,1,0.9762344436963145
0,0,0.40456415746645424
1,1,0.6405748537779921
0,0,0.17483635756707339
0,0,0.33277748222270176
1,1,0.7904106326166852
1,0,0.23871066136964472
1,1,0.850720785145027
1,1,0.6874324794926449
0,0,0.3607459333743823
1,1,0.9025175724000768
0,0,0.2833980857509764
1,1,0.8511335092715969
0,0,0.20704494852553312
0,0,0.14401744126556437
1,1,0.9316031052323557
1,1,0.7377628714468886
1,1,0.8696111498592326
0,0,0.24567979827016384
1,1,0.9561346708266306
1,1,0.52381088906049
1,1,0.7901162419338568
0,0,0.10587718527279959
1,1,0.6230082468259005
1,1,0.655445892391636
1,1,0.8321080403974146
1,1,0.6816317094361034
1,1,0.794735230303475
1,1,0.5395948340216703
0,0,0.13118549724210016
0,1,0.5667629850028179
1,1,0.919680178946296
1,1,0.7791341915321502
0,1,0.5934707762872025
1,0,0.4370763523979386
0,0,0.3491940022447755
1,1,0.8720130997794413
0,0,0.29232977753262873
1,0,0.3312060645184559
0,0,0.48303249382761987
0,0,0.11970432909809696
1,1,0.7553880854537907
0,1,0.5307454522729526
1,0,0.3332962101794267
0,0,0.37607753405600314
0,0,0.34274375312650696
1,1,0.9480354369083646
1,1,0.8640688959257576
1,1,0.9793494241003311
1,0,0.27340793632645793
0,0,0.09109131153203838
0,0,0.18904299665702115
1,1,0.8291484105312518
1,1,0.9813559385236839
1,1,0.5081581495806407
0,1,0.778198197581035
0,0,0.1877523511879635
0,0,0.010174916954018873
1,1,0.9826101062395766
0,0,0.09530984320250255
0,0,0.03839471092244794
0,1,0.5699430106885984
1,1,0.9667470699980738
0,0,0.38748195159211785
1,1,0.8221322862600611
0,0,0.3849530247854657
1,1,0.7368151788070108
0,0,0.17962105474866588
0,0,0.03434859810400354
0,0,0.3175920789980973
0,0,0.1856525247596447
1,0,0.41135518106734204
1,1,0.5899726791078947
1,1,0.5244986964736704
0,0,0.39916084711973576
1,0,0.35335259199432123
0,0,0.4234990538667772
0,0,0.18584908616987686
1,1,0.525761622541811
0,0,0.16601555642943222
0,0,0.3103099414637125
1,1,0.9986328764091411
0,1,0.6744028369292289
0,0,0.13149921339827142
0,0,0.341783877878812
0,0,0.052017201127954965
1,0,0.17382945090371957
1,1,0.6285728340114837
1,0,0.4698048789553932
1,1,0.8220966722136503
0,0,0.1801451987860176
1,1,0.641954025072163
1,0,0.26952081817936563
1,1,0.9991050079638287
1,1,0.7655543629135437
1,1,0.785428773913556
1,0,0.2780560371275941
1,1,0.6690272844262255
0,0,0.2433180156876367
0,1,0.7985389752018269
1,0,0.21028231009578818
1,1,0.9833097684733241
0,0,0.10016706582858226
0,1,0.6108844947220472
1,1,0.8119622618072769
0,1,0.6922141489782352
1,1,0.6791689982730842
1,0,0.43555671560947673
1,1,0.8528976035061496
1,1,0.9682209034238718
1,0,0.4026331576601649
1,0,0.36251852590459016
0,1,0.7341872569477751
0,1,0.9802914257940877
1,1,0.7771653613323173
0,0,0.0670555603747523
0,0,0.2717687934474309
1,0,0.07948195808139219
0,0,0.31850301511484397
1,1,0.8801910602328262
1,1,0.9411822881893013
1,1,0.9078464553189849
0,0,0.2434563306408305
0,0,0.15467108651407271
1,1,0.8710016737987711
0,1,0.5902388731687335
1,1,0.9329204073463664
1,1,0.9143028721444827
1,1,0.8966006399082233
0,0,0.13999088627095743
1,1,0.9412003283793801
0,0,0.05756298547895155
0,0,0.21904181614258408
1,1,0.627483362521622
1,0,0.4613017523347319
1,1,0.9606301540859095
0,1,0.5485552545379521
0,0,0.41465981405236807
1,1,0.965205127212559
1,1,0.6841531684645556
1,0,0.15032674588589562
1,1,0.7158093256345409
0,1,0.5166068270187244
0,1,0.6861663543640254
1,1,0.777164130774943
0,0,0.26708585567843085
1,1,0.9654282923260438
0,0,0.19751376268210796
1,1,0.8443409423407893
0,0,0.1413091603405362
1,1,0.9241254511281061
1,1,0.9378914403996833
1,1,0.958453105739607
0,1,0.5308473572858446
0,1,0.5384314362246059
0,1,0.8196787791600254
1,1,0.8866134643663108
0,0,0.19587454457243628
1,1,0.8049591014470452
1,0,0.36726981712029433
1,1,0.8918486431655699
1,1,0.9560950223375303
0,1,0.6449191289206586
1,1,0.980705635592159
0,0,0.1317465760914919
1,1,0.8564973614310332
1,0,0.27187820446436034
1,1,0.883347444109823
0,0,0.3952033184545278
1,1,0.8253388783196568
0,0,0.14782207465396138
1,1,0.8536644129487321
0,0,0.3374652089067648
1,0,0.3789213766658256
0,0,0.13427102751511402
1,1,0.6140570474702673
0,1,0.9213488296386578
0,0,0.4455202843536848
1,1,0.9585794213774653
0,0,0.1402303310689883
0,0,0.06432845655407204
0,0,0.0411556776151314
1,0,0.2766163484939966
0,1,0.7244850050427284
0,0,0.32165705378635406
1,1,0.9459575730675033
1,0,0.4995038084825793
1,1,0.8056707679779581
1,0,0.4952821496158263
1,1,0.9980898962556775
1,1,0.9698192902215443
1,1,0.7825536456405414
1,1,0.9981581750461902
1,1,0.9892245075743858
1,1,0.9108104287489236
0,0,0.08582832932134513
1,1,0.5827254018276943
1,0,0.49446084672054474
1,1,0.6198190795169458
1,1,0.9320803505630669
1,1,0.66919301149079
0,1,0.647069200212491
0,0,0.3384693433186653
1,0,0.4209859919138871
1,1,0.5684850820802339
1,1,0.7259796188319606
0,0,0.38704189249183524
1,1,0.808981623612604
1,1,0.6018359081557488
1,1,0.9042896762540019
1,1,0.9815751087143426
1,1,0.8184350890245123
1,1,0.7529513293451919
1,1,0.9683697991787183
1,1,0.9267404720611334
0,1,0.5377073751636638
1,1,0.578065724610077
0,0,0.49538273303345504
0,1,0.5886389165829604
1,1,0.660315220259418
1,1,0.9682865173964968
0,0,0.40239034321142925
0,0,0.12439448589241557
1,1,0.9157752478681527
1,1,0.981128706943061
1,1,0.8667688866035944
0,0,0.008230988518236832
1,1,0.9446847024778359
0,0,0.33033778399341457
0,0,0.11623515038590615
1,1,0.9989389545435966
1,1,0.5219966378901532
1,1,0.8394789608553646
1,1,0.998091447166841
0,0,0.4256087612049923
1,1,0.9625466338976814
1,0,0.24397686223582601
1,0,0.19314981032495443
1,0,0.21905665023731208
0,0,0.3758391881432225
0,0,0.35144945437012365
1,1,0.9769569233707102
0,0,0.32846084487127913
1,0,0.11401742856512277
1,1,0.949932633200885
1,1,0.9865059110002411
0,0,0.38394110499959255
0,0,0.03342184925925336
0,1,0.9137851940330989
1,1,0.8543166183482777
0,0,0.17725626382074958
1,0,0.4182656140138818
1,1,0.8587124901675279
0,0,0.025667284095717738
1,1,0.8363069649003286
1,1,0.70564057706335
1,0,0.34454236653094455
1,1,0.6937028093075865
1,1,0.9097023846777272
0,0,0.30631489042349785
1,1,0.7241304458315874
1,1,0.7423012874988896
1,1,0.9411099824856354
1,1,0.9157386266851836
0,0,0.010463590247826346
1,1,0.9908189370104404
1,1,0.8187302409906821
1,1,0.5005065297042202
0,0,0.3188425796619696
0,0,0.3117411691244711
1,0,0.1650036084523491
1,0,0.34718427738804103
1,1,0.9112227576209991
1,1,0.9833977513412445
1,0,0.2150809273244299
1,1,0.9753886724086755
0,0,0.014369287826393884
1,1,0.8836129985913914
0,0,0.0037613284011729074
0,0,0.3451025051076606
0,0,0.1707046216047064
1,1,0.9082398300381156
0,0,0.08617969327073903
1,1,0.9523437016902128
0,0,0.017328204250590503
1,1,0.8898804205985923
1,1,0.7477962607241856
1,0,0.4953972731923373
0,0,0.11547115576224833
1,0,0.26106952123881955
1,0,0.40583507590227663
1,1,0.9047585910500017
1,1,0.923724685580158
1,0,0.16023876991067218
1,1,0.705730041231598
0,0,0.20294220721797213
1,0,0.3935186375217583
0,0,0.45579158956521704
1,1,0.82290435401249
1,1,0.8730112054897654
0,0,0.10441915946090927
1,1,0.9759591606884076
0,0,0.09633015080343774
1,1,0.781758679259531
1,1,0.9532209852548057
0,0,0.08885082305893019
0,1,0.6178876926197084
0,0,0.353732619303538
0,1,0.7369907025116441
1,1,0.947962059284643
0,0,0.38348132109053656
0,1,0.9263553314434402
1,0,0.46365980061046347
1,0,0.2532697902071134
0,0,0.01363264576213661
0,0,0.08660796010755921
1,1,0.8253436321328222
0,1,0.6350259178395643
1,0,0.3553884406790668
0,0,0.37002971280501096
1,0,0.42595817604479497
1,1,0.834859057415674
1,1,0.9659046628722809
1,1,0.531966270499285
1,1,0.9189225664886369
0,0,0.1299305879835966
0,1,0.5770387583405034
0,0,0.2517460381916735
0,0,0.04608514770955862
1,1,0.9417948097066231
0,1,0.7967328621080288
1,1,0.8502528219209617
0,1,0.8129075354652947
1,1,0.7273593239155359
1,1,0.8807347088506086
1,0,0.2556689110793035
1,0,0.3947216617369099
0,1,0.6242775456148019
0,0,0.4592234369029282
0,1,0.6279084862445725
0,1,0.7106146006906581
1,1,0.8604063179675093
1,0,0.20138122476193152
1,1,0.6345018181067098
1,0,0.4024343452852281
0,1,0.9084510122558811
0,0,0.0395980269414813
0,0,0.2635249070223528
0,0,0.30602846071407425
0,0,0.381317820080657
1,1,0.9726659652133356
1,1,0.9172555056322412
0,0,0.26599068153789873
0,0,0.08963250475933401
1,1,0.533112622437466
0,1,0.6454023108839521
1,1,0.7429876107003631
1,1,0.759390626219649
0,0,0.049949247788521556
1,1,0.8673891896125822
1,1,0.9960549613087498
0,0,0.09223497403056259
1,0,0.47702270329258845
0,0,0.2808341725197795
1,1,0.8940243830130231
1,1,0.7439615895751994
1,1,0.9701838039328586
0,0,0.3421301461824664
0,1,0.5136675166358272
0,0,0.4184022372956539
0,0,0.11706186265254011
1,1,0.9637943791814768
1,1,0.9471448990714213
1,1,0.6076212678697099
1,0,0.22167159298995687
1,1,0.8223994629330973
0,0,0.05294209624524687
1,1,0.9467811918895466
0,0,0.2568243184766704
1,1,0.9476727994101342
1,1,0.7375005989915228
0,1,0.6614581606181837
0,0,0.10634547884729931
0,0,0.14150765601329326
1,1,0.5414071763067445
1,1,0.7120822061676372
0,0,0.3811603778636955
1,1,0.5569765041492986
0,0,0.498496577430523
1,1,0.9775023216850925
1,1,0.9792871778393863
1,1,0.999189142587566
1,1,0.569673167313677
1,1,0.8575864626458716
1,1,0.8920274295488169
1,1,0.9604906217512008
0,0,0.18683165224670578
0,0,0.1721905820734231
1,1,0.9053871576378367
0,1,0.6596164212595363
1,1,0.7541593528632962
1,1,0.9239488676785189
1,1,0.9032462194968747
1,1,0.9209393407079902
0,1,0.574041503863418
1,0,0.4126998812382805
0,0,0.05875164590365964
1,1,0.9661338750683081
1,1,0.8664074696012237
0,0,0.05785520818869962
1,1,0.9418469317598066
0,0,0.10632122620868298
1,1,0.5252482419608544
1,1,0.9730384300208581
1,1,0.6925980385260574
1,0,0.4353198908665463
1,1,0.8350595477374635
1,0,0.3503507723522448
1,1,0.5804998969848237
1,0,0.34174368317233217
1,1,0.8550269033534119
1,1,0.8826758518068931
1,1,0.6140185241039522
1,1,0.7031899005065747
1,1,0.5464342479627949
1,1,0.9758588912980521
0,0,0.19737314636809017
0,1,0.7222415285704471
0,0,0.2861284346261201
1,1,0.835716364622318
0,0,0.23384425426929362
1,1,0.952078364720213
1,0,0.3718904650188053
1,1,0.9749927098781604
0,1,0.9667781722604276
1,1,0.9449094113274377
1,0,0.21920950218412624
0,0,0.20441549270376208
1,1,0.7818099812406811
1,1,0.8228756607779532
0,0,0.2251660975282537
1,1,0.8410451369027427
1,1,0.9549704154245531
1,1,0.9463896947659758
1,1,0.687664528360297
0,0,0.04682357789512383
1,1,0.6547089514687868
0,0,0.14285782359788474
0,0,0.024143564011828145
1,0,0.21414249721727618
0,0,0.34992529040957815
0,0,0.13708906543432672
1,1,0.9994123110862181
1,1,0.9550973728925676
0,0,0.22539351494830412
1,0,0.3383832447315796
1,1,0.8469614399909772
1,0,0.2865803759380167
1,1,0.893560952779935
1,0,0.04586147662048733
1,1,0.9969897525624709
0,1,0.7462859330963373
1,1,0.8282696695822629
1,1,0.686792643123683
1,0,0.28290560186795644
0,0,0.3634046738407955
1,1,0.5854708609860942
1,1,0.8312724609534614
0,0,0.49855328064299687
1,0,0.31069174757966633
1,1,0.5562508088804238
1,1,0.6675742049770355
1,1,0.9383201590349889
1,1,0.8618787218871482
1,0,0.18885565132802967
1,0,0.3149836362718156
0,0,0.41640352434751415
0,0,0.45785205494837306
0,1,0.6390087209854963
1,1,0.9338003499962877
1,1,0.6828128562211164
1,1,0.6528391412743295
0,0,0.22239132315747517
1,1,0.9107797269432073
1,1,0.9409059377531604
1,1,0.6243192531541111
0,0,0.22216502330466634
1,1,0.9751195461096981
0,0,0.14717687979576285
1,1,0.8489160030588383
1,0,0.24348392804839572
1,1,0.8876437248579657
0,0,0.25936274277478333
0,1,0.6122347086405648
1,1,0.8975970110221985
0,0,0.4652851379861684
1,1,0.7835419526156342
0,0,0.17697726907009534
0,0,0.24219027246426905
0,0,0.23632284786889163
1,1,0.9508901940640948
1,1,0.5443663928075971
1,1,0.8959072811104382
0,1,0.6553405401646751
0,0,0.16666885233155704
1,0,0.43305041550070555
0,1,0.6112363353306371
0,0,0.3304908016001035
1,1,0.8937085080527063
1,0,0.4158518437050549
0,0,0.3407948462456221
1,1,0.9039763466594791
1,1,0.8407551094450428
0,0,0.32174474390331315
0,0,0.49725260126243487
0,0,0.26641814931935887
1,1,0.7457963795109624
1,1,0.9854029848464134
0,0,0.2643343852058101
0,1,0.7561984226348907
1,1,0.7535629300388617
1,1,0.9694190069009386
1,1,0.8597731208035537
1,0,0.4993872729110243
1,1,0.9921967235027725
1,1,0.5843011525325378
1,1,0.8009439545236191
1,1,0.678102032870113
0,1,0.8436652851128774
0,1,0.9166025314825937
1,0,0.3148881055465732
0,0,0.13777764646335683
0,0,0.3011763382546287
1,1,0.8384523314930115
0,1,0.8116106703125925
1,1,0.9187764041790494
0,1,0.9421505301785443
1,1,0.9414685962678894
0,0,0.49839244700406105
1,1,0.7689690921059839
0,0,0.06992702760387387
1,1,0.8282421439512323
0,0,0.4663705024162712
0,1,0.7662823602078844
0,0,0.12642202374066183
0,0,0.21101328256868077
1,1,0.8770812498909809
1,1,0.8872666977666852
0,0,0.11203729100447868
0,0,0.433150083208754
1,1,0.5215065350907245
1,1,0.5821043917368404
1,1,0.8666552926291563
1,1,0.8097277181162794
1,1,0.8555262183484451
1,1,0.5511510884365567
1,1,0.7215191269360329
0,1,0.5337428546228857
0,0,0.08533307730762309
0,1,0.7109803745340983
0,0,0.24473462360812984
1,0,0.465433747465849
1,0,0.49514174585115694
1,0,0.3905891504269004
0,0,0.25420286635314443
0,1,0.7798308025855328
0,0,0.042275098963846056
0,0,0.12419130852413059
1,1,0.5037843264840369
0,1,0.7080476247740666
1,1,0.7590611652002074
1,0,0.2886381451580979
1,1,0.9182166981405855
0,1,0.7175175277665986
0,1,0.7053205438920133
0,1,0.6057543333092922
0,0,0.35926015641681464
0,0,0.47089919491911614
1,1,0.9481840932667261
1,1,0.5138627950881479
1,0,0.36603158717827006
1,1,0.9881484102004359
0,0,0.18857478774347736
0,0,0.1399983441499329
1,1,0.9613961296518183
0,0,0.30981930061260754
1,1,0.7901938705467562
0,0,0.3381852954539032
1,1,0.549339373222986
0,0,0.11283927954422733
0,0,0.06308205828368081
0,0,0.38052157601807174
1,0,0.11501548370727421
0,1,0.6270737390789606
0,0,0.23117214438544018
0,0,0.10003605375790965
0,1,0.847782303976887
0,1,0.5171075726185635
1,1,0.9489229391509293
1,1,0.7124986318316782
0,0,0.3979583057669461
0,1,0.7028291857348702
0,1,0.7222763998852686
1,1,0.7688461895886822
1,1,0.8435878677103273
0,0,0.4073805114719331
1,1,0.9554032707577211
1,0,0.16531904698171984
0,0,0.3420570726605754
1,1,0.9978969705826883
1,1,0.7765756325917814
0,1,0.5468240731141666
1,1,0.8673832223255948
0,0,0.19827621322700306
1,1,0.8452758045064738
1,1,0.9505608654207826
1,1,0.7578229393515604
1,1,0.804167857638045
0,1,0.9059380382808501
0,0,0.4374830844104622
1,0,0.47229215231629745
1,1,0.6600948322601098
1,1,0.7205784680637117
1,0,0.3016813151767287
1,0,0.48481508488353203
0,0,0.16068439059862838
1,1,0.9121778377537022
1,1,0.5060103464104664
1,1,0.8946190199426227
1,0,0.4618840455857803
0,0,0.3373424914279476
1,0,0.21629903885572557
0,0,0.2732139095165369
0,1,0.6649389967808678
1,0,0.424430632268719
0,0,0.2589063906128873
1,0,0.310931406143855
1,1,0.799799762524786
0,1,0.6607502210041848
0,0,0.308707670070144
1,1,0.9388863465321474
1,1,0.6522865537182282
0,0,0.0036055438626799454
0,1,0.6341936951152979
1,1,0.7612640355566578
0,1,0.5259796241265261
1,1,0.7297638409906211
1,0,0.18289391664833182
0,0,0.4127982046162437
1,1,0.9546926968357353
1,1,0.7420298047537689
0,0,0.1783165626233984
1,1,0.5360695764204108
1,0,0.37166739812597377
0,1,0.5811139039491536
1,1,0.9635723415240097
0,0,0.2299021483513989
0,0,0.4623429773409906
0,0,0.265637620230143
1,1,0.7570642353282613
1,1,0.9869704759499223
1,1,0.782099169391948
0,0,0.2629465592888761
0,0,0.4767478506379014
1,1,0.7770488024618307
0,0,0.11433746892079066
0,1,0.9706016179534215
0,1,0.513360225110201
0,0,0.01825618765292296
1,1,0.7837656400511451
0,0,0.2965126031764803
1,1,0.7973302753881027
0,1,0.715850979067099
1,1,0.8962165434625782
1,1,0.9044095740091439
0,0,0.08523408532113387
0,0,0.09129596923227098
0,1,0.6025800414417729
1,1,0.8335782388799303
0,0,0.061234949526382504
0,1,0.5065571278629603
1,1,0.7625995334079598
1,1,0.5180632360501722
1,1,0.6204794985233449
0,1,0.6387891932133285
0,1,0.7384471300879611
1,1,0.8237669574607293
1,1,0.7441672758502725
0,0,0.08654187630758725
0,0,0.26973117891886267
1,0,0.20629537824714678
0,1,0.609946264026191
1,1,0.6349821411734428
1,1,0.8557984315715621
0,0,0.3264922409513163
0,1,0.5693093301882669
1,1,0.5216046195118157
1,1,0.998003508224968
1,1,0.9235507561564374
1,1,0.7675313768634215
1,0,0.23534842754754157
0,0,0.2608465913655353
1,1,0.5251766356931165
0,1,0.6534106168773246
1,1,0.9566681891572849
0,0,0.275958656855713
1,1,0.9645287579791204
1,0,0.49688028378459403
1,1,0.5848213431747707
0,0,0.1466848557753136
0,0,0.1424009305044412
0,0,0.2806209788772309
1,1,0.9749703393521258
0,0,0.2613578813097537
1,1,0.9852916026199471
0,0,0.43460000742706095
1,1,0.8901894609836326
1,1,0.9636050635938779
1,1,0.8047094387362256
0,0,0.3937809704284118
0,1,0.5079558608273951
1,1,0.6343347786548076
0,0,0.23722968205223796
0,0,0.1490819080455661
1,1,0.7027800236265326
0,0,0.00904012240020101
0,0,0.3898286355428889
0,1,0.7890614154818117
1,1,0.9083620737162111
0,0,0.2672200789933008
0,0,0.4957983155143299
0,0,0.45435310773693866
1,0,0.34527741278298196
1,1,0.9174574713173667
1,0,0.44450615244095715
1,1,0.9300626598241569
1,1,0.6568485084171611
1,1,0.8445835013426823
0,0,0.365652442247962
0,0,0.30820657130195334
1,0,0.16913603312830808
1,1,0.8675496730449495
0,1,0.7114262585469977
1,0,0.47956082109198805
0,1,0.7180933408213926
1,1,0.9366807097327796
0,1,0.6682412395879891
0,0,0.4892222783377127
0,0,0.05729562279122534
1,1,0.6170581035773948
1,1,0.9316254505933765
1,0,0.47150858047212213
1,1,0.9729147686257598
1,1,0.9309973485510576
1,1,0.9979502391594511
1,1,0.930760509363299
0,0,0.30432151861538914
0,1,0.5200756834208241
0,1,0.5265649944130025
0,0,0.04200117468180921
1,1,0.6158660505912465
1,1,0.8301224967309642
0,0,0.4433011761220002
0,1,0.667650329735388
0,0,0.44825879348071024
1,1,0.9297101521054342
1,1,0.7287445261710579
0,0,0.2605545627428442
0,0,0.43701125433425436
0,1,0.8273799965740449
0,0,0.2733244390056376
0,0,0.45790569227277617
0,1,0.6278434361972871
1,1,0.8201353164917232
0,0,0.3348924143386087
1,1,0.9020406291097414
0,1,0.8930812030787308
1,1,0.9507594921632178
1,1,0.6289026930678617
0,0,0.27173280932742316
0,0,0.17317898205334514
0,1,0.6334742967823797
0,1,0.8435116066347741
0,0,0.041780181331772276
0,0,0.3131678323697313
0,0,0.2318227120923963
0,0,0.45722862814230114
1,1,0.9072446388628755
1,1,0.7949430464660425
0,0,0.008381442538789865
1,1,0.8797825224303942
1,1,0.7738431258520478
1,1,0.7601068078696723
1,0,0.451420405788797
0,0,0.2302547174520162
0,0,0.2399244272841107
1,1,0.915183835454951
0,0,0.383773042213254
1,1,0.7980778427802913
0,0,0.009032360137761408
1,1,0.6591743298242488
0,0,0.3775511015525148
1,1,0.6193615667013461
0,0,0.0986898123678452
0,0,0.014749285488834446
1,1,0.9716296943162476
0,0,0.18408989835725165
1,1,0.7322289078481216
0,0,0.28480980133872913
1,1,0.5676806671349602
1,1,0.8371692671703078
0,0,0.011096307622200855
1,1,0.9520610580991469
0,0,0.002712553187225317
0,1,0.5561956135206121
1,1,0.973633352075257
0,0,0.08022003299446011
0,1,0.5375483439679346
1,1,0.8452392948638247
1,1,0.6267182704244177
0,0,0.013330085250353988
0,0,0.26809680540530134
1,1,0.9298922749089231
0,0,0.15407003973392164
0,0,0.09869185254933083
1,1,0.5610625029778321
1,1,0.916456689021182
1,1,0.6432744246154601
1,1,0.642659345579997
1,1,0.8834826600946972
1,1,0.7976295526313731
1,1,0.9989651770971697
0,0,0.21999250535941287
0,0,0.08701835714022738
1,1,0.5739684238357251
1,1,0.9854866374450552
0,0,0.3467704979236053
0,0,0.3162595199200558
1,1,0.8889827509609765
1,1,0.9987842796670351
1,0,0.4689718323445038
1,1,0.8595792473468895
1,1,0.9772226782618672
0,0,0.064136818270802
1,1,0.8277041169017297
0,0,0.4190992037534235
0,0,0.08128039324203006
0,0,0.39508574379928246
1,1,0.5233468958239997
0,1,0.6242618726660427
1,1,0.8093498750929912
0,1,0.8421974971213466
1,1,0.9305253359491256
1,1,0.7373904285783494
1,1,0.6069619381548973
0,0,0.2288435099298852
1,1,0.7930382587393104
1,1,0.643385567961648
1,1,0.9801795265025081
1,1,0.8024902858070606
0,0,0.11344572988665629
0,0,0.22429201635315835
1,0,0.3498934921101238
0,0,0.010526715186923632
1,0,0.38775854720778785
1,1,0.5831175939437594
0,0,0.33881330525111997
1,1,0.8513854071309869
0,1,0.5342597412886115
1,1,0.863235994393801
1,1,0.9381404962331585
0,0,0.32007641035849266
1,0,0.22926872545432075
0,0,0.2789206221697508
0,0,0.34209419883183095
1,1,0.708417552470939
1,1,0.9316425784106588
0,1,0.8088756831350089
0,0,0.07175135213945542
1,1,0.5011649276637862
1,1,0.7937737073945615
1,1,0.9565682591022026
1,1,0.8885865577000883
1,1,0.6645787959066781
0,1,0.8665807795272046
1,0,0.2457344976198189
1,0,0.46004236333294146
1,0,0.15609358471166293
1,1,0.928971624891358
0,0,0.23095765874354438
1,1,0.8882509412116438
1,1,0.8955558240694674
0,0,0.28730381518917664
0,1,0.6423315788914022
0,0,0.15885193237086337
1,0,0.20701177707251567
1,1,0.7544542076395684
1,1,0.8408713418981092
1,1,0.6557414315681537
1,1,0.9708014017030613
1,1,0.5104128348155367
1,1,0.6441595578183426
1,1,0.6947884417453369
1,1,0.5059517255131502
0,0,0.15268635674780182
1,1,0.5133989743001326
1,1,0.6029145300257254
0,0,0.06419795854213839
0,0,0.3504764414954849
0,0,0.10758503823962075
0,0,0.3791968459134043
1,1,0.8633072299428377
1,1,0.8512717629443904
1,0,0.43047061706600354
1,1,0.7190672203009925
0,0,0.17837998459341284
0,0,0.12859440236825911
0,0,0.2356898441431383
1,0,0.38404773096581846
1,1,0.8878690739043961
1,1,0.9428030868121461
1,1,0.9577649067853464
0,0,0.0772846755741842
0,0,0.11403341346576379
0,0,0.04441609756716326
0,1,0.514822569224439
0,0,0.47019621546976625
1,0,0.2749252755766609
1,1,0.899101543426767
1,1,0.9008582150108838
0,0,0.3751655768496336
1,0,0.30817126251855503
0,0,0.13517719300001466
1,1,0.5104972752787387
1,0,0.10793299162664263
0,0,0.1469443420622599
1,1,0.8476059338022665
0,0,0.0683150211758731
0,1,0.615740944809245
0,0,0.4501087751912025
0,1,0.844411632381765
0,0,0.08375805710786273
1,1,0.8114919154705642
0,1,0.8712654745490682
1,1,0.68581578776411
1,1,0.9347470747418704
1,1,0.8994997989504009
1,1,0.9654187672656868
1,1,0.961164719603127
1,1,0.9822834253878139
1,0,0.08301399931966694
0,0,0.11554573208306941
1,1,0.9175560670546967
0,0,0.3647231045501652
0,0,0.4942231624255185
1,1,0.928777599101567
0,0,0.25871490193517405
0,0,0.4592250591895093
0,1,0.7215106580580068
1,1,0.756993533795857
1,1,0.7828191667007538
1,1,0.9821896527254105
1,1,0.6441902754836666
1,0,0.4154091212286873
1,0,0.4778525008250295
1,1,0.708048440640077
1,1,0.7521894833070617
0,0,0.4090413416136606
0,0,0.26309370605029514
0,0,0.26416490847761676
1,1,0.6471142272157913
0,1,0.5578452213670135
0,1,0.5336380733933809
0,0,0.16037336547137465
1,1,0.9780004930376184
0,0,0.4424630285894934
1,1,0.5518267992277612
0,0,0.2966762367596219
0,1,0.6949423875657249
1,0,0.17456509001483003
1,1,0.9599426635696554
1,0,0.43626828481945246
1,0,0.4677402225296195
1,1,0.5673648859547924
0,0,0.0779617099804114
1,1,0.654091901012172
1,1,0.7968218908651882
0,0,0.11667146450657231
1,1,0.975531446689072
1,1,0.6242232405303727
1,1,0.6134682018231365
0,0,0.2936719194512698
1,0,0.38417778271915815
1,1,0.9604399596733094
1,0,0.44461485916746074
0,0,0.01761911174156298
0,0,0.3918758149524272
1,1,0.9377902913216408
0,0,0.15070404305119106
1,1,0.5496726306310341
1,1,0.8917144908655698
1,1,0.7994017756826656
1,1,0.8918016436664187
1,1,0.9867380362867462
0,1,0.7311556117321216
1,1,0.7483514937372295
1,1,0.9650969340912706
0,0,0.25005186866362267
0,0,0.010884348554727565
1,0,0.43226260301173103
1,1,0.9324690157082622
1,1,0.6902040727349018
0,0,0.31333644003124006
1,1,0.9454661395427375
1,1,0.7543857096005715
0,1,0.5204796999969008
1,1,0.8325540612856801
1,1,0.8731329892334935
0,1,0.6315134761591503
1,1,0.7947985428016247
1,0,0.35158141909369545
0,1,0.8314886312561031
0,1,0.9372358478270162
0,1,0.7613337633861311
1,1,0.9613029985947287
0,0,0.32104190227559387
1,0,0.4471505647160892
1,1,0.8072922567765574
0,0,0.18278744862968832
0,0,0.23608088225655088
1,1,0.8791009928016519
1,0,0.46118175303831455
1,1,0.7647104591286755
1,0,0.16941976678688242
0,1,0.5545260079525158
0,1,0.6685768910724085
1,1,0.9289662312355319
0,0,0.45329692322614223
1,1,0.7749312212045333
1,1,0.9069754050563347
1,0,0.4866575552819414
1,1,0.8159804354927024
1,1,0.9654578237578775
1,1,0.7312694800625432
1,1,0.8111330058552654
1,1,0.9036689453718036
1,1,0.6157874581175189
0,0,0.2574775861373284
0,1,0.8252263087277601
0,0,0.45232952152190936
1,0,0.04976324256055939
1,1,0.9240895542635631
0,0,0.3156486895075883
1,1,0.9462641116728978
1,1,0.5729876495843526
0,1,0.9297819568622236
1,1,0.944034399922551
1,1,0.9694536694867786
1,0,0.23816440367952912
1,0,0.13639284121253292
1,1,0.8898788533948839
1,0,0.47824305427939534
1,1,0.9987242520574978
1,1,0.6881356655244347
0,0,0.0618049462372651
1,1,0.970334448765194
1,1,0.8567067110708494
0,0,0.0826314267375863
0,0,0.3228189982805994
1,0,0.494372346674507
0,0,0.02415167144048545
1,1,0.8216400028085891
0,1,0.6518560720461596
1,1,0.8692616322508295
1,1,0.9350731524558745
1,1,0.9643120060846495
1,1,0.7540524887019309
1,1,0.5181405017499399
1,1,0.8738392183165912
1,1,0.8652816543700602
0,0,0.20887051235324036
0,0,0.0037217689648763957
1,0,0.17413427540398388
1,1,0.8370374606987125
0,0,0.060464984917931695
1,0,0.40668554447386296
0,1,0.8938327652821029
1,1,0.7118460855797607
1,1,0.8183815592255949
1,1,0.9978145212592774
0,1,0.8407008715606028
0,0,0.1591095864856242
1,1,0.9390012176374217
1,1,0.862298147602982
0,0,0.009806393816304156
1,0,0.4627012605456667
1,1,0.8321226061814123
0,0,0.03730058373002524
1,1,0.908640786158253
1,1,0.8367241952719481
1,1,0.9393876863430949
0,0,0.2264788535702905
1,1,0.9888570918010953
0,0,0.18589703818470873
1,0,0.3722946961909272
1,1,0.6154750973732149
0,1,0.7066923608123065
1,1,0.869573522319199
1,1,0.5334719663253011
0,0,0.15672314263420806
0,0,0.3473247370735294
0,0,0.20837373270305576
1,0,0.2152487807196812
1,1,0.9765831517874832
0,0,0.09642069614958697
1,1,0.908937965701469
1,1,0.8424132848257717
0,0,0.40641637648055523
0,0,0.13648255046170907
1,1,0.9375940771235515
1,1,0.6037806500171936
0,1,0.8232922149825954
1,1,0.7843526004025002
1,1,0.7127969186833828
1,1,0.8655219340333555
1,1,0.7615154611749021
0,0,0.09985016250072522
1,1,0.8855219292106813
1,1,0.5168493788030871
1,1,0.6249043810727725
1,1,0.7098403065172901
1,1,0.883055705568961
1,1,0.891355705203679
1,0,0.2868829663179274
0,0,0.13351394912436093
1,1,0.6413257913114054
1,1,0.6679088940852411
0,0,0.19627358874045903
1,1,0.6281277969554034
1,1,0.9514021285670193
0,0,0.32519464931241954
0,1,0.5396623748673778
1,1,0.6990987464289307
0,0,0.44191765715041553
1,1,0.9074710491673105
1,1,0.9394255174111613
0,1,0.7751866828698616
1,1,0.9416480784931014
0,1,0.6023366982254827
1,1,0.9355179850758373
1,1,0.8014946088088866
1,1,0.7530798192164329
0,1,0.7320513879060361
1,1,0.8558542910851641
0,0,0.49564032765104776
1,1,0.8719475270078657
1,1,0.6411668108965062
1,1,0.9821073485749618
1,1,0.7999886510644472
0,0,0.08365020846039892
1,0,0.38727872826212245
1,1,0.7309368293209436
0,1,0.830571471430472
1,0,0.4692211302884546
0,0,0.2606946021012506
0,0,0.15643751602193523
1,1,0.6660233763820746
0,0,0.0621746840810659
0,1,0.5551624289946079
0,1,0.7844404180355246
1,0,0.3106678676599795
0,0,0.14680125005206107
1,1,0.8745851528395715
0,1,0.5686347883876274
0,0,0.14568184348490795
1,0,0.16426013149412835
1,1,0.9562867405206605
1,1,0.9854591816080274
1,0,0.1598178255776673
0,0,0.10700955170526762
1,1,0.7495369318329627
1,1,0.9802524166363998
1,0,0.35848095886220777
1,1,0.8627077064945952
1,0,0.4627030019567867
0,1,0.6727478751791891
1,0,0.4914544539221549
1,1,0.8511181064921536
0,1,0.634565390245813
1,1,0.8126669665446586
1,0,0.46086639101960747
1,1,0.9667966386460684
0,0,0.06451083430913648
0,0,0.25052049344297583
1,1,0.5799770341396764
1,1,0.8839767057790839
1,1,0.9788401395507726
0,0,0.26966504051785745
1,1,0.9308067407311994
0,0,0.09860608464867981
0,0,0.3607546666214166
1,1,0.9010152637438704
1,0,0.28334226193434514
1,1,0.8321676138628846
1,1,0.6163363696059295
0,0,0.03671954113886428
0,0,0.11256061933063506
1,1,0.6669099719631921
1,1,0.9989266605633355
1,1,0.8728787726990379
1,1,0.9666102321717402
1,1,0.7288712207353361
1,1,0.9427954929397189
1,1,0.6018799900885687
1,1,0.9477574436453625
0,0,0.35236563698088047
0,0,0.3903668607806846
0,1,0.6345894286655455
0,0,0.33138105873534834
1,1,0.9873358567233821
1,1,0.9323090428550245
0,0,0.21696130211639997
1,1,0.9898199985554664
1,0,0.17103491296264917
1,0,0.28024213844330625
1,0,0.49514260039381747
1,0,0.4657158819745098
1,1,0.9776682330039629
0,0,0.04591200442315235
1,1,0.8975040751830176
0,0,0.08692905360260268
0,0,0.08044330423165125
1,1,0.8482186324077763
0,0,0.3010676442727571
1,1,0.8788932211129626
1,0,0.1987923497240525
0,1,0.7548911774817245
1,1,0.7649797635977581
0,0,0.26530884197911325
1,1,0.5821487838052829
1,1,0.7780066862419357
0,1,0.6670551009870668
1,1,0.8006028511263418
0,0,0.1906287959253517
1,1,0.8088488305546904
1,1,0.6119978877574827
0,1,0.8972509249924999
0,0,0.27892514613830516
0,0,0.12210900653695672
0,1,0.8713778823130842
0,0,0.20663681268345513
1,1,0.8607920322255411
0,0,0.07819168593919854
1,1,0.7824707523352867
0,1,0.7017397108659897
0,1,0.7960588105139496
1,1,0.7404384551933942
0,0,0.036682528049505815
0,0,0.172174928904679
1,1,0.9532843865891503
1,1,0.9327226676153068
0,0,0.04524685055210586
0,0,0.07376801739707019
1,0,0.23541752903262567
1,1,0.9509635740301765
1,1,0.8970880356865574
0,0,0.08816399175188695
1,1,0.5985341554404425
0,0,0.22769896387613744
1,1,0.9822529931601841
1,1,0.9827726629061351
0,0,0.4169877884241045
1,1,0.9127424906570798
1,0,0.3781148672488163
0,0,0.4977060675144998
0,0,0.0658362325018092
1,1,0.9872148094912095
0,0,0.07514588641674111
1,1,0.8868477132014162
1,1,0.6046152332417309
0,0,0.3095846557092743
0,0,0.034276593824424745
1,1,0.9544207470582906
0,0,0.18580528752225098
0,1,0.6394409206927578
0,1,0.7214368274917081
1,1,0.890339120288696
0,0,0.254712028833989
1,1,0.8642909323102672
0,1,0.5958846545488151
1,1,0.8224413021910972
0,0,0.13396579698806638
1,1,0.8657180669940481
0,1,0.9796002623439959
0,0,0.07559257884873553
1,0,0.43043042647777674
1,1,0.9882913068847343
1,0,0.47784149871733606
1,1,0.6201585016997182
1,1,0.9194971755145886
1,1,0.8798753843833403
0,0,0.255969643085557
0,1,0.6775121053580153
0,0,0.1925833787776222
0,0,0.01234451254267037
0,0,0.35107940034125773
1,1,0.6896361814672775
0,0,0.23774523323975483
0,0,0.19357614585479385
1,1,0.7109684677129421
0,0,0.4390815424971606
0,0,0.13897429497766978
1,0,0.27752051086899376
1,1,0.9695906623048195
0,0,0.17057476864458462
0,1,0.8173434004331191
0,1,0.6803019241878188
1,1,0.757343082634773
1,1,0.5829442245424739
0,1,0.6634048547055439
1,1,0.9536909942552659
0,0,0.07084579141825098
0,1,0.6922668478731236
1,1,0.5881572288561867
0,1,0.5969554071150663
1,1,0.5890653981407917
1,1,0.7464759232102348
1,0,0.36142970960357346
1,1,0.9800674931018086
0,0,0.02606361320547653
1,1,0.7317636439327783
1,1,0.8740299156803245
1,1,0.9621681510909704
1,1,0.9320678821814788
1,0,0.42150352393617824
1,1,0.6404353596353046
1,1,0.8490457734899938
1,1,0.6414952914993619
1,1,0.7363954291605509
0,0,0.14148924634454343
1,1,0.8415184884598663
0,0,0.18101288267176696
0,0,0.10636492041090881
1,1,0.9077971151654172
1,1,0.9707523357119405
1,1,0.5879540147391832
1,1,0.539196500089946
1,0,0.37933651837266225
0,1,0.8940028171177627
0,0,0.33300548967079385
1,1,0.9976409183277698
0,0,0.30603080908681113
0,1,0.5227071608418127
0,1,0.6240881682748287
1,0,0.35034121490849934
1,1,0.8695758328540488
0,0,0.40184902170217673
1,1,0.5928417514909504
1,0,0.3173752286443682
1,0,0.4341410495740353
1,1,0.7406686524093273
1,1,0.7137887494325144
1,1,0.8703339192356032
1,0,0.25253078924454403
0,0,0.16841192701808974
1,1,0.8969858961880965
1,1,0.8382829608774282
0,0,0.34445096002754805
1,1,0.6029895862878253
1,1,0.5777547747356341
0,0,0.17695508189291081
1,1,0.8181112102129348
1,1,0.8795830719840703
0,0,0.16628145210401998
0,0,0.15519418527915727
0,0,0.3662544365061384
1,1,0.9729792225681702
0,0,0.3091958219678926
1,1,0.5346668708706491
0,1,0.7762411791913454
1,1,0.6294752110223844
1,0,0.20911359434621385
1,1,0.8460181152158894
0,0,0.44920258398590535
1,1,0.9151203547211406
1,1,0.9403514665779806
0,0,0.1161948901381371
0,0,0.36145341802464476
0,1,0.5966045425759731
1,1,0.8164389649116104
0,0,0.010844112381888439
0,0,0.3267616327455401
1,0,0.345979003240765
0,0,0.22772427596394895
0,0,0.10941541509303639
0,0,0.3777184134904346
0,1,0.7546271712554056
0,1,0.6622009824890739
0,0,0.24012408328733212
1,1,0.5031895027347658
0,0,0.35764649559955525
0,1,0.7773144218428021
1,0,0.34446158676387717
1,1,0.6740242886531898
0,1,0.6893463116589822
1,1,0.8762104643744996
1,1,0.9955329507056015
1,0,0.26111070524275115
0,0,0.20703270064554385
1,0,0.3798360912652405
1,1,0.8329785978877322
1,1,0.7429836748491265
1,1,0.920630711229203
1,1,0.970773463531562
1,1,0.8922934102465075
0,0,0.11035034918159525
1,1,0.8522996932014134
1,0,0.23187651517500513
1,1,0.9686016976482057
1,1,0.8715715325211533
1,1,0.8523879474341786
1,1,0.9747512731704049
0,0,0.0060886402785961325
1,1,0.9568395388894942
1,0,0.4470047513071168
0,1,0.6674715166500441
0,1,0.6384635458070834
1,1,0.7531313839377417
1,1,0.8513348217523178
1,1,0.8883633101313055
1,0,0.4813898124297119
0,0,0.4232997946087936
0,0,0.3277509359672174
0,0,0.25106613309774967
1,1,0.7511895828447936
1,1,0.8661738125888927
1,1,0.754585775479358
1,1,0.9529720152974398
1,1,0.764438276633921
0,0,0.15357240021043878
0,0,0.44272153002331227
1,1,0.9639133572562053
1,1,0.7973255576955597
0,1,0.6252937356416074
0,1,0.7045897003333755
1,1,0.9478572479889846
1,1,0.8107268496461827
0,0,0.025096052446482275
0,0,0.31083226594087354
1,1,0.7435457833654022
0,1,0.5126933167338397
1,1,0.9011918011680238
1,1,0.748145085261772
1,1,0.7965621301331318
0,1,0.730002714709387
1,1,0.8125802500882311
1,1,0.7303776684185368
0,1,0.9487253707761715
0,1,0.8612070168840715
0,0,0.42453950983561994
1,1,0.6798977377111225
0,1,0.8530696033583449
1,1,0.819042499457185
1,0,0.3515433207328274
0,1,0.5512278861296249
1,1,0.8628329809505846
1,1,0.9478660294537651
1,1,0.9729684123885427
1,1,0.896111129300983
1,1,0.7108775961244213
1,1,0.9156964854099682
1,1,0.6595108338166782
0,1,0.7154097110648217
0,0,0.33414370514923025
1,1,0.8476258762045916
1,0,0.45647914170479886
1,1,0.8637003646174789
1,1,0.9535688387269385
1,1,0.7240737167643911
0,1,0.8468492735833633
1,0,0.09231117515993198
0,0,0.3419811668950108
1,1,0.9758198347761771
0,0,0.12944865696950564
1,1,0.5530778390845883
1,0,0.24285043241547452
1,0,0.3559769432195997
1,1,0.8463452515677069
0,0,0.3487559489004717
0,0,0.31861243059135147
0,0,0.15815860585205194
1,1,0.5627798224107242
0,0,0.11525310208563555
0,1,0.6941363356785731
0,1,0.5993429007869375
1,1,0.7569512134523477
0,0,0.11349108641626607
1,1,0.5977493650397081
0,0,0.4326164171598593
0,0,0.3890248103513974
1,1,0.8431983048145548
1,0,0.4319456890343998
1,1,0.7594195996232769
1,1,0.6855341020427981
1,1,0.8371094993015713
1,1,0.5022359428547756
1,1,0.8799684337130778
0,0,0.285069024661881
1,1,0.7959020653311286
1,1,0.6453268954446466
1,1,0.9663976201186005
1,1,0.9799706594967059
0,0,0.38592619061921113
0,0,0.10528573167131929
0,0,0.37747349491814186
1,1,0.8382564546225533
1,1,0.970092903933411
1,1,0.7661629960219609
1,1,0.6937846697523921
0,0,0.35922431586712217
1,1,0.7617725356329718
0,0,0.40804585123607046
1,1,0.7170066837974264
1,1,0.9171586827093834
1,1,0.8412672054611264
0,0,0.26302788379638176
1,1,0.9045934925168925
0,0,0.1803463511094608
0,1,0.5532298151361954
0,0,0.18150520585590624
0,0,0.4187814764310346
0,0,0.09025844500782754
1,1,0.735396247325797
1,1,0.9444138854707365
0,0,0.1545081590928223
1,1,0.8831020276452421
1,1,0.9567257249394944
0,0,0.12037703643715669
0,0,0.30528206505352534
1,1,0.6331593526038736
1,0,0.4005045803267859
1,1,0.6729572737380303
1,1,0.6470870275420351
0,1,0.956363180879558
0,0,0.08310533717523526
1,0,0.17635032575953993
1,1,0.9635612209103486
0,1,0.5350274418428435
0,1,0.6290654552637613
0,0,0.41938561044890127
0,0,0.1900813262627456
0,0,0.32235507876230013
0,0,0.420371507656506
1,1,0.5789076711760942
1,1,0.8827931966312718
1,0,0.18784474263039477
0,0,0.0654243528416792
1,1,0.8227947035547892
0,1,0.6420147213584728
0,0,0.4541723281648879
1,1,0.790779721082095
0,1,0.6394952569445612
0,1,0.5043197926366285
1,0,0.40311822936105846
1,1,0.964860937796378
1,1,0.9514526491537362
0,0,0.02618420582769606
1,0,0.36334193756179517
0,0,0.056416773232331685
0,0,0.05822002609690864
1,1,0.9461617870470528
0,1,0.5644264550795525
1,0,0.35270876986558514
0,0,0.4191079227660486
1,1,0.7636658447041573
1,1,0.9269226847566572
1,1,0.9010962578294303
1,1,0.9537407961603388
1,1,0.9412315009008169
0,0,0.42325253256075157
0,0,0.19378999232382466
1,0,0.4833208612844669
0,0,0.29622730153475973
1,1,0.885405155999069
1,1,0.875003459607335
0,1,0.8719999027694311
0,0,0.008862536748155429
0,0,0.49449218769475295
0,0,0.06383805183486622
1,1,0.9671709180627134
0,1,0.5203521992357454
0,1,0.7609020587544707
1,1,0.8319724201256528
0,0,0.182248824322117
0,1,0.6345669505548166
0,0,0.16798852622309404
1,1,0.9753623796090469
1,1,0.9991144536901136
0,0,0.412103097570578
1,1,0.9679014632249641
0,0,0.3483310074837518
0,0,0.45077373345337396
1,0,0.32115180726235737
1,1,0.7871605711019718
1,0,0.4724424625098554
1,1,0.7514469997254192
0,0,0.261471114605419
0,0,0.1626061409760801
0,1,0.8066835590634356
1,1,0.7442650195987174
1,1,0.7900930731266026
1,1,0.6768899205539914
1,1,0.8380243944251382
0,0,0.3688928754517903
1,0,0.4295543863167894
1,1,0.8588600436601007
1,1,0.9398097176358579
1,1,0.9601565545570704
0,0,0.018926637559798273
0,1,0.6624357520995029
1,1,0.7150155594287987
0,0,0.08536647551788004
0,1,0.794098638037385
0,0,0.3087165221268609
1,0,0.4884154894054686
1,1,0.7134432385014202
1,0,0.20864426292301283
1,1,0.8277197766235631
0,1,0.7374800700554005
0,1,0.7431361612039286
0,0,0.02513725828544207
1,1,0.7894060617722581
0,0,0.14103350711556148
1,1,0.8089948903256793
0,0,0.08400183433375569
1,1,0.8501178115334909
1,0,0.43445735130818475
1,1,0.8593794497727223
1,0,0.035618408040591736
1,1,0.966844095729914
0,0,0.3047363457091711
1,1,0.9992335102593943
0,0,0.17131174097622898
1,0,0.19722861142275433
1,1,0.9525485802570803
1,1,0.9328700231666309
1,1,0.5106737868517532
0,1,0.5207128821650364
0,0,0.44969443797141123
1,1,0.8707551176496571
1,1,0.8064084528365143
0,1,0.8867323027970101
0,1,0.874741611525858
0,0,0.41030146438699655
1,0,0.4079887048624069
1,1,0.8169147683650388
0,0,0.4241296394708125
0,0,0.2325946996206496
0,0,0.06687837254216934
0,0,0.022697988714800308
1,0,0.35739580219981715
1,1,0.6349555300924298
0,0,0.49813339513537597
1,1,0.8309534500794789
1,1,0.9410628678068457
0,1,0.6465802924662588
1,1,0.5342479116090949
0,1,0.6229250993249245
0,0,0.0801181763477106
1,1,0.8102803775774351
0,0,0.16363531896760086
0,0,0.0897549189708863
1,1,0.8918968205650997
1,1,0.9371449726840292
0,0,0.07069868659714726
1,1,0.7042050771159837
0,0,0.42388583343863373
0,0,0.1572534004157565
1,0,0.20031574348500478
1,1,0.8484386208349144
0,0,0.4359537616485657
1,1,0.9352082253574132
0,1,0.530706984337979
1,0,0.23151017420476233
1,1,0.8461633016097484
0,0,0.015499573403364835
1,1,0.8924849341863134
1,1,0.7152331574181987
1,1,0.701656069563821
1,1,0.6081394082767922
1,1,0.64938491233555
1,1,0.651805671874561
0,0,0.22243098953236778
1,1,0.5976054777435607
1,1,0.8507910767196489
0,0,0.25029173009282146
1,0,0.4482726243773404
0,0,0.38674600007191756
1,1,0.8155968523156982
1,1,0.9149202715402106
0,0,0.18772821969048742
0,0,0.049279816500625004
1,1,0.8992704458288245
1,1,0.9022399964637482
1,1,0.7152057117097145
0,0,0.1407401468911603
1,1,0.6070980926370414
1,1,0.7659058577127816
1,1,0.924271437982856
0,0,0.012679903331418333
1,1,0.9083988229483674
0,1,0.5769890738282368
1,1,0.7955474856997742
0,0,0.3965090962678781
0,0,0.3984852829707895
1,1,0.937025121689477
0,0,0.12312465968170423
1,1,0.8638382295006833
1,1,0.7199970309245304
1,1,0.5811398414043337
0,1,0.7056139315270394
0,1,0.518580713944364
0,0,0.456044229857217
1,1,0.9783539726891505
0,1,0.6252203760776612
1,1,0.8703350910857884
1,1,0.8600251666589986
1,0,0.3162963622565964
0,1,0.8274362220334042
0,0,0.3551363436743722
0,0,0.44531086841658685
1,1,0.9700121581595186
0,1,0.6430649800173656
1,1,0.8752239089900643
1,1,0.5078963338009549
1,0,0.45980104569803804
1,1,0.8652764108021235
1,0,0.4693175089675214
1,1,0.7237314977882945
1,1,0.8935890973363416
1,1,0.8386249365026055
1,1,0.9635841068405688
1,1,0.8725078592734743
0,0,0.0029774210108627873
1,1,0.9536968519914412
1,1,0.890257563510108
0,0,0.35429693083982433
0,1,0.7710790740380586
1,1,0.9188785645613698
0,0,0.15545836272466906
1,1,0.607679220659815
0,0,0.12478431628506612
1,1,0.8817607843651771
1,1,0.9757502303334439
1,0,0.4509881373445459
0,0,0.06603795767410575
0,0,0.35092781783478644
0,0,0.2782995111916463
0,0,0.19953725096666186
0,1,0.6748692350343326
0,0,0.2274433485542224
1,1,0.9844561786454276
0,0,0.1302146204843908
0,0,0.49986474057742325
0,1,0.7959728586892127
1,1,0.6277518640679814
0,1,0.6870430200785714
0,0,0.09972838884614794
1,0,0.4307032632134187
0,1,0.6081148663078882
1,1,0.7362766555741951
0,1,0.6174785590904891
1,1,0.8114244368200849
1,1,0.9028398294764154
0,1,0.727357714209766
0,0,0.012399149691507077
1,1,0.8795487830003516
1,1,0.8046699208688635
1,0,0.3093716832977427
1,1,0.6910897224419412
0,0,0.07648489374285747
1,1,0.8577122463626459
0,1,0.9287208243303455
1,1,0.9525977812836551
0,1,0.7137811655319621
1,1,0.7994153954125213
0,0,0.19932116026402794
0,1,0.8768965930366891
1,1,0.977476601379342
1,1,0.9819073591621305
1,1,0.8183621752542871
1,1,0.6361006989171126
1,1,0.9877040575013448
1,1,0.7679306191165398
1,1,0.5688070046481908
1,1,0.989593324492752
1,1,0.88539466695169
1,1,0.8972708581294806
1,1,0.8997094584332771
0,1,0.756395526671457
1,1,0.9476778964931731
0,0,0.3661394034101189
1,1,0.999248101989724
0,0,0.47175711956254623
0,0,0.04360037031173056
0,1,0.876195942996903
1,1,0.935553866731004
0,0,0.2953773225092255
1,0,0.4336330945840383
1,1,0.9992801079398179
1,1,0.9984016444535996
1,1,0.9975307517439473
1,1,0.8716125898250754
0,1,0.7400444425222376
0,0,0.2717843362547893
0,1,0.6045583623771906
1,1,0.9889019035329669
0,0,0.17842832826978697
1,1,0.9402044377257608
0,1,0.5240257989881767
1,1,0.7763532090127023
0,1,0.5298789589822552
1,1,0.9798106399831716
1,1,0.5794238182214779
1,1,0.8630550873103481
1,1,0.5817623300282614
0,1,0.7636405936430374
1,0,0.4490465428943492
0,0,0.3443204481609247
1,0,0.2863872124205569
0,0,0.084610216883241
1,1,0.9620125245474453
1,1,0.6647020227730983
0,0,0.4613057922165348
0,1,0.6075217514114828
1,1,0.9785142032374122
1,1,0.7841247235929776
0,1,0.5723168089300815
1,1,0.9014142963531182
1,1,0.8124181400445019
1,1,0.9444098511577028
0,0,0.14212319408834567
1,1,0.986926426431661
0,1,0.7091133467446392
1,1,0.7292625859731053
1,1,0.9689441577882193
1,1,0.9033622467667527
0,0,0.36294777397023276
1,1,0.5995781575848124
0,0,0.13706710250145443
1,1,0.7553506039341916
0,0,0.14634195784927848
0,0,0.3447366138702283
0,0,0.10492807173958459
1,1,0.9364699762556858
1,1,0.6327602557824824
0,1,0.8339385320084546
1,1,0.8841490626523087
1,1,0.5123038790566306
1,1,0.801543348431344
0,1,0.5917665654859012
1,1,0.6239319344158889
1,0,0.25529586401523224
1,1,0.8602036268653461
0,0,0.3445883828594679
0,0,0.23427367516849645
1,0,0.4895947377407544
1,0,0.2892255139294588
1,0,0.2798331549003062
1,1,0.8904342826316229
1,0,0.39724919205690407
0,0,0.2323853094836146
1,1,0.8256016570154613
0,0,0.25617248809994203
1,1,0.9040432660470153
1,1,0.5150504542253953
0,0,0.1828115787833455
0,1,0.7750561820358915
1,1,0.9259356646775213
1,1,0.9027843211106205
1,1,0.5014719567070599
1,1,0.9817618889710622
1,1,0.9979742479224132
0,0,0.02212057716310659
0,1,0.686922618336715
0,1,0.683806231171149
1,1,0.6971115652329822
1,0,0.4924613689272251
0,0,0.4798127774591324
1,1,0.7080973290215069
1,0,0.14406391642583302
1,0,0.33052328473284337
1,1,0.99178832352181
1,1,0.6818840426766082
0,0,0.04192350327018314
0,0,0.3234115809604106
0,0,0.07841187074391474
1,1,0.8444615790695171
0,1,0.7595022040636955
1,1,0.6102964132832049
0,0,0.3868946476332595
1,1,0.8696071663103708
1,1,0.8777715399616229
0,0,0.20202586339686412
0,0,0.1527256831772032
0,0,0.38107388529609487
0,0,0.016068505308845262
0,0,0.32631393082228344
0,1,0.5590826176602394
1,1,0.8673151208917255
1,1,0.6573615449980549
1,1,0.8870667782059014
1,1,0.9398313843340157
1,1,0.8194616690409567
1,1,0.6109049158429541
0,0,0.3739848575353353
0,0,0.020620058631091426
1,1,0.8808953917568598
1,1,0.8682227304117047
1,1,0.5866600227098778
0,1,0.8471841420443854
0,1,0.5514013721679396
1,1,0.6222612235432794
1,1,0.9505480855182623
0,0,0.3319723799710821
1,1,0.9973940445159197
1,1,0.9911290178831021
0,0,0.29981702492223916
1,1,0.9983199001087477
0,1,0.8463455421699175
0,0,0.1646937219326073
0,1,0.9175125627441535
0,0,0.16514070633716696
1,1,0.9319274677359916
1,1,0.9543160718828837
0,1,0.7035433149692467
0,0,0.2649556559469143
1,1,0.9906471023612385
1,1,0.9792908879406559
0,0,0.12765112297500622
1,0,0.19754236451040896
0,0,0.4146687759925342
1,1,0.9443805242539448
1,1,0.9738995148637715
1,1,0.8076621808519132
0,0,0.12182142836355443
1,1,0.9804209067711874
0,1,0.6376833675203105
1,0,0.4502486572608633
0,0,0.3342814689813164
1,1,0.9975934099887539
0,1,0.6700350377014167
1,1,0.8402518073493002
0,0,0.3238968832211321
1,1,0.8333071628933834
1,0,0.07220153941661712
0,0,0.24731463624413427
0,0,0.23060725486113126
1,1,0.5806701471668408
1,1,0.7771657550427298
1,1,0.698851706096439
0,0,0.20168917681497323
1,1,0.7793072364632587
1,1,0.8515359993702155
0,0,0.24063792050683433
0,0,0.4746300385225756
1,1,0.9129685215051168
1,1,0.7705309907170553
0,0,0.3681881703838911
1,0,0.15216220345491932
1,1,0.8189495151998858
1,0,0.45600334109888124
1,1,0.8808806082150991
0,0,0.10241752417895131
1,1,0.6534895969605238
0,0,0.3124128610204528
1,1,0.9962969156990569
1,0,0.4658355595397268
1,1,0.8765243105377012
0,0,0.3861988248922229
0,0,0.17763792104614565
1,1,0.576014232714148
1,0,0.31742637314799244
0,0,0.3891132020377698
1,1,0.6975558749977825
1,1,0.9660558967886195
0,1,0.6910795607081963
1,1,0.8762620112997241
1,1,0.6560064110561771
1,1,0.8471843712642663
0,0,0.07975296843019401
0,0,0.418859807503219
0,0,0.022894153691415283
0,0,0.1719597755237219
1,1,0.9364286238246337
1,1,0.8664643912867126
1,1,0.8995278466465112
0,0,0.2290653597000967
1,1,0.8281980861970993
1,1,0.8490335130532917
1,1,0.999201207760017
0,0,0.08694605125756524
1,1,0.9366982125264749
1,1,0.924681731184207
0,0,0.2960460492792279
0,0,0.2889845476532678
1,1,0.7093624276401242
1,1,0.9393174629828797
0,1,0.5759872466734176
0,0,0.15301933993702796
0,1,0.6392669399043843
0,0,0.2515467865762526
1,1,0.5981694691400413
1,1,0.8353108210366124
1,1,0.720878698712719
1,1,0.9615026823617964
1,1,0.9728734770408776
1,1,0.8032434716033928
1,1,0.5659425187322582
1,1,0.6473461600371563
0,0,0.3657582786313803
0,0,0.4265143214781039
1,0,0.43193559838776185
1,1,0.9050355370615628
1,1,0.5386344910682392
1,1,0.7463167296948591
1,1,0.75028677625357
1,1,0.5375114830226829
1,1,0.8668124342642541
1,1,0.6543445701831023
0,1,0.5529653663175844
0,0,0.04823169335917504
0,0,0.11015183555990901
0,0,0.17867909912107116
1,1,0.7877181219089404
1,0,0.31373418846924006
1,1,0.5590052836007376
1,1,0.8940439325987473
0,1,0.5324365354453402
0,0,0.3879933955810035
1,1,0.8883916027492106
0,0,0.3819256027292669
1,1,0.7170761685105159
1,1,0.930678708922756
0,1,0.6752797200332226
1,1,0.6307644950103285
1,1,0.6127978536598804
1,1,0.7103795863612015
1,0,0.49800154137579
1,0,0.2882181129347547
1,0,0.48090374243979617
1,0,0.18381192345924444
0,1,0.5055543983997938
1,1,0.9838439798587041
0,1,0.5545462755969041
0,0,0.1536095376074141
0,0,0.47478381704288775
1,1,0.98015523996739
1,1,0.9775701921716281
0,0,0.176806342470173
0,0,0.37577524907982846
1,1,0.8058557935298718
1,0,0.18365233021636743
1,0,0.2296047671808659
1,1,0.5136887066826885
1,1,0.9044403318613018
1,0,0.114741888475828
0,0,0.3648984525842812
1,1,0.6024143554458748
0,0,0.05762421958525535
0,0,0.10797319579384766
1,0,0.37322669809874454
1,1,0.6120424633899576
0,0,0.09327608428888663
1,0,0.39432883228056875
1,1,0.5918847851899269
1,1,0.8455307831893807
1,1,0.9328157353518945
1,0,0.35726236059134664
1,0,0.3511241066767214
1,1,0.886832171854672
0,0,0.4281936130953835
1,0,0.4558785430500509
0,0,0.040533800206403625
1,0,0.07812830397149131
0,0,0.127264012210694
1,1,0.6712430896331628
1,1,0.9245890395712276
1,1,0.8811841936437829
0,0,0.3986821370835564
1,1,0.938472595275114
1,1,0.5843902682709573
0,0,0.4648658765273186
0,0,0.008569134294945244
1,1,0.9631189036301459
1,1,0.5013824530377896
0,0,0.18504909088801685
1,1,0.650111167274415
0,0,0.09119354056280421
1,1,0.9840729398342927
0,0,0.11859006667287228
1,1,0.5638150507767412
0,0,0.36815419928369075
1,1,0.7796695628273868
1,1,0.8842138148065134
0,0,0.013399563219108318
1,1,0.9329493002372364
0,0,0.1571816614297847
1,1,0.7942047739264466
1,1,0.9763181416459836
0,0,0.09483316705674913
1,1,0.862673110535901
0,0,0.4541102200640913
1,1,0.5937048999152961
1,1,0.9771443640144755
0,0,0.24168456685198558
1,1,0.8700424105307126
0,0,0.12069337543040903
1,1,0.9668902267138652
1,1,0.6387743892035552
1,1,0.9845787537103698
1,1,0.941061778639821
0,1,0.6855390100998314
0,1,0.6184129801200929
0,0,0.2862950756310345
1,0,0.47798112051460906
0,0,0.4661500601199742
0,0,0.013519792753406605
1,1,0.6900042625021126
0,0,0.36320632644823275
0,1,0.7841126297785377
0,0,0.09636262459060392
1,1,0.9456339938167346
1,0,0.4781561871208792
1,0,0.4299785707846344
1,1,0.9483368278822486
0,0,0.10679880333898532
0,1,0.6736729448233123
0,1,0.8831224634370604
0,1,0.7710824590515262
0,1,0.7726604957339357
1,1,0.6135511931042853
1,1,0.5874444056391777
1,1,0.9720077023243966
0,1,0.8777853552846812
1,1,0.829726371805188
1,1,0.9638066118567415
1,0,0.2651906095103098
0,0,0.012429219355723086
1,1,0.9876282253324404
0,0,0.47267453931026954
0,0,0.4885218528199255
1,0,0.46770818986813845
1,1,0.9480545601522511
1,1,0.8474272453138455
1,0,0.2850452399841224
1,1,0.9047420001510367
1,1,0.7906437433446702
1,1,0.6819304111772099
0,0,0.1689956949872478
1,1,0.5398449277852045
0,1,0.6744314881941738
1,1,0.7877132641003642
0,0,0.08089629943135014
1,0,0.34869698743942074
1,1,0.7885309727195899
1,1,0.7466755429574623
1,1,0.562266355972996
1,0,0.478445088854367
1,1,0.9070733012792365
1,1,0.965345120146191
0,0,0.22647668112143346
0,0,0.03853334199004158
0,1,0.613105809597591
1,1,0.6173565232237864
1,0,0.27001024059478335
0,1,0.7363243717212986
0,0,0.2814555813060989
0,1,0.5682707859211288
0,0,0.28811752385475325
1,1,0.627999637253599
1,0,0.2782971876037619
1,1,0.6242842473017698
0,0,0.06284553606659907
0,0,0.00619925766028349
0,0,0.26052291828104984
1,1,0.7872956472017971
1,0,0.3404953041005182
0,1,0.5107176341344409
1,1,0.9568628229619724
0,0,0.49391253787624
0,1,0.6508598460646168
0,1,0.6150065226088469
0,0,0.44133188814269253
1,1,0.8806133349854967
1,1,0.863774587636907
1,1,0.8347850654063361
0,1,0.6229789767468337
0,0,0.18195887146964854
0,0,0.23939496425154166
1,1,0.6081175781992718
1,1,0.6142028278539597
1,1,0.9316150210247985
0,0,0.39347548881667566
1,0,0.44803810370763897
1,1,0.6421893145008564
1,1,0.9338802557790017
0,0,0.30873933890794625
1,1,0.9327144263443774
0,1,0.8047405041177239
1,0,0.058464308314070526
1,1,0.7853629931053928
1,1,0.501303484016258
1,1,0.7197343330105384
0,1,0.7311225665614052
0,1,0.8804857133806634
1,0,0.19140101828737635
0,1,0.7031118993526735
1,0,0.4534434019603701
1,1,0.9975256990250065
0,0,0.3542895662804674
0,1,0.894535941221254
1,1,0.8940041302568785
1,1,0.780010596445092
1,1,0.7072792218044134
0,0,0.18250805398350364
0,0,0.2002545934188112
0,0,0.02683625779583329
1,1,0.9734557493117393
1,1,0.9057016809449738
1,1,0.8346309380808695
0,0,0.10013542938322105
0,1,0.6531361938360628
1,1,0.9066268385939636
0,1,0.725786659020711
1,1,0.632565074933299
0,1,0.6703643453574034
0,0,0.153456777189319
0,1,0.6150963203733071
1,1,0.5443481264911397
0,0,0.4479420442075957
1,1,0.8610131987323668
1,1,0.9115858644557709
1,1,0.7938973679575503
1,1,0.9969461930244385
1,1,0.979802601848975
0,1,0.7128078677674872
1,1,0.8450588405437336
0,0,0.49389885997829097
1,1,0.7847454381297316
1,0,0.4447139446021335
1,0,0.4672881859676649
1,1,0.8234165612184478
0,1,0.5506149225481617
0,1,0.8118993630658543
0,0,0.14065560624086768
0,0,0.4672982146559149
0,0,0.16612657236973608
0,0,0.3354260646569781
0,0,0.20984300856268262
1,1,0.540194562857158
1,1,0.8758524544520588
1,1,0.7198387276698168
1,1,0.8478579301339676
1,1,0.9679093819894696
1,1,0.5046455384399685
0,0,0.14188267819115655
0,0,0.26652166808895406
0,0,0.12151660341678078
1,1,0.7692730786554062
0,1,0.5405507210969078
0,0,0.1275100343211357
1,1,0.7204139123472858
1,1,0.9284978809052246
0,0,0.14346877318659654
1,1,0.9247672680863915
1,0,0.2229315727048469
1,1,0.892654517322011
1,0,0.26591508680598325
1,1,0.8990926220877561
0,1,0.5565723612244384
1,1,0.8033802662319649
1,1,0.8091045587397285
0,1,0.6753272611587543
1,1,0.7467037168190835
0,0,0.36830072478468734
1,1,0.9502642920019313
1,1,0.5375564284994208
0,1,0.7615112431702111
1,0,0.49109395206849493
0,1,0.6303480608701132
0,0,0.12039733398350778
0,0,0.0437960073241879
0,0,0.30458716573238875
1,1,0.9747955378414587
1,1,0.6536883731140078
1,1,0.9740352451917346
1,0,0.4662107980101171
0,0,0.41963850570662353
1,1,0.931865987394455
0,1,0.5422451396772346
1,0,0.16843236821770693
0,1,0.8611415433014491
0,1,0.8549346226365127
1,1,0.9986907377025845
1,1,0.7087692077796006
0,0,0.13497271125395277
0,0,0.18985948279464834
1,1,0.9616535254790683
0,0,0.14810099187032452
1,1,0.9168979952528197
1,1,0.6786487936112171
1,0,0.3560860318231092
1,1,0.9597274992075914
0,0,0.38712292551099936
1,1,0.9083622881474185
1,1,0.7487451888771094
1,0,0.41241806996319985
0,0,0.35356220699818963
0,0,0.06176820653090269
0,0,0.2196764874604974
1,1,0.5979945099915832
1,1,0.5237889879003781
0,0,0.1916482964418941
1,1,0.7634562565367939
0,0,0.2894114187155872
1,1,0.5780432014690254
1,1,0.7576399528809468
1,1,0.7308381998741007
0,1,0.5408378910538117
1,1,0.980207833709341
1,1,0.8642265628818973
1,0,0.30581749398986463
0,1,0.5289479116661402
1,1,0.8046373964310564
1,0,0.15333114912796228
1,1,0.7415238916324405
1,1,0.6739599886592154
0,1,0.6603733430538956
0,0,0.45952739230039363
0,0,0.2629688770456808
0,0,0.2757598193998104
1,1,0.7921901059456901
0,0,0.22024791743929378
1,1,0.9463441881244302
1,1,0.7092098486302307
0,0,0.22416048963266
0,1,0.5565652823762192
0,1,0.815750847894983
0,0,0.33471584095929363
0,0,0.16895982688412414
0,0,0.37258097571342946
1,0,0.3234229235144519
0,0,0.24327475159165263
0,0,0.12866130060531342
1,1,0.8291878804323305
0,0,0.21334603132384392
1,1,0.9596599144646051
1,1,0.7155182149661196
0,0,0.49713135264816366
1,1,0.7451138348910682
1,1,0.8702060222649738
0,1,0.6873624140307883
0,0,0.32159070751886315
1,1,0.7674393685691452
1,1,0.7952325104087203
1,1,0.8720648405842606
1,0,0.44363734760724965
1,1,0.9968117364207468
0,0,0.3798048998298268
0,0,0.05720610264293735
0,0,0.2827016026957989
0,1,0.7804242125088423
0,0,0.20640519171397081
0,0,0.440645218861979
0,0,0.15508746319532468
0,0,0.24861253890516574
1,1,0.9972614312202613
1,1,0.8916277190152198
0,0,0.14921953012753802
0,0,0.14812221087161728
1,1,0.5526017485590116
0,1,0.9114498368122887
1,0,0.4757440760993739
0,0,0.1761153819481474
1,1,0.5452967104294252
1,0,0.46869259137440455
0,0,0.44709255942519166
0,0,0.42480247187421577
0,0,0.07105817469099361
1,0,0.21003706752791818
1,0,0.33102919445215623
1,1,0.7188851748948958
0,0,0.37649241718773313
0,0,0.13293346943157572
0,0,0.45812942621264974
0,0,0.14734548809131512
1,1,0.5186576152930703
0,0,0.17553334305527313
1,1,0.9169916737980383
0,1,0.5988120094898282
0,0,0.04476257045372852
1,1,0.6467426882140205
0,0,0.22075550876950115
1,1,0.8902339630153312
1,0,0.47733757210967104
0,1,0.5824993766975002
0,0,0.1668584382774842
1,0,0.43424221941763047
0,1,0.5252747099267095
0,1,0.7254238315765601
1,0,0.37263659734012655
1,1,0.8210540268201287
1,1,0.9523914051085735
1,1,0.8402131176551306
1,1,0.9121073624242207
1,1,0.9351311163730278
1,1,0.9211801552253
0,1,0.5022411046909172
1,1,0.9053343349114118
1,0,0.26936685417962397
1,1,0.9018277303663775
0,0,0.4862834807510613
1,0,0.4841597041278222
1,1,0.9429865980246134
1,0,0.4368094478248981
0,0,0.15164355410759217
0,0,0.37694743313714113
1,0,0.49931149467609276
0,0,0.17419939870121393
0,0,0.07273928135386322
1,1,0.9106140629602918
0,0,0.22024417039936411
1,1,0.7298250746394405
0,0,0.46118405582367444
1,1,0.8987341611306108
0,0,0.2754491963823397
0,0,0.01147203462249805
0,0,0.485187742210477
1,1,0.8284336908207419
1,1,0.9982647117320627
0,0,0.21795227764717376
0,0,0.20188506338030404
0,1,0.5254592190260832
0,0,0.4141937547924865
1,1,0.5857813526267873
1,1,0.7701692354417801
1,1,0.7333899618915987
1,1,0.9179063218119528
0,0,0.40317635987765893
1,1,0.943440816032917
0,0,0.020510042082645955
0,0,0.15770828642388665
1,1,0.5455633775150557
1,1,0.8702918494730427
0,1,0.8562874145971762
0,1,0.7277035049505143
0,0,0.05130598670416474
1,1,0.9564369917431395
0,1,0.5213647991786923
1,1,0.6793819101403825
0,0,0.13674808766832128
1,0,0.49990605972786334
1,1,0.9525282764333165
0,1,0.6846647696692042
0,0,0.013063425854986268
0,0,0.1838572844075674
1,1,0.9800689690996083
0,0,0.16865391200902408
0,0,0.18729790088219242
1,1,0.9832809813193606
1,1,0.9776818324653962
0,0,0.27316946807273207
1,1,0.8688430038273037
0,0,0.1394094294145467
1,1,0.9075865849245925
0,0,0.3322426751388912
1,1,0.985641458346005
1,1,0.947877726661829
1,1,0.9254388098142011
0,0,0.38888756022769544
0,0,0.09689036411542173
0,1,0.5244661612103354
0,0,0.29884223473692256
0,1,0.756061202599367
0,0,0.31210160565487993
0,1,0.8279712835119268
1,1,0.9062761469563149
0,0,0.31487181956178845
1,1,0.9570075939048812
1,1,0.8043099790709591
0,0,0.10440275096308142
0,0,0.009296959043524582
0,1,0.897872442697977
1,0,0.43505744083306375
1,1,0.8633016921063339
0,0,0.06066795326950908
1,1,0.8704660845969067
1,0,0.3363604193932578
0,0,0.18665186509802942
0,0,0.19509027735015871
1,1,0.9986824554431273
0,0,0.32862362835993353
1,1,0.9521546122543991
1,0,0.46470369364549247
0,0,0.024499063552730675
1,1,0.8855178853863541
0,1,0.7418030108842152
1,1,0.977044649818013
0,0,0.10716436071091234
0,0,0.4232475720938807
1,1,0.7684278119953389
0,0,0.31494859284734783
0,0,0.12158627629435588
0,0,0.31218017770221956
0,0,0.05987414755295631
0,0,0.09815689538305603
1,0,0.4717724794027629
1,0,0.26431025277515185
1,1,0.7638067816953213
1,1,0.7135885127345186
0,0,0.11036625097630788
0,0,0.07601551200991853
1,1,0.8526340328263595
0,0,0.0015855694714272605
0,0,0.09555576810946474
1,1,0.9546456326637992
0,0,0.27037119650560276
1,1,0.6288290224336103
1,1,0.8335005332030693
1,1,0.6105694629099833
1,1,0.9286696512785546
0,1,0.726570208160849
0,0,0.05179474191036583
1,1,0.8591664468509322
1,1,0.6894317428311663
0,1,0.6312755713003066
1,1,0.9357756746332846
1,1,0.8420537186163298
0,1,0.763793274930509
0,0,0.45161157230364646
1,1,0.9435156659715184
1,1,0.5046650268821442
1,1,0.5039195964883237
0,0,0.3258998326519241
0,1,0.6125775344031978
0,0,0.2873390961763
0,0,0.2581146302286816
1,1,0.9082859934509345
0,0,0.06784205425915574
1,1,0.9527219763371997
1,1,0.9694244262285138
1,1,0.9697956628055114
1,1,0.6636743993485396
1,1,0.6152605949874899
1,1,0.6991886730939301
0,1,0.5070947350374029
1,1,0.859541611395123
0,0,0.022476364603475133
0,0,0.29961741440436973
0,0,0.4205364733397543
1,1,0.7988565672583925
1,1,0.8502053217929058
0,0,0.12033315423176381
1,1,0.6484118955662814
1,1,0.8896905280454154
1,0,0.2735768528841969
1,1,0.9561524834983096
1,1,0.8572259786213108
0,0,0.08227920342270498
1,1,0.9587224922888185
1,1,0.9483243259862093
0,0,0.0751475548408674
1,1,0.9503228940600259
1,1,0.9295643465671827
1,1,0.6277264164204487
0,0,0.33841719663045716
1,0,0.35068061349572327
0,0,0.4804975268806386
1,1,0.9450554326026132
1,1,0.7284474437048819
1,1,0.5650734746238498
0,0,0.07282923575820473
0,1,0.5130466999629636
0,0,0.04810356099577275
1,1,0.9104771135053078
1,1,0.8743541397464963
1,0,0.4004938943199747
1,1,0.6278786294567008
1,1,0.9349204000540519
0,1,0.5497503451671419
1,1,0.6019112238516413
0,0,0.4282238656343347
1,1,0.6651502354686238
1,1,0.5649553886578164
0,0,0.3076636207208719
0,1,0.6931130898028038
0,1,0.5978898690710538
1,1,0.8808626663024977
1,1,0.8964730193912284
1,1,0.7622109375877301
1,1,0.7006551671986492
1,1,0.8990982079940473
0,0,0.11882913319954722
1,0,0.37194238289734144
1,1,0.7710982695658729
0,1,0.6742537920288066
0,1,0.5274325715391454
1,1,0.8715615449430859
1,1,0.9592165316546478
0,0,0.2392873570037476
1,1,0.789693338728526
1,1,0.7684007618623047
1,0,0.11438414411327688
1,0,0.4234025602528978
0,0,0.08871262247987667
0,0,0.2129045797806095
1,1,0.9115130240112469
0,1,0.8286371307387915
0,0,0.3961209365404949
0,0,0.15009312414622297
0,0,0.48517917643873965
0,0,0.0999735598452965
0,0,0.4226234248687131
1,1,0.8772979735643187
0,1,0.5949304661325867
0,0,0.4459955572433378
1,1,0.9990877251838032
1,1,0.8401568622478366
1,1,0.9007398797342334
1,1,0.8094862841959943
0,1,0.5643118055038128
1,1,0.7794346796461878
0,0,0.443245501824968
1,0,0.4293775506737995
1,1,0.8722916865101963
0,1,0.6946796679325414
1,0,0.23395358470040328
1,0,0.15352609503512538
0,0,0.10247499351434934
0,0,0.04776654779369149
1,1,0.9713013510577255
0,0,0.15505966648440353
0,0,0.3313046600868512
1,0,0.2659588526267254
1,1,0.809824463041935
1,1,0.7012760563175302
0,1,0.7292178616651652
0,0,0.13049704527206551
0,1,0.7014022694315911
0,0,0.3521863264245948
1,0,0.07160681968966605
1,0,0.10050364904993454
1,1,0.8934828990894784
1,1,0.7791409456152807
1,1,0.8200589587823517
0,0,0.37361813984652287
0,0,0.31810903934908974
0,0,0.04424477964595039
1,1,0.910619873891288
1,1,0.8372025780150841
1,1,0.7936583875402914
0,1,0.51528400785422
0,0,0.06271005542159681
1,1,0.8547367319439892
0,0,0.3129325534975684
1,1,0.7816333044055565
1,1,0.8955849259521795
1,0,0.21892265745780928
1,1,0.7470513034661963
1,1,0.9987785217540405
0,0,0.2753071579871058
0,0,0.46178748458317814
0,0,0.08316478588893031
1,1,0.7421868249849378
1,1,0.9473727404486476
0,0,0.32451309223351726
1,1,0.7323058972162524
1,1,0.914525028151141
1,1,0.7727446565927492
1,1,0.9310788965107525
1,1,0.6410303176660298
0,0,0.21802102174847557
1,1,0.7844438978661793
1,1,0.803482215822667
1,1,0.9185080820580018
0,1,0.7724761539166677
0,0,0.32425269708798343
1,1,0.7577439219584654
1,1,0.7316895707433573
1,1,0.7020800188577857
0,0,0.044356154887160264
1,1,0.5444877705456639
0,1,0.505506135943452
1,1,0.711972089520768
1,1,0.8811824560319818
0,0,0.11462035387339863
1,1,0.8485801343168482
1,1,0.7342333082695802
1,1,0.8504393039879216
0,0,0.4678146709162583
0,0,0.13797094830507248
1,1,0.9631104827851384
0,0,0.15808202366788646
0,0,0.2090215953347791
0,0,0.35088469758606905
1,1,0.5855140323963046
0,0,0.35818591056435256
0,0,0.3615164766437541
1,0,0.28853551665449845
1,1,0.6178061934211642
0,1,0.5574002558119566
1,1,0.6874044748701911
1,1,0.6997845386686216
1,1,0.6535818881456558
1,1,0.9722844455512595
1,1,0.9695711809741793
1,1,0.6393522211250108
1,0,0.4149083181703387
1,1,0.5892786705768436
1,1,0.9489355038494335
1,1,0.7902184739061742
1,1,0.9283027480488178
1,1,0.8667582585247395
0,0,0.06769451256887554
1,1,0.8913495401315711
1,1,0.9001523502858918
0,0,0.4637560012771856
1,1,0.9695121042891405
0,0,0.3421689229162181
1,1,0.8892351760034616
1,1,0.8437215681251565
1,1,0.7989764777950951
0,1,0.688478409386761
1,1,0.8165179436101959
1,1,0.9539686347242395
0,0,0.44441363806452694
0,0,0.05540148826699428
0,0,0.023186202699236904
0,0,0.42526766425593904
0,0,0.16676039443335855
0,0,0.4125303670759254
1,1,0.9978535717074907
1,1,0.6776731107408637
0,0,0.2958232940701916
1,1,0.9140425774299654
0,0,0.37449010954033557
1,0,0.4686132804506786
1,1,0.6581091095457268
1,1,0.9736980771908893
0,0,0.16221275070510463
0,1,0.8007966399162703
0,0,0.007014806320234136
0,0,0.42826164433155695
1,1,0.7191648126643578
1,1,0.9872432191170775
0,1,0.8047859291976016
1,1,0.8893334606314903
1,1,0.8893746571284175
0,0,0.27384898617078046
1,1,0.5515360425508532
1,1,0.7088491167773014
0,0,0.1734587807504615
1,1,0.6500538080973002
0,1,0.5712906082907945
1,1,0.5608957284753816
0,1,0.5937741968552709
1,1,0.9439124412742155
1,1,0.9263592173743487
1,1,0.5353734619609329
0,0,0.08513719326835259
1,0,0.4330606293293129
1,1,0.7189069783308599
1,1,0.7070849931428922
1,1,0.93607454205454
0,0,0.14671364841632012
1,1,0.7904498707770302
1,1,0.999108755494772
1,1,0.9400095580278981
0,0,0.38990755958421247
1,1,0.8707122480670285
0,0,0.33993976298166795
1,1,0.8861794673608412
1,1,0.8259714628217444
1,1,0.7046989165485477
0,1,0.8935742107060557
0,0,0.16321216893333415
1,1,0.8198625722953837
0,0,0.17297299514643047
1,1,0.7618152004839802
1,1,0.8220223827867414
1,1,0.9834770480505135
1,1,0.9684037527149406
1,1,0.7304396976816159
1,1,0.9395536575794925
0,0,0.32867211101549376
0,0,0.3387413766888631
1,0,0.3417731863106896
0,0,0.09586000494360154
1,1,0.5453828929260166
0,1,0.6848326181153656
1,0,0.1762430039351743
0,0,0.08225821960628879
1,1,0.9667188244945341
1,1,0.8656738040242402
0,0,0.09521895361026933
1,1,0.9435535970157114
1,0,0.46622309737608253
0,0,0.3208221747333398
1,1,0.8737186139120076
1,1,0.8746455742696223
0,0,0.058927100036276506
1,1,0.9666932385697184
0,0,0.3135942116380794
0,0,0.44988372147004946
0,0,0.0940973610659227
0,0,0.049388334033184135
0,0,0.02607535133309084
1,1,0.735939305883075
1,0,0.19702047673511283
0,0,0.17184796079957082
0,1,0.5194715480736447
1,1,0.7386858262281509
1,0,0.42446300656771674
1,1,0.8935733900483532
1,0,0.4602360293174268
1,1,0.8530832502331263
0,0,0.03156895170415841
1,1,0.8371330710843882
0,0,0.03802987308756747
1,1,0.927342370305016
0,0,0.0711989324063746
1,0,0.4286873036845473
1,1,0.8540032783352587
1,1,0.8533785663439334
0,1,0.8317611546474522
1,1,0.9079378433226233
0,0,0.04250248142891693
1,1,0.8427387360467303
0,1,0.8940076082652059
1,1,0.6873935604222691
1,1,0.9454762567681477
0,0,0.2597089925187756
0,0,0.21925981321650254
1,1,0.951300882347021
1,0,0.2642054034606123
0,1,0.8879972862281347
1,1,0.6691706457872042
1,1,0.9180882653172919
0,1,0.8571073869188658
1,1,0.8694445659216842
1,1,0.9654358434500192
1,1,0.5780673128966417
0,0,0.26510277778427205
0,1,0.7039666469111135
1,0,0.36737151454734807
0,0,0.4326638729509966
1,1,0.9819719992737874
1,1,0.8979750464734636
1,0,0.11426951419910449
0,0,0.0754647812617877
0,1,0.5518358280793517
1,1,0.9478642722195465
0,0,0.06401289522100051
1,1,0.9981611606995583
0,0,0.3529976245336913
1,0,0.3998089811995522
0,0,0.4081150658901865
1,1,0.6454805293783935
0,1,0.7583167578975886
1,0,0.47838875814587095
0,0,0.3882308283087961
1,1,0.5508098962341941
1,1,0.9872076771822991
1,0,0.24057602820830296
0,0,0.1259697172849557
1,1,0.7498824182194246
1,0,0.44492968939256416
1,1,0.6976404427385984
1,1,0.8608241630772653
1,1,0.9011726399967409
1,1,0.9407903986070654
1,1,0.9974036346190264
1,1,0.9341360392985358
0,1,0.8518931351900241
0,0,0.39600434657887956
0,0,0.1985988570773064
0,0,0.3314183875658835
0,0,0.33826974450892067
1,1,0.865069217719805
0,1,0.6410549884108473
1,1,0.8161869827928083
1,1,0.7867753784640302
0,0,0.15431466133231445
1,1,0.8742304741848673
1,1,0.9006510883106262
1,1,0.6517034678737593
1,1,0.7633965214189062
0,0,0.25059382781765627
0,0,0.30943131920822714
1,1,0.9596513319275697
1,0,0.4278143222425708
1,1,0.7910954218571566
0,1,0.899572480900305
0,0,0.38121091744615593
0,0,0.08655194161746707
0,0,0.36289439595499534
0,0,0.3927295448748274
0,0,0.382006394507832
0,0,0.21954186470061474
1,1,0.8406770698375404
1,1,0.7158653009478171
1,1,0.8684442733780303
1,1,0.6144861930238036
1,1,0.905623920639338
0,0,0.28045507844034145
1,1,0.6460071674750608
0,0,0.1019373502535596
1,0,0.4622429045271116
1,1,0.9687058924696964
1,1,0.7851484926263262
1,1,0.7731249007771016
1,1,0.6000358775614166
1,1,0.8972757881185146
1,0,0.37996402637886234
1,0,0.2754042159928304
1,1,0.9428749349628384
1,1,0.9821771921602039
0,0,0.17654382451436818
1,1,0.8239694934597142
1,1,0.9616791894349226
1,1,0.9510395118700922
1,1,0.8485243395227755
1,1,0.8892142254375927
1,1,0.8874275321104194
0,0,0.3679271360763785
1,1,0.6020496038114594
1,1,0.5416664381606496
0,0,0.36686045759295066
1,1,0.8918526752032534
1,1,0.804850469270573
1,1,0.6790396070520972
1,1,0.9307590797128719
1,0,0.22536944949849827
1,1,0.6419645166416685
1,0,0.33420084291640934
0,0,0.2600012105150454
0,0,0.35834858103205725
0,0,0.14227081923893542
0,0,0.258531762860162
1,1,0.9992183233929578
0,0,0.1268603197472279
0,1,0.6356709527349249
0,0,0.29644009566698853
1,1,0.7007625171335199
1,0,0.42239902008703917
0,1,0.7955112064696999
1,1,0.5096683798869504
0,1,0.827748542703885
1,1,0.9647761176464346
1,1,0.5285171070636232
0,0,0.32177616988760127
1,1,0.9827286153493915
1,0,0.15811561825850876
0,0,0.13315700410986533
1,1,0.6055327212470631
0,0,0.06333683285046454
1,1,0.6787843510809792
1,0,0.42270919812570523
0,0,0.46411727740177605
1,1,0.9378553287953182
1,1,0.975611064289278
0,0,0.026874572952790863
0,0,0.332854523748045
1,1,0.9312958409601866
0,1,0.6631340693436992
1,1,0.8419390526939977
1,1,0.8189342071204749
0,0,0.43552448993776943
1,1,0.9731782749996433
0,0,0.0655575829550191
1,1,0.8772774386703319
1,1,0.9977267857764257
1,1,0.6040516796912727
0,0,0.30748949691285865
1,1,0.940776927669836
0,0,0.1854373828661647
1,1,0.8681525016621519
1,1,0.9347926428099197
1,1,0.5942430764157518
1,0,0.18326336618864547
0,1,0.7124465818478599
0,0,0.02033808662587386
1,1,0.898006338580065
0,1,0.6042665300709369
1,1,0.8072177108018228
0,1,0.5316254619727682
1,1,0.9807948509048969
1,1,0.9748453159194173
0,0,0.007471777868043092
1,1,0.9711028616877697
1,0,0.14376070662106297
0,0,0.2749405029777859
0,1,0.5812573094034367
1,0,0.151510821031951
0,0,0.08065165453916798
1,1,0.8027737827515476
0,1,0.695269610084685
1,1,0.741845165803315
0,0,0.09066277379982005
0,0,0.4096482388522858
1,1,0.7379801417014072
1,1,0.7502307530147044
0,0,0.3073726504976088
1,0,0.23615079651910906
1,1,0.9035119921140154
0,0,0.049706419810026395
0,0,0.2396171358311317
1,1,0.9959135876922003
0,0,0.18688142145870953
1,1,0.9377924089857681
0,1,0.6426886897057624
1,1,0.6052434985460823
1,1,0.9572213933518158
0,0,0.2983459081953089
0,0,0.3517565615977947
0,0,0.490871751815862
0,0,0.018568289593575336
0,0,0.4672963111629117
1,0,0.3924260916437097
1,1,0.6095796418817482
1,1,0.9777883789098312
0,1,0.9147098652923602
1,1,0.8716647166021969
1,1,0.8722113752024583
1,1,0.7436367993009482
1,1,0.5632540390209231
1,1,0.9179845430656054
0,0,0.048662851809075584
0,0,0.48964651836001366
1,1,0.5746763449514528
1,1,0.9307324023117217
0,0,0.18957997741703833
0,0,0.28474818961987325
1,1,0.9546488571919564
1,1,0.6947247834338762
1,1,0.8652833282373741
1,1,0.7811140225783719
0,0,0.21310775703603754
1,1,0.9533590260053321
0,0,0.42099604568482274
0,1,0.873741292311656
0,0,0.1362836637246588
0,0,0.3261962370973655
1,1,0.8425114680045634
1,1,0.9621912354332199
1,0,0.46418987583762206
1,1,0.692519806897078
0,0,0.046483834586375554
1,1,0.8855519556802391
1,1,0.6721254551328696
0,0,0.30566574379971817
1,1,0.9983931130581419
1,0,0.38200404941403526
1,1,0.7233190409986875
0,1,0.8321587455339112
1,1,0.5102130568283862
1,1,0.71948792822601
1,1,0.9429792290234659
1,1,0.7011423048998164
1,0,0.32432028011978364
0,1,0.5445757935533305
1,1,0.8922870982906406
1,0,0.46622443493201454
0,0,0.23799623352878607
1,1,0.762074037859822
0,0,0.44101571349861324
1,1,0.8327523449750204
1,0,0.2901210104497514
1,1,0.8364521343009019
0,0,0.11713119091831337
0,0,0.22796233411076178
1,1,0.7478686539506575
0,0,0.34790155760670255
1,1,0.9689157579108388
0,0,0.03256816681462479
1,1,0.8667959825076877
1,0,0.4477190404628944
0,0,0.2828317985534257
1,0,0.1948208241838189
1,1,0.9404700930804738
1,1,0.8033622780423499
1,1,0.9447309293183898
1,1,0.934043042933058
1,1,0.733003359380793
0,0,0.17885590749442568
0,0,0.4839616722794301
1,0,0.36451903940365293
0,1,0.5489169522310228
1,1,0.9241539555558992
1,0,0.4707128299579121
1,1,0.8728598556028057
0,0,0.3520006342587279
1,1,0.9705625122488104
1,0,0.46771749800707035
0,0,0.4287233756606158
0,0,0.3217690282013484
1,1,0.8562254709933418
1,1,0.932191477361137
0,0,0.07623997397438527
0,0,0.20079506821749346
1,1,0.8132624392928455
0,0,0.26704600263052464
1,0,0.32738322073297393
1,1,0.9587369006198667
1,1,0.975779464984298
0,0,0.36282529383901757
1,1,0.8819009372133294
1,1,0.9394896358755129
0,1,0.5071627246326098
1,1,0.8716049609635721
1,1,0.651066407284722
0,1,0.5456689812126211
0,0,0.02906740878232525
0,0,0.24586379681540915
1,1,0.8275685869320785
0,1,0.8148737051709778
1,1,0.9725925234904367
0,0,0.4435539926977823
1,1,0.8367945676165651
1,1,0.6197430864509491
1,1,0.721109899679252
0,1,0.5983990936145163
1,1,0.8661314935197806
1,1,0.93184042801986
1,1,0.7498673181770129
1,0,0.49115699542547603
1,1,0.8643213998222113
1,1,0.7503428391129799
1,1,0.6695185805539634
1,1,0.9356859238712344
1,1,0.7662923901162442
1,1,0.7833576710379536
0,1,0.7457144941267991
0,0,0.4618840686398087
0,0,0.3199513475997469
1,0,0.4367379788973964
0,0,0.26140193883203366
0,1,0.6226519498209777
1,1,0.8539930932574487
1,1,0.8629066356399557
1,1,0.8369162386763389
0,0,0.3208283717097484
1,1,0.7408435924416351
0,0,0.029247224067770437
0,0,0.4798293023093018
0,0,0.2003810993707968
0,0,0.29135159638365105
0,1,0.8933569450728913
1,1,0.9095681105280511
1,1,0.5759546585259283
1,1,0.9315585521988334
1,1,0.5209664371321375
1,1,0.7292834142439208
0,0,0.28344300552678614
1,1,0.7150001226151873
0,1,0.8301273762825574
1,1,0.8572195592083403
0,0,0.13829629651192113
1,1,0.962228862614019
1,1,0.9156393747832307
1,1,0.9686402666561803
1,1,0.8516898919239049
1,1,0.7795833989078144
1,1,0.9582246608103442
1,1,0.8109612878975659
0,1,0.7789983145127335
1,1,0.8922877517141691
1,1,0.6182774379015294
1,1,0.7055463280900804
1,0,0.16899827714257618
1,1,0.6026038815417369
1,1,0.5708213422153131
0,0,0.23525974865084007
0,1,0.5964042408614596
1,0,0.2754156792993716
1,1,0.9724940633076999
1,1,0.526237868907797
0,0,0.008319191825529076
0,1,0.6096312566032404
0,1,0.8008517452712753
1,1,0.8818694863987793
1,1,0.7565740585616073
0,0,0.29193655296502496
1,0,0.42935316895212433
0,0,0.19362376579650578
0,0,0.4110225282408541
1,1,0.8341409874392504
0,0,0.016234934010411577
1,1,0.8960513411508868
1,1,0.6455034087040207
1,1,0.7383647165604453
0,0,0.22119887347549072
1,1,0.9682703253403236
1,0,0.41334903725292366
0,1,0.8691259006382862
1,1,0.5386975455435375
0,1,0.6971124700845195
1,1,0.7949364187697001
1,1,0.8338418579049159
0,0,0.08844543318027907
1,1,0.966818824699767
1,1,0.634096845830142
1,0,0.35244412206389925
0,0,0.08929028103947145
0,0,0.20266947576546837
1,1,0.9514830682772721
0,1,0.879670723434152
1,1,0.9650184303356615
0,0,0.003058873786784265
1,1,0.9849565350236996
1,1,0.9694870591616569
1,1,0.9763101276389357
0,0,0.15976812446252098
1,0,0.3172888948643011
0,0,0.26982560475970524
1,1,0.9561421064390145
1,1,0.7780503009591359
1,1,0.8377958598868617
1,1,0.6569345915800104
1,1,0.9495773083229484
1,1,0.7249510472377281
1,1,0.9576401882116827
0,0,0.31861608696053084
1,1,0.5871027822367249
1,1,0.8082293920049676
0,0,0.16746449511357112
0,1,0.5283806957364782
0,1,0.7428486013643565
1,1,0.6193650399594832
1,1,0.9116315972631415
0,1,0.764785620210931
1,1,0.8685476547741268
1,1,0.7162187082763438
1,1,0.9866423213090836
0,1,0.9243953300718241
0,0,0.3282800110877611
0,0,0.10613697424569293
1,1,0.9769794123336708
0,0,0.20301500205401732
1,1,0.9123217855429531
1,1,0.9464143041385489
0,0,0.09530401967717234
0,1,0.537602081860738
0,0,0.09021821952369898
1,1,0.9010654583444395
0,0,0.3718017533835781
0,1,0.8325364777663007
1,1,0.8261959878286322
0,0,0.3699893914605368
0,1,0.5306296743949573
0,0,0.2852318855257691
1,1,0.9608840699221928
0,0,0.21271078540628163
1,1,0.9285371424664067
0,0,0.48191776266242775
1,0,0.06267246216970974
0,0,0.05253992312698963
1,0,0.3426974616191116
1,1,0.9110341576040678
1,1,0.974071066554284
0,0,0.21213206958448205
1,1,0.5934663452451596
0,0,0.3054949022272387
0,1,0.5714126516779282
1,1,0.696976358576235
1,1,0.8679435274580944
1,1,0.9446470497835283
1,1,0.9616619335313602
0,1,0.6130387370060327
1,1,0.962712564704154
1,0,0.1948734832503922
0,0,0.288341869631284
1,1,0.9042508672524251
0,0,0.43226342379340593
0,0,0.3510158286263578
0,0,0.004892169324215106
1,1,0.9909432057015295
0,1,0.7293490295009716
1,1,0.9042537300978015
1,0,0.09562813789838402
0,0,0.2765535980067018
0,1,0.9488081847293792
1,1,0.6133299353844398
1,1,0.8742547797334838
1,0,0.41259368658092865
1,1,0.5730622765278672
1,1,0.8234675187780288
1,0,0.28507929330812565
1,0,0.27538059778480783
1,1,0.541960745294589
1,1,0.8494761873032284
1,1,0.7771678221047055
1,1,0.940031697524576
1,1,0.8678981536432017
0,0,0.45180215333964796
0,0,0.48636619270840475
0,1,0.6872664956225262
1,0,0.4822429016205041
1,1,0.887611181084581
1,0,0.4823872413692539
1,1,0.7255002968556373
0,0,0.241477919660468
0,0,0.49118965545551646
1,1,0.859101506976238
1,1,0.9977375438151244
0,0,0.16331128994900865
1,1,0.9667186763975835
1,1,0.8757113878579089
1,0,0.3756225666503085
0,0,0.2904689064835886
1,1,0.7733119508969478
0,0,0.3157408168186874
1,1,0.8565592597389153
1,1,0.8829147024541849
1,1,0.9076178566448005
1,1,0.6393496905789909
1,1,0.9467956095971701
1,1,0.7891669106603951
1,1,0.9843005011955427
1,1,0.5956578501556035
1,1,0.7722622418797102
0,0,0.027758534900505075
0,0,0.43483552096948463
1,1,0.639493131008306
0,0,0.14238378750289413
0,1,0.8542750694256572
0,1,0.7285536294536478
1,1,0.934300675616528
1,1,0.9795286296304391
0,0,0.1187591873160629
1,0,0.3890023118774091
1,1,0.9457923871024292
1,1,0.5706337629662822
0,0,0.0805586722263816
1,1,0.5961684540141239
0,0,0.252675761138453
1,1,0.5313310331791278
1,1,0.9567219948310836
0,0,0.44889113217036264
1,1,0.5107254294345853
0,0,0.4158050273742309
0,0,0.07846120404244698
1,1,0.6729725667110422
0,1,0.6478279541530744
0,1,0.5411195857689497
1,1,0.8562820683609731
1,1,0.9758471960719022
1,1,0.6089835423485994
1,1,0.8541528166543391
1,1,0.9662743138663212
0,0,0.18071037156936787
1,1,0.7612331200591772
1,1,0.8986369973938465
0,0,0.18388742387030602
1,0,0.33313245902993965
0,1,0.7391658475084397
1,1,0.9483931715448696
0,0,0.2589465827016956
0,0,0.3538210508813383
0,1,0.7280628245539211
0,0,0.16632485121107657
1,1,0.8980193717987762
1,1,0.895960372877419
1,1,0.9991295500322774
0,1,0.5889096281728803
1,0,0.08989406880280018
0,1,0.7245266874534432
1,1,0.9403421287091045
1,0,0.4163186637897474
1,1,0.8117907671394845
1,1,0.9379984252917787
1,1,0.7671751725385526
1,1,0.5690652606245807
1,1,0.9694827391993043
0,0,0.1226028067569874
0,0,0.4300286526258923
1,0,0.46022689267873124
1,0,0.33543733771736695
0,1,0.6947699302810032
0,0,0.10485457311930657
0,0,0.32937051803569667
1,1,0.9442882267293602
0,0,0.2252488409445967
0,1,0.5154307059435193
1,1,0.991838857688736
1,1,0.9962665979191955
1,1,0.965929230458761
0,0,0.19184023425613408
0,0,0.011983020327553414
1,1,0.686222257514979
0,0,0.4268697968618532
0,0,0.38090891050504827
0,1,0.794024866104932
1,0,0.23199631688634187
0,0,0.2810786038947244
0,0,0.2992166119773566
1,1,0.8855849014394853
0,1,0.6507606710794013
1,1,0.990166198104302
0,0,0.3127001802925434
1,1,0.8157046164248163
0,0,0.10260458729209032
0,1,0.6954667704371242
1,1,0.6765944754722346
1,1,0.9339078290131453
0,0,0.13414495708346508
1,1,0.9833438050933921
1,1,0.9891621392761567
0,1,0.8232100735677305
1,1,0.8461515020342653
0,1,0.6621764685627991
0,0,0.15953693005022898
1,1,0.911460484055771
1,1,0.7594108704994063
1,1,0.9767848909669671
0,1,0.6510989655871383
1,1,0.9349944242942544
1,1,0.7834586176164214
0,0,0.24532072600522795
1,1,0.6111244899703432
0,1,0.8534269595508822
1,1,0.9555699429203047
1,1,0.9603195701440844
1,0,0.20318312479800657
1,1,0.5283136339775127
0,1,0.9114693544103378
0,1,0.7971711283900872
1,1,0.6686368393351073
0,0,0.23771915455417997
1,0,0.31787023029091804
0,0,0.20158986038666518
1,1,0.5749432050397717
1,0,0.13689607365983342
0,0,0.35885966262068864
1,1,0.8696513044010189
1,1,0.7142061615851215
0,0,0.026127396792925382
1,0,0.47096007368021453
0,0,0.1342986415517541
1,1,0.8804065989350153
1,1,0.5756960893691955
0,0,0.10132608799705668
1,1,0.843745747896493
1,1,0.8078177825431578
1,1,0.8759925060913566
1,1,0.7038335925957205
1,1,0.978397073192801
0,0,0.0908485604053849
1,1,0.9780479899094232
0,0,0.4740055920053131
0,0,0.3214893602070503
0,1,0.7692001483405096
1,1,0.9532242945514259
0,1,0.8321154550790377
0,1,0.5135365171196329
1,0,0.23148753830878785
1,1,0.973540945549917
0,0,0.3836145067281389
1,0,0.06704024422882406
0,0,0.19365507535425358
0,1,0.7599175102102136
0,0,0.25002445679164587
0,0,0.2289168442377543
0,1,0.5543987065074393
1,1,0.5711598533889098
1,1,0.9796158823486881
0,0,0.21707145519418808
1,1,0.7558835140500714
1,1,0.9837127492989376
1,1,0.8045069617314158
1,1,0.8332047949596054
1,0,0.4976443832879269
0,1,0.9432789358789783
0,0,0.2734669863524631
1,1,0.8348611651688169
1,1,0.9354170539767119
1,0,0.40917175678463774
1,1,0.9094967170780281
0,0,0.003597520084902424
1,1,0.8654211322964604
1,1,0.6985015757711084
1,1,0.7719865833673515
0,0,0.23169792204113507
0,0,0.021047712173457044
0,1,0.5373550438776715
1,1,0.5943126331562131
0,1,0.504889170458069
1,1,0.8613014331150272
1,0,0.32447937558607054
1,1,0.7665658077756022
0,1,0.5629911487268295
1,1,0.7320789382291133
1,1,0.721680973579891
1,1,0.927926418210046
1,1,0.7873419716286962
1,1,0.8559577596790595
1,1,0.533478390095183
1,1,0.9637447193013267
1,1,0.7579889988853362
0,0,0.13982259269636044
1,1,0.8714783125429741
1,1,0.8119989727126068
1,1,0.588511396695412
0,0,0.4600374113314949
1,1,0.9880514926018423
0,1,0.7009219698923218
0,0,0.18575516271809656
1,1,0.5128515846334318
1,0,0.31326803905208855
1,1,0.8092625108835023
1,1,0.9192863380733596
1,1,0.7279518655938448
1,1,0.51977903370548
0,0,0.21661373974550624
1,1,0.7440503198940412
1,1,0.8480762358895573
1,1,0.734772738531265
0,0,0.36004207410765676
0,1,0.5080239879270169
1,1,0.6864929953437681
0,0,0.2521356917879363
0,0,0.008092638608478976
1,0,0.4353857115015695
1,1,0.8451897174620059
1,0,0.37628688752964246
1,1,0.7522800136915797
0,0,0.11285488340146185
1,1,0.9173603108818897
1,1,0.8738906519276557
1,1,0.9443974141451575
1,1,0.8714736402938658
1,1,0.7250584514984758
1,1,0.8348879907424958
1,1,0.5280530855601132
0,1,0.7857058474217713
0,0,0.3642158298095766
1,1,0.8606007967613702
0,0,0.04285869316905382
0,0,0.12026625079908865
1,1,0.9342853890997348
1,1,0.6940752614365763
0,0,0.06522400063717451
0,0,0.1787444423764964
0,0,0.11060453113430163
0,1,0.6134321065951764
1,1,0.8387773500551781
0,0,0.2578816387399121
1,1,0.9477337454779953
1,1,0.8913306865034819
0,0,0.09955961490378015
0,1,0.7003097745288087
1,0,0.27498307268073596
0,1,0.5138981088875336
0,1,0.595889917426157
0,0,0.021913056848563584
1,1,0.5978979335293817
1,0,0.08653905187898389
1,1,0.9607362302034294
0,0,0.26975666331569065
1,0,0.47396296976015956
1,1,0.9568270927768606
1,1,0.932109575397623
1,1,0.9639904924065217
1,1,0.9075189115711464
0,0,0.033202031815892576
0,0,0.2587102026226472
0,1,0.7255978845028817
1,1,0.8697597393773174
1,1,0.9738642295801151
0,0,0.2940186757024801
1,1,0.69398222992673
1,1,0.9259939284624781
1,1,0.8852093231396015
1,1,0.723717609268421
0,0,0.2833243559890116
1,1,0.7379757464033825
0,0,0.4139323014091827
1,1,0.6391269735106933
0,0,0.1320603587034721
0,0,0.27956160868608404
1,0,0.2907615643564527
1,1,0.9401802597535164
1,1,0.7719638719802046
1,0,0.19206374178173266
0,0,0.43199428032524173
1,1,0.9643756190509923
1,1,0.9457722313902455
1,1,0.8115002940935344
1,1,0.9318038110757639
0,1,0.6614694912670928
1,1,0.8350088728541284
0,0,0.04834963090560537
1,1,0.9834047792567007
1,0,0.3219867660522145
1,1,0.7279775038410548
1,1,0.9446336229353384
0,0,0.05854730602783822
1,1,0.9096906896859832
0,0,0.39366303797696656
1,0,0.05415953879151262
0,0,0.3514035345509412
1,1,0.9162717409256826
0,0,0.46768040173281916
1,1,0.9357883205063332
1,1,0.8663360068842505
0,0,0.24950360108166603
0,0,0.3011310432092145
0,0,0.24412993487908416
0,0,0.1988381439953847
0,0,0.07240162576713137
0,0,0.3525602221149838
0,0,0.15253654225945495
1,1,0.7552916489728023
1,1,0.7856156491791436
1,1,0.6467249217931755
0,1,0.6012649668667402
1,0,0.41649184137108075
1,1,0.9831846608135102
0,0,0.32761288546985795
1,1,0.5499323580161811
0,0,0.062498219936217896
1,1,0.842163982775842
0,0,0.2562905619105938
0,1,0.7173060004445653
1,0,0.10489701465018361
0,1,0.7427554876066838
0,1,0.9482090347932549
1,1,0.865158744621969
0,0,0.028140374175919556
1,1,0.9816450482105198
0,0,0.11469020294495078
1,1,0.8121082447443687
1,1,0.8983468220232506
1,0,0.16102768607495926
1,1,0.997476602231215
1,1,0.9837478630748243
1,0,0.10788602570763291
0,0,0.4630531429617394
0,0,0.23109861069452542
1,1,0.7642125732659395
1,1,0.9728782212495921
1,1,0.5270497227595498
1,1,0.7293028470692768
0,0,0.005507429271065883
0,1,0.6271226635428311
0,0,0.06981307432899501
0,1,0.5347577103599325
1,1,0.9076480658712808
0,0,0.4563667795834175
0,0,0.3581649749952692
0,0,0.34235189034363783
0,1,0.6744864786583638
0,1,0.5389210125159914
1,0,0.25851365667569864
0,1,0.7886556245707741
1,1,0.6157601662192769
1,1,0.9013276073808079
0,0,0.3116735071237676
0,0,0.29590321931348457
1,1,0.9333707888881793
1,1,0.9245802057390793
1,0,0.18043399977422506
1,1,0.610834361083126
0,0,0.07453513636710433
1,1,0.9777444741649233
0,0,0.3806663192614147
0,0,0.3909068342329736
0,1,0.5435595808384255
1,1,0.7419819722721345
0,0,0.16257745893300382
0,1,0.686084274770434
1,1,0.7269367494120849
1,1,0.6495873881283476
1,0,0.06268960717582917
1,1,0.9327785593657478
1,1,0.9285112660810093
0,1,0.5906995906260899
0,0,0.1669454935014954
1,1,0.9205120503166775
0,1,0.6057174513298549
1,1,0.942068678725892
0,1,0.8820238926185183
1,1,0.8872357075562964
1,1,0.7937522128139064
1,1,0.9756919310453276
0,0,0.35339796156807923
0,1,0.5880758820777666
0,0,0.13829202236298846
0,1,0.9303182562994844
1,1,0.8560189847672526
0,0,0.08274824309805114
0,1,0.5000577234833463
1,0,0.39065442322297056
1,1,0.6407122668470683
0,1,0.9389851440652335
1,1,0.8047774845081671
0,0,0.4102167163500373
0,0,0.19356866743266782
1,0,0.4935451410844499
0,0,0.10444819092581376
0,1,0.6228977105612626
1,1,0.9380159382978837
1,0,0.3624003571614367
0,0,0.05755040965738101
0,1,0.6011381622668442
0,1,0.6210802368867098
1,1,0.9158665183580063
0,1,0.6255172419736945
0,0,0.09816879920098842
1,1,0.9980583878408195
0,0,0.05262668522791071
1,1,0.9687193924556916
0,1,0.7277930614323778
0,0,0.23774472711536238
0,0,0.3561424543008625
0,1,0.6937615968810946
1,1,0.8334089943283912
0,0,0.0657149448546901
1,1,0.6714133756513229
1,1,0.6924031288493719
1,1,0.6668354822367081
1,1,0.629041483577921
0,1,0.634664439046496
1,1,0.624281732977052
0,0,0.2945851829876124
1,1,0.8102116044287978
1,1,0.9149431478847714
0,0,0.4681888532118887
0,0,0.01220919420789972
0,0,0.3173562528560032
1,1,0.9456362513718786
0,0,0.35453735035719763
0,0,0.19360677539581708
0,1,0.5151339322704851
0,0,0.47451785252738765
