true_label,pred_label,prob_class_0,prob_class_1,prob_class_2
0,0,0.7770767630837835,0.22262162624597123,0.00030161067024531103
1,1,0.29300821236926383,0.7040915022361465,0.002900285394589598
1,1,0.12948428461653072,0.8624482803382423,0.008067435045227011
0,0,0.8853204097691217,0.11452243670135087,0.00015715352952736205
1,1,0.4448000774448822,0.554369047742885,0.0008308748122328601
0,0,0.938950515325629,0.060632278097734575,0.00041720657663651554
0,0,0.9778980389616309,0.021635193849053127,0.0004667671893159129
0,0,0.9284460159915283,0.0714824078022618,7.157620620995072e-05
1,1,0.15071930808426398,0.7861866883131343,0.06309400360260181
0,0,0.8765827648319042,0.12312652907758047,0.0002907060905151445
1,0,0.5220412661877026,0.4770647502797046,0.000893983532592774
0,1,0.39745063154681304,0.6019719506687656,0.0005774177844213393
1,0,0.879317834899289,0.11851819419181361,0.002163970908897327
1,1,0.2923010121525665,0.7053104067713413,0.002388581076092207
1,1,0.13871058548795637,0.8593503916702635,0.0019390228417800475
1,1,0.1859709677687347,0.8125832350651054,0.0014457971661598356
0,0,0.7082560894203697,0.29102510161664324,0.0007188089629872027
1,1,0.21258820148871208,0.7847813215514674,0.002630476959820551
1,1,0.0440887039627352,0.95203156784634,0.0038797281909246804
1,1,0.3726934013112423,0.6197857754637488,0.007520823225008994
0,0,0.7320942742816706,0.26754011260935656,0.0003656131089727061
1,1,0.31422603481167044,0.6842740440058572,0.0014999211824722966
1,1,0.3963083773604423,0.602381506437681,0.0013101162018768484
0,0,0.9526989274783321,0.047032996044441236,0.00026807647722683234
1,1,0.38392433465738673,0.6134543658997166,0.0026212994428967164
1,2,0.0003329236507060669,0.3680358084762998,0.6316312678729942
0,0,0.6641224375389925,0.3354623655685128,0.0004151968924946915
1,1,0.0408521330848844,0.955765282959739,0.003382583955376618
0,1,0.13462051350334112,0.8585642253682142,0.006815261128444692
0,0,0.7478963668961913,0.2519016713645945,0.00020196173921420725
0,0,0.5946857917782972,0.4050045559414693,0.00030965228023359983
0,0,0.8468840674059495,0.15256722275439483,0.0005487098396556277
1,1,0.277398828179325,0.7205261758801033,0.0020749959405716367
0,1,0.4275447690351001,0.5716267802548881,0.000828450710011735
0,0,0.5997042600972848,0.3996554743654244,0.000640265537290754
1,1,0.1112867785234448,0.873336230101486,0.01537699137506907
1,1,0.03653004946271656,0.9327837268066445,0.030686223730639093
0,0,0.5103816276348372,0.4884659799771766,0.0011523923879862416
1,0,0.6073954718322641,0.3922599893664914,0.00034453880124453705
1,1,0.10591856212707446,0.8836298539089702,0.010451583963955296
0,0,0.6292288789686178,0.37024634562151354,0.00052477540986861
0,0,0.7258135013052176,0.27398265161031465,0.00020384708446763284
1,1,0.22900337602338627,0.7662677375600923,0.004728886416521494
0,0,0.9614753715091033,0.03831961938298502,0.00020500910791169672
2,2,0.002318450906921584,0.24376257548393343,0.753918973609145
0,1,0.26573241632934447,0.7256220498031267,0.008645533867528908
1,1,0.258880973591844,0.7397688507146025,0.0013501756935535188
1,1,0.4028422956540837,0.5950426775886721,0.0021150267572442373
1,1,0.09076965046121066,0.9072161987404266,0.0020141507983628946
0,0,0.7550110073076525,0.24334182976443633,0.0016471629279112736
0,1,0.30512314224146375,0.6918378521954908,0.0030390055630454458
1,1,0.14210690442863685,0.8441515005583895,0.013741595012973751
1,1,0.08064067765959602,0.9105036724906167,0.008855649849787392
1,1,0.4228535507383066,0.5754882874237223,0.0016581618379711933
1,0,0.7843501790119031,0.21534925191853296,0.0003005690695639459
1,1,0.42419269108620616,0.5750449666174521,0.0007623422963417571
1,1,0.019032786945050933,0.9731549894199695,0.007812223634979781
1,0,0.8909497387155083,0.10875526135504283,0.0002949999294489087
0,1,0.3048156869791521,0.6946147595593315,0.0005695534615162481
1,1,0.05461045687596746,0.9318160306736739,0.013573512450358595
2,2,1.3140563534295162e-05,0.0723408703335455,0.9276459891029201
0,0,0.6138954178135877,0.38372595539234017,0.002378626794072158
1,1,0.2206483637465739,0.7747388148438379,0.004612821409588152
0,0,0.7109144362860076,0.28858394330594617,0.0005016204080461969
0,0,0.5396446924338916,0.4598286947116812,0.0005266128544272708
1,1,0.017267080270073256,0.9785690740373714,0.004163845692555187
1,1,0.31871453768953023,0.6793491081787459,0.0019363541317238104
1,1,0.12638164015509373,0.8716859503980618,0.0019324094468442718
1,0,0.5109034200514779,0.4882627550424378,0.0008338249060843297
1,1,0.18503683986007236,0.8131033010131897,0.0018598591267379612
1,1,0.164293560620041,0.8343439761242031,0.0013624632557558483
0,0,0.6473602713207619,0.3484910530406445,0.004148675638593655
1,1,0.4033775489426693,0.5955164202403778,0.001106030816952866
0,0,0.7371312756666876,0.2626171954891038,0.00025152884420854443
1,1,0.44161399382717037,0.5576600525538203,0.0007259536190093299
0,0,0.8800468147559598,0.1171434165260909,0.002809768717949166
1,1,0.3428106339859715,0.6563770019985042,0.0008123640155241595
1,1,0.361489725573775,0.6365893745978559,0.001920899828369024
1,1,0.07208609993928852,0.9259258121322281,0.001988087928483303
0,0,0.9000564765404402,0.09987224627369494,7.127718586492484e-05
1,0,0.5268038976782011,0.4724195492529343,0.0007765530688644704
0,0,0.8431938576363859,0.15650140115962052,0.0003047412039936133
1,1,0.1081822080408649,0.8837526570080009,0.00806513495113434
2,2,0.0011090138280292609,0.2001295897173842,0.7987613964545867
1,1,0.45839917093340476,0.5396960076347593,0.0019048214318358409
1,1,0.2283879512626584,0.7671565045294167,0.00445554420792497
0,0,0.9338263324875162,0.0661461895083129,2.7478004170851768e-05
1,0,0.7245742646972461,0.27461973542326057,0.0008059998794933928
0,1,0.2121121235304541,0.7866291605223095,0.0012587159472364153
0,0,0.8381021525171335,0.16173169557537925,0.00016615190748737473
0,0,0.8496860452835461,0.15003575431302207,0.00027820040343197596
1,1,0.22108898175598526,0.7762140673350498,0.002696950908964945
1,1,0.14622504006749862,0.8179296825799335,0.03584527735256803
1,1,0.2062621613560331,0.7925264262677562,0.0012114123762106933
0,1,0.1629574557316707,0.8356680900054806,0.0013744542628488403
1,1,0.1327592434369474,0.8104939080880371,0.05674684847501565
1,0,0.5010976759901681,0.49805227360371057,0.0008500504061213596
1,0,0.6547631173272168,0.34441100938711083,0.0008258732856722802
1,1,0.23835542000274465,0.760782637704561,0.0008619422926944368
1,1,0.056066611714740706,0.9416285660658176,0.0023048222194418095
0,1,0.0729711803344088,0.9237252909626734,0.0033035287029177405
1,1,0.02060736955816664,0.9733518050019432,0.006040825439890192
1,1,0.02302099997975755,0.9332443364054894,0.043734663614753005
1,1,0.18842259325092145,0.8067935337426092,0.00478387300646925
0,1,0.27529023181966905,0.7218495286139792,0.0028602395663516467
0,1,0.3686523881959898,0.6298518593957496,0.0014957524082606917
1,1,0.2136013766686327,0.7816021418432705,0.004796481488096836
1,1,0.3585146288426975,0.6404672726997821,0.0010180984575203864
0,1,0.2532483393695975,0.7453537001152688,0.001397960515133653
2,2,0.008167509435833735,0.38725724739210565,0.6045752431720606
1,1,0.3632980971940994,0.6359917851708847,0.0007101176350158673
0,0,0.8707132842516963,0.12905847826153424,0.00022823748676959092
1,0,0.6209135780651774,0.37733470797206936,0.0017517139627531745
0,1,0.42237817385109117,0.5763666891059511,0.0012551370429577634
1,0,0.5700581111975058,0.4293321686496224,0.0006097201528717594
0,1,0.13276144828049827,0.8655455891855439,0.0016929625339579617
2,2,0.00041946598258258734,0.14345950153445203,0.8561210324829653
1,1,0.11045386250230993,0.8867136786671097,0.002832458830580359
0,0,0.7114500583159034,0.2881884575786227,0.00036148410547395446
0,0,0.6777554458862395,0.3215335547924041,0.0007109993213562961
1,0,0.5672967616925291,0.4323154351821478,0.0003878031253230653
0,1,0.41126650763432737,0.585626354898274,0.0031071374673986712
2,2,6.607656729847977e-06,0.06252933660159979,0.9374640557416704
1,0,0.6185308984846947,0.3627035406283256,0.0187655608869797
2,2,0.0002086266770423522,0.34542410825578124,0.6543672650671765
0,0,0.6258257419116068,0.37357978437668904,0.000594473711704059
1,0,0.7941705309714493,0.20551306322499918,0.0003164058035515021
0,0,0.8445475653805793,0.15504613619564445,0.0004062984237761016
2,2,7.81308285238588e-09,2.2750136454450604e-05,0.9999772420504626
2,2,7.624743166885039e-06,0.015087695326428483,0.9849046799304045
0,0,0.9031608376092993,0.09671852550245501,0.00012063688824570853
0,0,0.595979017926306,0.40018483937379445,0.0038361426998995076
1,0,0.8542079170516512,0.1454596491154493,0.0003324338328992387
1,1,0.43797431806661835,0.5618066370434989,0.00021904488988278424
0,0,0.6190806930588503,0.3807707487837336,0.00014855815741603628
1,1,0.11183720668420703,0.8867366688415002,0.0014261244742929276
0,0,0.8125612089962738,0.18662061251215722,0.0008181784915689543
0,0,0.7327233020653068,0.2655496979757946,0.0017269999588985624
1,1,0.13047865939085873,0.8670174299226131,0.00250391068652806
2,2,0.00015762908782926952,0.2529650791447573,0.7468772917674134
0,0,0.8855243371245323,0.11436692768024441,0.0001087351952233019
2,2,0.0007748315067426282,0.29208694376056915,0.7071382247326883
0,0,0.6797194609699818,0.32004463576558284,0.00023590326443531675
1,1,0.49067224020132433,0.508236381320276,0.0010913784783996617
0,0,0.6472030022539675,0.3523240394312229,0.00047295831480957743
2,2,0.009718975034718613,0.3246138004637848,0.6656672245014966
0,0,0.8421815813189977,0.15730458588405027,0.0005138327969519568
0,1,0.29040629642129706,0.7084889529064665,0.001104750672236489
2,1,0.014822796264929817,0.957968117595709,0.027209086139361044
0,0,0.5750871685041131,0.4232061212507591,0.0017067102451279064
1,1,0.028372822188492818,0.8725189710942047,0.09910820671730229
1,1,0.48269026970373663,0.5099575819504377,0.00735214834582556
1,1,0.03575475900895245,0.8660996653906506,0.09814557560039697
1,0,0.6296224676278991,0.36976480540649204,0.0006127269656088305
0,0,0.6611407116400843,0.3377454203676888,0.001113867992227119
0,0,0.7962245283753601,0.2026058749447537,0.0011695966798860962
0,0,0.8417561770567654,0.1578713454408502,0.00037247750238436
1,1,0.15998677893051363,0.8361108571456706,0.0039023639238158167
0,1,0.1788465391218605,0.8198741109680324,0.0012793499101072256
0,1,0.2623113329678344,0.7360792252627517,0.0016094417694139335
1,1,0.061328576177657926,0.9313395464261897,0.007331877396152312
0,0,0.9152894702468171,0.08459892283388845,0.00011160691929439118
1,1,0.1967000587357819,0.8022258175105641,0.0010741237536540213
0,0,0.9124929008497132,0.08730803301735716,0.00019906613292960297
1,1,0.21713153847607858,0.7789670879952837,0.0039013735286377287
1,1,0.056795433925884806,0.847039034072774,0.09616553200134119
1,2,0.0011048058473399306,0.2016054108957318,0.7972897832569282
0,0,0.9368476201084788,0.0630757787012807,7.660119024062228e-05
1,1,0.12378679473115621,0.8715417930520182,0.004671412216825497
1,1,0.3364036867032271,0.6618939109837659,0.0017024023130068637
1,1,0.05227404785673773,0.9440271054803773,0.003698846662884878
1,1,0.4419598078995413,0.5556666758761388,0.002373516224319814
0,0,0.6992594000858419,0.29343676105938293,0.007303838854775298
1,1,0.1730025289777695,0.8239443120187895,0.003053159003441016
0,1,0.2984722411042998,0.6990842686015037,0.002443490294196452
1,1,0.11423962863700311,0.8831308974341833,0.0026294739288135623
1,1,0.31279796826054584,0.686028708818539,0.0011733229209151793
1,1,0.160686373204868,0.8347089695427341,0.004604657252397766
1,1,0.24384405200209053,0.7534474700455767,0.002708477952332753
1,1,0.09318733506348496,0.8956976564773511,0.01111500845916385
1,1,0.2670503185694958,0.731983297701984,0.0009663837285203365
0,0,0.6512390719498463,0.3485520712089136,0.00020885684123993169
1,0,0.6071748393327053,0.3919380103885012,0.0008871502787934889
1,0,0.5467832885236167,0.4467128619153843,0.0065038495609990215
0,0,0.7526716841207992,0.24722271381564934,0.00010560206355149585
0,1,0.30971397227561076,0.6867657687048547,0.0035202590195343953
0,0,0.5858462046106976,0.4136103344732568,0.0005434609160456635
0,0,0.5095690650555212,0.49008035852974846,0.00035057641473031033
1,1,0.19532615970173903,0.8030576363012011,0.0016162039970600457
0,0,0.8098237250120562,0.18997326215909968,0.0002030128288441879
1,1,0.07400336423811893,0.9239122329931857,0.0020844027686953517
0,0,0.9977892184480129,0.001327493603224653,0.00088328794876234
1,2,0.0004241312638423184,0.30247004074790756,0.6971058279882502
0,0,0.7003629520926019,0.2989568358825849,0.0006802120248130416
0,0,0.9635258457357817,0.03624804174039042,0.00022611252382774
0,0,0.7043488462443251,0.2950066513812856,0.0006445023743892615
1,1,0.04446599822753793,0.8472260283765769,0.10830797339588516
1,0,0.6750511714801853,0.3234895194498469,0.001459309069967782
0,0,0.8291623778782382,0.1707412428620538,9.637925970803885e-05
1,1,0.4314689337334997,0.5679952334898588,0.0005358327766414418
1,0,0.754778848130246,0.24479317394550681,0.00042797792424725757
0,1,0.3643522335691161,0.6343669716069222,0.0012807948239616873
1,1,0.22147917817561816,0.7758523236143323,0.002668498210049438
0,0,0.7240936463344427,0.27532974110139774,0.0005766125641595668
1,1,0.09444892854906797,0.8974612297510771,0.008089841699855011
0,1,0.22022658665971961,0.777654105593607,0.0021193077466733104
1,1,0.11362237491513366,0.8698776746637708,0.01649995042109553
0,0,0.8926446089500883,0.10699535836424975,0.0003600326856620038
1,1,0.33163367561887397,0.6679472447726388,0.00041907960848720603
1,1,0.34453868508004964,0.6526957090598744,0.0027656058600759666
1,1,0.1306743909668984,0.8653628611017901,0.003962747931311468
1,1,0.46914760349061135,0.529223471058039,0.001628925451349729
0,0,0.9984525697749781,0.0012873981716518595,0.0002600320533700339
1,1,0.2743874400433252,0.7222945819326,0.003317978024074838
1,1,0.11270952461010827,0.8251954622321276,0.06209501315776422
0,1,0.39942820158363446,0.5989200248651659,0.0016517735511997061
0,0,0.9996157137349138,0.00032485492300355213,5.9431342082776304e-05
0,0,0.6685866459057824,0.330742295119082,0.0006710589751355249
1,1,0.2852344676231327,0.7122131202399911,0.002552412136876127
0,0,0.8956493793149204,0.1039816538202268,0.000368966864852775
1,1,0.42360109266086177,0.5726993777670712,0.0036995295720670595
1,0,0.7925597431684384,0.20732371389811716,0.00011654293344453966
2,2,1.9778256923292134e-07,0.0187696661209009,0.9812301360965299
1,1,0.2952835790019634,0.7023578217347615,0.002358599263275112
1,1,0.0416423374674481,0.9402317338289458,0.01812592870360615
1,1,0.05236971802551955,0.8333698685321831,0.11426041344229744
0,1,0.350039258652798,0.6481591251963796,0.001801616150822396
0,1,0.4309858625670104,0.5665956460247803,0.002418491408209262
0,0,0.9721759603198674,0.02770057911028915,0.00012346056984331868
1,0,0.5383841121276315,0.46134337401499276,0.00027251385737569377
1,1,0.192269638875481,0.7962569667176735,0.011473394406845434
1,0,0.7228688275588111,0.27695858170335513,0.00017259073783377146
2,2,0.009151412249258554,0.4821179367642774,0.508730650986464
1,0,0.5010555340787941,0.49825616664502936,0.0006882992761766147
1,1,0.14171049152665668,0.855626055877241,0.002663452596102271
0,1,0.40792165259024626,0.5915439587358903,0.0005343886738636424
1,1,0.4679726072621466,0.5317443575687542,0.0002830351690991544
1,1,0.41644927216337757,0.5828530561576191,0.0006976716790034618
1,1,0.23368519687850314,0.762119206069904,0.0041955970515927974
1,1,0.39275968780522513,0.6064124683812279,0.0008278438135469207
0,0,0.7235611883692831,0.2759907737399327,0.00044803789078433495
1,1,0.3978589869680536,0.6006367114825869,0.0015043015493594282
0,1,0.21917287833190385,0.7770035423836333,0.0038235792844627456
1,1,0.2505880569422466,0.7469323013748399,0.0024796416829136227
2,2,7.858469544080151e-06,0.07364183944065246,0.9263503020898035
1,1,0.04041634292484673,0.9473883531415018,0.012195303933651477
1,1,0.0007628319076602003,0.5901293490813749,0.40910781901096477
2,2,9.466499755285975e-05,0.12465862482404813,0.875246710178399
0,0,0.9480178222539849,0.051574120649302196,0.00040805709671269766
0,1,0.4899849568562654,0.5095743452869084,0.00044069785682619846
0,0,0.7144981709121067,0.28521443866244767,0.0002873904254457195
1,1,0.011903199382854047,0.9806883786727398,0.00740842194440612
1,1,0.3226003570773854,0.6754273561913842,0.0019722867312305177
1,1,0.4421663691501987,0.5430711272263252,0.01476250362347618
1,1,0.27681512768445304,0.7216625194687413,0.0015223528468055643
1,1,0.25710245606393395,0.7415681616685115,0.0013293822675545521
0,0,0.8334567667521583,0.1663795677147773,0.00016366553306445826
1,1,0.12809554218420305,0.8706675528760656,0.0012369049397314756
1,1,0.2971206965331043,0.7015737430689699,0.001305560397925729
1,0,0.7581598903463326,0.24093859867930378,0.0009015109743636658
1,1,0.054707411822312195,0.8883575000072786,0.05693508817040911
0,1,0.4477815925231106,0.5515172878202298,0.0007011196566596566
0,0,0.5813538364386882,0.4183119804347143,0.00033418312659751204
1,0,0.5569695840303263,0.4424806122726786,0.0005498036969950605
0,0,0.7758541573803612,0.22362115463763516,0.0005246879820036655
1,1,0.25563706991115553,0.7377652665567778,0.0065976635320668464
1,0,0.8533364599955557,0.14645401725365836,0.00020952275078591824
0,0,0.5471091786691463,0.45158276714244167,0.00130805418841198
1,1,0.028490130704629118,0.9608742557375767,0.010635613557794158
0,1,0.46315938216267527,0.5361168225888555,0.0007237952484691474
1,1,0.026215191542190142,0.9560148893821387,0.017769919075671152
0,0,0.7441599283600913,0.2550275754906859,0.0008124961492227965
0,0,0.9496938928443184,0.05003470507420474,0.00027140208147697937
0,0,0.688370681098049,0.31101446327486193,0.000614855627089037
1,1,0.17327529939647351,0.8253252512311453,0.0013994493723810857
0,0,0.860458027573237,0.13942658913717046,0.00011538328959272165
1,1,0.16358599050623332,0.828571671704985,0.007842337788781585
1,1,0.27587783433469765,0.7182677030129891,0.005854462652313327
0,1,0.21307713575845666,0.7832797342182863,0.0036431300232570227
0,0,0.6882892877804013,0.3113667440440871,0.0003439681755115936
1,1,0.06314502360885228,0.9350622245155626,0.0017927518755851335
1,1,0.05059113627159,0.9460145550046142,0.0033943087237958552
1,0,0.5235352627624325,0.4742245622466468,0.0022401749909208247
1,0,0.6556027356721255,0.3438706424039842,0.0005266219238904612
1,1,0.4123538614835127,0.5862727800377988,0.0013733584786885498
0,0,0.8688802282760498,0.13086829492336677,0.00025147680058335237
0,1,0.1188053972280283,0.8767374622558088,0.004457140516162789
1,0,0.5854144581054653,0.41390588195543293,0.0006796599391016657
1,1,0.1505337497816067,0.8370111795987839,0.012455070619609368
0,1,0.3954490802618672,0.6036597705486828,0.0008911491894499509
0,0,0.6171859603710559,0.38148906268480803,0.0013249769441361344
0,0,0.539409758485784,0.45984240352191363,0.000747837992302415
1,1,0.032289520701610244,0.9599715553527451,0.007738923945644598
1,0,0.6561021654135817,0.34373556850537296,0.0001622660810452288
0,1,0.18681949843197326,0.8108843926264145,0.0022961089416122173
0,0,0.8303939086516374,0.16887278022369864,0.000733311124663798
2,2,0.0017872982520327403,0.10984510233248374,0.8883675994154835
0,0,0.9236502260408475,0.07553252569430463,0.0008172482648479429
1,1,0.46764994866271276,0.5319410715657175,0.0004089797715698191
0,1,0.48010304595205167,0.5191603601322128,0.0007365939157355888
1,1,0.09224162414475111,0.9051757329620291,0.0025826428932195036
1,1,0.2056265264675326,0.7926486775426047,0.0017247959898626566
0,0,0.5963287797323259,0.40342306731807914,0.00024815294959501614
1,0,0.7932529941484616,0.20625386681114352,0.0004931390403949533
0,0,0.5273363014281639,0.47188127778179817,0.0007824207900380171
0,0,0.5644526507450627,0.43507990066099245,0.00046744859394475246
0,0,0.766850080343298,0.23071692306148434,0.002432996595217742
1,1,0.1637237716538419,0.835080595785845,0.001195632560313031
1,0,0.7189943725962638,0.28080517224607776,0.00020045515765853962
0,1,0.45957046340815744,0.5397164552579723,0.000713081333870245
1,1,0.37014129717385996,0.628969026636494,0.0008896761896461015
2,2,2.2876716650553586e-07,0.022492841690015714,0.9775069295428177
1,1,0.2051110315972991,0.7938510808308595,0.0010378875718413125
0,0,0.638664172374514,0.3612193319005614,0.00011649572492451736
1,1,0.0720347272481889,0.9253839659223557,0.0025813068294552673
0,0,0.8756148132875223,0.12431312179920954,7.20649132681283e-05
0,0,0.5526545838842767,0.44675873968556634,0.0005866764301568892
1,1,0.010596225043935979,0.9826427681205935,0.006761006835470423
0,0,0.7247344266302929,0.2748494286523621,0.000416144717345023
1,1,0.2738887197682679,0.7226873550883468,0.003423925143385205
1,1,0.14166887954046314,0.8532621075529259,0.005069012906611107
0,0,0.8524004654208174,0.14752586314216787,7.367143701472964e-05
0,0,0.6543625754763619,0.34506197463413635,0.0005754498895017787
1,1,0.10256435885294969,0.895481868004964,0.0019537731420862705
2,2,0.0004213877175377287,0.3862705117342015,0.6133081005482608
1,1,0.21537248276288817,0.7831399754300434,0.0014875418070683924
1,1,0.2914746959510811,0.7067038338626236,0.0018214701862952806
1,1,0.09312705018054714,0.9043225806912166,0.002550369128236212
0,0,0.8047886135202421,0.19469652915710067,0.0005148573226572465
1,1,0.12023389486702171,0.8770521731021633,0.0027139320308150424
1,0,0.594752609799295,0.40474179728546095,0.0005055929152440594
1,1,0.1430030950470842,0.8542061595040444,0.0027907454488712885
0,0,0.9140897417047577,0.08553580641907613,0.0003744518761660699
0,0,0.7441948949372732,0.2557221261190635,8.297894366340597e-05
1,1,0.17768660441251266,0.7837102922279124,0.03860310335957499
0,0,0.9129888674036288,0.08666800430632367,0.00034312829004737164
1,1,0.16706722985601302,0.832004085241451,0.0009286849025360283
0,0,0.5148787916709566,0.4840766052416769,0.0010446030873665448
1,0,0.536442392317146,0.46317207374266073,0.00038553394019333825
2,2,0.00815266328914606,0.3987253934791604,0.5931219432316934
0,0,0.9233647090890232,0.07605001297485778,0.0005852779361188965
0,0,0.58060921433942,0.41849541352752484,0.0008953721330550864
1,1,0.0430596632139171,0.9529827667851779,0.0039575700009049615
1,1,0.07858056400756794,0.9080317842379294,0.013387651754502666
1,1,0.25873977438463447,0.7405091332650927,0.0007510923502727757
1,1,0.42624033096106495,0.5727050523138375,0.0010546167250973949
1,1,0.28541444597492754,0.712350473063613,0.002235080961459515
0,1,0.47445947604686894,0.5245064525519678,0.001034071401163144
0,0,0.8143150119776593,0.18546653210344594,0.0002184559188945895
0,0,0.5186157053360843,0.4777044184028706,0.0036798762610452565
1,1,0.03085455360898263,0.9634531109085426,0.005692335482474825
0,0,0.9788149135066071,0.02112869311370437,5.639337968843944e-05
1,1,0.22497950631139013,0.7740468360149656,0.0009736576736441837
0,0,0.8574439167853565,0.14231382732953812,0.0002422558851051805
0,0,0.9299932555889187,0.0697247881890832,0.0002819562219982511
1,1,0.024891551014015675,0.9625558880342557,0.01255256095172863
1,1,0.2110959877412157,0.7859417109940338,0.0029623012647505328
2,2,0.0028642019720533166,0.20650351752273297,0.7906322805052137
1,1,0.0808242383988804,0.917416090447985,0.0017596711531346096
0,0,0.8887271065249248,0.11081862593110037,0.00045426754397500133
1,1,0.11373814001594118,0.8809089284169096,0.005352931567149241
0,1,0.37914199010363087,0.6197196899212116,0.0011383199751574954
1,1,0.19283320443427002,0.8033520626340955,0.003814732931634315
1,0,0.7222346766582013,0.27761552657471766,0.00014979676708094648
0,0,0.5516111957707815,0.4478729950521001,0.0005158091771183185
1,0,0.5558027381921318,0.44274416924924537,0.0014530925586227655
1,1,0.38839127332352,0.6106593742720909,0.0009493524043889791
1,1,0.4762434973397079,0.5228273032663575,0.0009291993939344779
1,1,0.28679180872696364,0.7122299718439529,0.000978219429083605
0,1,0.22860459910790676,0.7701677897490498,0.001227611143043563
0,0,0.714110713473093,0.2850404460457245,0.0008488404811825492
0,0,0.6222103542330482,0.3769013839792591,0.0008882617876925777
1,0,0.6072538630988871,0.39131810454354915,0.001428032357563773
1,1,0.1681896844589385,0.826467163134871,0.005343152406190535
1,1,0.44563712733672534,0.5519162958589707,0.002446576804304036
0,1,0.33319184427499693,0.6656064317295618,0.0012017239954412358
0,0,0.8347492166750065,0.16515299228316715,9.779104182633134e-05
0,0,0.64929891482239,0.35041050899193843,0.00029057618567164084
0,0,0.6663767708924506,0.3334760317115463,0.00014719739600310892
0,0,0.9031262045003603,0.09673182141349516,0.0001419740861446792
1,1,0.01842816631438225,0.9783242344983142,0.003247599187303638
0,0,0.6787430020085641,0.32046652939161974,0.0007904685998161927
1,0,0.5009608102168849,0.4963076649071098,0.0027315248760053285
1,0,0.825427783108168,0.1738063411004313,0.0007658757914007876
1,1,0.33666579221540793,0.6626909466499102,0.000643261134681752
1,1,0.12377449650518058,0.8694220624920808,0.006803441002738559
1,1,0.05988534189161637,0.8702061357885942,0.06990852231978946
2,2,0.0009386103159036458,0.19110569173909242,0.8079556979450039
1,1,0.04211238467053584,0.9534784506492617,0.004409164680202335
1,1,0.345442447748039,0.6530585637668358,0.0014989884851251433
0,1,0.15591976659709447,0.8407693588579164,0.0033108745449891806
1,1,0.042484753512246606,0.8560489020873526,0.10146634440040078
1,0,0.7562899974282395,0.24356296955043197,0.00014703302132857744
0,1,0.4167804661372838,0.5819702968759515,0.0012492369867646766
0,0,0.9995957600345882,0.0003382554633793744,6.598450203247441e-05
1,1,0.4099953477846773,0.5893605766866963,0.0006440755286264289
1,0,0.6068253741215345,0.39279107563619214,0.00038355024227330664
2,2,0.003621806336768241,0.4354619271640086,0.5609162664992232
0,0,0.6426760884158302,0.3562816835900929,0.0010422279940769058
0,0,0.608265605985987,0.38878352100204955,0.002950873011963565
1,1,0.17449261375513056,0.8249620725781708,0.0005453136666986534
1,1,0.06704759570100237,0.930394105337368,0.002558298961629615
1,1,0.2705583174462327,0.7269799047963881,0.0024617777573792956
0,0,0.9834886961180848,0.016266494251396955,0.00024480963051831374
0,0,0.5177503385484186,0.4818750035477986,0.0003746579037829248
1,0,0.5951178103591532,0.40315867891140755,0.001723510729439269
0,0,0.6135906769254891,0.3855499140311394,0.0008594090433715267
1,1,0.142855579923248,0.8548450040090436,0.0022994160677082464
1,1,0.49180655629745235,0.5073707746065766,0.000822669095971034
1,1,0.3065611976647513,0.69123178724055,0.0022070150946986457
1,1,0.20699316275292212,0.7870982385089281,0.005908598738149801
1,1,0.13039334222493104,0.8355709673056664,0.034035690469402656
0,0,0.6209236482043279,0.378776196661049,0.00030015513462307747
0,0,0.8026601751338678,0.197246295988334,9.352887779821393e-05
0,0,0.8029918515873955,0.19670319741786554,0.0003049509947389064
0,0,0.5227968517591114,0.47639382348221104,0.0008093247586776227
0,0,0.7522021243037113,0.2476169671000068,0.00018090859628194436
1,1,0.13318228590135392,0.8649869577053014,0.0018307563933445238
0,0,0.7268609451740302,0.27271572950896444,0.0004233253170053899
1,0,0.7915460870686136,0.20761716682589598,0.0008367461054904903
0,0,0.6937606221715125,0.30563059037834445,0.0006087874501429866
1,1,0.31090494366017773,0.6868660597861285,0.0022289965536938677
1,1,0.09481861126840106,0.9029955465212092,0.002185842210389739
0,0,0.5627454749668289,0.43656501290121447,0.0006895121319566002
1,1,0.05109495112474655,0.9464235386618715,0.0024815102133820296
1,1,0.4347568700633588,0.5640994207358537,0.0011437092007874322
1,1,0.02086496057101802,0.9755573190791677,0.003577720349814378
1,0,0.747890763752819,0.25078637284146355,0.0013228634057174872
0,1,0.4284995541331119,0.569769580588303,0.0017308652785851927
1,1,0.16925158661216977,0.8289602987949171,0.0017881145929133041
1,0,0.8108510635513546,0.188957100230061,0.00019183621858425226
1,1,0.1054683624179047,0.8932867977117701,0.0012448398703252899
0,0,0.9071329947597994,0.09268695109286446,0.00018005414733620977
2,2,0.0013769427306332693,0.14281133702670046,0.8558117202426664
2,2,4.178643141086462e-05,0.130465879747707,0.8694923338208821
0,0,0.5324560940114877,0.46726825300913777,0.0002756529793744763
1,0,0.8071533755242446,0.19238410551649754,0.00046251895925791516
1,0,0.6171267786570603,0.38137435384823254,0.0014988674947070534
1,1,0.21961204749979094,0.7783327371068766,0.002055215393332485
1,1,0.3482579926887242,0.6460220080010701,0.005719999310205559
1,1,0.14974217022739394,0.8479813331062789,0.002276496666327186
2,2,1.2359455821742865e-07,5.653470308966133e-05,0.9999433417023521
0,0,0.6206711411534217,0.3762323605782919,0.0030964982682863957
0,0,0.8171596485369378,0.1808566175840295,0.001983733879032759
0,0,0.8650235669611768,0.1345641911124829,0.0004122419263403946
1,1,0.04827740137089402,0.9488793956855152,0.0028432029435907637
1,1,0.018182236813376773,0.9692011933254807,0.012616569861142558
0,1,0.2778297501759364,0.7214561871670073,0.0007140626570562395
1,1,0.15628992404953668,0.8422614286875991,0.0014486472628642366
0,0,0.799774975427084,0.199717749591275,0.0005072749816410767
1,0,0.5450120348519158,0.45368179781827533,0.0013061673298087916
1,1,0.010016155929621871,0.9778965766084543,0.012087267461923689
1,1,0.15790133176030913,0.8397276821660483,0.00237098607364263
0,0,0.8044208788034417,0.19547464853445606,0.00010447266210221249
0,0,0.808031898622243,0.19179809457705563,0.0001700068007014748
1,1,0.1848316500410078,0.8101650868430245,0.005003263115967957
0,1,0.4578904408205363,0.5357406957030023,0.006368863476461335
0,1,0.18770759066050002,0.8067653583325888,0.0055270510069111295
1,1,0.07397908630558898,0.8641904447237647,0.06183046897064627
1,1,0.03853456417171473,0.9584014611436407,0.0030639746846445894
1,0,0.5794186202811944,0.4195638906396262,0.0010174890791794528
0,1,0.29012290644853844,0.7092631029069625,0.0006139906444990858
1,1,0.18188347201802696,0.8117109812461818,0.006405546735791166
0,1,0.2845612677689385,0.7123752112357365,0.0030635209953249203
0,0,0.9266064644059787,0.07327732900281143,0.00011620659121000809
0,0,0.6262656731502624,0.37271356794854804,0.0010207589011894868
1,1,0.4676426602263332,0.5315289101378776,0.0008284296357891854
0,0,0.8668791911764487,0.13288651514359298,0.0002342936799583571
1,0,0.6170193949306272,0.3823782113711171,0.0006023936982556974
1,1,0.30497840439466445,0.6932096401055959,0.0018119554997396495
1,0,0.645009200527926,0.3544584923667297,0.0005323071053442658
1,1,0.1764014741738094,0.5407851704884723,0.28281335533771834
1,1,0.029490144717484432,0.9626912479020399,0.007818607380475679
0,0,0.9497284059747007,0.0498889347319349,0.0003826592933643003
1,1,0.24314171196432913,0.754033334593948,0.0028249534417228925
1,1,0.10234532975268469,0.8918313207170787,0.0058233495302366794
0,1,0.31617361555557544,0.6826157673650569,0.0012106170793676817
1,1,0.0969594086968995,0.8990777310194807,0.003962860283619683
0,1,0.09704724888211354,0.901367305801889,0.0015854453159977275
1,1,0.015513268160989213,0.9771982689001781,0.00728846293883263
1,1,0.10251721558042845,0.8227532574580829,0.07472952696148867
1,1,0.2303423043381693,0.7670976403919473,0.0025600552698834466
2,1,0.01018863188792703,0.8240233631600409,0.16578800495203222
0,1,0.49440618473441467,0.5041364132000169,0.0014574020655684665
1,0,0.5568587102380752,0.44269159860136287,0.0004496911605618235
1,1,0.2401749146996748,0.756350237137128,0.003474848163197187
0,0,0.5370332130186537,0.4613041877864829,0.001662599194863322
1,0,0.7775301960914068,0.22179057034429994,0.0006792335642932438
1,1,0.4702447547908701,0.5285355753357959,0.0012196698733341232
1,0,0.6927299238558015,0.3049343890009974,0.002335687143201233
1,1,0.08364615031677916,0.8871216916216774,0.029232158061543397
1,1,0.05732244509223941,0.912621195495185,0.03005635941257559
1,1,0.15218445130872377,0.8460290848097729,0.001786463881503198
0,0,0.76941677981099,0.2301678918889508,0.00041532830005919187
0,0,0.707757427528654,0.2899975282202686,0.0022450442510774295
1,0,0.545450672751106,0.45315959639903514,0.0013897308498589146
1,0,0.57945757511936,0.42002403680844336,0.0005183880721966442
1,1,0.03711518247616523,0.9601182080450236,0.002766609478811274
0,0,0.5317192051488011,0.4676711572989825,0.0006096375522164398
0,0,0.8357640767997537,0.16416181522629705,7.410797394925568e-05
1,1,0.04693425949627913,0.9499700242098545,0.003095716293866448
1,1,0.1521543784055678,0.8423217668789101,0.005523854715522039
0,1,0.4314456918664662,0.5677118533652211,0.0008424547683127864
1,1,0.17612476811965963,0.8209792758362403,0.0028959560440999974
1,0,0.7361170071445481,0.2633682646749735,0.0005147281804783446
1,0,0.5047417791400309,0.49467740314604625,0.0005808177139227391
0,0,0.9988203057485866,0.0008710967819922153,0.00030859746942113925
1,1,0.22046606606530667,0.7778665856537618,0.0016673482809315629
1,1,0.28326608194044056,0.7155064147129019,0.0012275033466575037
0,0,0.8634047334561434,0.1365233788629275,7.188768092911897e-05
0,1,0.34576120460191617,0.6539474215101502,0.00029137388793363606
1,1,0.05694804056391225,0.9400089485944386,0.003043010841649076
1,1,0.18652226345146428,0.8124932283824691,0.0009845081660665605
1,1,0.09129190456345475,0.9071831127416591,0.0015249826948861467
1,1,0.04524435593700406,0.9475270601165313,0.0072285839464646465
0,0,0.7844858467541016,0.21472095084638163,0.0007932023995168477
1,0,0.8569291804796859,0.1425711588794702,0.0004996606408438667
1,0,0.5065405457758526,0.49283041996895055,0.0006290342551966896
0,0,0.9042656492327286,0.09515518605594385,0.0005791647113276775
1,1,0.014525485437473685,0.9583003266062462,0.02717418795628007
1,1,0.08284241748707664,0.9146288890607943,0.0025286934521288763
1,1,0.3178392624112577,0.6798282278480656,0.00233250974067668
1,1,0.03221143771539952,0.9649149636001366,0.0028735986844638465
1,1,0.16210532664529032,0.8330153662275734,0.004879307127136265
1,1,0.07638719345075418,0.8652914575569315,0.05832134899231442
0,0,0.9567531879933134,0.04319821361907432,4.8598387612245094e-05
1,0,0.5401837064722425,0.4593353888708325,0.00048090465692509206
1,1,0.4725589358236544,0.5266717640259322,0.0007693001504133025
1,1,0.08419525561573382,0.8968042603897716,0.019000483994494537
1,1,0.4078494252433767,0.5915212048512111,0.0006293699054122826
2,1,0.008023867410406924,0.7229548851648291,0.26902124742476413
1,1,0.36744129924804675,0.6315608176730245,0.0009978830789286511
1,1,0.37761323786552464,0.6213015731334991,0.0010851890009762652
0,0,0.7768436873957711,0.2230003687914816,0.0001559438127471873
1,1,0.42907648078821026,0.5698524173159993,0.0010711018957903654
0,0,0.5386347502238636,0.46044008715972673,0.0009251626164095882
1,1,0.09979333009669064,0.8813274048073201,0.018879265095989282
0,1,0.13964148114969369,0.856883149109699,0.0034753697406075053
2,2,0.0008860650145244076,0.16466938496120823,0.8344445500242674
1,1,0.08728191868639121,0.9075444015836253,0.005173679729983556
1,0,0.7015528697837111,0.2977080602678197,0.0007390699484690284
0,0,0.866440029399525,0.1332315431319517,0.0003284274685233657
0,0,0.509898681095802,0.48990940120815013,0.00019191769604784387
1,0,0.5920964661811925,0.40486933106695644,0.0030342027518509775
2,2,5.070387135155722e-07,0.005233172379712877,0.9947663205815737
1,1,0.1374626203467321,0.8574606543809922,0.005076725272275586
1,1,0.3193436949917807,0.6796412957567312,0.0010150092514880987
0,0,0.9985902224368212,0.0009028528119647264,0.0005069247512140109
1,1,0.4174051570940122,0.5819540806004,0.0006407623055879777
0,0,0.5768485644639606,0.4225385055658712,0.0006129299701681597
2,2,0.0007573134836945905,0.2184071997259935,0.7808354867903119
0,1,0.3588813857543592,0.6394115032659903,0.0017071109796505542
0,0,0.9721657438429032,0.02751853730554047,0.0003157188515561953
1,1,0.025084677510886715,0.9702819864980845,0.004633335991028755
1,1,0.028712168880795995,0.963110620902533,0.008177210216670977
0,1,0.28764238261759134,0.7053511438354962,0.007006473546912515
0,0,0.6074059560691012,0.3922656263980817,0.00032841753281699166
1,0,0.5985649318789452,0.40067227696553814,0.0007627911555166468
2,2,5.591797040228669e-07,0.009968857580831722,0.9900305832394644
0,1,0.47461178582898944,0.5250403138248761,0.0003479003461343835
2,2,0.00010646116412355772,0.1159732858535216,0.8839202529823549
0,0,0.6925031554219577,0.3073487626461214,0.00014808193192098235
2,2,9.90818921603615e-06,0.00793607306333439,0.9920540187474495
1,1,0.07421198839772578,0.9239305251765456,0.0018574864257286095
1,1,0.2948630515255777,0.7035489450550902,0.0015880034193320233
1,1,0.09633335232474861,0.8977277962685991,0.0059388514066524
0,1,0.4412168613563728,0.557530156095777,0.0012529825478502245
0,0,0.582735991597848,0.4170150400237141,0.0002489683784379638
1,1,0.2691317835816611,0.7247511342099874,0.0061170822083516
1,0,0.7089741366371815,0.2908546732548302,0.00017119010798830552
0,0,0.9209180444612227,0.07897078424980669,0.00011117128897047371
0,0,0.5218715178748197,0.4776128497966159,0.0005156323285645361
1,1,0.1021717685815653,0.8196292073758743,0.07819902404256052
1,1,0.06757335990949714,0.889117461243178,0.04330917884732475
1,0,0.8345391029019611,0.1650819263422557,0.00037897075578326617
1,1,0.2649568993669742,0.7344919413211991,0.0005511593118267794
1,0,0.6162191438804573,0.38355847535111787,0.00022238076842486835
1,1,0.044901457083072034,0.8777028219693858,0.07739572094754218
1,1,0.0008410933816958869,0.5458755936106591,0.45328331300764513
1,0,0.6824557697230138,0.31744285635216507,0.00010137392482108951
1,1,0.20538031818719887,0.7883124287694097,0.006307253043391569
1,1,0.15307362947015185,0.8053507984418009,0.04157557208804715
1,1,0.1610742774191004,0.8332369313843491,0.005688791196550374
1,1,0.20990111765649344,0.7876877332600497,0.0024111490834568326
0,0,0.6249486130202486,0.37432323843962234,0.000728148540129055
1,1,0.4128652848224263,0.5867210045534861,0.0004137106240875232
1,1,0.37395014281622935,0.6240812443577685,0.001968612826002121
1,1,0.04569512415715078,0.9471008143875509,0.007204061455298472
1,1,0.47308493893069,0.5259667867371833,0.0009482743321266788
0,1,0.4119271153301697,0.5865509150474432,0.001521969622387093
1,1,0.1861480720381363,0.8128637705726851,0.0009881573891786205
1,0,0.5741746364804329,0.42527422172333246,0.0005511417962346809
0,0,0.9631294140662399,0.03634179493661365,0.0005287909971464457
1,0,0.5776129907879557,0.4201779369363145,0.0022090722757297275
0,0,0.7514236249103317,0.24840920061653263,0.0001671744731357787
0,1,0.26068060773548424,0.7379417554554859,0.0013776368090297735
0,0,0.6959485207618792,0.30347215614871254,0.0005793230894083413
1,1,0.1165905322036975,0.8813080435151813,0.0021014242811211933
0,0,0.962824225757279,0.03693136121916395,0.0002444130235572208
0,0,0.6518893213938696,0.34784545520121085,0.00026522340491949407
2,2,2.1243669452059376e-05,0.06807451834496864,0.9319042379855794
1,1,0.030013553074531598,0.9332808726047382,0.03670557432073004
0,0,0.9290881699544462,0.07071417664041675,0.00019765340513700118
1,1,0.4053419616070839,0.5940168455866413,0.0006411928062747799
0,0,0.8918360450556942,0.10795294332797867,0.0002110116163271913
1,1,0.3399762474747187,0.6475539836730937,0.012469768852187505
0,0,0.8437200898560616,0.15612686084237265,0.00015304930156558638
1,0,0.7775563682487772,0.22215584472912006,0.0002877870221026704
0,0,0.8933286820615438,0.10644663228245123,0.00022468565600485723
2,2,0.0023842824341688087,0.23054913838635677,0.7670665791794744
1,1,0.36807549399828404,0.6289141925473859,0.0030103134543301535
0,1,0.48970826042047805,0.5093347330634004,0.000957006516121546
1,0,0.8279834714576741,0.17191338992069596,0.00010313862162976923
1,1,0.02213755175845318,0.8361372033817965,0.14172524485975033
1,1,0.26802889797074725,0.72971697296477,0.0022541290644826806
1,1,0.19656000482925418,0.7992677070667158,0.0041722881040299874
0,0,0.7768781637621871,0.22268566096376521,0.00043617527404777885
0,0,0.9512203218019224,0.04870631513358619,7.336306449128343e-05
1,1,0.047744852602415996,0.9495343172217189,0.0027208301758650704
1,0,0.7675569064246536,0.2322395677845963,0.00020352579075010868
0,1,0.35845334775307697,0.6382904949989292,0.0032561572479938273
0,1,0.4005076079200303,0.5980630324382319,0.0014293596417378012
1,1,0.3893015523743393,0.6099288444526765,0.0007696031729842302
2,2,0.01731936175569844,0.4540627846797607,0.5286178535645408
1,0,0.5782011379148041,0.42142222316042616,0.0003766389247696352
0,0,0.8458345735509458,0.15385991131044482,0.00030551513860945396
0,0,0.9766250040654758,0.023171476437450465,0.00020351949707360118
1,1,0.2417847316147551,0.7571334009381552,0.001081867447089714
2,2,2.488972452660412e-05,0.04536678556736237,0.954608324708111
1,1,0.4129914729941535,0.5858728635682849,0.0011356634375614186
1,1,0.4730465629497318,0.5254989739292527,0.0014544631210155058
1,1,0.4363685396690098,0.5631207603211453,0.0005107000098449232
0,1,0.46631408812677644,0.5302877339993316,0.003398177873891898
1,1,0.06370961656485598,0.8740473590869833,0.062243024348160654
1,1,0.19497612678076656,0.803815344459894,0.0012085287593394144
1,1,0.016554070236544503,0.9792964712300972,0.004149458533358178
0,0,0.6676872877163181,0.33215325126811135,0.0001594610155704169
0,0,0.8451157951733267,0.1547325513685514,0.00015165345812178434
0,1,0.2982938992003313,0.700117778471597,0.001588322328071671
1,1,0.3879311456180864,0.6108227611936682,0.001246093188245447
1,1,0.2363093007633497,0.759478230114425,0.004212469122225362
0,0,0.6239704983413094,0.3747966035675436,0.0012328980911471537
1,1,0.03131287233925501,0.8855957765845535,0.08309135107619144
2,2,6.490288287237038e-07,0.018491449986270662,0.9815079009849007
0,0,0.5494908427382514,0.4499006631427211,0.0006084941190273986
1,1,0.1558336749869918,0.8429373131811135,0.0012290118318946735
0,0,0.8834981964245879,0.11644548277507132,5.632080034066138e-05
2,2,2.1942291564202218e-07,0.000244573711697645,0.9997552068653867
0,0,0.5155428843569437,0.4838722183219416,0.0005848973211146813
1,0,0.7430011332842275,0.2556004865923194,0.0013983801234531163
0,1,0.476882478377341,0.5215847128765645,0.0015328087460945244
1,1,0.022366305250733208,0.9689849154114798,0.00864877933778702
1,1,0.4813715675482682,0.5171791168901125,0.001449315561619203
0,1,0.481308595287111,0.5174761329019141,0.0012152718109748489
0,0,0.8445572086615876,0.1553289496994687,0.00011384163894366081
0,0,0.7506327825215414,0.24923737898072695,0.00012983849773171206
0,0,0.9005263759661714,0.09930274700918937,0.00017087702463938715
1,1,0.42278421965434887,0.5757431943193765,0.0014725860262745619
1,0,0.5961020615603472,0.4036197813926386,0.0002781570470141684
0,0,0.8246002465959267,0.17519228838861395,0.00020746501545940803
1,1,0.12491881666525109,0.8628600212427805,0.012221162091968454
1,1,0.11795155309999739,0.880275628435462,0.0017728184645405673
1,0,0.5906636547639704,0.4084954828442053,0.0008408623918241836
0,0,0.9353403073397896,0.06420004486975593,0.0004596477904545
0,0,0.7588458345150834,0.24062846994223594,0.0005256955426806587
0,0,0.6700673594218223,0.32959883437822746,0.0003338061999502727
0,0,0.7522586509350684,0.2443666411101309,0.003374707954800558
1,1,0.038084134243162975,0.9487160754830873,0.01319979027374958
1,0,0.6474721373594735,0.35095772127807645,0.0015701413624500753
1,0,0.7736996664500618,0.22607991527308458,0.000220418276853597
1,1,0.2637504257157984,0.7346430769823725,0.001606497301829225
0,0,0.9476961410773327,0.052253796184175465,5.006273849182811e-05
1,0,0.5749130280837879,0.42409257631348257,0.0009943956027297037
1,1,0.056182947444973486,0.9372820991725543,0.006534953382472309
1,1,0.021905152100433336,0.9657989874088603,0.012295860490706353
0,0,0.7774514594943251,0.22226763008253392,0.0002809104231409344
0,0,0.9430045989777338,0.05680552355290682,0.0001898774693592475
0,0,0.5300422228753446,0.46904436254751447,0.0009134145771409355
0,0,0.9343043440739391,0.06466183762806176,0.0010338182979989796
1,1,0.19660319965638984,0.8004361872450676,0.0029606130985426514
0,0,0.5607786709358245,0.43855198751121705,0.0006693415529585893
1,1,0.052694541594531144,0.8804073254743685,0.06689813293110053
1,1,0.4420775765097251,0.5571959496920879,0.0007264737981868766
1,1,0.08655653412713232,0.9016450517004828,0.01179841417238486
1,1,0.4071236895392284,0.5905421415175144,0.0023341689432572065
1,1,0.21222574813942652,0.7846277760415669,0.003146475819006505
1,0,0.6895393454397988,0.31020076543619646,0.00025988912400470447
1,2,9.935972522589305e-05,0.11033287094744236,0.8895677693273318
0,1,0.16089954599914374,0.8335086598926762,0.005591794108179915
1,0,0.8103537564212854,0.18944649508409966,0.00019974849461496997
1,1,0.023572413888727724,0.9692040282775765,0.007223557833695831
0,0,0.8121536103446124,0.18755049234858281,0.0002958973068048173
1,1,0.236923209937824,0.7536733291346491,0.009403460927526815
0,0,0.8072056838697864,0.1893072424364934,0.0034870736937201293
1,1,0.08259308710319306,0.9046793220675647,0.012727590829242144
0,0,0.8033394485008502,0.19600494373640862,0.0006556077627411906
1,0,0.5400705198053478,0.4583632349820627,0.001566245212589483
1,1,0.08080149190117537,0.91666301081066,0.002535497288164492
1,0,0.6077172904703688,0.3919047684543843,0.00037794107524689017
1,1,0.03970374813805935,0.9566847554185028,0.0036114964434378147
0,0,0.6196236794174586,0.37868949157752735,0.0016868290050140427
1,1,0.155758350488454,0.8358599190378972,0.008381730473648655
1,0,0.6121967300158004,0.3873670735091449,0.00043619647505450005
0,1,0.41880464853499655,0.5798241598441738,0.0013711916208296127
1,1,0.2621758540112263,0.7354960890813593,0.0023280569074142963
2,1,0.00664149820639966,0.6633434261414101,0.3300150756521903
0,0,0.7953217070742423,0.2044913078325829,0.00018698509317480386
0,0,0.8558489960159597,0.1430433154889682,0.0011076884950720661
1,1,0.017215396648949607,0.9644445706682098,0.01834003268284065
0,1,0.25261974676840754,0.7432564514670394,0.004123801764552894
0,0,0.987619288060342,0.012369457532892286,1.1254406765691445e-05
0,1,0.39269568461179966,0.6055674317289961,0.001736883659204228
0,1,0.46895431983466956,0.5296935346823859,0.001352145482944584
1,0,0.547683234545735,0.45207936669580406,0.00023739875846096655
0,0,0.9491815857113917,0.050780224330173526,3.818995843484608e-05
1,1,0.30408767040287177,0.6939986586802733,0.0019136709168549744
1,1,0.03777265377228552,0.9563503849275506,0.005876961300163891
1,1,0.14909416994250668,0.8499234778544523,0.0009823522030408963
1,1,0.04439610264740078,0.9531045641724447,0.002499333180154555
1,1,0.24487826141078126,0.7510690354623666,0.004052703126852141
1,1,0.13815806614237847,0.8606040306751572,0.0012379031824642033
0,1,0.49761837974008055,0.4982212990272151,0.004160321232704327
0,0,0.6194065902048392,0.38019225661600736,0.0004011531791534091
0,0,0.6695767492771262,0.33017924371420176,0.00024400700867201793
0,0,0.8432977337927422,0.15600220369946272,0.0007000625077949883
2,2,7.895032113458338e-05,0.16274157664042618,0.8371794730384392
0,0,0.726423045469084,0.2734769268539172,0.00010002767699880474
0,0,0.8869441524891091,0.11295806164056972,9.778587032120162e-05
2,2,0.0016035318472227078,0.1151239482366927,0.8832725199160845
0,0,0.7265044088826142,0.27342442345355855,7.11676638270904e-05
0,0,0.931450864316073,0.0681287683766538,0.00042036730727301156
0,1,0.0513357852208269,0.9457236174089175,0.002940597370255582
0,0,0.85223616751686,0.14756868529671027,0.00019514718642961259
1,1,0.19008312795732243,0.8086881342369405,0.0012287378057369712
0,1,0.42771027807150985,0.5706041812518138,0.0016855406766762904
1,1,0.09156095066664975,0.899476456638683,0.008962592694667273
1,0,0.8222460968397228,0.1774929218185542,0.000260981341723081
1,1,0.39140896985012447,0.6073447940622525,0.0012462360876230392
0,0,0.6463478363007695,0.35353355471135317,0.00011860898787734027
0,0,0.9477303283029826,0.052040939436431295,0.00022873226058603335
1,1,0.1946386935820792,0.8013550987435291,0.0040062076743915525
1,1,0.04484131416372112,0.9398047581391532,0.015353927697125654
1,1,0.3139104547979205,0.6828231017331202,0.0032664434689592707
2,2,0.001250744002237731,0.3150514538533109,0.6836978021444513
1,1,0.10921686938043736,0.885611120623349,0.005172009996213568
0,0,0.79215378044783,0.2076004407669829,0.0002457787851870977
0,0,0.8447090194313235,0.1550338861146599,0.00025709445401666706
0,1,0.38110340268747084,0.6170314519484421,0.0018651453640870222
1,1,0.05556128407060881,0.9137814297299918,0.030657286199399433
0,1,0.2652823892121583,0.7335543144571168,0.001163296330724774
0,0,0.5931915762121046,0.40574649989350603,0.0010619238943894425
1,1,0.09142201680356817,0.906491050500844,0.0020869326955878596
0,0,0.9152559313189678,0.08440171624225687,0.0003423524387753247
1,1,0.10840952712734349,0.8888337119029613,0.0027567609696952243
0,0,0.8270577567889118,0.1727031432314694,0.0002390999796187722
1,1,0.01112053891537067,0.7349073121952395,0.25397214888938974
1,1,0.025773111184533747,0.9632977230917159,0.010929165723750267
2,2,3.6224416697347383e-08,7.768638650876616e-05,0.9999222773890745
0,0,0.9438387798110289,0.055786862574317336,0.00037435761465384894
0,0,0.8670539565911329,0.1326676502680417,0.0002783931408255401
1,1,0.07074019618462112,0.9248527923541423,0.004407011461236506
1,1,0.05579056791776887,0.9414896559099364,0.002719776172294686
0,1,0.38976349802357996,0.6092804917409113,0.0009560102355087472
0,0,0.7158441592287081,0.28398449393942404,0.00017134683186789194
2,2,8.111255852897158e-06,0.06185222544690085,0.9381396632972462
2,2,2.1681745129316855e-05,0.06684282419986025,0.9331354940550105
1,1,0.016143650615219943,0.9631681499305402,0.02068819945423984
2,2,3.186142475630637e-05,0.10298704234553135,0.8969810962297124
0,0,0.5647523890339062,0.4343573129923029,0.0008902979737909044
0,1,0.4699774506251443,0.5285284227769173,0.0014941265979384166
1,0,0.6822747751278244,0.3162894392318538,0.0014357856403218168
0,0,0.7332008229527878,0.26484074944059405,0.0019584276066183072
1,1,0.06424677681232256,0.9332354262755707,0.002517796912106671
0,0,0.6130080617146473,0.38680831759776346,0.00018362068758915963
1,1,0.19986567552912946,0.7976016727497203,0.002532651721150259
1,0,0.7456175427891493,0.25418439602534487,0.00019806118550577204
1,1,0.31334693116670537,0.6852469192617362,0.001406149571558415
0,0,0.9432291137267567,0.05670677121855504,6.411505468827064e-05
1,1,0.3603876094831499,0.6383621675756137,0.0012502229412363413
1,1,0.2970976916269335,0.7023851899800752,0.0005171183929913474
0,0,0.9001294385470915,0.09965026090461518,0.0002203005482933464
1,1,0.10805191172837991,0.8905106808746157,0.0014374073970043057
1,1,0.4924897589974946,0.5066766774440942,0.0008335635584112333
1,1,0.3411417192955755,0.6557942776948403,0.003064003009584056
2,2,0.003831508501270635,0.20182778178724411,0.7943407097114852
0,1,0.14411433806792268,0.854020688280705,0.0018649736513721715
0,1,0.41957849878943576,0.579718102948385,0.0007033982621792776
0,0,0.9918136286332123,0.008155551448796875,3.081991799070556e-05
1,1,0.14117719901525255,0.7956053938412481,0.06321740714349942
2,2,6.882580807983026e-06,0.00040875015499351817,0.9995843672641984
1,1,0.10897182674185757,0.8796069371664637,0.011421236091678848
0,1,0.4588547989570656,0.5335639662225861,0.0075812348203483666
1,1,0.043409683979377,0.9551948483771096,0.0013954676435135136
1,0,0.5708307368004111,0.4288248371551003,0.0003444260444886653
1,1,0.24436786856650844,0.754907426980595,0.0007247044528965226
1,0,0.919643810023985,0.08031744946612666,3.8740509888223533e-05
1,1,0.07065521621411452,0.8593615963371242,0.06998318744876128
0,0,0.8721803015039012,0.1277240275550555,9.567094104334775e-05
1,2,0.0012555979054854449,0.20552972682053508,0.7932146752739795
1,1,0.23789339995364364,0.7611215302662496,0.0009850697801067217
1,1,0.04983280840506182,0.9462303880150944,0.003936803579843845
2,2,2.7253563747436504e-05,0.034395214768644405,0.9655775316676082
1,0,0.5650864726624973,0.4345735347202923,0.0003399926172103485
0,0,0.7917973289271582,0.2080985221869387,0.00010414888590322427
0,1,0.18558147869323444,0.777834590920074,0.03658393038669169
1,1,0.10888694680726382,0.8885999760531333,0.002513077139602715
1,0,0.7778036319945898,0.22187351058797808,0.0003228574174322088
0,0,0.8684853876697278,0.13032413513949836,0.0011904771907738682
1,1,0.08098391765539624,0.9092222347138356,0.009793847630768258
0,1,0.3082499396849173,0.6861883356493115,0.005561724665771262
1,0,0.7824904215619415,0.21726950805679007,0.00024007038126851155
1,1,0.07465618815014131,0.9226249870807309,0.002718824769127825
2,2,0.00010821933125782568,0.09361380480602004,0.9062779758627221
1,1,0.02976162761139272,0.9639140333211974,0.006324339067409937
0,1,0.3668498482981236,0.6323177104623224,0.0008324412395539138
1,1,0.08444679161096807,0.8712853689968475,0.0442678393921845
1,1,0.35991881185698166,0.6390417890673242,0.0010393990756941043
1,0,0.8047399997295965,0.19501110748859105,0.0002488927818123718
1,1,0.08461651478494897,0.9106752153650445,0.004708269850006543
1,1,0.058187337919231016,0.939380221177925,0.0024324409028440995
1,1,0.01910465172546129,0.9702110741377379,0.010684274136800754
0,0,0.824974829746092,0.17488594360346102,0.00013922665044694497
0,0,0.9291736550895433,0.0703891604165239,0.00043718449393297684
0,0,0.5265858767406957,0.4730315788767,0.00038254438260424057
1,1,0.1184441865820286,0.8758141740099893,0.005741639407982197
0,1,0.39215903179181943,0.6074265682345474,0.00041439997363307876
1,1,0.19892114276300016,0.795129513628028,0.005949343608971929
1,1,0.4789351418541354,0.5205190336040065,0.000545824541858056
2,2,0.0037416085316046245,0.3091272744472339,0.6871311170211614
1,1,0.16458309851749028,0.8330817860884173,0.0023351153940923235
1,1,0.012284720048693142,0.979207263484482,0.00850801646682478
0,0,0.7332945315907029,0.26645607040195823,0.00024939800733887225
1,1,0.4306204343767579,0.5619857861692348,0.00739377945400736
0,0,0.7176409521042715,0.2814482051503271,0.0009108427454015093
0,0,0.5457234134822052,0.4540871641464137,0.00018942237138117827
0,1,0.40702811465548316,0.5911705529113347,0.0018013324331819923
1,1,0.12334127364645585,0.8742588233993814,0.002399902954162848
0,0,0.8909712850147614,0.10897971853357218,4.899645166633964e-05
1,1,0.3199469685046105,0.6732221389329852,0.0068308925624042975
0,0,0.558092014948254,0.44025349001733516,0.001654495034410832
1,1,0.18879822502515128,0.8093529775501883,0.0018487974246604551
0,1,0.16899185388475257,0.8295929744194804,0.0014151716957670325
0,0,0.6160186330369882,0.3828394039869803,0.001141962976031393
2,2,0.0001056466043609692,0.15175540291104314,0.848138950484596
1,1,0.3691220018988552,0.6299092350327198,0.000968763068425192
1,0,0.6755941369282501,0.3241652259704879,0.00024063710126195358
0,1,0.15546404969817199,0.8382306335169474,0.00630531678488075
1,1,0.04360270107433345,0.9549353703612179,0.0014619285644486895
2,2,2.8436393010805777e-05,0.08836062801807254,0.9116109355889166
0,0,0.8360824757284555,0.1637413892942936,0.00017613497725091514
1,1,0.21827037500968657,0.7810418677319921,0.0006877572583213072
0,1,0.1822916044137769,0.8114213257750146,0.0062870698112083906
0,0,0.5583095174783567,0.440069408467593,0.0016210740540502852
2,2,0.0047199669862262915,0.3195039542326633,0.6757760787811103
2,2,0.00024076565178691802,0.06432509744937702,0.9354341368988359
1,1,0.06207730309635644,0.93410120738342,0.0038214895202236384
0,0,0.7073165340694891,0.29151387922786653,0.0011695867026442995
1,1,0.16301087554198365,0.640873772097331,0.19611535236068528
0,0,0.5716859414165887,0.4278876244970774,0.00042643408633389094
1,1,0.3842017032060942,0.6125336042607167,0.0032646925331891474
1,1,0.43534189004782115,0.5587313601514624,0.005926749800716347
1,1,0.020382117597401574,0.9728981790084902,0.006719703394108353
1,1,0.14802140549022438,0.8494391563888332,0.0025394381209425244
1,1,0.1491390494191647,0.8137772707931039,0.03708367978773134
1,0,0.6182746963733837,0.38033666534122834,0.0013886382853878845
0,0,0.5881759905544369,0.4113520238041964,0.00047198564136677085
1,1,0.20353037429334997,0.7954465158892693,0.0010231098173808077
0,0,0.7573925140806531,0.24211297634873263,0.0004945095706142967
1,1,0.21522285409756642,0.783326569433242,0.0014505764691916656
1,0,0.6149288700163968,0.3844184368803807,0.0006526931032223911
1,1,0.058409428691117635,0.9386390710971547,0.0029515002117275107
1,1,0.005192080943774152,0.7715815810725982,0.2232263379836275
1,1,0.4212492806533174,0.578247027918422,0.000503691428260517
1,1,0.2990862120261775,0.6963709393723436,0.0045428486014789235
0,1,0.06923516425646742,0.92846304060374,0.0023017951397924807
1,1,0.22235727954014856,0.7770403693025623,0.0006023511572892774
1,1,0.06918364799556104,0.8498608514584061,0.08095550054603297
0,1,0.3179093614774146,0.6804324723884003,0.001658166134184966
0,0,0.8385261170294334,0.16093139566506,0.0005424873055066931
0,0,0.7405069896028971,0.25915264109158115,0.000340369305521912
1,0,0.515863266927226,0.4833916664713319,0.0007450666014421099
0,0,0.6424380680227365,0.3570451349949729,0.0005167969822905274
1,1,0.3456996900224146,0.6526402677758869,0.0016600422016985585
1,1,0.3493735112606815,0.6484675888816709,0.002158899857647727
1,1,0.10265547493820701,0.8956365942583835,0.0017079308034094582
0,0,0.7405262973154573,0.2589154931096908,0.0005582095748519573
1,1,0.30841099005521977,0.6891546416129555,0.0024343683318247223
2,2,2.0082022136395658e-05,0.04805328174059714,0.9519266362372664
0,0,0.5936521956926548,0.40571614361615227,0.0006316606911928816
1,1,0.36922609402430445,0.6291762484150208,0.0015976575606747934
1,1,0.39345854559205384,0.6051629885863103,0.0013784658216359023
0,0,0.8158791829319325,0.18383359105615016,0.0002872260119173027
0,0,0.6816301204471699,0.31742327214167754,0.0009466074111526248
1,1,0.19340324452055935,0.8044895089175127,0.0021072465619279075
1,1,0.043470393122711296,0.878692596912253,0.07783700996503573
0,1,0.21754042006849433,0.7807692382135785,0.001690341717927121
0,0,0.8368593163152133,0.16302143828234386,0.0001192454024429829
1,1,0.012503576590651632,0.9815762909520138,0.005920132457334545
1,0,0.6502493672650591,0.34852873261339445,0.0012219001215466143
0,0,0.6793754609142539,0.32025359197960407,0.00037094710614196723
0,0,0.63290780206064,0.366692599159469,0.00039959877989099047
0,0,0.667284094898072,0.3325717825511577,0.00014412255077027772
1,0,0.5100744641388641,0.4877943848725026,0.002131150988633215
0,0,0.6913595438813028,0.30803964557172825,0.000600810546968927
1,1,0.1687393653885435,0.8276441374359953,0.003616497175461068
0,0,0.5313548313375018,0.46703888380730696,0.001606284855191204
1,1,0.0549529754484296,0.9423273595048061,0.002719665046764461
0,0,0.6293237642426898,0.36981207690924567,0.0008641588480644754
1,1,0.2536903762408903,0.7453407865350207,0.0009688372240890229
0,0,0.7171096487285468,0.28208947388616196,0.0008008773852912448
1,1,0.10893172645740189,0.8856683511684479,0.00539992237415037
1,0,0.7735424815932163,0.22624996770121147,0.00020755070557237267
1,1,0.10846684544358677,0.887980877399585,0.0035522771568283237
1,1,0.16761042980433558,0.830362461840615,0.002027108355049344
0,0,0.8264321687607274,0.17253312864775117,0.0010347025915213332
1,1,0.20739530993313332,0.789548202160704,0.003056487906162804
0,1,0.4644913657816709,0.5337067894170279,0.0018018448013011317
1,1,0.0955885618728289,0.8984625674159891,0.005948870711182117
1,1,0.06225195400923072,0.9348082956262956,0.002939750364473469
0,1,0.3782283163241126,0.6205066676317462,0.0012650160441411344
1,1,0.49665250332003025,0.5023313322209018,0.0010161644590678757
1,1,0.041857207474817956,0.9547807178523987,0.0033620746727831964
1,1,0.03859531265165513,0.95699134304055,0.004413344307794811
0,0,0.6696632102767386,0.32530892324058963,0.005027866482671833
0,1,0.21137702876061176,0.7865874305288273,0.0020355407105608456
1,1,0.14791841033896055,0.8481141049547648,0.0039674847062747655
2,2,4.7778617598556886e-05,0.2030836762131987,0.7968685451692027
1,0,0.654456006712239,0.3451552395245106,0.00038875376325027926
1,0,0.7947921872463904,0.20510076240297645,0.0001070503506331353
0,0,0.942692533324416,0.05724530584380513,6.216083177862065e-05
0,0,0.9311639873424195,0.06851252040189529,0.0003234922556853136
2,2,8.372330648417409e-06,0.010560252692486328,0.9894313749768652
0,0,0.5236875775672835,0.4759457066354968,0.0003667157972199214
2,1,0.02062259158950231,0.6411349896123796,0.338242418798118
0,0,0.6603101460094907,0.3393775043716805,0.00031234961882875263
0,1,0.17787351371688498,0.8194996720447231,0.0026268142383918595
0,0,0.8273274813718401,0.17091306577296694,0.0017594528551929493
0,0,0.7662976205328881,0.2335904379838202,0.00011194148329167272
1,1,0.22740512282396477,0.7712969290022106,0.0012979481738246866
0,1,0.27768846685571136,0.7200597226574339,0.0022518104868547314
1,1,0.04641019310107192,0.949369688182656,0.00422011871627211
1,1,0.056592846993498064,0.9380286725753505,0.005378480431151542
0,1,0.39865166066498153,0.6000818579564121,0.0012664813786062796
0,0,0.8384193003529107,0.16144499905993137,0.00013570058715785317
1,1,0.45666601831031844,0.5421101016141894,0.0012238800754922087
1,1,0.3888788490159418,0.6097062252634733,0.0014149257205848913
1,1,0.10725622126507621,0.8911858935158543,0.0015578852190695277
0,0,0.8268101625988866,0.17308312527883804,0.00010671212227537715
0,0,0.8606349349542136,0.138935566072769,0.000429498973017355
1,1,0.2271176879058731,0.7708997410333334,0.0019825710607935206
0,1,0.35218383833793676,0.6465577416791926,0.0012584199828706733
0,0,0.6347757387211569,0.3648959977851471,0.00032826349369611147
2,2,0.00017072553046572128,0.20408946478572876,0.7957398096838055
1,1,0.24086884041237652,0.756558517875523,0.0025726417121005375
1,1,0.2431026989421436,0.7499750191391665,0.006922281918689803
0,0,0.8002711770333952,0.19935603646337544,0.00037278650322932486
0,0,0.5850075891374029,0.41472861550867207,0.00026379535392494533
1,0,0.8527131584866892,0.14677816110221295,0.00050868041109793
1,1,0.13927489113936622,0.8475235688611329,0.013201539999501074
2,1,0.04832514452939572,0.5138744760118577,0.4378003794587465
0,0,0.6816420997897567,0.3173707879366548,0.0009871122735884892
1,1,0.09977946781749229,0.628531621573727,0.27168891060878075
2,2,6.288170631739952e-06,0.05588230350462371,0.9441114083247445
0,1,0.31908045698079496,0.6789648816194489,0.0019546613997562575
1,1,0.4249336870795505,0.5718736938933808,0.003192619027068643
1,1,0.2999696878932414,0.699583544828954,0.0004467672778045213
0,0,0.9572040213313259,0.042769415845426324,2.6562823247790943e-05
1,1,0.2555008927411295,0.7409706169478201,0.0035284903110503188
0,0,0.6730339835988879,0.32663269943853973,0.00033331696257259493
0,0,0.6264922332845522,0.3722461710234981,0.0012615956919497606
1,1,0.07120750446948407,0.8086585223721987,0.12013397315831734
1,0,0.7188010745920222,0.2809604213401375,0.00023850406784025607
1,1,0.24149101925018085,0.7555019573000419,0.0030070234497772824
1,1,0.04563257796460457,0.9502389799514258,0.004128442083969547
0,1,0.35036123240370937,0.6485330054024492,0.001105762193841382
1,1,0.1833569663545976,0.8120950695288593,0.004547964116543004
1,1,0.11331032380863203,0.8847728405658097,0.0019168356255581376
1,1,0.4087098955290715,0.5902008406848152,0.0010892637861133786
1,1,0.1408268186842655,0.8551269242576174,0.0040462570581172395
1,1,0.08460694634080981,0.9082532579326738,0.007139795726516438
1,1,0.21357712797474085,0.7852109455791464,0.0012119264461127812
1,1,0.3600538090708911,0.63628537977649,0.0036608111526187687
1,1,0.3524552924237753,0.6466626298692068,0.000882077707017861
0,0,0.6972971672732581,0.2985064901458769,0.004196342580864902
0,0,0.6345490000628383,0.3644936834870162,0.0009573164501454075
1,0,0.5501737663865379,0.4492554205055171,0.0005708131079450426
0,1,0.47868983926469627,0.5205199096594051,0.0007902510758986572
1,1,0.2775710666148072,0.7072590269840899,0.015169906401102865
1,1,0.21831070666661023,0.7521743487976549,0.02951494453573491
1,1,0.033378660725577,0.9594735305894969,0.007147808684926204
0,0,0.8671280029130056,0.1326698738707113,0.00020212321628309123
1,1,0.1288057265279419,0.8672808316580511,0.003913441814007081
1,1,0.3244828520778375,0.672693527709968,0.002823620212194487
1,1,0.09935133832520059,0.8988697172033879,0.00177894447141133
0,0,0.9071680909784464,0.09275274998521546,7.915903633822363e-05
1,0,0.8103875670849535,0.18950977065473165,0.00010266226031495109
1,1,0.299717089793004,0.6973861804081349,0.0028967297988612404
0,1,0.18443275313693747,0.8126463497850528,0.002920897078009736
0,1,0.4757786633994817,0.5237740497169987,0.0004472868835196046
0,0,0.5703371435202796,0.4264825053288227,0.0031803511508975515
1,0,0.9122100335736286,0.08765381120108458,0.00013615522528682424
0,0,0.6281960102054044,0.371420302556816,0.0003836872377796905
0,1,0.3280526235896399,0.6705633644436928,0.0013840119666673157
1,1,0.10126216070333824,0.896479701550312,0.0022581377463497592
1,1,0.044522859049173795,0.9521365843388426,0.0033405566119834983
0,0,0.9342221002248434,0.06520342304959907,0.0005744767255575608
1,1,0.035278149605891984,0.8317109464679631,0.13301090392614495
1,0,0.8359720986026654,0.1633444902015599,0.0006834111957747329
1,1,0.218079349539421,0.7800146832380158,0.0019059672225631838
1,1,0.10736123856021532,0.8898405294685919,0.0027982319711926987
1,1,0.27999583531583283,0.7154115376411309,0.004592627043036237
1,0,0.6448152546220481,0.3543439380455928,0.0008408073323591624
0,0,0.8444313538327463,0.15549163022898685,7.701593826690184e-05
0,1,0.3669590299975207,0.6317166341820446,0.0013243358204346127
2,2,1.6607799142315983e-07,0.00019350202638688103,0.9998063318956217
1,1,0.026270086395905626,0.8799281787179769,0.09380173488611744
1,1,0.37420657814365904,0.6250256653265712,0.0007677565297697709
0,0,0.9052823868523683,0.09463156521505298,8.604793257864808e-05
1,0,0.6441533873855121,0.3539144960279398,0.0019321165865481347
1,1,0.3556625803733198,0.6426850281635584,0.0016523914631218434
1,1,0.1626017404708061,0.8359357850271459,0.0014624745020478196
0,0,0.9000276687333577,0.09995590984320149,1.6421423440831245e-05
1,1,0.027078429499206223,0.9417290106806255,0.031192559820168143
1,0,0.898087548836838,0.09834750764790368,0.0035649435152583634
1,2,0.023493119461453448,0.3932171221022723,0.5832897584362743
0,0,0.9028472699470993,0.09654524267861182,0.0006074873742890285
1,1,0.3968239905077491,0.600289931046732,0.002886078445518907
1,1,0.3976717106360419,0.6019622883534318,0.0003660010105264364
1,0,0.5886189943225832,0.41080514920335287,0.0005758564740639496
0,0,0.904364159185227,0.09558880674922296,4.703406555007608e-05
2,1,0.006637834798864447,0.7445418976511462,0.24882026754998932
1,1,0.16609262830602964,0.8325440502491722,0.001363321444798049
0,0,0.6413198660946245,0.3576378343007555,0.0010422996046198815
1,1,0.22319800364200926,0.7716950529057781,0.005106943452212646
0,0,0.7257413199831851,0.27383931493879854,0.0004193650780164557
1,0,0.6842721182499317,0.31462488465073185,0.0011029970993363261
1,1,0.31983687715534964,0.6776442731255231,0.00251884971912742
1,1,0.20790418257320256,0.7884115312904084,0.003684286136389106
1,0,0.8250088448686285,0.17459498923074213,0.0003961659006294448
1,1,0.015135226743720758,0.9804851739543298,0.004379599301949438
1,1,0.2460615997652056,0.7530819456734205,0.0008564545613739161
1,1,0.15498728640665396,0.8335016381289192,0.011511075464426946
0,0,0.7448637589971364,0.25381666521483015,0.0013195757880334516
0,0,0.9006867798955689,0.09929441097446767,1.8809129963400107e-05
1,1,0.0053068797313901165,0.5122885683366059,0.48240455193200404
1,1,0.3368791950056637,0.662205805745251,0.0009149992490852845
1,0,0.9254655767746873,0.07374507952789637,0.0007893436974162844
0,0,0.8288809983271086,0.17074290920455543,0.00037609246833588935
0,0,0.7238053835097639,0.2754975957220987,0.0006970207681374565
0,0,0.6967163041591543,0.30286482886532456,0.0004188669755212945
1,0,0.6888911684586757,0.31062627083182687,0.0004825607094973926
2,2,4.238410520463067e-05,0.09534585851673481,0.9046117573780607
0,0,0.6118445300677446,0.3878160059300746,0.00033946400218077925
1,1,0.020536118999684806,0.9715228810245718,0.007940999975743285
0,0,0.9987884703961348,0.0010444834443346313,0.00016704615953054777
0,0,0.778815985254618,0.22096934465398924,0.0002146700913926178
1,1,0.41911714867747857,0.5755766245936104,0.00530622672891108
1,1,0.374390955992992,0.6225943418038724,0.0030147022031356725
1,1,0.27031208532154527,0.7278574796686462,0.0018304350098084354
2,2,0.001438237977830429,0.15499798194049247,0.8435637800816772
1,1,0.24777922338820754,0.7495184800584834,0.002702296553309019
0,0,0.7901555157688492,0.209322332654083,0.0005221515770677955
1,1,0.3245576603304909,0.6741485777673338,0.0012937619021751773
1,1,0.015281791483566638,0.8148939192920764,0.16982428922435697
1,1,0.0329618594235174,0.9629610528504502,0.004077087726032247
0,1,0.48856247680057757,0.5110943426197917,0.0003431805796307018
1,0,0.5208116120113596,0.47734333403419543,0.0018450539544450045
0,1,0.40100380244081335,0.5970353835475533,0.0019608140116334394
1,1,0.1697816888502428,0.8289991193496777,0.0012191918000795294
1,1,0.1554992453750041,0.8432852392720414,0.001215515352954513
0,0,0.9746295830465228,0.02525128135188957,0.00011913560158779696
1,0,0.5112254179379213,0.48827411929233216,0.0005004627697464218
2,1,0.08456465443138016,0.8695021312173414,0.04593321435127841
1,1,0.46121047091659356,0.5373716988641594,0.0014178302192470993
1,1,0.16720322468415444,0.8308050879764649,0.0019916873393807143
0,0,0.7645017759698743,0.23521067362200057,0.00028755040812507955
1,1,0.060567150679990515,0.9369141879465043,0.0025186613735052026
1,1,0.36861277434869866,0.630443355937058,0.0009438697142434018
0,0,0.9604843614426738,0.039087316567385455,0.0004283219899407882
1,1,0.17601116884570658,0.8176885503818492,0.006300280772444325
1,0,0.6339831374732134,0.36556444181191405,0.00045242071487246676
0,0,0.5412054204295755,0.45796091844571335,0.0008336611247111445
0,0,0.5105189351255688,0.4889344858227314,0.0005465790516997551
0,1,0.044938664161770364,0.9506030852803719,0.0044582505578579495
0,0,0.7129734505584479,0.2868855377258231,0.00014101171572899375
2,2,1.6812408723632482e-05,0.14024996650472746,0.8597332210865489
1,1,0.04319260696775708,0.8540855266606919,0.10272186637155097
1,1,0.09150429751168124,0.8987767576623349,0.009718944825983766
1,0,0.5170382181780977,0.48233100844610083,0.0006307733758014001
0,1,0.031127333014914566,0.5035829530447727,0.4652897139403127
1,1,0.27283110243290043,0.725550462813851,0.0016184347532484347
0,0,0.987392559079723,0.012594494986424972,1.294593385201753e-05
1,1,0.2395299711470438,0.759252957596411,0.0012170712565452411
1,1,0.1368144063964352,0.8578770144531723,0.00530857915039254
0,1,0.3933965054003838,0.6046060634324181,0.0019974311671981416
1,1,0.03178206592085072,0.9628649434654646,0.005352990613684857
2,2,1.9522496698186555e-05,0.09003924916649089,0.909941228336811
0,0,0.6160731846031645,0.3829433947941643,0.0009834206026711817
1,1,0.21705670404172844,0.7766114970243249,0.006331798933946688
0,0,0.8438888231219721,0.1558000415581371,0.0003111353198908385
1,1,0.3100785172768692,0.689072303159026,0.0008491795641049643
2,2,3.879406557282086e-06,0.009622249224328127,0.9903738713691146
0,0,0.9824624994162545,0.01744471287288737,9.278771085818704e-05
1,1,0.09238517700484433,0.8508588901806654,0.05675593281449016
1,0,0.8292850804565107,0.17034940927626066,0.0003655102672287718
1,1,0.10957267526151304,0.8869613322408317,0.003465992497655208
1,1,0.00879906175426515,0.9846047707775113,0.006596167468223494
1,0,0.7252514817996409,0.27435753086285253,0.00039098733750649793
1,1,0.03821065272661476,0.9570112999623062,0.004778047311079169
1,0,0.8338213484283372,0.1656955694930271,0.0004830820786356205
0,1,0.32200952768463004,0.6744525520824108,0.0035379202329591432
1,1,0.26479532898820507,0.7318958083115451,0.0033088627002499735
1,1,0.2350829237906334,0.7630849163433591,0.0018321598660075845
1,1,0.10780908358283313,0.8872868385772205,0.004904077839946484
1,1,0.24272927240270814,0.7558242035468885,0.0014465240504033228
0,0,0.646303482340127,0.35288513902771074,0.0008113786321622535
0,0,0.6340410011573637,0.3657413289071104,0.0002176699355259882
0,0,0.6991953941508878,0.29984158965358026,0.0009630161955318798
0,0,0.9588126194774556,0.040958510464746425,0.00022887005779811818
1,1,0.18239756805394694,0.8123118764727514,0.005290555473301742
0,0,0.9299399804353109,0.06965359350800605,0.0004064260566830252
1,1,0.06010274683606389,0.9180921636273482,0.02180508953658787
0,0,0.7978197851380822,0.2014031578709146,0.0007770569910031269
0,0,0.9557044221703652,0.04406429032953567,0.00023128750009910674
1,0,0.5710910640435554,0.4285798970670867,0.00032903888935793796
1,1,0.02455086221081219,0.9611830043643738,0.0142661334248139
0,0,0.8142260061966665,0.18550978335859758,0.00026421044473590427
1,1,0.09655392250697196,0.8900104118749951,0.013435665618032886
1,1,0.3587018258198385,0.6403827274913719,0.000915446688789651
2,2,4.2313117386722765e-05,0.049794298997557926,0.9501633878850553
1,1,0.19131660066384415,0.8046998935598052,0.003983505776350658
0,0,0.7373949799361514,0.2623974691294013,0.00020755093444724078
1,1,0.12930552408318924,0.8594355510320023,0.011258924884808395
1,1,0.2002524602064505,0.7955995440307506,0.004147995762798942
1,0,0.6950059354041073,0.30474259559981276,0.0002514689960799893
0,0,0.5380987777511351,0.4617061817615157,0.00019504048734914555
0,0,0.7851424324290313,0.21420369289634278,0.0006538746746259786
2,2,1.049226971609594e-06,0.013269176373026834,0.9867297744000015
1,1,0.1620619046024325,0.8286580150759972,0.00928008032157043
1,1,0.2227599042930924,0.7758157196071226,0.0014243760997851773
0,0,0.7004790547383186,0.29845695092408364,0.001063994337597741
1,1,0.12571034240384404,0.8729462293209234,0.0013434282752326498
1,1,0.3334823728044144,0.661371129762443,0.005146497433142418
2,2,0.0003582051345519313,0.24999680121505477,0.7496449936503933
1,1,0.04416862870583248,0.9503151566385214,0.005516214655645931
0,1,0.14827987528838082,0.8480019937512177,0.003718130960401529
1,1,0.228688841103666,0.7704281445041078,0.0008830143922261389
0,0,0.5532784580967276,0.4459988181563814,0.0007227237468909928
0,1,0.42684488899659,0.5716762503086035,0.0014788606948064815
1,1,0.07434634824218028,0.907809052919166,0.01784459883865377
2,2,8.603998631528498e-06,0.005063220191021308,0.9949281758103471
0,0,0.7890768399925776,0.21085645079819001,6.67092092324069e-05
1,2,0.0009219774807871623,0.28022747294640143,0.7188505495728115
1,1,0.25832343530907537,0.7406258887194364,0.0010506759714883518
1,1,0.4500616896244442,0.5489727305868122,0.0009655797887437225
1,1,0.42167254567407714,0.572230662170217,0.006096792155705828
1,0,0.6874569620031787,0.3116330639932385,0.0009099740035827129
0,0,0.6120832350772268,0.38685502909766234,0.0010617358251109369
1,1,0.43670948123349274,0.5626317147407711,0.0006588040257362328
0,1,0.45865758518386035,0.5406661597967293,0.0006762550194103911
0,1,0.41801692459195405,0.5809419608185927,0.0010411145894532326
1,1,0.05176154698290146,0.9397837208587142,0.008454732158384135
1,1,0.06524306993069717,0.932828636641584,0.0019282934277188584
0,0,0.6553142998135271,0.3442489007322894,0.0004367994541834656
0,0,0.6237446330006837,0.37573183015359524,0.0005235368457209728
0,0,0.6520602964318675,0.34750948168249146,0.00043022188564100286
0,1,0.3005576393406022,0.6971019138592396,0.0023404468001582087
2,2,0.015258966496731294,0.45049168909248644,0.5342493444107822
0,1,0.4558717551609517,0.5429386152525827,0.0011896295864657006
1,1,0.03359827256597751,0.9536490589007134,0.012752668533309105
2,2,3.0081881339199147e-05,0.03553030509236703,0.9644396130262938
1,1,0.23406874167831673,0.7647812916417328,0.0011499666799504238
0,0,0.6836414210659282,0.31558803364025245,0.0007705452938193894
1,2,0.0033187743235093712,0.20364533459125325,0.7930358910852374
1,1,0.1557391789818497,0.8376475233961131,0.006613297622037122
0,0,0.8396309541552643,0.16029592336197115,7.312248276462586e-05
0,1,0.33835317433889067,0.6598690988819609,0.0017777267791485652
1,1,0.017981576546693336,0.9114365525397962,0.07058187091351055
0,0,0.7438396598044191,0.2559418643938442,0.00021847580173665668
1,1,0.1266559489896159,0.8676947778153477,0.005649273195036307
0,1,0.3891479324330864,0.6095057360831794,0.0013463314837342294
0,0,0.6342849074279531,0.3654752739827832,0.00023981858926365167
1,1,0.03348969816695333,0.9632233839133552,0.0032869179196915337
1,1,0.22439734645040685,0.7708041883442545,0.004798465205338663
0,0,0.6253928648149772,0.374252523900771,0.0003546112842517567
1,1,0.06801605868293652,0.9291794177986581,0.0028045235184054394
0,1,0.463970714066739,0.5350821482478361,0.0009471376854250528
0,0,0.8714428878944283,0.12822870424167315,0.0003284078638985092
1,1,0.3463859053467627,0.6526178213317994,0.0009962733214378822
1,1,0.07296749418309571,0.8726567170662474,0.05437578875065695
1,1,0.07861281353739126,0.9174906216170443,0.003896564845564323
1,1,0.07912316180967835,0.8984238672038966,0.022452970986425142
0,0,0.5973430836779987,0.40206323264645605,0.0005936836755452864
1,1,0.04806653994271361,0.844772170960023,0.10716128909726319
0,0,0.918291476602326,0.08165509971236012,5.3423685313768184e-05
0,0,0.7373836196039261,0.2623215210182469,0.00029485937782701367
2,2,5.166482987079976e-09,0.0013556334517007024,0.9986443613818162
0,1,0.25667275106931375,0.7401235353107231,0.003203713619963134
0,0,0.8933166333928656,0.10628333032792266,0.00040003627921174215
1,1,0.34992671817960735,0.6448144448008994,0.005258837019493091
0,1,0.3485670383637097,0.6508982772268177,0.0005346844094725901
0,0,0.9897748443741569,0.0101582484248126,6.690720103055165e-05
1,1,0.15877722657482563,0.838427562690424,0.002795210734750463
0,1,0.0880877973719972,0.8310310784356895,0.08088112419231314
0,0,0.7684918039450309,0.23135186072920677,0.00015633532576227755
1,1,0.04524606706106994,0.9516488928891849,0.003105040049745322
1,1,0.03694376357409434,0.5647972498496923,0.3982589865762134
1,1,0.18177753875529482,0.8173616759814937,0.0008607852632114688
0,1,0.43977102163011733,0.5592058825452307,0.0010230958246518736
1,1,0.2708612522640643,0.7266098514147815,0.0025288963211541216
1,0,0.7821768217561824,0.21757110563162244,0.00025207261219517525
1,1,0.09488405572269684,0.869301597566417,0.03581434671088606
1,1,0.19912406954367534,0.7970821477564037,0.0037937826999209184
0,0,0.6554946569647324,0.3443594975079411,0.00014584552732649288
0,1,0.25135836501062037,0.733738776303796,0.014902858685583767
1,1,0.23266930355431167,0.7654472740940849,0.001883422351603339
0,1,0.28452820064729056,0.7134712531682944,0.002000546184415182
1,1,0.3315583616232257,0.6570033794319562,0.011438258944817955
1,1,0.20822198995013974,0.7895722574590763,0.0022057525907838867
1,1,0.06732154807059379,0.9299409679558666,0.0027374839735398258
1,1,0.40041498506336143,0.5981240429227574,0.0014609720138811207
1,1,0.10831589068072789,0.8891218666068286,0.0025622427124434334
1,1,0.006223898325329076,0.7789029117461065,0.21487318992856436
1,1,0.21002966426055328,0.7824207669863045,0.007549568753142212
0,0,0.7603990501300879,0.23947882591269853,0.00012212395721365174
0,1,0.05630373688961957,0.8973913537920521,0.04630490931832816
0,0,0.9271452964832553,0.07275132690944056,0.00010337660730419937
1,0,0.5941514520903437,0.4054930146842378,0.0003555332254185382
0,0,0.8146988901756367,0.18515349053823696,0.0001476192861263636
0,0,0.9392330265821154,0.06061787775291975,0.00014909566496485973
0,0,0.8397322034963569,0.16020206870013914,6.57278035037958e-05
0,0,0.9323556148707131,0.06757648708297881,6.789804630808403e-05
1,1,0.037041133640525595,0.9598778957197222,0.0030809706397521785
0,0,0.8533466546910934,0.1466005913888294,5.275392007711854e-05
1,1,0.2660249290959471,0.7298468205198049,0.004128250384248121
0,1,0.37777261114337773,0.615185878066827,0.007041510789795309
0,0,0.5842352027572913,0.4154010148356247,0.0003637824070839764
1,1,0.11548322281170437,0.8758778577298401,0.008638919458455675
1,1,0.02494567835421043,0.9694460067554794,0.005608314890310169
1,1,0.25981604444431367,0.7392166255028021,0.0009673300528842824
0,0,0.5479701119810917,0.45114422085161954,0.0008856671672887184
0,0,0.623517145975585,0.37630648778465964,0.00017636623975524854
1,1,0.04399611685895069,0.9524121558804974,0.003591727260551848
1,0,0.7093379654770001,0.28954322655232834,0.0011188079706714823
1,1,0.4012669388016784,0.5942365124238758,0.004496548774445845
0,1,0.15680887135490149,0.8414939473565297,0.0016971812885688993
2,2,1.0320298087201184e-05,0.04140045182155916,0.9585892278803537
1,1,0.4109254586686839,0.5874509366405333,0.0016236046907827514
0,1,0.09683584766029148,0.9012937579473819,0.0018703943923267378
1,1,0.35465841458329983,0.6433285720418326,0.002013013374867604
1,1,0.34957731488833066,0.6496280894593546,0.0007945956523148129
1,0,0.7485360002148285,0.25066332841839173,0.0008006713667797214
1,1,0.09892016150778098,0.8985826264578112,0.0024972120344078953
1,1,0.47893780182096374,0.5198422193908703,0.0012199787881659087
1,1,0.2459345361123824,0.7463146547060395,0.007750809181578052
1,1,0.17058303826007817,0.8274566788170731,0.0019602829228486094
0,0,0.7452643837432394,0.2544460036327568,0.0002896126240037219
2,2,0.0006817179107528871,0.14078011164106063,0.8585381704481865
1,1,0.44143014935783265,0.556786709653374,0.001783140988793416
2,2,1.566636269521986e-06,0.0122019410780119,0.9877964922857186
1,1,0.04492466255686789,0.9421745418187785,0.012900795624353575
1,1,0.10702507391933538,0.891183911220747,0.0017910148599176122
1,1,0.01657307508308247,0.8681975891392826,0.11522933577763485
0,1,0.1415488079263009,0.8562992445519844,0.002151947521714866
0,0,0.6653907440453859,0.3341813921519882,0.0004278638026258027
1,1,0.05650138013845956,0.9336093828231379,0.009889237038402682
1,1,0.10763278401742081,0.8904821328137573,0.0018850831688218288
1,1,0.13121364658062118,0.8676747094238809,0.0011116439954978288
1,1,0.056886529878179555,0.9381687355000977,0.004944734621722724
0,1,0.3769785640379733,0.6223093286283742,0.0007121073336524601
1,1,0.31253796825979113,0.686770554204439,0.000691477535769813
1,1,0.08189373436525227,0.8622387608790518,0.055867504755695886
1,1,0.15698775490827102,0.8408267522287566,0.0021854928629724585
0,0,0.8430842176487809,0.1568584034477265,5.737890349267021e-05
1,1,0.05157638262987053,0.9459949540952959,0.002428663274833548
0,0,0.7887954797485266,0.21094441176968748,0.0002601084817858767
0,1,0.4783839720860547,0.5203786848334301,0.001237343080515233
0,1,0.43652594426174995,0.5631356280723608,0.0003384276658892763
1,1,0.0056740767998567756,0.9857945301603688,0.008531393039774269
0,0,0.9004380966124846,0.09888352069513731,0.0006783826923781147
1,0,0.5318051115524088,0.46772740402838636,0.0004674844192047631
0,0,0.8246104718296734,0.17461869170231625,0.0007708364680101973
1,1,0.05792832191069597,0.9330362719209507,0.009035406168353384
0,0,0.7302728913237846,0.26909441233598486,0.0006326963402305491
1,1,0.097012540277687,0.8830372349984007,0.01995022472391223
1,1,0.4948980646933039,0.5036065784571114,0.0014953568495846684
1,1,0.1624057139823995,0.8298165555920016,0.007777730425598738
0,0,0.8015133982184136,0.19810886751026227,0.0003777342713240729
1,1,0.15940124307633463,0.8386938984004172,0.0019048585232482437
0,0,0.5573351567524016,0.4422431753970279,0.00042166785057053265
2,2,0.014516618582861067,0.43954502609923374,0.5459383553179052
1,0,0.5419557759850053,0.45753126501374247,0.0005129590012522606
1,1,0.15597668967501999,0.8388586383311653,0.005164671993814819
1,1,0.22354730266624204,0.7742934213365371,0.002159275997220971
0,1,0.4094434670877828,0.5892295826600245,0.0013269502521927666
1,1,0.2196860055640083,0.777847769606681,0.0024662248293107433
1,1,0.09111268147083815,0.898422303951785,0.010465014577376893
0,0,0.9597770900187326,0.04010157840973184,0.0001213315715356604
0,1,0.1712238689006233,0.8270367264991407,0.0017394046002360663
0,0,0.668453477427228,0.33130926253755216,0.00023726003521967886
0,0,0.8161017566478018,0.18370998458681229,0.0001882587653859745
0,0,0.9466445905478906,0.053301352812992635,5.405663911680139e-05
1,1,0.1054969792301457,0.8928582431295503,0.0016447776403040214
1,1,0.043113447259124894,0.9364674650353311,0.020419087705544053
1,1,0.20208811326871953,0.7966833379765983,0.0012285487546822675
0,0,0.4994325383621603,0.4990189311052435,0.001548530532596276
1,1,0.2207004555992987,0.7771918334450294,0.0021077109556717766
0,1,0.35555742306661375,0.6408516854722299,0.0035908914611562552
1,0,0.8695936011169398,0.13018363723305054,0.00022276165000964323
1,1,0.1940920743096747,0.8005307561900511,0.005377169500274282
2,2,9.084613053458579e-05,0.08765780581504033,0.912251348054425
0,0,0.9920155435583488,0.00793582590192231,4.8630539728982455e-05
1,1,0.007460554763109769,0.7650809475505362,0.22745849768635393
1,0,0.8561598263973208,0.14353977421652384,0.0003003993861553798
0,0,0.5239751699034496,0.475258001110628,0.0007668289859223105
0,1,0.24786503618072353,0.7500957292101464,0.0020392346091301387
0,0,0.8333419611153587,0.16620246717048223,0.0004555717141591178
0,0,0.7557495226644844,0.24412537865233325,0.00012509868318231587
1,0,0.603525046357749,0.39459354129306995,0.0018814123491810557
0,1,0.4565177087879007,0.5430000011422239,0.00048229006987535303
0,0,0.9649451503015065,0.03470643477998358,0.0003484149185098621
1,1,0.061993319764190626,0.9348643307561089,0.003142349479700581
0,1,0.3441416252175569,0.6547991414492852,0.0010592333331578485
0,0,0.791518930611658,0.2084010704717621,7.999891657999086e-05
1,1,0.013072130611835079,0.9832019572969204,0.0037259120912446655
2,2,1.5282416849031125e-08,2.4090899825269924e-05,0.9999758938177579
1,0,0.5926872481635636,0.40686927528033534,0.0004434765561011703
1,1,0.24630409018404484,0.7507277788525283,0.002968130963426843
2,2,6.539868584926024e-06,0.05592805056518412,0.9440654095662309
1,0,0.6740641276203677,0.32576677769108336,0.00016909468854886195
1,1,0.04800142365652692,0.9394138474513174,0.012584728892155594
0,0,0.8424137502928557,0.1566896905137731,0.0008965591933712278
0,0,0.5135524843292729,0.48569606462423226,0.0007514510464946593
0,0,0.8272667447050226,0.17245165819535763,0.00028159709961983156
1,1,0.18818385866627996,0.809808134462118,0.002008006871602093
0,1,0.17418817488668775,0.8242437281388431,0.0015680969744691832
1,0,0.52293865047532,0.4750779538881927,0.001983395636487308
1,1,0.14475020255395632,0.8489434024408026,0.0063063950052410535
0,0,0.6862753015689375,0.31344190378802816,0.00028279464303436236
1,1,0.11185411690761478,0.6433945771979711,0.2447513058944141
0,0,0.8060657818509808,0.1921268063510428,0.001807411797976526
1,1,0.0701638579730392,0.9273265423007666,0.0025095997261943316
1,1,0.05776290067189474,0.9384587400152683,0.0037783593128371106
0,1,0.1051608114589111,0.8919173457046602,0.002921842836428541
0,1,0.3717114105808218,0.6265364471570081,0.001752142262170119
0,0,0.5982981730971593,0.4007057698974035,0.0009960570054371942
0,1,0.4884800545501634,0.510610749997667,0.0009091954521696516
1,1,0.3844755284708173,0.6143082105714704,0.0012162609577123548
1,1,0.14024545463226493,0.8455429497166388,0.0142115956510962
0,0,0.8511903828865816,0.14874398719911497,6.562991430341396e-05
0,0,0.9618848802401756,0.0376498562501473,0.0004652635096769847
0,0,0.9718748164128933,0.02804308722509173,8.209636201504622e-05
0,0,0.7046903861660789,0.29320662102655387,0.0021029928073670427
0,0,0.6676107924845623,0.3322055005010395,0.0001837070143982157
0,0,0.9688368976165156,0.03083344163554844,0.0003296607479361108
0,0,0.9452500231518622,0.05453971485775022,0.00021026199038753034
1,0,0.8461631472002741,0.15363899393187946,0.00019785886784631098
0,0,0.6538405257212976,0.34494689393691635,0.001212580341785982
0,0,0.9838861876116418,0.016068936876576734,4.4875511781500994e-05
0,0,0.8379173795040946,0.16202183806283238,6.078243307301884e-05
0,0,0.7924265496607955,0.20751124434698778,6.220599221686469e-05
0,0,0.8882787204222847,0.11164291057341738,7.83690042977672e-05
1,1,0.2217504505220832,0.7762925025019007,0.001957046976015973
0,0,0.738536227443086,0.2613153767603791,0.00014839579653495475
0,0,0.9778749798208236,0.022011585858924133,0.0001134343202522869
1,1,0.265656561859098,0.7332063362699572,0.0011371018709447605
1,0,0.5316810024928142,0.46644600022334276,0.0018729972838430057
1,1,0.011273852447596372,0.9821361162921818,0.006590031260221969
0,0,0.6589060632262879,0.33733831494106625,0.0037556218326458
0,0,0.6706006879683065,0.3289105191105456,0.0004887929211478074
0,0,0.7904075720825272,0.20953041436769404,6.201354977878469e-05
0,1,0.3728095936629385,0.6253931219548142,0.0017972843822473433
0,1,0.24272551195470585,0.7542652340643877,0.0030092539809063643
0,0,0.7560529920514927,0.24373605865382594,0.00021094929468139353
0,0,0.7234628130037427,0.27566967840461143,0.0008675085916457655
0,0,0.8196285708903241,0.18004594496114876,0.00032548414852706534
1,0,0.6696643661057058,0.3297226491267876,0.000612984767506609
1,0,0.8629339848962687,0.13641726118156214,0.0006487539221691615
1,0,0.5071296272239003,0.4912597160631071,0.0016106567129926055
0,0,0.7117727677237301,0.28798632198096596,0.00024091029530396352
1,1,0.1509785328167047,0.8475001845559567,0.0015212826273387301
1,0,0.7992133590662208,0.2003896755711429,0.0003969653626362777
1,0,0.6023362879595915,0.3967766642722563,0.0008870477681522023
1,1,0.11888815859126181,0.8777244971994681,0.0033873442092701984
1,1,0.07327978054149475,0.897116008647548,0.02960421081095729
1,1,0.3505385910702279,0.6442141571238752,0.005247251805896814
1,0,0.6723580112139744,0.32740203359853176,0.00023995518749385521
1,1,0.07860494260065239,0.9112190807488517,0.010175976650495877
1,1,0.0525360406802571,0.8513776928617584,0.0960862664579845
0,0,0.6796175830087084,0.32021348186297205,0.0001689351283194268
1,1,0.08975308708160536,0.9066022856351428,0.0036446272832518665
1,1,0.12266668755162487,0.8754018041022847,0.001931508346090505
1,1,0.0989296135303521,0.6559913638779229,0.24507902259172507
0,1,0.4643088418231167,0.5350569495495144,0.0006342086273687761
1,1,0.09292242559835538,0.9040144021706148,0.003063172231029819
1,1,0.4617938662592917,0.5371090744380411,0.00109705930266716
1,1,0.0820439516941262,0.9059198616681418,0.012036186637732175
0,0,0.7049150057743211,0.29462915309427695,0.00045584113140196246
1,0,0.590571779770427,0.4091317877147632,0.000296432514809879
0,0,0.8482275849377011,0.15166542974078248,0.0001069853215163984
0,0,0.866805949932173,0.13199557003510812,0.0011984800327189918
0,0,0.8049410180365354,0.19466681431155367,0.00039216765191084184
0,0,0.8297426873173166,0.17004443860924043,0.0002128740734429685
1,1,0.33201222478234244,0.667133033777904,0.0008547414397535355
1,1,0.26756626872491857,0.73122035072184,0.0012133805532414433
0,1,0.3893190161078646,0.6099941082375337,0.0006868756546015522
1,1,0.2895850824283566,0.7082154931548257,0.002199424416817684
1,1,0.11090470361163737,0.8854069038429684,0.003688392545394294
2,2,0.00032751203859760446,0.18060768931937116,0.8190647986420312
0,0,0.5957374417534969,0.4035088711190393,0.0007536871274638053
1,1,0.010861777472705347,0.732671348427432,0.2564668740998627
0,0,0.723209214684827,0.2766210256750913,0.00016975964008170873
1,1,0.033914811218911954,0.9595310986737879,0.006554090107300061
0,0,0.5889056424169175,0.41072872350778167,0.00036563407530083115
0,1,0.15203478746555493,0.8443663461887878,0.003598866345657193
0,0,0.7613348116700472,0.238511984618659,0.0001532037112937079
0,0,0.743417647271824,0.2551810998363118,0.0014012528918642402
1,1,0.11642475675357046,0.8817273537674931,0.0018478894789363972
1,0,0.5797442663655039,0.41959150192036765,0.0006642317141283521
0,1,0.47551189962432344,0.5239844530264797,0.0005036473491969687
0,0,0.5692159089323682,0.4301301521454749,0.000653938922156933
0,0,0.8333384145929074,0.1665245496800411,0.0001370357270516049
1,1,0.2489311326708693,0.7481038869715632,0.002964980357567458
0,1,0.13745590557823487,0.8612147524700657,0.0013293419516992588
0,1,0.4151902233949199,0.5841806238714031,0.0006291527336769995
1,1,0.030902184340907097,0.9638578205251741,0.00523999513391863
1,0,0.6630432567867781,0.33641044287939814,0.0005463003338236355
0,0,0.8611848646016554,0.13862422174584502,0.00019091365249955522
1,1,0.04188586522811677,0.9551632378870025,0.002950896884880692
1,1,0.27160491515889224,0.7275606567159641,0.0008344281251435227
1,1,0.3340131475066555,0.6647287135735993,0.0012581389197451097
1,1,0.3325196397647774,0.6670371063600433,0.00044325387517924814
1,1,0.2966781478205621,0.7024927807996534,0.0008290713797845758
1,1,0.17849087534674007,0.8197327587631583,0.001776365890101617
0,1,0.48724431285449543,0.5120751330044624,0.0006805541410421899
0,1,0.3972797734497538,0.6019384115041008,0.0007818150461453486
1,1,0.30583723495695436,0.6928753659291261,0.001287399113919552
0,0,0.9283660339441185,0.07104235436376334,0.0005916116921181731
2,2,2.4222571970322826e-05,0.16833457962577025,0.8316411978022594
2,2,0.0005897402336716719,0.2749289882532856,0.7244812715130428
1,0,0.5322331469310242,0.46469485450175646,0.0030719985672193607
0,0,0.5926173484711973,0.4070735088537248,0.0003091426750778172
0,1,0.41799303780804836,0.579139289308089,0.002867672883862728
1,1,0.017387281588585924,0.9670304601992985,0.015582258212115617
1,1,0.30235034533341576,0.6923757117307152,0.005273942935868977
0,0,0.6480184993409032,0.3519161861675121,6.531449158482817e-05
1,1,0.30065537689023647,0.6966762500953405,0.0026683730144229614
0,0,0.8090984811702915,0.19014787742928962,0.000753641400418894
1,1,0.06889045196274296,0.9279952377319285,0.003114310305328724
0,0,0.9845784102947989,0.015373027933307923,4.856177189332348e-05
0,0,0.8883880884117895,0.11146797359496102,0.000143937993249507
1,0,0.6294147368521771,0.36858575784023173,0.00199950530759114
2,2,0.00024606084799413106,0.18804808661780856,0.8117058525341972
0,0,0.8427571833761104,0.15715184488487008,9.09717390194977e-05
0,0,0.7223851507242904,0.2773917868230931,0.0002230624526163701
0,0,0.9566024197060614,0.043038576510578776,0.00035900378335981136
0,0,0.9817795365099187,0.01814379723230996,7.666625777148913e-05
1,1,0.03781262979895928,0.938533173898469,0.023654196302571685
1,1,0.04119321433890353,0.9552884074685339,0.0035183781925626307
1,1,0.10921869557988866,0.8885310920828008,0.002250212337310559
0,0,0.5603255665307075,0.43783995094144706,0.0018344825278454192
0,0,0.6704825940723643,0.3289973182937769,0.0005200876338587781
0,0,0.7423983233259287,0.2574480538584849,0.00015362281558652376
0,1,0.49637910835855564,0.50317219289392,0.00044869874752436585
0,1,0.2084067051095499,0.7875036138258298,0.004089681064620254
1,1,0.049953099397794444,0.8824789473220783,0.06756795328012723
0,0,0.9251270623825617,0.07476220423957787,0.00011073337786042364
1,1,0.11206920336818413,0.8861548979981596,0.0017758986336562047
0,0,0.9578146999615735,0.0420695785007881,0.00011572153763834283
0,0,0.5003910170169852,0.49917159693620555,0.0004373860468092518
1,1,0.009421000784769346,0.9850063749637828,0.0055726242514476864
0,0,0.6738513587808835,0.32586526167572255,0.0002833795433940323
1,1,0.46514952450812286,0.5337014798337214,0.0011489956581558333
1,1,0.06143344742972859,0.932390203981256,0.006176348589015451
1,1,0.09802167657107068,0.8857920840696447,0.016186239359284423
2,1,0.11811653026448897,0.5369475592546449,0.34493591048086614
2,2,3.994036398644674e-07,0.00443171106001755,0.9955678895363426
1,1,0.16773021676522654,0.824767622776866,0.007502160457907501
0,0,0.6632070454915208,0.3357155748196081,0.0010773796888709974
1,1,0.03311306453420985,0.9611605979490523,0.005726337516737913
1,0,0.5376954398484323,0.4595008249625491,0.0028037351890186184
1,1,0.23481084991649467,0.7619485613179644,0.003240588765540934
1,1,0.09520533788175366,0.9032063207079656,0.001588341410280748
1,1,0.006607393433655871,0.9843849185357376,0.009007688030606465
1,1,0.058446738851998095,0.9349845051198272,0.006568756028174634
0,0,0.76094368949862,0.2383916053146819,0.0006647051866980357
1,0,0.8469205761010433,0.1530065512620848,7.287263687180858e-05
1,1,0.03772533437114901,0.9582728729610285,0.004001792667822442
1,1,0.03310705994523072,0.8219234828124029,0.14496945724236632
1,1,0.36977369355347467,0.6281736861986421,0.002052620247883304
1,1,0.09953925289756425,0.8410331878798998,0.05942755922253598
1,1,0.18789656233060983,0.8097218992040892,0.0023815384653009235
0,0,0.6887203479737766,0.31014382385815065,0.0011358281680726823
1,1,0.11452143303013024,0.8745860889735387,0.010892477996330911
0,0,0.9631661663715844,0.03671519676223576,0.00011863686618006029
0,1,0.45299396388799995,0.546678182005217,0.00032785410678304354
0,1,0.36829750598786193,0.6304394938667441,0.0012630001453938953
1,1,0.23063706145284543,0.7667534293648132,0.0026095091823414803
0,0,0.7018082748704989,0.2978491991167406,0.00034252601276054783
1,1,0.32688026452844304,0.6625320796649972,0.010587655806559916
0,0,0.9112090676054738,0.08864897506893811,0.00014195732558807214
1,1,0.0945479772643332,0.9030712783821887,0.0023807443534779177
1,1,0.3570301037695233,0.6415745826733057,0.0013953135571710214
1,2,0.015530015970279776,0.3968091383881812,0.587660845641539
1,1,0.10341031397499978,0.8927804407546334,0.003809245270366897
0,0,0.8016426303394513,0.19814270218749616,0.00021466747305248058
0,1,0.11562447456024397,0.7728340357095153,0.11154148973024082
0,0,0.9143634031934066,0.08558090513966056,5.569166693296918e-05
1,1,0.3468920025739179,0.6522441806329006,0.0008638167931815441
0,0,0.649368504118779,0.3498909996022915,0.0007404962789294443
0,1,0.3723888113631462,0.6235263573291413,0.00408483130771254
1,0,0.6459811511946859,0.35338723491893964,0.0006316138863744033
0,0,0.7470489052044669,0.25132596530050183,0.0016251294950313157
0,0,0.9433240582194222,0.05644279827205591,0.00023314350852182762
1,1,0.31474808261713466,0.6831344850084338,0.0021174323744315438
1,1,0.42604081981899944,0.5733103214710217,0.0006488587099789108
0,1,0.14088851892659773,0.8575809996230909,0.0015304814503112798
1,1,0.4487115985434463,0.5496523831048217,0.0016360183517320358
1,1,0.019006603607555864,0.9720772282802992,0.008916168112144936
2,2,2.142202002336112e-07,0.001538290080197829,0.9984614956996019
1,1,0.12353753547149099,0.8751978874737292,0.0012645770547796771
1,1,0.2374813777980363,0.75722478227371,0.005293839928253587
0,1,0.21418253035268953,0.7831092425741055,0.0027082270732049726
0,0,0.7223852706087467,0.27723480638431686,0.0003799230069366071
2,2,0.0003600706268910917,0.4449622625991204,0.5546776667739886
1,1,0.3314323008680561,0.6674441303885235,0.0011235687434204581
1,0,0.540575789670566,0.4590281186643554,0.00039609166507874224
1,1,0.39113636819295855,0.607550910947244,0.0013127208597975715
1,1,0.2585141952154124,0.7384096054607691,0.0030761993238184104
1,1,0.33934238865142846,0.6593090526058,0.0013485587427716902
1,1,0.3092044783801418,0.6897602653998441,0.001035256220014043
0,0,0.6227679978369329,0.3764706532163864,0.0007613489466807232
1,1,0.26999544618185706,0.7256205850127476,0.004383968805395284
1,0,0.8587222974317609,0.13784151874015094,0.0034361838280882705
0,0,0.8942341855694327,0.1057397256727311,2.60887578362235e-05
0,0,0.8792704557404479,0.12068608090548696,4.3463354065137764e-05
1,1,0.0888578461824161,0.8889422458606716,0.022199907956912276
1,1,0.07864869135803852,0.9195398386952354,0.0018114699467261114
1,1,0.025045442755332298,0.9696139661960708,0.005340591048596885
1,1,0.4459906297237142,0.5526456053639833,0.0013637649123024076
1,0,0.7462499968118099,0.25337167796027554,0.0003783252279144543
1,0,0.6492627151110072,0.3502852731405801,0.0004520117484127406
1,1,0.1928777217795626,0.804742844977805,0.0023794332426323437
1,1,0.12997977046606757,0.8683578046679246,0.0016624248660079693
1,1,0.15619729833549403,0.8394581753924376,0.004344526272068298
1,1,0.409198371765505,0.5872090813962773,0.003592546838217853
0,0,0.7884016985290453,0.21100189080097762,0.000596410669977153
0,0,0.6478826723156288,0.35171746486311367,0.00039986282125740145
2,1,0.041341705953505246,0.9420928284931501,0.01656546555334464
0,0,0.7955715763488287,0.20413032637861434,0.00029809727255702853
0,0,0.6359443801229783,0.36211715734397165,0.0019384625330500776
1,1,0.36982449830285935,0.6288293254262657,0.00134617627087503
1,1,0.22988995512581178,0.7667007132663114,0.0034093316078767882
0,0,0.5233157859722647,0.4759947897104821,0.0006894243172531616
0,0,0.5686212652423561,0.4311493592255103,0.00022937553213351206
1,0,0.5148671880844572,0.48262773027159356,0.0025050816439492023
2,2,0.013058835415189363,0.49128033302523383,0.4956608315595769
1,1,0.08606863261478892,0.9063912580952487,0.007540109289962426
1,1,0.13832936061549722,0.8590871004465219,0.002583538937980954
1,1,0.07875447685181772,0.8285264681214987,0.0927190550266837
0,0,0.8814825008037734,0.11839161078316719,0.00012588841305930694
1,0,0.6838601246215663,0.315553322450239,0.0005865529281948706
0,1,0.24835192763534036,0.7503007329838259,0.0013473393808337078
0,0,0.8358920402274312,0.16398965655842948,0.00011830321413925338
0,1,0.274333979732221,0.7214378561885301,0.004228164079248881
1,0,0.6902948375053266,0.3094571448266482,0.0002480176680251652
0,0,0.9160123513043046,0.08392054982019954,6.709887549586282e-05
0,0,0.8552290066578604,0.14467736476893414,9.36285732054032e-05
1,0,0.734243998865669,0.2654927433611318,0.00026325777319913545
0,1,0.19590354970720497,0.8004895123955728,0.003606937897222159
0,0,0.8938839861972884,0.10585835832500112,0.0002576554777106162
1,1,0.009013707872863493,0.7844443711671694,0.20654192095996712
1,1,0.11122773497993224,0.878446339517523,0.010325925502544712
0,0,0.8391289762860885,0.1604676844957791,0.0004033392181321855
0,0,0.6503363046144738,0.3489748804492547,0.0006888149362714637
1,1,0.21234440089458007,0.785424420501422,0.002231178603997959
1,1,0.2073056332599244,0.7907236598149117,0.001970706925163855
1,1,0.15368450108237539,0.8451411004531181,0.0011743984645065906
1,0,0.5507658069255214,0.4487485892861981,0.0004856037882803747
2,2,2.0470232254777797e-05,0.0729421396573313,0.927037390110414
0,1,0.44002528531211343,0.5590468935829306,0.0009278211049560086
1,1,0.09310570140902293,0.9048029822349556,0.002091316356021392
1,1,0.35508491031494127,0.6390011900062221,0.0059138996788367084
1,1,0.038363524128230096,0.9584191503579044,0.0032173255138655023
2,2,1.3428793038778148e-07,0.0006544755033046643,0.999345390208765
1,1,0.26120917974763835,0.735719989890549,0.0030708303618126333
1,1,0.40586865155982066,0.5856860065169117,0.008445341923267626
1,1,0.04599099416620727,0.9453205490503832,0.008688456783409461
2,2,0.0006074452298870278,0.08359799519390232,0.9157945595762107
0,0,0.7108418106181954,0.28877046424045255,0.00038772514135202503
1,1,0.016862108765388066,0.978570921886953,0.004566969347658919
0,0,0.9104730852917189,0.08942594312299382,0.00010097158528713957
1,1,0.09936037857623806,0.8900666084309058,0.010573012992856208
1,1,0.15013160107031606,0.84254327109797,0.007325127831714023
1,0,0.5115956399092992,0.4881663683428217,0.00023799174787907766
2,2,1.2739560714504602e-06,0.02186127053968698,0.9781374555042417
2,2,0.0015427547655952772,0.21674157899705354,0.7817156662373511
0,0,0.6236579420480993,0.3758808446511088,0.0004612133007918859
1,1,0.1914434343538829,0.8063272996148823,0.0022292660312347896
0,1,0.47000222395531455,0.5292815801950378,0.0007161958496475514
0,1,0.32644863323114903,0.6709714305811705,0.002579936187680559
1,1,0.020231180862483336,0.9361510143598908,0.043617804777625994
1,1,0.12128516596908046,0.876444265481166,0.002270568549753383
0,0,0.6863923687247693,0.3130222077026008,0.0005854235726298969
1,1,0.44051796965423135,0.5578856446375725,0.0015963857081961227
1,1,0.36869963963130015,0.6296731785437933,0.0016271818249065314
1,1,0.23520453721786339,0.7635766208309095,0.001218841951227051
1,0,0.8080672876104467,0.191345280999854,0.0005874313896992797
0,1,0.2991215612443415,0.6967166819008322,0.004161756854826294
2,2,6.185629817099024e-05,0.14692468070762604,0.8530134629942029
0,0,0.7248676300364579,0.275026199137325,0.00010617082621714172
0,0,0.8189569084620518,0.18084888666148638,0.00019420487646182926
1,1,0.23330893091826221,0.7652465941417858,0.0014444749399520505
0,0,0.5990944333057583,0.3999216561857181,0.0009839105085235921
0,0,0.5355700198631204,0.4638100867169844,0.0006198934198953082
1,1,0.29077954024237734,0.7070810574251597,0.002139402332462852
0,0,0.8466245079959722,0.15328116600858643,9.432599544123957e-05
0,0,0.9406903593888586,0.05891886650663377,0.0003907741045077348
1,1,0.17302477446313685,0.825787562833146,0.0011876627037171843
1,1,0.13985716250017377,0.8580926863022414,0.0020501511975846458
1,1,0.2820235027412214,0.673117188308732,0.04485930895004657
0,0,0.6664026785183658,0.3328235825475084,0.0007737389341257897
1,1,0.30843610229063334,0.6904832719846719,0.0010806257246948688
1,1,0.031000496527510635,0.9633147880684467,0.005684715404042642
1,1,0.13382844113361098,0.8274502454609726,0.03872131340541659
1,1,0.3052436212725497,0.6920082357610777,0.002748142966372461
1,1,0.2346904702735819,0.75728467579607,0.008024853930348077
1,0,0.7176876302834123,0.28190966902017495,0.0004027006964128721
0,0,0.756504078843289,0.24323012552688694,0.00026579562982412524
1,1,0.1444129243300355,0.8402400436093634,0.0153470320606011
1,0,0.7850339340197241,0.21484000204833684,0.00012606393193908763
1,1,0.054943276966143095,0.9370494448513119,0.0080072781825449
1,1,0.11774819893122465,0.8178625677381989,0.0643892333305765
0,0,0.8024419767602773,0.19747742454270503,8.059869701780701e-05
1,1,0.4240803114976564,0.5742356678119295,0.0016840206904139923
1,1,0.09472879682914423,0.902307609788599,0.0029635933822567745
0,0,0.8826695112421085,0.11726413721798859,6.635153990286676e-05
1,1,0.09098182035103883,0.8976341034683387,0.011384076180622503
0,1,0.307012087494733,0.6918061322063503,0.0011817802989167099
1,1,0.26794781837520015,0.7309097738164574,0.0011424078083425435
0,0,0.9035068598343774,0.09642617659401174,6.69635716108749e-05
1,1,0.029541428835855695,0.961344592821275,0.009113978342869292
0,0,0.7655496129375206,0.233609059597929,0.0008413274645503844
1,1,0.3257426917344898,0.6725171950957042,0.0017401131698060015
0,0,0.7898746823142369,0.20976813871396902,0.00035717897179413875
2,2,7.775079752158789e-08,0.00014049392771638296,0.9998594283214862
1,1,0.25624099993862315,0.742850406503547,0.0009085935578298809
1,0,0.9141091245011468,0.08572240161280881,0.00016847388604452593
1,1,0.04362848577748195,0.9519761347989274,0.00439537942359059
0,1,0.44512604479919365,0.5497986512452543,0.005075303955552116
1,0,0.6419182224480716,0.35786573865033006,0.00021603890159834331
1,0,0.6346543874426228,0.36474316971132753,0.0006024428460497303
1,1,0.08639565933029889,0.9105430406228975,0.0030613000468035106
1,0,0.6742897649296096,0.32537635225843137,0.0003338828119591116
0,1,0.029083029447330218,0.8511047189511569,0.11981225160151297
1,1,0.38442896452204844,0.6136011111353858,0.0019699243425655944
1,1,0.024955821307757895,0.9620750700662671,0.012969108625974732
1,1,0.15065229284125153,0.8463945455886895,0.0029531615700590114
0,0,0.7731263750961572,0.22657684265067957,0.00029678225316324606
0,0,0.8378833686340439,0.16059981601625764,0.001516815349698442
0,1,0.41720911207078026,0.5817317249614821,0.0010591629677377899
1,1,0.12830810415066932,0.8666933355958787,0.00499856025345193
1,1,0.24925317518423876,0.7488192067556126,0.0019276180601486025
1,1,0.07681180006006634,0.9193898272893983,0.0037983726505352493
0,1,0.3154723316654752,0.681848756399214,0.002678911935310692
0,0,0.6408834756683176,0.3583242361796785,0.0007922881520037468
0,1,0.36072317974524865,0.6366264210466169,0.002650399208134441
1,1,0.2929341729004525,0.7048215303096084,0.0022442967899391555
2,2,1.5743009969734593e-05,0.14676861463644097,0.8532156423535894
1,1,0.3277438245378329,0.6702162182161201,0.0020399572460470913
0,0,0.7372741285289377,0.25973220135653863,0.002993670114523793
1,1,0.408434484948237,0.5901810329353556,0.0013844821164074848
1,1,0.18934047089922346,0.8094380066100342,0.0012215224907423635
1,0,0.742358015152135,0.256354727055632,0.0012872577922330508
1,1,0.11049013337656494,0.8856994177071353,0.0038104489162995845
0,0,0.6744601478743683,0.3252467215020655,0.00029313062356613645
1,1,0.413912803923272,0.5825894598429344,0.0034977362337936693
0,0,0.5639633030126604,0.43468349498528497,0.0013532020020546552
1,0,0.8346525739297896,0.16519883685365655,0.00014858921655368413
0,0,0.5611965807852336,0.4380345127208867,0.0007689064938796641
0,0,0.9136880698294643,0.08610200215545401,0.00020992801508162726
0,0,0.9246318969111514,0.07466294805678747,0.0007051550320611553
2,2,0.009391642545095674,0.2792944682514595,0.711313889203445
0,1,0.4901681875666611,0.5086380741445177,0.0011937382888212189
0,0,0.9123592049185748,0.08641225326733577,0.0012285418140895361
1,0,0.5985890037664149,0.3996805370134878,0.0017304592200972828
1,0,0.7524941889413412,0.24735364382800137,0.0001521672306574357
1,1,0.48335329538056987,0.5162315867376067,0.00041511788182330665
0,0,0.8731286167695618,0.12674280291608267,0.00012858031435553972
0,0,0.869877640250208,0.130066340984902,5.6018764890152204e-05
1,1,0.3906353141787955,0.6068012176463199,0.0025634681748846386
0,0,0.9939768479708448,0.006006652649406808,1.6499379748428825e-05
1,1,0.05065595436082756,0.9457267540094111,0.003617291629761346
0,1,0.34467773591439615,0.6526751341429845,0.0026471299426191652
1,1,0.19683703490910776,0.8009847601940109,0.002178204896881384
1,1,0.20887668276137436,0.789867952665816,0.0012553645728095677
0,1,0.2820613743470839,0.7056063347661841,0.012332290886732041
2,2,2.261100291838698e-05,0.08656599466815461,0.913411394328927
1,1,0.06472415256379757,0.8616192985771782,0.0736565488590243
0,0,0.6852612624008466,0.313677326368679,0.0010614112304744145
2,2,2.0319076943491507e-08,3.387642300646199e-05,0.9999661032579167
0,1,0.43694349486643713,0.555629511675846,0.00742699345771688
2,1,0.044625429295812494,0.8485573638975428,0.1068172068066447
0,1,0.3122610383059397,0.6871421295071085,0.0005968321869518383
1,0,0.7199827258185035,0.2794049366446337,0.0006123375368626729
2,2,7.945023030396021e-05,0.06992972794617937,0.9299908218235167
1,0,0.8799093875235604,0.11993776881350504,0.00015284366293447262
1,1,0.09619721607164436,0.9019173189013228,0.0018854650270329293
1,1,0.0410566564487078,0.9558258689859367,0.0031174745653556745
0,0,0.8047570963909388,0.1950280338276555,0.00021486978140562263
2,2,0.010130895681930825,0.39052769749843275,0.5993414068196364
1,2,0.001738683374411437,0.4512059154208177,0.5470554012047708
1,0,0.6827392020283742,0.31673889534942995,0.00052190262219589
1,1,0.3063050177622018,0.69114438849045,0.002550593747348165
0,1,0.4856537027976725,0.5141693559478115,0.00017694125451582935
0,0,0.5802947968894929,0.41770224774962195,0.0020029553608849927
1,1,0.07140513553383881,0.9259498620637923,0.002645002402368929
0,0,0.569974687116991,0.4292624582227328,0.0007628546602763113
1,1,0.1645614751239049,0.7905641413511543,0.044874383524940865
0,1,0.4292993337466517,0.570181337892419,0.0005193283609291487
1,1,0.13434153386665196,0.8642968338469071,0.0013616322864407925
1,1,0.16549998494196172,0.8322578675734753,0.0022421474845630497
1,1,0.06748691118821563,0.9297720084193448,0.0027410803924394684
1,1,0.3433933345978903,0.6507743957282255,0.005832269673884331
0,1,0.4228677480854907,0.5758602689064476,0.0012719830080615904
1,0,0.632197982946982,0.3673889593519214,0.0004130577010965699
1,0,0.5407513619128823,0.45846132878658913,0.000787309300528599
0,0,0.638529221588207,0.36054470201245103,0.000926076399341945
1,1,0.19508366516245204,0.7982481078374789,0.006668227000068957
2,2,0.0025225868444756494,0.2531904933285659,0.7442869198269584
0,0,0.8596818963907654,0.14021306347938414,0.0001050401298505348
1,1,0.25448516294824125,0.741343163381778,0.004171673669980846
0,1,0.3452454906209382,0.6530557700507438,0.001698739328318115
0,0,0.8437245181673881,0.1560673201384208,0.00020816169419098164
1,1,0.07411843534386578,0.8656963050043986,0.060185259651735414
1,1,0.29713425304931873,0.7005807886856638,0.002284958265017527
1,2,0.0002639590136118968,0.13673813452000083,0.8629979064663874
0,0,0.6753855401881125,0.32426695617686613,0.0003475036350214606
1,1,0.40090063004732784,0.5974039862704396,0.0016953836822326206
1,0,0.5939361709679374,0.40561037920797266,0.00045344982408996974
1,1,0.0874238784892101,0.910096490941033,0.0024796305697568763
0,1,0.3861575949788988,0.6129971371244979,0.0008452678966033273
1,0,0.5159072316367384,0.4836264475905098,0.000466320772751752
0,1,0.15698814443805503,0.8356272974781705,0.007384558083774403
0,0,0.9691929915828948,0.03055775481608455,0.0002492536010205307
1,1,0.11798529269170303,0.8789882470425592,0.0030264602657377633
1,1,0.20376345452724698,0.7890515759692543,0.007184969503498833
1,1,0.2466203098331981,0.7521719342562819,0.00120775591052001
0,0,0.5779700202666989,0.4215437613360457,0.0004862183972554245
0,1,0.44990352524330696,0.5484862311693945,0.0016102435872985205
1,1,0.12054889453618439,0.8759215309539785,0.0035295745098372347
0,0,0.6861011929455443,0.31371669361146487,0.00018211344299080972
0,0,0.8434134036162365,0.1562875373522711,0.00029905903149249856
2,2,0.00016099286306661445,0.1898597793009884,0.809979227835945
1,1,0.36375838854546383,0.6353273765760422,0.0009142348784939436
1,1,0.32979122446599035,0.6688301253330821,0.001378650200927545
0,0,0.8009216320321186,0.19881051025660176,0.00026785771127950603
0,0,0.6174322374985027,0.3823057597721339,0.0002620027293634208
0,1,0.3103369140560152,0.6883273286407089,0.0013357573032758607
1,1,0.02922124298558006,0.961781815944827,0.008996941069593017
0,0,0.8078499774967177,0.19134397069864356,0.0008060518046388627
2,2,1.9936420444695115e-05,0.030580373916175508,0.9693996896633797
1,1,0.17122164986677352,0.8274110783823928,0.0013672717508337532
0,0,0.7563122240040396,0.2433889231553222,0.00029885284063806665
1,1,0.45905054521902694,0.5403507682615472,0.0005986865194258221
1,1,0.040076920475689996,0.8552362555033499,0.10468682402095995
1,1,0.44717392364765773,0.551105030022116,0.0017210463302263313
0,1,0.3622152739189101,0.6321830158223283,0.005601710258761594
2,2,2.0242821339222356e-05,0.12503645108480155,0.8749433060938593
0,0,0.6120575383502544,0.3877699527081044,0.00017250894164117525
2,1,0.0007516883412266227,0.5422833879056103,0.4569649237531631
1,1,0.06406035040773357,0.8895004904075299,0.046439159184736525
0,0,0.5768781328583604,0.4227331650464005,0.0003887020952390655
2,2,0.00012658251709152905,0.12166558812333911,0.8782078293595694
1,0,0.8680704323351852,0.13177535016137298,0.00015421750344194504
1,2,0.0005533475096286606,0.4840802212170524,0.5153664312733189
0,0,0.6141608492971843,0.3852019913827641,0.00063715932005156
0,0,0.5445119355390746,0.4538750053405775,0.0016130591203478806
0,1,0.149986513548781,0.8462031687355009,0.0038103177157179607
2,2,0.005776923563816974,0.27549081309319895,0.718732263342984
0,0,0.9341685131371122,0.06531565556863068,0.0005158312942569703
2,2,0.002899386292303041,0.1983983812410206,0.7987022324666763
0,0,0.7977015248232994,0.20211879177900344,0.00017968339769726136
1,1,0.2609363553815151,0.7355249087319509,0.0035387358865338965
1,1,0.43507611100754684,0.5636188378548435,0.001305051137609652
0,1,0.08025012970753971,0.9132704432340977,0.0064794270583625226
1,1,0.020262380634495255,0.9674139547553314,0.012323664610173424
1,1,0.08177853771813541,0.9065914238174405,0.011630038464424085
2,2,7.880553082604852e-07,0.004257369064891333,0.9957418428798004
0,0,0.7267386573430042,0.2731711049164976,9.023774049814281e-05
1,0,0.6590510732228487,0.3404255244225462,0.0005234023546050534
1,1,0.4616347963924924,0.5381206895987426,0.0002445140087650703
1,0,0.8269197551384547,0.17250514544269407,0.0005750994188512264
0,1,0.48022341232513405,0.5190256334564652,0.0007509542184007701
1,1,0.45708505479503486,0.5421149718884272,0.0007999733165380549
0,0,0.696880599665914,0.30270181687242387,0.00041758346166215546
1,1,0.10723666420681112,0.8921796823289623,0.0005836534642265119
1,1,0.2914693272061092,0.7073049299056151,0.001225742888275814
1,2,0.00042332581748955885,0.18958070600089566,0.8099959681816147
0,0,0.6926481920538963,0.30698962920198747,0.00036217874411637594
1,1,0.20159983897017544,0.7962586167614668,0.0021415442683578334
1,1,0.21225172263456157,0.7870663943850583,0.0006818829803801139
2,2,0.0005487182670587353,0.3412574428186625,0.6581938389142786
2,2,4.996037132096231e-06,0.00038757447521875867,0.9996074294876491
1,1,0.28867122922128974,0.7108344960073405,0.0004942747713697985
0,0,0.606066059658603,0.3937167107679971,0.00021722957339989098
1,1,0.06361419755720388,0.860780781682712,0.0756050207600841
0,0,0.5934145431324055,0.4047018213494962,0.0018836355180981935
1,1,0.43920555954552576,0.5597400564422463,0.0010543840122279355
0,1,0.2431875327036521,0.7548409517531575,0.0019715155431905477
1,1,0.06417283324497873,0.9257896893236433,0.010037477431378117
1,1,0.04577085481767586,0.9506134585843896,0.003615686597934578
1,1,0.35801688948323557,0.640350050918889,0.0016330595978756002
1,1,0.2472871814836189,0.7508702933654167,0.0018425251509644497
0,0,0.5487150620160743,0.45035357723896363,0.0009313607449620623
1,0,0.59125598393625,0.40826826553805945,0.00047575052569063565
1,1,0.12717277891022055,0.8609003049826669,0.011926916107112374
2,2,0.009590101580774429,0.415232466148946,0.5751774322702795
1,0,0.5236591931374595,0.47362419438244197,0.0027166124800986637
1,1,0.10571303900660878,0.892649135380783,0.0016378256126082379
0,0,0.8864351344600979,0.11352633084867655,3.853469122548871e-05
0,1,0.3194262829254141,0.6786335650626314,0.0019401520119546392
1,1,0.3832249446726563,0.6124838053224585,0.0042912500048852085
1,1,0.36935480888980243,0.6298529080203327,0.0007922830898649879
0,0,0.8153702303065079,0.18429546010621162,0.00033430958728047547
0,0,0.943645440621495,0.05607708289248511,0.00027747648601983535
1,0,0.614946433982141,0.38456035355294,0.0004932124649189996
1,1,0.49545279289173433,0.5036138356236795,0.0009333714845862346
0,0,0.9335779823533441,0.06562630089232564,0.0007957167543302874
1,1,0.03217777089983669,0.8948311824204328,0.0729910466797305
0,0,0.868373523546198,0.13145386331256928,0.00017261314123272068
1,1,0.09579046854504346,0.9005232948159477,0.003686236639008843
0,0,0.8232498988452539,0.17654308581769382,0.0002070153370521671
1,0,0.614849999765924,0.3839177627296048,0.0012322375044712646
0,0,0.7296949697335164,0.2700451795377608,0.00025985072872289756
2,2,4.8610019336434476e-05,0.04531335130224696,0.9546380386784166
0,0,0.6762505934195806,0.323544819732452,0.0002045868479674853
1,1,0.07976510568502573,0.6489669719770556,0.2712679223379187
1,0,0.693889235569274,0.30584621045246996,0.00026455397825611685
1,1,0.2176583779193595,0.7808123437755574,0.001529278305083134
0,0,0.6251190745058977,0.3736110242119074,0.001269901282195069
0,0,0.9992093635839883,0.0007311525584372415,5.948385757450508e-05
1,0,0.5427922737282749,0.4560723741803471,0.0011353520913780317
1,1,0.4535792843401497,0.5451316321234164,0.0012890835364339087
0,1,0.24557439947315382,0.7513049915678961,0.0031206089589500604
0,1,0.2978982847340203,0.6986504581786633,0.003451257087316397
0,1,0.1086510949600201,0.8896409372912112,0.0017079677487688016
1,1,0.32430156679702365,0.6718622161848035,0.003836217018172991
1,1,0.3490175584320275,0.6500142739994196,0.0009681675685529307
1,1,0.32176089720636925,0.6726987208107019,0.005540381982928784
1,1,0.1949286886390698,0.8010647834209526,0.00400652793997748
0,0,0.7720334038628404,0.22749595845234033,0.00047063768481923115
0,0,0.7019815472927942,0.2978305103771499,0.00018794233005597544
0,0,0.9657187283077101,0.034082654013259016,0.00019861767903099604
1,1,0.30646940604829537,0.685509633557611,0.008020960394093696
0,0,0.8903325134311987,0.10925099223718321,0.000416494331618106
1,1,0.056710882051080685,0.9401525743819633,0.0031365435669558437
0,0,0.9819702889610039,0.017961661957778544,6.804908121748605e-05
1,1,0.07044005567490359,0.8824657274370737,0.04709421688802254
1,1,0.011388739933100998,0.9827769002437033,0.005834359823195671
0,1,0.32369167033885704,0.6732440270636143,0.0030643025975287228
0,0,0.8230465686536274,0.17644017878516446,0.0005132525612082719
2,2,0.0020498454909963653,0.23345986000391855,0.7644902945050851
1,1,0.3711214838020372,0.6280736884986247,0.0008048276993381666
1,0,0.8158144411052975,0.1839895480376003,0.00019601085710234
1,1,0.17257651427785872,0.822945385371945,0.004478100350196458
1,1,0.22096858716352066,0.777413382381267,0.0016180304552124076
0,0,0.6759857762139436,0.32331157196052573,0.0007026518255307293
1,1,0.0911560654956591,0.8992513314764811,0.00959260302785979
0,1,0.15944149853306042,0.8386248414928589,0.0019336599740807407
1,1,0.20061045721661627,0.7932592150757698,0.0061303277076138665
0,0,0.7862064436477895,0.21372193811264403,7.16182395664089e-05
1,1,0.27806879831353304,0.7167424968835882,0.005188704802878753
2,2,7.508378149797946e-06,0.051047116462154686,0.9489453751596955
2,2,1.3691515724971308e-08,1.3882637061157974e-05,0.999986103671423
0,0,0.6013208809326142,0.39836188856579446,0.0003172305015913674
1,0,0.6578067034393029,0.34129000832090295,0.0009032882397940726
1,1,0.22664931019664172,0.7685906364548216,0.004760053348536597
1,1,0.24466881412242722,0.7542526302036591,0.0010785556739137203
0,0,0.5918283539939154,0.40724908199997867,0.0009225640061059803
2,2,0.00048193095688243634,0.174082287749495,0.8254357812936225
2,2,4.39631194378178e-09,3.668206611846225e-05,0.9999633135375695
1,1,0.4646633827945811,0.5347280453182109,0.0006085718872079648
1,1,0.10071024776368405,0.752616766283849,0.14667298595246694
0,0,0.7829321864320015,0.21692924581046125,0.00013856775753729787
1,1,0.37020522063668915,0.626857348251373,0.0029374311119379046
0,0,0.885539023929677,0.11330562615832128,0.0011553499120017655
0,0,0.8716935701991391,0.12820496704664217,0.00010146275421881555
0,0,0.6510611702372895,0.348549020015234,0.0003898097474764333
0,0,0.7785412331135982,0.2213743501858967,8.441670050500746e-05
1,1,0.44828325964624904,0.5499726743733719,0.0017440659803790353
1,1,0.03641236465179276,0.9595851689826121,0.0040024663655949776
1,0,0.8074301216238128,0.19127586722306136,0.0012940111531258918
1,1,0.45227609770768296,0.5465950281268777,0.0011288741654393666
0,0,0.7405551907624681,0.25915973394245145,0.00028507529508046986
0,1,0.2568789278710779,0.7378105912010191,0.00531048092790289
1,0,0.5291214366258785,0.47047813442511827,0.00040042894900322554
2,2,1.0534363575352738e-06,0.01681160906103577,0.9831873375026068
1,1,0.18370397336852448,0.8145329110717168,0.001763115559758728
1,1,0.3948480804202285,0.6042001388545188,0.0009517807252526267
0,0,0.7196473525361855,0.2802337209929841,0.0001189264708304714
2,2,0.00485731850253313,0.2348349244986565,0.7603077569988103
0,0,0.8116014811993909,0.1881261295880812,0.00027238921252794034
0,0,0.5877363016979573,0.41168389297221314,0.0005798053298295484
0,1,0.29242049030479866,0.7054767723880482,0.0021027373071532403
0,0,0.9261892695401692,0.07346256974780183,0.0003481607120289541
1,1,0.3226653270215947,0.6706159123012,0.006718760677205356
2,2,1.0775167132298079e-05,0.08962551376517855,0.9103637110676891
1,1,0.23845643675137262,0.7598545228376598,0.0016890404109675572
1,1,0.46058414697552263,0.5370359149973488,0.002379938027128575
1,0,0.6779102212236974,0.3210886299989701,0.0010011487773325255
0,1,0.49565381815808146,0.5036707309660848,0.000675450875833738
1,1,0.12691963306991655,0.8715960082536017,0.001484358676481845
0,0,0.7349943086563362,0.2647455168699019,0.0002601744737618534
0,0,0.8151440059444918,0.1845748135333457,0.0002811805221625677
0,0,0.9532840162781129,0.04645413574660229,0.0002618479752848
0,0,0.9240129864724803,0.07593745726619167,4.955626132798034e-05
0,1,0.22990230836086803,0.7659545836464964,0.004143107992635479
0,0,0.5431812935674086,0.4565099046784331,0.00030880175415826165
2,2,0.004360353786829212,0.26116301725139135,0.7344766289617796
1,1,0.10912118234323934,0.889150690927422,0.0017281267293386294
1,1,0.21175264807875177,0.7859590240675893,0.0022883278536589
0,0,0.7972565008120331,0.2026987426666852,4.4756521281610166e-05
1,1,0.4741486031626403,0.5256628908806992,0.0001885059566604524
1,1,0.3883633034419273,0.6096407870044829,0.0019959095535899015
0,0,0.6874082901665436,0.31200743135396186,0.0005842784794945784
0,0,0.6608643688555149,0.33898930865194915,0.00014632249253587726
1,1,0.0888791836424034,0.9075712798103529,0.003549536547243572
1,1,0.09995090988012671,0.8941631352703546,0.005885954849518692
1,1,0.2027995002110994,0.7925556756003747,0.004644824188525873
0,0,0.8700041082580882,0.1298087771873884,0.00018711455452342425
1,1,0.3527565041725444,0.6441680471458469,0.0030754486816086052
0,0,0.6598711986062328,0.3398329818997325,0.0002958194940346155
0,0,0.6324837415365521,0.3673041036983095,0.00021215476513838274
0,1,0.4711134803943418,0.527851687314236,0.0010348322914221564
0,0,0.9001754740668308,0.09949977918265147,0.000324746750517696
0,1,0.14719487284375496,0.8491087022860937,0.003696424870151429
2,2,6.976204628004984e-06,0.036614568327283714,0.9633784554680882
1,0,0.6231192355729964,0.3763689343372667,0.0005118300897368982
0,0,0.8307289630531676,0.16875175306639453,0.0005192838804378951
0,0,0.9250602871777489,0.07474247765647582,0.00019723516577537116
1,1,0.2591271567158124,0.7397281308371325,0.0011447124470551145
0,1,0.09847811197452445,0.8985494642016164,0.002972423823859193
1,1,0.3990551981551817,0.5967785732482811,0.004166228596537192
0,1,0.2494462624419178,0.7467220319642345,0.0038317055938477686
2,1,0.001613478474217285,0.6348984001633788,0.36348812136240394
1,0,0.5556079526673299,0.44417953902066704,0.00021250831200311942
1,1,0.4286591311652134,0.5709477060131493,0.0003931628216374244
1,1,0.2693774069086822,0.7231920340826254,0.007430559008692379
1,1,0.25780266279110947,0.7403821566065752,0.0018151806023153304
1,1,0.12118592498858953,0.876520956937315,0.0022931180740953603
0,0,0.9540961009140819,0.04555336336285253,0.00035053572306569815
0,0,0.8227288098266904,0.17713697973428869,0.00013421043902102706
0,0,0.5676462120313092,0.431979248953688,0.0003745390150028389
1,1,0.17480456299617883,0.7996101410315579,0.025585295972263302
1,1,0.3789266436478621,0.6198001749214782,0.0012731814306597392
0,0,0.7987868877671019,0.20114619437094372,6.691786195413893e-05
0,0,0.9295387251740745,0.07034608112208315,0.00011519370384228648
1,1,0.13477439929584892,0.8552791000910965,0.009946500613054382
1,1,0.08511868691863082,0.9121522382633163,0.002729074818052863
1,0,0.5309501234108067,0.46774759656279336,0.0013022800263998878
1,1,0.11432760446613918,0.8626755434746326,0.022996852059228058
1,1,0.10192217260967325,0.8957026068840521,0.002375220506274591
2,2,4.0486602091569917e-07,0.0055810216963313826,0.9944185734376476
0,0,0.8894000876873002,0.11043496929612857,0.00016494301657122543
0,0,0.9170661517311384,0.08274952132733426,0.00018432694152732313
0,1,0.3082472027505527,0.6898296346448383,0.0019231626046090774
1,1,0.061063187526995265,0.8730908110987842,0.06584600137422053
1,1,0.23297465100656392,0.7519805029301037,0.01504484606333263
0,0,0.7726433592075235,0.2271666667548792,0.0001899740375972037
1,1,0.21714112270668268,0.7804182008749501,0.00244067641836717
0,0,0.6743627763737385,0.3255072454557018,0.00012997817055967982
2,2,0.0009930932569654268,0.19013533812059716,0.8088715686224375
0,1,0.3351626096081895,0.6628423968082607,0.0019949935835497454
2,1,0.025976612484403597,0.849221676695298,0.1248017108202983
1,1,0.03829932876989833,0.9501210208433365,0.011579650386765174
1,1,0.11921512919218473,0.879457400224668,0.001327470583147296
1,0,0.5909105472458749,0.40704847730333327,0.0020409754507917962
2,2,0.00022173741903895356,0.07670350394376622,0.9230747586371949
1,1,0.2686498345311258,0.7304463277377418,0.0009038377311324995
1,1,0.01674170897413297,0.9751280451390557,0.0081302458868113
0,0,0.6703357277198049,0.32931894123545474,0.00034533104474044035
1,0,0.5172828883421902,0.4822844362722497,0.0004326753855601467
1,1,0.05789067311870523,0.9306602649156978,0.011449061965597087
0,0,0.7792311199186938,0.21998837421880182,0.000780505862504333
1,0,0.7155796193385263,0.28429203545574694,0.00012834520572671619
1,1,0.029503834907648695,0.9642392052887734,0.006256959803577872
0,0,0.999185537894399,0.0007432557228986413,7.120638270233015e-05
1,1,0.25309396032138615,0.7439514042434964,0.002954635435117441
1,1,0.2840113284499603,0.7146196509183174,0.0013690206317223572
0,0,0.9452267050046778,0.0542390310975831,0.0005342638977392079
2,2,0.0007031918203793114,0.14672201983723634,0.8525747883423843
1,1,0.025057454288364322,0.9669443861312814,0.00799815958035438
1,1,0.15455082062616624,0.842081618361911,0.003367561011922704
1,0,0.4995975024454706,0.49879104533386964,0.0016114522206597823
1,1,0.18653000043508616,0.810526841821882,0.002943157743031994
0,1,0.46213351035267347,0.5365031636698325,0.0013633259774940448
2,2,0.00035053823164297917,0.19561842970394225,0.8040310320644148
2,2,0.0006765732936842355,0.14402290323759923,0.8553005234687165
1,1,0.42091654955856794,0.5769055864988373,0.002177863942594874
1,0,0.6427662071785781,0.3568856581427359,0.00034813467868583664
1,0,0.5301587373828494,0.4694845593738198,0.0003567032433307259
1,1,0.27368655449467094,0.7254095071752503,0.000903938330078628
1,0,0.5337029905987325,0.4657659193451504,0.0005310900561171668
1,1,0.11786979434179574,0.880917479572903,0.0012127260853010617
2,2,0.0015167394526619618,0.1380776994924208,0.8604055610549173
0,0,0.5580136456731831,0.4415426830229633,0.00044367130385356994
0,0,0.8158219455798491,0.1840817016323826,9.635278776825796e-05
1,1,0.05971850079376957,0.8778650528132009,0.062416446393029526
0,1,0.1406347846796149,0.858224546400583,0.001140668919801997
1,1,0.03471799330113746,0.8765174074389145,0.08876459925994812
1,1,0.11795556133158604,0.8772175729494164,0.0048268657189977394
0,0,0.6155739839567015,0.38330744347958934,0.001118572563709183
1,1,0.11694087353828407,0.8718602967984188,0.011198829663297208
1,1,0.15781137730210973,0.8396329778007006,0.002555644897189738
1,0,0.855337439235771,0.14448566586269795,0.00017689490153112664
1,1,0.10776353060750905,0.8886112060195874,0.003625263372903379
1,1,0.43116657024312727,0.5679722429001174,0.0008611868567553907
0,1,0.4725631872126287,0.5269436111657418,0.0004932016216293418
1,1,0.1919780119771319,0.7957983606772442,0.012223627345624006
0,1,0.22632627841041897,0.7720763075983087,0.001597413991272159
1,1,0.32246050612940474,0.6758961315343984,0.001643362336196736
1,1,0.2048250855205283,0.7907225738395197,0.004452340639951931
1,0,0.5341848101369295,0.46450692974303537,0.001308260120035123
0,0,0.8160995750511922,0.18381662323811174,8.380171069591353e-05
1,0,0.9063419253556646,0.09354459798684242,0.0001134766574929114
1,1,0.37154260042699383,0.6270757938772412,0.0013816056957649525
1,1,0.13485544844847894,0.8636820871523777,0.0014624643991434172
1,0,0.8964238611868348,0.1022814014760947,0.0012947373370705165
1,1,0.08925206434641965,0.9085341665797696,0.002213769073810674
0,0,0.886686600385481,0.11295398672958146,0.0003594128849374391
2,2,7.307835220700113e-06,0.02433702353116932,0.97565566863361
1,1,0.20102738281538346,0.7964514870246198,0.002521130159996779
0,1,0.20415785141513582,0.7945755881854877,0.0012665603993764585
2,2,7.910727190715554e-06,0.03758880491673256,0.9624032843560766
0,1,0.07379615355677364,0.9241939047489287,0.0020099416942975356
2,2,0.004006566963576392,0.26480932300105486,0.7311841100353688
1,1,0.29229913069812286,0.7043862457956036,0.003314623506273525
1,0,0.9259810502744314,0.07391315121096309,0.00010579851460542088
0,1,0.36026898069969887,0.6386864518599156,0.00104456744038555
1,1,0.13347129123202983,0.8652211683854998,0.0013075403824705256
1,0,0.7093840646070373,0.29000559109229546,0.0006103443006672981
1,1,0.22698703460535294,0.7714935164144199,0.0015194489802272332
0,0,0.6632978368409769,0.3343461200791807,0.0023560430798424555
0,0,0.5345041255700183,0.46508902474070984,0.0004068496892718139
0,0,0.6105178590264866,0.38885637330511963,0.0006257676683937186
0,1,0.40823987177431104,0.5907517340622751,0.0010083941634137904
1,1,0.0017482274253739535,0.6135793915873706,0.38467238098725526
0,1,0.46528101371106856,0.5341684838503286,0.0005505024386029027
2,2,0.00011565396741185121,0.2332667640260962,0.766617582006492
2,2,1.6847787404786016e-05,0.1378879579368745,0.8620951942757208
0,0,0.8032531939872883,0.19654251480151877,0.00020429121119281484
0,0,0.9631583539104529,0.0365750923333438,0.000266553756203201
0,1,0.363000567812466,0.6343415648913259,0.002657867296208235
0,1,0.46283246349872376,0.5367238409386829,0.00044369556259339643
0,1,0.39672560081469055,0.6012317378816194,0.0020426613036899598
0,0,0.6006723134021392,0.39903676550962597,0.0002909210882348007
1,1,0.4564595099139096,0.5423212063514119,0.0012192837346784822
1,1,0.03438141719627227,0.9456026823827335,0.020015900420994267
1,1,0.4679162905910349,0.530497621884122,0.0015860875248431472
1,1,0.08854377425851909,0.9084481376765153,0.0030080880649654296
2,2,0.00012701712041294415,0.11394886813938185,0.8859241147402052
1,1,0.0913459761111712,0.9063781591134205,0.0022758647754082804
0,1,0.23198546368808362,0.7641206563069932,0.0038938800049232395
0,0,0.9257852659730753,0.07406630008395926,0.00014843394296544884
2,2,1.9166841621909045e-05,0.1791884661682691,0.820792366990109
1,1,0.09075902688098068,0.9072859433607082,0.001955029758310991
1,1,0.10940115651783834,0.8867964273052975,0.0038024161768642484
1,0,0.5778318150984899,0.41953473809191233,0.0026334468095978326
1,1,0.1759057567687674,0.8218747513648553,0.002219491866377216
1,1,0.16475069319110053,0.8327290241930143,0.002520282615885248
1,1,0.44309884284128914,0.555809505698806,0.001091651459904908
1,1,0.1909723960188846,0.8080734546604191,0.0009541493206963275
2,1,0.000584345998867976,0.5124288142472231,0.486986839753909
1,1,0.35167042069445253,0.6465742952661269,0.0017552840394206286
1,0,0.7716848038299668,0.2281629319249431,0.00015226424509009868
0,1,0.08335273183976911,0.913463066327382,0.003184201832848901
1,1,0.0375273603300018,0.9552015221254553,0.007271117544542906
0,0,0.9679298707225987,0.03185282853524256,0.00021730074215875825
0,1,0.33963088838167493,0.6561736188429633,0.004195492775361631
0,0,0.7655165903158463,0.23401870428079485,0.00046470540335879763
1,1,0.32494931845631586,0.6737598984126953,0.0012907831309888166
1,1,0.3802640555708805,0.6115730877723694,0.008162856656750121
1,1,0.38266053551568063,0.6152845712116877,0.0020548932726317673
1,1,0.06041754189593368,0.9312144665228802,0.008367991581186222
0,1,0.05790986091246439,0.9390013563136844,0.0030887827738511242
0,1,0.42721759366303286,0.5723601040013663,0.00042230233560088085
0,0,0.677079701765315,0.32148554569643645,0.0014347525382485315
0,0,0.8494102980172159,0.15053520152208505,5.450046069912298e-05
0,0,0.929619315342616,0.07025092674078393,0.00012975791660001086
0,0,0.5991972093033431,0.4000226982232622,0.0007800924733947572
0,0,0.525940251134052,0.4728631334395663,0.001196615426381781
0,1,0.35448992872391055,0.6439758613297852,0.0015342099463041832
0,0,0.9798131635610711,0.02001859609833675,0.00016824034059221866
0,1,0.4120478809793143,0.5875651610389137,0.00038695798177216866
1,0,0.7523638188899419,0.24703695449836338,0.0005992266116947783
0,0,0.9562825739707266,0.043424529979523604,0.00029289604975002935
1,1,0.3351367230824013,0.6636612460741378,0.0012020308434609252
2,2,0.01015682337346184,0.3474240794537949,0.6424190971727433
1,1,0.016256445861100918,0.9737210428983435,0.010022511240555622
0,1,0.32549203943662,0.665084825996589,0.009423134566791036
1,1,0.061007071860198624,0.9363603896367104,0.0026325385030911293
0,1,0.045516873936851825,0.9443292195627601,0.010153906500388296
1,1,0.06225949858342527,0.9332267533449922,0.004513748071582604
1,0,0.5987474806631538,0.4008915101645037,0.00036100917234262484
1,0,0.6290160103355936,0.36921638899170806,0.001767600672698382
1,1,0.08434694326177096,0.9120646940818506,0.0035883626563784398
1,1,0.057917176994258954,0.9396865784369961,0.0023962445687447397
0,0,0.6705993892465,0.32722161103104513,0.002178999722454863
1,1,0.06800888674196229,0.9228576160835689,0.009133497174468859
0,0,0.7763303324244957,0.2232229194496345,0.00044674812586988245
1,1,0.2461263119965717,0.7514430234079165,0.0024306645955119123
2,2,0.003142296872034377,0.2876413670786973,0.7092163360492684
1,0,0.5175371659822003,0.48195345712002785,0.0005093768977718561
0,0,0.5329101881526696,0.4667794084709309,0.0003104033763995711
1,1,0.25086063164973615,0.738382461588127,0.010756906762136694
0,0,0.6648756863323336,0.33418909635451965,0.0009352173131465739
0,0,0.8005595620198876,0.19929356934789602,0.00014686863221645294
1,1,0.19764306882970656,0.7970145292998932,0.005342401870400121
0,0,0.5336328082317422,0.46482143936530873,0.0015457524029491865
0,1,0.15091652845088607,0.8384508765121024,0.010632595037011434
1,1,0.19379292056843261,0.7994517587498813,0.006755320681686175
0,0,0.916094840952415,0.08374855371310425,0.00015660533448069378
0,1,0.3918941643505006,0.6069090035423165,0.001196832107182858
1,1,0.09824655391480816,0.8940956290071548,0.0076578170780371236
0,0,0.5502964331571835,0.4488550570641099,0.0008485097787066037
0,0,0.8405656249093566,0.15938275659652698,5.161849411634923e-05
2,2,1.9567841104787524e-08,3.485960693903053e-05,0.9999651208252198
0,0,0.7188563906142171,0.2806660779955177,0.00047753139026532614
1,1,0.015707617623128497,0.980568366048792,0.0037240163280794414
0,0,0.9046357246588543,0.09519238421975453,0.0001718911213910252
1,1,0.06365487496173339,0.934183205785791,0.0021619192524756537
1,1,0.08851901268646634,0.9095004846770589,0.0019805026364748284
0,0,0.6808186399621969,0.31720664278150734,0.001974717256295774
1,0,0.5120627562759575,0.4875658148139429,0.0003714289100995198
0,0,0.5877576058323405,0.41176299328289995,0.0004794008847596726
1,1,0.3211229958515473,0.6771655797507351,0.0017114243977175297
0,0,0.8728541944231852,0.1270260299070374,0.00011977566977725606
1,1,0.14845420816739577,0.8505804971036586,0.0009652947289455571
1,1,0.11431840710541229,0.8842754767434298,0.001406116151157901
1,1,0.22083091984329592,0.7780357345609932,0.0011333455957109263
1,1,0.19639289035017773,0.802020917262263,0.0015861923875592097
0,1,0.23494665931858794,0.7612545843802211,0.003798756301191135
1,1,0.3774352818185509,0.6179089340951174,0.004655784086331684
1,2,0.00014850120349867578,0.4072744881686108,0.5925770106278906
0,0,0.6196657749577056,0.3800239927908574,0.00031023225143697554
1,1,0.06538772026514643,0.9324355627084187,0.002176717026435016
0,0,0.6358135253077386,0.3615075378503103,0.00267893684195115
1,0,0.7636227433093854,0.23606758923441468,0.00030966745619996535
0,0,0.7187411470864711,0.28081013721019926,0.0004487157033295404
0,0,0.6425105355630046,0.3572337620929219,0.00025570234407351313
1,1,0.0445164122022919,0.9525750382984962,0.002908549499211985
0,0,0.559338412131944,0.44009285697629064,0.0005687308917653995
1,1,0.20568011296206828,0.7931803766010638,0.0011395104368678672
1,0,0.777818207005679,0.22128015399651113,0.0009016389978098929
1,1,0.46357341897663,0.5359780512604874,0.00044852976288257816
0,0,0.73897119339561,0.2608269546259908,0.00020185197839919748
1,1,0.2655514149115747,0.7325589936428238,0.0018895914456015504
0,0,0.8157653367866377,0.18411010517694731,0.0001245580364150561
1,1,0.017789043411642266,0.8118710383795363,0.17033991820882147
1,1,0.09089425672612905,0.9061677307232342,0.002938012550636737
0,0,0.677916015287595,0.321989478244079,9.450646832599618e-05
0,0,0.710585660829809,0.2893301578030872,8.418136710381524e-05
1,1,0.4616710968951096,0.5370082947669939,0.0013206083378966215
1,1,0.12353791276566525,0.8740094678626987,0.002452619371635864
1,1,0.3179403860625922,0.6810017023162632,0.0010579116211446129
1,1,0.2320303633629581,0.765747077167294,0.0022225594697478676
1,1,0.25474740858637784,0.7417565715937132,0.0034960198199090243
0,0,0.7572125183346171,0.24262394226965509,0.00016353939572791328
1,1,0.1768537076311179,0.8183447891301664,0.0048015032387156336
1,1,0.19505646563870355,0.8020693935614818,0.002874140799814763
0,2,0.016549672289294052,0.4734941778958563,0.5099561498148496
0,0,0.8292470234146863,0.1706657803045302,8.719628078352983e-05
0,0,0.7886299353356215,0.211192453925159,0.00017761073921938343
1,1,0.022314196662790588,0.8545182507057075,0.12316755263150181
1,1,0.28353948856871214,0.7146555691587365,0.0018049422725514585
1,1,0.37010272096964725,0.6293291425742263,0.0005681364561264555
0,0,0.5388199485321526,0.4601683114728536,0.0010117399949937911
1,1,0.010520672883681002,0.9853992059230939,0.00408012119322508
1,1,0.03332305368690556,0.9089874011841621,0.05768954512893229
0,0,0.7858307067491226,0.21407259380687008,9.669944400727675e-05
2,1,0.059518082786372876,0.8709085918298098,0.06957332538381725
0,0,0.6442823884986629,0.3554564615340345,0.00026114996730258104
1,1,0.4496171081198293,0.5494861668483242,0.0008967250318465513
0,0,0.7811891495779,0.21854927324931078,0.0002615771727892761
1,0,0.7138977351185289,0.285702169496711,0.00040009538476004636
0,0,0.6272532377673868,0.3725118491684437,0.00023491306416938514
1,1,0.3237623533868143,0.6742469558761996,0.0019906907369860094
1,1,0.12115519028138486,0.8685334821162427,0.010311327602372505
0,1,0.34245529486336784,0.6557166211639177,0.0018280839727143445
1,1,0.283981929558375,0.7145626942622954,0.0014553761793295178
2,2,8.894095525499944e-05,0.27082949468477574,0.7290815643599693
1,1,0.18394610682305546,0.8151193437582074,0.0009345494187370663
1,1,0.04798927299604608,0.9473463042540887,0.004664422749865133
1,0,0.7457563100474005,0.2537583471577442,0.00048534279485528363
1,0,0.5089807037022093,0.49030381957209085,0.000715476725699911
0,0,0.6528321719805702,0.34690786177246447,0.00025996624696527336
1,0,0.6971763814314775,0.3024221634595233,0.00040145510899927586
1,0,0.9460335543833209,0.05310927666394358,0.0008571689527355081
1,1,0.21627912991162823,0.78232988732539,0.0013909827629817596
0,0,0.8874627333043638,0.11247244067656934,6.482601906696855e-05
1,1,0.054545997841820175,0.9397306886077275,0.005723313550452351
0,0,0.5190850687077405,0.4794630073348583,0.001451923957401118
2,2,8.395080097653104e-05,0.08388639661510452,0.916029652583919
1,1,0.017739458859436556,0.9757466881207394,0.006513853019824041
0,0,0.9054788266825646,0.09444273674863259,7.843656880280861e-05
0,0,0.7125487341814645,0.28715288719012505,0.0002983786284104527
0,0,0.9799798135351745,0.01991692766786366,0.00010325879696189082
1,1,0.3487543194791191,0.6486046979326187,0.0026409825882622354
1,0,0.717217700489787,0.281868378159143,0.000913921351069994
0,0,0.5817562902794555,0.4162639158623168,0.001979793858227581
1,1,0.22864924257628663,0.767916609934858,0.0034341474888552673
1,1,0.26737188630100844,0.7320587535592155,0.0005693601397761663
0,0,0.681257419157677,0.3177480615967702,0.0009945192455527174
1,1,0.04265776284376452,0.9319690763299455,0.02537316082628994
0,1,0.46728094133520226,0.5305159800469567,0.002203078617841036
2,2,2.774820787647763e-06,0.0003062475480796909,0.9996909776311328
0,0,0.5651656611788166,0.4346357839041425,0.00019855491704096436
0,1,0.1937727263752779,0.8040846694793338,0.002142604145388464
1,1,0.10174315985826171,0.64665071144474,0.25160612869699833
1,2,0.00018653167706408213,0.3012414530165251,0.6985720153064109
0,0,0.8213161886185317,0.1783519965565912,0.00033181482487712764
1,1,0.08512014787220494,0.9130762961523076,0.001803555975487574
0,1,0.4947598036975047,0.5047606753325427,0.00047952096995259317
0,0,0.6709677276089665,0.3271780294586053,0.0018542429324283369
0,0,0.5633541015244095,0.4362619971641753,0.0003839013114152309
1,1,0.016947026892957413,0.9780249653177246,0.005028007789318033
1,1,0.18675747048284724,0.8102213117689674,0.0030212177481853163
1,1,0.13341473331468792,0.8637127441627853,0.0028725225225267105
0,1,0.18439742178846244,0.8138098821261424,0.0017926960853951073
0,1,0.20893615397038084,0.786681496489702,0.00438234953991712
1,1,0.16378613121197594,0.8313253098001333,0.004888558987890676
1,1,0.2685721441782014,0.7298884353979083,0.0015394204238903314
0,0,0.696604483066783,0.3006706399933065,0.0027248769399105264
0,0,0.9298533303953974,0.07003209734302462,0.00011457226157795148
0,0,0.5845016731813617,0.41482236562594543,0.0006759611926927425
0,0,0.8330440902789656,0.16660534484028294,0.0003505648807514005
0,0,0.8684935859449704,0.13127093191128314,0.00023548214374656816
1,1,0.18894205035440476,0.8043381974984858,0.006719752147109444
1,0,0.7012139706726657,0.29608493879218145,0.002701090535152954
1,1,0.3602445685849294,0.6386171538168038,0.001138277598266684
0,0,0.6951954744146595,0.3045556615960937,0.0002488639892467524
1,1,0.029164021130481006,0.964890086582609,0.005945892286909937
1,1,0.08305825290583828,0.8601248888301074,0.056816858264054367
0,1,0.4303335286251438,0.5666892845594765,0.0029771868153798515
1,1,0.05916665633715852,0.8994075975193765,0.04142574614346513
0,1,0.45825046653583135,0.5412229761392817,0.0005265573248870524
1,1,0.07117125956279359,0.8996888734083399,0.029139867028866645
1,0,0.9468227919293571,0.05257070818497061,0.0006064998856720575
1,1,0.07756841698153637,0.8790030307627231,0.043428552255740514
1,0,0.7873814080999186,0.21243504709325103,0.00018354480683048497
1,0,0.5498013569590353,0.4495826619698591,0.0006159810711056099
2,2,1.9268945980100728e-07,0.01770276532888977,0.9822970419816506
0,1,0.35282768330071307,0.6434420808321867,0.0037302358671002993
2,1,0.07502080018832857,0.8543442952054097,0.07063490460626172
1,1,0.27647326539809974,0.7214813140717887,0.002045420530111409
1,0,0.6254578274540644,0.37423537963551917,0.0003067929104163523
1,1,0.08785653752039826,0.8976730339375648,0.014470428542037042
2,2,2.235195651564841e-07,0.0011461091612379641,0.9988536673191968
0,1,0.11189453713765866,0.8807445442164559,0.007360918645885381
2,2,0.0002566197352528922,0.3211606525464532,0.6785827277182939
0,0,0.6681883069905313,0.33077047734802195,0.0010412156614466811
0,0,0.9859150104771061,0.013942363225288225,0.00014262629760566914
0,0,0.6689506351540835,0.3304137967493095,0.0006355680966069875
0,0,0.8869960346160715,0.11294535055443397,5.8614829494651276e-05
0,0,0.6360727535406296,0.3633223085501695,0.0006049379092007401
1,0,0.5134769289875042,0.4860290324665369,0.0004940385459588126
0,0,0.886540576586991,0.1134225533450391,3.687006796986824e-05
1,0,0.8133101653848468,0.18616750005897698,0.0005223345561762684
1,1,0.3121131509667973,0.6863172699136142,0.0015695791195884513
1,0,0.527194051855988,0.47235283991960614,0.0004531082244058774
2,2,1.0651022097998729e-05,0.08062358466845068,0.9193657643094513
0,0,0.7603001424209733,0.23951177023243264,0.00018808734659403787
2,2,2.4239728145396467e-06,0.030220073831132562,0.969777502196053
2,2,9.775141229983786e-05,0.1592400936266888,0.8406621549610114
1,1,0.10660785761557214,0.8882361407652317,0.005156001619196192
1,1,0.22993558413148452,0.7671837357426241,0.002880680125891472
1,1,0.053135349030691593,0.9414944204399398,0.005370230529368623
0,0,0.5116227111226154,0.4856109619006297,0.002766326976754987
1,2,0.0013959801235991305,0.2538085090643792,0.7447955108120217
1,1,0.3800752658286675,0.6179474367774958,0.0019772973938366536
1,1,0.23840741472189494,0.7599024649468362,0.0016901203312687633
1,1,0.0253092547716499,0.9608842783177679,0.013806466910582153
1,1,0.17281208345318383,0.8247650000220582,0.0024229165247578025
1,1,0.04491541185800119,0.9481385709664278,0.006946017175570958
1,1,0.16860957964401424,0.8294933155900116,0.001897104765974195
0,0,0.7324340137876889,0.2670744745307845,0.0004915116815266075
1,0,0.6638484850624145,0.33596282862016097,0.00018868631742462424
1,1,0.14067170274882368,0.55000313361217,0.30932516363900636
0,0,0.6666623377898115,0.33318405197264034,0.00015361023754807508
0,0,0.802228517948898,0.19696949846350895,0.0008019835875929188
0,0,0.6091959571844546,0.3889223168218433,0.0018817259937021638
1,1,0.2609137329497697,0.7361531258759744,0.0029331411742558613
0,0,0.6211938919678757,0.37801604416247786,0.0007900638696463837
1,1,0.1856827898038647,0.8088256632371258,0.005491546959009497
0,1,0.269995407793279,0.7289672411163887,0.001037351090332143
1,1,0.0235554137102291,0.8456574115346945,0.13078717475507637
0,0,0.9931048004063971,0.006884191060474519,1.1008533128393933e-05
1,1,0.4148049779636355,0.5844289709455621,0.0007660510908023769
0,1,0.13855804134498081,0.858552510289073,0.0028894483659460102
1,1,0.25482439133502777,0.7428853742483992,0.0022902344165731487
1,1,0.022316048680413085,0.9629180914719928,0.014765859847593895
1,1,0.05003866180640352,0.6035330096691112,0.3464283285244853
1,1,0.29546207270408503,0.703757990036031,0.0007799372598840026
0,0,0.8832765895851482,0.11659728952556636,0.00012612088928547015
0,1,0.3899505873569791,0.6056394492512724,0.0044099633917486355
0,0,0.8035703428493156,0.19587783792234828,0.0005518192283360141
1,1,0.13354084869829802,0.8623649366283184,0.004094214673383661
2,1,0.01865163714278649,0.8387340076341376,0.1426143552230759
2,2,0.0011990502647303088,0.18608596742669495,0.8127149823085748
0,0,0.999818557681699,0.00016375321917811274,1.7689099122807265e-05
1,1,0.024371119756068073,0.9608458899304619,0.014782990313469878
1,1,0.06951268489039224,0.9287474588978476,0.001739856211760086
0,0,0.6137823492611835,0.385762863788481,0.00045478695033539116
0,0,0.6676914251064116,0.3320140668519931,0.00029450804159533044
1,0,0.5238086514895588,0.4754992011273661,0.0006921473830750691
0,1,0.49414100821710655,0.5048380319940905,0.0010209597888029044
0,1,0.16709781337151158,0.8294487436187384,0.003453443009749964
0,0,0.6130725301250386,0.38673817227323576,0.00018929760172570025
0,1,0.3060712192386445,0.6879869375365665,0.005941843224788987
0,0,0.6636104220368969,0.33532384598646514,0.0010657319766379841
1,0,0.5165555067382619,0.483189705133608,0.0002547881281301574
0,0,0.6627029702592063,0.3371093239464493,0.0001877057943443721
1,1,0.07286694416551999,0.8664405645202838,0.06069249131419618
1,1,0.1124166905190775,0.8859290651351809,0.0016542443457415684
1,1,0.28230258741438585,0.7156207498622944,0.002076662723319561
0,0,0.8171028049029557,0.18282421612654057,7.297897050363868e-05
1,0,0.5585438108144867,0.4401387211766414,0.0013174680088719071
1,1,0.040824274124570334,0.9174352811932968,0.041740444682132734
0,0,0.8459296453121614,0.1527557330345353,0.0013146216533032249
1,1,0.05220559071641082,0.944962580755672,0.0028318285279172613
1,1,0.05062948697686583,0.9466943882603029,0.0026761247628312433
1,0,0.8430783578270519,0.1567098320486364,0.00021181012431181843
1,1,0.09672460964852467,0.9014588536035002,0.0018165367479751073
0,0,0.9335205887488297,0.06640355566424705,7.585558692323322e-05
1,0,0.8538350375074805,0.14601148867082395,0.0001534738216956737
0,1,0.4418670995255384,0.557619194996727,0.0005137054777346535
0,0,0.7989178572699607,0.1989875407108453,0.0020946020191940085
0,0,0.8589180109446518,0.14100133320155728,8.065585379094358e-05
0,1,0.43288945465452255,0.5656326067261898,0.0014779386192875408
1,1,0.3694195230430064,0.6258718175634954,0.004708659393498226
1,2,0.01014487167227154,0.4186685128813635,0.571186615446365
1,1,0.040158506053256764,0.8469732573909295,0.11286823655581371
0,1,0.3971597433490363,0.601163701407416,0.0016765552435476128
0,0,0.6000231891030859,0.3984140742608939,0.0015627366360200935
0,1,0.3345046199829449,0.6628013148538758,0.0026940651631793236
1,1,0.2967374548309105,0.6988625267356144,0.0044000184334749655
1,1,0.09284498066479449,0.8553938256650956,0.05176119367010996
1,1,0.08853861672472027,0.8559017930452363,0.0555595902300436
1,1,0.49686182966595227,0.502152697052837,0.000985473281210723
1,1,0.06490200093478045,0.9327232326177182,0.0023747664475015444
1,1,0.2498086320596134,0.7475312967637328,0.0026600711766537966
1,1,0.45603857873492615,0.5425627897704841,0.0013986314945897682
1,1,0.1817201738750166,0.8162205436242873,0.0020592825006961065
1,1,0.4216192758046481,0.5777894347192003,0.0005912894761515452
0,0,0.8103206631499433,0.18919932758535932,0.0004800092646974179
2,2,0.007494498881127086,0.38096812942726277,0.6115373716916102
1,0,0.6943711451514577,0.3053088602854564,0.0003199945630859131
0,0,0.8920009152994421,0.10699560925296105,0.0010034754475968307
1,1,0.1191913778816081,0.8786430574312274,0.0021655646871644963
1,1,0.3773278363579039,0.6208327455973542,0.001839418044741836
0,0,0.9049918292389253,0.0947005986424358,0.00030757211863884456
2,2,0.002599642229509005,0.22669169503224224,0.7707086627382489
1,1,0.14907452831914894,0.8485869979440266,0.00233847373682437
1,0,0.5988780932139026,0.40070297977679165,0.0004189270093056965
0,0,0.9992481063499306,0.0006533247187516948,9.85689313177717e-05
0,0,0.7456941072779929,0.25391613520140205,0.00038975752060514793
1,1,0.3344884439522981,0.6631667709842689,0.0023447850634328816
0,0,0.5367123598196055,0.4626364727689427,0.0006511674114517969
2,2,0.012626744760593778,0.22952835325545737,0.7578449019839488
1,1,0.06876717412587574,0.9201924634093102,0.011040362464814154
0,0,0.6892105024461314,0.31073527034754395,5.422720632471209e-05
2,2,0.00015700588887025175,0.08002710483648956,0.9198158892746402
1,0,0.531148996685367,0.4670376025899257,0.001813400724707319
1,1,0.0388221187390723,0.9546051726505917,0.006572708610335998
1,1,0.13221057746374276,0.8664002279471797,0.0013891945890773865
1,1,0.03998790449213284,0.9561140338186422,0.0038980616892250117
0,0,0.6521390640929022,0.3477256573189041,0.0001352785881936573
1,1,0.42789936785612376,0.5688221260168714,0.0032785061270048698
0,1,0.11822001325346836,0.8752249267656149,0.006555059980916846
0,1,0.38397951291542576,0.6146592441882672,0.0013612428963070565
0,0,0.6374901324585209,0.36216625812511705,0.00034360941636215004
0,0,0.765218523313835,0.23426325632684777,0.0005182203593172491
0,1,0.31766914225383397,0.6759763381935514,0.006354519552614726
1,1,0.09745608230255748,0.896116410022621,0.006427507674821517
0,0,0.8635473180932931,0.13601023729404008,0.0004424446126669677
1,1,0.3564307102810594,0.6422423353477074,0.0013269543712332475
0,1,0.035700501507306484,0.8600902372660466,0.10420926122664699
1,1,0.2866617559411696,0.7105276875931351,0.002810556465695293
0,0,0.6460048504738625,0.35274601648787995,0.001249133038257526
0,0,0.6035218088356806,0.3943384435772405,0.0021397475870788456
1,1,0.14814078699257682,0.8419814192204792,0.009877793786944044
2,2,0.0003529663637115843,0.19617344345314244,0.803473590183146
1,0,0.7823826374510898,0.21747067933211708,0.00014668321679321827
0,0,0.8699719540673954,0.12992846220926194,9.958372334270145e-05
0,0,0.8342837876476001,0.16538561241004957,0.00033059994235031074
0,1,0.40693518822437075,0.5821055375096605,0.010959274265968632
1,1,0.29566005823525937,0.703034074260519,0.0013058675042215504
1,1,0.2767489406888674,0.7211026091524765,0.002148450158656157
0,1,0.47842405267788324,0.5208848208223389,0.0006911264997778143
1,1,0.24782125840836383,0.7494419018686413,0.00273683972299484
0,1,0.30599681166436266,0.6876299668924271,0.006373221443210248
0,0,0.6709864857777996,0.32879627293985775,0.00021724128234251058
0,1,0.41107301364446736,0.5884248269929451,0.0005021593625874227
1,1,0.14206447913772335,0.8554785004815831,0.0024570203806936982
1,1,0.3086361402802826,0.6901685790072482,0.0011952807124692437
1,1,0.025258427102009276,0.9680069586125231,0.0067346142854677335
2,2,7.286412817400751e-05,0.07961389100292647,0.9203132448688994
1,0,0.6313800208921861,0.36695837518194574,0.0016616039258681027
0,0,0.8174618645441242,0.18217995855248084,0.0003581769033950178
0,0,0.5686524661523313,0.426845282792243,0.004502251055425659
0,0,0.9406431322238039,0.059284580937548285,7.228683864798068e-05
1,1,0.08122141880733287,0.9073682908407756,0.011410290351891303
1,1,0.33059415128662356,0.6677330592512681,0.0016727894621083887
2,2,4.490436499137819e-05,0.0002561668290845431,0.9996989288059241
1,1,0.37659111139712304,0.6228066946531685,0.0006021939497085017
1,0,0.5978620592955949,0.4015465695060238,0.0005913711983813684
1,1,0.17450353300219087,0.8245181101895962,0.0009783568082129062
1,1,0.1591911362980544,0.8361434029828381,0.004665460719107531
0,0,0.9992548200809503,0.0004742283722168626,0.0002709515468326245
0,0,0.9665300878674156,0.032956753018285205,0.0005131591142992209
1,0,0.5472453180079254,0.4505862589762914,0.002168423015783122
1,1,0.39008258357279446,0.6078848564789259,0.0020325599482796655
0,0,0.5413023682093402,0.4580635940852069,0.0006340377054529139
1,1,0.24757613794619945,0.7516790831677228,0.0007447788860778203
1,1,0.4138326137619647,0.5847126881369303,0.0014546981011049676
0,0,0.6557505977820112,0.3428788932795252,0.0013705089384637372
0,0,0.8526134251865548,0.14719106341930285,0.00019551139414245483
0,0,0.5396966037425978,0.45966702772777535,0.0006363685296269423
1,1,0.10081909193008402,0.8961737494598639,0.0030071586100520616
1,1,0.13362594525651417,0.8649029708636616,0.0014710838798240482
0,0,0.6907308825709055,0.30860467637879596,0.0006644410502986539
2,2,0.0021367199509864875,0.24543131549025965,0.7524319645587539
0,0,0.7146654048050363,0.28507282034609105,0.00026177484887262165
0,0,0.9087741873290756,0.09020297393631838,0.0010228387346061696
1,1,0.23358244957553373,0.7597336939809856,0.006683856443480687
2,2,3.072116396052319e-06,0.005743248367440431,0.9942536795161635
2,2,0.006519034962710047,0.2879305456294388,0.7055504194078511
0,0,0.6488654432358114,0.3503702624869201,0.0007642942772685175
1,1,0.33768747372993035,0.6605815651252658,0.0017309611448038662
1,2,0.00027910590736454107,0.36010885699355516,0.6396120370990802
1,1,0.3363953939647589,0.6602949575139323,0.0033096485213086665
1,1,0.051428615693407245,0.9399365202247942,0.008634864081798655
0,0,0.5771784173586537,0.42223129487931554,0.0005902877620307269
0,0,0.7911630223744122,0.20824297896975405,0.0005939986558336988
0,0,0.5443317632711903,0.45514014238604616,0.000528094342763504
0,1,0.23307933912148826,0.7653726660114081,0.0015479948671035006
0,0,0.6314767050207225,0.3683220597283806,0.00020123525089684436
1,1,0.30975835859631184,0.6897828455374546,0.0004587958662334866
1,1,0.18782391436473123,0.8093296438495164,0.002846441785752362
1,1,0.1618794293606429,0.8309830352001548,0.007137535439202334
1,1,0.07280217080312931,0.8919039328232475,0.03529389637362326
0,1,0.48727483219892165,0.5102692859757793,0.002455881825299081
0,0,0.7786550061004825,0.22113399185221744,0.0002110020473000174
0,0,0.6763090609271001,0.32346825093804515,0.00022268813485458103
0,1,0.4941658470182617,0.5049393290934562,0.0008948238882821644
1,1,0.2410203525950439,0.7551829249109855,0.0037967224939705322
0,0,0.7124190456684617,0.2861891445951025,0.0013918097364359172
1,1,0.11498196745849218,0.8755779852364916,0.009440047305016378
2,2,0.006681329987745016,0.25084174594255326,0.7424769240697017
1,1,0.21748050192121537,0.7798863917206826,0.002633106358101947
1,1,0.36320444081418846,0.6361782615740872,0.0006172976117243009
1,1,0.04379262286569334,0.598029535057612,0.3581778420766946
1,1,0.15348989275020775,0.8439681526999605,0.002541954549831873
0,0,0.6922990643693123,0.30695822871007133,0.0007427069206162819
1,1,0.03238505033916613,0.9625183379542284,0.005096611706605405
0,1,0.4841876464292972,0.5153506144704599,0.0004617391002430035
0,0,0.6620348770896057,0.3377351720371944,0.00022995087319983842
1,1,0.030396760282853878,0.9637767633434852,0.005826476373660811
0,0,0.8674308375127805,0.13236998119102078,0.00019918129619860762
0,0,0.5927251989086526,0.40700630410323346,0.00026849698811382835
1,1,0.3669336124724226,0.6318733845855332,0.0011930029420441166
0,0,0.7861915901223381,0.21372689641795986,8.151345970217078e-05
1,0,0.6220680844418013,0.37778115556688974,0.00015075999130904392
1,1,0.11227078380205653,0.8833608782157185,0.004368337982224917
1,1,0.4032653387777386,0.5959537200509475,0.0007809411713139399
0,1,0.13238807332482985,0.8431762669961174,0.024435659679052937
1,1,0.11419757326965156,0.8809609886784072,0.004841438051941254
1,1,0.3243582403034918,0.6666392021747816,0.00900255752172663
0,1,0.4638881759733242,0.5347748131469567,0.0013370108797189932
0,1,0.39768365923228294,0.601423859758882,0.0008924810088350002
0,0,0.93042851599679,0.06897831421843072,0.0005931697847792831
1,2,0.000689221452661496,0.2542550621860606,0.745055716361278
1,1,0.44393919304040796,0.5550071184179518,0.0010536885416402057
1,0,0.5307635820339811,0.46763251467473277,0.0016039032912860548
2,2,0.007070402925688314,0.4115191040913971,0.5814104929829145
0,0,0.6132659499478189,0.38619866049138996,0.0005353895607911505
1,1,0.22789256156858484,0.7666563976003323,0.00545104083108278
1,1,0.2609588468839034,0.7380442043145714,0.000996948801525301
0,0,0.6865345399690602,0.31261455455830983,0.0008509054726298646
0,0,0.8243268025931532,0.1750413772473823,0.0006318201594643758
0,1,0.37819308211658914,0.6180537064535234,0.003753211429887469
0,1,0.1813873067831804,0.8155867934622208,0.003025899754598659
2,2,0.00014136972487982361,0.12707270718241764,0.8727859230927025
0,0,0.8372254210104423,0.16267893542838463,9.564356117306282e-05
0,0,0.7899275725089809,0.20984233074705558,0.0002300967439634007
0,1,0.24940854495935666,0.7437218213928342,0.006869633647809162
0,1,0.2564339975661595,0.7382138093107559,0.005352193123084669
1,1,0.04311100254774677,0.8918460304807864,0.06504296697146689
1,1,0.4080820962418254,0.5907969477114826,0.0011209560466919858
2,2,1.0424869775415554e-06,0.022846712968554804,0.9771522445444676
1,1,0.18872469906540626,0.8101616041739322,0.001113696760661492
1,1,0.4946182471539462,0.5048053966862448,0.0005763561598088894
2,1,0.02132780503959111,0.798818772372557,0.17985342258785175
1,1,0.24276570770584624,0.7564497693017325,0.0007845229924213473
0,1,0.4322002017882332,0.5662975938454503,0.001502204366316431
0,0,0.5055161431516998,0.4937117516931957,0.0007721051551044454
0,1,0.3180122669966461,0.6791268883494542,0.0028608446538998327
1,1,0.02626642964842883,0.9683072255242562,0.0054263448273151275
0,0,0.5768871526751159,0.42190371541259986,0.0012091319122843386
1,0,0.5184775197588761,0.48028995567151544,0.0012325245696083835
0,0,0.9645603732106971,0.03520285015809409,0.00023677663120879436
1,1,0.0683475778708351,0.9297972271273572,0.0018551950018076797
0,0,0.991182670996665,0.008765033135346843,5.2295867988133944e-05
1,1,0.21259986839341807,0.7839918913788086,0.0034082402277733673
0,0,0.5064870592414059,0.4916587602348551,0.001854180523738985
1,1,0.19188400730644148,0.8059187625233835,0.0021972301701749667
0,1,0.21301245172010425,0.7835805158272178,0.003407032452677919
1,1,0.058304864618812055,0.938940038230235,0.0027550971509529357
1,1,0.06488352622554595,0.8641538588976245,0.07096261487682934
0,0,0.9523796124647151,0.047494232652084446,0.00012615488320056906
1,1,0.0223521036680879,0.8239421196755884,0.1537057766563238
1,1,0.37935189759748666,0.6196800621610021,0.0009680402415112852
1,1,0.04065543140528949,0.8781365183696357,0.08120805022507487
1,1,0.017689876201941637,0.97732435926072,0.004985764537338343
0,0,0.8452928546224668,0.15334362725565542,0.0013635181218778773
0,1,0.320141675058484,0.678925253140006,0.000933071801510079
1,1,0.07839147145361622,0.9099247230330797,0.011683805513303912
1,1,0.18156551469949506,0.8155043966691655,0.0029300886313392708
1,1,0.180467213497489,0.8090027725322756,0.010530013970235516
1,1,0.29761669530096635,0.6971739817355186,0.005209322963515103
1,1,0.4858594349680744,0.5111717319129874,0.0029688331189382765
1,0,0.7980056078471398,0.19934368740082273,0.0026507047520376
1,1,0.1770260466737878,0.8208403889936927,0.0021335643325194457
0,1,0.05048432730508079,0.9417518885934052,0.007763784101514
1,1,0.4665859847347662,0.5323785620501794,0.0010354532150544066
0,0,0.7806120784136094,0.21902038695663098,0.00036753462975961916
0,1,0.21345407980800668,0.7826688585569104,0.0038770616350828446
0,0,0.7390682816568136,0.26080514954659567,0.00012656879659067938
1,1,0.34918716824035717,0.6489081770885264,0.0019046546711162836
0,1,0.2770363977371865,0.7199344602599318,0.0030291420028818075
1,1,0.21021556278884704,0.7883930297615058,0.0013914074496471588
0,1,0.21899924407185303,0.7794429073981503,0.0015578485299966938
0,1,0.3687743666608308,0.6296682370219651,0.0015573963172042142
1,1,0.10682332343554223,0.8909381832386493,0.002238493325808551
1,1,0.0736072407085543,0.9222537006173585,0.004139058674087205
0,0,0.6021072941526676,0.39735910337377406,0.0005336024735581894
2,2,0.00037879784704997313,0.14940961114530601,0.8502115910076441
2,2,0.001516454816511363,0.1345442605902087,0.8639392845932798
1,1,0.2632009080187062,0.7321315960198209,0.004667495961472982
0,0,0.6329697105141023,0.3666225423212827,0.00040774716461500183
0,0,0.9838481125746538,0.01610428212676472,4.760529858149412e-05
0,0,0.9233899849777998,0.07571959584534191,0.000890419176858243
0,0,0.7581090136817634,0.24177747161614627,0.00011351470209041578
1,1,0.16802593084932071,0.8261138098740305,0.005860259276648782
1,1,0.11652856630383687,0.8815536008841912,0.0019178328119720733
1,1,0.11691056606088311,0.8782213250936405,0.004868108845476357
0,1,0.05493489771303007,0.9428415888128495,0.0022235134741204177
0,0,0.9564151042148983,0.042825080301321164,0.0007598154837805001
0,0,0.5029337159717554,0.49536122229722546,0.0017050617310192498
1,1,0.05769000484343631,0.9377313018292924,0.004578693327271345
1,1,0.05061076192573815,0.9453670442946769,0.004022193779585052
1,1,0.31105379034180025,0.687134056364607,0.0018121532935927419
0,1,0.10589597440943772,0.890481843969926,0.0036221816206363296
2,2,0.001570715217761897,0.213623896827573,0.7848053879546651
0,0,0.6915266159120683,0.30370709402892665,0.004766290059005006
0,0,0.9376842173533833,0.062011053689751114,0.00030472895686564833
1,0,0.7050373542350713,0.29432387415081374,0.0006387716141147871
0,0,0.9074436694622018,0.09245560275073543,0.00010072778706272486
0,0,0.8906372970367821,0.10844930837742942,0.0009133945857883821
1,0,0.5201840195241413,0.4792235630722524,0.0005924174036062648
0,0,0.9285466588595481,0.07114098283879933,0.00031235830165269023
1,1,0.018619721293056522,0.9736445724683753,0.007735706238568281
0,0,0.6324565229027503,0.36716848872558866,0.00037498837166104155
1,1,0.1965776694976431,0.7971230248942567,0.006299305608100103
1,1,0.41109878504869285,0.5880697518839783,0.0008314630673288598
1,1,0.03699896221283397,0.9313709295647569,0.03163010822240915
0,0,0.8577128976437636,0.1422286724229672,5.8429933269383784e-05
1,1,0.13449342267118186,0.8631129884175565,0.0023935889112617318
1,1,0.2346717289127042,0.7638355334913193,0.0014927375959765423
1,0,0.5309498798046157,0.4680393626080453,0.00101075758733902
0,0,0.951943444333151,0.04761162632505273,0.00044492934179621855
2,2,8.882672293393779e-05,0.06555964232145298,0.9343515309556131
1,1,0.019301254771991745,0.9763011949066192,0.004397550321389191
1,0,0.7151187680769411,0.2846268817271613,0.0002543501958977161
1,1,0.07638780848500513,0.9218722477704878,0.00173994374450702
0,0,0.5920339984050501,0.40709160071316874,0.0008744008817812721
1,1,0.06582553190921349,0.878606618548681,0.05556784954210532
1,1,0.1386406090485982,0.8592449450538644,0.0021144458975374384
1,1,0.15377938080237447,0.8429181229095252,0.00330249628810027
0,1,0.1857687480935595,0.8086826437808995,0.005548608125540933
0,0,0.8110338643393498,0.18793291390151182,0.0010332217591384567
1,1,0.11282345357572597,0.8856592240936937,0.0015173223305803446
0,0,0.8102025226621896,0.18950446692252707,0.0002930104152832404
1,1,0.27827009780458106,0.7201691694832196,0.0015607327121992935
0,0,0.8048659855833138,0.19465518575821777,0.00047882865846845857
1,0,0.5308232363262838,0.4686063776735434,0.0005703860001728619
0,0,0.6969883611278507,0.302669948483367,0.00034169038878238824
0,1,0.33432423229126906,0.6639718288746502,0.0017039388340807874
0,0,0.7230065335860458,0.27671178567873617,0.00028168073521799366
1,0,0.6217797189706841,0.3770970445977495,0.0011232364315662755
1,1,0.045863293481361506,0.9495981767341409,0.004538529784497537
2,2,0.0001234671939115786,0.22767659602663115,0.7721999367794573
1,1,0.35224443566633995,0.646679842663095,0.00107572167056509
0,0,0.6453654566192317,0.35441803629393065,0.00021650708683759832
0,0,0.701549775994579,0.29763293675328395,0.0008172872521369247
1,1,0.223940856771006,0.7743455915345125,0.0017135516944814186
0,1,0.3085980501546364,0.6890059334279274,0.002396016417436283
0,0,0.7106288318918932,0.2885261151688265,0.000845052939280382
0,0,0.7711877454409799,0.2287455132252125,6.67413338076914e-05
0,0,0.63903201733821,0.3599127648477869,0.0010552178140031125
2,2,0.00014872366905387417,0.0986067178450426,0.9012445584859035
1,1,0.1525487915597687,0.7925200752085219,0.054931133231709346
0,0,0.8241078026620557,0.17555124940115177,0.0003409479367924453
0,1,0.24556495514136617,0.752552988934174,0.0018820559244599247
1,1,0.18701375376530574,0.809397917903224,0.0035883283314703624
1,1,0.37761009528393585,0.6210381656475051,0.001351739068559094
1,1,0.361748050669396,0.6336940949018354,0.004557854428768638
1,0,0.6885526220192788,0.3095362330561926,0.0019111449245285696
1,1,0.11862074453038433,0.87965174677922,0.0017275086903956332
1,1,0.265801077973642,0.7323530810974465,0.0018458409289114745
0,0,0.9669934914727001,0.03276672446635343,0.00023978406094637156
1,1,0.3246213687911215,0.6710514558090882,0.004327175399790338
2,2,0.0001010166302410167,0.1928440228448897,0.8070549605248692
0,0,0.9987723361491758,0.0010526416258845675,0.00017502222493965145
1,1,0.08171640677578368,0.9168138406796653,0.0014697525445510902
2,2,0.00033553484194605304,0.24578647543912388,0.7538779897189302
0,0,0.6478129870106654,0.35146713843800886,0.0007198745513258542
0,0,0.9682820681077738,0.031048267599641792,0.0006696642925845032
1,1,0.07446542888846314,0.8877210895952949,0.03781348151624197
0,0,0.5709033925391319,0.42825518752842273,0.0008414199324452466
1,1,0.4639187229634155,0.535795031330893,0.0002862457056914301
1,1,0.2973924051929743,0.6990121614869566,0.0035954333200691234
1,1,0.4775800499638869,0.5218321217639407,0.0005878282721724003
2,2,0.0030844204002574145,0.30475597794944137,0.6921596016503011
0,0,0.8673748408962573,0.13252437332152397,0.0001007857822187419
1,1,0.1816696644910011,0.8152095444962535,0.003120791012745348
2,2,4.734521149966241e-08,3.639822257032237e-05,0.9999635544322182
1,0,0.7799442511623836,0.21987766474063464,0.0001780840969816344
1,1,0.3543612051499392,0.644429633994161,0.001209160855899874
0,0,0.5479478209511989,0.4515068384589595,0.0005453405898416782
1,1,0.3009970304875453,0.6960367511506178,0.0029662183618367833
1,1,0.3565048686205018,0.642797048146256,0.0006980832332422102
0,0,0.5881324353025664,0.4109805585712486,0.0008870061261850146
1,1,0.325989801431622,0.669895740579549,0.004114457988828927
1,1,0.0239749179826613,0.9635821308402449,0.012442951177093722
1,1,0.07505986290400206,0.9203044839769756,0.004635653119022515
1,1,0.3112689393399836,0.6859288501838323,0.002802210476184088
2,2,1.0798663595583898e-05,0.016766447340956055,0.9832227539954483
1,0,0.5317546040709459,0.4641726652523299,0.004072730676724161
1,1,0.22358961519875956,0.7748584742749667,0.0015519105262737708
1,1,0.34562059111872856,0.6511240317773914,0.0032553771038801053
0,1,0.40922037884892576,0.5886940280492609,0.0020855931018133093
1,1,0.008659803486583606,0.9871799605839484,0.00416023592946796
1,1,0.053846306356353166,0.9368316838893942,0.009322009754252668
1,0,0.7754655009339558,0.2243865323889887,0.0001479666770554315
2,2,1.5304051665295775e-05,0.0767357386974997,0.9232489572508351
0,1,0.062045052041519486,0.8755449849947261,0.06240996296375442
2,2,0.00010211359634507585,0.08535955076003707,0.914538335643618
1,1,0.016747015979719723,0.8060089965600513,0.17724398746022893
1,0,0.6469274018151229,0.3525012714245507,0.0005713267603264635
0,0,0.8820316909229539,0.11783010655927036,0.00013820251777578243
1,1,0.2017980376352459,0.7879018761808129,0.010300086183941178
0,1,0.31745655274916124,0.6819130446116245,0.0006304026392142799
0,1,0.4037116109006214,0.5950024980859531,0.0012858910134255033
1,1,0.32738348777387966,0.6689207998796896,0.0036957123464307754
1,0,0.8068499763968324,0.19256035873310956,0.0005896648700580409
1,0,0.5563808713041707,0.44192631718519404,0.0016928115106354265
0,0,0.7836417763522956,0.2159840402502152,0.00037418339748915725
0,1,0.08443932950272753,0.8431804645076991,0.07238020598957329
2,2,0.00047037839306625015,0.2719531852483162,0.7275764363586175
1,1,0.08498112178156633,0.9059829808433747,0.00903589737505897
1,1,0.27041735084363305,0.7261290013117422,0.0034536478446247024
0,0,0.9579814618786375,0.04150363367921569,0.0005149044421468926
0,1,0.3881401166371595,0.6072934356663134,0.004566447696526964
1,1,0.1957309407276288,0.8023203253210017,0.0019487339513694544
0,0,0.6646416750972971,0.334654637854924,0.0007036870477789721
1,0,0.6590501416926852,0.34027567646811174,0.0006741818392031659
1,0,0.5670805102758776,0.43272181010526334,0.0001976796188590998
1,1,0.1587783224005406,0.8367055040803892,0.004516173519070182
1,0,0.7570036809408072,0.24282030388368755,0.00017601517550529632
0,1,0.09477227164482682,0.8976512090484324,0.007576519306740631
0,0,0.9769661913870289,0.022856454566726473,0.00017735404624466872
0,0,0.5805653686149126,0.4190381514980526,0.0003964798870347794
0,0,0.9528826466651111,0.04688932763645376,0.00022802569843516457
1,1,0.13247344488562465,0.8649805123694457,0.0025460427449296823
1,1,0.08277182800120925,0.8692513762944397,0.04797679570435107
0,1,0.15446206068999585,0.8446011024966639,0.0009368368133402688
0,0,0.9250446631865383,0.07474623087347854,0.0002091059399830503
0,0,0.7308877281734198,0.26887810085589603,0.00023417097068409445
0,0,0.9695756406503261,0.030173492637996457,0.0002508667116775195
0,1,0.19566146981032156,0.8022826038011648,0.0020559263885135924
1,1,0.12229576922027265,0.8749722818153108,0.002731948964416423
0,1,0.48663857879939554,0.5116237346846951,0.0017376865159092366
0,0,0.92800306917346,0.07195974522928474,3.718559725510304e-05
1,0,0.5697018873962705,0.4300427274875619,0.0002553851161677069
0,0,0.7703001962395014,0.2290496992575921,0.0006501045029064837
0,0,0.6689458936385091,0.33022648059198806,0.0008276257695029
0,0,0.9676478768706863,0.03222439293859515,0.00012773019071840984
1,2,5.52420107220098e-05,0.010801085529932126,0.9891436724593458
0,0,0.5574890446399289,0.44155333367295796,0.0009576216871133254
1,1,0.2612972556705397,0.7355642051396215,0.0031385391898388253
0,0,0.5334442650221566,0.46597444002434096,0.0005812949535023855
1,1,0.06414317785044826,0.9217839505158423,0.01407287163370954
1,1,0.1442972298082129,0.8540558498122964,0.0016469203794907588
0,0,0.5569818014928256,0.44241758411278626,0.0006006143943882205
1,1,0.06180914237993655,0.9337052555558105,0.0044856020642529346
0,1,0.4613488154740869,0.5378932281952195,0.0007579563306937212
0,0,0.8034548837950228,0.1961135432067816,0.00043157299819560687
0,1,0.35280250557542003,0.6428977072364889,0.004299787188091139
1,1,0.27991535378664273,0.7179994916506408,0.0020851545627163627
1,1,0.03144799486386456,0.8845791944571132,0.0839728106790222
0,1,0.3024054261764319,0.6962706881782278,0.0013238856453403579
1,1,0.03968814234450379,0.947711076866871,0.012600780788625279
1,1,0.009381161673354444,0.964764584457082,0.025854253869563536
2,2,9.126737886571626e-05,0.1111142661829945,0.8887944664381398
0,1,0.44394821834824766,0.5549416390349277,0.00111014261682462
0,1,0.11944596994265945,0.878243289105683,0.0023107409516575756
1,1,0.2141494011857193,0.78052907456138,0.005321524252900696
0,0,0.5966760699369031,0.4004997655964115,0.0028241644666852726
1,1,0.24258579829041443,0.7564274815956944,0.0009867201138912228
1,1,0.10928778381603896,0.888104848185512,0.002607367998449012
1,0,0.6341979392035155,0.3653609063134784,0.00044115448300610687
1,1,0.18013403355761543,0.8104537368917261,0.009412229550658483
1,1,0.3599256215878614,0.6366317814118811,0.00344259700025756
0,0,0.971851573451199,0.028004838128539822,0.0001435884202611074
1,0,0.8300510852868839,0.16967711148364453,0.00027180322947160994
0,1,0.049156046589865235,0.94319567835459,0.0076482750555449015
1,1,0.48841214245011083,0.5102512961208993,0.0013365614289899549
1,1,0.13438439359376833,0.864323727716272,0.00129187868995986
1,1,0.3339015020321892,0.6651218228056993,0.0009766751621115683
2,2,0.0002720684448189833,0.2891185971198338,0.7106093344353472
0,1,0.32001768835748234,0.6774507827775681,0.00253152886494953
1,0,0.6517973763614298,0.3478650641115214,0.0003375595270487803
0,0,0.8166308835827939,0.18326859903570675,0.00010051738149937253
0,1,0.32596225056244704,0.6707405984003955,0.0032971510371576037
1,0,0.7013331403315448,0.29856436546618115,0.00010249420227405436
1,1,0.29062208925242644,0.7026418784588209,0.006736032288752683
2,1,0.03146097874755364,0.7919938598069556,0.1765451614454909
1,1,0.2961404714772739,0.6982234509625733,0.005636077560152897
1,1,0.05602620436620758,0.9160058984607752,0.027967897173017262
0,0,0.8200528857269285,0.17985495746503943,9.215680803205994e-05
0,1,0.19099209925802124,0.7953537194392333,0.013654181302745401
1,1,0.09212011740443148,0.9051910876671829,0.0026887949283856635
1,1,0.34640730853027735,0.652379680146576,0.0012130113231467218
0,0,0.8606930471811601,0.13924166964131612,6.52831775237777e-05
1,1,0.23327833472285567,0.7659995619284892,0.000722103348655191
1,1,0.3614498605587375,0.6375418288052417,0.0010083106360207462
0,0,0.9446896091477781,0.05473889499873331,0.0005714958534885302
1,1,0.033041146436264046,0.9539971793938857,0.01296167416985018
0,1,0.1590241862840937,0.8367241776596533,0.004251636056253013
1,1,0.11406161297355383,0.8245745227733124,0.06136386425313358
1,1,0.3131379068189797,0.6839321713820723,0.0029299217989479545
0,0,0.7200298889309137,0.27845856149870246,0.001511549570383861
0,1,0.2935359636113699,0.703171555962995,0.003292480425635039
0,0,0.643294713393698,0.3562685355708917,0.00043675103541020643
1,1,0.0718167098559936,0.9240303291358698,0.004152961008136634
1,1,0.41139019547377703,0.5877228460259984,0.0008869585002245378
1,1,0.22532377964166306,0.772755539457673,0.0019206809006638934
0,0,0.6496680939467242,0.35010900513315785,0.00022290092011790857
1,0,0.5029550266872247,0.4967939995847489,0.0002509737280264741
0,0,0.6159673450253659,0.38354931685593224,0.00048333811870194436
2,2,3.482216283453617e-05,0.061013463329383094,0.9389517145077824
2,2,0.00047619891591294526,0.14900294803975217,0.8505208530443348
1,1,0.1598107454244287,0.8336949834287148,0.006494271146856498
1,1,0.08994977673096481,0.8713484129813068,0.038701810287728386
0,0,0.8922454987982119,0.10724036909322286,0.000514132108565357
0,0,0.7865629688514696,0.21315402536591357,0.00028300578261675473
0,0,0.5615639634704649,0.4381325209960806,0.00030351553345458614
1,1,0.31588116425835594,0.6812036679116856,0.002915167829958464
1,1,0.2510150704286244,0.7468072042314706,0.0021777253399050027
1,0,0.5121619373502967,0.4872165204991201,0.0006215421505831595
0,1,0.46509628750477383,0.5343880046629511,0.0005157078322751121
1,1,0.25125021446972146,0.7469658176617987,0.001783967868479795
0,1,0.13485796913958556,0.8628499422099226,0.0022920886504917163
1,0,0.7991295744572474,0.2006451198378922,0.00022530570486053222
0,1,0.4476514220069147,0.5511132411759069,0.001235336817178383
1,1,0.14394480094693848,0.8547675744806715,0.0012876245723899226
0,0,0.6970015656296537,0.3023377999023572,0.0006606344679891175
0,0,0.8496062953159936,0.1503186638073268,7.50408766795325e-05
1,0,0.6690077265708142,0.33085553878877505,0.00013673464041072495
1,1,0.09029879976194995,0.8987530878150236,0.01094811242302656
1,0,0.5300916430969269,0.46947272253430994,0.0004356343687632368
1,1,0.26455525093091603,0.733670892319641,0.001773856749443002
0,0,0.6511476760343198,0.3477640501803115,0.0010882737853688416
2,1,0.0272433579330907,0.9319891839857729,0.04076745808113641
0,0,0.8390521538543263,0.1607276792013397,0.00022016694433381765
1,1,0.08789319698858361,0.8673018281136226,0.04480497489779377
1,1,0.16440902304148294,0.8327640635543612,0.0028269134041560063
1,0,0.5700535375705593,0.42857811326975614,0.0013683491596844758
0,0,0.9745291966911559,0.025350272584088104,0.00012053072475581939
1,0,0.5325094227428071,0.46690919600442266,0.0005813812527702142
1,1,0.39669946139050516,0.5753537571634251,0.027946781446069737
0,0,0.8360858659002846,0.16375034444617925,0.00016378965353603216
1,1,0.17477588295783278,0.8228113712848526,0.00241274575731477
1,1,0.47752413939723615,0.5219803347033823,0.00049552589938144
1,1,0.08125245670056702,0.9169378102688078,0.0018097330306252604
2,2,7.6197543159095786e-06,0.034797401768975084,0.9651949784767091
1,0,0.7654600141290303,0.23442771126794523,0.00011227460302435838
0,0,0.7030988681108324,0.29664443728975864,0.00025669459940893673
2,2,2.353048841986738e-05,0.06885556605904514,0.9311209034525351
1,1,0.21843186501884623,0.7802084369706177,0.0013596980105360643
0,0,0.7324843736149342,0.26729432754613197,0.00022129883893381275
1,0,0.8319474539406311,0.16789513008220686,0.00015741597716220854
0,0,0.9763689025260495,0.023471076634169506,0.0001600208397811478
1,1,0.49387633028894184,0.5057820305257457,0.00034163918531248413
1,1,0.07011131783076685,0.9257551701682198,0.004133512001013239
1,1,0.20392281790575162,0.7948536699291255,0.0012235121651228984
1,0,0.6080278590702614,0.39170797735641205,0.0002641635733265238
1,0,0.8632035097029662,0.13665603922202949,0.0001404510750041412
0,1,0.4051162353802232,0.5938438561217613,0.0010399084980156393
0,0,0.7851157004582262,0.21454653572770255,0.0003377638140713531
1,1,0.08550313339702335,0.8945058979987278,0.0199909686042489
0,0,0.8992657416458906,0.10060434059159148,0.00012991776251802844
0,0,0.9330708459229625,0.06684163930260852,8.751477442901667e-05
1,0,0.5005141704889332,0.4979244454570534,0.0015613840540134453
1,1,0.11855512149289057,0.8740053244933808,0.007439554013728588
0,0,0.9218518347295189,0.07789683527094966,0.00025132999953150683
0,0,0.8774385258048146,0.12239633828689325,0.00016513590829208598
0,1,0.2807703771254106,0.71794146564176,0.0012881572328294314
1,0,0.5547797168325443,0.4416708584680818,0.0035494246993738447
1,1,0.15547407072557554,0.8383597354675394,0.006166193806885202
1,1,0.12482935634130217,0.8705487418408786,0.004621901817819121
2,2,0.0008422791551092962,0.3330340691311594,0.6661236517137312
0,1,0.33635452220397855,0.6615744549702901,0.002071022825731391
1,1,0.2757464768701468,0.7214694706654518,0.0027840524644015033
0,1,0.28158105846852144,0.7159825009535244,0.002436440577954097
2,2,0.001190177772633627,0.1938321455522726,0.8049776766750938
0,1,0.10511234650802127,0.892360423519708,0.002527229972270636
1,1,0.04786279384537587,0.8504882754343036,0.10164893072032054
1,0,0.6503894708951622,0.3485613699376055,0.0010491591672324864
0,1,0.30217094040468273,0.6964318776100668,0.00139718198525044
0,0,0.9016045338767992,0.09836069671382439,3.476940937636801e-05
0,1,0.4563030494866191,0.5427094016013142,0.000987548912066761
1,1,0.17265080879505504,0.8234598821039995,0.0038893091009456274
1,1,0.04215312435053004,0.9549530383863176,0.0028938372631523404
0,0,0.6919364277600368,0.3075103581625612,0.0005532140774019853
1,1,0.16516855191297178,0.8234140934685082,0.011417354618519886
1,1,0.11758828631819683,0.8794159345225441,0.0029957791592590205
1,0,0.81913254460178,0.18073242583423257,0.0001350295639875107
1,1,0.05063746149563162,0.8656997029264389,0.08366283557792939
1,0,0.5248606599281047,0.47152412476027844,0.003615215311616928
2,2,0.0005199358120668623,0.14866726542947797,0.8508127987584552
0,1,0.4922658957154537,0.5072174882633141,0.000516616021232173
1,1,0.13193064370032706,0.8663939145304178,0.0016754417692551589
1,1,0.012405655325657433,0.9822720792705293,0.005322265403813209
1,1,0.10817578879467116,0.8816886285784784,0.010135582626850487
1,1,0.3188526010508309,0.6754503210579821,0.005697077891187142
0,0,0.9475043270900436,0.052366726241011095,0.000128946668945198
0,1,0.047020744121122664,0.9434941390874787,0.009485116791398645
0,0,0.9573560830364282,0.04234333688138529,0.0003005800821866004
1,1,0.24369074332534058,0.7527388519527819,0.0035704047218776164
2,2,0.0001495938084783257,0.13176627420751938,0.8680841319840022
1,0,0.586099975126355,0.4100580334328948,0.0038419914407501424
0,0,0.6333278459252379,0.36635361037282704,0.0003185437019349285
1,1,0.1047003366325658,0.8926669482315721,0.002632715135861975
0,1,0.25476797891101394,0.7401220350671743,0.0051099860218116995
2,2,1.0143996234437946e-05,0.06284866577693979,0.9371411902268258
0,0,0.5359740648837458,0.46336107752367384,0.0006648575925805108
0,0,0.5971095999775341,0.40224286566768425,0.0006475343547815909
1,1,0.3663686483937894,0.6330060496840891,0.0006253019221214079
0,1,0.38167875614724844,0.6159252919634267,0.0023959518893248415
2,2,5.539943543256091e-07,0.049245300007935464,0.9507541459977102
0,0,0.8194663529372452,0.18002332528268347,0.0005103217800713545
1,1,0.36039696759456213,0.6380515052049109,0.0015515272005269351
0,0,0.9344077957789277,0.0654061504103441,0.0001860538107280679
1,0,0.8411831184187807,0.15877064262073307,4.6238960486117636e-05
0,0,0.6917040404709885,0.308168711126361,0.00012724840265035612
0,0,0.6656573994425071,0.33398931703553636,0.0003532835219566972
0,0,0.9646580326780869,0.0352353484690286,0.00010661885288449091
1,0,0.621019697855493,0.37810062767294655,0.0008796744715603451
0,0,0.6997526678432975,0.2998972727433055,0.00035005941339703004
0,0,0.7350165219709673,0.2646126928794726,0.00037078514956001736
1,1,0.03879797175771406,0.9541975561846138,0.007004472057672034
1,1,0.3945560655863465,0.6045549499183049,0.0008889844953486482
1,1,0.04331507643260016,0.9534834817219237,0.003201441845476361
0,0,0.7025971795175291,0.2972357405266546,0.0001670799558162676
1,1,0.4783799889418416,0.5212710996771717,0.0003489113809868403
1,1,0.4717854918115959,0.5256400016161438,0.002574506572260391
0,0,0.7111174191652352,0.2884201265296242,0.0004624543051407745
1,1,0.11909031289447781,0.8794730559494498,0.0014366311560722825
0,0,0.8137803257369906,0.18602258049745798,0.0001970937655514255
1,1,0.33848648748858545,0.6605960847004348,0.0009174278109797227
2,2,5.293550828371747e-05,0.08223919244887326,0.9177078720428431
0,0,0.7192133081686094,0.2804990380989916,0.00028765373239898783
1,1,0.28248881752391075,0.7153613736754315,0.002149808800657764
0,1,0.3056624268997506,0.6897129174659291,0.004624655634320314
1,1,0.4055694250547245,0.5935851875049694,0.0008453874403061986
0,1,0.25806017150619204,0.7406513170358835,0.0012885114579245089
1,1,0.09787496730370014,0.8998014894147964,0.0023235432815033874
1,0,0.5638416031852382,0.4360210417989875,0.0001373550157742794
1,0,0.7019295735923263,0.2978305199453528,0.00023990646232072033
0,0,0.9076282256545928,0.09227870039437064,9.307395103637192e-05
0,1,0.31450260644882233,0.6839994067208406,0.0014979868303370393
0,0,0.8263812559275919,0.173241758223497,0.00037698584891113137
2,2,2.0705102015649118e-05,0.15338026464393612,0.8465990302540484
1,1,0.03354598837313448,0.7832161891787155,0.18323782244814993
0,0,0.855549020595315,0.14402335914396427,0.0004276202607206457
0,0,0.6040097800408188,0.3954505161138244,0.000539703845356751
1,0,0.638354706724907,0.36133979011399125,0.0003055031611017813
0,1,0.1856146429580636,0.8111237876601214,0.003261569381815008
1,1,0.07860693535169805,0.8969212741068264,0.02447179054147549
1,1,0.4716865479460186,0.5275564274644116,0.0007570245895697028
0,1,0.4771686547488416,0.5210265709894231,0.0018047742617352037
1,0,0.5937601558730294,0.40584989619957634,0.00038994792739417835
2,2,0.00027565254355173003,0.2053119988997546,0.7944123485566937
1,1,0.3360242228264132,0.6634583630975756,0.000517414076011339
0,0,0.7756507771309131,0.2213302272316331,0.0030189956374538874
1,1,0.3174400809553628,0.6808262001595992,0.001733718885037947
0,0,0.9994804172418148,0.0003929712166947197,0.00012661154149055142
1,1,0.03214010135522645,0.8437457007042364,0.12411419794053724
1,2,0.0006704902333744837,0.3500919475190073,0.6492375622476182
1,1,0.07320055202119936,0.924731107075465,0.0020683409033355406
1,1,0.2200045994384758,0.7741306169424643,0.0058647836190599215
1,1,0.11454875965104645,0.878593516301174,0.006857724047779661
0,0,0.8929348788896664,0.1066497392469674,0.0004153818633661814
1,1,0.2944458428837729,0.7043160255972114,0.0012381315190157813
2,2,0.00014467208510110784,0.09443659525462521,0.9054187326602736
0,0,0.6368970283303458,0.36293602800901825,0.00016694366063590643
1,1,0.13099818815049816,0.8674107982138434,0.001591013635658616
1,1,0.20859079445312909,0.7830814549447316,0.008327750602139241
1,1,0.05365961289298556,0.9435211578922961,0.0028192292147183515
1,1,0.12393697696863044,0.8645949028127544,0.011468120218615015
1,0,0.7453321217070881,0.2537313841408923,0.000936494152019702
0,0,0.7143573848889855,0.28544534538324756,0.0001972697277669376
1,1,0.11700117302374978,0.8807084489790309,0.0022903779972191446
1,1,0.0025256876619647157,0.688013409087246,0.3094609032507894
0,0,0.7738525064413861,0.22535950145702158,0.0007879921015923398
1,1,0.021647756038031672,0.9756136774866012,0.0027385664753671697
0,0,0.6626477835627569,0.3364882059266591,0.0008640105105839591
0,0,0.8949078331610052,0.10492028713597522,0.00017187970301959653
0,0,0.9451978505996704,0.0544859332156696,0.0003162161846599
1,0,0.774954883298048,0.2246238772179827,0.0004212394839692891
0,1,0.2564433793110297,0.7411100984051566,0.0024465222838136575
2,1,0.019219111085975772,0.8624789920732704,0.11830189684075379
1,1,0.4383083837975719,0.5608112615577812,0.0008803546446468415
1,1,0.20263441563182155,0.7961160736595898,0.0012495107085885278
0,0,0.7120954599494325,0.28740453555178747,0.0005000044987800979
0,0,0.982657205531247,0.017317175324153288,2.5619144599792457e-05
1,1,0.12705340733062057,0.8715754941874344,0.0013710984819449792
0,1,0.1677672558396353,0.8307147037282064,0.0015180404321582315
1,2,0.00018944959353708275,0.3615502059035654,0.6382603445028976
1,1,0.20151969787840437,0.7970855803009036,0.0013947218206920833
0,1,0.4079432607701212,0.5904071287893841,0.0016496104404947348
1,1,0.31952210087392574,0.6790031476888191,0.0014747514372552022
1,0,0.7706150887349671,0.22697532654747482,0.002409584717558141
0,0,0.7215260090764151,0.2765042724260332,0.0019697184975517347
1,1,0.20451399539405954,0.7877482226807233,0.007737781925217204
1,1,0.1310645569537315,0.8181873289250504,0.05074811412121815
0,0,0.8130439391844799,0.18577661034668286,0.0011794504688372623
0,0,0.9963784149272649,0.0020850453097726505,0.0015365397629623012
1,1,0.04162656853957618,0.954419446495352,0.003953984965071818
0,0,0.5894671454462926,0.40948428793710356,0.0010485666166037348
0,0,0.8931946951873826,0.1066962123610929,0.00010909245152450597
0,0,0.9333158680586935,0.06665143572726491,3.26962140414952e-05
1,0,0.5000646883513907,0.49787460029881436,0.0020607113497949038
1,1,0.36212845226378554,0.6345569135711181,0.0033146341650962816
0,0,0.7544895551053078,0.24529414872331584,0.00021629617137638386
1,1,0.14025675211777708,0.8586038700121391,0.0011393778700838023
1,1,0.06376947769563196,0.7941810472699963,0.14204947503437193
1,1,0.23671928408983042,0.7602209172713065,0.0030597986388630582
0,0,0.6211273168663147,0.37853166051965853,0.00034102261402677107
1,1,0.0216710643112982,0.9719426200431214,0.006386315645580321
1,1,0.030962666865477835,0.9619465100850906,0.007090823049431629
1,0,0.7896443875516395,0.2102001200793991,0.00015549236896159215
1,1,0.28481097795127436,0.714018508459402,0.0011705135893236964
0,0,0.6265893553324157,0.3729532946475191,0.00045735002006525645
1,1,0.32438745116058026,0.6722259490137541,0.0033865998256656293
1,0,0.7413279643609703,0.2580668042221323,0.0006052314168975398
1,0,0.7553362337103731,0.24289362035564596,0.0017701459339808463
1,1,0.2152874595329724,0.7829636152526244,0.0017489252144033019
1,1,0.012767088771232267,0.9749706679189455,0.01226224330982243
0,1,0.18282715339424616,0.8137364642138828,0.0034363823918710876
2,2,3.278210675514138e-05,0.06313075112260114,0.9368364667706437
0,0,0.720463215739334,0.2791574313927755,0.0003793528678905739
0,1,0.4041326859862575,0.5949897784586384,0.0008775355551040698
1,1,0.19629399517588658,0.8023333591556856,0.0013726456684278418
0,0,0.5246576888174539,0.47394905432579226,0.0013932568567537416
0,0,0.7227464948957659,0.2726380409168607,0.004615464187373426
0,0,0.5892808245690985,0.4100457388710786,0.0006734365598229403
1,1,0.15083757761430203,0.8474437685001258,0.0017186538855721524
0,0,0.7438275849666846,0.2559672797450406,0.0002051352882748517
0,0,0.8206061466796031,0.17925756401875062,0.00013628930164643238
1,1,0.3292206727967798,0.6684814023244312,0.002297924878789031
1,1,0.3184777581378563,0.6804305732957693,0.0010916685663744767
1,0,0.7160578746616646,0.2837495385030771,0.00019258683525825188
2,1,0.04493299583624954,0.9030326474634772,0.05203435670027312
0,0,0.5753200972719323,0.4235537180031113,0.0011261847249563715
1,1,0.4857017203578828,0.5138159235607266,0.0004823560813906433
2,2,0.00015332632468283903,0.2731298185823491,0.7267168550929681
1,1,0.14309538867825908,0.8438172734216246,0.013087337900116182
0,0,0.8791264381332379,0.12047219881362624,0.0004013630531360504
1,1,0.259155940607878,0.7353627451903942,0.005481314201727767
1,1,0.12563750674420399,0.8714352184048335,0.0029272748509625132
1,1,0.35598249801531984,0.6422436384332431,0.0017738635514370803
1,1,0.031907629750164604,0.9482344815229913,0.019857888726844086
0,0,0.5432674075021836,0.45638470455636126,0.0003478879414551466
1,1,0.16224864688359752,0.8322822614911223,0.005469091625280206
0,1,0.28494950961332316,0.7075177441994188,0.007532746187258071
1,1,0.12186101382347536,0.8768292031394773,0.0013097830370473818
1,1,0.06771769604540621,0.9300560319516156,0.002226272002978256
1,1,0.05252021830796546,0.9433499907902525,0.004129790901782149
2,2,0.00029469106905138096,0.3789516367277454,0.6207536722032032
1,1,0.036308740190425765,0.741310848863501,0.2223804109460733
0,0,0.6788749848178866,0.32090957218099336,0.00021544300112012694
1,1,0.24258863918862483,0.7545324359062537,0.0028789249051214333
1,1,0.47189573083311204,0.5273152218462942,0.0007890473205938292
1,1,0.4400267734562235,0.5589243701316348,0.0010488564121417323
0,1,0.29109592964862424,0.7082186493570742,0.0006854209943016198
0,0,0.7513869866847314,0.24591922869586758,0.00269378461940106
1,1,0.00990328508133935,0.9833424386018031,0.006754276316857462
1,0,0.6153241073302304,0.38434023153388147,0.00033566113588812623
1,1,0.29177343662545396,0.7026903158549365,0.005536247519609538
0,0,0.8889814154493806,0.11040960425308025,0.000608980297539145
1,1,0.11932985171813988,0.8789414023793605,0.0017287459024997954
0,1,0.058762426803496144,0.928519697099323,0.012717876097180746
1,1,0.2116508772977006,0.7838803178453237,0.0044688048569756994
1,0,0.5696929743876631,0.4296567573939203,0.0006502682184166269
0,1,0.46506200134337117,0.5343808851427644,0.0005571135138645799
1,1,0.3757501418713079,0.6234220999534598,0.0008277581752323548
0,1,0.28467849062598655,0.7122024597673743,0.0031190496066390945
1,1,0.3509239915122333,0.647209846529572,0.0018661619581945893
1,1,0.032486692630631815,0.9484659825480252,0.01904732482134296
1,1,0.08543387544716227,0.9114094780855595,0.0031566464672782638
1,1,0.1518917136202036,0.8407262421960772,0.00738204418371921
0,0,0.9411094961534794,0.05883884981242275,5.165403409780869e-05
0,1,0.22894183686349662,0.7700545012742908,0.0010036618622126343
0,0,0.7880458077806108,0.21147685595426371,0.0004773362651254546
1,1,0.0028230737966920623,0.687900378473669,0.30927654772963886
0,0,0.6338562614403463,0.36566986122562617,0.0004738773340275004
0,0,0.5435514362887339,0.45602877000543074,0.0004197937058353143
0,0,0.796735431555812,0.20302905965300536,0.00023550879118262953
1,1,0.35787578669721604,0.6413258286707898,0.000798384631994114
0,1,0.2801799988385532,0.7186685787540605,0.0011514224073862515
0,0,0.8334874231434476,0.16646611622157842,4.6460634973958476e-05
1,1,0.33914956904675286,0.6309150456850248,0.029935385268222325
1,1,0.18507547325384985,0.8139999689926105,0.0009245577535396034
0,1,0.4980615702608162,0.5009635857478526,0.0009748439913312537
1,1,0.12711268240697043,0.8705682067642977,0.0023191108287320306
1,1,0.10518946520317392,0.8639293013010253,0.030881233495800686
1,1,0.1486811298975504,0.8502725812179741,0.0010462888844753751
1,0,0.6187006749593741,0.380505447306044,0.0007938777345819116
1,0,0.8604702576988065,0.1394228732181782,0.0001068690830151927
1,1,0.24613367020921634,0.7479099146663913,0.0059564151243922505
1,1,0.03280874450929677,0.9631117419270256,0.004079513563677636
0,0,0.9967399371845358,0.0019089561672988244,0.0013511066481654496
1,2,0.001370059321615904,0.38068858575332354,0.6179413549250604
1,1,0.052379704393816715,0.8697077692895752,0.07791252631660817
0,1,0.07185403504664162,0.9172455658655468,0.010900399087811442
0,0,0.887960011936695,0.11195903474968957,8.095331361521542e-05
0,0,0.5238903202456401,0.47559403382032034,0.0005156459340396248
1,1,0.22068434472530524,0.7786153810912732,0.0007002741834215508
0,1,0.08505690689130486,0.9128735183984106,0.002069574710284556
0,1,0.12547043981187803,0.873418516757311,0.0011110434308110597
1,1,0.013254147064231631,0.8943570466603437,0.09238880627542474
1,1,0.07777273677457827,0.9096908919272462,0.012536371298175503
1,1,0.35152481547452674,0.6472094762220542,0.0012657083034190897
1,1,0.41986723607694326,0.5746136639517696,0.0055190999712870946
0,0,0.9193080191253815,0.08060159154162605,9.03893329924362e-05
0,0,0.7131298312005961,0.2867108027638493,0.00015936603555466414
1,1,0.2470171894835113,0.7476341972184326,0.00534861329805604
0,0,0.5385981275295202,0.45906541636430137,0.002336456106178483
0,0,0.5988405026748571,0.40037214943630145,0.0007873478888414455
0,0,0.8799312388011193,0.12001380331380605,5.4957885074591514e-05
0,0,0.7996122089235378,0.2000099947250692,0.0003777963513931446
0,0,0.9706024140418759,0.029136046151593674,0.0002615398065302933
1,1,0.1287105963826755,0.8696170431551248,0.0016723604621997241
1,1,0.09500954916743369,0.8797526052792247,0.025237845553341763
1,1,0.2333326489719531,0.7627923070112901,0.0038750440167567026
0,0,0.64825447945316,0.3512141634410849,0.0005313571057551023
2,2,0.01590441962423589,0.34012333092672264,0.6439722494490415
1,1,0.05591431769686572,0.9415535273742367,0.002532154928897819
1,0,0.658515678081445,0.34117826255847206,0.00030605936008299274
0,0,0.7232227698870082,0.2765189491737781,0.0002582809392136733
1,1,0.3286784462065554,0.6704672602612469,0.0008542935321975058
1,1,0.00888525538414331,0.9780626603634167,0.0130520842524399
0,0,0.6543368511976563,0.34538481860664677,0.00027833019569687946
1,0,0.6023857306149754,0.39715869088122246,0.00045557850380214485
1,1,0.3274369803198618,0.6706035591824266,0.001959460497711535
0,0,0.7670864024504779,0.23277368994175102,0.00013990760777108746
1,0,0.6175431291610437,0.38085347132250363,0.0016033995164526907
1,1,0.06656460563419012,0.9276917677243469,0.005743626641462902
1,2,0.0005522574788893528,0.4914663940935926,0.507981348427518
2,2,0.005276190721750916,0.27527419578472745,0.7194496134935217
0,0,0.6005172301813169,0.39917957744708665,0.0003031923715965562
2,2,1.039121447650412e-05,0.01464356566052752,0.9853460431249961
1,1,0.03395018599086867,0.8639341415853585,0.10211567242377276
0,1,0.4307993568614069,0.5686584876125368,0.0005421555260562625
1,1,0.3225585300055049,0.6765201378539669,0.0009213321405281145
1,1,0.22186812899887665,0.7746443175781466,0.0034875534229768267
2,2,7.26030646623874e-05,0.045625354284931384,0.9543020426504062
1,1,0.0122059841976675,0.9755597803204851,0.012234235481847327
1,1,0.13578303550284665,0.862854659667161,0.001362304829992391
1,1,0.2892182121315074,0.7098519862600124,0.0009298016084800799
1,1,0.2852380803727928,0.7133719758896478,0.0013899437375593407
1,0,0.8384804464003117,0.16121894574809284,0.00030060785159546525
1,1,0.053230101986964054,0.9390924976070791,0.0076774004059568975
2,2,0.007570609436220664,0.3703578432139033,0.622071547349876
1,1,0.2700083757812808,0.7269107405792207,0.0030808836394986753
1,1,0.19083334990220358,0.80682936891009,0.0023372811877064195
0,0,0.7572955185893482,0.24229330489280698,0.000411176517844886
2,2,2.4862791252926763e-05,0.055604333811427105,0.94437080339732
0,0,0.5827910586159645,0.4144434707314972,0.0027654706525383757
0,0,0.909959911090066,0.08994615082368426,9.393808624986602e-05
1,1,0.1996581331061635,0.7961255126184693,0.004216354275367067
0,0,0.9342774055559322,0.0655326339366404,0.00018996050742737847
0,0,0.5500192777253982,0.44811051754986514,0.0018702047247367156
1,2,7.760306746278843e-05,0.3256946139548463,0.6742277829776909
1,1,0.15664819537435004,0.8399007167180939,0.0034510879075560267
1,1,0.08513745087661179,0.9117072944451298,0.0031552546782583567
1,1,0.23322034700935548,0.7630822536963113,0.003697399294333333
1,1,0.3042884105752886,0.6940710843785245,0.0016405050461869766
1,1,0.2494925015160192,0.7490696867716252,0.0014378117123556573
2,2,2.2072807306874344e-06,0.005490729807924896,0.9945070629113444
1,0,0.6132228996763793,0.38634189514210393,0.00043520518151680054
1,1,0.16612757787421248,0.826808120911762,0.007064301214025515
0,0,0.9158226915353189,0.08406804338690145,0.00010926507777945053
0,0,0.9458570214835813,0.05373603561458911,0.0004069429018296619
1,1,0.3996502317210767,0.5995028707791396,0.0008468974997836353
0,0,0.9371695546310498,0.06270998806718926,0.0001204573017609494
1,0,0.9121094460539745,0.08784870738814618,4.184655787922526e-05
1,1,0.03330542247545972,0.963188669753827,0.0035059077707131955
1,1,0.17133771180863633,0.8216408377218728,0.007021450469490802
0,1,0.421384328117744,0.5772278838250917,0.0013877880571643614
1,1,0.05352592188586931,0.9437885734854298,0.0026855046287007846
1,1,0.17173662506912302,0.824159107811897,0.004104267118979901
0,0,0.7841384499827936,0.21413610866583996,0.0017254413513664159
1,0,0.8197846473207675,0.17983516376887485,0.00038018891035752065
0,0,0.7024202285491732,0.29713239010532494,0.000447381345501802
1,1,0.036524053861581605,0.9590006588380801,0.004475287300338269
1,0,0.6933537294832576,0.3037897596496531,0.0028565108670894446
1,1,0.08759619582828775,0.9075474478770916,0.004856356294620578
0,0,0.8808953161520132,0.11890353927458788,0.00020114457339876277
1,1,0.13147617428788588,0.8604280039607256,0.008095821751388428
0,1,0.12926641652737614,0.866947673384685,0.003785910087938725
1,1,0.19497247978249896,0.8001166690145269,0.004910851202974098
0,0,0.5905609293308741,0.4084467341058697,0.000992336563256185
1,1,0.11003540224772179,0.8875556792051807,0.0024089185470975057
1,1,0.014074159795229496,0.981773458732492,0.004152381472278713
0,0,0.9666686895159788,0.03314164182500801,0.0001896686590132315
0,1,0.42265235696043746,0.5764169599176087,0.0009306831219538837
1,1,0.025122365335074948,0.9698279578549936,0.005049676809931414
1,1,0.03484491316244711,0.8346627349391901,0.13049235189836275
1,1,0.433675785771779,0.5647414657894188,0.0015827484388022419
1,1,0.09978904177481135,0.8971701278768256,0.003040830348363009
1,1,0.12090542571358334,0.8683265868360446,0.010767987450372125
0,1,0.3755704292675108,0.6225468426359844,0.0018827280965047692
1,1,0.14011963777171632,0.8541307908024494,0.005749571425834151
0,0,0.5826613639659108,0.4154068470055171,0.0019317890285720034
0,0,0.8634572249204572,0.1363923189016265,0.00015045617791628856
1,1,0.09885015644029511,0.8988807614602365,0.002269082099468385
1,1,0.1239980967494085,0.8664904659166005,0.00951143733399111
1,1,0.04776179834793506,0.9501669636246368,0.002071238027428112
1,1,0.1042927449813025,0.8859109482433533,0.009796306775344188
1,0,0.8297150282926874,0.17015460152512493,0.00013037018218760445
0,0,0.8788790284432973,0.12091129020616227,0.00020968135054036624
1,1,0.3843279528398368,0.6140332141737308,0.0016388329864323954
1,0,0.5323102101160242,0.46680016408974373,0.0008896257942320104
1,0,0.5102137985577172,0.4891566313520113,0.0006295700902715081
0,1,0.30626487472330427,0.6930911754536467,0.0006439498230489337
0,1,0.4470565389154236,0.5516422301320998,0.0013012309524765735
1,0,0.8393605481856445,0.16024809455985375,0.00039135725450173777
0,0,0.5922380485270052,0.40735011246184555,0.0004118390111492266
1,0,0.8177186412314378,0.18207494396404184,0.0002064148045204199
0,1,0.11248319827638417,0.8836825252457476,0.0038342764778681745
1,1,0.0801031203223435,0.8752449984351512,0.04465188124250523
0,0,0.6630405347017102,0.3355426083074236,0.0014168569908662358
0,1,0.402025188361322,0.5911933844354408,0.006781427203237231
1,1,0.07206869038005723,0.9262270433078155,0.0017042663121272525
0,0,0.7894039269886673,0.2104293332420925,0.00016673976924017804
2,2,9.019819546889069e-07,0.011706513742222894,0.9882925842758224
1,0,0.7565483233548855,0.24323422054943042,0.0002174560956840753
1,2,0.00012460957571926377,0.33497315649296255,0.6649022339313181
1,1,0.18606823038431408,0.8096648173531523,0.004266952262533498
2,2,4.943844222010415e-06,0.0358846882195261,0.9641103679362519
0,0,0.7553598723648411,0.24417713044204523,0.00046299719311371966
0,0,0.6195364948445296,0.37939028388045926,0.0010732212750112974
1,1,0.3066808550578073,0.6920441347217118,0.00127501022048089
1,1,0.020834625151423935,0.9734899872831967,0.005675387565379356
1,0,0.9964268534911613,0.0017906795045262997,0.0017824670043123177
1,1,0.05725052896664142,0.9087855373002707,0.03396393373308786
0,0,0.751655862445043,0.2480116003009079,0.00033253725404898946
0,0,0.7209372885434552,0.27824203439941747,0.0008206770571274321
0,1,0.47051625696160854,0.5287517049988519,0.0007320380395394683
1,1,0.061921637685423275,0.9346108784115383,0.003467483903038394
1,1,0.08526814646426856,0.9140808253339398,0.0006510282017917574
0,0,0.708083203473836,0.29111853928791936,0.0007982572382446085
1,1,0.06548658139973472,0.9302459715767013,0.004267447023564048
0,0,0.6981548994359327,0.3009549101919385,0.0008901903721288689
1,1,0.04102386248675107,0.9557325172423909,0.0032436202708579697
0,0,0.6136135294366795,0.38567122869668913,0.00071524186663137
1,0,0.507821799785007,0.4911653751461056,0.0010128250688874118
0,0,0.647708704412857,0.3516558557282405,0.0006354398589024921
0,0,0.738660050616552,0.26066482536711527,0.0006751240163325155
0,0,0.7175217275643894,0.2823184526691448,0.00015981976646584498
0,1,0.3075145204159275,0.6909437720065553,0.0015417075775170173
0,0,0.9331632636854547,0.06641134318610664,0.00042539312843863666
0,0,0.6435713463706131,0.3562576113572365,0.00017104227215049771
0,0,0.8301567488283563,0.16949815612291558,0.0003450950487280798
1,1,0.2197307469412164,0.7780353448822167,0.002233908176566995
0,1,0.4097248762828153,0.5892233457357067,0.001051777981478214
1,1,0.27047292361106473,0.7215639094585521,0.007963166930383252
1,1,0.058325504933048916,0.9384502907493751,0.0032242043175759573
0,1,0.22335417794023385,0.7754994097509172,0.0011464123088489493
1,1,0.3895738720273136,0.6099907896568932,0.0004353383157931514
1,1,0.4089809123786952,0.5888680081214698,0.0021510794998349575
1,0,0.8038833314886717,0.1958534060922979,0.0002632624190303376
2,2,6.152370679521776e-05,0.08572060597953488,0.91421787031367
1,1,0.08868634735824747,0.9091218354202281,0.0021918172215244116
1,1,0.46815751038234804,0.530451398487674,0.0013910911299780551
1,1,0.09031607285904024,0.9074439760730671,0.002239951067892751
1,1,0.035511871557640656,0.8895087281855045,0.0749794002568549
1,1,0.10142052115228745,0.8965296833139696,0.0020497955337428187
1,2,0.0008800285732999096,0.44150044485247675,0.5576195265742233
0,0,0.6640259602442604,0.33555885798628926,0.00041518176945042274
0,0,0.6537042607261045,0.34573243148164673,0.0005633077922487598
1,1,0.15292358875785797,0.845198083080994,0.0018783281611479935
0,1,0.4557804706200725,0.5434067900959634,0.0008127392839642519
1,0,0.8248168531236193,0.17487672202427135,0.00030642485210941094
1,1,0.3571368824006943,0.6420251327820187,0.000837984817287026
1,1,0.20568580224285074,0.755374745715415,0.03893945204173427
0,1,0.3613784632628139,0.635719394287912,0.0029021424492740432
1,1,0.20869333343396362,0.7797002949011956,0.011606371664840779
0,0,0.8440023709441686,0.1558494070400675,0.00014822201576396608
1,1,0.24579982151377494,0.7458555024210751,0.008344676065150035
0,0,0.8433172598169458,0.15634164892059585,0.00034109126245843326
0,1,0.31562487531375166,0.6818728927202514,0.0025022319659970265
0,0,0.7735495394629468,0.22588318267564184,0.000567277861411443
0,0,0.9904594150531134,0.009517774383609885,2.281056327654366e-05
0,0,0.5826017112827698,0.41719545550112813,0.0002028332161020795
0,0,0.5010482288651452,0.49862545978313594,0.0003263113517189125
0,1,0.18991487394521564,0.8060820046422073,0.004003121412577192
1,0,0.9036501891630252,0.09599235916554083,0.00035745167143389953
0,1,0.21406276495241808,0.7804422152758077,0.005495019771774245
2,1,0.036329337063978555,0.8615601958510213,0.10211046708500011
1,1,0.058634015616673724,0.9377518075612641,0.0036141768220622956
1,1,0.22223319746855316,0.775836921748461,0.001929880782985973
1,1,0.1377379974641892,0.8591006681805433,0.0031613343552675107
0,0,0.6287928568609387,0.3695109360057308,0.0016962071333304453
0,0,0.5664155795528857,0.43273064091874747,0.0008537795283668223
1,1,0.0330998487680265,0.8364478114370284,0.13045233979494508
2,2,0.00011062482119494895,0.11779855209385327,0.8820908230849517
1,1,0.08942244691456118,0.9075018188462947,0.0030757342391442874
0,0,0.8392967501858023,0.16052309320335023,0.00018015661084751428
1,1,0.15771009876043793,0.8226901819935286,0.019599719246033324
1,1,0.08425724668226929,0.9110235887453647,0.0047191645723660275
1,1,0.12315761667253387,0.8700354509923826,0.0068069323350836005
0,0,0.9677541259431185,0.03201952673797261,0.000226347318908889
0,0,0.6343017607642496,0.36542461128619896,0.0002736279495514484
0,1,0.3754286226603317,0.6230327812140818,0.001538596125586438
0,0,0.6945352264875166,0.30536023226434755,0.00010454124813574372
1,0,0.6405563932297148,0.3582926255354221,0.001150981234862959
0,0,0.6213963152424999,0.37787924525497457,0.0007244395025254611
0,1,0.026939593211219182,0.8337284122080861,0.13933199458069462
1,1,0.3934550686998609,0.6050281223703566,0.0015168089297824038
0,0,0.9194641968191078,0.07953899037550863,0.0009968128053834929
0,0,0.7627574543131983,0.23699084159116132,0.00025170409564023006
2,2,8.291663527952408e-09,1.7804007373661365e-05,0.9999821877009628
1,1,0.05141069986065002,0.9394856862611736,0.009103613878176304
1,1,0.03274194046798794,0.95489872251886,0.012359337013152042
1,1,0.24685333540532917,0.7521972193325147,0.0009494452621562047
0,0,0.7947894037177398,0.20470172894219146,0.0005088673400688717
0,0,0.9283437899565314,0.07073488688280728,0.0009213231606614369
1,1,0.3473759617061453,0.6501391447814073,0.00248489351244736
1,1,0.019104550662035875,0.9725014805906494,0.00839396874731462
1,1,0.49588000722013764,0.5024928251960707,0.001627167583791713
0,0,0.5419256768839806,0.4575136783764627,0.0005606447395566348
1,1,0.24288841014067827,0.7552218566953003,0.0018897331640214485
0,0,0.9647434732521218,0.035086854961561526,0.00016967178631660686
1,1,0.17819776944925786,0.8206301967130922,0.0011720338376498413
2,2,0.00014124325410147347,0.10025026503027874,0.8996084917156197
1,1,0.05716862409594353,0.9406891028271307,0.0021422730769258477
0,0,0.866386039103471,0.133407132874065,0.00020682802246394012
0,0,0.6516871240180853,0.34795388589863885,0.00035899008327578455
1,0,0.6290446545946642,0.37078914877803676,0.00016619662729891831
0,0,0.7089308152230545,0.2909825771171974,8.660765974816085e-05
0,1,0.43352640576762413,0.5656948582463334,0.0007787359860425439
0,1,0.4011658003568427,0.5976428134169647,0.0011913862261927488
1,1,0.2301228308589383,0.767370380784353,0.002506788356708556
1,0,0.7051742082612674,0.2907508170774698,0.004074974661262781
1,1,0.02626073665475972,0.9678909294441452,0.005848333901094938
0,0,0.7244218744997627,0.2740255881012028,0.0015525373990343879
1,1,0.15862638017811906,0.840441485995903,0.0009321338259780337
0,0,0.5304440752759241,0.468569808201552,0.0009861165225239395
0,1,0.4549001657207773,0.5429348045210263,0.002165029758196395
0,0,0.944693065167055,0.05501088759400861,0.00029604723893641115
0,0,0.8562034126110518,0.14367231306968734,0.0001242743192609427
0,0,0.8517505443539357,0.14817807190833127,7.138373773299879e-05
1,0,0.5623022623882293,0.4331641487069982,0.004533588904772554
0,0,0.8263848626254939,0.1734673447880574,0.0001477925864486598
1,1,0.40746700984145034,0.591675486500182,0.0008575036583677053
1,1,0.03269963008201919,0.9429153209453094,0.024385048972671346
0,0,0.5525933895704727,0.44694743783037827,0.00045917259914920046
1,1,0.0798976868555025,0.869884884530285,0.050217428614212356
1,1,0.1519305759353504,0.8460358951812698,0.002033528883379927
1,1,0.01150519539008986,0.9689835903744,0.01951121423551008
0,0,0.8160817363402069,0.18371824058015396,0.00020002307963924522
0,0,0.6054716119953508,0.39425926579348175,0.0002691222111673188
1,1,0.42394167123886084,0.5673713685164677,0.008686960244671398
0,0,0.6441896839222575,0.3553953858047455,0.0004149302729969559
0,1,0.4250084002168418,0.574372390306083,0.0006192094770753297
0,1,0.31096470890802536,0.6871871239611095,0.0018481671308651895
0,1,0.4361233961491242,0.5634868403209056,0.0003897635299701827
0,1,0.4789565938263547,0.5205691722055823,0.0004742339680631211
1,1,0.06167632546058307,0.9337649272793572,0.004558747260059843
1,1,0.10199132598844791,0.888901887005027,0.009106787006524916
1,0,0.7471471424853747,0.2527110615400436,0.0001417959745816247
0,0,0.6020477164606831,0.3974614109729777,0.000490872566339265
1,0,0.5607621450252576,0.4376842197055633,0.001553635269179133
0,0,0.5022253072312781,0.4974743091480741,0.00030038362064781086
0,0,0.9748840706025984,0.024979705429695333,0.00013622396770624713
0,1,0.3621406420119984,0.6369029613261044,0.0009563966618973521
2,2,0.0003298238124515573,0.1741097085711156,0.8255604676164328
1,1,0.15907289008236594,0.8356911419970178,0.005235967920616174
1,1,0.15975159373033332,0.838682522168403,0.0015658841012637218
0,1,0.3680443994243588,0.6289463947456893,0.0030092058299520047
2,2,0.0031715079067188294,0.2753994864086914,0.7214290056845897
0,0,0.8741004124107509,0.1258100177123412,8.956987690808833e-05
1,1,0.3851155077791527,0.6118583608077951,0.003026131413052191
1,1,0.08211632549917922,0.9161207366232331,0.0017629378775874973
1,1,0.13198438674855362,0.8398750754997946,0.028140537751651776
1,1,0.12198340574223998,0.8756723589627292,0.0023442352950307234
2,2,1.032192486700757e-06,0.011440857883348634,0.9885581099241647
1,0,0.6627459711772856,0.33622128579952343,0.0010327430231908878
0,1,0.3012984569072331,0.6950802603008046,0.003621282791962221
0,1,0.4208065673480342,0.5776614542071093,0.0015319784448564586
0,0,0.8080733247724871,0.19164357785809794,0.0002830973694150133
1,2,0.00037339242868880375,0.17957106183821608,0.8200555457330951
0,0,0.8804661238020843,0.11939410280568735,0.00013977339222832408
2,2,0.002260889194667716,0.18621426916143746,0.8115248416438949
1,1,0.3491812162505879,0.6468941130215917,0.003924670727820296
0,1,0.09986649748879654,0.8987258622966231,0.0014076402145802322
0,0,0.6501266045902243,0.34965824896881315,0.00021514644096248497
2,2,0.002491233915353508,0.20986532535026814,0.7876434407343783
0,0,0.6902471813132408,0.3086676626225083,0.0010851560642509545
1,1,0.1478463391372597,0.8273462020924086,0.02480745877033169
1,1,0.058013797761939934,0.9396674309605731,0.0023187712774870445
1,1,0.05763294040144971,0.9253268115037663,0.017040248094784122
0,0,0.7498955961250955,0.24986712741116768,0.00023727646373682826
1,1,0.4369685609964553,0.5591336710842217,0.0038977679193228664
1,1,0.02470793133170591,0.964657314129099,0.01063475453919497
1,1,0.034036421472877255,0.9331142053365059,0.03284937319061686
0,1,0.4094654247728942,0.5891109640206774,0.0014236112064283022
1,0,0.5430787333699982,0.4563423952683291,0.0005788713616726644
1,1,0.10932590249715121,0.8888399294427044,0.0018341680601444076
1,1,0.4702622447644106,0.5289474886607285,0.0007902665748608434
1,0,0.6445037637882223,0.3551200718201918,0.00037616439158588195
1,0,0.7099155585504392,0.28982667995391376,0.00025776149564711093
0,0,0.8652399185417966,0.13458944708143653,0.00017063437676690513
1,1,0.023889246951237557,0.9686203650776958,0.007490387971066508
1,1,0.32063683379398,0.6783447671015226,0.001018399104497386
0,0,0.6708812107371288,0.32893724235270694,0.00018154691016430486
0,1,0.3191053050707962,0.6791895247302239,0.0017051701989799816
2,2,1.3473467734668425e-07,0.007704612834005792,0.9922952524313168
1,1,0.02216484245845102,0.9703560731270902,0.0074790844144587525
0,0,0.6393328680223372,0.3591559931675256,0.0015111388101370442
0,0,0.7001245672908569,0.2996071224859113,0.00026831022323167567
1,0,0.8416005320602106,0.15823023940142594,0.00016922853836348256
2,2,0.00045483903714991944,0.38231329740957337,0.6172318635532767
1,0,0.676401406394809,0.32333438766329553,0.0002642059418954356
1,1,0.3942227212100271,0.6013971431558813,0.004380135634091501
1,1,0.16985011113546197,0.8217449970304683,0.008404891834069571
1,0,0.6777709277422449,0.3219501624865016,0.0002789097712533879
1,1,0.3456388441080248,0.6521059160608271,0.0022552398311480775
0,0,0.771457382016363,0.22832704496472755,0.00021557301890939281
1,1,0.14449065897387484,0.8540107944128265,0.0014985466132987483
1,1,0.222735616717139,0.7714789574201456,0.005785425862715344
0,1,0.11915851936385455,0.8780252660355132,0.0028162146006323434
1,1,0.3531212746342241,0.6462419587696909,0.0006367665960849857
0,0,0.9439990550246252,0.05571363608389129,0.0002873088914836087
0,0,0.7260909894345858,0.2736911829308726,0.00021782763454148788
0,0,0.5649732544560406,0.4346260239936682,0.00040072155029118435
1,1,0.2904212663790812,0.7070714671322731,0.0025072664886457013
1,1,0.17951881167708758,0.8192805682686031,0.0012006200543093941
1,0,0.6049102441406519,0.3944575756187103,0.0006321802406378836
0,0,0.6926032746902818,0.30656712342118675,0.0008296018885315782
1,1,0.04153486157202409,0.954842869933287,0.003622268494688922
0,0,0.9745323241568956,0.02532424092851033,0.0001434349145940098
0,0,0.8239738388135773,0.17510039560473267,0.0009257655816900379
0,0,0.9320531209811296,0.06762954660070451,0.0003173324181660877
2,2,0.0005563788402162227,0.11895804337285369,0.88048557778693
1,1,0.12205863214328244,0.8767372851290889,0.0012040827276287708
0,0,0.7470438654838876,0.2528120699359037,0.00014406458020876957
1,0,0.8203684847584068,0.1791632908840973,0.00046822435749579154
1,1,0.12661114604744222,0.869691419238994,0.003697434713563878
1,1,0.058132753490153385,0.8763752170459814,0.0654920294638652
1,1,0.17037276253468778,0.8275020285358389,0.002125208929473278
1,2,0.0007398130786925425,0.21893135523548682,0.7803288316858206
1,1,0.05963116939130341,0.937266333164957,0.0031024974437396232
1,1,0.2547692784652709,0.7410315519291149,0.004199169605614244
1,1,0.2773532609056595,0.6993690658798472,0.02327767321449334
0,1,0.4159893227874283,0.5820998180891349,0.0019108591234368755
1,0,0.7042232634980892,0.29534890334070396,0.00042783316120683463
1,1,0.30136900212053175,0.6973035214842468,0.0013274763952213992
0,1,0.38031588171837544,0.6183915639807568,0.0012925543008677485
0,0,0.561213462730481,0.43844198372805665,0.00034455354146220585
1,1,0.014021446149348424,0.9717808889898887,0.01419766486076269
1,1,0.3583712840498535,0.6406825627645836,0.000946153185562956
1,1,0.1286320982607053,0.8696459289394194,0.0017219727998753701
1,1,0.4369401230627908,0.5624495195825043,0.0006103573547049034
1,1,0.4544601433658553,0.5448675957505553,0.0006722608835894202
1,0,0.6075375752784862,0.3918094434665252,0.0006529812549885991
0,0,0.7397610182613883,0.2597131067796978,0.0005258749589139275
0,0,0.8616436776767518,0.13824714841420624,0.00010917390904197998
1,1,0.06746419907731173,0.9191362428086071,0.013399558114081316
1,1,0.20399349378036896,0.7937665716179836,0.0022399346016475094
0,0,0.7597792217220855,0.239300867267147,0.0009199110107676253
1,1,0.19907576234209856,0.7977276073077414,0.0031966303501601337
1,0,0.5033041907183855,0.4962514517519906,0.00044435752962387534
0,1,0.10671116125590613,0.886788568641537,0.00650027010255677
1,1,0.3230576634564442,0.6765059123365961,0.00043642420695976083
1,0,0.7002282756367062,0.2990593466039351,0.0007123777593585964
1,1,0.3964019796664503,0.6023897830038755,0.0012082373296742406
0,0,0.6082492741625612,0.39103480394914647,0.0007159218882923478
0,0,0.8577504823613293,0.1421895116190545,6.000601961622439e-05
0,1,0.020996445081831624,0.8433320706194867,0.13567148429868175
1,1,0.05002666312499948,0.6109729548058048,0.3390003820691958
1,1,0.3292283331329361,0.6684346801329906,0.002336986734073316
1,1,0.19725225805135163,0.8005586762419411,0.00218906570670738
0,0,0.6458355696719837,0.3539317726483323,0.00023265767968398386
0,0,0.6591110350221984,0.33817651838366597,0.0027124465941357934
2,2,0.0010077217767663668,0.19702341658572395,0.8019688616375097
0,1,0.20723023148631523,0.7885229027823585,0.004246865731326432
0,0,0.7770802176047568,0.22226691451473293,0.000652867880510295
1,1,0.16346840613249516,0.8317212258440367,0.004810368023468075
0,0,0.7107132280055992,0.2890600347611496,0.0002267372332511964
0,0,0.6858828887147299,0.31225456577109456,0.001862545514175494
0,0,0.7325667642071182,0.2671182824520137,0.00031495334086815107
0,1,0.3359028330851974,0.6622484174004282,0.0018487495143745003
1,1,0.292522819253377,0.6981710102876686,0.009306170458954365
1,0,0.6434790615579943,0.3559395697386724,0.000581368703333392
0,0,0.786200706546959,0.21351675962949454,0.00028253382354647306
1,0,0.5898645603099308,0.40984970709090984,0.0002857325991593329
2,2,7.666064255510232e-05,0.10255161016376961,0.8973717291936752
1,1,0.40604573638976105,0.5932116198200594,0.0007426437901795636
1,1,0.3213936678084277,0.676364399228325,0.0022419329632472045
1,0,0.5543250210010664,0.444292474508876,0.001382504490057655
1,1,0.30070323181564745,0.6970654605355325,0.00223130764882006
1,1,0.3952519244177752,0.6008908935268995,0.0038571820553252472
0,0,0.598920784587317,0.4005593834289399,0.0005198319837430876
1,1,0.4221131532102704,0.5767009683404907,0.001185878449238907
1,1,0.279620248297949,0.7195192574615935,0.0008604942404574435
1,1,0.19032892934557932,0.8081814432419208,0.0014896274124998065
1,1,0.08417747251428447,0.9122112136333659,0.0036113138523496363
1,1,0.3776216417100909,0.6205173283070643,0.0018610299828449636
1,1,0.3550850729115626,0.6409794641636799,0.003935462924757367
1,1,0.3527410163075003,0.6419960360630792,0.005262947629420453
0,1,0.1291695982590169,0.86209059045423,0.008739811286753265
2,2,4.7911481852163654e-05,0.04679239163858624,0.9531596968795615
0,0,0.7190246757364057,0.28083674088078214,0.00013858338281210993
0,0,0.5120654825613755,0.48679677755439626,0.0011377398842281176
0,0,0.5325547928584756,0.46679566241017834,0.0006495447313459692
1,1,0.3608763034659707,0.6382091434328173,0.0009145531012120157
1,1,0.09820638234100679,0.899594108253852,0.0021995094051411334
0,0,0.5286450788278356,0.47078861679898104,0.0005663043731832895
1,1,0.23735781489974866,0.7601015318940881,0.002540653206163288
1,0,0.582412451002004,0.41714363188523024,0.0004439171127656832
1,1,0.04515440830810514,0.9454320811883022,0.009413510503592482
0,0,0.9101216488046789,0.08907696367218702,0.0008013875231340495
1,1,0.13290220167559982,0.8656037304046372,0.0014940679197628817
1,1,0.24538400258362034,0.7525431293601149,0.0020728680562647163
1,0,0.726784886401475,0.27265828098016215,0.000556832618362812
2,1,0.008754711776362648,0.6340539361981267,0.35719135202551067
0,0,0.6593118887163271,0.3400992515129308,0.0005888597707420838
1,1,0.3260097400593514,0.6723917174103561,0.0015985425302924446
1,1,0.40962550235326783,0.5893478975707277,0.001026600076004369
2,2,6.110514278761506e-05,0.08973325428526614,0.9102056405719462
1,1,0.21359114130338713,0.7850958737636092,0.0013129849330035363
0,0,0.7825848686352224,0.21726437458915926,0.00015075677561850987
0,1,0.36128653557756807,0.6359660246052019,0.0027474398172300596
1,1,0.07989699551081471,0.9126972965121832,0.007405707977002093
0,0,0.8202963847683142,0.17903773387957847,0.0006658813521073793
1,1,0.15475515066438578,0.8134218651208214,0.03182298421479278
2,2,0.0012834454433118883,0.19035161847310794,0.8083649360835802
1,1,0.4870054324453422,0.5106501851809968,0.0023443823736610074
1,1,0.09841641352581719,0.8975212287757803,0.004062357698402491
1,1,0.04905379462515305,0.947893756199339,0.0030524491755078847
0,1,0.4083918153359922,0.5892650766114329,0.002343108052574911
0,1,0.3557396825133552,0.6419394963636701,0.0023208211229748528
1,1,0.3726919885706215,0.6255068573647595,0.0018011540646190125
0,1,0.3086747070362367,0.6880468540302745,0.0032784389334888013
1,1,0.01647401533243381,0.9754470493036198,0.008078935363946368
1,1,0.2576485054255479,0.739714991176723,0.002636503397729048
0,0,0.5110936307509572,0.4881141024829203,0.0007922667661224651
1,1,0.4753505427971069,0.5241675074903823,0.00048194971251063113
0,0,0.9667563221440078,0.03307483701638705,0.00016884083960535157
0,1,0.2511972305716858,0.7452908363236675,0.0035119331046465528
1,1,0.3138759981763699,0.6832824034125629,0.002841598411067189
1,0,0.5758704344580478,0.42389199450900866,0.00023757103294366768
0,0,0.5101342226071693,0.4808739921034443,0.008991785289386461
0,1,0.3030506337300047,0.6949878716689677,0.0019614946010275674
1,1,0.17952768151602036,0.816491519059017,0.0039807994249626
0,1,0.3786596624506482,0.6209221789027837,0.00041815864656825636
0,0,0.7924649223716705,0.20702358961049405,0.0005114880178353567
1,0,0.7472692089644994,0.2523964504015553,0.00033434063394524924
0,1,0.488501196941371,0.5111271229869382,0.0003716800716907783
1,1,0.11486441299688892,0.8796402673649396,0.005495319638171575
1,1,0.4697361677362375,0.5285602429782731,0.0017035892854893385
2,1,0.021150884903707177,0.90377491180907,0.07507420328722278
1,1,0.08876138271993407,0.9079262155616719,0.003312401718393981
1,1,0.056028953620299485,0.8697960712543638,0.07417497512533662
0,0,0.8778145146236938,0.12157529483033372,0.0006101905459725694
1,0,0.6380374981181539,0.36142509373131665,0.0005374081505292661
1,1,0.39235287473216257,0.6051055321557504,0.0025415931120870185
2,2,1.732881071365961e-08,2.1992328832413758e-05,0.9999779903423568
1,0,0.657110114781534,0.342540562414514,0.0003493228039520627
1,1,0.4099488976658787,0.589310540019944,0.0007405623141772515
0,0,0.5348924272760931,0.4592490023027856,0.005858570421121385
0,0,0.557009761033089,0.44257011602999924,0.0004201229369117315
1,1,0.04028552438379426,0.9565558205571663,0.003158655059039387
0,0,0.9992928207507868,0.0006494298360900431,5.774941312292687e-05
0,0,0.8219517628887937,0.17771977889484486,0.0003284582163614895
1,1,0.2710824945217553,0.7257233099684399,0.0031941955098046936
1,1,0.22903484625717185,0.7686954798030314,0.002269673939796572
0,0,0.8928450489647812,0.10669071904764922,0.00046423198756950486
1,1,0.18907609460732222,0.8068231011136023,0.004100804279075612
0,0,0.6398467371917443,0.35957869686467,0.0005745659435856473
1,1,0.15346803375269735,0.8448085635671039,0.001723402680198769
0,0,0.8547107841814794,0.1450616528057089,0.0002275630128117314
0,0,0.9077998889809168,0.0916565694660455,0.0005435415530377985
1,1,0.04849170747476402,0.947931422444093,0.0035768700811429875
0,1,0.23934054120465742,0.7562424996172624,0.004416959178080289
1,1,0.27182194643102925,0.7252841918940056,0.0028938616749651343
1,1,0.04142799783317772,0.9558459478169422,0.002726054349879967
1,1,0.14946165071277076,0.8487935663755558,0.0017447829116734675
0,1,0.3898481801945359,0.6086830206652913,0.0014687991401728317
0,0,0.9682971211792452,0.03154226931656918,0.00016060950418568518
1,1,0.1869080750849274,0.8093297020019317,0.0037622229131409374
1,1,0.06520729881246441,0.8722359880559919,0.06255671313154372
0,0,0.6051575535553986,0.3946571179971245,0.00018532844747685414
1,1,0.1484204394047487,0.8126015147305876,0.0389780458646637
0,0,0.8081097461614991,0.19180083272003934,8.942111846160802e-05
0,0,0.9060120732992758,0.09390720233894294,8.072436178123283e-05
1,1,0.1617915888682651,0.8362873000344694,0.001921111097265669
0,0,0.7098557412114948,0.28879134448953486,0.0013529142989703745
1,1,0.1340479926071541,0.8558106472893628,0.010141360103482983
0,1,0.19352025132510386,0.7967303573991512,0.009749391275745008
1,1,0.08191337851972934,0.9158910046619796,0.002195616818291144
1,2,0.0009745896106924291,0.3961326568154646,0.602892753573843
1,1,0.24782338983920896,0.7500152367562383,0.002161373404552821
1,1,0.15153457758926958,0.8457765694482609,0.002688852962469526
1,1,0.37286073572832457,0.6240845243542544,0.003054739917421047
0,1,0.3497190915018069,0.6439996243227164,0.00628128417547656
1,1,0.091378669872988,0.9030608423179365,0.005560487809075405
0,0,0.5266452507895564,0.47310725062114384,0.00024749858929969945
1,1,0.1285670245394196,0.8678745832421109,0.003558392218469427
1,0,0.5666831001331993,0.43264877013637615,0.0006681297304244873
0,1,0.21358098125535294,0.7771940445616973,0.009224974182949817
0,0,0.9465586774344147,0.05294973812412278,0.0004915844414624254
1,1,0.2063074096578582,0.7896583428401337,0.004034247502008014
0,0,0.9546511036766941,0.045130764386743,0.00021813193656295944
0,0,0.5893132338882451,0.41010129462621214,0.0005854714855427584
1,1,0.38293102269447427,0.6157103060367481,0.0013586712687776253
1,1,0.015377527743636588,0.9782968453727044,0.00632562688365902
0,0,0.926948086225531,0.07301815388835232,3.3759886116612066e-05
0,1,0.33905131259786603,0.6588429643649488,0.0021057230371851576
2,2,0.001258503347667572,0.16351112917927096,0.8352303674730613
2,2,1.9185569841926338e-05,0.09742954059102235,0.9025512738391358
1,1,0.307127379212265,0.6562557745983157,0.03661684618941909
1,1,0.3513826561631712,0.6475442875745575,0.0010730562622712767
0,0,0.7535482013616559,0.24634755728097646,0.00010424135736772866
0,1,0.43558417844554875,0.5634739584643279,0.0009418630901232304
1,1,0.029513904525242367,0.9636437778275714,0.006842317647186157
1,1,0.1848709255298001,0.8138727599435467,0.0012563145266530696
1,1,0.23100576796863206,0.7664584988363442,0.0025357331950237655
1,0,0.5064189739334217,0.4920307067291974,0.0015503193373809041
1,1,0.49533336424747504,0.5033206652851431,0.0013459704673819293
2,2,1.604568117467138e-06,0.00026959010846408087,0.9997288053234185
0,0,0.8184320251664582,0.18133882986438427,0.00022914496915743147
0,1,0.31805386229367344,0.6722259162785335,0.009720221427793111
0,0,0.9569378512913655,0.04289577609635369,0.0001663726122809497
0,0,0.5022898895318118,0.49617668472008375,0.0015334257481044676
1,1,0.1256630625803554,0.868245779654566,0.006091157765078622
1,1,0.03226361833386137,0.9651877946054731,0.002548587060665463
1,1,0.21957026573513638,0.7767255123456801,0.003704221919183403
1,0,0.5033089335831091,0.4896832083637749,0.007007858053116034
1,1,0.02071246398129625,0.6559686664267065,0.3233188695919973
1,1,0.0014932799401203576,0.637365700426373,0.3611410196335067
0,0,0.5103664212344028,0.4890530739572848,0.000580504808312375
1,0,0.778649646000532,0.22124154464403678,0.00010880935543122499
0,1,0.42592335029893585,0.5737407403088458,0.00033590939221837807
0,1,0.05335866608289497,0.9438181620982425,0.0028231718188624394
1,1,0.043828824580193985,0.9523107108790083,0.003860464540797575
1,1,0.03090395501042156,0.9429991266984278,0.026096918291150618
1,1,0.03374121180965772,0.8669708528533736,0.09928793533696872
1,1,0.2628451569732651,0.7360638836166139,0.0010909594101210524
1,1,0.3159869684678238,0.6826266561459853,0.0013863753861907914
1,1,0.011443803044175343,0.9777679506395002,0.010788246316324503
0,1,0.4316470302862072,0.566890483892361,0.0014624858214318704
1,1,0.3099239883559823,0.6878418037211028,0.0022342079229148402
0,1,0.30056335915522653,0.697799714139865,0.001636926704908656
0,0,0.5622684413046428,0.4372449069894264,0.00048665170593084134
2,2,0.0004477268190646981,0.2147276250213986,0.7848246481595367
1,1,0.4133938186532291,0.5859436224881653,0.0006625588586055347
0,0,0.7239503533388748,0.27501587913975073,0.0010337675213745552
1,1,0.043818941043133094,0.894788292275926,0.06139276668094075
0,0,0.5668191280573227,0.4324931751539311,0.0006876967887463505
0,1,0.26822145085632315,0.730338826119637,0.0014397230240400434
1,1,0.1234631863381408,0.870442862584303,0.006093951077556253
1,1,0.03738174432342561,0.9544728200558233,0.008145435620751007
2,2,0.00043433935895094894,0.056647827798407685,0.9429178328426413
2,2,0.007497442009302954,0.2751243669925975,0.7173781909980995
0,0,0.8481218707922347,0.15168144048772902,0.00019668872003628235
1,1,0.18011705437195838,0.8062974235214513,0.013585522106590236
0,1,0.3279614085957124,0.6711279214964686,0.0009106699078189961
1,0,0.8861130116131534,0.11365735681062657,0.0002296315762199854
1,1,0.4188790812229468,0.5712627681368615,0.00985815064019175
0,1,0.09646987486184394,0.8484030657910208,0.055127059347135354
1,1,0.24469789948632106,0.7498566313407152,0.005445469172963787
1,0,0.7358529169718557,0.2639122018687232,0.00023488115942107898
0,0,0.9455908207469635,0.054040804962773935,0.0003683742902624457
0,1,0.39247313028346503,0.6054427887847675,0.0020840809317674166
1,1,0.061201101639218214,0.918483090831884,0.02031580752889788
0,0,0.9712231160465272,0.02869067580696456,8.620814650826677e-05
1,1,0.04002478596916518,0.9546235643720902,0.00535164965874452
0,1,0.19353672914951148,0.8052711084721276,0.0011921623783610964
1,0,0.6259334838688473,0.37257186511119594,0.0014946510199567717
0,0,0.9898697406037684,0.010064047467697467,6.621192853416021e-05
0,0,0.8526839363889922,0.14691653389948842,0.00039952971151930656
0,1,0.34526947680378844,0.6538207585118901,0.0009097646843214621
1,1,0.13473512678186272,0.862625870323567,0.0026390028945702097
1,1,0.03053680292542675,0.920764111787264,0.04869908528730919
1,1,0.2940383508977977,0.7033020995103899,0.0026595495918123797
0,0,0.6361153764634615,0.3629359576198188,0.0009486659167196724
0,0,0.721002356101299,0.2784390118543135,0.0005586320443875362
1,1,0.2850980346249216,0.7140002983071554,0.0009016670679229267
1,1,0.31971438473204306,0.6790447592953147,0.0012408559726423622
1,1,0.31208790135991576,0.6862217832986505,0.0016903153414337365
1,1,0.22717317101155507,0.7586551779813028,0.014171651007142076
1,1,0.28492519782100917,0.7121778646578694,0.0028969375211213796
0,0,0.5930582109467816,0.4064043281180766,0.0005374609351418865
1,1,0.16200409080909375,0.835198445810842,0.0027974633800641317
1,1,0.01493669355990689,0.9804377220582904,0.004625584381802846
0,0,0.5895037540082135,0.41012376844953585,0.0003724775422506515
0,0,0.5282283791225811,0.46837081957657783,0.003400801300841025
1,1,0.3213544872918123,0.6780362859548253,0.0006092267533623198
1,1,0.38981178123469534,0.6082533450945562,0.0019348736707484068
0,0,0.53630492412859,0.46278103180029295,0.0009140440711171042
1,1,0.120003645840561,0.8745787793159081,0.005417574843530875
1,1,0.062098202773001855,0.935446234591756,0.00245556263524216
1,1,0.04382624631186241,0.9394708376152108,0.016702916072926937
1,1,0.15885427972832822,0.83305202260832,0.008093697663351726
0,0,0.7466772594577695,0.25325636214732905,6.63783949013772e-05
1,0,0.6788968942617104,0.31999667422888634,0.0011064315094032604
1,1,0.1944032206199825,0.8044076997900677,0.0011890795899499218
0,1,0.48166136204230653,0.517502321906631,0.0008363160510623132
0,0,0.8542960880597019,0.1438975936640293,0.0018063182762687994
1,0,0.7319387165205744,0.26749359773720055,0.000567685742225125
1,0,0.6691752644349285,0.33061902911693025,0.0002057064481413362
0,0,0.8897349691037815,0.10497277784789637,0.005292253048322157
1,1,0.2391877504481108,0.7599123016009994,0.0008999479508898595
1,0,0.5056457305316597,0.4930811710256418,0.0012730984426983988
0,0,0.6886803253885432,0.31096203019839536,0.0003576444130614604
1,1,0.19222654746051968,0.8069137868904204,0.0008596656490601382
1,1,0.029502017941692278,0.964338757550747,0.006159224507560518
1,1,0.014528098110310427,0.9783180532992,0.007153848590489668
0,0,0.809032759620873,0.19042478503627885,0.000542455342848042
1,1,0.4120241336117726,0.5839986647320862,0.00397720165614128
1,1,0.06732367359661987,0.9292539805142465,0.003422345889133725
0,1,0.17051019086453265,0.8279896308926056,0.001500178242861858
1,1,0.16533485012117877,0.8333227543173124,0.0013423955615088517
1,1,0.056285019991377395,0.9359104990957977,0.007804480912824802
0,0,0.5152035791637323,0.48303024678439316,0.0017661740518744961
1,1,0.09725474284749668,0.901336411630877,0.001408845521626324
1,1,0.014267875622257417,0.975142429238943,0.010589695138799513
0,0,0.6124445711313712,0.3858505881250923,0.001704840743536415
0,0,0.9169673468098712,0.08232307999835876,0.0007095731917700403
1,1,0.06514140230197303,0.9302257318440128,0.00463286585401412
0,1,0.4718603644993853,0.5275287190558298,0.0006109164447849009
0,1,0.15998989478259534,0.8388180518948861,0.0011920533225186812
0,0,0.9045591124379244,0.09525777648503295,0.00018311107704255166
0,0,0.687644656824757,0.3120086417298244,0.0003467014454186607
2,2,1.4221075889823939e-05,0.047961389678536255,0.952024389245574
1,0,0.509437568090794,0.4879772357066924,0.0025851962025136258
0,0,0.6218224120171475,0.37773129873138006,0.0004462892514724653
0,0,0.5362802004075373,0.4630841035612229,0.00063569603123977
0,1,0.36392322610198097,0.6357952565522049,0.000281517345814065
1,1,0.3321636752667582,0.6628953799987559,0.004940944734485844
1,1,0.39292694979272297,0.6045316586419935,0.0025413915652834403
1,1,0.2675117194039804,0.7300551233001775,0.002433157295842097
1,1,0.14326623796795182,0.8547815143771069,0.00195224765494117
1,1,0.15942022199442885,0.8363601846921931,0.004219593313378171
0,0,0.6889431758310717,0.30958976571410773,0.001467058454820607
0,1,0.45422601044485605,0.5450288449478425,0.0007451446073015519
1,1,0.4916688362951892,0.5074494993953397,0.0008816643094711145
0,1,0.4291793828582594,0.5704266573155536,0.0003939598261868473
1,1,0.10018188066005583,0.8950242405065411,0.004793878833403141
2,1,0.013442139822016466,0.735864499900553,0.25069336027743044
1,1,0.11932142756961761,0.8721443259038331,0.008534246526549326
0,0,0.5585227550980703,0.44086513633013313,0.0006121085717965214
0,1,0.2067585223221413,0.791152785969664,0.0020886917081945067
1,1,0.10418603419744132,0.7667597870824546,0.12905417872010402
2,2,0.0037881044413496314,0.2051335716821765,0.7910783238764738
1,1,0.21497830753113917,0.7784736534079749,0.006548039060885962
1,1,0.26405653255292433,0.7322209677070696,0.003722499740006165
1,1,0.41865481511144126,0.5805832847755316,0.0007619001130272963
0,0,0.6598742804822565,0.33964051926045846,0.00048520025728509766
0,0,0.6107423764602201,0.387515830379054,0.0017417931607258844
0,0,0.8704939941868076,0.12942505623614617,8.094957704631354e-05
1,1,0.15325460709113276,0.8451775824434514,0.0015678104654157092
1,1,0.11916169763513494,0.8766374499811577,0.004200852383707305
0,0,0.6340175218231913,0.3656787621602087,0.00030371601660016465
0,0,0.8609975233030023,0.1388842287398732,0.0001182479571245728
1,1,0.23383200432242324,0.7600221208235477,0.006145874854029004
1,1,0.2818196346438991,0.7140254881936602,0.004154877162440761
1,0,0.7763357827538667,0.22027086946715807,0.003393347778975213
0,0,0.9412201562241203,0.05854383186540305,0.00023601191047665991
1,1,0.09144154766827155,0.9012051726341139,0.0073532796976143455
0,1,0.06482916750961179,0.9302153183844752,0.004955514105913014
0,0,0.6401577983485647,0.35965621631466044,0.00018598533677482122
1,1,0.31714876208851833,0.6803627339387954,0.0024885039726862354
2,2,4.5643245201260064e-07,0.0028452449945051968,0.9971542985730428
1,1,0.09111712971940282,0.8885294683727979,0.020353401907799284
1,1,0.10495957884534121,0.8924368061839354,0.0026036149707233743
1,1,0.017730826987472255,0.9726787927269733,0.009590380285554393
1,0,0.5876824935008365,0.4117229358043178,0.0005945706948457804
1,2,0.0002314232471660073,0.3392547943066335,0.6605137824462005
1,1,0.043964852626113896,0.928920340364254,0.027114807009632126
0,0,0.5957614353041533,0.40402613532668935,0.00021242936915733332
0,1,0.31295778616230585,0.6829126683929786,0.004129545444715587
0,0,0.6473274949354566,0.35249504124245207,0.00017746382209116656
1,1,0.12462624608670324,0.8713503737511343,0.004023380162162376
0,0,0.5325823138316869,0.466926328174286,0.000491357994027049
0,0,0.6422655776869146,0.35524782734127935,0.0024865949718061325
0,0,0.6852572699331904,0.31436413967989224,0.00037859038691725344
1,1,0.4416068921129113,0.5571914966027354,0.0012016112843533597
1,1,0.12367197895421504,0.8750329486411156,0.0012950724046693987
1,0,0.72429342332683,0.2752729546403951,0.000433622032774806
0,1,0.4603075249612742,0.5386019543540159,0.001090520684709868
0,1,0.16763251357890716,0.8297076647700395,0.0026598216510533746
1,1,0.21273983802770927,0.7774457579055752,0.009814404066715597
0,0,0.6788862966348703,0.32087495153049567,0.00023875183463392644
1,1,0.37430152468301836,0.6232651415271352,0.002433333789846521
0,0,0.7361081485007757,0.2628880349964901,0.0010038165027343156
0,1,0.1468596563413271,0.8493524659696036,0.0037878776890694402
2,2,0.0007630417535867426,0.15543162690190013,0.8438053313445132
1,1,0.3875302727257566,0.6094401822642156,0.00302954501002793
1,1,0.04828013609122122,0.9024838352583466,0.04923602865043205
1,1,0.360770723630871,0.6341446513348267,0.0050846250343022405
1,1,0.0820626481769284,0.9068323315799007,0.011105020243171018
0,0,0.6987985792183833,0.3008944978833408,0.00030692289827592565
1,1,0.39589901980416686,0.6031404570730978,0.0009605231227352079
1,1,0.0297940308432777,0.9622031000455263,0.008002869111195984
0,0,0.9679703038803198,0.03174948746093924,0.00028020865874106717
0,0,0.7844750313682928,0.2153938011588058,0.0001311674729014631
0,0,0.671767771909635,0.32799763513042735,0.0002345929599375326
1,1,0.3225530903454824,0.6678179666439175,0.009628943010600102
0,0,0.9068185803434282,0.09275625968293576,0.0004251599736359967
1,1,0.10652504347015727,0.8868892789543757,0.006585677575467041
2,2,0.00017061293711466614,0.09402474634390054,0.9058046407189848
0,0,0.5647393848006895,0.4348843677517185,0.0003762474475921399
0,0,0.8259197983579736,0.17396623473549236,0.00011396690653402703
1,1,0.30318157573024324,0.6949378155908156,0.0018806086789412001
0,0,0.5681303787875425,0.43118831256900886,0.0006813086434486899
1,0,0.7318215945238739,0.26797629128681527,0.00020211418931094863
0,1,0.2040285290223121,0.79437214631092,0.0015993246667678417
1,1,0.4244970499449069,0.5739555459527405,0.001547404102352664
1,1,0.46108770986685543,0.5385447819220726,0.00036750821107196606
0,0,0.9701553510300087,0.029689634372193574,0.0001550145977977065
1,1,0.036923081824580976,0.8810902202963151,0.08198669787910388
1,0,0.8700313446090008,0.12988712897280677,8.152641819242924e-05
0,0,0.6971646504916494,0.3020668422525652,0.000768507255785233
1,1,0.32287567794663175,0.6752911671799671,0.0018331548734011726
1,0,0.5722456782134921,0.4233723203361577,0.004382001450350205
0,0,0.6782873651662389,0.32109200241193236,0.0006206324218288138
1,1,0.07343370704898655,0.9247115241743249,0.0018547687766884073
1,0,0.7270892380185228,0.27231357465584166,0.000597187325635716
0,0,0.675432672932744,0.3241195322980417,0.0004477947692144059
1,1,0.15813622057512844,0.8173796859742248,0.024484093450646772
0,0,0.9363431972755464,0.06333094821177597,0.0003258545126776267
0,0,0.6738782011975967,0.32584503033630347,0.00027676846609983916
1,1,0.009169403796304479,0.9783203770778129,0.012510219125882452
0,1,0.09209575171483565,0.9057937499795391,0.0021104983056253316
1,1,0.20112783329445327,0.791327337390679,0.0075448293148678075
1,1,0.34067209960567785,0.6587657005761444,0.0005621998181777707
0,1,0.26421626046586083,0.7320252570499123,0.0037584824842269303
0,0,0.7641066566546022,0.23578625293087208,0.00010709041452565719
2,2,2.4459563489382804e-06,0.014296758227677255,0.9857007958159739
2,2,0.0004608972726951685,0.17255157830660922,0.8269875244206956
0,0,0.8743888613683207,0.12552926559268365,8.187303899554042e-05
1,1,0.4507506345251412,0.5485679361821137,0.0006814292927449166
1,1,0.0006258981925974865,0.5081500908268239,0.4912240109805786
1,1,0.20829958127832457,0.7908660019013937,0.0008344168202817623
0,0,0.8880084780218173,0.11195611995480129,3.540202338151127e-05
1,1,0.16022763550955813,0.837155987602591,0.0026163768878508928
0,0,0.6162279718978896,0.3835001337499919,0.00027189435211853464
1,0,0.5684729403197761,0.43119347395529956,0.0003335857249243002
1,1,0.19285253489562273,0.8051807466758782,0.0019667184284989842
0,0,0.8816619106724072,0.11818584659441993,0.0001522427331728535
1,1,0.16012011359992576,0.8383013425144756,0.0015785438855985456
0,0,0.6525314076956427,0.34723653369561036,0.0002320586087470029
0,0,0.591612351786619,0.4079397076537864,0.0004479405595945641
0,0,0.6575159393475367,0.34147747518028615,0.0010065854721771753
1,1,0.35882069750808854,0.6399949166591341,0.0011843858327773827
1,1,0.15262892383797055,0.8455959023094652,0.001775173852564316
0,0,0.7882704819089462,0.20724265580509776,0.0044868622859560925
1,1,0.14621844564580383,0.8506503655463534,0.0031311888078427367
1,1,0.24143011081362326,0.7570106797700239,0.0015592094163530113
0,0,0.7496447695077315,0.24930795176511475,0.0010472787271536706
1,1,0.04858406535042047,0.9437883324100241,0.007627602239555531
1,1,0.09476761760070294,0.8894170365662273,0.015815345833069917
1,1,0.2956145508316683,0.6989255052792416,0.005459943889090131
0,0,0.6981018532322737,0.3012963688330397,0.0006017779346866943
1,2,0.00011720603303306266,0.37278030302485565,0.6271024909421112
0,0,0.9555542021799839,0.04405243285600609,0.00039336496401002805
1,1,0.20520577137366217,0.7926009615090989,0.002193267117238819
0,0,0.6811570818408422,0.3182397248638103,0.0006031932953474213
1,0,0.5351518143776329,0.46357564015118635,0.0012725454711807582
1,2,0.018847281150750874,0.3331548731540384,0.6479978456952107
1,1,0.23300002015885776,0.765304271819598,0.0016957080215442503
1,1,0.35234427115321426,0.6471445660628197,0.0005111627839661058
1,1,0.3266959720164745,0.6711973187486064,0.002106709234919073
0,0,0.5491446380272914,0.45023228284943634,0.0006230791232723114
1,0,0.7764382978403418,0.22298896777475458,0.0005727343849037767
0,1,0.056585092426078364,0.9317133056639798,0.011701601909941777
0,0,0.89947275420557,0.10048204599464257,4.519979978727413e-05
0,0,0.6256725992847204,0.37380492572062146,0.0005224749946581183
1,1,0.37743448268082186,0.6207967743821956,0.001768742936982639
0,0,0.8699333270974623,0.12997483109994465,9.184180259312483e-05
1,1,0.09956386661429849,0.8768859885259951,0.023550144859706378
0,0,0.881754631370654,0.11805554322348168,0.00018982540586434226
0,0,0.7463848323252498,0.2491295450237494,0.004485622651000789
2,2,0.0008105258364827996,0.20398786587827183,0.7952016082852453
1,1,0.06998678535822568,0.9141322555709127,0.01588095907086162
1,0,0.7788197242397122,0.22095378800670804,0.000226487753579631
1,1,0.21079064981583084,0.7878076974996833,0.0014016526844859202
0,1,0.3603315060880426,0.6387496710144523,0.000918822897505073
1,0,0.5297950685800256,0.46689790120506997,0.003307030214904518
0,0,0.7227352601574948,0.27713142909515115,0.00013331074735403734
1,1,0.25162664661188205,0.746976525101317,0.0013968282868009872
1,0,0.6535029482302611,0.34602813628313583,0.000468915486603059
0,0,0.6798584550501732,0.31956050208909603,0.0005810428607308948
0,0,0.6936557211280706,0.3060284453566511,0.00031583351527831097
1,0,0.6026374039208249,0.39698526159600245,0.0003773344831728338
0,1,0.48642418474749166,0.5131610955265298,0.00041471972597859205
1,1,0.17752167635822086,0.8182430470814198,0.004235276560359161
1,1,0.31705404412357446,0.6793570556370564,0.0035889002393690935
1,1,0.23279140275100088,0.7654099113590378,0.0017986858899612498
1,1,0.16193508928567743,0.8369074537473693,0.0011574569669532977
1,0,0.5872389174776951,0.41207294230520053,0.0006881402171044324
0,1,0.49149926482847145,0.5080010036250486,0.0004997315464799659
0,1,0.4609106774189838,0.5382321583234576,0.0008571642575586191
0,0,0.5582398709207405,0.44105510834014544,0.0007050207391140551
0,0,0.7329997151796531,0.2664837444420333,0.0005165403783136207
1,0,0.5541784792059418,0.4436880525515034,0.0021334682425549014
0,0,0.8344154561530259,0.16465395756198128,0.0009305862849928629
0,0,0.5916231025194164,0.4080236625100318,0.0003532349705517709
0,1,0.26819627706586563,0.7305635343577253,0.001240188576409148
2,2,4.933512423841172e-05,0.07832215888600261,0.921628505989759
0,0,0.6138531876052088,0.38552673148062205,0.0006200809141692211
1,1,0.10393875231893951,0.894082714806355,0.0019785328747053557
1,1,0.14118900030508658,0.8576392059727015,0.0011717937222119634
1,1,0.013291226435064226,0.9833997433574501,0.003309030207485607
1,1,0.07581661187327549,0.9212610301563455,0.002922357970378933
1,1,0.13660722800975686,0.8620768454545777,0.0013159265356653327
1,1,0.041587407895165546,0.9547533057810151,0.0036592863238194273
1,1,0.22336516181096172,0.7729239249429886,0.003710913246049587
1,1,0.15924348219524329,0.8389553332392286,0.0018011845655281633
0,1,0.47140528424476325,0.5253969147513692,0.003197801003867533
1,2,0.0011121588813491022,0.3913178448474332,0.6075699962712178
1,1,0.36780194055666937,0.6291534683551531,0.00304459108817762
1,1,0.28618252887459744,0.7069480910554993,0.006869380069903286
1,1,0.14067672353416788,0.8529810264941668,0.006342249971665337
1,1,0.18724408434704432,0.8091428654991626,0.003613050153793095
0,0,0.9035546853662761,0.0963632606019124,8.205403181146618e-05
1,1,0.20060798787467876,0.7966878408118152,0.0027041713135059963
1,0,0.5339658946423501,0.4656604652034982,0.00037364015415181193
0,0,0.7072921581756757,0.2925147816633358,0.00019306016098846653
1,1,0.4933374519609825,0.5050276873352524,0.0016348607037651823
0,0,0.8864184602547329,0.1131237844448132,0.0004577553004537996
0,0,0.8154665805212196,0.18448510601032905,4.831346845137721e-05
1,1,0.0920610239927692,0.9063514210672875,0.0015875549399433195
0,0,0.7611200365990171,0.23868631302703464,0.00019365037394820207
1,1,0.06281336099408316,0.8589897486373591,0.0781968903685577
1,0,0.6285360204944724,0.36993951867832314,0.001524460827204355
1,1,0.15930435688923386,0.8392532412628806,0.0014424018478855084
0,0,0.5316056073615205,0.4674641996600218,0.0009301929784576816
1,1,0.4849433936526819,0.5146968485482529,0.0003597577990651806
0,1,0.4109907634761366,0.5878147658771704,0.00119447064669297
0,0,0.589848026587572,0.4098596643259277,0.0002923090865004583
1,1,0.042926265048093395,0.9417984131440641,0.015275321807842511
1,0,0.655194461381181,0.3443611064138669,0.00044443220495212247
0,0,0.8852390305558988,0.11469322397102423,6.774547307697081e-05
0,0,0.8884442843980852,0.11150714171126833,4.857389064646205e-05
0,0,0.6311383219395906,0.36860136037118907,0.00026031768922039975
1,1,0.28153861113031403,0.7144284869254143,0.0040329019442718415
0,0,0.7557684914582056,0.24354623385248114,0.0006852746893132893
1,1,0.03473683406072203,0.9550272084084166,0.010235957530861243
0,0,0.6562055347430582,0.3437073517490475,8.711350789428101e-05
1,1,0.04731849562023735,0.8956680274762108,0.05701347690355174
1,1,0.036588198373456046,0.9603966333615094,0.003015168265034592
0,0,0.7629481883864011,0.23692662345855567,0.00012518815504323648
0,0,0.5037441236008989,0.4956481294139248,0.0006077469851762468
0,0,0.8158658042417068,0.18383802974562313,0.000296166012669854
0,0,0.9294738116994181,0.06981563551221408,0.0007105527883677614
0,0,0.8361171728473571,0.16272930654875736,0.0011535206038855894
0,1,0.4028428630880016,0.5949863817493277,0.0021707551626705714
1,1,0.44155114877002494,0.5578681350308281,0.0005807161991469184
0,0,0.9294937658015142,0.07032103919699381,0.00018519500149180622
0,0,0.9043854017632729,0.0952503198376496,0.00036427839907744275
1,0,0.649711306757779,0.350001544426725,0.00028714881549586884
1,0,0.6940764138995098,0.30437343296227665,0.0015501531382135813
0,0,0.497235560251896,0.49544610863093524,0.00731833111716868
1,1,0.14620242224883434,0.8516587120237181,0.0021388657274476553
0,0,0.913504491310944,0.08635651852306218,0.00013899016599371313
1,1,0.12722691877987985,0.870920719928133,0.0018523612919871374
0,0,0.9405031926130343,0.05943873835182748,5.806903513823304e-05
1,1,0.334944088449877,0.6627231895434524,0.0023327220066706417
0,1,0.1035950790035135,0.8935731906789004,0.0028317303175861117
1,2,0.000473646525006829,0.4621171122902854,0.5374092411847079
1,1,0.2789702258992459,0.7173102730861906,0.003719501014563414
1,1,0.08828869772960712,0.8472092106793654,0.06450209159102752
1,1,0.10254870988185777,0.8943490897441203,0.0031022003740218155
1,1,0.10047759911127097,0.897098514074725,0.002423886814004064
1,1,0.49396454995398825,0.5050270830584308,0.0010083669875808156
1,1,0.30868817232985746,0.688434230461935,0.002877597208207508
2,2,7.03476707462169e-05,0.12365998205706409,0.8762696702721897
0,1,0.19817538104682078,0.8009839378991821,0.0008406810539970022
0,0,0.9168468503927855,0.08252228236441786,0.0006308672427965358
1,1,0.18832349300548923,0.8021424267510645,0.00953408024344615
1,1,0.3263426633297969,0.661779325178245,0.011878011491958019
1,1,0.17503385809535357,0.8200105511101345,0.004955590794511906
0,0,0.9027614226880043,0.09718573526936401,5.2842042631625416e-05
1,0,0.7821501369825603,0.2175910480313164,0.0002588149861233254
0,0,0.9988804073095802,0.0008748502020449633,0.0002447424883749161
1,1,0.00101452046508756,0.5642242886598973,0.43476119087501514
0,1,0.1744748052640556,0.8213088182833984,0.0042163764525459625
1,0,0.8486484879253016,0.1511725759834678,0.0001789360912306599
0,1,0.2447208165229555,0.7545450792250997,0.0007341042519448615
0,0,0.9271096482924879,0.07221443983611096,0.0006759118714010731
0,0,0.9095654094103321,0.08933907989492722,0.00109551069474071
1,1,0.03880618221920792,0.9538981237220667,0.007295694058725477
2,2,6.901781229005913e-05,0.061269321013049605,0.9386616611746603
2,2,2.2066705510088657e-08,0.0012630255390331567,0.9987369523942614
2,2,5.072092723845741e-05,0.13778650259821273,0.8621627764745489
0,0,0.6540834991359497,0.34448204996111986,0.001434450902930552
1,1,0.029667024015318653,0.96616455953039,0.004168416454291232
1,1,0.05804383781994207,0.9382109034014875,0.00374525877857045
1,1,0.01766623083870281,0.9652577870816995,0.017075982079597703
1,1,0.03462751229830501,0.9610701648186711,0.00430232288302368
1,1,0.049125952126642065,0.9481452515018363,0.0027287963715215023
0,0,0.5609755310697359,0.43838096678040794,0.0006435021498562421
2,2,9.18926342213406e-07,0.020950815318600498,0.9790482657550572
0,0,0.7921909878715541,0.2076076642604987,0.0002013478679472979
0,1,0.2905713521516805,0.7066741140075974,0.002754533840722056
1,1,0.049805606160650766,0.9145066776395243,0.03568771619982494
2,2,0.000916242923052558,0.1889135895762222,0.8101701675007253
1,1,0.01536189729049633,0.9765521063631837,0.008085996346320078
1,1,0.03909026014690531,0.956724752696418,0.00418498715667656
1,1,0.14189732534448268,0.8496298181107991,0.008472856544718306
0,0,0.7691466419522388,0.23061753415798883,0.00023582388977235613
1,1,0.08787325411052645,0.9103149452729683,0.0018118006165050988
1,1,0.07205543540102322,0.9259940189894569,0.0019505456095198304
2,2,0.00013359158295855338,0.17954703050646287,0.8203193779105786
1,1,0.08391255261265014,0.9057650790022908,0.010322368385059255
0,0,0.8099163653234369,0.18964885059699588,0.00043478407956723774
1,1,0.3710324124217456,0.6210883333549139,0.007879254223340508
0,1,0.3183333216690767,0.6776333979135527,0.0040332804173705775
0,1,0.4351173339074926,0.5639893879538183,0.0008932781386891417
1,1,0.13106418845174342,0.8669289641634036,0.0020068473848530097
2,2,4.523597501396051e-08,4.658001319229267e-05,0.9999533747508327
0,0,0.771866530028568,0.22775216192851583,0.0003813080429162949
1,1,0.0009094419987371129,0.5486969552634327,0.45039360273783025
1,1,0.2624846556185671,0.7329347644109893,0.004580579970443633
0,0,0.9055409732824975,0.09371235777139275,0.0007466689461097862
0,0,0.5589958248979072,0.4403439840535428,0.0006601910485499913
0,0,0.9169970246656962,0.08284853031156127,0.00015444502274244247
1,0,0.6111016245409784,0.38847170757041166,0.00042666788860995877
1,1,0.016002570657380758,0.8349216240621968,0.14907580528042244
0,0,0.8268693106556316,0.1726893545649267,0.0004413347794414892
1,1,0.45355836862198834,0.5455930090246062,0.0008486223534054919
1,1,0.4130688891459157,0.5862997732589588,0.0006313375951255457
1,1,0.14193164894129945,0.8550942501840179,0.0029741008746825824
0,0,0.7670562431868836,0.23279616484755183,0.00014759196556461392
1,1,0.17720004455993438,0.8185768588988362,0.004223096541229336
1,1,0.4984406606689732,0.501168984669214,0.00039035466181279373
1,1,0.017576509454622576,0.8401370967887846,0.14228639375659288
0,0,0.6827509635084668,0.31700099587653024,0.0002480406150029516
0,0,0.6590986922910822,0.34037530531199195,0.000526002396925889
0,0,0.6946697016698701,0.30480071515263024,0.0005295831774997503
1,1,0.27315060146397213,0.7245350529051502,0.0023143456308776034
1,1,0.16730557267630403,0.8302330252115003,0.0024614021121955715
1,1,0.06284876703126278,0.9343740784978073,0.0027771544709298706
0,0,0.6430593288460767,0.35546390669840555,0.0014767644555176566
1,0,0.5709901536937809,0.42829555759892146,0.0007142887072975921
0,1,0.4011230178216612,0.597991782565019,0.0008851996133199141
1,1,0.13745436929127455,0.8604881397382408,0.0020574909704846435
1,1,0.32663099574037696,0.6700693570585877,0.003299647201035324
0,0,0.9991256090559415,0.0005731555800793281,0.00030123536397916306
0,0,0.6343557584219248,0.3652196153168938,0.0004246262611815064
0,0,0.7912240851661598,0.20867140498079095,0.00010450985304907335
0,1,0.4085021530086403,0.5864025628458978,0.0050952841454619474
1,1,0.24145873628151265,0.7566179319895426,0.001923331728944647
0,0,0.969801327666826,0.030040833546815443,0.00015783878635858503
1,1,0.47672570021605076,0.5226245023380989,0.0006497974458503322
1,1,0.11495965592750902,0.8833799842818587,0.0016603597906321964
0,1,0.4632146978672415,0.5360860278312872,0.000699274301471254
2,2,0.0002304495146515069,0.11829891475013467,0.8814706357352138
0,0,0.514151061298326,0.4854841754695942,0.00036476323207985153
0,0,0.9742230013977132,0.025660769993059725,0.00011622860922705045
1,1,0.2569418691182998,0.73747866167373,0.005579469207970242
1,0,0.5316084262044036,0.4675878885392604,0.0008036852563358816
1,1,0.0940435393885252,0.89502314769891,0.010933312912564776
1,1,0.16373365549134947,0.8352340335737526,0.0010323109348980358
1,1,0.43126791004673487,0.568202352189528,0.0005297377637370588
0,0,0.7471702895721102,0.25273811613842273,9.159428946709411e-05
1,1,0.33121716432378356,0.6680877766132357,0.0006950590629808319
1,1,0.3660084611548079,0.6316586658295261,0.0023328730156660393
0,1,0.05076378475293767,0.9442564834855376,0.004979731761524691
1,1,0.3057779732532398,0.69074646004577,0.0034755667009903008
0,0,0.9599414890986907,0.039931371278332656,0.0001271396229765516
0,0,0.9403658797747555,0.05957674367056212,5.737655468229852e-05
0,0,0.9173748707980229,0.0825151015769685,0.0001100276250087144
2,2,0.00030049375568738884,0.21111591676347521,0.7885835894808373
0,0,0.5256677031451839,0.47339938243741975,0.0009329144173964089
0,1,0.4547512195706075,0.5445324414710921,0.0007163389583003264
1,1,0.1456680657880125,0.8518082971347687,0.002523637077218792
0,1,0.3443718450080775,0.6542827039982803,0.001345450993642267
1,0,0.7338558060863155,0.26543604631186407,0.0007081476018203542
1,1,0.38222702320250745,0.6145919919609116,0.003180984836580845
1,1,0.27443097064849664,0.7239818629098198,0.0015871664416834625
0,1,0.2597679477301192,0.7371971350777919,0.0030349171920889895
0,0,0.5546507209716222,0.4447366034220609,0.0006126756063169071
1,1,0.4941535057793075,0.5004030980506419,0.005443396170050666
0,0,0.794242500835976,0.20557326708714327,0.00018423207688066654
1,1,0.09434196976321564,0.9037983079279179,0.001859722308866357
0,0,0.8368192095127871,0.16313614658589123,4.46439013214999e-05
1,0,0.5541485187216024,0.44525660122938715,0.0005948800490104001
1,0,0.6669360673580219,0.33194400446076217,0.001119928181215995
0,0,0.8497483091360619,0.14961143888517775,0.0006402519787603361
1,0,0.9069248961661394,0.09301790712745482,5.719670640591207e-05
1,1,0.17028116225846104,0.82481919985895,0.004899637882588774
1,0,0.6228468885478398,0.37590925813168663,0.0012438533204735176
1,0,0.8677209603366134,0.13213273059839864,0.00014630906498784232
1,1,0.21835608872289203,0.7804203678180142,0.0012235434590937898
0,1,0.391721799150289,0.6055469469533649,0.0027312538963461404
1,1,0.154010189595427,0.8445881438324684,0.0014016665721045263
0,0,0.5864724683741118,0.4117379413059474,0.0017895903199409788
2,2,0.0002552986225430831,0.18484913883056814,0.8148955625468889
1,1,0.30244142513345057,0.6962242004215138,0.001334374445035651
0,0,0.5805036021407686,0.4188500463352793,0.0006463515239521503
0,0,0.9136451922432605,0.0832958465575661,0.003058961199173519
0,0,0.7547929049578543,0.24504537291090744,0.0001617221312381467
1,1,0.03473948831549813,0.9628823005814658,0.0023782111030360197
0,1,0.26060365941257335,0.735494929490544,0.003901411096882603
1,1,0.11210090684083707,0.8849994439419764,0.0028996492171864978
0,0,0.6824968830997475,0.3171252541442199,0.00037786275603261815
1,1,0.3294623338749127,0.6686883712839277,0.0018492948411596478
0,0,0.6683820226413307,0.3312774853870779,0.0003404919715913457
0,0,0.6843437022095379,0.31532527778082564,0.0003310200096365664
0,1,0.4152644566733708,0.5840230803327382,0.0007124629938909527
1,1,0.4030184514635797,0.5959468979784257,0.00103465055799454
0,0,0.8709237826059013,0.12896932483912948,0.00010689255496909011
0,0,0.8900653171654953,0.10990578316304284,2.8899671461739826e-05
1,1,0.23520874335860786,0.7630126318802772,0.001778624761114952
1,1,0.05768450559046579,0.9355835538367421,0.006731940572792077
1,1,0.080963944115457,0.9004191238757453,0.018616932008797618
0,0,0.740242050460019,0.2596666931244176,9.12564155633315e-05
0,0,0.7742669759238449,0.2255728961889148,0.00016012788724045958
0,0,0.7824337852193175,0.21699182846751963,0.0005743863131630065
2,2,0.0002873248172613603,0.37826786208069907,0.6214448131020396
0,0,0.9221218743715305,0.07776895178423375,0.00010917384423576931
2,2,0.00018371766799513356,0.16451199916160017,0.8353042831704047
1,0,0.6902054684875162,0.3094303687621539,0.00036416275032990055
1,1,0.20012232844573566,0.7957095043540683,0.00416816720019608
1,0,0.7758391994234829,0.2238749960310292,0.0002858045454878883
1,1,0.12875082550904554,0.8690053752880572,0.0022437992028972857
0,0,0.8091185448667657,0.19082399303637315,5.746209686110951e-05
0,1,0.054190529952440315,0.9423187429421138,0.003490727105445894
0,0,0.5072451417599656,0.4923883182336044,0.0003665400064299653
1,1,0.18573754219296945,0.8118134268428406,0.0024490309641899736
1,1,0.4357960131006331,0.5627054162191963,0.001498570680170501
1,0,0.9194260337226128,0.08044390518629428,0.0001300610910928475
1,1,0.0359759161786173,0.960023544271611,0.004000539549771727
1,1,0.102372778502495,0.8804238262107257,0.017203395286779315
1,1,0.37720676423686755,0.6212559712673751,0.001537264495757232
0,0,0.8957300882720228,0.10410332656518723,0.0001665851627900753
1,0,0.5568509896914998,0.4429819538865297,0.0001670564219705493
0,0,0.5204055639360227,0.4791766376063323,0.0004177984576449225
2,2,8.888922701788566e-05,0.07055125913893939,0.9293598516340427
0,0,0.8275099170851201,0.17215953522431482,0.0003305476905650883
1,1,0.14949795564565613,0.8457027825445248,0.00479926180981904
1,1,0.02010788440182944,0.9632743762743525,0.01661773932381787
2,2,7.0922086542857e-05,0.0790291998028429,0.9208998781106144
1,1,0.07686776063971089,0.9198591753484954,0.0032730640117937656
0,0,0.5784046876422205,0.4213426308053936,0.00025268155238595055
1,1,0.2894124469559137,0.7078430795723586,0.0027444734717277032
1,1,0.012561008678067219,0.9822825884025351,0.005156402919397755
1,1,0.31142365544359973,0.6866904942662462,0.0018858502901540814
0,1,0.37317629439877104,0.6246786300518639,0.002145075549364994
0,0,0.9238358948741869,0.07601037820578975,0.00015372692002326723
1,1,0.15343716254425518,0.8446593019526205,0.0019035355031242565
0,0,0.7673827887625281,0.23243514131069795,0.00018206992677400485
0,0,0.8683291151514501,0.1316148477150842,5.603713346563983e-05
1,0,0.5574711085367839,0.44097607937052896,0.00155281209268704
0,1,0.36008908649593097,0.6379226992565004,0.0019882142475687397
0,0,0.9434613927834464,0.056451779320135974,8.682789641771156e-05
1,2,0.0013138695664012363,0.3965619689279509,0.602124161505648
0,1,0.14449342958509537,0.849810604195142,0.0056959662197626935
1,1,0.40935966807426105,0.5902581094086398,0.00038222251709921565
1,1,0.03964581676962716,0.9518353094590007,0.008518873771371985
0,0,0.6730276667471234,0.32619238858362654,0.0007799446692500207
0,1,0.3538018458941128,0.6431544122076188,0.003043741898268558
0,0,0.8524537399570058,0.14747152476655107,7.473527644312597e-05
0,1,0.4584701035911523,0.536269172262738,0.005260724146109724
0,0,0.5383969932809892,0.4611792822242247,0.0004237244947860023
0,1,0.3818048489585244,0.6170853525127282,0.001109798528747291
2,1,0.01901121508500065,0.8693625878649939,0.11162619705000548
0,0,0.8273969007903368,0.1724403748487722,0.0001627243608910647
1,1,0.08508681037009765,0.910890743723754,0.004022445906148424
1,1,0.01115415154197489,0.9648610406829955,0.02398480777502951
1,1,0.03453211041520241,0.8803584202115662,0.08510946937323118
0,1,0.26008814486380316,0.736574050172877,0.003337804963319893
0,0,0.9300261672825212,0.06943260261615698,0.0005412301013219
1,1,0.4016535439796187,0.5961149352088082,0.0022315208115730547
1,1,0.021119766760648327,0.9703579293601653,0.008522303879186378
1,0,0.7515477887808172,0.24810318900493197,0.0003490222142508642
1,1,0.3161026546276728,0.6819437382959102,0.0019536070764170264
1,1,0.26177470596544294,0.7348293942528554,0.003395899781701585
1,0,0.5665502232778232,0.4331159437773149,0.0003338329448618863
0,1,0.2694081340460223,0.7280686985140719,0.002523167439905724
0,0,0.707652716656301,0.2912126291316041,0.0011346542120948457
0,0,0.6190370771213748,0.3806091681470666,0.0003537547315587093
2,2,3.852602938427111e-06,0.02680785312845072,0.9731882942686109
0,0,0.9237971887815566,0.07609977165741001,0.00010303956103340096
1,1,0.46667561508533423,0.5285177830215833,0.004806601893082477
0,0,0.7458269317957513,0.25295260246388973,0.0012204657403589903
1,1,0.22723261496552838,0.7671061747941048,0.005661210240366784
1,1,0.09260752766330292,0.90414927270136,0.003243199635336903
0,0,0.8209279023385359,0.17867610948176252,0.00039598817970170654
2,2,8.209393750329311e-05,0.1175795588066954,0.8823383472558014
0,0,0.808993358129303,0.19063949216178233,0.0003671497089148735
1,0,0.5709634019508704,0.4286599607025912,0.00037663734653843166
1,0,0.5299301394623548,0.46936016831496935,0.0007096922226757963
1,1,0.09646514138436071,0.8603576079931909,0.04317725062244827
0,1,0.13658562001748858,0.8584037146215797,0.00501066536093178
1,1,0.35481479301659197,0.6430096810292797,0.0021755259541284327
1,1,0.29697096632283737,0.7015315180722086,0.0014975156049540494
1,1,0.03425123718163212,0.8917929267537278,0.07395583606464015
1,1,0.124949043337924,0.871991392687679,0.003059563974396983
0,0,0.785105929579195,0.21474115954853937,0.00015291087226558634
0,1,0.45542977520907874,0.5418661656582954,0.0027040591326258977
1,1,0.08579675363788747,0.9125605231814657,0.0016427231806468421
0,0,0.7190693670292626,0.279446078749075,0.0014845542216624646
0,1,0.1387137955288076,0.8453986672011193,0.015887537270072947
0,0,0.7593181220517528,0.24056616930514255,0.0001157086431048362
1,1,0.3574267836397231,0.6417794561791126,0.0007937601811643208
1,1,0.1932219915702574,0.8060008380943473,0.000777170335395344
1,1,0.12039341752107799,0.8783020624225504,0.001304520056371612
0,1,0.37307461272996545,0.62588314551413,0.001042241755904473
0,1,0.2314509197283986,0.7673563128459887,0.0011927674256127301
1,1,0.371370172393963,0.6258269119301666,0.0028029156758703363
0,0,0.8239684794921188,0.17579115937965675,0.00024036112822435176
1,0,0.5159699995985777,0.4830797445144528,0.0009502558869696442
0,1,0.11243549585830216,0.5826645857160707,0.3048999184256272
1,1,0.2845659944939458,0.7115732283716631,0.003860777134391033
0,0,0.5740323458923999,0.4251663970075972,0.0008012571000029802
1,1,0.3509109774397996,0.6465668859246104,0.0025221366355899478
0,0,0.7243636011033834,0.2755108456686708,0.00012555322794573703
2,2,1.5375242857337656e-07,0.00022160503468442806,0.999778241212887
1,0,0.7858858583725379,0.21387248329175784,0.0002416583357042545
0,0,0.6067716694068975,0.39203789926103366,0.0011904313320688646
1,0,0.5291286095122713,0.4691191452288735,0.0017522452588551833
0,0,0.7299542908471367,0.26990013495696924,0.00014557419589414245
0,1,0.09946484566707128,0.8983227779423847,0.0022123763905440765
0,0,0.8462098007371236,0.15365700604483004,0.00013319321804642297
0,0,0.9114461964520081,0.08822640677479447,0.0003273967731975998
0,0,0.7229432029230892,0.27672657280781926,0.00033022426909148944
0,0,0.8897930511694364,0.11017332938023298,3.3619450330611964e-05
0,1,0.4628781698383582,0.5360658719493241,0.0010559582123176718
1,1,0.4647842571740848,0.5346861878361834,0.0005295549897318438
0,0,0.9522231419842645,0.046632935652991654,0.0011439223627439084
0,0,0.6883620819787961,0.31155505819310625,8.285982809783462e-05
1,1,0.21039371847745855,0.7859829836228919,0.0036232978996494783
1,1,0.22363571390991063,0.7753908812628567,0.0009734048272325087
1,1,0.32429164539208977,0.6737333362886233,0.0019750183192868906
1,1,0.12703502513020176,0.8706616510950861,0.002303323774712076
1,1,0.17424890615394392,0.8218448319217666,0.00390626192428942
1,1,0.3926480623312569,0.6069157118724303,0.00043622579631275417
0,1,0.3716192800161818,0.6274105200039813,0.000970199979836878
2,2,0.0008524876266192146,0.2393385432228011,0.7598089691505797
1,1,0.3085704114452593,0.6480993295665465,0.04333025898819408
0,0,0.5904415497322454,0.4086077622894653,0.0009506879782892732
0,0,0.9657497030321427,0.034140786651730044,0.00010951031612737795
0,0,0.8637427524412586,0.13616221973468978,9.502782405163227e-05
1,1,0.09604932797065885,0.901864458246417,0.0020862137829240762
0,0,0.8001088958462983,0.19975470228977774,0.00013640186392395538
2,2,0.0020061463786290126,0.1685040734377248,0.8294897801836463
1,1,0.08912773435657793,0.9066119663994429,0.004260299243979222
1,1,0.1679606366193482,0.8284701012916719,0.0035692620889798007
1,1,0.277399606702046,0.7189024931492479,0.003697900148706279
1,1,0.03268927442082561,0.9600016568258738,0.007309068753300721
1,1,0.2898288389655506,0.7074485275600618,0.0027226334743876
0,1,0.19121526272767816,0.8033223057438257,0.005462431528496063
1,1,0.14982754414361246,0.8488697593320716,0.001302696524315824
0,0,0.8661816785882122,0.13302755525167945,0.0007907661601083897
0,0,0.8080827744130322,0.19155814705831167,0.0003590785286560685
0,0,0.7972678329121304,0.20261306112726518,0.0001191059606043442
0,0,0.7574027725350777,0.24170792798353455,0.0008892994813878132
0,0,0.9803884033610437,0.01954410549642683,6.749114252943317e-05
1,0,0.8037743398827877,0.19552456910433505,0.0007010910128772409
1,1,0.012582257914800929,0.7974453120680174,0.18997243001718161
1,1,0.05015836790079743,0.946757552114751,0.0030840799844514526
0,0,0.5343044825380409,0.46524586719798094,0.00044965026397819944
1,2,0.0008989098401263535,0.3171411728635204,0.6819599172963533
0,1,0.25128477189041754,0.7445220443320355,0.0041931837775469934
0,0,0.7038401266582535,0.2952119654064276,0.0009479079353189635
1,2,0.00021462131823346182,0.32979527695606653,0.6699901017257001
0,1,0.48215624172500676,0.5163936486304609,0.0014501096445323595
1,1,0.10835676417228352,0.8876421644562614,0.0040010713714549
0,0,0.9761741600374383,0.023723305685521,0.00010253427704066923
0,1,0.19106429387840826,0.8069465758168306,0.0019891303047611985
0,0,0.8103783076332384,0.18941488669991674,0.00020680566684480923
0,0,0.5049096071440604,0.49360484661993653,0.0014855462360030252
0,0,0.8169839145846428,0.18231421290903418,0.0007018725063230132
0,0,0.8377361207118306,0.16196056372722686,0.00030331556094254157
0,0,0.7660434659900486,0.23280586797423614,0.0011506660357153877
1,1,0.08878659595857817,0.9070869445451445,0.004126459496277361
1,1,0.33866059547154304,0.6608802889657277,0.000459115562729233
1,0,0.8717143528422909,0.12812243687784358,0.00016321027986539405
1,1,0.0750763041274633,0.8729356558054109,0.051988040067125846
1,1,0.10418417785509353,0.8894571910919467,0.006358631052959782
1,1,0.16313236569507675,0.8356898753528245,0.001177758952098976
1,1,0.2431500481004254,0.7554792894448084,0.0013706624547663107
0,0,0.6854892937439302,0.31210094183395615,0.0024097644221136184
0,0,0.5408351918255293,0.4587508182528471,0.0004139899216237612
0,1,0.443986529803752,0.5544241285909026,0.0015893416053455289
1,1,0.22494033967031404,0.7731489016892967,0.001910758640389271
1,1,0.29012601807642485,0.7085654891151378,0.0013084928084373794
2,2,2.0334183490611687e-06,0.0041934814051942035,0.9958044851764567
0,1,0.4337611818825432,0.5647412911977631,0.0014975269196937809
1,1,0.03223028717566921,0.9572692716648871,0.010500441159443716
1,1,0.03895427976928562,0.9581301697547118,0.0029155504760026507
2,2,6.218432124194309e-07,0.00038776648960100145,0.9996116116671866
1,1,0.0438732102372164,0.9491921793682591,0.006934610394524561
1,1,0.25718077330252936,0.7407613311506054,0.002057895546865246
0,0,0.9300761166857368,0.06937505458923947,0.0005488287250238079
1,1,0.08789298878593584,0.909657463146585,0.0024495480674791223
1,1,0.05184421999305395,0.8546155265089793,0.0935402534979668
1,1,0.04978618176645863,0.9462017283208254,0.0040120899127158915
1,1,0.16983070998299477,0.8272787794785451,0.0028905105384602185
0,1,0.08700425285871746,0.9097503552718518,0.0032453918694306918
0,0,0.6988716914144223,0.30095302598847634,0.0001752825971014572
0,0,0.729013487011913,0.2707858030913331,0.00020070989675378877
0,0,0.8117307238616049,0.18791602003894392,0.00035325609945114505
0,0,0.9367216175520404,0.0630028708161414,0.00027551163181819405
0,1,0.23996750873671546,0.756551337713048,0.0034811535502366196
1,1,0.024081717339477657,0.9707709270993791,0.00514735556114314
0,1,0.05322057652196144,0.9440575415155912,0.002721881962447415
1,1,0.0038477090285384983,0.7271189750699092,0.2690333159015523
0,0,0.8256641797715444,0.17393942174466892,0.0003963984837866478
1,1,0.14047768701939567,0.850501425974405,0.00902088700619931
0,0,0.583630951147791,0.41603822378494404,0.000330825067264977
0,1,0.21731725518040135,0.7817249804447026,0.0009577643748960384
2,2,0.00015492860211992147,0.22313408774916693,0.7767109836487132
0,0,0.622485828891883,0.37667301233381767,0.0008411587742995436
1,2,0.020836208185211612,0.3787604806444841,0.6004033111703044
1,1,0.14371236415335045,0.790444522369247,0.06584311347740243
1,1,0.029417484427226987,0.9651442787384213,0.005438236834351727
0,0,0.6396604101700955,0.3597207563878292,0.0006188334420754917
2,2,7.738502073640892e-07,0.0024924154759604802,0.9975068106738321
1,1,0.10674059274389128,0.8915173157110438,0.0017420915450648837
1,1,0.2022499658345713,0.791853298579519,0.005896735585909561
1,1,0.1083935883827893,0.8878270646355615,0.0037793469816492947
1,1,0.13053941306891412,0.8642687767813835,0.0051918101497024785
1,1,0.06348808035711172,0.9325824941160148,0.00392942552687347
1,1,0.16770881681543864,0.8270621223183232,0.005229060866238103
2,2,0.0014289280090528623,0.09700159067075526,0.9015694813201919
0,0,0.6375697794922859,0.36218755328666485,0.00024266722104922952
1,1,0.03444021702195507,0.9586539547149635,0.006905828263081633
1,1,0.0824510104969804,0.9139972159987513,0.0035517735042682195
0,0,0.9299450119217315,0.06996814443316353,8.68436451049496e-05
0,0,0.6737623721306211,0.32583698892692065,0.00040063894245819957
1,1,0.2141189618466192,0.7832311069046921,0.0026499312486887765
0,1,0.43615173739445606,0.5626598200637687,0.001188442541775317
1,1,0.20989577151358438,0.7869450205378911,0.00315920794852461
1,1,0.2409598837089249,0.7522963854950612,0.006743730796013883
1,1,0.10222145174623185,0.8962644147284765,0.0015141335252917348
1,1,0.08764488456408213,0.867809974543672,0.04454514089224585
1,1,0.050614321129567756,0.9465980054411092,0.0027876734293229184
1,1,0.21066754433326332,0.7842401382978611,0.005092317368875522
0,1,0.25957294777927653,0.7384747086951013,0.001952343525622132
1,1,0.1466002092464305,0.821117434238671,0.03228235651489837
0,0,0.7233810487016342,0.2759604191859088,0.0006585321124569611
1,1,0.14363603996199195,0.8521872056795168,0.0041767543584912935
1,1,0.10649553436976861,0.8501500699120439,0.043354395718187416
0,0,0.7897256158255941,0.20855481278481006,0.001719571389595771
0,1,0.486912118251735,0.5112538372993213,0.0018340444489436554
0,0,0.9990767661479827,0.0008193357652215757,0.00010389808679582622
0,0,0.6459467491621562,0.35368203766248,0.00037121317536371044
0,0,0.9245691156451002,0.07513130236204055,0.0002995819928591608
1,1,0.03421151503019023,0.9604956147114146,0.005292870258395177
0,0,0.6563563646088372,0.343390287412286,0.00025334797887666284
0,1,0.21295054348485382,0.7859925959113352,0.0010568606038110979
0,0,0.8348075557268891,0.16500652920872635,0.0001859150643844537
1,1,0.02546572766110866,0.8124694724214264,0.1620647999174649
1,0,0.9281003426586247,0.07126388630548766,0.0006357710358875229
1,1,0.09512555356061018,0.8982199928691188,0.006654453570271106
0,0,0.7393114066131343,0.2605178249257859,0.00017076846107980537
0,0,0.8657678114009103,0.13403788480965592,0.00019430378943389198
1,0,0.5399962100556117,0.4597850951623729,0.00021869478201527243
1,1,0.26179218597391046,0.7375391352030847,0.0006686788230048505
0,0,0.5916450510720676,0.4079682978227959,0.0003866511051364919
0,1,0.3269186655698354,0.6719866248139679,0.0010947096161967062
0,1,0.35639809400227807,0.6421183575295446,0.0014835484681773995
1,1,0.05347211122448142,0.8798279354184831,0.06669995335703545
0,0,0.561765858095148,0.43709291207805323,0.001141229826798861
0,1,0.1325615756842828,0.8656801692340728,0.0017582550816444165
1,1,0.41542733868481546,0.583937644376474,0.0006350169387104736
1,0,0.5292395606002182,0.4693776304509445,0.0013828089488374367
1,1,0.18223344852620132,0.8086908606747094,0.009075690799089296
1,1,0.2127753387401971,0.7845334863609624,0.002691174898840394
1,1,0.05446812402047269,0.9426333710119136,0.002898504967613788
0,1,0.08277664040879042,0.9137986583361959,0.0034247012550137363
2,2,1.0701873077685367e-08,2.335074812756479e-05,0.9999766385499993
1,1,0.1782403970414121,0.8208524239091349,0.0009071790494529753
1,1,0.047069888083582555,0.9416744017489579,0.011255710167459543
0,0,0.8130550175382054,0.18685465601355813,9.032644823642217e-05
1,1,0.1991493529780094,0.8000822949354843,0.0007683520865062624
1,1,0.30013149593906097,0.6979817188354882,0.0018867852254507086
0,1,0.16350934657076915,0.8352573747510693,0.0012332786781617412
0,0,0.6866723044246696,0.3130129061737327,0.00031478940159781273
0,0,0.9366232128294399,0.0632439427387285,0.00013284443183154276
1,1,0.19030661392919718,0.8053480480343029,0.004345338036499887
1,1,0.31094370122235254,0.6869566610104897,0.0020996377671577988
1,1,0.034588245384724936,0.952643758524943,0.012767996090331898
0,1,0.13183333394034438,0.8670253716307826,0.0011412944288729104
1,1,0.2119133171588265,0.7849372663916698,0.0031494164495037436
2,2,1.373100876734719e-05,0.06687754208571563,0.933108726905517
1,0,0.5888567163719057,0.4107311856785373,0.0004120979495570018
2,2,1.4052833934277157e-05,0.0803242762108413,0.9196616709552243
1,1,0.020044489032101515,0.8317576735538486,0.14819783741405007
1,1,0.07164294024779934,0.8772822481680748,0.05107481158412599
1,0,0.7641048367271488,0.235233931694391,0.0006612315784603043
0,0,0.505103879261705,0.4940043897754594,0.0008917309628355809
2,1,0.020279826166445657,0.8391110544134084,0.14060911942014592
1,1,0.26644120080615014,0.7321187732546814,0.001440025939168362
1,1,0.10368877232046295,0.8913203912580117,0.004990836421525433
0,1,0.41071326963601723,0.588817375099852,0.0004693552641306718
1,2,0.008010518144364041,0.3747068656441559,0.6172826162114801
1,1,0.4080426980538716,0.5907974793521291,0.001159822593999304
1,1,0.37703241961982475,0.6219685441796311,0.0009990362005441685
1,0,0.7688031744604624,0.23068203811363014,0.0005147874259074526
0,0,0.7351848849028423,0.2647072651323954,0.00010784996476237821
2,2,1.8647948783646012e-05,0.18439017773850067,0.8155911743127158
1,1,0.12506996951213348,0.8707852366300373,0.004144793857829298
1,1,0.31566284286978413,0.6823814117368489,0.001955745393367106
1,1,0.16638340328161713,0.830979804301663,0.002636792416719819
1,1,0.10606863307950556,0.8685099445303059,0.02542142239018837
1,0,0.5974339666563765,0.3988494620260461,0.003716571317577352
0,0,0.8584385758740143,0.13207804762984432,0.009483376496141348
1,1,0.07390169363466823,0.9242816590481738,0.0018166473171580258
0,0,0.6601294247939395,0.3394285374900144,0.00044203771604607014
1,1,0.31500959653552335,0.6822551707356145,0.002735232728862099
2,2,0.0006558228905164039,0.1651200376583395,0.8342241394511443
0,0,0.5827764291947367,0.41695163283938114,0.00027193796588221723
1,1,0.31976542124954205,0.6780576246671512,0.002176954083306795
1,1,0.16505982397973834,0.8317398563636659,0.0032003196565959075
0,0,0.6319303756674798,0.36657513293692434,0.0014944913955958845
1,1,0.22156293356337542,0.7741313690251899,0.004305697411434574
1,1,0.018368789284962328,0.8335829647202087,0.14804824599482921
0,0,0.8504347880442337,0.14943728312585727,0.0001279288299089719
0,0,0.8914254527200637,0.10710398274754782,0.0014705645323884822
1,1,0.012364624019781676,0.9800777102226816,0.007557665757536714
1,1,0.4443278380741518,0.5539791031693349,0.001693058756513225
1,1,0.15996671234589335,0.8377257188496703,0.002307568804436239
1,1,0.019286250495483485,0.9670335464465004,0.013680203058016257
1,0,0.7468026656846374,0.2530442058232891,0.0001531284920733419
2,2,0.00010241183434360466,0.0631312855679463,0.9367663025977101
0,0,0.9147312225657281,0.0842544346021379,0.0010143428321341178
1,0,0.5705231793610374,0.4292230187145012,0.00025380192446137464
0,0,0.6917966562577142,0.3072982024041808,0.0009051413381050793
1,1,0.01699580105551498,0.9684966707698373,0.014507528174647758
1,0,0.7356532845368859,0.26419684103094976,0.000149874432164324
1,1,0.15774860626078643,0.8408561185219277,0.0013952752172860046
0,1,0.45263181263613783,0.5462710572632843,0.0010971301005777904
0,0,0.936885136535815,0.06293696450087718,0.00017789896330782035
0,0,0.863754976964183,0.13593583001525475,0.0003091930205622534
1,1,0.15380973214762603,0.8449066393483696,0.0012836285040043398
1,1,0.18217103902407794,0.8166834417967067,0.001145519179215425
0,0,0.9370624126974867,0.06249190712957823,0.00044568017293496664
1,1,0.2686558221355354,0.7298933709795153,0.001450806884949192
0,1,0.3137589425031078,0.6848885938364269,0.001352463660465259
0,0,0.5441280536547156,0.45406053951645065,0.0018114068288337412
1,1,0.19438034231458562,0.8028506240831559,0.002769033602258414
2,2,0.00016330619444600362,0.13496834460716498,0.864868349198389
1,1,0.07695916723496478,0.8665962829075073,0.05644454985752786
0,0,0.8815264313665105,0.1182736710584823,0.00019989757500726995
0,0,0.8250629419756585,0.17474312807292403,0.00019392995141734155
0,1,0.11910860580863712,0.8769777718385768,0.003913622352786191
1,1,0.11783305956629733,0.88103445185183,0.0011324885818726554
1,1,0.19380668546731905,0.8051910002755567,0.001002314257124379
1,1,0.3159749388542818,0.6832308490337589,0.0007942121119593755
1,1,0.0576073982323227,0.9246982576777361,0.017694344089941184
1,1,0.03697333407588574,0.5771623965711825,0.3858642693529319
2,2,4.1704035345837806e-07,0.05443503707033417,0.9455645458893125
0,1,0.35022091788084314,0.6484528945440559,0.0013261875751011069
1,1,0.2590229112690732,0.739864875247972,0.0011122134829549626
1,1,0.07219845419497102,0.9231340055345219,0.004667540270507203
0,0,0.9555307686469187,0.044261179256417385,0.0002080520966640295
0,0,0.7246856012569197,0.27299364032075835,0.002320758422321974
1,1,0.22945353659370346,0.7696988661523335,0.0008475972539628922
1,1,0.4072216898874452,0.59097195706397,0.0018063530485847876
1,1,0.38311040391075857,0.6151457244729623,0.001743871616279124
1,1,0.18621130846939468,0.8096994195652839,0.004089271965321459
2,2,8.55737883715223e-05,0.1529610656731285,0.8469533605384999
2,2,0.0009285293891135271,0.05911663821028137,0.939954832400605
0,0,0.8409412221829791,0.15886645559278836,0.00019232222423259054
0,0,0.5711636252243536,0.42841553490604883,0.00042083986959748983
1,1,0.05837603197378324,0.9388064194544142,0.002817548571802534
1,1,0.12153390350456866,0.8719322994427063,0.006533797052724946
0,0,0.8361312480895038,0.1635029599610204,0.00036579194947569096
1,1,0.23452419721069726,0.7608442276229413,0.00463157516636137
2,2,0.0031234789464575567,0.2877683554202911,0.7091081656332514
1,1,0.06322440035597099,0.9221357976805349,0.014639801963494103
1,0,0.5056027876425025,0.4935580503473553,0.000839162010142201
2,2,7.235828115889864e-05,0.11907433454461247,0.8808533071742286
0,0,0.8424847562543349,0.15677426276623369,0.0007409809794313728
0,1,0.21664427329756406,0.7816966025223411,0.0016591241800948617
0,1,0.44498962843299,0.5545261115401462,0.0004842600268637922
1,1,0.1365594824004697,0.8610304189552557,0.0024100986442746903
1,1,0.092235460573225,0.9051678296059523,0.002596709820822666
1,1,0.10377294241200448,0.8877935015799241,0.008433556008071521
0,1,0.35388081718021397,0.640410083436837,0.0057090993829490904
1,1,0.4963170272361103,0.49786568976417794,0.00581728299971164
0,1,0.46090537707950485,0.5380721471998667,0.0010224757206282868
0,1,0.46068260314407367,0.5385801337003776,0.0007372631555486699
0,1,0.48605989666108484,0.5133656159793568,0.0005744873595584053
0,1,0.3116075422836887,0.6875834781778153,0.0008089795384959933
1,1,0.11008634735416517,0.8881304495895106,0.0017832030563242835
1,0,0.6364043621871227,0.36308904633894684,0.0005065914739304506
1,1,0.049375960007438255,0.9449865381430091,0.005637501849552721
1,1,0.33898929367955194,0.6589484207222692,0.0020622855981788798
1,1,0.40591357597706235,0.5936205636009938,0.0004658604219437797
1,0,0.5497385715485915,0.44843217564003635,0.0018292528113721207
0,1,0.1622027708144138,0.8316363489048881,0.006160880280697858
0,0,0.9173341164477256,0.08246881023304446,0.00019707331922986357
0,0,0.9745047098229773,0.02537573549600524,0.00011955468101752474
1,1,0.20610949740165796,0.7908942932599875,0.002996209338354376
1,1,0.4433068397914404,0.5533439193016843,0.0033492409068752393
0,0,0.6381705392519507,0.3612276854248453,0.0006017753232040051
0,0,0.952101726773591,0.04733677709537997,0.0005614961310291347
0,1,0.4624993852583033,0.5367283060302763,0.0007723087114203963
1,0,0.6081117510256604,0.39142995041700507,0.00045829855733458966
1,1,0.13345461953933624,0.8083684388187083,0.058176941641955374
0,0,0.7345072971976582,0.26540182603698265,9.087676535909819e-05
0,1,0.09261545217431942,0.8294766555232436,0.07790789230243701
0,0,0.7691518179232999,0.23064403191305055,0.00020415016364967617
1,1,0.22151579824541237,0.7770215090490838,0.0014626927055038878
1,1,0.022712819655380023,0.8497344650777375,0.12755271526688242
0,1,0.47019279588882823,0.5293120450069685,0.0004951591042033225
1,1,0.3789133736248264,0.6207397706559983,0.0003468557191753781
1,1,0.3766140797475011,0.6220299331565954,0.001355987095903538
1,1,0.4311239087606731,0.5665980214028215,0.002278069836505476
0,1,0.3947510917207527,0.6023631662760613,0.0028857420031859677
1,1,0.12957770373330357,0.8674942085826243,0.002928087684072172
0,1,0.4227943168081434,0.5753914106683335,0.0018142725235230635
1,1,0.4004092902493829,0.5982825955609238,0.0013081141896933806
1,1,0.17220806065726071,0.822311226725956,0.005480712616783132
1,1,0.03929956671980866,0.948748554826255,0.011951878453936365
1,1,0.10670874574909049,0.890972081646251,0.0023191726046585103
1,1,0.21403324738062665,0.7827060415655513,0.003260711053822086
1,1,0.16704653171647746,0.8320218724299113,0.0009315958536111744
1,1,0.38675776654080707,0.612243442946801,0.0009987905123920136
1,1,0.2610064453697903,0.7239113760819769,0.015082178548232851
1,1,0.18335543176624036,0.8120937362978942,0.00455083193586547
1,1,0.13526918630210646,0.8523715588267371,0.0123592548711565
0,1,0.2876096118227942,0.7106353607139829,0.001755027463222811
0,0,0.6895216193409994,0.3098761728512214,0.0006022078077791938
0,0,0.9010837654000651,0.09808381303886957,0.0008324215610654508
0,0,0.670462044150209,0.32850026665900556,0.001037689190785337
1,1,0.037643683242290435,0.9454814740800861,0.016874842677623698
1,1,0.05258129910556685,0.8874204988145362,0.059998202079896874
1,1,0.2367822861740022,0.7592805159719554,0.0039371978540423715
0,0,0.8232705444830123,0.17643066744938954,0.00029878806759814044
1,1,0.13216539596333293,0.865163113461678,0.002671490574988998
0,0,0.9010404466898172,0.0988886864710286,7.086683915426522e-05
0,0,0.7091584372529294,0.2905714391286941,0.00027012361837641294
0,0,0.8569064758335433,0.14181991194001614,0.0012736122264405253
1,0,0.5134662366887741,0.4855364786384483,0.0009972846727776127
1,1,0.2066632457784899,0.7913749705965055,0.001961783625004581
1,1,0.37854723242845606,0.619500124828292,0.0019526427432518467
1,1,0.12114200498743091,0.8755597673187177,0.00329822769385134
1,1,0.48049372548713964,0.5123625436462571,0.007143730866603198
1,1,0.33449838694771705,0.6486302672875712,0.01687134576471172
1,1,0.30451131327720354,0.6925127830548015,0.0029759036679949907
1,1,0.49771266623727767,0.5017625492718939,0.0005247844908284882
1,1,0.048483106977021725,0.94751061179697,0.004006281226008253
0,0,0.6380627374925791,0.36151461866115836,0.0004226438462625059
0,0,0.6090387326581586,0.39053693756582325,0.00042432977601821777
1,1,0.16694607204906978,0.8300975824748377,0.0029563454760926176
1,1,0.20429683297514625,0.7630261710757708,0.032676995949083014
1,1,0.11749214365244005,0.8393391066291527,0.0431687497184072
1,1,0.368868320644069,0.62974338202289,0.0013882973330409671
0,0,0.7740665977414644,0.2255834293999559,0.00034997285857971485
0,1,0.17221549054441046,0.8250682074460983,0.002716302009491075
1,1,0.35935586741570474,0.6366769950079053,0.003967137576389955
0,0,0.5820176458551605,0.41771479729270294,0.000267556852136602
1,0,0.6310531302295342,0.36812586333362485,0.0008210064368409187
1,1,0.45257671931538007,0.5456632171344,0.00176006355021988
1,1,0.018298066981446107,0.9779974802602959,0.003704452758258097
1,1,0.37042927634411,0.6280308192043613,0.0015399044515287204
0,0,0.9091549664177156,0.0907808042044727,6.422937781182196e-05
1,1,0.10602516372456057,0.8922809802082742,0.001693856067165225
1,1,0.38255383105667046,0.6144582462127777,0.002987922730551836
0,0,0.8875627892570285,0.110448266850831,0.001988943892140434
0,0,0.6631915164461809,0.3360370556749474,0.000771427878871644
0,0,0.6236544102658942,0.37560766295562803,0.0007379267784778887
1,1,0.3651274473994817,0.6330220101259152,0.0018505424746031464
1,1,0.08816957952484068,0.9100809975666826,0.0017494229084766136
1,1,0.12099739366172753,0.8767296396074344,0.0022729667308381404
0,0,0.8758338022919283,0.12411265818362846,5.3539524443077104e-05
0,0,0.5791647483235357,0.4204243001445207,0.000410951531943508
1,1,0.058909095575877285,0.9215658574281581,0.019525046995964808
1,1,0.08237947484698561,0.8943818956736367,0.02323862947937754
1,1,0.1661434384842573,0.8312199031262824,0.0026366583894604696
1,1,0.35418553485233845,0.642876825855835,0.002937639291826507
0,0,0.6358887585657992,0.3639073439379583,0.00020389749624252833
1,1,0.07515075158097782,0.9144517184530281,0.010397529965994058
0,0,0.8599279973104045,0.13841467383898817,0.00165732885060738
1,1,0.11271241232238983,0.8853088164405357,0.0019787712370745664
1,1,0.40061850041872304,0.5988217887979332,0.0005597107833437143
1,1,0.13756452478686565,0.8605492253897762,0.0018862498233581941
1,1,0.11237555697705276,0.8830845904224173,0.004539852600529903
0,0,0.9259127255444276,0.07399418474718612,9.308970838630102e-05
0,1,0.1973626035617078,0.8014458995721103,0.0011914968661817416
2,2,7.868476925337162e-06,0.03339438036101054,0.9665977511620641
0,1,0.3308426882939392,0.6662703527424403,0.002886958963620574
0,1,0.23447014371518288,0.7612963930082982,0.0042334632765189525
0,1,0.4401660117405516,0.5589365629139333,0.0008974253455150341
1,2,0.0014015607144781262,0.20100453477104144,0.7975939045144804
2,2,1.4428863479358898e-06,0.00912813599293904,0.9908704211207129
0,0,0.5132820819480459,0.48415453587627966,0.0025633821756744155
0,1,0.11486286894490921,0.8834629894462737,0.0016741416088171055
1,1,0.4378290628702118,0.5615874235097568,0.0005835136200315343
1,1,0.35611755375968596,0.6428434158002517,0.0010390304400623917
1,1,0.17885996844031152,0.8197513908275142,0.0013886407321741351
0,0,0.7692657177198096,0.2303047367852481,0.00042954549494237027
1,1,0.22042092031475713,0.7754321278529529,0.004146951832289893
1,1,0.040195770792252276,0.9497441760213945,0.010060053186353146
1,1,0.05856903096529279,0.9390098146460086,0.002421154388698641
1,0,0.5741445302719281,0.4254517440766501,0.0004037256514218607
1,1,0.05840728117090313,0.9372712706267848,0.004321448202311921
1,1,0.22908479150242492,0.7677500441971572,0.00316516430041787
0,1,0.1893335965152942,0.80760049809211,0.0030659053925957427
1,1,0.2915290573941838,0.7041620371801427,0.004308905425673478
0,1,0.20083103518219342,0.798304920002407,0.0008640448153995879
1,1,0.12156649068617634,0.8757427595613493,0.0026907497524742865
1,1,0.14900621673174463,0.8446044670218529,0.006389316246402413
0,1,0.348835356067006,0.6419971266569656,0.009167517276028405
1,1,0.10948042814948594,0.8879110851120543,0.0026084867384596434
0,0,0.719065965362656,0.28007089472680574,0.0008631399105383975
1,1,0.1156622467328403,0.881778014765474,0.0025597385016856646
0,1,0.39814638647031236,0.6009564749621457,0.0008971385675419557
1,2,0.0006072808969059917,0.20275362205287856,0.7966390970502154
1,1,0.19548449277455385,0.8021318633196044,0.0023836439058417085
1,0,0.5205130818249798,0.4745098089554402,0.004977109219580109
0,1,0.4430021416895359,0.5562740673375085,0.0007237909729555426
1,1,0.033969776150661456,0.9594464458251136,0.006583778024224813
1,0,0.7613622874253783,0.2383050856914835,0.00033262688313829934
0,0,0.5690734735645617,0.43021773642542727,0.0007087900100109473
0,0,0.6935170525419496,0.30441104229622135,0.002071905161829185
1,0,0.5360605886608357,0.46311618474653565,0.0008232265926286451
1,1,0.4492568043177076,0.5492039660932861,0.0015392295890063296
0,0,0.6218193954129945,0.3763864049877219,0.0017941995992836798
2,2,5.657589521611954e-06,0.013398680923216501,0.9865956614872619
1,0,0.6202285440682679,0.37818800242820466,0.0015834535035274234
2,2,3.8107217077853814e-08,9.139814372337148e-05,0.9999085637490595
1,1,0.049487270646064126,0.5793036634741295,0.3712090658798063
2,2,2.9311704822897154e-05,0.05324315468697191,0.9467275336082052
0,0,0.9492237562355804,0.05018602001436065,0.0005902237500588814
1,1,0.1026309034685474,0.8954454042729403,0.0019236922585122579
1,1,0.1240337614104014,0.8735325546565673,0.0024336839330311873
0,0,0.8118658370188846,0.18799590042581843,0.00013826255529687543
0,0,0.7810582546417562,0.21835529711609925,0.0005864482421444145
0,0,0.6128489196998143,0.3869862904413715,0.00016478985881422856
2,2,1.921746402752859e-05,0.03997923992213833,0.9600015426138342
0,0,0.9203571117556685,0.07956831704803027,7.457119630135636e-05
1,1,0.012591002153982843,0.9846452158073338,0.0027637820386833584
0,0,0.8209916131076918,0.17860525752913142,0.00040312936317682803
0,0,0.9141974627625499,0.08573197406561416,7.056317183607537e-05
1,1,0.14015109738578432,0.8567643291190113,0.0030845734952043608
1,0,0.7569790684998777,0.2426815070233554,0.00033942447676684146
1,1,0.35952336490952036,0.6397678342999393,0.0007088007905403719
2,1,0.015808021814287806,0.8633641410105443,0.12082783717516786
1,1,0.011010461293101199,0.9837044616383683,0.005285077068530596
0,0,0.8079542692958523,0.19041514212780206,0.0016305885763456787
0,0,0.9631265484409841,0.03677585525099087,9.759630802494917e-05
0,1,0.2743752994882723,0.7224096401593103,0.0032150603524175795
1,1,0.019243878835323976,0.9772891067795308,0.0034670143851451554
0,0,0.8599664326303839,0.13974865806605227,0.0002849093035639643
0,0,0.6780069151992749,0.3213664957458632,0.0006265890548618737
1,1,0.08681991620031758,0.9111309232713203,0.0020491605283622693
1,1,0.2630308055123552,0.7336955800974455,0.0032736143901992807
1,1,0.3287134322873001,0.6685953835596801,0.002691184153019821
1,0,0.5809673238768343,0.4168174103036916,0.0022152658194741375
0,0,0.6793863766168043,0.3204839577790658,0.00012966560412982977
1,1,0.0824360816475128,0.9153796668221154,0.0021842515303718483
0,1,0.47440615247980217,0.5246737152329084,0.0009201322872893244
0,0,0.8753010001832976,0.12432138797556366,0.0003776118411388064
1,1,0.16239864558610245,0.8298807379178749,0.007720616496022765
1,0,0.7423998232598978,0.2573953649775355,0.00020481176256669913
1,1,0.09035801003007322,0.9062865523774494,0.0033554375924772914
1,0,0.7682208397833219,0.2316013994743401,0.00017776074233815157
1,1,0.21728390720142443,0.7813021942365928,0.0014138985619827826
1,1,0.3137692370002751,0.6856352180988866,0.0005955449008381963
1,1,0.19185184489829032,0.8063534144714571,0.0017947406302525634
1,1,0.3161495286962962,0.6816341325691291,0.0022163387345747712
0,0,0.9026910402650836,0.09701590902598554,0.00029305070893079644
1,0,0.8079305085698054,0.19140274624438178,0.0006667451858126548
0,1,0.3307620394977275,0.6681580711273074,0.001079889374965172
1,0,0.5597085866559423,0.43813336944009024,0.002158043903967454
2,2,1.518144046801041e-05,0.09240825189748061,0.9075765666620514
0,1,0.46640634504531514,0.5327185460897061,0.000875108864978822
1,1,0.01900778006676669,0.9776623826419159,0.0033298372913172837
0,0,0.8211503121983234,0.17793171718094164,0.0009179706207349805
0,0,0.8355447334250872,0.16418727714044765,0.0002679894344652919
0,1,0.49395626009899973,0.5058337931716941,0.00020994672930608116
1,0,0.6191759735178695,0.38046074649102324,0.00036327999110740924
0,0,0.9412356805153813,0.05844568037033896,0.00031863911427969715
0,0,0.8421305716500218,0.1575637947777368,0.00030563357224152286
0,0,0.9297887494400581,0.070090260736156,0.00012098982378590443
0,0,0.8374125901293845,0.16242635235438094,0.00016105751623453877
0,0,0.5661867142937278,0.4334781639331003,0.0003351217731718713
0,0,0.6927399320902333,0.3068062000929538,0.0004538678168128033
0,0,0.6328175204254746,0.3659749390631706,0.0012075405113548831
1,1,0.4595931522403321,0.5398259782074903,0.00058086955217745
0,0,0.5972032105425248,0.40126026578421137,0.0015365236732638983
1,1,0.25182513723455996,0.7416934344480505,0.006481428317389498
1,1,0.2889568939247976,0.7090714342663165,0.0019716718088858614
1,1,0.20421110293193093,0.7927694095739132,0.0030194874941559067
0,1,0.3323042535537655,0.6655410576270124,0.0021546888192219334
0,0,0.8149402250977278,0.18300934331355753,0.002050431588714712
0,0,0.8833792317425376,0.11655424067403874,6.652758342373042e-05
1,1,0.04409612761208372,0.8601910269874278,0.09571284540048842
0,0,0.8257567381833552,0.17292880827100063,0.0013144535456442149
1,1,0.14579971684459384,0.849676449655374,0.004523833500032118
0,0,0.9416767632985148,0.05795115644819928,0.0003720802532858075
0,0,0.5632138598862994,0.4361559980907277,0.000630142022973052
0,1,0.2144901336425214,0.7659517550850855,0.019558111272393014
2,2,3.132486341845039e-07,0.020709734912174264,0.9792899518391914
0,0,0.7991792177794055,0.20064353781886965,0.0001772444017250525
0,1,0.40602102655080013,0.5916022633147152,0.0023767101344846072
1,0,0.5824992787090876,0.41716885288570665,0.00033186840520568474
1,1,0.23430502953851273,0.7643770233676944,0.0013179470937928137
0,0,0.7250379300724682,0.27408941948420246,0.0008726504433292838
0,0,0.7037145728614047,0.29601985776214507,0.0002655693764501589
1,1,0.042555359247773684,0.9210869050938939,0.03635773565833232
1,1,0.053858505372014275,0.8276045868663771,0.11853690776160875
1,1,0.055294093449241064,0.941096332614319,0.003609573936439901
1,1,0.022585306098540838,0.9727384438822351,0.004676250019224036
0,0,0.8362503410317143,0.16366646744547772,8.319152280793502e-05
0,1,0.3332267664913764,0.6211667096502466,0.045606523858377115
0,0,0.5353898473544272,0.46417844413955156,0.0004317085060213385
1,0,0.7196553686350231,0.2793417190050149,0.0010029123599618987
1,0,0.5198349881333745,0.4797407176430233,0.0004242942236022452
1,1,0.23472125925743,0.7633983586651625,0.0018803820774075655
1,1,0.08125739407382018,0.900570107742824,0.018172498183355857
1,1,0.119138247003395,0.8752340217600059,0.005627731236599024
1,1,0.16352654373334788,0.8291256339836809,0.007347822282971336
1,0,0.6296372930944634,0.3700263606089453,0.0003363462965912433
1,0,0.6117931956106331,0.3856736466483666,0.002533157741000304
1,1,0.2930569841043831,0.7046351916794292,0.0023078242161877487
1,1,0.03337261352880379,0.9605526299691185,0.006074756502077699
1,1,0.2028525411587448,0.7915169757698306,0.005630483071424749
0,0,0.8511321362227731,0.14870623654826462,0.0001616272289624624
1,1,0.2633157336738495,0.7361364762074153,0.0005477901187352205
0,0,0.6017753939764284,0.3968815233908534,0.0013430826327180923
2,2,1.4356413181565359e-05,0.006712262064991115,0.9932733815218273
2,2,1.1422868330882628e-07,0.0016948303834941915,0.9983050553878225
1,1,0.13611667515675985,0.8587685518020843,0.005114773041155903
2,2,0.0023361498376690275,0.21309405242440302,0.7845697977379279
0,0,0.792574943793406,0.20725511222518178,0.0001699439814122714
0,0,0.6060339841677251,0.39359558944663586,0.0003704263856390144
2,2,7.597027680031386e-05,0.2177338888040631,0.7821901409191366
1,1,0.36001175764197896,0.6389925412693389,0.0009957010886821672
0,0,0.9559424405320287,0.04384561826972573,0.00021194119824537345
1,0,0.688270679007179,0.31092159235919836,0.0008077286336226893
0,1,0.3279139428653231,0.6700952717674171,0.001990785367259715
0,1,0.40184373068053847,0.595468432078448,0.0026878372410134893
1,1,0.15338306784571795,0.8443426635069825,0.0022742686472996686
1,1,0.2582036630652362,0.7376826472364642,0.004113689698299772
1,1,0.4470551125320978,0.5526083292008085,0.0003365582670937421
2,2,1.6132326669730306e-05,0.061512754290541455,0.9384711133827888
0,0,0.9335596927103194,0.0654368370851808,0.0010034702044996904
0,1,0.24680347924003063,0.7502001323687607,0.002996388391208543
1,1,0.04521192870760428,0.9519625585117467,0.0028255127806490815
0,0,0.6601646238196957,0.33948731999748116,0.00034805618282325785
1,0,0.5661644458330677,0.42997816292927993,0.0038573912376523994
0,0,0.5425977444631487,0.4564065444366109,0.0009957111002405082
1,1,0.0452412642775062,0.9482818107245563,0.006476924997937447
0,0,0.9050374681325142,0.09483140925515281,0.00013112261233294036
0,0,0.5730173028880416,0.4262506633956052,0.0007320337163533208
1,0,0.7213790874975685,0.2778859908767039,0.0007349216257276362
1,0,0.5292989922815163,0.47018661859607164,0.0005143891224119922
0,0,0.834590358376511,0.16447604592536175,0.0009335956981273245
1,1,0.41037845231237274,0.5889813784411269,0.0006401692465002986
1,1,0.1666006830507455,0.8314083930615235,0.0019909238877309408
0,1,0.249255920405511,0.7471218008701815,0.0036222787243075463
0,0,0.9735650914350031,0.02622141987802303,0.00021348868697360955
0,0,0.8969995335121823,0.10295935556323092,4.111092458673993e-05
1,1,0.019756335033902943,0.9691411710432231,0.011102493922873847
1,1,0.3870682180954821,0.6112478849429672,0.0016838969615505797
0,0,0.7154478983393233,0.2842263412629922,0.00032576039768472085
1,1,0.19400763619331776,0.8028676883494108,0.003124675457271361
2,2,2.0138789360234233e-05,0.10054700626435598,0.8994328549462837
0,0,0.6070756428372226,0.3919026071542897,0.0010217500084876664
1,1,0.045232378808809266,0.9489111822518786,0.005856438939312105
1,1,0.497090307643078,0.5023070806559753,0.0006026117009467766
2,2,2.8734118806762097e-07,0.0003259155916270267,0.999673797067185
1,1,0.15457424067710135,0.839332327824008,0.006093431498890696
0,0,0.6779440614744634,0.3210504706140547,0.0010054679114819638
0,1,0.28062093855764664,0.7150858675386631,0.004293193903690214
1,1,0.22502064303573524,0.7687596754707322,0.0062196814935326205
0,0,0.7995895305260383,0.19973102824970146,0.0006794412242602654
1,1,0.05366712593434733,0.923696087784097,0.022636786281555722
1,1,0.26404694413727103,0.7350324062211949,0.0009206496415340767
0,0,0.8732433378920306,0.12660423490323697,0.00015242720473251142
1,0,0.774375100038955,0.2249599797358949,0.0006649202251500762
2,2,7.033691698665941e-05,0.08241272351792,0.9175169395650933
0,1,0.48256146578597015,0.5167772652417755,0.0006612689722543477
1,1,0.1451627089781756,0.8534814834711895,0.001355807550635079
1,1,0.4902406441273542,0.5079758411684316,0.0017835147042140806
1,1,0.2849450308952599,0.7138919744162242,0.0011629946885159162
0,0,0.773121172599896,0.22664250975837935,0.0002363176417245732
1,1,0.32349419640279126,0.6744447134559184,0.0020610901412904
0,1,0.20482080222508703,0.793493882286864,0.001685315488048907
1,1,0.4286585758655974,0.5698131454243989,0.0015282787100036536
1,1,0.2440804138592393,0.7532887734574168,0.0026308126833439367
0,1,0.49106688098128104,0.5082340411941292,0.000699077824589643
1,0,0.6137034693776747,0.38554847404479836,0.0007480565775269577
0,1,0.022407565031548185,0.8603114328492493,0.1172810021192025
0,0,0.5269641249216409,0.4716280090817235,0.0014078659966356632
1,1,0.4295335053648263,0.5698402264528769,0.0006262681822967368
0,0,0.5984482166680138,0.4009665657030786,0.0005852176289076074
0,0,0.7362434565624602,0.26350532595411985,0.0002512174834200555
0,0,0.5540261501106495,0.4451139002206953,0.000859949668655203
1,0,0.8173850839493436,0.18251685459314726,9.806145750910183e-05
0,1,0.33554508993946863,0.6629859550456747,0.0014689550148566542
1,1,0.0580682531510587,0.9203107545094508,0.021620992339490625
0,0,0.896050870589636,0.10351813589332122,0.0004309935170428043
1,2,0.0007774952205823514,0.44816650597007707,0.5510559988093406
1,1,0.41433576477488937,0.5849021438880889,0.0007620913370216547
1,1,0.056681920362288286,0.9369099490275917,0.006408130610119959
0,0,0.8640490618506211,0.1359007607161573,5.017743322154252e-05
0,0,0.9250503426880059,0.07483890243138093,0.00011075488061320118
0,0,0.6473911260261738,0.35254330778344617,6.556619038007999e-05
0,0,0.7541543982571604,0.24506346462113102,0.0007821371217084421
1,0,0.8243579910865693,0.17535328136277578,0.0002887275506548518
1,1,0.1631298253526244,0.7917078897707851,0.04516228487659061
1,1,0.30723243363262276,0.6910517642847542,0.0017158020826229673
2,2,0.00018771111590645681,0.110311535204043,0.8895007536800504
0,0,0.896910274491659,0.10131188895450276,0.0017778365538380684
1,1,0.3705655054391685,0.6286536569976298,0.0007808375632017149
1,1,0.21779594935621407,0.7770439831022321,0.005160067541553828
1,1,0.3087025884487458,0.6839862851504345,0.007311126400819734
1,1,0.49112513913541944,0.5066160680799427,0.0022587927846377015
0,0,0.550583410213416,0.4487358496705475,0.000680740116036517
1,1,0.10742471932610008,0.8852773836976274,0.007297896976272405
1,0,0.6925626861810031,0.30718970679459756,0.00024760702439936415
1,1,0.09882863150567339,0.8983421530484522,0.002829215445874452
1,1,0.13249221178004408,0.8603019565992296,0.007205831620726336
0,1,0.3348643780530278,0.6635610112602078,0.0015746106867644378
1,1,0.012542338690934796,0.9830872165685449,0.004370444740520259
0,0,0.965097642150559,0.03467696785215624,0.00022538999728462453
1,1,0.21696056419049922,0.7799311957704804,0.003108240039020433
1,0,0.612291659000485,0.38681627198484314,0.0008920690146719981
1,0,0.5905754081826939,0.40387405112631497,0.005550540690991039
1,1,0.2781523550197827,0.6621021542685837,0.05974549071163372
0,1,0.41072847798865764,0.588019755798752,0.0012517662125903662
0,1,0.219239507153414,0.778493687294154,0.0022668055524320443
0,0,0.7631328224194964,0.23645202689841113,0.00041515068209229604
0,0,0.6777762779093628,0.3201818840831483,0.0020418380074890825
0,0,0.8237604024283844,0.17614697712903574,9.262044257994928e-05
1,1,0.3475268924930901,0.6513524438890103,0.0011206636178996237
1,1,0.14020282481559013,0.8548780747049385,0.004919100479471409
1,0,0.5539990244703429,0.44556029823289184,0.00044067729676530216
1,1,0.2149094447231441,0.7821677498016827,0.002922805475173173
1,1,0.2800151037558809,0.7186364937948088,0.001348402449310497
0,0,0.8073980995254345,0.1922331036021589,0.0003687968724063851
1,1,0.12288352883075715,0.8744907108270785,0.0026257603421643867
1,1,0.4219006242415946,0.5764527605843681,0.0016466151740373554
0,0,0.5862689981640363,0.4129801409219891,0.0007508609139746158
1,1,0.4968506322786702,0.502839408300519,0.0003099594208109148
0,0,0.9759788170650524,0.02387868290321534,0.00014250003173212265
1,1,0.032908846565265236,0.9636643556781702,0.00342679775656445
0,1,0.4880748394158037,0.5102190324976563,0.001706128086540027
0,1,0.4811334551011136,0.5173470754033698,0.00151946949551661
1,1,0.4762108722757019,0.5235248657326483,0.0002642619916498217
1,1,0.07449826108250654,0.8084772056332695,0.11702453328422405
2,2,5.557713528036773e-06,0.09751442922844597,0.9024800130580259
0,0,0.925022479701556,0.07489578027796506,8.174002047883793e-05
1,1,0.03679003736092999,0.9571057737418079,0.006104188897262195
0,0,0.601135155746623,0.39871196037519235,0.00015288387818453248
1,1,0.19613418443698122,0.8020910678305063,0.0017747477325125124
2,2,4.5237954746390754e-06,0.004985873444582136,0.9950096027599433
1,1,0.0609140038525507,0.8641754210165318,0.07491057513091758
1,1,0.033592480378534566,0.9623271235179485,0.004080396103516804
1,0,0.8591427614771825,0.14071769567304496,0.00013954284977259955
2,2,4.189263984817119e-05,0.037197314905074615,0.9627607924550773
1,1,0.12281043850232523,0.8755805306645138,0.0016090308331608717
1,1,0.0017029680636810403,0.5851975431701232,0.41309948876619584
1,0,0.8388273804932135,0.16091081485889705,0.00026180464788950764
0,1,0.3144172313918349,0.6837036197921622,0.0018791488160028644
1,1,0.21197849037532523,0.787184066691117,0.0008374429335578976
1,1,0.49104126309703783,0.508219190323224,0.0007395465797381742
0,0,0.95466700461397,0.04529556203944312,3.743334658683977e-05
1,0,0.5366993322715872,0.45971631068572977,0.0035843570426830535
0,1,0.44224660373328306,0.5568627468222435,0.0008906494444734486
1,1,0.37094327992641885,0.6270148872085715,0.002041832865009716
0,1,0.4597131836417793,0.5389656002791978,0.0013212160790226745
0,0,0.9408206355324746,0.0589559165857777,0.00022344788174752758
0,1,0.39527833812660046,0.6024931644522756,0.002228497421123806
1,1,0.12847844028143574,0.8665240132710292,0.004997546447534884
0,0,0.870125519997824,0.12970799761250673,0.00016648238966937202
1,1,0.13081793539369874,0.8624581363032516,0.006723928303049693
0,0,0.6363076189772966,0.3631957205651874,0.0004966604575159605
0,0,0.7818693856892984,0.21804029382771625,9.032048298538593e-05
0,0,0.6646779361753914,0.33483045444220694,0.0004916093824016988
0,1,0.22785409060944437,0.7673350917615666,0.004810817628989039
1,1,0.14605730964366798,0.8151236685651255,0.03881902179120642
1,0,0.6090929294002302,0.3892140119970434,0.001693058602726358
0,0,0.901234822721125,0.09869630085482581,6.887642404906714e-05
1,2,0.0002208790660091498,0.1157972548317284,0.8839818661022625
0,0,0.640734055204778,0.35830653597770334,0.0009594088175186381
0,1,0.4193526576114128,0.5794112645790962,0.0012360778094908426
1,1,0.26843985933410464,0.7287373587015872,0.0028227819643080595
2,1,0.011063700047139984,0.848288865449615,0.1406474345032451
1,1,0.10428154295676471,0.8908087719682979,0.004909685074937289
1,1,0.164032169931259,0.8315699455333316,0.004397884535409438
1,1,0.26292524212732465,0.7355072928140589,0.0015674650586163447
0,1,0.2797103840333407,0.719489673849055,0.0007999421176043427
1,0,0.7167414946938173,0.2830971029810473,0.00016140232513521083
0,0,0.5715871516349338,0.4223825500362071,0.006030298328859052
0,0,0.7800125781341999,0.21832648917701256,0.0016609326887875749
1,1,0.25297035031016624,0.7445946348111719,0.0024350148786617598
1,1,0.31281719880676945,0.6858483908622693,0.0013344103309611845
1,1,0.011206274982418912,0.9765967944084312,0.012196930609149984
0,0,0.5802332215653523,0.41927874426146267,0.00048803417318517983
0,0,0.824733719356858,0.17475019876316344,0.000516081879978501
1,2,0.0001372806104919766,0.12990238318882846,0.8699603362006796
1,1,0.12443182840363351,0.8466640685981842,0.028904102998182163
1,1,0.4951760950813082,0.5044384410985124,0.0003854638201793342
1,1,0.20107176942692634,0.7972991675626514,0.0016290630104223369
1,1,0.4512792116769789,0.5482123470649394,0.0005084412580817853
1,1,0.19880076172068295,0.7976715781444801,0.003527660134836952
1,1,0.24525023939905546,0.7506296565840187,0.004120104016925839
2,2,5.012020550509509e-05,0.06592513181062729,0.9340247479838676
0,0,0.8610051788961467,0.1387597509424367,0.000235070161416563
1,1,0.15669957988447142,0.8402646715058751,0.003035748609653406
0,0,0.5268454722914927,0.4720728603661834,0.0010816673423238103
1,1,0.01883255857217357,0.49368531370397206,0.4874821277238545
0,0,0.7445465801437131,0.2552887072698099,0.00016471258647699118
0,0,0.8504490212228197,0.1493703721949782,0.00018060658220188933
0,0,0.8423602015488644,0.15747288197601822,0.0001669164751175281
0,1,0.3020073779257688,0.6955931036555898,0.0023995184186412187
1,1,0.13538243608734615,0.8618539999670323,0.002763563945621591
0,0,0.6915759480333821,0.30744234183915986,0.000981710127458006
2,2,0.013340727865566912,0.31859346523294074,0.6680658069014922
1,1,0.1812425879498969,0.8162727415569461,0.0024846704931571857
0,0,0.6157158430593723,0.38406318663287864,0.0002209703077490523
0,1,0.45217010450736317,0.5471615112425559,0.0006683842500810156
0,0,0.915534185760223,0.08440389774542442,6.191649435259213e-05
1,1,0.3788869979576327,0.6149922729907538,0.006120729051613569
1,0,0.7311647112578898,0.2684203488864751,0.00041493985563500633
0,1,0.45711432278574443,0.5418216416688904,0.0010640355453652116
1,1,0.09709760354092968,0.901090673741107,0.0018117227179633181
1,1,0.20915748626406794,0.7862417167930806,0.004600796942851376
1,1,0.4209680903901667,0.5772662321173517,0.0017656774924814471
0,0,0.6069512659034455,0.3929071938010774,0.0001415402954771143
0,0,0.8651632257990289,0.13469428955519216,0.0001424846457788823
1,1,0.25633934491295673,0.7416384440772448,0.0020222110097984983
0,1,0.3477527237911863,0.649661100756242,0.002586175452571662
0,0,0.7130382416752171,0.28672555926757287,0.00023619905721002535
2,2,4.549598267652715e-06,0.06589578174120726,0.934099668660525
1,1,0.27127083123450824,0.7270520689121442,0.0016770998533475797
0,0,0.6135806235298388,0.38554837234870964,0.000871004121451687
0,0,0.732798015171729,0.26667643578667477,0.0005255490415963302
1,1,0.3209822860963938,0.6732712564680093,0.00574645743559695
0,0,0.5396956383703992,0.45912461196869814,0.0011797496609026739
0,0,0.905476275482565,0.09342270891200766,0.0011010156054273225
1,1,0.45072810840145433,0.5484830231707536,0.000788868427792082
1,1,0.022130173150454853,0.8033154675172515,0.17455435933229374
0,0,0.6984954360719183,0.3013824718699875,0.00012209205809412665
1,1,0.3895061068841389,0.6092528054333892,0.0012410876824719378
1,1,0.28645467996359847,0.7075064447386857,0.006038875297715819
1,1,0.030185275018127015,0.9623350011315281,0.007479723850344917
0,1,0.34557407537251555,0.6517937802040987,0.0026321444233855695
0,0,0.8227046083249191,0.17719487684675553,0.00010051482832530049
1,1,0.29931288852530963,0.6991129294625641,0.0015741820121262615
1,1,0.13609810162010713,0.7969833785436329,0.06691851983625986
1,1,0.37942455006093345,0.6192808606018801,0.0012945893371864177
1,1,0.38619966631294395,0.6135054323523363,0.00029490133471968976
0,0,0.6487486106725447,0.3511056375323572,0.00014575179509796295
0,0,0.5072723545516935,0.4899935998082382,0.002734045640068345
1,1,0.12660807372919133,0.8664624359066289,0.006929490364180007
1,1,0.16857048052010987,0.8298093878944383,0.00162013158545191
0,1,0.4978994703334428,0.5013513325662539,0.000749197100303247
0,0,0.5354609139618023,0.46364885340538825,0.000890232632809427
1,1,0.016901005419675312,0.8446433065284451,0.13845568805187947
1,1,0.3569441343883799,0.6418615655206913,0.0011943000909287608
0,1,0.12603981319687976,0.8662479254775713,0.007712261325548958
1,1,0.4093131741207682,0.5897461915324457,0.000940634346786132
0,0,0.8151330940565388,0.1843572819681472,0.0005096239753140278
1,1,0.12279708588390652,0.8748737923787908,0.0023291217373027943
1,1,0.2692591683354496,0.7260665355457454,0.004674296118804915
0,1,0.40339552987630384,0.5955831459422312,0.0010213241814648667
1,1,0.06735150594621651,0.9310562880921871,0.0015922059615963646
1,1,0.3233356896073877,0.6761313812059705,0.0005329291866418114
0,1,0.08424355561443299,0.907563202345135,0.008193242040432126
0,1,0.2726779242789485,0.7251436182263401,0.002178457494711352
0,0,0.8659603234325406,0.13389310566599794,0.00014657090146143553
0,0,0.8936944946159089,0.10622397149803377,8.153388605744276e-05
2,2,0.0004053371621668095,0.22500459346790996,0.7745900693699233
1,1,0.11410192928377613,0.8767679751070091,0.009130095609214805
1,1,0.20303560632115672,0.7866133127167372,0.010351080962106145
0,0,0.8096614346150468,0.19014181109729877,0.0001967542876542812
1,1,0.020988105837244378,0.9707468519380617,0.008265042224693823
1,1,0.11186722893211413,0.8551256829735842,0.033007088094301563
0,0,0.8040530731200659,0.19581966563838044,0.00012726124155370611
1,1,0.45353951382247415,0.5455844225967817,0.0008760635807441666
1,0,0.5974683730446242,0.40204221405030904,0.0004894129050668875
0,1,0.4248420392806202,0.5739184713680142,0.0012394893513655973
2,2,6.539988360924987e-06,0.0067675871239384795,0.9932258728877006
0,0,0.6934898424485807,0.3046263715510393,0.0018837860003799718
0,1,0.41976600499556455,0.5766425612902638,0.003591433714171682
0,0,0.5317042050185213,0.4675625828775599,0.0007332121039187141
0,0,0.7693286286678693,0.23048108700675302,0.00019028432537770808
0,1,0.4993212534263042,0.5000501321275389,0.0006286144461569495
1,1,0.008437222334076991,0.8544230572009943,0.13713972046492873
0,0,0.6195605715009901,0.38027502574267147,0.0001644027563384775
0,0,0.9670057951529756,0.0322593308989864,0.0007348739480381345
2,2,1.1999129638945976e-07,0.00016589785918843242,0.9998339821495151
0,0,0.5974001447642091,0.40224736952789286,0.00035248570789809733
0,1,0.06705396615165306,0.9309330678340141,0.0020129660143328675
0,0,0.9713892601373827,0.028509550689065237,0.00010118917355221692
0,0,0.5094792956148034,0.4899185323744221,0.0006021720107744721
0,0,0.934095820929294,0.06580895404476685,9.522502593903588e-05
1,1,0.43034796487435717,0.5647968707397447,0.004855164385898193
1,0,0.7106900917939806,0.28911886101798445,0.00019104718803500658
1,1,0.26172759591557027,0.7361569995667226,0.0021154045177071536
1,1,0.11858074738016809,0.8776864462190149,0.003732806400816916
0,0,0.601077824454791,0.398656977211773,0.00026519833343599525
1,1,0.04898491367227814,0.861911566884883,0.08910351944283891
1,1,0.026067502652652792,0.9649675299754303,0.00896496737191678
1,1,0.06440074532581604,0.9226340531064728,0.012965201567711075
1,1,0.35632605056940403,0.6427106818164567,0.0009632676141392334
1,1,0.1228665547325711,0.8752048291122948,0.0019286161551340857
0,0,0.6340483844464616,0.3654650423515657,0.0004865732019726025
0,1,0.43772060931532686,0.5617027982548697,0.0005765924298034631
2,2,5.3237971454698855e-05,0.050438535438877934,0.9495082265896674
0,0,0.7314799899775646,0.2683019669834118,0.0002180430390236615
0,0,0.5783621500394955,0.4210860556486826,0.0005517943118218099
1,1,0.04700153407438335,0.9427091069628799,0.010289358962736944
0,0,0.6671499360658673,0.33260470676240284,0.00024535717172994366
0,1,0.20798274971285208,0.7895514138963335,0.002465836390814414
0,0,0.5152044690022086,0.4841138982192142,0.0006816327785771943
0,0,0.7162223637870997,0.2834961557431952,0.00028148046970503346
1,1,0.08552801977126585,0.9115321907062454,0.0029397895224889366
0,0,0.9693855103817668,0.03046479931328373,0.00014969030494951433
0,0,0.8005343811165073,0.19941009621219807,5.5522671294685436e-05
0,0,0.7952265198196139,0.20450152412521264,0.00027195605517353795
1,0,0.6756395590700126,0.3240531037482025,0.0003073371817848705
0,0,0.7069359945329496,0.2927553326155596,0.00030867285149080784
0,0,0.9151886105221095,0.08475231116501637,5.9078312874245554e-05
0,1,0.4355138099370792,0.5637938016740117,0.0006923883889090544
1,1,0.16224971576585218,0.8347087873223823,0.0030414969117655423
1,1,0.4306204482582502,0.5656554387106718,0.003724113031078061
1,1,0.08793868901821915,0.9068485031245291,0.005212807857251681
1,1,0.17480855056008268,0.8233142959587704,0.0018771534811469202
2,2,1.1616792741698529e-07,0.00017050377681916974,0.9998293800552535
1,0,0.5015430811311069,0.49673318388095766,0.0017237349879354544
1,0,0.6036014293794479,0.3960781739939924,0.00032039662655965694
0,0,0.9703570570917768,0.029533117075156098,0.00010982583306703497
0,0,0.5126181298214572,0.4866944260664329,0.0006874441121099984
0,0,0.91270085524598,0.0864937893812666,0.0008053553727534058
1,1,0.47054541827853213,0.5286892548647593,0.0007653268567086368
0,1,0.3094932915010312,0.6895428601760569,0.0009638483229119497
1,1,0.09820661295841589,0.8996237821126106,0.002169604928973394
1,0,0.5731965722723793,0.4249894925868028,0.0018139351408179175
1,1,0.09360059285646516,0.8863697093126313,0.020029697830903595
1,1,0.1481967121319189,0.8504097449481189,0.0013935429199621464
0,0,0.7809921919915119,0.21863853016519616,0.00036927784329195655
1,1,0.028745336464825327,0.825515968067894,0.14573869546728072
1,1,0.18562111893356673,0.8116996730679473,0.0026792079984859535
1,1,0.27660918155310965,0.720756052176765,0.00263476627012536
1,1,0.26765048016834014,0.7290600560400824,0.0032894637915774605
1,0,0.6522885713208929,0.3473851178392973,0.0003263108398097367
0,0,0.8813003569637545,0.11850196864951511,0.00019767438673034754
1,1,0.15551241790343692,0.8440162515963157,0.0004713305002474742
1,1,0.2736894067833342,0.7229737675918901,0.0033368256247756764
0,0,0.6550300408127493,0.3446506935478743,0.0003192656393762428
1,1,0.09291611836053622,0.9043751257176522,0.0027087559218116628
0,1,0.28764510738890253,0.7098590674534347,0.0024958251576627814
0,0,0.8115985473028839,0.1880266667769217,0.0003747859201944761
1,1,0.12326041217980023,0.8706620438706515,0.006077543949548206
1,1,0.024896015476224546,0.9696836306639438,0.005420353859831631
1,2,3.807147706574975e-07,0.0032184382593676447,0.9967811810258618
0,1,0.10476368207100048,0.8882902064015434,0.00694611152745609
1,0,0.6136218906145762,0.38603207763356995,0.0003460317518540342
0,0,0.6183392118596274,0.3812947420504862,0.0003660460898864178
1,1,0.3133373603487825,0.6840517690167123,0.0026108706345052226
1,0,0.507018022955561,0.49256471393715917,0.00041726310727985017
1,1,0.10457042227207203,0.8937195547112715,0.0017100230166563763
1,1,0.41858531799854265,0.57995878644586,0.0014558955555974064
1,1,0.2972807916179792,0.7009065201567306,0.001812688225290253
0,1,0.0988365008962519,0.8971100487967906,0.004053450306957648
0,1,0.1091121325782096,0.8869533692249175,0.0039344981968729275
1,1,0.08490862587847732,0.9107380060497288,0.004353368071793872
0,0,0.691352806075115,0.30841460451684133,0.0002325894080436842
1,1,0.374763776576795,0.6237719691224549,0.00146425430075014
1,0,0.797857119305524,0.20184839561721002,0.0002944850772659348
0,1,0.29375293137465724,0.7039348239771827,0.0023122446481602505
0,0,0.9795608454612045,0.02041279766608624,2.635687270917033e-05
2,2,1.2864706722320423e-05,0.0650367089515143,0.9349504263417633
0,0,0.9352437537389393,0.06452713696378255,0.00022910929727817616
0,1,0.3647051337944726,0.6345436091504608,0.000751257055066441
0,0,0.9219256183587263,0.0779661740838287,0.00010820755744494687
0,0,0.9386480477748679,0.06131370535669732,3.824686843481207e-05
1,0,0.7231048115319932,0.2766869847561073,0.00020820371189950117
1,1,0.3025944668586939,0.6941453114978772,0.0032602216434289674
1,0,0.6037684213111312,0.39550745246747504,0.0007241262213937826
1,0,0.688712481105343,0.310892170837772,0.00039534805688503727
2,2,0.0005778240914560464,0.22419932453068003,0.775222851377864
0,0,0.7966380124294747,0.20315992513195405,0.000202062438571266
1,1,0.13930862261383836,0.8586887392677223,0.002002638118439246
0,0,0.7790750928497839,0.22077324073307383,0.00015166641714233083
0,0,0.6234557614218244,0.3756919115326768,0.0008523270454988206
1,1,0.3795858586110808,0.6192250113032991,0.001189130085620115
1,0,0.8943395714003193,0.10556841914415496,9.200945552571289e-05
2,2,6.36080848065335e-07,0.009258364521914813,0.9907409993972371
2,2,0.00016162614046820963,0.1357032938806084,0.8641350799789235
0,1,0.27818230295820834,0.7196874800279793,0.002130217013812431
0,1,0.18342877331031915,0.791838188508299,0.0247330381813817
0,0,0.6916871462614576,0.3076346969109191,0.0006781568276234172
1,1,0.17944273608146008,0.8162944224146986,0.004262841503841242
1,1,0.09763059056941976,0.865546694161972,0.036822715268608135
2,2,8.684771569347748e-05,0.17160576017916085,0.8283073921051457
1,1,0.1235720949331701,0.8703839547918066,0.006043950275023255
0,1,0.25302229964684375,0.7432495109286148,0.0037281894245413975
1,1,0.22626137131792315,0.7721876649288811,0.0015509637531957077
2,2,2.4942176008697854e-05,0.1457108815904436,0.8542641762335477
0,0,0.6060255522689809,0.3933890467075549,0.0005854010234641404
1,0,0.6621499190838297,0.33715231733732887,0.0006977635788414187
1,1,0.07146437547330842,0.9077374114537992,0.020798213072892258
0,1,0.07880554060684376,0.9178593707412679,0.003335088651888321
1,1,0.3398977254271387,0.6558700415356695,0.0042322330371918
2,2,7.653095932547306e-06,0.0324482832735679,0.9675440636304995
0,0,0.9506199639194689,0.049060429047046106,0.00031960703348487835
0,1,0.3996699517722189,0.5992146630589624,0.0011153851688185908
1,1,0.2574247206120036,0.7396654801449248,0.002909799243071421
0,0,0.8290438781209631,0.17086138969097348,9.473218806344385e-05
1,0,0.5646166291940233,0.4321338564134208,0.0032495143925558817
0,0,0.9276834308746202,0.0722327691007618,8.380002461797795e-05
1,1,0.03688673840765381,0.8599027078689888,0.10321055372335754
0,0,0.7502059519833152,0.24953768884054167,0.0002563591761431246
1,1,0.1089825651544076,0.8886778066730339,0.002339628172558494
0,0,0.5548072501961943,0.4421701516716875,0.00302259813211819
0,1,0.36523709176699076,0.6335493308920374,0.0012135773409717974
1,1,0.34464451709878624,0.6541412294897689,0.0012142534114447654
2,2,8.56069423646366e-09,0.0018398265431128847,0.9981601648961927
1,1,0.2882904545220769,0.7055989731064621,0.006110572371461019
0,1,0.12443209003270898,0.8734052005744366,0.002162709392854354
0,0,0.8886941762514788,0.11101176820540994,0.0002940555431113663
1,1,0.28440740830702443,0.713871595927056,0.0017209957659195972
2,2,0.0002402329221763675,0.13648354319703512,0.8632762238807884
1,1,0.3759420694608301,0.6223242321609419,0.0017336983782280297
0,0,0.8607613142995333,0.139059624959961,0.0001790607405058282
0,0,0.5701162718292504,0.4291585510560292,0.0007251771147203859
1,1,0.36070969213047416,0.6370096107302624,0.0022806971392633313
0,0,0.7003535552608438,0.2994282417977886,0.00021820294136768681
0,1,0.4846476386520727,0.5143010139468989,0.001051347401028452
0,0,0.5547022260836533,0.44333690677017307,0.001960867146173568
0,1,0.18375152184455212,0.8130433433602994,0.003205134795148603
1,0,0.649998053351108,0.34964239079244713,0.000359555856444787
1,1,0.4235333757256504,0.576213142282335,0.0002534819920145365
0,0,0.8040310064053953,0.1958670367364167,0.00010195685818807773
1,1,0.24508280710038777,0.7542621731803869,0.0006550197192253628
1,1,0.0812841512098888,0.9163015852298037,0.00241426356030755
1,1,0.43746006734056975,0.5617435168747869,0.0007964157846434397
0,0,0.6220030431850839,0.3774027024458109,0.0005942543691052348
1,1,0.03841834137756054,0.9471873744266845,0.014394284195754921
0,1,0.4500883726147751,0.5490610769043993,0.0008505504808255763
1,1,0.01796891937150835,0.9705083146026583,0.011522766025833379
1,1,0.440014626199258,0.5590648746637189,0.0009204991370230023
2,2,2.3242344756248742e-05,0.07251114228509395,0.9274656153701499
1,1,0.10196490568745838,0.895930918683722,0.0021041756288196966
0,1,0.41407195604714275,0.5847748852930966,0.0011531586597606177
1,1,0.2819029425954345,0.7154551182072793,0.0026419391972862263
1,1,0.21455851882416377,0.7815768341384731,0.003864647037363104
0,0,0.8474550216958247,0.1525037660188432,4.1212285332246875e-05
0,1,0.08460662182606227,0.9134714407055056,0.0019219374684319728
1,1,0.16691321713061066,0.8289902716640402,0.004096511205349215
0,0,0.6394914635645055,0.35991994730633026,0.0005885891291642537
1,1,0.09465789360304959,0.9007747119875329,0.004567394409417386
0,0,0.5760485429834774,0.4237124578401976,0.000238999176325025
0,1,0.0921283945254567,0.8678526399137587,0.04001896556078468
0,0,0.8331892873765172,0.16648432430796886,0.0003263883155139687
1,1,0.4575173580577824,0.5414824106130932,0.0010002313291244502
1,0,0.5393894634716893,0.4601609164385689,0.00044962008974186354
0,1,0.42104605817545143,0.5759310616916383,0.00302288013291026
1,1,0.06942218079028178,0.9271857738901561,0.0033920453195621027
1,1,0.3073694228409277,0.6920056888097316,0.0006248883493407715
0,0,0.8816015136960366,0.11834472987024328,5.3756433720104765e-05
1,1,0.3505905417997599,0.6480054124651218,0.0014040457351182985
1,1,0.24535676153705427,0.7505081087271301,0.00413512973581567
2,2,7.48790653124544e-07,0.017047733320239133,0.9829515178891076
0,0,0.9564490717903867,0.043267047253740254,0.0002838809558730615
0,0,0.847084327371221,0.1525721773547662,0.00034349527401283144
0,0,0.6261133581243451,0.3734591900850345,0.0004274517906203063
1,0,0.729443959091112,0.27015086767024277,0.0004051732386452458
2,1,0.02835422313991434,0.6607101302405264,0.31093564661955925
0,0,0.9234949491953532,0.07649107860971217,1.3972194934584221e-05
0,0,0.9144585517704504,0.08542348660551445,0.00011796162403510154
0,0,0.9194688549234847,0.07959022262981127,0.0009409224467038795
1,1,0.18881003462498402,0.8074356075811294,0.0037543577938864156
1,1,0.1640008262376667,0.8340335213528716,0.001965652409461674
0,0,0.8125395598578952,0.18611837153970215,0.001342068602402678
1,0,0.5237540700081925,0.47531366414396997,0.000932265847837472
2,2,0.0005544018112354495,0.09895115502812583,0.9004944431606388
0,0,0.7437846994062476,0.2558419187522726,0.0003733818414797894
1,1,0.10050008097036248,0.8947508483048154,0.004749070724821983
1,1,0.23257253736935282,0.7657492345817637,0.0016782280488835284
0,0,0.8227407170239689,0.17717916888807395,8.011408795721443e-05
2,2,0.0026997142024070236,0.22884786961185546,0.7684524161857376
1,1,0.04077145978045192,0.9553683802183598,0.0038601600011884283
0,0,0.7299856312259698,0.2698023518804817,0.0002120168935486185
0,1,0.11082819409663042,0.8846440321998184,0.004527773703551244
1,2,0.06402071998282079,0.45096040569255436,0.4850188743246247
1,1,0.28860952907683834,0.7074533481856512,0.00393712273751052
0,1,0.3257271582563272,0.6727090225656974,0.0015638191779753102
0,0,0.6191834485479181,0.380514820056187,0.0003017313958949951
1,0,0.7843526998510045,0.21526930171172554,0.0003779984372699237
2,2,7.125374706155795e-06,0.10545765896364744,0.8945352156616463
0,1,0.4803649080020087,0.5190257486892309,0.0006093433087605103
1,0,0.7557070836633407,0.24407941704279543,0.00021349929386387575
0,0,0.8774480226516159,0.12220381474650771,0.00034816260187635817
1,1,0.34317048500703257,0.6558910170438249,0.0009384979491425477
0,1,0.28077278971850217,0.7185961345258218,0.0006310757556759107
1,1,0.21160736588983223,0.7860808171461137,0.0023118169640541793
0,0,0.7886272867429965,0.21125638561997126,0.00011632763703219181
1,0,0.7515502707361298,0.24462135752986747,0.003828371734002866
1,1,0.18523729608543632,0.8075617433581818,0.007200960556381994
0,0,0.6033132249711046,0.3963152648187822,0.00037151021011320377
1,1,0.2572365417827893,0.7400868544798417,0.002676603737369134
1,1,0.14790378645703586,0.8497511654510487,0.0023450480919155535
0,0,0.9694706254936939,0.03028597745594063,0.000243397050365545
0,1,0.2911174522675973,0.7065367013434387,0.002345846388963975
1,1,0.3601845376943693,0.6374887973036135,0.002326665002017072
1,1,0.009733378553962141,0.7316051330445575,0.25866148840148023
1,0,0.6361730935930107,0.3633263462698592,0.0005005601371301913
0,0,0.6503037012034112,0.3491479884733808,0.0005483103232080374
1,0,0.7721431692103994,0.22773719829029457,0.00011963249930606315
1,1,0.4114829009476416,0.5863806446128781,0.002136454439480248
0,0,0.5049761128692359,0.4947655168716851,0.0002583702590790374
0,0,0.8061582261782128,0.19238359189061668,0.001458181931170489
0,0,0.6408661043368462,0.35889157142155925,0.00024232424159474216
1,1,0.1233516293668582,0.8752898736417429,0.0013584969913988897
1,1,0.025621652983380063,0.9671865189425475,0.007191828074072245
1,1,0.07038088951995612,0.9071197235309215,0.02249938694912236
1,0,0.5971543019055925,0.4021242940282812,0.0007214040661264192
1,1,0.2263714839189459,0.7706940355587545,0.0029344805222995787
0,1,0.2343371918659659,0.7613284729495784,0.004334335184455786
0,0,0.5902621694865543,0.4084285570835296,0.0013092734299159825
1,1,0.029649960091475285,0.9342054694200689,0.03614457048845592
1,1,0.022478946516532632,0.9737796898496376,0.0037413636338298885
0,0,0.6594484940782229,0.3381627447482155,0.0023887611735614934
0,0,0.5893158365935373,0.4097697269789937,0.00091443642746894
1,1,0.13174952755686026,0.8625354705798564,0.005715001863283424
1,1,0.16963136399664125,0.8246408374850297,0.005727798518328927
1,1,0.07602172343683916,0.9208393450768284,0.003138931486332307
0,0,0.7661147343825243,0.23370265030139287,0.0001826153160827658
1,1,0.2649836077873927,0.721623968901581,0.013392423311026268
0,1,0.4955145433627054,0.50372806648356,0.0007573901537346164
0,0,0.5608199274205666,0.43882230518028437,0.0003577673991490028
1,1,0.25711117421525354,0.7418253450246243,0.0010634807601221142
1,1,0.35671312835946645,0.6415383082488426,0.0017485633916909688
1,1,0.11878351104087465,0.8800132124390888,0.0012032765200366766
1,1,0.019211233283376847,0.8443008271452912,0.13648793957133185
0,0,0.7924812924127739,0.20727214167174188,0.00024656591548430373
0,0,0.794945846312257,0.2049702375145778,8.391617316533603e-05
2,2,0.0214216120242754,0.422451800973013,0.5561265870027117
0,1,0.4950090579470984,0.5042519787493785,0.0007389633035231331
0,0,0.7113012861389728,0.28853358416840924,0.000165129692617988
0,1,0.32821359247640103,0.6653693149673102,0.006417092556288777
0,0,0.9992130763859469,0.0006923576016815096,9.45660123714714e-05
1,1,0.4535413653860745,0.5451321507038084,0.0013264839101171557
0,0,0.5999594356359961,0.39807069942199247,0.001969864942011489
1,1,0.2296650769909117,0.7661154534411577,0.004219469567930545
1,1,0.04613635818784836,0.949430374339319,0.004433267472832725
1,1,0.2101137604703406,0.7862881514344704,0.0035980880951890573
1,1,0.36004378226059003,0.6384890820597745,0.0014671356796355831
1,1,0.4458998269186667,0.5531455774927116,0.0009545955886216756
0,1,0.3043532532904364,0.6943454537610271,0.001301292948536615
0,1,0.4403184116917952,0.5589258396392031,0.0007557486690018652
0,0,0.6801325280000243,0.3192791669194012,0.0005883050805744509
1,1,0.0861776659284761,0.9024468291454287,0.011375504926095285
0,0,0.8720014136055708,0.12771017811640067,0.0002884082780285264
0,1,0.09676346504109755,0.8997333218880632,0.003503213070839223
1,1,0.2946230843034492,0.7032838501673675,0.0020930655291832904
0,0,0.5769412808311692,0.42171117022584387,0.0013475489429868974
0,0,0.8087077270553984,0.19105890128215947,0.00023337166244198114
1,1,0.04244273573560057,0.9463874933572579,0.01116977090714151
1,1,0.0016262927153485867,0.6002433116392528,0.3981303956453987
0,0,0.9987583540650952,0.000741282206034555,0.0005003637288703073
0,0,0.9123774635550269,0.0875116599606415,0.00011087648433142857
0,1,0.43325247428768254,0.5659283712329154,0.0008191544794021514
1,0,0.587055870438336,0.4114194402247943,0.0015246893368697082
1,1,0.027229536753989945,0.8529204092147907,0.11985005403121947
1,1,0.27692774783390184,0.7158881749330768,0.0071840772330213605
0,0,0.8091063283855395,0.19082359702716603,7.007458729447799e-05
1,1,0.03665560735108455,0.877581601865033,0.08576279078388253
2,2,4.667244294334723e-06,0.05839587395966244,0.9415994587960432
1,1,0.21389688185175945,0.7852897224319978,0.0008133957162428132
1,0,0.5031047630854237,0.49595063908955156,0.0009445978250247974
0,0,0.7085552242976404,0.2903528596532574,0.0010919160491022616
0,1,0.4227708848913238,0.5761296600367518,0.0010994550719244343
0,0,0.8748105740674639,0.1249513084439158,0.00023811748862032545
0,1,0.4020944131275017,0.5975679276249072,0.00033765924759112927
2,2,4.2662616750824893e-08,0.00012069498361414766,0.9998792623537691
0,1,0.4882262077914754,0.5111042964979037,0.0006694957106209234
2,2,0.00015363789730975746,0.13744589090043904,0.8624004712022513
0,0,0.5469410776957838,0.4524024942107715,0.0006564280934446405
1,1,0.4631953748570463,0.536114739012206,0.0006898861307477139
1,1,0.1792487812759279,0.8181769836389775,0.0025742350850945657
1,1,0.18145288894339795,0.8148255762197342,0.0037215348368678167
1,1,0.044305151797176194,0.9507729415880435,0.004921906614780317
0,0,0.9798393200553316,0.020103136834718215,5.7543109950157026e-05
1,1,0.06330665634721708,0.8121630011876068,0.12453034246517612
1,0,0.6164996574893177,0.3826510888498721,0.0008492536608101594
0,0,0.5365049594057666,0.46282232650023597,0.0006727140939973948
1,1,0.0629160516005693,0.9208141196060766,0.01626982879335429
0,1,0.2741555108338926,0.7241025586511405,0.0017419305149667767
0,0,0.953387327210254,0.046539164115761644,7.350867398439694e-05
1,1,0.12404048239520976,0.8743369095845808,0.001622608020209425
1,1,0.09392800039023028,0.9029944535475776,0.0030775460621922037
1,1,0.16271581303216714,0.835609757675488,0.0016744292923448645
0,0,0.812487747388174,0.18548776087189522,0.002024491739930827
1,1,0.16264931888226228,0.8359011577738842,0.0014495233438536316
1,1,0.15010461382945553,0.8462344688142477,0.0036609173562967205
1,0,0.7494770564588945,0.2497969245750839,0.0007260189660215121
0,0,0.6628160533980018,0.3361389772388002,0.0010449693631980018
1,0,0.6673376423073146,0.33230289222943,0.0003594654632553118
0,0,0.6873349943296537,0.31251946949741577,0.00014553617293050342
1,1,0.0395916000472139,0.9379407038369025,0.022467696115883763
0,0,0.7461035199331725,0.2536066784064334,0.00028980166039419626
0,0,0.9066128448026612,0.09327406601052585,0.00011308918681302242
1,1,0.4085925755073085,0.5897585557416583,0.001648868751033251
0,0,0.6861299176444383,0.3129205372530495,0.0009495451025120344
1,1,0.11743035833602272,0.8785390257275205,0.004030615936456619
1,1,0.12096846544843812,0.8689766754103825,0.010054859141179382
0,1,0.15143613175247836,0.8475104281808645,0.0010534400666571224
0,0,0.7004728659890039,0.2990513413853378,0.0004757926256582342
1,0,0.7124902346403156,0.2873262150840872,0.0001835502755972038
1,1,0.31281351236216487,0.6850442182681404,0.002142269369694661
1,1,0.01792223334728353,0.9775362065233555,0.004541560129360966
1,1,0.09298028805514735,0.9008858574883541,0.006133854456498376
1,1,0.43185441814602393,0.5673420200983978,0.000803561755578282
1,1,0.042847175143468724,0.8418166096937653,0.11533621516276608
1,1,0.0911299136099032,0.8835369772641952,0.025333109125901625
0,1,0.055029893923043575,0.8787332582399539,0.06623684783700261
1,1,0.08264743326801173,0.9159066445130386,0.001445922218949824
0,0,0.6632204659937958,0.3365549345456554,0.00022459946054873136
1,0,0.6980775996568707,0.30095441093722586,0.0009679894059034469
0,0,0.7226758779636913,0.2768638403377411,0.000460281698567641
0,0,0.9010071586999846,0.0986731691557225,0.0003196721442927994
1,0,0.7149560259678781,0.2838406440406881,0.001203329991433723
1,1,0.2788812838457673,0.7164837389139977,0.004634977240234955
1,1,0.17669651512855378,0.8183004900833604,0.005002994788085761
0,0,0.5903202758912045,0.4091263886378141,0.0005533354709814054
0,0,0.7375397883325129,0.26228614439491094,0.00017406727257622458
0,0,0.9648672510185546,0.03464694543713116,0.000485803544314213
0,0,0.677444873927092,0.32218008548007043,0.00037504059283766393
1,1,0.018554201307309413,0.9726029125099934,0.008842886182697022
1,1,0.20223567951912566,0.7950615350321385,0.002702785448735835
0,0,0.8636638825067836,0.13586295307864563,0.00047316441457076
0,0,0.5706421898131713,0.4288989408224895,0.0004588693643391483
0,0,0.8585499942778548,0.14137881610595268,7.118961619253837e-05
0,0,0.7738811217935151,0.22595014145368095,0.00016873675280402913
1,1,0.019472687335906146,0.8490862255113626,0.13144108715273128
1,1,0.1590909916057595,0.8382195746955698,0.002689433698670712
1,1,0.41401476683446975,0.5837205019739571,0.0022647311915732107
0,0,0.6341771740002257,0.36520173120843946,0.0006210947913347988
0,0,0.8514177010591424,0.1485162790932555,6.601984760202286e-05
0,1,0.09946106276030124,0.8968300104922126,0.0037089267474861437
0,0,0.5169606034179368,0.4825946951484541,0.0004447014336090979
0,1,0.45319551881741776,0.5460209262296585,0.0007835549529238144
1,1,0.3591382604387855,0.6397777760158728,0.0010839635453416744
0,0,0.8607110135552677,0.13921848905185302,7.049739287923011e-05
0,0,0.5611078437487523,0.4381138686137517,0.0007782876374960344
1,1,0.017513273280832315,0.7814608281451134,0.2010258985740543
2,2,2.5048108380923934e-05,0.0762173663215584,0.9237575855700607
1,0,0.7374947426235974,0.26198417726843237,0.0005210801079702183
2,2,4.34491044553189e-07,0.00495348238689308,0.9950460831220623
1,1,0.49500111935038105,0.5037578844723447,0.0012409961772742984
1,0,0.8975611195782669,0.10183618901863231,0.0006026914031008305
1,1,0.4225322026511776,0.5764204830093066,0.0010473143395158945
1,1,0.1533151310743213,0.8425767184608985,0.004108150464780291
1,0,0.7301595320554829,0.26968758459483816,0.00015288334967872722
0,0,0.6466379993307704,0.3531210056458375,0.0002409950233921902
0,0,0.6442276353263131,0.3555366608480932,0.0002357038255937076
1,0,0.6961409250697428,0.3029704462172975,0.0008886287129595304
1,1,0.45715279409443366,0.5414733022022875,0.0013739037032787975
2,2,4.6997991413595825e-07,0.0003712950928686964,0.9996282349272172
0,0,0.9738946573964018,0.02594907522424331,0.00015626737935492256
1,0,0.6814597763832243,0.31805313580478417,0.0004870878119915528
1,1,0.036450439137778796,0.9555915923610327,0.007957968501188366
1,0,0.6533158342009705,0.34608134458602746,0.0006028212130020416
1,0,0.5857098345351021,0.41382023486589264,0.00046993059900530046
2,2,0.00031231714952079917,0.10492752663866327,0.8947601562118159
1,1,0.40726322765889206,0.5919291943066358,0.0008075780344720955
0,0,0.6473802705180534,0.3523563095410783,0.00026341994086820147
1,1,0.2883757153598599,0.7108272856914042,0.0007969989487359532
1,1,0.015240068982286643,0.9667843014521755,0.017975629565537974
1,1,0.25219022652081663,0.7466234718910386,0.0011863015881445893
1,1,0.14813387203334635,0.8498051376236384,0.0020609903430153726
1,1,0.039503161871803034,0.9087502986629516,0.05174653946524526
0,0,0.7801708134422395,0.21961725597761608,0.00021193058014443557
0,0,0.6973943254640256,0.3021175165580215,0.00048815797795286135
0,0,0.5766471080198606,0.4229533522075282,0.0003995397726112215
1,1,0.08652840063030355,0.9082361417917111,0.005235457577985367
1,1,0.22614541421173515,0.7731446415250213,0.0007099442632436177
1,1,0.2468974287283041,0.7512935761993885,0.001808995072307356
1,1,0.2659035372430928,0.7322807180462289,0.0018157447106784367
2,2,0.0025855616640139034,0.18166010502772964,0.8157543333082565
1,0,0.5227276687870105,0.4764017976583307,0.0008705335546588955
1,0,0.7596609551105763,0.24024202593345687,9.701895596677579e-05
0,1,0.3431765280084043,0.6527021220244466,0.004121349967149043
1,1,0.42958810174984907,0.5699112929627347,0.0005006052874162558
1,1,0.11201691944143886,0.885622482599148,0.002360597959412974
0,1,0.46456205593907285,0.5322012911935393,0.003236652867387903
0,1,0.33605035508997416,0.6624782774040007,0.0014713675060252169
1,1,0.3792541089934014,0.6195110425570788,0.001234848449519814
1,0,0.7255080339958553,0.2743355999502586,0.00015636605388612423
1,1,0.04205489890411186,0.9543054239905395,0.003639677105348638
0,0,0.7586511526850636,0.24065036417209038,0.0006984831428460312
1,1,0.28349816985786436,0.7147131751874026,0.0017886549547329728
0,0,0.6332341179730466,0.36653876901040816,0.00022711301654518954
1,1,0.4694772964884627,0.5297661264852231,0.0007565770263142341
0,0,0.998704830581575,0.0007623510684797104,0.0005328183499452423
1,1,0.07151069884657962,0.9248457368953347,0.0036435642580855804
0,0,0.9405218532388084,0.05923835900638184,0.0002397877548097242
0,0,0.9468395776309634,0.053086494182341695,7.392818669481998e-05
2,1,0.046982421758623,0.8868925105360386,0.06612506770533831
2,2,0.0006602172339773114,0.1436246049192415,0.8557151778467812
1,1,0.21875156499640167,0.7787545320251105,0.0024939029784878755
1,1,0.24312297555467635,0.7553216139167199,0.0015554105286035827
0,0,0.8983497665375102,0.09823055450923031,0.0034196789532594503
1,1,0.12834243843559048,0.8704407075100679,0.0012168540543418442
1,1,0.06594344641151806,0.9319352393519859,0.00212131423649601
1,1,0.38239744540650256,0.6133631136073973,0.004239440986100221
0,1,0.3110756137913541,0.6873543787645856,0.0015700074440604137
0,0,0.7365558707374567,0.26095228710635027,0.002491842156193117
1,0,0.6554830888052758,0.3438955363594076,0.0006213748353165301
0,0,0.6163407975210511,0.37959646260811375,0.0040627398708352
2,2,2.941217227848198e-05,0.18765585752698843,0.8123147303007331
0,0,0.703307074193674,0.2963949724821178,0.0002979533242081284
1,1,0.02483645413937696,0.9679892366811353,0.007174309179487595
1,1,0.49007463645641763,0.5093312343611804,0.0005941291824018251
1,1,0.25808871975120906,0.7396953526142398,0.0022159276345512756
1,1,0.12106359470309722,0.8652971374136154,0.013639267883287383
1,1,0.06144383022195736,0.9356175315281535,0.0029386382498892472
0,0,0.599110872647,0.4002469220691222,0.0006422052838777527
0,0,0.9572265684846587,0.042639120839545325,0.00013431067579599976
1,1,0.34618186316214117,0.6499553968835695,0.0038627399542893732
1,1,0.3850164354581357,0.6140093611106282,0.0009742034312362276
1,1,0.2784906986809448,0.7204749219781488,0.0010343793409064899
1,1,0.12592562291870021,0.8685716899744674,0.0055026871068324015
1,1,0.09711008970243225,0.9011414723825514,0.0017484379150162772
1,0,0.6996279798927315,0.30006723352762105,0.00030478657964758734
2,2,0.004540869975208134,0.26670873615439217,0.7287503938703997
0,0,0.8374640006526377,0.16211390029432704,0.00042209905303523365
1,1,0.06592622100429883,0.8716087360214506,0.062465042974250526
1,1,0.03113362026980101,0.6874732084631779,0.28139317126702107
2,2,0.0016047816686271085,0.12807082177825516,0.8703243965531178
1,1,0.46487083152780123,0.5331113346347506,0.002017833837448228
1,1,0.024137569101994556,0.867869731120681,0.10799269977732448
2,2,2.6668076457201145e-06,0.020042159771305523,0.9799551734210488
0,1,0.30627086770665257,0.6907495268000429,0.0029796054933045476
1,1,0.020102212600412415,0.8181154809775454,0.1617823064220422
0,1,0.43430489287338403,0.563500451351784,0.0021946557748319345
1,1,0.0823559277143765,0.9066520009566917,0.010992071328931641
0,0,0.9181045371175435,0.08157123371746909,0.00032422916498753393
1,1,0.39903740121216535,0.5994777920194972,0.001484806768337327
0,0,0.9345592824953931,0.06499813727520234,0.00044258022940445803
1,0,0.612268951347438,0.3874354015037974,0.00029564714876459993
0,1,0.227391805925523,0.7695027798346767,0.0031054142398003718
1,1,0.055564199884451736,0.9420770210399219,0.0023587790756263386
0,1,0.20349231986427244,0.7909414606797568,0.005566219455970725
1,1,0.039326050508832644,0.9395533435927866,0.021120605898380638
1,1,0.4618453123398344,0.5335355315850919,0.004619156075073607
1,1,0.1293706529184903,0.8693879606246774,0.0012413864568323507
1,1,0.06977074779265403,0.9104633063989014,0.01976594580844447
1,1,0.20707965350884402,0.7909269811847517,0.0019933653064043368
0,1,0.10550692954056828,0.8920528197917469,0.0024402506676847267
1,1,0.21486795380864057,0.7820315115596734,0.0031005346316859686
2,2,0.0024325829978977843,0.19782078713327098,0.7997466298688313
0,0,0.8433867600634823,0.1565175023836824,9.5737552835314e-05
0,1,0.27090445623923753,0.7263891188568444,0.002706424903918049
1,1,0.006913170381073752,0.8656459870052003,0.1274408426137258
1,1,0.2080883728138358,0.7910150657809422,0.0008965614052218873
0,0,0.8130051029407325,0.18685052817122227,0.00014436888804526552
0,0,0.7337248397230072,0.2660941642306693,0.00018099604632355364
0,0,0.9925414370677375,0.0074456895331107215,1.2873399151998384e-05
0,0,0.840126156548647,0.15958594790760797,0.00028789554374509694
1,1,0.13779405669793493,0.6091272582209215,0.2530786850811435
2,2,0.00013033773259053737,0.12324266584276111,0.8766269964246484
0,0,0.7259619685608497,0.27374783149002446,0.0002901999491257286
0,0,0.9037862291903586,0.09531749691169611,0.0008962738979454881
0,0,0.8958309057387498,0.10404574434740388,0.00012334991384640258
1,1,0.29498334429710477,0.6996832560100956,0.005333399692799592
0,1,0.46491462688208585,0.5330976449468037,0.0019877281711105565
0,0,0.7957534990290994,0.2040998106839538,0.00014669028694673142
0,0,0.8142215921604641,0.18515820651168377,0.00062020132785218
2,2,8.128931743642344e-08,0.00011082669378041365,0.9998890920169022
1,1,0.16856268066620722,0.8247199673360862,0.0067173519977065735
0,0,0.7435278958279314,0.25609354492275604,0.0003785592493123717
1,1,0.21149142076937616,0.7845259867687461,0.003982592461877677
1,1,0.034352524866753775,0.962228705852556,0.003418769280690233
0,0,0.8083854386378574,0.1907209429691094,0.0008936183930332125
1,1,0.16111466950603084,0.8363128729570259,0.0025724575369431863
1,1,0.17036448324528844,0.8253077546143717,0.0043277621403399165
1,1,0.2876121188853249,0.7079605528329513,0.004427328281723762
1,1,0.22901698775124332,0.7624587031575386,0.008524309091217997
0,0,0.7883871223714937,0.2113530910371028,0.00025978659140352025
1,1,0.02409626673182624,0.964309293466863,0.011594439801310771
1,1,0.09555769309341844,0.893208678616394,0.011233628290187522
1,2,0.0012862261584441121,0.3959310542850994,0.6027827195564565
1,1,0.008359097418210545,0.9627289109314365,0.02891199165035296
0,0,0.5525521155377457,0.44704286117441944,0.00040502328783481443
1,1,0.2242087473678431,0.7746595234194505,0.00113172921270639
1,0,0.7437973954141733,0.255656680111997,0.000545924473829779
1,1,0.03779433848065499,0.868671392341187,0.09353426917815809
1,1,0.47778515517992015,0.5218588355275607,0.00035600929251910265
1,1,0.2127235886396022,0.7778045054185043,0.009471905941893607
0,1,0.15944250303452104,0.8386347473360051,0.0019227496294738251
0,1,0.30729642706692784,0.6864675886411652,0.006235984291906952
0,1,0.3876294318152118,0.609984459275952,0.0023861089088362364
0,0,0.9297730322920184,0.07018939507999311,3.757262798853193e-05
1,1,0.1491494522779441,0.8497612900174266,0.0010892577046293292
0,0,0.8329623568250194,0.1669191884244341,0.00011845475054652117
0,0,0.5362082038020018,0.4631536014600326,0.0006381947379655585
1,1,0.11518951678523544,0.8834012107553896,0.0014092724593751096
1,1,0.03936411612705418,0.9572665563058507,0.003369327567095009
0,0,0.9648217609141634,0.034504586666563516,0.0006736524192731645
1,1,0.3682889265685394,0.6308197039048373,0.0008913695266231687
1,1,0.27600278152941465,0.720312121262662,0.0036850972079233457
2,2,0.00022128530598201248,0.09917401786263887,0.9006046968313792
2,2,3.386269748418381e-05,0.11710860252941224,0.8828575347731035
0,1,0.476977585573977,0.5218646851089311,0.0011577293170917928
1,1,0.1239891699348121,0.8727472957377097,0.0032635343274780206
2,2,1.5293791020166106e-07,0.003105528040262481,0.9968943190218273
1,1,0.3719560007650772,0.6276605577658158,0.00038344146910702465
1,1,0.3037460489973917,0.6944934786394503,0.0017604723631580443
0,0,0.7690276324906231,0.23073422693125845,0.00023814057811832718
2,2,0.00011764082941507336,0.2770252860092006,0.7228570731613844
0,0,0.8341535038474946,0.16542592919869997,0.00042056695380545404
1,1,0.22903998979389753,0.7682241810323526,0.0027358291737498742
0,0,0.7020766549180705,0.2969403949475078,0.0009829501344217166
1,1,0.09185036121829178,0.9057805975293161,0.0023690412523920137
1,1,0.41044510794487893,0.5867933049738436,0.002761587081277419
0,0,0.6418452837890104,0.3572121608845114,0.0009425553264783013
1,0,0.6074393900736198,0.392366352410569,0.00019425751581121558
0,0,0.921518351789769,0.0782968930071248,0.00018475520310612585
1,1,0.19500861456368637,0.798344384609823,0.006647000826490452
0,1,0.4278550023439418,0.570984642437084,0.0011603552189740328
1,0,0.6768826769825228,0.32249334647952144,0.0006239765379556701
1,2,0.00014739632171170743,0.28035324202233736,0.719499361655951
1,1,0.05916011777213243,0.9357524652946541,0.005087416933213486
1,0,0.6073153917224815,0.3924907128293063,0.0001938954482121612
1,1,0.29936266372987397,0.6987662351272113,0.0018711011429148369
0,0,0.9258971680219841,0.07403303013833964,6.980183967634109e-05
1,1,0.3084871434004913,0.6872687676926345,0.0042440889068741895
1,1,0.21652972388570005,0.7749879097327234,0.00848236638157654
1,1,0.15162031343057805,0.8464897299849757,0.001889956584446116
1,1,0.10060272985248071,0.8973734819973261,0.002023788150193204
2,2,3.7972503087298165e-06,0.024135464156908037,0.9758607385927832
1,1,0.1295712241794442,0.8652185494867054,0.005210226333850449
1,1,0.09758136797913088,0.8616013649971975,0.04081726702367171
1,1,0.1494497450926608,0.8490681496196363,0.0014821052877029995
0,0,0.5366093801393612,0.46259781938577593,0.0007928004748628289
1,1,0.09562056866552347,0.8913215713956939,0.013057859938782541
1,0,0.7549267536978148,0.24427179301780522,0.0008014532843799799
1,0,0.7290771355333366,0.2697797887702495,0.0011430756964137822
0,1,0.2728298379060642,0.7254365005384045,0.0017336615555311964
0,1,0.3678608585206295,0.6291637304109645,0.0029754110684060693
1,1,0.059858014639145314,0.8778227871349072,0.062319198225947434
1,1,0.010994358942351951,0.975746364186709,0.0132592768709391
1,1,0.15986754273422601,0.8369132253468876,0.003219231918886329
0,1,0.4362421964801296,0.5615943797174989,0.0021634238023713974
1,1,0.09895008217895507,0.8986296115173682,0.0024203063036767197
0,0,0.5062983620150194,0.49034352986793944,0.0033581081170411323
1,1,0.11214068636108548,0.8822623598468481,0.005596953792066455
1,1,0.3033044921908976,0.6933023946883576,0.003393113120744696
0,0,0.8231412919664908,0.17669894080775142,0.0001597672257578811
1,1,0.2847847894336114,0.713798248025153,0.001416962541235546
0,1,0.101038250507899,0.8597295293446472,0.03923222014745387
1,1,0.4044051239971048,0.594501525878183,0.0010933501247122176
0,0,0.762916518478572,0.23688478837503785,0.00019869314639007782
1,1,0.3551394770281662,0.6439977924122989,0.0008627305595347561
2,2,3.146507943263926e-05,0.09850642418668042,0.901462110733887
1,1,0.05052590541537201,0.8927470575571137,0.05672703702751427
1,0,0.73975666280947,0.2596104996680533,0.0006328375224766821
0,0,0.8203593745341989,0.17946159389037364,0.00017903157542741214
0,0,0.7752434485830201,0.22423183240480357,0.0005247190121763562
1,1,0.33698066097002627,0.6623262175632938,0.0006931214666799567
0,0,0.7876695981394266,0.21212788408599542,0.00020251777457791652
1,1,0.09062339582611477,0.9064356863285606,0.0029409178453245477
2,2,0.0002459414996819125,0.18967030217784348,0.8100837563224746
1,1,0.045562444362152545,0.8531206692503037,0.10131688638754373
1,1,0.06274738426031813,0.9317872210714108,0.0054653946682711495
1,1,0.323578142612276,0.6745982376441743,0.0018236197435497594
1,1,0.022663173475842836,0.8664653596093973,0.11087146691475999
1,1,0.040712628586943286,0.8806316553046292,0.07865571610842757
1,1,0.31034792686408563,0.6869658469161793,0.002686226219734959
0,0,0.9359645941163381,0.06393926340974153,9.614247392045604e-05
1,1,0.13348957437463202,0.8648224658562665,0.0016879597691014385
0,1,0.11922510493737817,0.8788854020084498,0.0018894930541720285
0,1,0.4293736165532102,0.5698221599500647,0.0008042234967251993
2,2,0.0006858523398032348,0.21588056403475192,0.7834335836254449
0,0,0.7176302574609621,0.28143508767239295,0.0009346548666449296
0,0,0.8659050800580897,0.13406972745996967,2.5192481940451975e-05
1,0,0.7927061433027569,0.2071969830083413,9.687368890169267e-05
1,1,0.4490342221877496,0.5489862599695065,0.0019795178427439034
1,0,0.5161892454626191,0.48304244936676566,0.000768305170615293
1,1,0.24372705888602816,0.7536519024120719,0.002621038701899835
0,0,0.8609950552863898,0.1388536908122355,0.0001512539013748585
1,1,0.10918659086999073,0.8373850344073835,0.05342837472262576
1,1,0.4005486052266819,0.5981407103153822,0.0013106844579359772
1,1,0.22204201192400397,0.7586489753088093,0.019309012767186808
2,2,7.72079534930965e-05,0.12297054447795654,0.8769522475685503
0,0,0.7627533668606514,0.2370165290339492,0.00023010410539928833
1,1,0.08608586531298995,0.9123540106024304,0.0015601240845796722
1,1,0.022604218954723764,0.9692872584067195,0.008108522638556713
1,1,0.04731023579297327,0.9489967899281045,0.0036929742789221557
0,0,0.74202415010113,0.2578300814748885,0.00014576842398165448
0,0,0.7579899501068814,0.2415434032161498,0.0004666466769687975
1,1,0.2225187585758798,0.7708419495454754,0.006639291878644681
1,0,0.7982844222859902,0.20146317941939532,0.0002523982946145594
1,1,0.3527822695601746,0.6154070782318912,0.03181065220793416
0,0,0.9678910688636254,0.031943086766920196,0.00016584436945433668
1,1,0.047263825649038235,0.9484834983229018,0.004252676028059936
0,1,0.2492948628820328,0.7476054172336565,0.0030997198843106468
0,0,0.6486077306566588,0.3506126682619279,0.0007796010814134804
1,0,0.549173560982749,0.45015861447077893,0.0006678245464719853
0,0,0.7195859244776346,0.27981636512614155,0.0005977103962237294
1,1,0.1158913660977123,0.8828092696115271,0.0012993642907607563
1,1,0.29830421601123414,0.7003522262309042,0.0013435577578616046
0,1,0.16347889811037356,0.831891342221453,0.004629759668173378
1,1,0.04218915293763548,0.8366650434455314,0.1211458036168331
0,0,0.7983862311206287,0.2008229180861466,0.0007908507932247095
0,0,0.8709555476231127,0.12896320780039341,8.124457649411817e-05
0,0,0.8479952680689504,0.1503600109355477,0.0016447209955018415
0,0,0.7093634014365153,0.2905233262321033,0.0001132723313813369
0,1,0.42795899708353907,0.5708034843092158,0.0012375186072450853
1,1,0.16594762590687415,0.8303546887422761,0.0036976853508498535
1,1,0.02283406573985519,0.8815213555574674,0.09564457870267737
1,1,0.03328765225246098,0.9342172016622216,0.03249514608531758
0,0,0.953007573417144,0.04679186978515956,0.00020055679769642113
2,2,0.004615486396944075,0.2418293806668072,0.7535551329362488
1,1,0.2593740607293894,0.7364018872520167,0.004224052018593962
1,1,0.21702992702576657,0.7800784730924454,0.002891599881788127
0,0,0.5553674010564603,0.44391698730539886,0.0007156116381408143
0,1,0.19413338537837585,0.8034856828184078,0.0023809318032163504
1,1,0.04364555918247976,0.9535478942603983,0.002806546557121941
0,0,0.9632672571973331,0.036494353180160796,0.00023838962250605577
0,0,0.9378154439087912,0.0619734438656495,0.0002111122255591545
1,1,0.05619906292084003,0.9401458296193123,0.0036551074598477422
2,1,0.029445180455414433,0.7513378057634018,0.2192170137811839
1,0,0.7490939023243522,0.25069876935864094,0.000207328317006943
1,1,0.12281449001998598,0.8164632600078627,0.060722249972151185
0,1,0.3151253154067202,0.6837465986496709,0.001128085943608938
1,1,0.14840986358857217,0.8085245518533116,0.043065584558116064
0,0,0.7247659551178411,0.27501160731027485,0.00022243757188402028
1,1,0.21219341502524586,0.7840471172855877,0.0037594676891663874
1,1,0.385504490087235,0.612545564292055,0.001949945620710009
1,1,0.40143762178454984,0.5977815125565452,0.0007808656589049946
0,1,0.3652425838056952,0.6330961383803734,0.0016612778139314098
0,0,0.8585645707605359,0.14111207027118403,0.0003233589682800767
0,0,0.6344332603304941,0.36539517240698116,0.0001715672625246637
1,2,0.02057849726892777,0.38118120583245635,0.5982402968986159
1,1,0.1591463275504737,0.8076216276912195,0.033232044758306815
1,1,0.3873000008208085,0.6117785566999144,0.0009214424792770945
1,1,0.3171558967631232,0.6823166094697871,0.0005274937670897935
1,2,0.0006800675017900654,0.4375880041950047,0.5617319283032052
2,1,0.027268643523800665,0.856957782718166,0.11577357375803317
1,1,0.16640320417113463,0.8323823195990588,0.0012144762298065667
1,1,0.20998614979619507,0.7855020553925552,0.004511794811249655
1,1,0.44271328474135707,0.555988394210787,0.001298321047856033
1,1,0.08229561805830905,0.8793873750685006,0.03831700687319048
1,1,0.034747812605257986,0.9346381069470369,0.030614080447705104
1,1,0.3669864162102194,0.6273568071971971,0.005656776592583351
1,0,0.6086531089211654,0.39062740528469003,0.0007194857941445282
0,0,0.6381112271975635,0.36050580153420697,0.0013829712682296253
0,1,0.4374488195333944,0.5617851867780513,0.0007659936885542982
1,0,0.5286811350933134,0.47072785615723145,0.0005910087494551143
1,1,0.05097295538652945,0.9466065106856515,0.00242053392781908
0,1,0.2207050965211216,0.7772368336249111,0.002058069853967224
0,0,0.6848919290887443,0.3138674116891546,0.0012406592221010043
1,1,0.25496565547243144,0.741126643981983,0.003907700545585575
0,0,0.8733838601648265,0.1264916096064725,0.0001245302287010321
1,1,0.4007757932805787,0.5986009230647158,0.0006232836547054706
1,1,0.4645409380306647,0.5299825006497326,0.005476561319602617
0,0,0.953139434520082,0.04681448520013268,4.608027978526309e-05
1,1,0.3597618189580286,0.6393809667639332,0.000857214278038084
1,2,0.0007802885555040122,0.12589620515349245,0.8733235062910035
1,0,0.7009848048360778,0.2987489633200002,0.000266231843921972
0,0,0.8159454581417924,0.18376672277955786,0.00028781907864982166
2,1,0.032785444413306566,0.8572306870484309,0.10998386853826261
1,1,0.12643167176211553,0.8660592159280402,0.007509112309844288
0,0,0.7089143230525895,0.29073158037570146,0.00035409657170903334
0,0,0.934894494947681,0.06482969604910664,0.0002758090032124161
1,1,0.03258810127652032,0.9640910915146573,0.0033208072088222068
0,0,0.5650170097027237,0.4347185226949456,0.00026446760233075006
0,0,0.7907648269822128,0.20886473606167402,0.0003704369561130358
2,2,7.136680197639284e-06,0.11510882837384984,0.8848840349459526
1,1,0.43974005283067796,0.5547716968543808,0.005488250314941408
1,1,0.06762992032010141,0.9271011552796022,0.005268924400296498
1,1,0.39711276051144845,0.6017720422365831,0.0011151972519685002
0,1,0.10338643548375043,0.8863917883356048,0.010221776180644907
0,1,0.33285867224230886,0.6659704131767468,0.0011709145809442405
1,0,0.5010967748876513,0.49791462062487457,0.0009886044874742412
0,1,0.313978687183197,0.6848366296804093,0.0011846831363936652
1,1,0.3484154106324721,0.6500906249949903,0.0014939643725377116
0,0,0.6994392852402408,0.29847551677021306,0.0020851979895460636
1,1,0.023563350739795146,0.8455600574862637,0.13087659177394106
0,0,0.7519556477536582,0.24753295327651223,0.000511398969829632
1,1,0.018163742561594802,0.9759479571546086,0.0058883002837966094
1,1,0.1288392002057681,0.8698639568483048,0.0012968429459272255
1,0,0.8204751198732683,0.17938517373731547,0.00013970638941622642
1,1,0.267538821356357,0.7318110800321904,0.000650098611452658
1,1,0.04881913384102948,0.9487131275042476,0.0024677386547229323
1,1,0.05793424176920456,0.9384827978377603,0.0035829603930350668
1,1,0.4750350858496133,0.5246138887869095,0.0003510253634771807
1,1,0.01217415494054103,0.9821970095215283,0.005628835537930624
2,2,5.739104146199261e-05,0.10190924355154993,0.898033365406988
0,0,0.6139651673413686,0.38571904255039274,0.0003157901082386624
1,1,0.1796809724143431,0.8158721862898735,0.004446841295783485
1,2,0.00044746453723662586,0.44937638522487994,0.5501761502378834
1,1,0.2169468076440521,0.78023241263623,0.0028207797197179487
1,0,0.5598669358510974,0.43963048555820045,0.0005025785907022286
1,1,0.061017892592506846,0.9275860621896508,0.01139604521784225
1,1,0.11037885471713223,0.8834808339603755,0.006140311322492451
1,1,0.03716694884042995,0.9589015057277575,0.003931545431812614
1,1,0.09575803050663335,0.902301030149361,0.0019409393440056432
1,1,0.242750006742296,0.7531376695948011,0.0041123236629029575
1,1,0.37074509730145244,0.627142152298773,0.0021127503997746488
1,1,0.13877205228472525,0.8552088110152234,0.00601913670005128
1,1,0.03862840954176826,0.8852600741118655,0.07611151634636636
1,1,0.14311740352338645,0.8532206576554311,0.0036619388211823773
1,1,0.07694648404485788,0.9197141409540462,0.0033393750010959193
0,0,0.768239322526715,0.2314095949641864,0.0003510825090984719
0,1,0.4290719215761628,0.5699882745671048,0.0009398038567324147
0,0,0.5538059652453279,0.443734762317683,0.0024592724369890714
0,0,0.9401336034924119,0.05958551321408862,0.00028088329349938414
1,1,0.16051302102102172,0.8378742300409592,0.001612748938019138
2,2,2.1134381894805643e-05,0.07970997724665847,0.9202688883714467
0,0,0.7155169459197551,0.2840690769079957,0.00041397717224927756
2,2,1.939114792446453e-06,0.03351399272076296,0.9664840681644445
0,1,0.37448733164782666,0.6243758862628889,0.0011367820892845607
1,1,0.1660359159326185,0.7875028715442485,0.04646121252313302
0,0,0.9154976498392186,0.08377399589289747,0.0007283542678840876
0,0,0.6145764715299572,0.3849710190744872,0.00045250939555565315
0,1,0.028427045237340867,0.9684845214385479,0.003088433324111355
0,0,0.9266959211392709,0.07109315260934336,0.0022109262513856113
0,0,0.5415816803603772,0.45771387280780573,0.000704446831817101
0,0,0.5106891294135926,0.48764527724820683,0.0016655933382004708
0,0,0.6189817126000181,0.38071525451740096,0.0003030328825810108
2,2,4.076542125024628e-08,8.089204697612271e-05,0.9999190671876026
0,0,0.6239221315763951,0.37519890872798944,0.0008789596956155243
2,2,0.0005252649617909699,0.3852448889672716,0.6142298460709374
1,1,0.033553816956220124,0.9522871153105765,0.01415906773320319
0,1,0.27785053535078774,0.7204940613457131,0.001655403303499109
2,2,4.998839917035238e-06,0.02177631838012937,0.9782186827799536
1,1,0.06387783744162,0.818778994832127,0.11734316772625297
1,1,0.4083339379530847,0.5902990603276121,0.001367001719303074
0,0,0.9545283893400399,0.04531346002297032,0.0001581506369896946
1,0,0.6097873601431062,0.38930402899528194,0.0009086108616119825
1,1,0.1247097067830142,0.8719573185438135,0.0033329746731722114
1,1,0.2668804935620163,0.7262175322233566,0.006901974214627074
1,1,0.07287152920442791,0.9240348311769484,0.0030936396186236055
0,0,0.9159141437034388,0.0839681544091716,0.0001177018873895513
1,1,0.04327855966936011,0.9539280176204332,0.0027934227102066698
1,1,0.09187805866302522,0.9058132553004674,0.002308686036507474
0,0,0.8492868761991351,0.15060983485503787,0.00010328894582692918
2,2,0.0005830616418547836,0.07734264255859825,0.9220742957995469
0,1,0.2870442053182199,0.7089876135021179,0.003968181179662307
1,1,0.4325510066940344,0.5671422687393587,0.0003067245666069
1,1,0.24568123891403473,0.750819141144296,0.003499619941669376
1,1,0.05666066933144297,0.9399355170582767,0.003403813610280362
2,2,2.7112025432640054e-05,0.047508114347097424,0.9524647736274698
0,0,0.8988547007070582,0.10107802460150528,6.727469143649037e-05
1,1,0.11559473635845961,0.8740396510355002,0.010365612606040107
1,1,0.4452794681112682,0.554238462775462,0.00048206911326990984
0,0,0.8907080438214666,0.10921768054908583,7.427562944761463e-05
1,1,0.3341027334798397,0.6635073703707051,0.0023898961494550714
1,1,0.16454507507486904,0.8345414377646384,0.0009134871604925742
0,1,0.484511326514223,0.5135933469912004,0.0018953264945766304
1,0,0.7443069546222758,0.2555094691447854,0.00018357623293876145
0,0,0.9738163197045668,0.026047406288561902,0.00013627400687115586
1,1,0.35171489618944524,0.6435277522337669,0.004757351576787869
1,0,0.64811648526999,0.35162029379029525,0.0002632209397147092
2,2,0.0005171417142280129,0.22222950552771303,0.777253352758059
0,0,0.8937111988252583,0.10518389128637425,0.0011049098883674007
0,0,0.7241733229361242,0.27549971953003133,0.00032695753384455326
1,0,0.5775320535205191,0.42165977736819804,0.0008081691112829454
1,1,0.3388776316672111,0.6587606890413938,0.0023616792913951357
1,1,0.1078372935881044,0.8804043008751804,0.011758405536715233
0,1,0.2713338519665073,0.7265915649655702,0.002074583067922475
1,1,0.11357561753651178,0.8566581991239536,0.029766183339534652
1,1,0.15499475678122865,0.8435517352021168,0.001453508016654485
0,0,0.9201556922937555,0.07975834363624236,8.596407000219617e-05
1,1,0.2280293361787799,0.77056871092385,0.0014019528973700957
1,1,0.3412444586652599,0.656735427586653,0.0020201137480869488
0,0,0.9667468266779506,0.03306465962176129,0.00018851370028810047
1,1,0.19860283191736708,0.8003045303386452,0.001092637743987584
1,0,0.6065830406493504,0.39317393882277457,0.00024302052787505515
1,1,0.02931833634519051,0.8810579902080475,0.08962367344676193
0,1,0.19179899167250816,0.791501477226595,0.016699531100896874
0,0,0.5036342262434479,0.49424505417984743,0.0021207195767047006
1,1,0.1629601874766353,0.8339111863521573,0.0031286261712075098
1,1,0.01831806039378057,0.9740576729993846,0.00762426660683489
0,0,0.7452629981181268,0.2546789310248263,5.807085704692773e-05
0,1,0.43207104777915967,0.5668231872694567,0.0011057649513837515
0,1,0.24564903020655196,0.752031004805358,0.0023199649880899917
0,0,0.6875933245064961,0.31228554798929953,0.00012112750420450872
0,0,0.6806977397193267,0.3190456946468584,0.0002565656338150274
1,1,0.25664702239199405,0.7427230566164543,0.0006299209915515543
1,1,0.03600172391158184,0.9462050931546422,0.017793182933776044
1,2,6.442818450156076e-05,0.01741707306977097,0.9825184987457275
0,1,0.35823538109415287,0.6319175041899616,0.009847114715885466
0,0,0.8808243455169009,0.11805689275148858,0.0011187617316105092
1,1,0.1571700066815464,0.8409508624046688,0.0018791309137848379
1,1,0.3986606213780327,0.5995457097495397,0.0017936688724276423
1,1,0.2294933842338496,0.7686910917334646,0.0018155240326858404
0,0,0.8585691798024011,0.13996041521646505,0.0014704049811338378
0,0,0.9490283597453255,0.05093982587849026,3.181437618432891e-05
1,1,0.2583113931299325,0.7403060258683544,0.0013825810017133184
1,1,0.05088538859432283,0.8498795437506722,0.09923506765500494
0,1,0.12271761998374942,0.8762912174506534,0.000991162565597005
1,1,0.21905910885438987,0.7795080819766436,0.0014328091689665915
1,1,0.062116185240386694,0.9197606505344829,0.0181231642251303
0,0,0.6541394931576798,0.3452932126751601,0.0005672941671600646
2,2,2.2025845211487038e-07,0.017929572427385576,0.9820702073141624
1,1,0.01378790682107164,0.9782238014917336,0.007988291687194797
1,1,0.2243336885135847,0.7745638728294777,0.001102438656937588
2,2,1.7812913078887596e-05,0.14351557757060351,0.8564666095163176
1,1,0.02355746813441533,0.8494782769875037,0.12696425487808088
1,1,0.34596975517087575,0.6506389229462798,0.003391321882844483
1,0,0.7041203095353633,0.29513032702850794,0.0007493634361286308
1,0,0.6564852409608856,0.3426182974375506,0.0008964616015638056
1,0,0.6080297288946003,0.391705939339501,0.000264331765898794
1,1,0.15357442912907418,0.8451527787617985,0.0012727921091272238
1,1,0.06504411426070936,0.8694640050774319,0.06549188066185856
2,2,8.887769069888011e-05,0.1375273248737277,0.8623837974355735
1,1,0.2210841974872399,0.7756893359734657,0.003226466539294288
0,0,0.7616136385741942,0.238123071685622,0.0002632897401838955
0,0,0.6086865044389149,0.3911289394740723,0.00018455608701275234
1,2,0.0008365168573589985,0.1595442225115866,0.8396192606310543
0,0,0.8314133408779247,0.1684314656271975,0.0001551934948777892
2,2,1.084867775426719e-05,0.027053315707241374,0.9729358356150044
1,1,0.12011434583884513,0.8764958780649892,0.0033897760961655653
1,1,0.13251456362604647,0.8587589668256904,0.00872646954826293
1,1,0.41397269544107557,0.5848569407103232,0.0011703638486011186
1,1,0.19222891588943455,0.8060461365018357,0.0017249476087297332
1,1,0.029253543119102804,0.9655621448290183,0.005184312051879023
1,1,0.30413731738195543,0.6943322932095373,0.0015303894085072927
1,0,0.5105917965016655,0.48803169517654504,0.0013765083217894567
1,1,0.10508950150116494,0.8925146653296893,0.0023958331691459754
1,1,0.11016278450515508,0.8513563896738612,0.03848082582098378
2,2,4.30440031784136e-05,0.045157061168310204,0.9547998948285114
0,0,0.6370149894579827,0.3584111563653565,0.004573854176660755
0,1,0.3461023795739545,0.6519999288593219,0.001897691566723558
1,2,0.00013233549600311293,0.31037502318308985,0.6894926413209069
0,0,0.9387811340310707,0.06116861322410557,5.0252744823706976e-05
1,1,0.15891364149070014,0.8396890313770862,0.001397327132213598
0,1,0.4299674819848462,0.5688151679644696,0.001217350050684297
0,0,0.9843973389444735,0.015465807358478028,0.0001368536970485464
1,1,0.401576447208953,0.5972905329415799,0.0011330198494670595
1,1,0.0868702275535776,0.9105781399199875,0.0025516325264349784
1,0,0.5358591919128263,0.46187471220476384,0.0022660958824098766
1,1,0.0398160151482766,0.9580938852114667,0.002090099640256746
1,0,0.789816133924804,0.21001555733435154,0.00016830874084435916
0,1,0.3896436016340716,0.6092917619367444,0.0010646364291839667
0,0,0.6685913552363304,0.330925435478211,0.00048320928545852397
0,0,0.8182594380693677,0.18076919515240347,0.0009713667782289246
0,1,0.03649007208526426,0.9602493610470708,0.0032605668676648084
1,1,0.3049653205804474,0.6936681054100227,0.0013665740095299833
1,1,0.3923038267047565,0.6070057996983607,0.0006903735968827988
0,0,0.8713352104002445,0.12845080002936604,0.000213989570389438
1,1,0.1710640904860732,0.8264374209494177,0.0024984885645090494
1,0,0.5681145034439349,0.431147742611582,0.000737753944483125
1,1,0.10831173602139639,0.8893842405605062,0.0023040234180973884
1,0,0.7251498478959323,0.2746622665445151,0.00018788555955271292
1,1,0.03143443379363851,0.9645309313937881,0.004034634812573468
1,0,0.6441682246778495,0.35523750800534537,0.0005942673168051031
0,1,0.3153621284340874,0.6815661778557542,0.0030716937101583834
1,1,0.1200030194169051,0.8607471550966099,0.019249825486485073
1,1,0.12432228991076481,0.8714875851796076,0.004190124909627661
2,2,0.00016029020388091703,0.3520273849666693,0.6478123248294498
1,1,0.037630723230221014,0.5489519849283508,0.4134172918414281
2,2,0.001684981902567865,0.1503054619133597,0.8480095561840725
0,0,0.8999797882733543,0.09993830140394538,8.1910322700205e-05
1,1,0.10384032674148948,0.8899977035687003,0.006161969689810132
1,1,0.02051493878309689,0.9653140880576737,0.014170973159229341
1,1,0.2007071307907656,0.7980700478930148,0.0012228213162195675
1,0,0.5320776384637182,0.4671300394365026,0.0007923220997791505
0,0,0.6788923264116874,0.32092518489369054,0.00018248869462196194
1,1,0.04563780289737775,0.558158775371787,0.3962034217308353
0,1,0.3895362078095578,0.6095475257535303,0.0009162664369119707
0,1,0.13452810842815108,0.863696923215568,0.0017749683562810151
0,0,0.7073116872205002,0.2922815783171809,0.00040673446231888626
1,1,0.21340275824881186,0.7440831424106013,0.042514099340586926
2,2,0.0009106341232639763,0.13994363493610262,0.8591457309406334
1,1,0.4504158659380717,0.5485892521211144,0.0009948819408138671
1,0,0.7212611272608851,0.27841521162645483,0.0003236611126600704
1,1,0.4584671796769797,0.5410919408336157,0.0004408794894046259
1,1,0.12446211908854132,0.8703415537615999,0.005196327149858663
0,1,0.26870066046201924,0.727515571834135,0.003783767703845749
1,1,0.17634012702370727,0.821912998897272,0.0017468740790206711
1,1,0.01265746479628809,0.9822062895455329,0.005136245658179077
1,0,0.6178464133096595,0.3817041384897639,0.0004494482005765225
0,1,0.43924186097766865,0.5597763790682653,0.000981759954066041
0,1,0.4526912195498698,0.5468740749802502,0.0004347054698800511
0,0,0.5293279750673577,0.470436546016956,0.00023547891568626722
0,0,0.9076782022863206,0.09218245838954858,0.0001393393241307919
1,1,0.08750119252435556,0.9008210082634678,0.011677799212176656
1,1,0.4387479331930595,0.5603127019171187,0.0009393648898218758
1,1,0.19514863453523987,0.7914028513779091,0.013448514086851143
0,0,0.7984970212422294,0.2013919376720138,0.00011104108575678069
0,0,0.920492015559216,0.0791994681065419,0.00030851633424218953
1,0,0.5255909061757975,0.4741062641048444,0.00030282971935801777
1,1,0.41308414016777,0.585493650851096,0.0014222089811340192
1,1,0.014529391246926898,0.9328332448348761,0.05263736391819698
1,1,0.05437311193231954,0.9423052863695555,0.0033216016981251414
1,0,0.6240056705271344,0.374961811534541,0.0010325179383245799
1,1,0.07515971873026069,0.9000073377890809,0.024832943480658544
1,1,0.2928340266869216,0.7066751596935185,0.000490813619560039
0,0,0.958980308252071,0.04098070969439083,3.89820535381836e-05
1,1,0.31854580704902685,0.6777610932109946,0.0036930997399785984
2,2,0.00011325279283547997,0.11566808616173527,0.8842186610454292
1,0,0.5838221593482193,0.4145754533470131,0.0016023873047675517
1,1,0.05327839262836387,0.9429851390511252,0.0037364683205109482
0,0,0.6995571499001242,0.2995698254725316,0.0008730246273441437
1,1,0.16336860358497754,0.7982875354690061,0.03834386094601632
0,0,0.5376536441554184,0.4607864547642684,0.0015599010803132142
0,0,0.7086527672052565,0.29065808417316985,0.0006891486215736181
0,1,0.20002540536209076,0.7983434663808893,0.0016311282570199434
2,2,1.3724148135497805e-05,0.054436500332108305,0.9455497755197562
1,1,0.11510983064116363,0.8820634617672557,0.0028267075915806945
1,1,0.2193590995308875,0.7764769378177857,0.004163962651326739
1,0,0.6436303804286123,0.35499528513472534,0.0013743344366622067
1,0,0.8149045221245036,0.18499037183591935,0.00010510603957704563
0,1,0.4937427116772944,0.5054623533457203,0.0007949349769853496
1,1,0.043763454286266205,0.9504988931210885,0.005737652592645424
1,1,0.026523347828844232,0.8375235521581843,0.1359531000129715
1,1,0.2709892001712288,0.7283633984011593,0.0006474014276118213
0,0,0.7633202003861445,0.23651959161437044,0.00016020799948502745
0,1,0.3095052544400592,0.687632050078847,0.0028626954810938832
0,0,0.9994593711069917,0.0004891502080627142,5.147868494560298e-05
1,1,0.2672077756701983,0.7315533931222514,0.0012388312075502599
1,0,0.8884992815555884,0.10707456813767932,0.004426150306732322
0,0,0.5261703525673581,0.4736657322601743,0.00016391517246762137
0,0,0.723572500921515,0.27602861861643757,0.0003988804620474155
1,1,0.17674985794468293,0.8219998431722649,0.0012502988830520327
1,2,0.00402897121358255,0.21519376823066524,0.7807772605557523
0,1,0.32454380027007285,0.6746665145221608,0.0007896852077663977
0,0,0.8783040352408737,0.12041813097186098,0.0012778337872651915
1,1,0.060440453114209695,0.7942248431608308,0.14533470372495944
0,0,0.5118206362137492,0.4877229089349444,0.0004564548513063682
0,0,0.8950438274750179,0.10231458215354176,0.0026415903714403525
1,1,0.14418070606151553,0.852715597012079,0.0031036969264055087
0,1,0.3060873481701447,0.6933653851242597,0.0005472667055955438
0,0,0.709249837410617,0.2902874494574151,0.00046271313196803943
1,1,0.17623007922683964,0.822234543551154,0.0015353772220064123
1,1,0.2903478592490665,0.7086525001063486,0.000999640644584917
1,1,0.07682665988761898,0.91118050095182,0.011992839160560998
0,0,0.9508878371970633,0.04875786731884986,0.00035429548408674624
2,2,0.0005398009523942171,0.09622290157412511,0.9032372974734807
1,1,0.2040201830437107,0.7900558106583836,0.005924006297905785
0,1,0.2143644447569964,0.7837529210400904,0.0018826342029131082
1,1,0.21957488925191435,0.7790560021860573,0.0013691085620284407
1,1,0.25027860586367023,0.7469348180258156,0.002786576110514245
0,0,0.9997261085005787,0.00022708908662138417,4.680241279982985e-05
1,0,0.6884439037932251,0.31125498031276727,0.00030111589400763503
1,1,0.19766724101811073,0.8013140043180926,0.0010187546637967014
1,1,0.01586416761417828,0.9799825202638622,0.004153312121959507
1,1,0.49355087941361253,0.5059228144914013,0.0005263060949860899
1,1,0.15768410651116835,0.8395533144759944,0.0027625790128373755
1,1,0.24189414572005338,0.7543576663471472,0.0037481879327994684
1,1,0.1461146432364669,0.8506539972223264,0.00323135954120673
2,2,0.0006806196668578206,0.23487665488640963,0.7644427254467325
0,1,0.33445994114367444,0.6639355579444292,0.0016045009118963473
1,1,0.08083245275513684,0.9045323409131126,0.014635206331750554
0,0,0.8222783917272676,0.17760857761148557,0.00011303066124673892
1,1,0.26926829298241006,0.7280576480342381,0.0026740589833518743
1,0,0.5318927677960488,0.46689963652239674,0.0012075956815544933
1,0,0.5707420156116335,0.428651533559018,0.0006064508293484036
1,1,0.3109669221415633,0.688382993268183,0.0006500845902537593
1,0,0.6246620362669457,0.37379246868784033,0.0015454950452139125
0,1,0.36079790130111217,0.6373482318415621,0.0018538668573257072
1,1,0.0986958660415379,0.8993015075885937,0.00200262636986831
1,1,0.284244963567801,0.7023652517390794,0.013389784693119642
0,1,0.18972363860502592,0.8065041185765354,0.0037722428184387784
0,1,0.35125506175996335,0.6456568910948672,0.003088047145169266
0,0,0.6490655492507825,0.35073804760670685,0.0001964031425107005
0,1,0.16502822236218018,0.8331453477213511,0.0018264299164686751
1,1,0.04174822454152872,0.9493166072175403,0.008935168240931012
0,0,0.8235272235014519,0.17625368836449617,0.00021908813405203614
1,0,0.9065002705173391,0.09335677509917294,0.00014295438348796492
1,0,0.6022769016676485,0.3968962433304533,0.0008268550018981581
2,2,0.00036023072315752823,0.15900130061036422,0.8406384686664782
1,1,0.21502557810762649,0.7844129298625214,0.000561492029852086
0,0,0.9426214662178553,0.055974479769047604,0.0014040540130971916
0,0,0.6319769376276002,0.36770043182121137,0.0003226305511884562
1,1,0.019739919013123417,0.9689873976928425,0.011272683294034273
1,1,0.2337539589242979,0.7631823356809186,0.0030637053947835365
1,1,0.1017219365129756,0.893516127797785,0.0047619356892394165
1,1,0.0270105773615863,0.9701503178426699,0.0028391047957438955
0,0,0.8299009235116127,0.16976246432352696,0.0003366121648601922
0,0,0.9220378626013086,0.0770565653785875,0.0009055720201039788
1,0,0.6989148551123224,0.2994903990804939,0.001594745807183673
0,1,0.16866369483313634,0.8268674772067834,0.004468827960080249
2,2,1.528849839565084e-06,0.006970431022756745,0.9930280401274036
0,0,0.7464914294395497,0.25261261604588997,0.0008959545145603321
1,1,0.1719366404697065,0.8269788773267612,0.001084482203532382
1,1,0.4094961595412535,0.5896649051689603,0.0008389352897862269
1,1,0.04739230222575846,0.9445284593054718,0.00807923846876976
0,0,0.7344898245630902,0.2653361746837589,0.0001740007531508036
1,1,0.09969669240564534,0.8920459131469405,0.008257394447414202
2,2,5.576573848761269e-07,0.011905549634161674,0.9880938927084534
0,0,0.9070338745228342,0.0925630909408121,0.00040303453635362143
1,1,0.15686780261988248,0.8378072276189588,0.005324969761158734
0,1,0.10013965423499908,0.8947679833586241,0.0050923624063768415
0,0,0.8095079468299481,0.19042178906224766,7.026410780406387e-05
1,1,0.07006003204412789,0.9263154697128695,0.003624498243002609
0,0,0.6484946394743903,0.35044381416058484,0.0010615463650248207
0,0,0.8711001838097875,0.1288457735630026,5.404262720993412e-05
0,0,0.5801293414266014,0.4194225103301391,0.0004481482432594651
1,1,0.09110249744253483,0.9044483903792351,0.004449112178230039
0,0,0.8686625448045292,0.13097142648971513,0.0003660287057557598
1,1,0.3465244067158711,0.6529847894843215,0.0004908037998075355
0,1,0.19624015661905245,0.7973182060358353,0.0064416373451124855
1,1,0.22990576353804598,0.7692934115240091,0.0008008249379449696
1,1,0.05372541634786666,0.9392116601608758,0.007062923491257514
1,1,0.1685797716799939,0.8247221210813996,0.006698107238606452
0,0,0.6441864949628466,0.3556993896723992,0.00011411536475420937
1,0,0.5353546267824137,0.46132788951884646,0.0033174836987398064
1,0,0.5079317857879122,0.48883646149473015,0.00323175271735761
0,0,0.5976627733424106,0.40072507693823156,0.001612149719357922
0,1,0.39790163590782157,0.6014338358277084,0.0006645282644700049
2,2,7.081119155931368e-05,0.06989440352894054,0.9300347852795002
1,1,0.44062761812046114,0.5586326658618908,0.0007397160176480682
1,1,0.34649567704130974,0.6470371164120172,0.006467206546673049
0,0,0.9530729520424324,0.04655965334718841,0.0003673946103792498
0,1,0.408161146783297,0.5915393493302709,0.00029950388643216493
2,2,0.00016349956266439227,0.17318375364257707,0.8266527467947586
0,0,0.8875326618658387,0.11200963440669418,0.0004577037274671678
1,1,0.0288234660236362,0.9670216665146848,0.004154867461678885
0,0,0.6256415905984917,0.37374517657703965,0.0006132328244687679
0,0,0.9186451404865388,0.08120642014799043,0.00014843936547083138
0,0,0.7687622579047456,0.23117409667699457,6.364541825983813e-05
2,2,8.56874250320352e-05,0.09328755920240846,0.9066267533725595
0,1,0.256916871383599,0.7420022966398541,0.0010808319765469622
0,1,0.3059452187402494,0.6923662831663969,0.0016884980933538224
0,0,0.5796571712340437,0.42008321891465966,0.0002596098512966262
1,1,0.0860142399490958,0.9036326737345193,0.010353086316384822
2,2,8.552750101146334e-06,0.012597411607430836,0.9873940356424681
1,1,0.022449103125113275,0.968084107496576,0.009466789378310731
0,1,0.4656376116938056,0.5337280828108504,0.0006343054953440517
1,1,0.04589321667077753,0.8896894352744432,0.06441734805477926
0,0,0.9721717478372508,0.02764141358880192,0.00018683857394728026
0,0,0.8183983312599434,0.18152281465406966,7.885408598687435e-05
1,1,0.2317556532374495,0.76564182684713,0.0026025199154205065
0,0,0.8608885760212817,0.13756315400284594,0.0015482699758724479
1,1,0.21210768570850064,0.7856475147207421,0.0022447995707572444
1,0,0.5004836068115746,0.49930045819246816,0.00021593499595726648
1,1,0.07219785629581145,0.6279219596354202,0.2998801840687683
0,0,0.6811801393892296,0.31831892357656844,0.0005009370342017865
1,2,0.000780888347282743,0.23574425458100756,0.7634748570717097
1,1,0.08403315026450273,0.9140726464861877,0.0018942032493096516
0,1,0.14172588206506365,0.8570843476641345,0.001189770270801975
1,0,0.5796237155413595,0.4199724854818156,0.00040379897682492046
0,1,0.08299580102956865,0.9147926917569045,0.0022115072135270044
2,2,6.536423452186943e-05,0.0915858572508717,0.9083487785146065
0,1,0.14904871293807323,0.8480926158011199,0.0028586712608068073
0,0,0.5357560093973093,0.46369040832746233,0.0005535822752282826
0,0,0.7202187650461535,0.27929541304108046,0.0004858219127661992
0,0,0.594992446896148,0.4048180647447076,0.00018948835914446314
0,0,0.9062623704192255,0.09343622807183025,0.00030140150894429347
2,2,0.00017290746431589016,0.14832279822907138,0.8515042943066127
1,1,0.19147768710178462,0.8054879532521555,0.003034359646059858
1,1,0.10517897579897248,0.8930589462001275,0.001762078000900054
1,1,0.19251366931705682,0.8057120886673214,0.0017742420156217728
0,0,0.7286268702378909,0.2657294400823688,0.0056436896797403486
2,2,0.0037548226894216453,0.29444669895691145,0.7017984783536668
0,0,0.675204368906002,0.3242029572085337,0.0005926738854643797
1,1,0.46977919909266036,0.5295627758131695,0.0006580250941701698
1,1,0.06493463127310058,0.9327037812030318,0.0023615875238676455
1,1,0.31218669002597893,0.6840285095325007,0.0037848004415203854
1,1,0.326160728479117,0.6726163950831086,0.001222876437774375
0,0,0.7577353297103323,0.2419934164239183,0.00027125386574925945
1,1,0.39099851337873487,0.6075561242534392,0.001445362367826122
1,0,0.5656560023166413,0.43384228219188464,0.0005017154914739466
0,0,0.8490220616917237,0.15085373098707086,0.0001242073212055713
0,1,0.4598704292932084,0.5360841152646848,0.004045455442106733
1,1,0.15684554311998367,0.8414815883356319,0.0016728685443845321
0,0,0.7211473078442499,0.27870892382016915,0.00014376833558094718
1,1,0.4587171741639967,0.5405965227243061,0.0006863031116971755
1,1,0.12236298688321258,0.8762364459579622,0.0014005671588252948
1,1,0.29945361208624904,0.6984619046914721,0.0020844832222788766
0,1,0.1441866975197279,0.8518887926577474,0.003924509822524519
1,0,0.5285258249699933,0.4710779570927481,0.00039621793725862036
1,1,0.33700385194715066,0.6586768322772544,0.004319315775594945
1,1,0.3944060116922876,0.6045653224844747,0.001028665823237774
0,1,0.31150092540939367,0.6850471177479284,0.0034519568426781134
1,1,0.1455707517323165,0.7764599189555499,0.07796932931213363
1,1,0.03421048014559486,0.9543797567421054,0.011409763112299725
1,1,0.07692023305129224,0.9179012828270859,0.005178484121621708
1,1,0.12745155231509864,0.8677246861461104,0.00482376153879091
0,0,0.6929200502298886,0.30629862489019216,0.0007813248799193149
1,1,0.2844536408139295,0.7144966965259756,0.0010496626600949867
1,1,0.281873783631735,0.7148624619468625,0.003263754421402367
1,1,0.18873188120652298,0.8093272950066877,0.0019408237867894961
0,0,0.8706563072454033,0.12930498946786434,3.8703286732211215e-05
0,1,0.36600891860251317,0.6330931365521147,0.0008979448453721899
2,1,0.028436949056120406,0.9540038207771424,0.01755923016673726
0,0,0.929342853646592,0.07057039794580126,8.674840760681911e-05
1,1,0.040648398603563146,0.8715405891793557,0.08781101221708104
0,0,0.7205098933143159,0.279414281376795,7.582530888902e-05
2,2,0.0010785977395885258,0.06058455912290994,0.9383368431375014
1,1,0.07315279256997768,0.9219383110694793,0.0049088963605429265
0,0,0.8340002369965719,0.16521062951428045,0.0007891334891476741
1,1,0.06247353552044385,0.9337799727485473,0.0037464917310088817
2,2,0.00017719709661831684,0.30722447189227176,0.69259833101111
1,1,0.1649070255227997,0.8334534010197441,0.0016395734574563715
1,1,0.33667558434996936,0.6620266941089664,0.001297721541064303
0,0,0.6886762410228681,0.31122512650511835,9.863247201353374e-05
1,1,0.02224470396676437,0.9669865357853793,0.010768760247856318
1,1,0.15124818965943906,0.845039751111632,0.0037120592289290534
0,1,0.32235826807636575,0.6769995436525356,0.0006421882710986691
1,1,0.08493836566179143,0.9116940939082554,0.0033675404299530758
0,0,0.5715891637019,0.42668848340826854,0.0017223528898314122
0,0,0.7700108579708095,0.2297635542599182,0.00022558776927227259
0,1,0.20295270775653532,0.7953158898211856,0.0017314024222791066
1,0,0.6649422136805744,0.33478499640494175,0.00027278991448384315
1,1,0.1557881583346965,0.8362677893210816,0.007944052344221832
0,0,0.7556861638087358,0.24414510046096027,0.00016873573030398156
1,1,0.06101425961398472,0.9335430548317412,0.005442685554273975
1,1,0.273990342643563,0.7241049392850739,0.001904718071363066
0,0,0.6880620531715521,0.31177790755107454,0.00016003927737344214
1,1,0.3169331550128073,0.682090968327225,0.0009758766599675698
0,0,0.9431413041909344,0.05683161023007426,2.70855789913287e-05
1,1,0.44412950797896933,0.5485641035468153,0.00730638847421529
1,0,0.5642078682965675,0.4351472350353699,0.0006448966680626897
0,1,0.4899196588277188,0.5083691193551237,0.001711221817157357
0,0,0.859537623365717,0.1403832582595648,7.911837471797628e-05
0,0,0.9779935393583664,0.021896173227914106,0.0001102874137196027
1,1,0.05786784406486424,0.9391114249036996,0.0030207310314360044
0,0,0.894731131928284,0.10521101784169322,5.7850230022690514e-05
0,1,0.3465702721969762,0.6508098185109618,0.002619909292062012
1,1,0.04817272981218151,0.8505907020002911,0.10123656818752724
0,0,0.8772649432068657,0.12234175980466935,0.0003932969884649621
0,0,0.5327657396070178,0.46677027774135593,0.0004639826516262245
0,0,0.5045785146588839,0.49427485759165374,0.0011466277494623044
1,1,0.06653919567677861,0.8700974998012698,0.06336330452195146
0,0,0.7566010582388287,0.24290748738439363,0.000491454376777717
1,1,0.10791516122367699,0.8746424784534411,0.01744236032288176
1,1,0.1420961380684003,0.8550715311531164,0.002832330778483283
1,1,0.017933759416156686,0.9753184301131468,0.006747810470696514
1,1,0.42879258955074184,0.5704844056414873,0.0007230048077708996
1,1,0.15457642787517636,0.8432715219554264,0.00215205016939713
1,1,0.14521304833441265,0.8532740908090185,0.00151286085656891
0,0,0.9171492405002929,0.08181047690106215,0.0010402825986448449
1,1,0.0748164600142406,0.8475716690107672,0.07761187097499224
1,1,0.07185218323296086,0.8585421747932394,0.06960564197379995
1,1,0.438429498503453,0.5609474858034662,0.0006230156930808171
1,1,0.25388824377038094,0.7444560756158589,0.0016556806137601199
1,1,0.13828012381176066,0.8595634642227409,0.0021564119654985687
1,1,0.24217225388779412,0.7528169641483471,0.005010781963858658
1,1,0.1148138607830227,0.8658236161321761,0.019362523084801197
1,1,0.38427742683284943,0.6138264260139664,0.001896147153184168
1,1,0.3948436808774845,0.604271955662101,0.0008843634604144713
1,1,0.12429965497351926,0.8739610636860385,0.0017392813404421953
1,1,0.10179941452359231,0.8963665640608518,0.0018340214155558516
1,1,0.1575517603998891,0.8408428592365093,0.0016053803636015655
1,0,0.6933612302017262,0.30572123378258254,0.0009175360156911519
1,1,0.2318571719350692,0.7651595144941384,0.0029833135707922026
2,2,0.0023295604729980466,0.23274338694314184,0.7649270525838602
1,1,0.3182659341194748,0.6812572972659018,0.0004767686146232851
1,1,0.03244686832531206,0.95937143378131,0.00818169789337785
0,0,0.7845019492206969,0.2149662394965448,0.0005318112827582259
1,1,0.08357182532771655,0.911780204250628,0.004647970421655444
1,1,0.15670950026145838,0.8364494571650714,0.006841042573470184
1,2,0.00021561447194406349,0.30261963732149905,0.6971647482065568
1,0,0.614433452935939,0.3835930105333557,0.001973536530705381
1,1,0.22746663220458338,0.7709555572231712,0.0015778105722453416
0,0,0.8162409983032807,0.1832956445161356,0.0004633571805838064
1,2,0.0015902875797822913,0.2690146748616762,0.7293950375585416
0,0,0.6285538732505269,0.3708318919237355,0.0006142348257375907
2,2,9.99150549765213e-05,0.10132879595653203,0.8985712889884914
1,0,0.71459087421523,0.2846234516929541,0.0007856740918159983
0,0,0.9390892677041096,0.060895346343221,1.538595266930123e-05
0,0,0.9289597053001887,0.07099048141822535,4.981328158591368e-05
0,0,0.7432737208028581,0.2563817062560675,0.00034457294107436174
1,1,0.0376811396873566,0.9570749363246891,0.0052439239879543045
0,0,0.6018692914934141,0.3978364423956671,0.0002942661109187995
1,1,0.023446002984962685,0.9662739329792286,0.010280064035808608
0,1,0.3318130407847109,0.6664865173342018,0.0017004418810872795
1,0,0.7495899099652377,0.24941500691721696,0.000995083117545434
1,0,0.8419690046579702,0.1578102158506304,0.00022077949139938022
1,1,0.018269097350311955,0.9708908258061949,0.010840076843492983
0,0,0.5279576702002029,0.4718103496624148,0.00023198013738236144
0,0,0.7517311147316649,0.24791547625165128,0.0003534090166839944
2,2,7.318962472942233e-07,0.0169066695014652,0.9830925986022875
0,0,0.541741303875929,0.4578518371066125,0.0004068590174584828
0,0,0.5450409458864849,0.4541710173729943,0.0007880367405208895
1,1,0.0634071917661929,0.932360234187684,0.004232574046123181
1,0,0.5434402839344397,0.4562273521271159,0.0003323639384443697
0,0,0.8433062179605643,0.15652639071901703,0.00016739132041862915
1,1,0.3632946131619147,0.6362042407985686,0.0005011460395166845
0,1,0.45689772922710986,0.5412580202432902,0.0018442505296001389
0,0,0.6289567743269556,0.37047011733849977,0.0005731083345446139
0,0,0.5578681026342176,0.44173077824023343,0.0004011191255489236
0,0,0.6426115052314784,0.3565855044799112,0.000802990288610418
1,1,0.13497027951896637,0.8080670226485415,0.05696269783249228
1,0,0.5553797928257145,0.4409559446982206,0.003664262476064832
1,1,0.036797899603224334,0.9462849334499206,0.016917166946855133
1,1,0.40353146616121355,0.591177943668129,0.005290590170657448
1,0,0.6768942153315659,0.32275001310805607,0.0003557715603779515
1,1,0.061927616026422924,0.9345148350957243,0.003557548877852798
1,0,0.6932533922319851,0.3063334510211657,0.0004131567468491845
1,1,0.23522818342263474,0.7582526354047627,0.006519181172602541
1,1,0.24323754984359697,0.7552291420054504,0.0015333081509526431
1,1,0.42054961334111857,0.5784987663274678,0.0009516203314136194
1,1,0.11451234447159013,0.8820870522522842,0.003400603276125682
0,0,0.6573360321124122,0.3424848451792501,0.0001791227083376613
0,1,0.4702471210111438,0.5290225914560133,0.0007302875328429139
0,1,0.3915040943560499,0.6009158451605232,0.007580060483426831
1,0,0.6559722423218728,0.343689943180876,0.00033781449725128873
1,1,0.05049520771666426,0.9428529089258705,0.0066518833574652
0,1,0.17667504314629506,0.8175641672513628,0.00576078960234215
0,0,0.9242507527642627,0.07566200120379056,8.724603194681506e-05
1,1,0.3475794165595403,0.6507031046564818,0.0017174787839779034
1,0,0.6875242938203862,0.31224400887846604,0.0002316973011478883
1,1,0.05365788597429578,0.9440835173587845,0.0022585966669198833
0,1,0.2667660678129401,0.7315124512747582,0.0017214809123017516
0,1,0.3039820236529944,0.6938490268920707,0.002168949454934895
1,1,0.05180134729694377,0.9455818133235758,0.0026168393794805092
2,2,5.854586221588101e-06,0.02412112502007605,0.9758730203937024
0,1,0.3745412812144832,0.6230298019994224,0.0024289167860944614
1,1,0.4089508266180031,0.5894639270396843,0.0015852463423126472
1,0,0.6262110940416176,0.37292428284106416,0.0008646231173183238
1,1,0.36260923261519723,0.6331924123957193,0.004198354989083427
0,0,0.643798738713432,0.3559524223478334,0.0002488389387347258
2,2,0.00024919235612664816,0.1616468609767549,0.8381039466671184
1,0,0.6947478590642646,0.30436958425738464,0.0008825566783506974
1,1,0.10823960216131347,0.8902966343127054,0.0014637635259809412
1,1,0.04600616931216301,0.9300004458809578,0.023993384806879122
2,2,0.0007587678042396952,0.15768019551565585,0.8415610366801045
0,1,0.2206396113081169,0.7720830494989133,0.007277339192969802
1,1,0.13690783906968024,0.8589021666277924,0.00418999430252729
0,1,0.3809937133424033,0.6178411699122711,0.00116511674532558
1,1,0.019618219940527357,0.9729282994243704,0.007453480635102212
1,1,0.4666417569750691,0.53165066246677,0.0017075805581609077
1,0,0.669424393947331,0.32970145714558224,0.0008741489070867699
1,1,0.001345566835661301,0.9982664029911376,0.00038803017320116216
1,1,0.4294655635147437,0.5689246887554246,0.0016097477298316733
1,1,0.32236809611606243,0.6766284843679915,0.001003419515946135
1,1,0.3461017311393733,0.6528559145191838,0.0010423543414428893
0,1,0.32999766650209444,0.6677828319864371,0.0022195015114685754
1,1,0.10249936298687196,0.8958687652698423,0.0016318717432858942
1,1,0.10503209048358485,0.88923063051454,0.005737279001875147
2,2,3.0187479997684467e-06,0.05361379278969648,0.9463831884623037
0,0,0.7933968028368168,0.20643547769009665,0.0001677194730864577
1,1,0.052638410399768715,0.9341570794430308,0.013204510157200344
1,1,0.23741206031124581,0.7613831910812329,0.0012047486075213397
1,1,0.45451213132225704,0.5448790633839559,0.0006088052937869608
2,2,0.00394771846917983,0.14878630882372532,0.8472659727070948
1,1,0.14299065054990784,0.8548047649827457,0.0022045844673463997
0,0,0.9450435691644752,0.054564008187751076,0.0003924226477737141
0,0,0.8558468468505157,0.1440838745414599,6.927860802448022e-05
0,0,0.5070029918156521,0.4924515222040438,0.0005454859803040177
1,1,0.020673967568356447,0.9746187564220825,0.004707276009561062
0,1,0.13327442149071558,0.8629413268102168,0.0037842516990676312
1,1,0.07253526746502267,0.9146695351947642,0.012795197340212958
1,1,0.08322140441666824,0.9134743160745916,0.0033042795087401336
1,1,0.09151758550458398,0.9048718647509418,0.003610549744474185
0,1,0.19724548789356366,0.801418828606254,0.0013356835001822778
1,1,0.0288256824912643,0.9682259293455135,0.0029483881632220857
1,1,0.19313586372323954,0.8050525000708849,0.001811636205875608
1,1,0.4189088878710034,0.5799298416667716,0.0011612704622250025
0,1,0.3924473412353465,0.6065420660360635,0.001010592728590081
1,0,0.86988435306528,0.13002668867564582,8.89582590742232e-05
1,1,0.18945855807133447,0.8090412866717187,0.001500155256946792
0,0,0.6801389098883539,0.31959675445175606,0.00026433565988995494
0,0,0.5031598094281066,0.49559636707839794,0.0012438234934955157
0,0,0.6343754514023673,0.3651177887293825,0.0005067598682501807
0,0,0.883153959826047,0.11570847003751546,0.001137570136437442
1,1,0.3324347203540626,0.665950821429863,0.0016144582160745099
1,1,0.01799093223260362,0.8006973365569865,0.18131173121040986
1,1,0.20643088076979388,0.7901097081642681,0.003459411065938122
1,1,0.4987483643487694,0.5002901000702894,0.0009615355809412124
0,0,0.7437172199281624,0.25617326119601364,0.00010951887582400162
1,0,0.7236160356477146,0.27590550046477225,0.00047846388751314814
1,1,0.33092495992092613,0.6676359749807054,0.0014390650983686205
0,1,0.4755453514263247,0.5238391032160397,0.0006155453576356876
2,2,4.685368842045947e-06,0.07343768089894456,0.9265576337322134
1,1,0.1967630244216435,0.7984232667722553,0.0048137088061011015
0,0,0.6649401834512724,0.33472300060941973,0.00033681593930781596
1,1,0.3475051198723054,0.6514054756887973,0.001089404438897238
1,1,0.0403532247347065,0.5917561324010681,0.3678906428642254
0,1,0.2940047643325923,0.7018494279950671,0.004145807672340608
0,1,0.46769073507728604,0.5310089466846202,0.0013003182380938042
1,1,0.047077924952329785,0.9492707270760455,0.0036513479716246055
1,1,0.16531067729235385,0.8255204309589287,0.009168891748717526
1,1,0.3010758980977214,0.6928607714414619,0.006063330460816872
0,1,0.20195100494986631,0.796053338061803,0.0019956569883306644
0,0,0.6238852553081412,0.3756616872355844,0.00045305745627434945
1,0,0.6895581660580153,0.31019260446148084,0.00024922948050371777
2,2,1.5668802609255326e-05,0.09281004517958515,0.9071742860178057
1,1,0.1774574440956278,0.8159130604188298,0.006629495485542414
1,1,0.27623528689145765,0.7213521656558275,0.0024125474527148666
2,2,0.00012462830073807312,0.2426305201248805,0.7572448515743815
2,2,0.00010676123888531461,0.12569357285576369,0.874199665905351
1,1,0.34484357814397176,0.6515144042452984,0.003642017610729765
1,1,0.1599473960149319,0.8286306689842838,0.011421935000784329
0,1,0.2781205199633946,0.7197726107808884,0.002106869255716906
0,0,0.9244333784393275,0.07552162408840929,4.499747226325297e-05
1,1,0.03340755040811873,0.8519827619082643,0.11460968768361714
1,1,0.2923192779010633,0.7051781435893544,0.002502578509582371
1,1,0.02544779199122213,0.9691661091234659,0.005386098885311854
1,1,0.4210066086548382,0.5781359603239521,0.0008574310212095315
2,2,0.00029840044870186303,0.3065365183752283,0.6931650811760699
1,1,0.19544263216885058,0.8010094650521231,0.003547902779026389
0,0,0.8723863757813652,0.12742956283242396,0.00018406138621072002
1,1,0.3020574579768146,0.6945003562441161,0.0034421857790693676
1,1,0.08668585234027168,0.8950299511006826,0.018284196559045583
0,1,0.1794139391718154,0.8187962010762403,0.0017898597519443624
1,1,0.05348940612856832,0.8777173632233525,0.06879323064807909
0,0,0.7470022055031758,0.2524740096213155,0.0005237848755087388
0,0,0.5131674814097177,0.48641595429509565,0.00041656429518666056
1,0,0.5909960915836371,0.4085457848159351,0.000458123600427723
2,2,9.877804590626663e-06,0.051960335088030454,0.9480297871073788
0,0,0.9490844526177442,0.050157682651879344,0.0007578647303764498
1,1,0.1385900486404031,0.860292890209064,0.0011170611505329274
0,0,0.5548499881740305,0.44463079077036366,0.0005192210556057395
1,0,0.5285780001894707,0.47050417999411376,0.0009178198164155215
1,0,0.6362340585698505,0.36214627472241234,0.0016196667077372428
1,1,0.014496007355058156,0.8751570618683612,0.11034693077658077
1,1,0.1226320280445538,0.8729865683305925,0.004381403624853586
0,0,0.6332075936967108,0.36602003318143833,0.0007723731218508791
0,0,0.662057568640478,0.3372685101823997,0.0006739211771222836
1,1,0.32974214035155003,0.6678048061258396,0.0024530535226104724
1,1,0.2225383184278921,0.7705279463853442,0.0069337351867637545
1,1,0.30686107299166937,0.6913639478611843,0.00177497914714645
1,1,0.0521408639620162,0.9341476438300568,0.013711492207926883
1,1,0.18875229934593174,0.8082799755899825,0.0029677250640857025
1,0,0.5181165493542115,0.4753198643714718,0.006563586274316784
0,0,0.7680342856546288,0.23183613752620327,0.0001295768191679118
1,1,0.2398270088509692,0.7568913418739149,0.0032816492751159107
2,2,0.013527293932608282,0.42192123227272915,0.5645514737946625
1,1,0.462519722304401,0.5357965028397786,0.0016837748558204916
0,0,0.8659594242407002,0.1338010946852969,0.00023948107400286294
0,0,0.8261839388044907,0.17374899255191922,6.706864359003492e-05
1,1,0.025856981382219577,0.8591991136691892,0.11494390494859116
0,1,0.48630067627246104,0.5125920213022207,0.0011073024253182597
1,1,0.0362827106435898,0.9610015913799725,0.0027156979764378347
1,1,0.19852182115069117,0.8002978761143993,0.001180302734909584
0,0,0.7926562706890808,0.202260943229375,0.005082786081543981
1,1,0.1003727860378204,0.8482596323674668,0.051367581594712754
1,0,0.8619057003847307,0.13796194504819054,0.00013235456707882213
1,0,0.7804000135269693,0.21944600326496091,0.00015398320806981524
0,1,0.46789027658812143,0.5312621479059434,0.0008475755059352727
1,1,0.098053064948165,0.899880854288647,0.0020660807631880476
0,0,0.9552560545742538,0.044333912471470296,0.0004100329542759767
1,0,0.5299802596693846,0.4693278018908548,0.0006919384397606374
1,1,0.053914399942029574,0.943303939803424,0.002781660254546526
1,1,0.4094610024158056,0.5895463045546898,0.0009926930295046427
0,0,0.7586203175206665,0.2392894846075843,0.0020901978717492854
1,1,0.11682585773574532,0.8818747316962451,0.0012994105680096807
1,0,0.5971566875051708,0.4024582214690566,0.00038509102577265387
1,1,0.10778589082459974,0.884666173618799,0.007547935556601425
1,1,0.42007704376118754,0.5791365493615616,0.0007864068772509477
0,0,0.5598641396061629,0.43907490532412763,0.0010609550697095807
1,1,0.03079631285951688,0.8454877283357701,0.12371595880471292
0,0,0.983747171845734,0.01610437449465048,0.0001484536596155592
0,0,0.8662934828721629,0.1336096567877101,9.686034012718358e-05
0,1,0.30826394484444136,0.6887725774617885,0.0029634776937701194
0,0,0.9421270837093664,0.05707412080416284,0.0007987954864708886
1,1,0.06602070845571187,0.870557098277494,0.06342219326679423
0,1,0.24108513537923545,0.7563917419254924,0.0025231226952721697
0,0,0.5994834102649103,0.39661222970588594,0.003904360029203761
1,1,0.22273541499919094,0.7755226819019458,0.0017419030988632016
1,1,0.2139376834997396,0.7823114318512826,0.0037508846489777074
1,1,0.18535037634260754,0.8108389751457908,0.003810648511601712
1,1,0.11627483764655422,0.8817147365107012,0.002010425842744542
0,1,0.30116790862728615,0.6938359437996393,0.004996147573074502
1,1,0.13411601825252067,0.8634889651126211,0.002395016634858298
1,1,0.26194368986148336,0.7373896522373163,0.0006666579012003487
2,2,0.0001078328401781451,0.09040316339758568,0.9094890037622363
0,0,0.7016565063184046,0.2981111984963445,0.00023229518525097774
1,1,0.49293190641965456,0.5067825902530464,0.00028550332729900804
1,1,0.06673159114231791,0.9301149586410776,0.003153450216604512
1,1,0.0488795082994775,0.9478204861781997,0.003300005522322672
0,0,0.7363105850490703,0.263127434772049,0.0005619801788807842
1,1,0.029572079125505694,0.9577572171939983,0.01267070368049594
1,1,0.17282719611967237,0.815800841457937,0.011371962422390828
1,1,0.14978612094848043,0.8468426246851289,0.003371254366390542
0,0,0.7130013734756665,0.2862643893930933,0.0007342371312403675
1,1,0.08670292427612762,0.9104176019927488,0.002879473731123539
1,1,0.18600848990935884,0.8127148876637391,0.0012766224269019255
0,0,0.5352296658891964,0.46424959514776803,0.0005207389630356003
2,2,3.932013861788988e-05,0.16762513217413322,0.8323355476872489
0,0,0.5296255864337488,0.46409429850286127,0.006280115063389972
1,1,0.26797771357288097,0.7255509750066993,0.006471311420419853
0,0,0.5556577170597926,0.44389381184528826,0.0004484710949190367
0,0,0.9985727243303381,0.0009088069930872206,0.0005184686765745828
1,1,0.12686311071791156,0.8704978661268116,0.0026390231552769357
0,1,0.11423081503940705,0.8839145971083731,0.0018545878522198943
0,0,0.5678610511967892,0.4315535261178463,0.0005854226853644647
0,0,0.9973544831796831,0.0016407934820817588,0.0010047233382352088
1,2,0.03017333821020918,0.4550508264253415,0.5147758353644494
0,1,0.040219613332690994,0.9542127610736134,0.005567625593695708
0,0,0.8656813215854866,0.13128454444240323,0.0030341339721101823
1,1,0.3374247391739216,0.6595639914945814,0.0030112693314969688
1,1,0.2269400365903889,0.7705118428245892,0.002548120585022004
1,1,0.3154246520062601,0.6815100988316042,0.0030652491621357978
1,1,0.07694985152289788,0.9202715481045943,0.002778600372507666
0,1,0.23738052663154624,0.7615683825478909,0.00105109082056285
0,1,0.31936401928526376,0.6789034339280896,0.0017325467866465532
1,1,0.032929199118009345,0.9624391599086303,0.004631640973360365
1,0,0.5422913236192793,0.4571602993773393,0.0005483770033813021
1,1,0.45458579799891274,0.5443927793291644,0.0010214226719228853
1,1,0.3337957934865583,0.6641710751213566,0.0020331313920850915
0,1,0.4308863252839576,0.5617237836911546,0.007389891024887852
1,1,0.14412298039102434,0.8494192145899206,0.006457805019055062
0,1,0.24268154902874714,0.7543910444148666,0.0029274065563862648
0,0,0.7030456849859081,0.29677030170703883,0.00018401330705308547
1,1,0.1679452471736797,0.829954853512475,0.0020998993138453058
0,0,0.6866202670982113,0.31319130897093156,0.00018842393085715032
1,1,0.38120150842603023,0.6178584775640735,0.0009400140098962084
1,1,0.2159965242419684,0.7804541070917987,0.003549368666232906
1,0,0.6998020078670841,0.29949403788970547,0.0007039542432103206
1,2,0.000793695529476816,0.22911454248859567,0.7700917619819275
0,0,0.6760438697820202,0.32339773736178196,0.0005583928561978596
0,0,0.5948867473397156,0.40461389987686075,0.0004993527834236028
1,1,0.27145522357199414,0.7277492525245605,0.0007955239034454219
0,0,0.5222196411642696,0.4726807679651696,0.005099590870560834
0,0,0.6785864335193158,0.3211983326107698,0.00021523386991439335
0,1,0.4864974950238286,0.5127993192619784,0.0007031857141928657
1,2,2.5977159309668087e-05,0.0989189945713743,0.901055028269316
2,2,2.9529762281650127e-06,0.010533047972721575,0.9894639990510502
0,0,0.9708842547575876,0.0289189153269867,0.00019682991542587056
0,1,0.4216096713527668,0.5770534339212973,0.0013368947259360068
1,1,0.16486408753918677,0.83223783156983,0.0028980808909830663
1,1,0.38198689123183655,0.615647658670533,0.0023654500976305307
1,1,0.1227203024145171,0.8755517708751724,0.0017279267103105012
0,0,0.6454844024411953,0.35338416929025135,0.001131428268553395
1,1,0.04014264846383254,0.8590266776019966,0.10083067393417096
1,1,0.30855673002705686,0.688957109352404,0.002486160620539163
1,0,0.6583160801184081,0.34140448129228196,0.00027943858930972224
1,1,0.09283377666044267,0.8661772450173916,0.040988978322165824
0,0,0.8910842195560389,0.10880524537819526,0.00011053506576580675
0,1,0.45432083399786233,0.5424780301767422,0.0032011358253953414
1,1,0.1181561006065367,0.876894485197104,0.004949414196359246
1,1,0.03676739814231999,0.9534907194716189,0.009741882386061022
0,1,0.3553101518145382,0.6437686047852146,0.0009212434002471565
1,1,0.39128266823024926,0.6070915539419273,0.0016257778278234293
0,1,0.09394193879113735,0.9032002512440547,0.0028578099648081203
1,0,0.8989058834508395,0.10096932934056839,0.00012478720859213026
1,1,0.38884696425664356,0.6093145475000747,0.0018384882432816688
1,1,0.04267898011395231,0.9536896119457239,0.0036314079403238298
2,2,2.25621021759482e-05,0.11641899061100673,0.8835584472868173
1,0,0.9106337523412138,0.08920125544015399,0.0001649922186320981
0,0,0.8998410855621578,0.10013261545910719,2.6298978735060108e-05
1,0,0.8065621999897781,0.19313021041899464,0.0003075895912273087
0,0,0.8315092272233173,0.16842561696886083,6.51558078217557e-05
1,1,0.14752098658221505,0.8492942804050009,0.0031847330127840784
0,0,0.6549058363027492,0.34487059758756755,0.0002235661096831682
0,1,0.4848268245146938,0.5143992486181862,0.0007739268671199274
1,1,0.02090748046030778,0.8066505185841429,0.1724420009555494
0,0,0.6062401147508412,0.3917279686458447,0.0020319166033141507
0,0,0.6006579131621497,0.3987732263172412,0.0005688605206089429
0,1,0.414085327212926,0.5851875675563495,0.0007271052307245887
1,0,0.5662433572072029,0.43304264731190834,0.000713995480888882
0,0,0.9368406955028435,0.06305868046907744,0.00010062402807917836
0,0,0.6952147285483244,0.30468392115402504,0.00010135029765057622
0,1,0.3814707571750196,0.6177450709099446,0.0007841719150358504
0,0,0.8881309600277293,0.1118323948001621,3.664517210863146e-05
2,2,0.00015442115020915424,0.07233884741026869,0.9275067314395221
1,1,0.13108183228161693,0.8676828761704195,0.001235291547963704
0,1,0.23127660724907778,0.7671147806497858,0.001608612101136559
1,0,0.7481161155375469,0.25108408607951066,0.0007997983829422991
1,1,0.034502888716032326,0.8440423077534658,0.12145480353050189
1,1,0.1257540385799302,0.8680789038395063,0.006167057580563418
0,0,0.7482090090341228,0.25152042002017827,0.0002705709456990675
1,1,0.26625268343744407,0.7304067492163138,0.0033405673462421634
0,0,0.633327431016968,0.366398262700392,0.00027430628264011095
1,1,0.2450940584652976,0.7516713183454846,0.003234623189217709
0,0,0.5633157296308777,0.43393833020696176,0.002745940162160671
1,1,0.48928673553413976,0.5045375579658614,0.00617570649999885
0,0,0.8374587382475998,0.1616615282883753,0.0008797334640250835
1,1,0.26496541347411884,0.7309109488633196,0.0041236376625615615
1,0,0.7284861815796192,0.2713801155353936,0.0001337028849871157
0,0,0.9449536941540556,0.054820495257564765,0.00022581058837961525
1,0,0.8778361120566335,0.12201658106267803,0.00014730688068845724
1,0,0.5906219721316561,0.4088911457963293,0.00048688207201450493
0,0,0.6204915641188586,0.37884226209853666,0.0006661737826046919
0,1,0.3363900518780175,0.661814709404653,0.0017952387173296616
1,1,0.38321356400706863,0.6118103970571864,0.00497603893574482
0,0,0.7793876728999294,0.22044621835076877,0.00016610874930188642
1,1,0.041616945139742,0.9492591459576294,0.009123908902628458
1,1,0.017756695619515633,0.9738514608264116,0.00839184355407265
2,2,0.00013360773843989137,0.11910523363133069,0.8807611586302294
2,2,5.5391280199177654e-05,0.05486641960439759,0.9450781891154032
0,0,0.829106041689266,0.17081240712964968,8.155118108425242e-05
0,0,0.769831399683935,0.2294149190913718,0.0007536812246932095
1,1,0.07344480570948339,0.923686202686437,0.0028689916040796574
1,0,0.7771523338585824,0.2209659053284649,0.0018817608129526762
0,0,0.7240139852301524,0.2755738207225406,0.00041219404730700017
0,0,0.9600664764681247,0.039621006085444534,0.00031251744643091085
1,1,0.08643978638030285,0.9103445411214206,0.0032156724982764645
1,1,0.18960040952661852,0.8066417950790984,0.00375779539428297
1,1,0.10934577541229924,0.8825507553559319,0.008103469231768917
1,1,0.481845186871917,0.5166419103155973,0.0015129028124857278
0,0,0.769035029501865,0.23083043185584504,0.0001345386422900404
1,1,0.44733032320693905,0.5519589604621931,0.0007107163308679237
0,0,0.924154762469356,0.07537988399710122,0.00046535353354279285
1,1,0.06939621608645628,0.9241259959647361,0.006477787948807654
0,0,0.646900552630007,0.3527161855072935,0.00038326186269945693
1,0,0.7226641706708535,0.2736717953202458,0.0036640340089006494
0,0,0.8099404919560617,0.18984699217700082,0.00021251586693740173
1,1,0.05884171752222961,0.9361218100492192,0.0050364724285512415
0,0,0.6174750578644034,0.38126512241466987,0.0012598197209267332
1,1,0.34332859876609806,0.6562333540423178,0.0004380471915840934
1,1,0.17575968943073766,0.8181905582063373,0.0060497523629249594
0,0,0.5638996081304563,0.4357660518398968,0.0003343400296469018
1,1,0.1118806045659728,0.8821900142420378,0.0059293811919895875
0,1,0.2441490855303713,0.7527880904211093,0.0030628240485194554
1,1,0.009579740737456207,0.8479522202892519,0.14246803897329188
1,1,0.2517906869319953,0.7466064311297609,0.001602881938243776
0,0,0.9641855389489647,0.03579627063307426,1.8190417961037616e-05
0,1,0.1525952912421855,0.8452142989430252,0.0021904098147891376
0,0,0.5408046982929394,0.45411793658758226,0.005077365119478411
0,1,0.34426989098757027,0.6522766966123889,0.003453412400040797
0,1,0.44548658384902595,0.5542951277930739,0.00021828835790020513
1,1,0.2254497750344841,0.7707750856637513,0.003775139301764581
0,0,0.8331831885111338,0.16649209764888176,0.00032471383998436605
0,1,0.2522556626948897,0.7413980227880178,0.006346314517092457
1,1,0.10543316482262982,0.8494584011648567,0.04510843401251345
1,1,0.10159283303215512,0.8960663850377362,0.0023407819301086027
1,1,0.07323400288750857,0.9210998378994568,0.005666159213034556
0,1,0.30170932737140543,0.6966877632013738,0.001602909427220737
1,1,0.03691211476470389,0.8529997419959942,0.11008814323930205
0,0,0.7336789201846551,0.2657104360991702,0.0006106437161746808
1,1,0.16015655713292246,0.8359824779247257,0.0038609649423518994
1,1,0.1797900143776801,0.8176532131877944,0.0025567724345255506
1,0,0.5195230621005459,0.4800233731335698,0.00045356476588418756
1,1,0.01845357862394628,0.972963329035308,0.008583092340745738
1,1,0.43470653172810314,0.5635585186100073,0.0017349496618896858
0,0,0.8047275112943754,0.19486022735126174,0.00041226135436282655
1,1,0.21923271698681138,0.7794865110168365,0.0012807719963520887
1,1,0.02901248106974928,0.9657413785784923,0.005246140351758511
1,1,0.04559272983942155,0.9411325290795644,0.01327474108101413
0,0,0.7489159423388495,0.2509700319345815,0.00011402572656907282
1,1,0.46675172616613353,0.5328972785173001,0.0003509953165664651
1,1,0.03772045925729755,0.8626423193798026,0.0996372213628997
0,0,0.8143524879253854,0.18546754467328438,0.0001799674013301273
1,1,0.1553713247334897,0.839316366373465,0.0053123088930453356
0,0,0.7182411826409434,0.2806537637546026,0.00110505360445404
1,1,0.04387956319988407,0.8268448938202937,0.12927554297982216
0,0,0.5897717010831436,0.4096822312482003,0.0005460676686560279
0,1,0.10723301626172464,0.8908384105375052,0.0019285732007700645
0,0,0.6260786770526962,0.3708129057925137,0.0031084171547901053
0,0,0.8484543691406105,0.1447387737209269,0.006806857138462446
0,0,0.8995146266451508,0.10031314586211953,0.00017222749272969052
0,0,0.6725212464972871,0.32715747712212107,0.00032127638059190977
1,1,0.39114113037522247,0.6080257744842172,0.0008330951405603625
1,1,0.16506906135549312,0.830571258443039,0.004359680201467823
1,0,0.6685490905710993,0.33065622894086105,0.0007946804880396731
0,0,0.9717387040619062,0.02817418490112085,8.711103697307406e-05
0,0,0.8484120008309388,0.15130254662712844,0.0002854525419325894
1,1,0.25761644121579147,0.7370827673097012,0.005300791474507249
1,1,0.04307483904508892,0.8940487529362487,0.06287640801866227
1,1,0.15404684497831708,0.8171991842052273,0.028753970816455584
0,0,0.785690781916313,0.21393498685289392,0.00037423123079305116
0,0,0.9304329817646161,0.06939407770947323,0.00017294052591071223
0,0,0.9065187527829813,0.09332116097317844,0.0001600862438402253
0,0,0.566882395822476,0.4318220517528282,0.0012955524246957124
1,1,0.026434536604530174,0.9652967681266954,0.008268695268774462
1,1,0.16459581639449028,0.8314196520655559,0.00398453153995386
0,0,0.5521501845067912,0.4468130871333696,0.0010367283598392337
0,0,0.8176889400315251,0.18022194730630645,0.002089112662168238
1,1,0.08301640291265576,0.6013260331952258,0.31565756389211846
0,1,0.3930855585867429,0.6030111768222319,0.003903264591025329
0,0,0.9325819882949569,0.06697170618864624,0.0004463055163969078
1,1,0.36452686143626317,0.6342257632764777,0.0012473752872590171
1,1,0.1858493358362589,0.8129876803540267,0.0011629838097143865
1,1,0.011654257357606907,0.9790330672435327,0.009312675398860366
1,1,0.3609418302444972,0.63659121116254,0.0024669585929628056
1,1,0.13842481269818066,0.8561270468703958,0.005448140431423721
1,0,0.7355166371234768,0.2638995258039015,0.00058383707262166
1,1,0.022688909127636648,0.9652632262437152,0.01204786462864807
0,0,0.8313665488988448,0.16842886988616354,0.00020458121499176206
0,1,0.4166193689709683,0.5690481116527832,0.014332519376248439
1,1,0.26799288991208525,0.7295759885918431,0.0024311214960716834
1,1,0.27983105266845304,0.7184598165768166,0.0017091307547304033
0,0,0.7505642597458361,0.24858295371124042,0.0008527865429234764
1,1,0.13663690633357709,0.8584819781750604,0.004881115491362343
1,1,0.06013968595466381,0.8658014635685196,0.07405885047681665
1,1,0.2312469912745896,0.7599880531799958,0.008764955545414626
1,0,0.5553355515343152,0.4436958746815055,0.0009685737841792407
0,0,0.9712351756873973,0.02863142612802653,0.0001333981845761673
1,1,0.21973947563178542,0.7784883963713466,0.0017721279968679502
1,1,0.31104294292559775,0.6865046273698618,0.002452429704540443
1,1,0.26243536483547253,0.7360382176736612,0.0015264174908662142
0,0,0.7273452512313789,0.27251076501981786,0.0001439837488031905
1,1,0.05573776366870579,0.9402346156357025,0.0040276206955915436
0,0,0.7588940856386581,0.24091758553737053,0.00018832882397139006
1,0,0.7948651820646088,0.20504558954593968,8.922838945147234e-05
1,1,0.26549704717387107,0.7301351135961639,0.0043678392299649794
1,1,0.1483172436193264,0.8499640478896412,0.0017187084910322416
1,1,0.2267076524816178,0.7144254656254563,0.058866881892925896
1,1,0.2159034745206376,0.7791939248006784,0.004902600678683993
0,0,0.8706916514280052,0.12906663814924554,0.0002417104227493478
0,0,0.8702990973566563,0.12962809269924855,7.280994409500904e-05
1,0,0.6629438988708923,0.33667320254135896,0.00038289858774875684
0,1,0.2715131535415722,0.7263916621400088,0.0020951843184189326
0,0,0.864000018081243,0.13575892202786058,0.0002410598908963618
0,0,0.6066203218357297,0.3930239774235582,0.0003557007407120616
0,1,0.14461181458717862,0.7969089899866321,0.058479195426189276
1,1,0.38544007116557144,0.6134018307137908,0.0011580981206377608
1,1,0.03041035091203465,0.9651725184749497,0.0044171306130155975
0,1,0.16842936109256934,0.8288850606425239,0.002685578264906653
1,1,0.08775202303444289,0.8691110057986986,0.04313697116685835
0,1,0.16834344324740905,0.8297645377254476,0.0018920190271433791
1,1,0.4345212087709258,0.5624826808969926,0.0029961103320816068
0,0,0.6082815135730951,0.39093994153962824,0.0007785448872766628
0,0,0.5022219911997319,0.4974735627119276,0.00030444608834042454
0,0,0.9168453311071701,0.08303307513759352,0.00012159375523649141
1,1,0.10116461862365766,0.8967605698678919,0.0020748115084504733
0,0,0.9800579966152114,0.01987558005391027,6.642333087830052e-05
1,1,0.08392022883078004,0.9078111375083188,0.008268633660901128
0,0,0.8144642873111964,0.18474190863206802,0.0007938040567356452
0,0,0.6987833744539508,0.30023963753888144,0.000976988007167726
0,0,0.7280467428225914,0.27118696931467606,0.000766287862732487
1,1,0.16572864712603103,0.831786497923844,0.002484854950124844
0,1,0.4004037480442556,0.5991301387846604,0.0004661131710840094
2,2,0.00014660873561978593,0.2436725405520061,0.7561808507123741
1,0,0.8171491192482722,0.18246073212659128,0.00039014862513657786
0,1,0.021484722832005768,0.8563529241311675,0.12216235303682671
0,0,0.6744469042731448,0.3248000916464553,0.0007530040803998514
0,1,0.323614805959453,0.6728998536896564,0.0034853403508906225
1,1,0.1725770152933074,0.7900469570292247,0.037376027677467845
0,0,0.712538221364164,0.28724730921541103,0.0002144694204249347
0,0,0.8663810622099443,0.1318374316985648,0.001781506091490895
1,1,0.037405441756450775,0.9593620353757111,0.003232522867838096
0,0,0.5302560644528557,0.46934112998842314,0.00040280555872121123
1,1,0.10290652415613058,0.8943326587432227,0.002760817100646882
1,1,0.2707083895478905,0.7281844434124329,0.0011071670396766463
1,1,0.1496272441878005,0.8455117131992507,0.00486104261294879
1,1,0.08985430034431936,0.9000838401996497,0.010061859456030983
0,1,0.48886357499644484,0.5097702734968201,0.0013661515067350293
2,2,0.0011818547118477292,0.08363822469793471,0.9151799205902176
0,0,0.6740713050150664,0.3256112793451727,0.00031741563976100045
2,2,0.0014393747600190488,0.13079116085164685,0.867769464388334
1,1,0.11728772136032,0.8808342235888321,0.0018780550508478674
1,1,0.35520321922293774,0.6436355422181805,0.0011612385588817978
1,0,0.7208107698123941,0.2790056365936279,0.00018359359397783135
0,0,0.5314724930122814,0.4674793189455652,0.0010481880421533783
1,1,0.029173609486701294,0.5265038129382276,0.44432257757507115
1,1,0.22607758942679534,0.767740195242554,0.006182215330650655
0,0,0.9479046297064951,0.05205876541597946,3.6604877525316264e-05
0,0,0.6999354869265604,0.2989533247589391,0.001111188314500401
0,1,0.4022390236285694,0.5968056557939435,0.0009553205774871316
1,1,0.06738036079362393,0.9294855657846712,0.0031340734217050158
0,1,0.31575443573609197,0.6834181242996644,0.0008274399642435668
1,1,0.4274129090570221,0.5709504231889518,0.001636667754025967
0,0,0.6282822169385027,0.3713272839963367,0.00039049906516053435
1,1,0.2427465588018418,0.7502928482498876,0.006960592948270606
0,0,0.7836792799432928,0.21540269224547004,0.0009180278112371088
0,0,0.9856325650749239,0.01433296639696597,3.446852811005972e-05
1,2,6.492290942528501e-05,0.057774358892579696,0.9421607181979951
1,1,0.08362834687922512,0.49962794241673203,0.4167437107040428
0,0,0.8027497679261598,0.19717154427139705,7.86878024430704e-05
0,0,0.9472015547378548,0.052455033291520854,0.00034341197062426505
1,1,0.018063021990984182,0.9763438309070629,0.005593147101952788
1,0,0.6193467880165726,0.37929144638655143,0.0013617655968759985
0,1,0.1200975629286005,0.8786746787799531,0.0012277582914464872
1,1,0.26472668302363633,0.7333170540467133,0.001956262929650257
1,1,0.25682589765167346,0.7407183104848927,0.0024557918634339816
1,1,0.2797027993076966,0.718136901328819,0.0021602993634842285
1,1,0.098742923958249,0.8979585633473371,0.0032985126944139586
1,1,0.43208058719896336,0.5673831253939888,0.0005362874070478069
1,1,0.4996180407687592,0.49992145403410576,0.00046050519713487456
1,1,0.1192901674304725,0.8760720439331549,0.004637788636372608
0,1,0.49247735406288673,0.5070151554313581,0.0005074905057552806
1,1,0.15558439320267423,0.8432093529740706,0.001206253823255083
1,1,0.23567700031861405,0.7627317937884421,0.0015912058929438832
0,0,0.5677151197698576,0.4314994597997889,0.0007854204303534589
0,1,0.369980534007659,0.6290456067150605,0.000973859277280386
1,1,0.11306359911921082,0.8836663415441621,0.0032700593366270683
0,1,0.04838000161567355,0.9484123712844025,0.003207627099923996
1,1,0.32471590864137495,0.6740899837692068,0.0011941075894180916
1,1,0.4343848380819077,0.5649053913670579,0.0007097705510344468
1,1,0.2843769194450281,0.7114844442118199,0.004138636343151995
1,1,0.2659480752249828,0.732398727766671,0.0016531970083461314
1,0,0.6415406439373535,0.3576889247075755,0.0007704313550708201
0,0,0.845650951315777,0.15416825291822692,0.00018079576599611298
1,0,0.5033878379762028,0.49400839923287077,0.0026037627909264913
1,1,0.1925955639822134,0.8055338978659795,0.0018705381518069775
0,0,0.8853540225265522,0.11330459267900077,0.001341384794447056
1,0,0.5909749298697133,0.40866902506261576,0.00035604506767098046
0,0,0.7318016690946637,0.26724155426531687,0.000956776640019413
1,1,0.46728776400533034,0.5323664900635166,0.0003457459311531616
0,1,0.3042735677875188,0.6929930772539639,0.002733354958517283
1,1,0.14887385124623476,0.8507588173703926,0.0003673313833725007
1,1,0.16722424231887703,0.8284258555470972,0.004349902134025638
1,1,0.08862637882274048,0.9089125853146689,0.002461035862590762
0,0,0.7720761349981955,0.2273725827515058,0.0005512822502986824
0,1,0.38979539720858003,0.6092341012219449,0.0009705015694750902
1,0,0.9264351538482567,0.07171658923058952,0.0018482569211539072
1,1,0.27487635798558213,0.7222722999804745,0.0028513420339435053
0,0,0.7031749076492618,0.2965527608612335,0.00027233148950460184
1,1,0.14601209262309633,0.848095151566342,0.005892755810561634
1,1,0.13336340862561863,0.8648105551703329,0.0018260362040484915
1,1,0.0340620858545036,0.962519422713012,0.0034184914324843544
1,1,0.054524558350037076,0.9346871745362101,0.010788267113752683
0,0,0.7841093695074901,0.21525626630590425,0.0006343641866057406
1,1,0.3115635771766157,0.6852377019081011,0.0031987209152832064
1,1,0.22133832446040677,0.7773411639110758,0.0013205116285174763
1,1,0.05955527010453489,0.938151200075137,0.0022935298203281785
0,0,0.7902088033415988,0.20943460899700164,0.0003565876613994975
1,1,0.16254201672855345,0.8362111143812434,0.0012468688902032884
0,1,0.24047081171531895,0.7587109381789351,0.0008182501057459375
1,0,0.641782968461838,0.35652704511508543,0.0016899864230766127
1,0,0.9209785757907059,0.07850398037844342,0.0005174438308506898
1,0,0.8826729879310116,0.11692352222575346,0.00040348984323494507
1,1,0.26511799637673505,0.7317644854789498,0.003117518144314952
0,1,0.09426496257158354,0.9045571215727871,0.0011779158556293253
1,0,0.6337184480331497,0.3647642022340885,0.0015173497327617342
1,1,0.05444779760939814,0.9430738551385984,0.002478347252003551
1,0,0.6991457968055376,0.30057968082714903,0.00027452236731329043
1,1,0.2998571962619407,0.6960437396260862,0.004099064111973189
1,1,0.05897017707577141,0.938798331048797,0.002231491875431603
0,0,0.7164444285050582,0.2825408471852617,0.001014724309680242
0,0,0.5528537198202331,0.4468532699968709,0.00029301018289590585
0,0,0.6742294534877175,0.32559809910590237,0.00017244740638013316
0,0,0.5727342663082369,0.42600304666483463,0.001262687026928545
2,2,0.0006816006663328415,0.08566885139777199,0.9136495479358951
1,1,0.29940550356433143,0.6984272492765807,0.002167247159087878
1,1,0.2504326954909777,0.747272742799141,0.0022945617098812433
1,1,0.02344574668447101,0.9621386847473312,0.014415568568197708
0,0,0.7854550875718882,0.2143375365897378,0.00020737583837403105
1,1,0.05515511062778262,0.8378078961323848,0.10703699323983239
0,0,0.8610952744557285,0.13876502454810363,0.00013970099616786972
1,1,0.1254684760656171,0.8729624712878888,0.0015690526464942308
1,1,0.08739880880091194,0.9108269413774417,0.0017742498216462904
0,1,0.47609531246508247,0.52332210212096,0.0005825854139575146
2,2,0.0017676845996523226,0.11174556087544733,0.8864867545249003
1,1,0.013201508201032365,0.9822868894243945,0.004511602374573269
0,1,0.3876981841028362,0.6085351563529372,0.003766659544226581
1,1,0.08733106979191875,0.9105656259264906,0.002103304281590778
1,1,0.061028425514510376,0.8592796764828982,0.07969189800259144
1,1,0.26685935972706437,0.7320858275273654,0.0010548127455703342
1,0,0.526999675906718,0.47257735086298747,0.0004229732302944634
0,0,0.6482660034987652,0.3500786491358621,0.0016553473653726236
0,0,0.7640583046011777,0.23553725109862625,0.00040444430019608214
1,1,0.32595203838915626,0.673043219786417,0.0010047418244268802
0,1,0.10270923720185345,0.8878447853411859,0.00944597745696061
1,1,0.19776224256838157,0.7987550442563515,0.0034827131752669625
2,2,0.0006077520658943734,0.3905780800007524,0.6088141679333532
2,2,1.4999004086540784e-05,0.07192930811751251,0.928055692878401
0,1,0.05635716347777887,0.8822630780624343,0.06137975845978688
1,1,0.43371545930063365,0.5659681784367663,0.00031636226260013916
1,1,0.37752733405554956,0.6207050534351801,0.0017676125092704184
1,1,0.07703342111025666,0.9171954445539525,0.005771134335790752
1,1,0.04976312688837586,0.9081504729012471,0.042086400210377066
0,0,0.816731942325307,0.18306073480667784,0.00020732286801519107
2,2,0.0016423199303098558,0.1308764661370509,0.8674812139326391
1,1,0.3987883555912119,0.6000167135185814,0.0011949308902067875
1,1,0.2738839016241965,0.7248535367217567,0.0012625616540467097
1,1,0.1351725335103279,0.8597547587165953,0.005072707773076734
0,0,0.7477326829082527,0.25220978849714565,5.752859460165074e-05
1,2,0.0003449146533411803,0.19657075529173226,0.8030843300549265
0,0,0.8692977872687596,0.13045895900348742,0.00024325372775283304
0,0,0.8610518803916599,0.1388480320203823,0.00010008758795776797
1,1,0.0494381265412272,0.9471101698776337,0.0034517035811390284
1,1,0.1003359763640697,0.896442017084133,0.0032220065517973976
0,0,0.9105420829609867,0.0889980281806149,0.0004598888583982805
1,1,0.10535543615882102,0.8809425316165028,0.01370203222467625
0,0,0.7912134026197477,0.20182636185932137,0.006960235520930803
0,1,0.2572082450029529,0.7411480585551373,0.0016436964419097528
1,1,0.0943148952372097,0.9018503939381941,0.0038347108245961443
1,1,0.13063923171898453,0.8636773428292948,0.005683425451720788
0,1,0.1973046989154604,0.8013449319978836,0.0013503690866559415
0,0,0.6473144091902263,0.351279577917554,0.001406012892219688
1,1,0.3001923948367502,0.6989763391108953,0.0008312660523545192
0,0,0.604678686151758,0.3945376555294475,0.000783658318794594
1,1,0.31222044640632146,0.6445198990624703,0.04325965453120837
1,1,0.27022950860518014,0.7287726795811204,0.0009978118136994714
0,0,0.8103046662680503,0.18891921442649656,0.0007761193054532768
1,1,0.48516456497538135,0.5138862468691732,0.0009491881554455377
2,2,0.0028939352937206496,0.31039562574972074,0.6867104389565586
1,1,0.3196558306770009,0.6791718772160374,0.0011722921069616938
1,1,0.17778534963674048,0.8192598805569011,0.0029547698063582158
1,1,0.49076530007327696,0.5084979223806877,0.0007367775460353058
2,2,0.0026484971237513556,0.2644629643416597,0.7328885385345889
1,1,0.020081902173918417,0.974053938348058,0.005864159478023646
0,1,0.4489623627407453,0.5501573297022668,0.0008803075569878051
1,1,0.11068674020459089,0.883456881451616,0.005856378343793135
1,1,0.09790160331411236,0.8393941215896764,0.06270427509621111
1,0,0.5498813197102873,0.4441108679350241,0.006007812354688716
1,1,0.17951558182943703,0.8181878922232069,0.0022965259473561013
0,0,0.9127091060280155,0.08697560724526417,0.0003152867267202016
0,1,0.4788905101557907,0.519866734266219,0.0012427555779903111
1,1,0.04058389142910561,0.8796549673480457,0.07976114122284864
0,0,0.6622381540166936,0.3352119005502313,0.0025499454330749818
1,1,0.02147199320062551,0.9732401466912863,0.00528786010808818
2,1,0.004020949920320342,0.8142517308762367,0.1817273192034429
0,0,0.8467915386010493,0.15302087690935604,0.00018758448959467966
0,0,0.7825481894960775,0.21681010581241425,0.0006417046915080718
1,1,0.03673779880353817,0.9553853045084153,0.007876896688046536
0,0,0.5359235020543536,0.4638512028015091,0.00022529514413731526
1,1,0.18739112762376192,0.8092214712621711,0.0033874011140669087
0,1,0.3297784981372463,0.6686998991887795,0.0015216026739742613
1,1,0.3740351527358168,0.6233215358705558,0.0026433113936273826
0,0,0.68237700707641,0.31702498314011635,0.000598009783473724
1,1,0.11573486051432777,0.8821076706346862,0.0021574688509859888
1,1,0.19588853700156963,0.8030731945921575,0.001038268406272895
0,0,0.5195810235732972,0.479834764351788,0.0005842120749147421
2,2,5.07816883448577e-06,0.016627055584863607,0.9833678662463019
1,0,0.9273054839250198,0.07220743490398783,0.0004870811709923229
0,0,0.6555837584800963,0.3441508190853176,0.00026542243458603623
0,0,0.9020097913093561,0.09792119843963533,6.901025100858869e-05
1,0,0.5514580987741395,0.4482555703217637,0.0002863309040966835
0,0,0.5866746816877138,0.41241737160509684,0.0009079467071894191
1,0,0.5830505895641274,0.41506623204800386,0.001883178387868902
0,0,0.827023337042838,0.17271539449385181,0.0002612684633101383
0,0,0.6479131728265919,0.35138967703550344,0.0006971501379045738
0,1,0.15697612316044646,0.8413112237457888,0.0017126530937646165
0,0,0.530977912541464,0.4684788358318722,0.0005432516266638193
1,0,0.777725213371576,0.22182245756552438,0.00045232906289981915
1,1,0.09605630317518223,0.9019866312931532,0.001957065531664709
0,0,0.7378876886344904,0.2617671523817149,0.0003451589837947554
1,1,0.18334284080586244,0.8087532958456934,0.007903863348444184
1,1,0.33463264022301525,0.6640129313687749,0.001354428408209794
1,2,0.011183356746359643,0.45935329025269755,0.5294633530009428
0,0,0.9514721884517232,0.04812824515897458,0.0003995663893021154
1,1,0.017445438166796154,0.9500205976969089,0.032533964136294835
1,0,0.6580343076325956,0.34086406001668323,0.0011016323507210836
1,1,0.22508531162081652,0.7715925068442177,0.0033221815349657098
1,1,0.1127981339705857,0.8357887508234106,0.05141311520600351
0,0,0.5263167093370476,0.4734154369155304,0.0002678537474220236
1,1,0.21356551305906715,0.7823240778798731,0.004110409061059577
1,1,0.03480852603849904,0.9606260512791389,0.004565422682361968
0,1,0.49582358941334603,0.5039016024499742,0.0002748081366798844
0,1,0.2468812086170996,0.7510515813041113,0.002067210078789107
0,1,0.4795453098642553,0.5195470073051287,0.000907682830615959
0,0,0.6863216352260897,0.3133552523488264,0.0003231124250839567
1,2,0.00939036508462947,0.3395446062390956,0.6510650286762748
1,1,0.015256487838801744,0.9732626590648641,0.01148085309633424
0,0,0.8295074760447639,0.1700360650281158,0.0004564589271201222
1,0,0.9258285920881725,0.07401422444112743,0.00015718347070012748
1,1,0.3661990179199455,0.6326249849011838,0.0011759971788707188
0,0,0.926729263594299,0.07272828515778132,0.0005424512479197582
0,0,0.5593964149160093,0.43951303515038287,0.0010905499336077273
1,1,0.17252385776321266,0.8218522146426634,0.005623927594123963
0,1,0.36505945563292613,0.6332530457780038,0.001687498589070083
0,1,0.346263764986641,0.649750754694826,0.003985480318532951
0,0,0.8265609145444479,0.17258093974182717,0.000858145713724795
0,0,0.9097483236398047,0.08957730615304665,0.0006743702071486169
0,0,0.9690277291452497,0.030919293183462895,5.297767128745961e-05
1,1,0.0915880877863382,0.9063192971601592,0.002092615053502517
0,0,0.9185554278505983,0.08103754007389714,0.00040703207550454434
1,1,0.02567139501524479,0.9658793605181573,0.008449244466597845
0,0,0.6834767723745386,0.31623561304240577,0.00028761458305556704
2,2,2.033417967471669e-06,0.007640118419691876,0.9923578481623407
1,1,0.39882655516355203,0.6007257899137088,0.0004476549227390371
1,1,0.23498341220387625,0.7628921465146697,0.0021244412814540505
0,0,0.6255040841113514,0.3736150607474831,0.0008808551411654426
1,1,0.3027605359121395,0.6955692329195,0.001670231168360528
1,1,0.29751702023762594,0.7006129863072111,0.001869993455162948
2,2,5.059479467033636e-07,0.003049550602891128,0.9969499434491621
1,1,0.24502073719763506,0.7464963277296646,0.008482935072700376
0,0,0.8281175888554052,0.17180146069780758,8.09504467872661e-05
0,1,0.2813066191450654,0.71790430215717,0.0007890786977647489
1,1,0.2750264710646629,0.7223222773668629,0.002651251568474194
0,1,0.41246707188005144,0.5870943964645178,0.0004385316554307954
1,1,0.3150252557933518,0.6836437396430475,0.0013310045636007381
1,1,0.10032232857294457,0.8900351992591264,0.009642472167928995
1,0,0.500245845189816,0.4989965315669089,0.0007576232432751142
2,2,2.6516078632870172e-05,0.03651716330740968,0.9634563206139574
2,2,4.382302992374273e-05,0.044315059362662744,0.9556411176074135
1,0,0.8747405563285219,0.12517499890551226,8.444476596587752e-05
1,1,0.11134048838794523,0.8856238125631765,0.0030356990488783282
0,0,0.9995911720793347,0.0002924548598945686,0.00011637306077072623
1,0,0.7625166308569029,0.2373696532530111,0.00011371589008591977
0,0,0.5784870360018594,0.4209729024445196,0.0005400615536210267
1,1,0.026165087102101314,0.9657098867264382,0.008125026171460561
0,1,0.43075491623035145,0.568036485828276,0.001208597941372599
0,1,0.4108645859068617,0.5881322459558995,0.0010031681372387581
1,1,0.1559109077650595,0.8306256490144377,0.013463443220502799
1,1,0.035958551595405425,0.8404415689997604,0.12359987940483402
0,1,0.22570202238102618,0.7607305300504661,0.01356744756850765
1,0,0.9345934104432551,0.06480516722950892,0.0006014223272360967
0,1,0.433027663834755,0.5661820667475101,0.0007902694177349529
1,1,0.015818222888403167,0.9042231822081396,0.07995859490345739
1,1,0.020659007511674665,0.9753265318349651,0.004014460653360034
0,0,0.7878279935639974,0.211386008555423,0.0007859978805797248
0,0,0.7881481041962847,0.21167730275336372,0.00017459305035153535
1,1,0.12507758163390217,0.8305048666508144,0.0444175517152836
1,1,0.1597633005383546,0.8314956307359938,0.00874106872565177
1,1,0.4767223991256903,0.5181159969264053,0.005161603947904416
1,1,0.2377637810144677,0.7563000659351228,0.005936153050409576
1,1,0.11251633609271637,0.8858963171569602,0.001587346750323464
1,1,0.20153568991550344,0.7935453511562053,0.004918958928291307
0,0,0.7214538094727941,0.27815790234509935,0.00038828818210664143
1,1,0.04799579865977423,0.9259079302752241,0.026096271065001862
0,0,0.9132812338881555,0.08666650902550187,5.2257086342503396e-05
1,1,0.11188860666242427,0.8858402337215725,0.0022711596160031313
1,1,0.08178743922302799,0.9163877307566298,0.0018248300203422196
0,0,0.5439178746984843,0.4555574080618682,0.0005247172396475545
0,0,0.6551106087854698,0.3446505256368601,0.00023886557767008386
1,1,0.07620161712994107,0.9174317613356767,0.006366621534382194
1,1,0.2249273980978063,0.7713402307444113,0.003732371157782505
0,0,0.5340624601533316,0.4645529312840057,0.0013846085626626696
1,1,0.2738705293198213,0.7225699869317309,0.003559483748447774
1,1,0.1063005488101814,0.8913000671106949,0.002399384079123695
0,0,0.5862721435723834,0.4136031247595407,0.0001247316680758348
0,0,0.6639473545787162,0.33566193447822357,0.0003907109430602741
1,1,0.07378937755658524,0.9198997592768813,0.0063108631665335
1,1,0.12157247991843347,0.8726739469033955,0.0057535731781711286
1,1,0.17360306882374837,0.8229706283150622,0.003426302861189445
0,0,0.6229382496522842,0.37630881037855446,0.0007529399691612045
1,1,0.11264593321937992,0.6683874793752722,0.2189665874053479
1,1,0.16084564097404044,0.8370363995360098,0.0021179594899496546
0,0,0.6720596895107258,0.32758608312434173,0.00035422736493238177
1,1,0.2235955978166812,0.7744311497753971,0.0019732524079216474
0,0,0.8165226751495392,0.18311205117200965,0.0003652736784510365
0,1,0.2595425584420511,0.7340217294362735,0.006435712121675404
1,1,0.28006859477329915,0.7175535883129981,0.0023778169137026405
1,1,0.10747455287380477,0.8413412124908074,0.051184234635387876
0,1,0.3778951616963634,0.6206732305472498,0.001431607756386844
1,1,0.23531569641713468,0.760965036794703,0.0037192667881622765
1,1,0.05899900867888245,0.9366471727150101,0.004353818606107655
1,1,0.19985454977295602,0.7913926823168178,0.00875276791022627
1,1,0.11613195473972866,0.8817344419252597,0.002133603335011496
1,0,0.5030474923282696,0.4956073514212715,0.0013451562504588402
0,0,0.6927256917623402,0.30705979483649465,0.0002145134011650995
1,1,0.23275023387506535,0.7663443021616015,0.0009054639633330403
1,1,0.2374820265981297,0.7617424890466049,0.0007754843552653196
1,1,0.19094119632253187,0.8063450427407192,0.0027137609367490077
0,0,0.5194053031151673,0.4803668883902468,0.00022780849458594774
0,0,0.7348696702971379,0.2648398455603454,0.00029048414251661513
1,1,0.03837077617237969,0.9471185268548922,0.014510696972728122
1,1,0.11722507941695451,0.8810950977156208,0.0016798228674247354
1,1,0.2685098598577763,0.7268456082762048,0.004644531866018721
0,0,0.8052495503859476,0.19422950363230695,0.0005209459817456253
1,0,0.5122406511403632,0.48612424997963566,0.0016350988800011615
1,1,0.1467404977402332,0.8503589360845506,0.002900566175216019
1,1,0.18484425536001967,0.8132815793687612,0.0018741652712190402
1,1,0.03334014371798878,0.914534712868583,0.05212514341342807
1,1,0.10325276193220875,0.8923056812147624,0.00444155685302888
1,1,0.11456005126488024,0.8836174544934542,0.0018224942416655862
1,1,0.08764747023873833,0.8987639860309102,0.013588543730351474
1,0,0.6654786041903599,0.33425705866098127,0.0002643371486588444
1,1,0.09994480170677035,0.8893790912660262,0.010676107027203376
0,1,0.3534599679619971,0.6446474188660533,0.0018926131719497576
0,0,0.9993859888779667,0.0005492420747865154,6.476904724684336e-05
1,1,0.1578184713355339,0.8388871040752931,0.0032944245891731224
1,1,0.04170320272647557,0.9547957876620005,0.0035010096115239264
1,1,0.12045346767210525,0.8408454666730014,0.038701065654893216
0,1,0.4404534202352383,0.558404472836106,0.0011421069286557716
0,0,0.7431562719720435,0.25653997493413827,0.00030375309381822525
1,1,0.2004952429152285,0.7982880866493397,0.0012166704354318516
1,1,0.04894994892941768,0.7930165698425877,0.1580334812279946
0,0,0.9040821865865609,0.09434967913831775,0.0015681342751214563
1,1,0.49326295900440614,0.5056182736806563,0.0011187673149376208
0,0,0.8054350187335084,0.1942412406710478,0.00032374059544368415
0,0,0.6408841495206976,0.3584156767563769,0.0007001737229254555
1,1,0.03614116299007966,0.9598352843715361,0.0040235526383841855
2,2,0.0022560433659134524,0.21132496384515576,0.7864189927889308
1,1,0.3273703719295666,0.6705099302973976,0.00211969777303575
0,0,0.5240592266686466,0.4751645029201081,0.0007762704112452251
0,0,0.7946100059628304,0.20508144526635172,0.0003085487708178578
0,0,0.5179226544687845,0.4805967120698088,0.0014806334614066825
1,1,0.0235741957425871,0.9633133707127586,0.01311243354465422
1,1,0.23604130904851683,0.7627713643059129,0.0011873266455701536
1,1,0.41123203270025355,0.5881109018950771,0.0006570654046695018
0,0,0.7055505613863633,0.2936957332672517,0.0007537053463850147
1,1,0.05021934561724318,0.9463293689781909,0.0034512854045659833
0,0,0.8236527250225558,0.1761431296830617,0.0002041452943825834
0,0,0.9345546437743318,0.06540405116283046,4.1305062837643575e-05
1,2,0.010673099972178092,0.4125608614751196,0.5767660385527023
1,1,0.07803950223050043,0.9173351763870949,0.004625321382404654
1,1,0.44416305618037966,0.554945294671216,0.0008916491484044307
2,2,0.0006131530196114082,0.2499038324276261,0.7494830145527624
1,1,0.4356333368640613,0.5634426628409522,0.0009240002949864702
1,0,0.8567581997097263,0.14294213646678355,0.00029966382349020087
0,1,0.465335606100003,0.5323643147511327,0.0023000791488642274
0,1,0.287594950130987,0.7108681540424784,0.0015368958265346904
1,1,0.3058566171210959,0.6929506287342249,0.001192754144679182
0,0,0.5058066894905457,0.4874076701405056,0.006785640368948565
1,1,0.18704534550386656,0.8093420845179493,0.003612569978184206
1,0,0.6549386695738574,0.34445039876108663,0.0006109316650560649
1,1,0.04709883025623308,0.94902966163988,0.003871508103886988
1,0,0.6937121464778546,0.3061685604349132,0.00011929308723212514
1,1,0.04542947943686666,0.861883036110138,0.09268748445299543
2,2,0.0005313997570846687,0.08342674311664543,0.9160418571262698
1,1,0.12035934284427531,0.8775078561881553,0.00213280096756945
1,1,0.032937567308946376,0.8897461967424954,0.07731623594855802
1,1,0.13595902665097834,0.861776309139206,0.0022646642098155603
1,1,0.05090131742439603,0.9282116197607245,0.020887062814879377
0,1,0.04233899388421209,0.9544681701511902,0.003192835964597676
0,1,0.3355501363488098,0.6627130568297607,0.001736806821429631
1,0,0.6248063159402506,0.3742903246246206,0.0009033594351288692
0,0,0.760733724810506,0.2390121282775679,0.00025414691192612225
1,1,0.051144618833336875,0.9442731241599268,0.004582257006736207
1,1,0.037785954865686436,0.9584625064070095,0.003751538727304114
0,0,0.8441110313025276,0.1558281448856478,6.082381182444425e-05
1,2,0.015504588763651145,0.49211362452043006,0.492381786715919
0,0,0.8569796576714682,0.14295802908825694,6.231324027484621e-05
0,0,0.6138909699502013,0.38579731028621544,0.0003117197635832422
0,1,0.28451148520555797,0.7131023979661634,0.0023861168282787067
1,1,0.32599964377216034,0.6712121569700763,0.0027881992577633483
1,0,0.5310878317411842,0.4683193817198217,0.0005927865389940365
1,1,0.20768993667448474,0.7894114062783674,0.0028986570471477976
0,0,0.8979619759454063,0.1011443982734679,0.0008936257811258443
0,0,0.8164860535292742,0.18347895387592267,3.499259480307174e-05
1,1,0.34187429236600747,0.6559817112209471,0.002143996413045339
0,0,0.8039714653693668,0.1959371238726204,9.141075801285677e-05
1,1,0.4743413964012103,0.5253067248433642,0.0003518787554255384
0,0,0.9969167380234757,0.002198925138011842,0.0008843368385126169
1,1,0.06376140815665919,0.9338823503350902,0.0023562415082505426
0,0,0.7224085615631644,0.27738151685578083,0.000209921581054977
1,1,0.22397051437904417,0.7731411154923152,0.002888370128640634
0,0,0.9748139073813222,0.024987204324025885,0.00019888829465192855
1,1,0.15662572364226854,0.8378109866249204,0.005563289732811165
1,1,0.058205719062476555,0.9390268614121631,0.0027674195253603213
1,0,0.5818670352313154,0.4177124749235163,0.0004204898451682548
0,0,0.6148863280358637,0.3847854279145612,0.0003282440495750001
1,2,0.00011826462612399672,0.23384018907664722,0.7660415462972288
1,1,0.23587238892455029,0.7630915095399791,0.001036101535470665
0,1,0.2759314269027104,0.7213349376715116,0.0027336354257779774
0,0,0.8989739885715782,0.09679206164628151,0.004233949782140248
0,0,0.9449796355718966,0.05488408201912932,0.00013628240897425178
0,1,0.2772016464639225,0.7198029373875146,0.002995416148562905
0,1,0.039037071733490296,0.9566424426625902,0.004320485603919341
1,1,0.33159131708675493,0.6663701034984486,0.0020385794147964047
1,1,0.2612159811952842,0.7335368344685123,0.005247184336203625
1,1,0.09353047492388558,0.90505790232864,0.001411622747474462
0,1,0.052727026336478695,0.9429917333415757,0.0042812403219456415
0,0,0.5712651387329345,0.42848927282411176,0.0002455884429536277
1,1,0.11081253950234377,0.8614668758830293,0.027720584614627102
0,1,0.2028576214283026,0.7924300871022748,0.004712291469422528
0,0,0.6542265502653707,0.3453818871507371,0.0003915625838921777
1,0,0.561711940460284,0.4376960743571532,0.000591985182562763
1,2,0.001269378046757191,0.3817986257991427,0.6169319961541
0,0,0.6432055624890578,0.35643090282871837,0.00036353468222385677
0,1,0.3611179606475873,0.637701344484966,0.001180694867446721
0,0,0.8102141347564334,0.18937033510574353,0.0004155301378228976
1,1,0.07392280302080986,0.924313947410231,0.0017632495689591152
1,1,0.03771763042278589,0.9542470318173754,0.008035337759838883
1,1,0.46815571444176485,0.5301262428143366,0.0017180427438985607
0,1,0.07723592831173583,0.9211045130830253,0.0016595586052388183
2,2,4.46640295978914e-05,0.07940918087551073,0.9205461550948913
2,2,0.0001499208738125682,0.25655382922128256,0.7432962499049048
1,0,0.5743958786424482,0.42480234323041755,0.000801778127134232
1,1,0.39146395163371084,0.6078100911261507,0.0007259572401384068
0,0,0.7529984643772483,0.2466762031685887,0.0003253324541630789
0,0,0.9141616225818027,0.08540063194526175,0.00043774547293544755
1,1,0.362188962906075,0.6368017710300672,0.0010092660638577943
2,1,0.020513100066349446,0.49514258651602683,0.4843443134176237
1,1,0.11176906066193507,0.8752189922597144,0.01301194707835051
1,1,0.1110635267767178,0.8873021170596616,0.001634356163620562
1,1,0.038914657831541924,0.4934076298607006,0.46767771230775745
2,2,4.19341623057874e-05,0.17182474259142905,0.8281333232462652
1,1,0.060649285706267944,0.8896283216545154,0.04972239263921659
0,1,0.48104841035719814,0.5107720381281171,0.00817955151468483
0,0,0.6475854681696442,0.35098724744223,0.0014272843881257785
0,0,0.7504028504382891,0.24949071780126691,0.00010643176044398888
0,0,0.8187251098508153,0.1811976797423526,7.721040683206148e-05
1,1,0.21619389007101658,0.7795280046591184,0.004278105269864979
1,1,0.023418749176521876,0.9713552636155929,0.005225987207885405
1,1,0.41821043864168944,0.5808486724185593,0.0009408889397512185
1,1,0.21969448297530317,0.7785537830958945,0.001751733928802391
1,1,0.17620051271715753,0.8225147983602565,0.0012846889225858304
1,2,0.0002457060506845113,0.35050388412694466,0.6492504098223708
1,0,0.565590015291336,0.4339266155592035,0.0004833691494604841
1,0,0.5248189058462331,0.473067755909339,0.002113338244427827
1,1,0.2707937484192815,0.7283749342493282,0.0008313173313902575
0,0,0.750229160280716,0.2494741417301154,0.00029669798916858673
0,1,0.4135497304534904,0.5848740815262422,0.0015761880202673835
1,0,0.9588412491186589,0.04098336757421379,0.00017538330712756552
0,0,0.9457277588592593,0.054228919221986506,4.332191875410529e-05
0,0,0.823485982508334,0.1762644193027467,0.0002495981889192677
1,1,0.13577942299577725,0.8573901431122183,0.0068304338920043076
1,1,0.12640697019984848,0.8229848448987095,0.05060818490144192
0,0,0.8375536504116352,0.1618255391224729,0.0006208104658919673
0,0,0.5813671113920601,0.41785759074358597,0.0007752978643538578
1,0,0.5814821567687808,0.41833758433112855,0.00018025890009080447
1,1,0.1985564550301411,0.7952893429496656,0.006154202020193358
1,1,0.16844574641083923,0.8305467444490262,0.0010075091401345643
0,0,0.8515222763353909,0.14818829357643862,0.0002894300881704615
1,1,0.24566088013453283,0.7526098793758356,0.0017292404896316288
1,0,0.5427938242630006,0.45698018116084665,0.00022599457615275282
0,1,0.4817926477672578,0.5170211729627543,0.0011861792699879358
1,1,0.19603689127953958,0.7580549526438406,0.045908156076619716
2,2,2.8049405746628796e-06,0.005830572973320823,0.9941666220861045
1,0,0.898531761148608,0.10131453903585465,0.00015369981553727826
0,1,0.1889344727282624,0.8083139172894196,0.0027516099823180888
2,1,0.0008396419313192446,0.5401862335689557,0.4589741244997251
1,1,0.4779036039006116,0.5190927248079499,0.003003671291438536
1,1,0.39469871087580466,0.6046883271390071,0.0006129619851881873
0,0,0.6301265951634368,0.36962997274289555,0.00024343209366753287
1,1,0.1271310319890659,0.8704890821934385,0.002379885817495632
1,1,0.04298789670952592,0.9538346543892403,0.0031774489012338725
1,1,0.44036567625138295,0.5585153742807533,0.0011189494678637603
1,1,0.10886219933843368,0.8804887278119895,0.010649072849576835
0,0,0.934283091142854,0.06565500273850502,6.190611864097674e-05
1,1,0.3838702897037889,0.6136240953617172,0.0025056149344937695
0,0,0.7519772031159274,0.24775449548266304,0.0002683014014094601
2,1,0.03819276513748566,0.8509856775353617,0.11082155732715278
0,0,0.6107449217038448,0.3886735196215015,0.0005815586746536445
1,1,0.11523587940215463,0.8730124126644984,0.011751707933347124
0,0,0.5969315194336937,0.402704161906832,0.0003643186594743148
1,0,0.5239333910985945,0.4752328223482786,0.0008337865531268546
0,0,0.7638296959808714,0.2360818471513112,8.84568678174736e-05
1,1,0.09850478413356725,0.89855828794857,0.00293692791786286
1,1,0.153308259572314,0.845084009836409,0.0016077305912770962
0,0,0.9382678756627849,0.06166109370561917,7.103063159595219e-05
1,1,0.15665446347158515,0.8365727081691099,0.006772828359305019
0,0,0.967870318008514,0.03183011219436102,0.0002995697971250999
1,0,0.5167395655865907,0.4826728259344171,0.0005876084789921557
0,0,0.7535377176429614,0.24629984801849383,0.00016243433854482733
1,1,0.26364887893778133,0.7321387853800086,0.004212335682210119
0,1,0.47835719538637156,0.5197467114354868,0.0018960931781417212
0,0,0.879327284837638,0.12034823076844275,0.0003244843939191991
0,0,0.9211134909145828,0.07873238091774792,0.00015412816766937877
1,1,0.3879720402827359,0.6116742132221012,0.00035374649516286
1,0,0.6767254016103517,0.3231628635296512,0.00011173485999711997
1,1,0.03125505002585345,0.9629486806618766,0.005796269312270064
0,0,0.7382483083007843,0.2599512782758619,0.00180041342335393
1,1,0.19904934298750016,0.7986087278922126,0.0023419291202872896
0,0,0.7721779423688894,0.22766383870463996,0.00015821892647068842
0,0,0.7489994605744532,0.2504917850063317,0.0005087544192149876
0,1,0.15521256883334564,0.8420460381850489,0.00274139298160536
1,1,0.06310579672750063,0.9333988159485475,0.003495387323952041
1,1,0.34545824527455576,0.6540549914620684,0.0004867632633758657
0,1,0.15501333790173552,0.8389529585986896,0.006033703499574851
1,0,0.7260718337649826,0.27369183907513706,0.0002363271598804736
1,1,0.314707991580615,0.6836649582048205,0.0016270502145643438
0,0,0.9703072848871906,0.029619881471268095,7.283364154111892e-05
0,0,0.7188055041208266,0.28081200348993895,0.00038249238923449344
1,0,0.8941486871578763,0.10558975798718068,0.00026155485494318254
0,0,0.6645062714715703,0.3342812701408989,0.0012124583875307276
1,0,0.7423105607076277,0.25755171689193507,0.0001377224004371339
0,0,0.7136015603454426,0.28610486229266924,0.00029357736188809734
0,0,0.8678726472159811,0.13135379909096737,0.0007735536930517385
0,0,0.8527899618288978,0.14706214381688087,0.00014789435422138015
1,0,0.5810448030051072,0.416433916448371,0.0025212805465218502
1,0,0.5621791767975685,0.43650565941335634,0.0013151637890752043
0,0,0.6784600531594877,0.3195325273153213,0.002007419525190979
0,0,0.8060410529940432,0.19205170526369386,0.001907241742263096
1,0,0.6519455789821105,0.3478187409280075,0.00023568008988185995
1,1,0.16347099068220686,0.8346869516896368,0.0018420576281563234
1,1,0.14935369572226545,0.8490888000017421,0.0015575042759923012
0,1,0.4850985955486976,0.5097211673672382,0.00518023708406421
1,1,0.03710332052471507,0.9567300671301381,0.006166612345146927
1,1,0.47100519362633064,0.5274128187759634,0.0015819875977060368
0,1,0.4231658521452445,0.5749242678547375,0.0019098800000179833
1,0,0.49973665071017354,0.499726119869357,0.0005372294204694018
1,1,0.20704780135505702,0.7884695329217636,0.004482665723179271
1,0,0.8658571700519636,0.13399202748397987,0.0001508024640566634
1,1,0.06132028840553247,0.9320352130095599,0.00664449858490768
1,1,0.3475116460385507,0.6515785465464018,0.0009098074150474797
0,0,0.9817517541517297,0.018220242226404396,2.8003621865784117e-05
1,1,0.2690507431244528,0.7287953727640224,0.0021538841115247565
1,1,0.1909861237893415,0.8068607241193795,0.0021531520912789945
0,0,0.8459848474762001,0.15393211762278178,8.30349010181784e-05
1,1,0.19457301787862322,0.8031760325603619,0.002250949561014986
1,2,0.01102422912848369,0.42234115409622147,0.5666346167752948
0,0,0.506421245112653,0.49303423888775716,0.0005445159995899386
1,1,0.41479635743395443,0.5844491477072948,0.0007544948587507444
1,1,0.4692139023815351,0.529008248853946,0.0017778487645188615
1,1,0.15105764881146413,0.8452271987582101,0.0037151524303256907
1,1,0.0713241442070136,0.9259832231651918,0.002692632627794592
1,1,0.0382121805752083,0.953588705833652,0.008199113591139697
1,1,0.1719129149020508,0.8245383082073583,0.003548776890590891
1,1,0.16294806402713397,0.8354465356298763,0.0016054003429897977
0,0,0.906401181524595,0.08956058323732292,0.004038235238081972
0,0,0.9124945486210327,0.08738623811279804,0.00011921326616933086
1,1,0.016393920800038736,0.9786396639449655,0.0049664152549958145
0,0,0.784513277286559,0.21539476376343622,9.195895000487607e-05
0,1,0.34340830152772517,0.6549883437225351,0.0016033547497397765
1,1,0.03878978034427173,0.9505652447341006,0.010644974921627507
1,1,0.03365792404536043,0.9592139914751822,0.007128084479457513
2,2,8.446108747698157e-08,0.00018014485674819062,0.9998197706821643
1,1,0.0896198721441647,0.9081963303445237,0.0021837975113115464
0,1,0.27824227042510935,0.72040862780079,0.0013491017741006782
1,1,0.18905079149947263,0.807863010043082,0.003086198457445306
0,1,0.22960014226187228,0.7694450861676602,0.0009547715704676061
0,1,0.23545165186689013,0.7629097485704549,0.0016385995626548228
1,1,0.10916025743296312,0.8850747411605607,0.0057650014064760825
1,1,0.08720738632710896,0.9087047732135605,0.0040878404593306
1,1,0.38574299194961503,0.6117100363613256,0.002546971689059409
0,1,0.49775532694656993,0.5009027114414218,0.0013419616120081924
1,1,0.14070939823477774,0.8519697517254123,0.00732085003980989
1,1,0.3564498000496528,0.6424707874600195,0.0010794124903276898
0,0,0.9520968263588641,0.04764483467429046,0.000258338966845375
0,0,0.5127296540128641,0.48434367679352447,0.002926669193611422
1,1,0.13658947459367926,0.8070787648056078,0.05633176060071288
1,1,0.15674846698652867,0.8391423516859842,0.004109181327487111
1,0,0.6930754179017034,0.3059985348329526,0.0009260472653440334
1,1,0.05629629390684286,0.9394048547954942,0.004298851297663039
1,1,0.011820680519208981,0.9840152752022149,0.004164044278576108
1,1,0.1595548928377104,0.8368041632832118,0.0036409438790777704
0,1,0.20737458744744414,0.7910051827140466,0.0016202298385091722
0,0,0.6763959667794484,0.3231621212832278,0.0004419119373239355
1,1,0.3319218222623688,0.666861071806736,0.0012171059308950219
0,0,0.5894322653250229,0.4096414683897833,0.0009262662851939237
1,1,0.1071648253436895,0.8854051022288632,0.007430072427447521
1,1,0.1323080272396589,0.8208012578318001,0.04689071492854109
1,1,0.1230311845347223,0.8751267452352315,0.001842070230046165
0,1,0.436811921676095,0.562128348158652,0.0010597301652529364
0,1,0.1939135877215524,0.8039603344826133,0.00212607779583436
0,0,0.5404278550537921,0.4589884326824923,0.000583712263715591
1,2,0.00013784073344962931,0.26966669957757394,0.7301954596889765
0,0,0.6105596860431872,0.38789668163104923,0.001543632325763393
0,0,0.5214030274041574,0.4765405052922191,0.00205646730362347
1,2,0.0007749168952842919,0.27527155225859173,0.7239535308461239
0,0,0.7963966483559828,0.2035657661880184,3.758545599881361e-05
0,0,0.9108536056533297,0.08907245681044951,7.39375362207772e-05
2,2,2.8658730340383335e-06,0.0003096130708238684,0.9996875210561421
1,1,0.3916284458253776,0.606677179542691,0.0016943746319314297
2,2,0.0029483066035185276,0.21753054960006385,0.7795211437964177
1,1,0.4977219984009953,0.5006884341111243,0.001589567487880385
1,1,0.29817159733698245,0.6999935970164457,0.0018348056465719556
1,1,0.01941183889770748,0.9557222451295558,0.02486591597273664
1,1,0.1027328586159631,0.8950987412209607,0.002168400163076212
0,0,0.6442217982458808,0.3553809715348555,0.0003972302192637561
2,2,5.49153555356244e-05,0.13708913232874015,0.8628559523157243
1,1,0.16717592377538004,0.8301531444822735,0.002670931742346422
1,0,0.5166754087678477,0.4795179699354554,0.0038066212966967835
1,1,0.33440196124598315,0.6613984499242117,0.0041995888298050205
1,1,0.3236096820026229,0.6743337810071486,0.002056536990228498
0,0,0.6351403569311029,0.364092584315283,0.0007670587536140258
1,1,0.14702556438358869,0.7840324727243363,0.068941962892075
2,2,3.368652497935917e-05,0.05528511195532505,0.9446812015196957
1,1,0.19861633313551322,0.7951260310563893,0.006257635808097476
0,1,0.3975218894986498,0.6003361967302971,0.002141913771052943
1,1,0.10684850287178561,0.8915256778333814,0.0016258192948330533
0,0,0.6548396384763497,0.34460988914356894,0.0005504723800815031
1,1,0.2288051636976553,0.7693018047370008,0.001893031565343861
1,1,0.050849465082925274,0.8188838477709556,0.13026668714611916
0,0,0.9040274540236966,0.09569744663915672,0.000275099337146751
0,0,0.7353954601577787,0.2643370419845742,0.00026749785764714775
1,1,0.21637430617716163,0.7767171986406818,0.006908495182156736
0,0,0.7111042924069657,0.2884971666691836,0.0003985409238507463
0,1,0.4345111522656446,0.5642635566153241,0.001225291119031301
0,0,0.8911699555964507,0.10875162972756412,7.841467598517333e-05
1,1,0.37309614836297017,0.6251807113887509,0.0017231402482790954
0,0,0.5446238270288877,0.4546347906290519,0.0007413823420603362
0,0,0.6615453394502396,0.3382728027731075,0.00018185777665273738
0,0,0.8134563712367454,0.18629482703854267,0.00024880172471198963
0,0,0.6831461729995252,0.3163479176689655,0.0005059093315093868
1,1,0.3796690657583752,0.6117492962589547,0.008581637982670011
2,2,1.8513929766583976e-05,0.037643265352836935,0.9623382207173965
2,2,4.8979215868237044e-09,0.001790090566275447,0.998209904535803
0,0,0.9385496650167126,0.06140466568225966,4.5669301027767206e-05
0,0,0.857099947964224,0.14247936643658712,0.00042068559918892283
1,0,0.9363055804776332,0.06360752897416619,8.689054820056536e-05
0,0,0.7075339757436645,0.292285368671762,0.00018065558457352755
1,1,0.10950057232156504,0.8855227514086736,0.00497667626976139
0,1,0.47814848655971454,0.521214532575842,0.0006369808644433194
1,1,0.21218953692688242,0.7868257341306051,0.0009847289425123657
0,0,0.6207818200460481,0.3789051269581866,0.0003130529957654152
0,0,0.9336934559615544,0.06608089949549166,0.00022564454295382195
1,1,0.032556670166852965,0.9533481738490405,0.01409515598410658
0,0,0.6012261237217998,0.3964245551992431,0.0023493210789571053
0,0,0.9364720318316057,0.06344657111919803,8.139704919628506e-05
0,0,0.9414871092984243,0.05805121822452021,0.0004616724770555184
2,2,8.91122190433097e-05,0.13102097014587485,0.8688899176350818
0,0,0.8500756735451134,0.14799349913757187,0.0019308273173147626
2,2,9.470548303225402e-05,0.3232480398706713,0.6766572546462964
0,0,0.5806293525688339,0.4190500652344446,0.00032058219672147947
0,0,0.8896238829825069,0.11030594642329757,7.017059419554546e-05
0,1,0.022364625130130118,0.4995250548880985,0.4781103199817714
0,0,0.5718500857464492,0.4275231009983653,0.0006268132551854454
0,1,0.45664340682133286,0.5425161102794852,0.0008404828991818768
1,0,0.5240737644506434,0.4753110183880261,0.0006152171613305335
0,1,0.4311921763281067,0.5680874964957893,0.0007203271761039849
0,0,0.8127484109603128,0.18672410212316515,0.000527486916522048
0,0,0.8202399877946535,0.17936386835051443,0.0003961438548320488
1,1,0.14787881531523286,0.8497088564204813,0.002412328264285722
0,0,0.8600290801054573,0.13985541034216614,0.00011550955237664038
1,0,0.8091291384411492,0.17819277899384126,0.01267808256500945
0,1,0.47936422893706476,0.5192225164349673,0.001413254627967966
0,1,0.18024659879016597,0.8172993944618983,0.0024540067479358143
0,0,0.6731647773976864,0.32436805262661367,0.0024671699756999106
1,1,0.1799884465444361,0.8157643802256304,0.004247173229933524
2,2,0.0003091920295223679,0.09028178805484324,0.9094090199156343
1,1,0.47415317171609167,0.524737426445687,0.0011094018382213763
1,1,0.22558585021252817,0.7676917894937116,0.006722360293760261
0,0,0.7069554846552379,0.29213253417782187,0.0009119811669401135
0,0,0.763381145368512,0.23533971976399132,0.0012791348674966428
1,1,0.41517878383430745,0.5794325964098902,0.005388619755802405
2,2,0.00011101387407745442,0.12613974005202822,0.8737492460738943
1,1,0.1472948143953812,0.850554926767583,0.0021502588370357883
0,1,0.338297394245318,0.6600646268570333,0.0016379788976487368
0,0,0.8307900899957715,0.16897189671827914,0.0002380132859494584
1,0,0.9277628637847869,0.07219759304198983,3.9543173223258854e-05
1,1,0.47438083307653206,0.5245132476754425,0.0011059192480254445
0,0,0.9764505796076172,0.023314460262036495,0.00023496013034644974
0,0,0.5760632482334246,0.42261734268791096,0.0013194090786644579
0,0,0.7515372404652528,0.24784435235264762,0.0006184071820995011
1,1,0.05942021944712272,0.9368542246729938,0.003725555879883476
0,0,0.7132912338909656,0.2865814468921577,0.00012731921687662834
1,1,0.21263585247874173,0.7834016755160348,0.003962472005223373
2,2,0.0028016051611276485,0.14361903074921178,0.8535793640896606
0,0,0.6882346216086166,0.3114358735455832,0.0003295048458001174
1,0,0.5451728689400761,0.4538307139033795,0.000996417156544475
0,0,0.6977654479285463,0.3019780291860003,0.00025652288545344377
0,1,0.4282255094957786,0.5701238871558321,0.0016506033483892825
0,0,0.7284148311822354,0.27127971566662734,0.0003054531511373912
1,1,0.02820400630849799,0.9260275750461896,0.04576841864531242
1,1,0.02969247346651665,0.966612976307453,0.0036945502260302176
1,2,0.0002473869977871288,0.3749782040178724,0.6247744089843404
0,0,0.610231530994676,0.38915533133855723,0.0006131376667666735
0,0,0.7384773858503206,0.25951467813975776,0.0020079360099215624
0,0,0.527071512782332,0.47160899628725017,0.0013194909304177784
0,0,0.6368598349904174,0.36277088235913885,0.000369282650443821
0,0,0.9783520965246889,0.021511423545243425,0.00013647993006770783
0,0,0.8317153961964953,0.16790856582499877,0.0003760379785061276
0,1,0.03442154265567681,0.9624544344329707,0.0031240229113526576
1,1,0.15773976696319633,0.8407186960257104,0.0015415370110932823
2,2,0.0009350483363252283,0.09647180389827574,0.9025931477653991
1,1,0.20843034336776653,0.7881199291417246,0.003449727490508807
0,1,0.0571469034149799,0.8971506763415453,0.04570242024347488
0,1,0.101785093434336,0.8965527865642681,0.0016621200013957002
1,1,0.3188607974437175,0.6799699045099223,0.0011692980463601738
0,0,0.9326391946623827,0.06713823762557794,0.00022256771203924935
0,0,0.6800300571210202,0.31974788217565897,0.00022206070332079472
1,1,0.12229216627401905,0.8672578725748756,0.010449961151105459
1,1,0.17524128046305504,0.8178290945029031,0.006929625034041904
0,0,0.8612780954058958,0.1376843606757537,0.0010375439183504267
2,2,2.040071538383847e-05,0.08287975596010136,0.9170998433245148
1,1,0.06413385776662008,0.9315357798558005,0.004330362377579346
0,0,0.6390340558804444,0.3607493030351993,0.00021664108435626224
2,2,0.0001801865962441197,0.313432254445966,0.6863875589577898
2,2,0.020581169177047963,0.37235709173943915,0.6070617390835129
1,1,0.02980848246462188,0.926228918114234,0.04396259942114416
0,0,0.5922768631683859,0.4073064481067432,0.00041668872487092453
1,1,0.2270443612981077,0.7723142968961819,0.0006413418057104082
1,0,0.5028231170775301,0.49605257301471306,0.0011243099077568317
1,1,0.05410743619205836,0.942175426834844,0.003717136973097704
0,0,0.6963896337455993,0.30305042198815474,0.000559944266245869
2,2,1.6622202202062522e-05,0.05319171996664849,0.9467916578311494
1,1,0.08020113660985136,0.9148658540064516,0.004933009383697046
0,1,0.02919662207541889,0.9633613471146218,0.007442030809959217
1,1,0.3775430666312629,0.6213004222809183,0.0011565110878187991
1,1,0.25103566316200404,0.7451375171404598,0.0038268196975361417
1,0,0.6596379312697321,0.3389435654566619,0.00141850327360598
0,1,0.493757330649753,0.5056778656401445,0.0005648037101024815
1,1,0.05303506972700284,0.8681287726097787,0.07883615766321853
1,1,0.04846282519245625,0.9484478233361517,0.00308935147139196
1,1,0.2577848349694104,0.7392997449142131,0.0029154201163764126
1,0,0.859400166924155,0.14014113517139604,0.0004586979044489592
2,2,6.34715593539546e-09,0.0019778206072289324,0.9980221730456152
1,1,0.10575596358184536,0.8904124114554632,0.0038316249626914895
1,1,0.04264425546887232,0.9545614941034999,0.00279425042762781
1,1,0.15267035461874862,0.8463678027937838,0.0009618425874676132
1,0,0.7542495698662204,0.24506604289922854,0.0006843872345511081
1,0,0.8882408525729677,0.11168812631874711,7.102110828497456e-05
1,1,0.26142015417828063,0.7379007595649517,0.0006790862567675488
0,1,0.08464680050144506,0.913140755636603,0.002212443861951825
1,1,0.04113839848474005,0.8525864323393285,0.10627516917593141
1,1,0.07314021955813796,0.9218159861376821,0.005043794304179869
1,1,0.29549747023972156,0.6972402091925357,0.00726232056774274
0,1,0.3356263785603691,0.66298311560707,0.001390505832560875
0,0,0.9022738389360331,0.09758492018983383,0.00014124087413305508
1,1,0.2560627949979126,0.7404855872075349,0.0034516177945523863
0,0,0.6006924347444595,0.3991393442393089,0.00016822101623148371
1,1,0.2589595189142641,0.7403082739341683,0.000732207151567512
1,1,0.0261532816372586,0.9637641369164006,0.010082581446340793
1,1,0.12902023134754062,0.8195027464875393,0.05147702216492007
1,1,0.07547193496361347,0.8720315818150883,0.05249648322129818
1,2,0.00048423511219900016,0.45785497812147713,0.5416607867663238
1,1,0.3009912749641096,0.69707226127391,0.0019364637619803523
0,0,0.7094581993674923,0.2902622080248793,0.00027959260762848757
1,0,0.7380631968071246,0.2611014102459284,0.0008353929469470243
0,1,0.15213580703507884,0.8427799641945095,0.005084228770411596
0,0,0.8418706761962642,0.15804634717127192,8.297663246384814e-05
1,0,0.7240260273410299,0.2754825202086408,0.0004914524503293081
1,0,0.5292662248099451,0.47028803186667717,0.000445743323377781
0,0,0.9461676709513553,0.05344036953111665,0.00039195951752789754
0,1,0.18120750914261596,0.81697831119738,0.0018141796600041088
1,1,0.045857887881969046,0.951541160733869,0.002600951384162055
0,0,0.7349475918454181,0.26486015067228874,0.00019225748229309043
2,2,0.00014273906664624212,0.07903052507079403,0.9208267358625598
1,1,0.08372286447284126,0.8549843808105605,0.061292754716598154
0,0,0.7749040015913572,0.22490872894312466,0.0001872694655181928
0,0,0.508455851701361,0.4884646041186376,0.003079544180001414
1,1,0.3545630479942449,0.6445132919703159,0.0009236600354392175
1,1,0.06369127008188334,0.9311891083944035,0.005119621523713225
1,0,0.9988620688846586,0.0009915181973458405,0.00014641291799546714
0,0,0.8890694693392522,0.11080178741741693,0.00012874324333070472
1,1,0.26595228088806777,0.7300474082581963,0.0040003108537359396
1,1,0.30251888325433807,0.6949218264837149,0.002559290261946932
0,1,0.37584789266073704,0.6223998486027058,0.0017522587365571948
0,1,0.48132394145497853,0.517784884324412,0.000891174220609412
1,1,0.252405328678145,0.7465935357808966,0.0010011355409583224
1,1,0.29976165057235143,0.6976983916251103,0.002539957802538314
1,1,0.07352002795447433,0.9234331949930394,0.0030467770524861587
0,0,0.8200305769805679,0.17963942656224616,0.0003299964571861007
1,1,0.19470356211606954,0.8027452098605254,0.0025512280234049564
0,1,0.04539323641736046,0.9499361572283316,0.0046706063543078425
1,1,0.10012795940399824,0.8978788018293433,0.0019932387666584724
1,0,0.5094256894047381,0.4896435052896705,0.0009308053055914872
0,0,0.7180658000529311,0.2817818635687609,0.00015233637830800378
0,0,0.6948612602336283,0.3048220895959581,0.000316650170413783
1,1,0.13525916790638642,0.8634379775522968,0.001302854541316762
1,2,0.0003065810322547137,0.3623990820738761,0.6372943368938692
1,0,0.6407103085361011,0.35912225224853545,0.00016743921536346474
2,2,2.6471535353103693e-06,0.041353377600704226,0.9586439752457605
1,1,0.07712321949179624,0.8693901409402919,0.05348663956791181
1,0,0.5932603945487823,0.40485373154517057,0.0018858739060471908
0,1,0.25646520986881377,0.7400080844242841,0.003526705706902059
0,0,0.8405233691373376,0.15887130413703493,0.0006053267256274426
0,0,0.5968942762644788,0.4026950920500316,0.0004106316854896384
1,1,0.23593973130797016,0.7627108213551043,0.0013494473369255443
0,1,0.39949327002956164,0.5996126117724044,0.000894118198034046
1,1,0.08751483175256689,0.9101162504616469,0.0023689177857861834
1,1,0.14484564962210214,0.8505218520536633,0.004632498324234697
1,1,0.17537519532463175,0.816981547506246,0.007643257169122215
0,0,0.5702286094335309,0.4292137638415226,0.0005576267249465344
1,1,0.1512259687069352,0.840688739279456,0.008085292013608825
0,0,0.9250384733352531,0.0747257934122436,0.00023573325250340478
1,1,0.38673400176842626,0.612562508630752,0.0007034896008217774
1,1,0.03487500973949202,0.9618900851554102,0.0032349051050978516
1,1,0.11716598725024567,0.8765946004606464,0.006239412289108041
0,0,0.9393384468914523,0.05983730552174433,0.0008242475868033941
0,1,0.15332697200666312,0.8420926560136204,0.004580371979716406
0,0,0.7894637760388011,0.21004338565737118,0.0004928383038275741
0,0,0.6783719946487964,0.3212314994445307,0.0003965059066728334
1,1,0.23760861869271688,0.7608378502132326,0.0015535310940505529
0,0,0.8202098381406034,0.17967857399865078,0.00011158786074581067
1,1,0.01235641013618949,0.9724840129323662,0.015159576931444364
0,1,0.41455549027478394,0.5840045509901708,0.0014399587350452225
0,0,0.7555249066416085,0.2443342844440154,0.00014080891437601262
0,0,0.8770162750427182,0.12293194427988323,5.178067739859994e-05
0,0,0.8414473582341263,0.15839222903711095,0.00016041272876272887
0,1,0.19961850944315443,0.7950937084363171,0.005287782120528387
0,0,0.801066798038086,0.1986276862414534,0.00030551572046064467
1,1,0.18164753646319032,0.8055633166149678,0.012789146921841799
1,1,0.1777901444949722,0.8201892410006074,0.002020614504420562
0,1,0.1417382853657949,0.8560348518963314,0.0022268627378735162
2,2,0.001147559463685903,0.22127576586361253,0.7775766746727014
1,1,0.35997386332664366,0.6377867262674247,0.002239410405931697
0,0,0.7587408834193293,0.24113485820481653,0.00012425837585418125
1,0,0.6558139286587628,0.3440561572921147,0.00012991404912254093
1,1,0.050701652101254276,0.9463513475251899,0.0029470003735558078
1,1,0.060144262809597386,0.9356996267877189,0.004156110402683772
1,1,0.21309192306811595,0.7839570576068211,0.002951019325062963
0,0,0.5510742627907846,0.447944672259362,0.0009810649498533032
1,0,0.7311442659590115,0.26819908161084477,0.0006566524301436173
1,1,0.016767999749025382,0.770962379829311,0.21226962042166359
1,1,0.3175407558176294,0.6753962613784692,0.007062982803901441
1,1,0.3270348260152871,0.6714501858995928,0.0015149880851201302
2,2,0.00016796241954572215,0.11462431147521521,0.8852077261052391
1,0,0.5365597033622937,0.46315228371419803,0.00028801292350828876
0,1,0.18959067864282034,0.8088401645302143,0.0015691568269653549
0,0,0.6285903422347531,0.3705215144436322,0.0008881433216146107
1,1,0.39435585622491537,0.603467951713488,0.0021761920615966353
0,1,0.21794650842742216,0.7724867534251896,0.009566738147388279
0,0,0.6163708269951628,0.3827268740110698,0.0009022989937674322
0,0,0.5245867734205111,0.47507179757420337,0.000341429005285525
1,1,0.35722768212387496,0.6339773877463505,0.008794930129774529
2,2,8.259242191208326e-05,0.10732913153317193,0.892588276044916
1,1,0.041334159047157405,0.9539478296497218,0.0047180113031208976
1,1,0.08138109729514986,0.9131798013087812,0.005439101396068816
1,0,0.6210869645434474,0.3779498074185658,0.0009632280379868393
1,1,0.19628293757144555,0.800976239417956,0.0027408230105983897
0,0,0.5329034088987329,0.46555084852252393,0.0015457425787431683
1,1,0.3769821300736469,0.62130301850056,0.0017148514257931337
1,0,0.6871938238844878,0.3124022295524312,0.0004039465630810665
1,1,0.28408830621995923,0.7130070846483507,0.002904609131689971
1,1,0.15487397339962825,0.8411215550812745,0.00400447151909719
0,0,0.8044796641526455,0.1952508454995038,0.0002694903478507442
0,0,0.9993664780967637,0.0005504605139987847,8.306138923743419e-05
1,1,0.14115507392639823,0.8575653474364227,0.0012795786371792206
1,1,0.48249254362785127,0.5169886634121423,0.0005187929600062839
2,2,0.003338808532068007,0.276344745220224,0.720316446247708
1,2,0.00048495544043931384,0.474017279405744,0.5254977651538167
0,0,0.9566094362535811,0.04318541876274881,0.00020514498367016357
0,0,0.8561346943857352,0.14377999077259043,8.531484167438709e-05
1,1,0.2911658776092818,0.7061984693275211,0.0026356530631969984
0,1,0.027507665688283545,0.5470323520266338,0.4254599822850827
2,1,0.06662588068054809,0.9192287761684423,0.014145343151009628
1,1,0.37259233422895516,0.626980204769587,0.0004274610014578333
2,2,0.0004057724376137248,0.13446102104274196,0.8651332065196443
0,0,0.719313409842202,0.2805297686556411,0.0001568215021568365
0,0,0.5380619686392427,0.449023304252075,0.012914727108682265
1,1,0.4545783198600164,0.5447689466325562,0.0006527335074275997
1,0,0.574274899652232,0.42546526491125164,0.00025983543651646786
0,0,0.9513646278526251,0.04844039217818125,0.00019497996919377305
0,0,0.5130193114660141,0.4807315174633509,0.006249171070634916
0,0,0.9987946341075471,0.0010829416371584378,0.00012242425529443944
0,1,0.33839448890152996,0.6593510276106206,0.0022544834878494404
1,1,0.21642146472076612,0.7828602741469509,0.0007182611322828708
0,0,0.8173028257398721,0.1823994079255768,0.0002977663345511502
1,1,0.1755924353010018,0.8199921515588467,0.004415413140151508
0,0,0.8752858097333311,0.12462518108636744,8.900918030130615e-05
0,0,0.861362032449688,0.1385684508610261,6.951668928584535e-05
1,1,0.014487517371707751,0.9686987107109122,0.01681377191737999
1,1,0.3247540964266078,0.674791697912892,0.0004542056605002065
1,1,0.28422109963122755,0.71322708598539,0.0025518143833825014
1,1,0.03827109087031611,0.9399809789550688,0.021747930174614943
1,1,0.08941949580942704,0.9081163658713515,0.002464138319221501
1,1,0.11174173232294973,0.8862192114159935,0.0020390562610568433
1,0,0.6490840094363088,0.3505622366177534,0.00035375394593779283
0,0,0.6644843914429481,0.3351590153327428,0.00035659322430914964
0,1,0.3545953126873598,0.644432590216922,0.0009720970957180458
0,0,0.8254333910885882,0.17444376375647927,0.0001228451549324641
0,0,0.8408671974780517,0.15894089806760978,0.00019190445433844234
1,1,0.109023479667708,0.8804698188073812,0.010506701524911058
1,1,0.09797055882974809,0.899497140705106,0.002532300465145741
1,1,0.15554308836476094,0.836668707139459,0.007788204495779962
1,1,0.19121869361439917,0.8030538769533303,0.005727429432270547
1,1,0.291478087357097,0.7070120031313688,0.0015099095115343054
0,0,0.7082377648103957,0.2915824083109393,0.00017982687866507582
2,2,0.00014199398721498124,0.31350676614140194,0.6863512398713831
0,0,0.6903317167630704,0.3091723021262046,0.000495981110724846
0,0,0.8220883006252058,0.17772234938718331,0.00018934998761095814
0,1,0.3047560423454339,0.6936762131390464,0.0015677445155199046
1,1,0.06182396419977015,0.9232890616131676,0.01488697418706211
1,1,0.07690552838322019,0.9126185007225802,0.010475970894199627
1,1,0.13778316420964898,0.8586231981831992,0.0035936376071517566
2,1,0.05985939952591724,0.6749444649103845,0.2651961355636983
1,1,0.07224611098723373,0.9254800077009222,0.002273881311843924
0,1,0.28952840540606556,0.7091371047037826,0.0013344898901519033
0,0,0.8369953021575756,0.16286147143941287,0.00014322640301156383
1,1,0.1465682728132236,0.8513887922561164,0.0020429349306600062
1,1,0.4045511542988922,0.5931846388658478,0.002264206835259949
1,1,0.25374559408697855,0.7435374936904998,0.002716912222521668
1,1,0.2820990198589163,0.710045977343596,0.007855002797487768
1,1,0.10166571239210268,0.8959329383469643,0.0024013492609329563
0,0,0.8557833750932714,0.14377089474818175,0.00044573015854692296
1,1,0.11995602159424669,0.8760281864436779,0.004015791962075322
0,1,0.2279996153485472,0.7688253334899674,0.003175051161485248
1,1,0.08423721013431415,0.9053364297266506,0.010426360139035229
0,1,0.04546543933596213,0.9511976067111259,0.0033369539529118954
1,1,0.06488055443830903,0.9311580365416687,0.003961409020022253
1,1,0.010223666825818614,0.9755434885354678,0.014232844638713573
1,0,0.6138600443057615,0.38504156807941897,0.0010983876148195472
0,0,0.7835468254068471,0.21603041497391606,0.0004227596192369759
1,1,0.27157633501617334,0.7262740778462937,0.0021495871375330575
2,2,0.0032171922110036015,0.22830389936418696,0.7684789084248094
2,2,0.00023041598500611629,0.2953881430021742,0.7043814410128196
1,1,0.02546376853519629,0.8570668755015904,0.11746935596321333
0,0,0.8745861282271435,0.1253641009488536,4.977082400294749e-05
1,0,0.6205460872681581,0.3791934996374272,0.00026041309441468264
1,1,0.0894952073321604,0.9071046448974103,0.0034001477704293814
1,1,0.25105598601009294,0.7451543504128239,0.0037896635770831616
0,0,0.9487072258023291,0.051009975849996614,0.0002827983476741469
1,0,0.5568282235352471,0.44111624467102356,0.0020555317937294287
2,2,0.0004977736162445111,0.24036863344891524,0.7591335929348402
0,0,0.6310973005361903,0.3674948188727112,0.0014078805910986108
0,1,0.43213010292313964,0.5658359141725404,0.0020339829043200617
0,0,0.592632178191511,0.4066906461201154,0.0006771756883734876
1,1,0.06999574891665578,0.8516863291747494,0.07831792190859489
1,1,0.33685907593469155,0.6621957614352724,0.0009451626300360144
0,0,0.7433139697097018,0.2565577377887417,0.00012829250155665665
1,1,0.03750183143162366,0.9543536237927343,0.008144544775641934
2,1,0.03224172919726145,0.8461059309655308,0.12165233983720773
0,0,0.8157113798423334,0.1841237709324863,0.00016484922518032416
0,0,0.8497718133083223,0.15015674880538746,7.143788629034179e-05
0,1,0.037986791090687276,0.8535410856479522,0.10847212326136053
1,1,0.18995118270263686,0.8085283755882466,0.0015204417091164758
1,1,0.11320853295309864,0.8844416531052525,0.0023498139416487903
1,1,0.47857018134971935,0.521216779961359,0.00021303868892180437
1,1,0.10948174498874358,0.8875115824678154,0.003006672543440941
1,1,0.020777495761771295,0.9624404356639786,0.016782068574250242
1,0,0.7611784804704934,0.2386254673733482,0.0001960521561585061
0,1,0.2856382835717727,0.7132146432583363,0.0011470731698910183
1,1,0.1775452308620647,0.8202906944909285,0.002164074647006857
1,0,0.5671820008586091,0.4322958790838914,0.0005221200574994305
1,1,0.1645515696048139,0.8333477716360495,0.0021006587591365315
0,0,0.9442315601861294,0.05569405811000125,7.438170386934973e-05
1,1,0.15540797848954666,0.843594529654881,0.0009974918555722043
0,1,0.05096446290077042,0.9462817986032149,0.002753738496014664
1,0,0.8069197648114593,0.19289499018225784,0.000185245006282879
0,0,0.5910916791513332,0.4078526673589265,0.0010556534897403402
0,0,0.573118762691126,0.4262912391821186,0.0005899981267553525
0,0,0.5214319399234187,0.47632161997570394,0.002246440100877287
0,0,0.7189108709184352,0.28044858371957165,0.0006405453619932348
0,0,0.7770620424271695,0.22250722966442546,0.0004307279084051476
1,0,0.6259119789658624,0.3729520379771931,0.001135983056944432
1,1,0.384163098320684,0.6145718780621815,0.0012650236171343743
0,0,0.5914437645935773,0.40757078173596567,0.000985453670457124
1,1,0.27131036185845625,0.7252295950895341,0.0034600430520095853
0,0,0.9455282916672799,0.054413178922376314,5.8529410343548645e-05
0,0,0.946796413038736,0.052609966848805485,0.0005936201124583582
1,1,0.09166709949736732,0.842951709779706,0.06538119072292681
1,1,0.08722997255585774,0.895603275021148,0.017166752422994296
0,1,0.17896781036298082,0.8197878993682404,0.0012442902687788387
0,0,0.5843739652263946,0.4154291816687953,0.00019685310481009735
1,1,0.17347905108998568,0.8248549427229726,0.0016660061870418066
0,1,0.28891200695053343,0.706058773110676,0.005029219938790676
1,1,0.18574955664417017,0.8077331843248329,0.006517259030997037
0,0,0.8572449954938042,0.14222986674263055,0.0005251377635652202
1,1,0.12487775927934985,0.8730625768350512,0.002059663885599071
1,0,0.7696286782630584,0.23007991607634637,0.00029140566059526724
1,1,0.38163648755546137,0.6133544519627002,0.005009060481838433
1,1,0.14259186936589513,0.8544823420597618,0.002925788574343152
1,2,0.00818712830273448,0.30465781947834636,0.6871550522189191
0,0,0.9561956454719702,0.04322681948843769,0.00057753503959191
1,1,0.2264152738470595,0.7683892235417509,0.0051955026111896434
0,1,0.08257441912202865,0.9138586975344948,0.0035668833434764806
1,1,0.08847394384943036,0.9089112365438805,0.0026148196066891403
1,0,0.8304592066784661,0.1686017038619019,0.000939089459631996
1,1,0.13138700496070255,0.8622947819530287,0.006318213086268646
1,1,0.07598679221672835,0.9214083363249044,0.0026048714583673895
1,1,0.20997321531422752,0.7884947680957969,0.001532016589975551
0,0,0.6974956781508892,0.3023174894242994,0.00018683242481141597
1,1,0.47169991425767543,0.5266661373226186,0.0016339484197060241
0,0,0.8728939955479048,0.12700176903732513,0.00010423541477000034
0,1,0.45906785637721204,0.5344893895814079,0.006442754041380128
1,1,0.11217626983385318,0.882830619771344,0.00499311039480279
2,2,1.9298559470719867e-06,0.008369460945301058,0.991628609198752
0,0,0.7714794055366284,0.2283085948179194,0.00021199964545215737
1,1,0.4049330036473473,0.5934504491930594,0.0016165471595931372
1,1,0.2343782599173117,0.7634759311432945,0.0021458089393939744
1,0,0.5593781777123096,0.4400415104566021,0.0005803118310883672
0,0,0.8342253911049236,0.16555596336400707,0.00021864553106923484
0,0,0.7981069523584531,0.20163245557051976,0.00026059207102706046
0,1,0.15563135791296587,0.8402447799524264,0.004123862134607751
0,0,0.9473059991901591,0.05239586737843872,0.00029813343140222803
0,0,0.8530783820356669,0.14632038229576314,0.0006012356685700131
2,2,0.00010952229298871559,0.20997357213695406,0.7899169055700573
0,0,0.5003442505769907,0.4993988935624848,0.0002568558605245265
2,2,1.773053339994649e-08,1.9656571731351985e-05,0.9999803256977352
1,0,0.7933594173299154,0.20642979341758097,0.00021078925250363035
0,1,0.1101830944600433,0.8840787132476858,0.005738192292270973
1,1,0.28641771582653475,0.7121715114645931,0.0014107727088720284
1,1,0.29005749426262634,0.7090886174835899,0.0008538882537837821
0,1,0.34001076706793804,0.6589780155944449,0.00101121733761693
0,1,0.4935665930338041,0.5055217209661969,0.0009116859999989906
0,1,0.48785017671055103,0.5115392830158731,0.000610540273575783
0,0,0.6062343990400526,0.3933423467962224,0.00042325416372507654
0,1,0.1598629099949693,0.8383598933178571,0.00177719668717337
0,1,0.46138723425291844,0.5381899155593596,0.0004228501877221147
2,2,2.1365633566061504e-06,0.009379388340033578,0.9906184750966097
0,0,0.7700691427767644,0.22931682905331965,0.000614028169915908
1,1,0.31285710410620254,0.6851598559140638,0.001983039979733736
1,0,0.5148734552525661,0.48457090832166594,0.0005556364257679089
1,1,0.43066574385598605,0.5690078086330361,0.0003264475109777351
1,1,0.22367834101485187,0.7740512288093091,0.0022704301758390342
1,2,0.0008161154516436801,0.2635345085277093,0.7356493760206471
1,0,0.5259317684587834,0.47261431441364926,0.0014539171275673767
1,0,0.5471231677241382,0.4523656672937623,0.0005111649820994541
0,0,0.739282484580253,0.2602972442927467,0.0004202711270002808
1,0,0.5040624810182011,0.49516964676712305,0.0007678722146758036
2,2,9.044110544367377e-05,0.08455362145873471,0.9153559374358216
0,0,0.7225506947481298,0.27732978512225,0.00011952012962027378
1,0,0.7615244423074838,0.2383847062673366,9.085142517945236e-05
1,1,0.301660286685133,0.6912377662153764,0.007101947099490637
0,0,0.8071273488831734,0.19235121320515922,0.0005214379116674523
0,1,0.46478612646094564,0.534448307186253,0.0007655663528013952
1,1,0.13803383109459144,0.8244442433113909,0.03752192559401764
1,1,0.05919016951668154,0.9381249462030019,0.00268488428031676
2,2,0.003293851381925242,0.1731142575523786,0.8235918910656962
1,1,0.1387026735278785,0.858539092765146,0.002758233706975691
0,0,0.5780166541275256,0.421360813010307,0.0006225328621674312
1,1,0.34583635923995076,0.6415391705693064,0.012624470190742856
1,1,0.05553314962480411,0.912281889731766,0.03218496064342978
1,1,0.3495451859925518,0.6483473891982976,0.002107424809150577
0,0,0.6922503954285185,0.30700306716071446,0.0007465374107670735
1,0,0.8059287122093436,0.1935736575335628,0.0004976302570935471
0,0,0.9518518283956772,0.047512203296394565,0.0006359683079282412
1,1,0.13538220906661871,0.8526081162874041,0.012009674645977256
2,2,0.00037904112607680616,0.18240824549086276,0.8172127133830603
0,1,0.402115512739149,0.5966713609901357,0.0012131262707151663
0,0,0.7999686560096528,0.19971400425968944,0.00031733973065778523
0,0,0.8632406741790879,0.13661087482901907,0.00014845099189308468
0,0,0.7961627789728206,0.20358972605098702,0.00024749497619249816
0,1,0.37772090579311723,0.609676541188506,0.01260255301837677
0,0,0.9794352382788531,0.020381548358605273,0.00018321336254157708
1,2,6.718602560403989e-05,0.06426129652395579,0.9356715174504403
1,1,0.08596518884936914,0.887104169894474,0.026930641256156834
1,1,0.047767309366841544,0.9470492477602497,0.00518344287290872
2,2,2.2604082740054964e-08,1.9287932968743917e-05,0.9999806894629485
2,2,6.834135540482911e-06,0.03697179259768424,0.9630213732667753
1,1,0.05472779863560472,0.942800145993933,0.002472055370462323
1,1,0.2893536372534318,0.7069261763065037,0.0037201864400645684
1,1,0.17716454273644117,0.8129633574609396,0.009872099802619294
1,1,0.037774659977313545,0.9588551121967565,0.003370227825930061
1,1,0.3352435782956546,0.6618644210355928,0.002892000668752728
1,0,0.5869621559711571,0.41226792728100614,0.0007699167478368187
1,1,0.24470285345175236,0.7532628798623464,0.0020342666859011747
1,1,0.142770744520947,0.8474402913473745,0.009788964131678466
0,1,0.3483380440080123,0.6504201305184285,0.0012418254735592584
1,1,0.4585360231794695,0.5365967867896778,0.00486719003085262
1,1,0.33983348774822797,0.657747177792279,0.0024193344594930343
1,1,0.2581442428586441,0.7398308230602418,0.0020249340811139094
0,0,0.9855185169358317,0.0064987607860125226,0.007982722278155609
1,1,0.34467239177152525,0.6534290246244459,0.0018985836040287974
1,1,0.14971409164112723,0.8452988514289421,0.004987056929930682
1,1,0.20008937243706212,0.7915825346222757,0.008328092940662018
0,0,0.7587209635936603,0.24114174074303735,0.00013729566330239267
1,1,0.054276673417601805,0.9433624704558294,0.0023608561265688202
0,0,0.590218009495541,0.40936886178377097,0.00041312872068795
0,0,0.8530210420711788,0.14684246605060905,0.00013649187821199312
0,0,0.7192448839473802,0.2804388835150514,0.00031623253756841774
0,0,0.6639779331361244,0.3350840818519558,0.000937985011919749
1,0,0.9261067056906711,0.07289897296723029,0.0009943213420985822
1,1,0.4073716294411749,0.5912958149933919,0.0013325555654331862
1,1,0.10012499307387557,0.8469155291282014,0.052959477797922885
1,1,0.04029242049947516,0.5653489779593182,0.3943586015412066
1,1,0.4796151888245285,0.5195749630476276,0.0008098481278439189
1,1,0.4633776843601143,0.5279901045152008,0.008632211124684949
1,0,0.6209685659775659,0.3787913455149202,0.00024008850751390377
1,0,0.6452427340195929,0.3543921935791248,0.0003650724012822757
0,1,0.26920951056608017,0.7175697230064544,0.013220766427465407
1,1,0.4963968480848129,0.5023515741407594,0.0012515777744277342
1,1,0.22808877088477159,0.7674903537520077,0.004420875363220785
0,1,0.22810177223580028,0.7579050079478303,0.013993219816369374
1,1,0.21190387118038473,0.7874712995023977,0.0006248293172175946
1,1,0.1375450048231823,0.8497233965161056,0.012731598660712039
1,1,0.18087605494696762,0.8170451342075361,0.0020788108454964723
1,1,0.15035462185567247,0.8476753829292557,0.0019699952150718553
1,1,0.04092723212362419,0.8937314508560563,0.06534131702031949
0,0,0.6912102966835819,0.308702003644632,8.769967178595433e-05
1,1,0.06751701921609746,0.9289680275416814,0.0035149532422210695
1,1,0.06501196242042052,0.9249297121605107,0.010058325419068915
2,2,5.8140939231956216e-05,0.12384033037895156,0.8761015286818165
0,0,0.9011181967300748,0.09794711075987038,0.0009346925100547369
0,0,0.7880338660291459,0.21155025546619521,0.00041587850465883697
1,1,0.14922705972223196,0.8467350936149128,0.004037846662855183
1,1,0.09231508078307273,0.904354907216342,0.0033300120005851563
1,1,0.005275467789677528,0.9846599504298074,0.010064581780514953
1,1,0.17181965551235404,0.8221735416979405,0.006006802789705441
0,0,0.5175417044162717,0.4815283589994629,0.0009299365842653169
1,1,0.03622199138706522,0.9597455598103906,0.004032448802544355
1,1,0.2104150690101144,0.7879018026951057,0.0016831282947799568
0,0,0.8592093579091358,0.13993608094948992,0.0008545611413743857
1,1,0.011005532339005244,0.9861170281088486,0.0028774395521461737
1,1,0.1300727013584638,0.8663537814090162,0.0035735172325200024
1,0,0.6393859619591983,0.360469341186358,0.00014469685444367208
0,0,0.9416709312455817,0.05778130938547059,0.0005477593689479045
1,1,0.028598524549278612,0.968408474847425,0.002993000603296466
1,1,0.3939471787003063,0.6045694064811172,0.0014834148185765437
1,1,0.4789324973609309,0.5203227706596615,0.0007447319794075631
0,1,0.21653112802658714,0.7802074605538568,0.003261411419556085
0,0,0.5707291321890723,0.4288028091677006,0.00046805864322720667
0,0,0.7897465595454618,0.21015662142568833,9.68190288498227e-05
2,2,1.2978140689536865e-07,0.00012111024927740496,0.9998787599693157
1,1,0.30357626591956816,0.6919042928534805,0.004519441226951209
0,0,0.880250278970133,0.11813853358647304,0.001611187443393859
0,0,0.9786824744477571,0.02123913787116568,7.838768107717989e-05
1,1,0.05772073860386233,0.9354616646995643,0.006817596696573599
0,0,0.782676745589523,0.21706141368209156,0.00026184072838535285
0,0,0.8164921770813762,0.18326349375057657,0.00024432916804724284
1,0,0.7055082867107925,0.2937934313280441,0.000698281961163445
0,0,0.8886668014228374,0.11125892489051505,7.427368664763449e-05
1,1,0.04298158217931717,0.9545078039500611,0.0025106138706217362
1,1,0.11345124409430318,0.8850850311660994,0.0014637247395975388
1,1,0.2541245346849601,0.7406633421842691,0.00521212313077081
0,0,0.8635263744955467,0.136417641835004,5.598366944933214e-05
0,0,0.7775885855516468,0.22183945346523554,0.0005719609831176725
1,1,0.35241600338235196,0.6411952282181211,0.006388768399526906
0,0,0.5343840200006007,0.46479805264415947,0.0008179273552398764
1,1,0.0980968614029035,0.6431187230654093,0.258784415531687
1,1,0.02511328796001971,0.968386342073306,0.006500369966674365
1,0,0.5786092038562931,0.4209991698301271,0.00039162631357995764
1,1,0.07168166946464544,0.925530775526748,0.002787555008606456
1,1,0.16990599525175804,0.8285931489801849,0.0015008557680571209
0,0,0.8378651261071839,0.16205871280687806,7.61610859379936e-05
1,1,0.24478206572948671,0.7519738818922516,0.0032440523782617404
0,0,0.9994608587087741,0.00046531319876219547,7.382809246356233e-05
1,1,0.0663742401230846,0.9275934456499102,0.006032314227005032
1,1,0.08801323330344353,0.9054526481176788,0.006534118578877725
1,0,0.5221974524874587,0.47763887276601064,0.00016367474653051733
1,2,0.0005499552255306474,0.1587663162414224,0.8406837285330468
1,1,0.020752674071750632,0.9747923638395484,0.00445496208870089
1,1,0.24742049516936734,0.7493912090636985,0.003188295766934013
1,1,0.218342809250005,0.7799827684013748,0.0016744223486201792
1,0,0.8361135207128532,0.16373347305963415,0.0001530062275126146
1,1,0.1094135451817868,0.8874663477539309,0.003120107064282344
1,1,0.2024982024953831,0.7940574373422115,0.0034443601624055136
1,1,0.12224686686235178,0.8715990518167954,0.006154081320852898
2,2,0.004071928980439379,0.21762095452104,0.7783071164985206
0,0,0.6315375218616145,0.367958731009811,0.0005037471285744392
0,1,0.0524660107499552,0.9436511301459752,0.0038828591040696715
1,1,0.07692812398176789,0.9205279435570594,0.002543932461172833
0,0,0.6646604402341111,0.3343466267898665,0.0009929329760224653
1,1,0.25869873230410695,0.7393895126309078,0.001911755064985251
2,2,0.0002397257156362888,0.19823661879788895,0.8015236554864748
0,0,0.8955984630326619,0.10424856939764224,0.00015296756969567914
0,0,0.84995892262755,0.14988023059185587,0.00016084678059411636
2,2,0.002402120562705657,0.2672454003232618,0.7303524791140326
0,0,0.9792598053178919,0.02066536868919801,7.482599290997066e-05
2,2,0.00014946416447311157,0.22847713022037444,0.7713734056151524
1,1,0.3101084919820106,0.6883122682088242,0.001579239809165098
0,0,0.9934349781240722,0.006555010053169854,1.0011822757959638e-05
1,1,0.2557108326166967,0.7225422090038573,0.021746958379446093
1,0,0.6396863892427177,0.3577039290107663,0.002609681746515855
1,0,0.5207237807901806,0.47847924094697136,0.0007969782628481028
0,1,0.059430158749444004,0.9284354596910108,0.012134381559545169
0,1,0.26647402306646745,0.7321420278890193,0.0013839490445133002
0,0,0.8222001802664776,0.1774865642010186,0.0003132555325037937
1,1,0.4482915451306896,0.5502947378926349,0.001413716976675528
1,1,0.10301139054499524,0.8360348475189827,0.06095376193602212
0,0,0.7503234591137337,0.24911622354384033,0.0005603173424259676
1,1,0.1536043620735963,0.8450487049223712,0.0013469330040324955
0,1,0.4066367541791475,0.5920811947986759,0.0012820510221765748
1,0,0.6195937621140747,0.37868622634790616,0.0017200115380191932
1,0,0.5196894772512434,0.47718843201446065,0.003122090734295868
1,1,0.34247637010381965,0.6565959146199782,0.0009277152762021941
0,0,0.8351916089026921,0.16465604850403223,0.0001523425932757273
1,0,0.6278076244123548,0.3719204957226592,0.0002718798649859855
1,1,0.25651300317618353,0.7240837446867333,0.01940325213708308
0,0,0.8035601721431828,0.19598538295034829,0.00045444490646895266
0,1,0.16321909079451108,0.8341026025855479,0.0026783066199410266
0,0,0.6912590738805425,0.308496186036255,0.0002447400832024159
0,0,0.7775864693860236,0.22233138323643734,8.214737753907173e-05
0,0,0.9570122213117364,0.04273463373812435,0.00025314495013926047
0,0,0.7525894372158398,0.24728684035079448,0.00012372243336572391
1,0,0.7259485705329974,0.2739487176669668,0.00010271180003576652
0,0,0.8861636873239068,0.11167921276450098,0.0021570999115922123
1,0,0.7721313025772107,0.22739710591289447,0.00047159150989471276
1,1,0.1114900775884022,0.885247001522812,0.0032629208887857224
1,1,0.424158782166136,0.5747240519956055,0.0011171658382584982
1,1,0.224637285729083,0.7729494406585867,0.002413273612330332
1,1,0.05528803894689797,0.931535775246903,0.013176185806198967
1,1,0.24062895708480544,0.7569166383206141,0.0024544045945805817
1,0,0.7759815243176871,0.22356270279175017,0.00045577289056257677
0,0,0.6611738517798647,0.338305593470188,0.0005205547499474519
1,1,0.04775057375628166,0.8806436652461542,0.0716057609975642
1,1,0.1297418550046101,0.8676146751235077,0.0026434698718822264
1,1,0.12347355776157819,0.8737791354899935,0.002747306748428431
0,1,0.09756086542445687,0.894742010009236,0.007697124566306952
0,0,0.7322930454122423,0.26745629807317467,0.00025065651458304467
2,2,3.452015535678317e-08,0.00011884652938626065,0.9998811189504583
1,1,0.1763915459484053,0.8204091208063223,0.003199333245272424
0,0,0.9711804688743082,0.028627153336397648,0.00019237778929420465
0,0,0.8890003209262602,0.11083607650925595,0.0001636025644838301
1,1,0.20780527083465483,0.7903307251012621,0.0018640040640830282
0,0,0.510710640123889,0.48853545290775247,0.0007539069683585813
1,1,0.1531917567423232,0.845775508870947,0.0010327343867297704
1,1,0.04468163660633133,0.9418221261426952,0.013496237250973504
0,0,0.8615465511921165,0.13817481192438497,0.00027863688349850436
1,1,0.20605477899892555,0.7917882865076245,0.0021569344934499585
0,0,0.730246831610767,0.26962331380829513,0.00012985458093785055
1,1,0.12865530316899992,0.8403306394748558,0.031014057356144157
1,2,0.00016012545585715604,0.11548523614336949,0.8843546384007733
0,0,0.6856351710276024,0.31417887877208145,0.0001859502003160565
0,0,0.9403190336556597,0.0592127306816495,0.0004682356626907519
1,0,0.5478511372865847,0.4517666780810978,0.00038218463231749463
1,1,0.44243803971319906,0.5564891215869855,0.0010728386998154363
0,1,0.2629385211563261,0.7319462288681546,0.005115249975519416
0,1,0.09054029511956903,0.9075776818818072,0.0018820229986237411
1,1,0.020987991256803413,0.9712841637859553,0.0077278449572412864
0,0,0.5057454397257527,0.492590164757696,0.001664395516551172
0,0,0.8339032929104634,0.1658282118996539,0.00026849518988267875
1,0,0.8305442926518567,0.16922548267819945,0.00023022466994383937
0,0,0.8231398844066493,0.1767608917797085,9.922381364209671e-05
2,2,6.7022195658471715e-06,0.13470034502772987,0.8652929527527042
1,1,0.09892479601532071,0.8626709136100547,0.03840429037462457
0,0,0.6002788779794527,0.3994382896779667,0.00028283234258067954
1,1,0.48821212546507003,0.5101718672265441,0.0016160073083859843
0,0,0.9932215985797325,0.006731552792823412,4.684862744426443e-05
2,2,3.551802606880926e-05,0.15167322128046495,0.8482912606934662
0,1,0.31428903210693815,0.682374682404282,0.0033362854887798257
1,1,0.31373882024184974,0.6844824179276944,0.00177876183045587
0,0,0.9787417376853883,0.021056776688705543,0.00020148562590600254
1,1,0.19051484595599513,0.8016897583152554,0.007795395728749554
1,1,0.09756549921813773,0.8883955478424553,0.014038952939406943
0,0,0.796862354972735,0.20290842583454585,0.0002292191927190356
0,1,0.1500544901549924,0.8148686272974307,0.035076882547577
2,1,0.06005635942833039,0.8776459421700376,0.06229769840163202
0,1,0.47933144890075696,0.519725417823427,0.0009431332758160326
1,1,0.21212246978713095,0.7787612449127291,0.00911628530013993
0,0,0.6636656344167524,0.3355564231060759,0.0007779424771715928
0,0,0.545851657908082,0.45382406411688836,0.00032427797502960484
1,1,0.2719840490811187,0.7260070752150912,0.0020088757037902923
1,1,0.015113996871469382,0.8771471462811204,0.10773885684741025
0,0,0.8968204138491953,0.10292139780310058,0.0002581883477040718
0,0,0.8866504041264022,0.11328131157777344,6.828429582434486e-05
1,1,0.029828967533707867,0.8476864290228753,0.12248460344341687
2,2,0.00014695252192017402,0.1480154584790693,0.8518375889990105
0,0,0.7313980946181177,0.26833657829256247,0.0002653270893197352
0,0,0.9009613006949667,0.09851197021184913,0.0005267290931841691
0,0,0.6633724069273914,0.33648628189130986,0.00014131118129869448
1,1,0.30288533942883084,0.6942493082094393,0.002865352361729891
1,1,0.1611881668293742,0.8273663547567719,0.011445478413853937
0,1,0.15556291419187454,0.79867748431286,0.045759601495265555
1,0,0.7162442863384357,0.2830676054137714,0.0006881082477929162
1,1,0.001446078404632644,0.638270347694061,0.36028357390130644
1,1,0.049459400430602096,0.9350905596531301,0.015450039916267694
0,0,0.874413300818304,0.12550083320442257,8.586597727330908e-05
1,1,0.43776249403082007,0.561177368817164,0.001060137152016025
1,0,0.5368397261358724,0.46110203488324375,0.002058238980883853
1,1,0.45313734748350387,0.5392133446753788,0.007649307841117425
2,2,0.00012497424416157128,0.16954665954786532,0.830328366207973
1,0,0.6514108909298786,0.34754399982290063,0.0010451092472209115
1,1,0.2905261685483489,0.7079476237367671,0.001526207714884018
0,0,0.992348543512123,0.007641790981575569,9.665506301474803e-06
0,0,0.5454726527688216,0.4543807497879959,0.00014659744318243554
0,1,0.3759205902545518,0.6214148215165382,0.0026645882289100396
0,0,0.8897223227878783,0.11017455126248538,0.00010312594963636595
0,1,0.48315507916411293,0.5164631012701597,0.00038181956572730483
0,1,0.37385086431663606,0.6251361224239281,0.0010130132594357313
1,1,0.400813234450149,0.5976555758709973,0.0015311896788537183
1,1,0.06391978302520944,0.9308287405105097,0.005251476464280793
1,1,0.33508470868320933,0.6633988775558664,0.0015164137609241948
0,0,0.9095590065392818,0.09028557508860358,0.00015541837211474494
0,0,0.5801434417690762,0.4191889709935676,0.0006675872373562899
1,1,0.14207681021498064,0.838251346813323,0.019671842971696402
0,0,0.6864453883950695,0.3134503320656813,0.00010427953924919674
1,1,0.10452913410653475,0.8844983303122137,0.010972535581251573
1,1,0.11185025033446606,0.8801087160094956,0.008041033656038284
0,0,0.9146214263555229,0.08531703240068861,6.154124378861344e-05
1,1,0.46850738381602336,0.5307650684497596,0.0007275477342171225
0,1,0.048724930812464914,0.8963889275377434,0.054886141649791616
0,1,0.4922969816218885,0.5070720971662172,0.0006309212118943002
0,0,0.693049315728564,0.3067586753938904,0.00019200887754551254
1,1,0.059249439298420324,0.9365943107007662,0.004156250000813579
0,1,0.2797570472860671,0.7173883112869385,0.0028546414269942917
0,0,0.7278823166703621,0.27112335308659247,0.0009943302430455536
1,0,0.6276897410533805,0.3673562601856006,0.004953998761018925
1,1,0.06303744574327681,0.8914821683315098,0.04548038592521335
0,0,0.6925469626886523,0.30728617250552925,0.0001668648058184389
0,1,0.43477650577550125,0.5640139744340056,0.0012095197904931502
0,0,0.8150164218916657,0.18477165618087255,0.00021192192746185962
1,0,0.6324128099725607,0.36591344131979653,0.001673748707642681
0,0,0.981849722009767,0.018067909880482926,8.236810975008753e-05
1,1,0.4791040950304538,0.5203027179341347,0.0005931870354113835
1,0,0.620550479102206,0.3789777324647844,0.0004717884330097493
0,1,0.4538663816372312,0.5445935252581001,0.0015400931046687615
1,0,0.5117414854896125,0.48787984997936784,0.00037866453101976746
2,2,9.538435383558046e-09,0.0017472697208191596,0.9982527207407453
0,0,0.8834498317788193,0.11637266402012547,0.00017750420105527552
0,0,0.6374101303876047,0.36206869688156257,0.0005211727308325883
2,2,0.0028236139205476004,0.15833158922162546,0.838844796857827
1,1,0.21999203302948372,0.7787861636193961,0.0012218033511200764
0,1,0.18603719279171593,0.8106897539048934,0.003273053303390651
0,0,0.9042978628398152,0.09533106048295466,0.00037107667723016634
1,1,0.05177552572748215,0.941687988871154,0.006536485401363678
1,0,0.5773713481738736,0.4220388702699122,0.0005897815562142684
0,0,0.5940665048099616,0.4054936744713777,0.00043982071866081787
0,0,0.8007110180443959,0.19890379401225133,0.00038518794335270574
1,1,0.4380882902715455,0.5610792085726628,0.0008325011557916715
2,2,1.4999210028441988e-07,0.01962947618950523,0.9803703738183944
1,0,0.8553640698268753,0.14426543859135169,0.00037049158177306394
0,0,0.7921171465054417,0.20713297885724655,0.0007498746373116699
1,1,0.42948585767753206,0.5684303246997978,0.002083817622670069
2,2,0.001149936487152792,0.11309571412483879,0.8857543493880083
1,1,0.05806645432607214,0.9316089557653946,0.010324589908533273
1,1,0.40346623080166616,0.5957116945089045,0.0008220746894294554
1,0,0.7850313394684926,0.21477461232352665,0.00019404820798063114
1,1,0.4070307819922567,0.5873474846224007,0.005621733385342656
0,0,0.9881940194135875,0.011779115603225435,2.6864983186995443e-05
1,1,0.2747530243291693,0.7231037808592724,0.002143194811558263
1,1,0.17473587818159886,0.8160592304402923,0.009204891378108858
1,1,0.02040863231065107,0.9011823542730473,0.07840901341630152
0,1,0.48034066826563254,0.5190985683377676,0.0005607633965999166
1,1,0.018521738858294605,0.9647450173102432,0.016733243831462196
0,0,0.7177365448117348,0.2821383210820596,0.00012513410620559868
1,1,0.3484750671089147,0.6506223013931396,0.000902631497945712
1,1,0.08011375978967053,0.9172759047514628,0.002610335458866669
1,1,0.23937025104840823,0.7590617258819595,0.0015680230696321807
1,1,0.417442780335676,0.5815872658708665,0.0009699537934574609
0,0,0.7916690063841674,0.20817897432922325,0.0001520192866092959
0,0,0.5708251303642298,0.42879764008099575,0.00037722955477454095
1,1,0.15319493183792812,0.8342035375680541,0.012601530594017774
0,1,0.37653931182793365,0.623054827870142,0.000405860301924331
1,0,0.7770645322643035,0.2228567772203388,7.869051535762416e-05
0,0,0.7276058421149697,0.2720517344652976,0.00034242341973275117
1,0,0.5665316011147405,0.4330441127606196,0.0004242861246397063
1,1,0.23581215259395266,0.7614154667282247,0.002772380677822827
1,0,0.5735689327898855,0.4257636960283495,0.0006673711817649141
0,1,0.36739758906381803,0.6238906133429248,0.008711797593257308
0,1,0.42612511107000156,0.5728923976300013,0.0009824912999971073
0,1,0.34716727770460637,0.6517840220297412,0.001048700265652499
1,1,0.06337260768651524,0.8606176912168899,0.07600970109659486
1,0,0.6827951819085128,0.3165610588029689,0.0006437592885181573
0,0,0.6409697605777603,0.35548395693320034,0.0035462824890393654
0,1,0.18115470944770615,0.8149565162188525,0.0038887743334414583
1,1,0.04022731698733997,0.9559535804034867,0.0038191026091732865
0,0,0.8017264332295355,0.19786501312089902,0.0004085536495655376
0,0,0.9623187228989908,0.03746407206692636,0.00021720503408269914
1,1,0.14376749987699738,0.8541717010111879,0.002060799111814673
2,2,0.00028255946547106245,0.16130176732167834,0.8384156732128506
0,0,0.7102823387841749,0.28952132814916814,0.00019633306665698162
0,0,0.9002885036996802,0.09938273372548778,0.00032876257483205416
1,1,0.40853647404802923,0.5902789134714536,0.0011846124805172864
1,1,0.10988582132383745,0.8883389911778165,0.001775187498346099
0,0,0.95581748970734,0.043935960235790744,0.0002465500568690777
1,2,0.000595236137247741,0.3387388194017443,0.660665944461008
0,0,0.7146658253610372,0.28508853826518316,0.00024563637377971896
1,1,0.03586839566161763,0.8939195940442797,0.07021201029410264
0,0,0.788802961158501,0.21085961897277206,0.0003374198687269047
0,0,0.7812819454923604,0.21839122240126205,0.0003268321063774481
0,1,0.16565953160358268,0.8250607338163047,0.009279734580112527
1,1,0.12232266929249597,0.8732888190654347,0.004388511642069479
1,1,0.31882206924690726,0.6794058283326737,0.0017721024204190364
0,0,0.7096321471339001,0.2897369925512335,0.0006308603148664012
0,0,0.7012551888066672,0.29837849868727145,0.0003663125060614741
0,1,0.3892793006719191,0.6082874503311134,0.0024332489969674342
1,1,0.28586637569765716,0.7131110060902213,0.0010226182121215498
1,1,0.10042946660325018,0.8965187872797388,0.003051746117011014
1,1,0.11342920886203033,0.885373118131032,0.0011976730069375595
0,0,0.7263363464509794,0.273365892480097,0.00029776106892357205
0,0,0.6313162033402956,0.3685471625110763,0.00013663414862815466
1,1,0.0818971777407413,0.9162891592952158,0.0018136629640427625
1,1,0.19179461117476496,0.8065005473958093,0.0017048414294256345
0,0,0.6999365759808485,0.2995815786055817,0.0004818454135698433
0,0,0.8817459697030958,0.11816620916885463,8.782112804940795e-05
0,0,0.6959500719315228,0.3038956493813916,0.0001542786870855236
1,1,0.18117350604786417,0.8166669935043505,0.0021595004477853457
0,0,0.8160039755183364,0.18376067834710538,0.00023534613455826364
1,1,0.2400079115922648,0.7535923035295494,0.006399784878185856
1,0,0.5963721174521913,0.403301472062762,0.00032641048504673565
1,1,0.09258677195701527,0.8991434627704963,0.008269765272488407
1,0,0.7592434111792172,0.2404281833403064,0.00032840548047633356
1,0,0.8172114441933005,0.18256634387403872,0.00022221193266067286
1,1,0.4594166130458641,0.5371791679077819,0.003404219046353933
0,1,0.40149521260242865,0.5957354428866775,0.0027693445108938463
0,0,0.5622490031670585,0.43703342892356917,0.0007175679093722393
1,1,0.14031404658224286,0.8548329672102775,0.004852986207479708
1,1,0.24190947298791748,0.7562951472598614,0.001795379752221189
1,1,0.16878641401172315,0.8294195447734715,0.0017940412148053644
0,0,0.67056258684686,0.3287115711398247,0.0007258420133152894
1,1,0.0797221713338181,0.9150858477618795,0.005191980904302255
1,0,0.5132542792176994,0.48532132016059704,0.0014244006217036568
0,0,0.8249664674945073,0.17482825451115344,0.00020527799433927885
1,1,0.10420939627229991,0.8918118010115654,0.00397880271613461
1,1,0.237822904357948,0.7582725917653131,0.0039045038767387802
1,1,0.337211268252138,0.6616201725011186,0.0011685592467433363
0,0,0.6542741690493594,0.34539220849392815,0.0003336224567123127
0,0,0.5091788566909552,0.4898459378017598,0.0009752055072849433
1,1,0.21437705673495974,0.7833127066548109,0.0023102366102293187
0,0,0.6219351981865148,0.37754522924475337,0.0005195725687318766
1,1,0.07198225536492292,0.9251435579670698,0.002874186668007183
0,0,0.8433105777972317,0.1541938930651222,0.002495529137645923
0,0,0.9878752519539021,0.012108322890464514,1.6425155633404347e-05
0,0,0.7442139242676625,0.2551110650580081,0.0006750106743293936
0,0,0.9528665315752458,0.04700660867102995,0.00012685975372415557
0,1,0.39403575556494463,0.6044497552677873,0.0015144891672680303
0,0,0.9625902472621805,0.037223087998245676,0.00018666473957396288
0,1,0.4866622061126001,0.5123081812573287,0.0010296126300712825
0,1,0.4980767777713553,0.5007002129881504,0.0012230092404943054
0,1,0.3736182699715926,0.6251362106710358,0.0012455193573716683
1,1,0.16487785866309138,0.8256974916600043,0.009424649676904389
1,1,0.046893729774800115,0.9482483864920997,0.0048578837331002
1,1,0.21499585324927667,0.7822702851762982,0.002733861574425108
1,1,0.174335479498607,0.8228779896754909,0.0027865308259021407
1,1,0.027186226588569187,0.9661711630333981,0.006642610378032677
0,0,0.6996542003504697,0.29934671355770887,0.0009990860918215262
2,2,0.0006718901788955354,0.1112800130933313,0.8880480967277731
1,1,0.3982665074434113,0.6002566268591958,0.0014768656973930079
1,1,0.2925199044210959,0.7052685620981125,0.002211533480791524
0,0,0.6205236156342107,0.3790566518429045,0.00041973252288495666
2,2,1.2619758084695112e-05,0.05057481296264921,0.9494125672792662
2,2,0.00030585829146645313,0.15257925107039969,0.8471148906381338
0,0,0.7350538699820927,0.26405441246008987,0.0008917175578173408
0,1,0.32774725804365457,0.6692435397970976,0.003009202159247805
1,1,0.08949825756058699,0.7641475146320562,0.14635422780735688
1,1,0.4566278493079663,0.542929948149428,0.00044220254260573806
0,0,0.581067322485564,0.41831502452927316,0.0006176529851627991
0,1,0.23014053731372733,0.7691348734381491,0.0007245892481234271
0,0,0.6084562266497342,0.3910130666523858,0.0005307066978799421
1,2,0.001249579761335759,0.3211160645368191,0.6776343557018452
1,1,0.09619142384024836,0.898041233682876,0.005767342476875729
1,1,0.09163402342904194,0.8794897440510582,0.028876232519899892
0,0,0.5238527676159489,0.4759446103885836,0.00020262199546739715
1,1,0.05199094903608049,0.9453238470903026,0.0026852038736169216
0,0,0.7225027936066512,0.27618592019515387,0.0013112861981948432
1,1,0.23660077312488736,0.7626216759498528,0.0007775509252600117
1,1,0.4604650235986538,0.538497485675823,0.0010374907255231154
0,1,0.24275052530934724,0.7541842490500581,0.0030652256405947487
0,0,0.7348936621263696,0.2649843241086418,0.0001220137649883994
0,0,0.9270614575691857,0.07278352692237262,0.00015501550844179528
0,0,0.7819608562698238,0.2178801737881987,0.00015896994197756782
1,1,0.22753254176693866,0.769752729708963,0.002714728524098258
1,1,0.03398357553983929,0.958496852710798,0.007519571749362893
1,1,0.16205946638463609,0.8339957455742629,0.0039447880411009086
0,0,0.961061929901517,0.03891306656537216,2.5003533110834535e-05
0,0,0.5220296465861088,0.47759182690066254,0.00037852651322863886
1,1,0.3651119818494253,0.6339695431151735,0.0009184750354012871
1,0,0.6043955319063946,0.3933475218762502,0.002256946217355256
1,1,0.4383303432491036,0.5603134698933692,0.0013561868575273205
0,1,0.2975834315314023,0.6932422792452042,0.009174289223393453
1,1,0.04842061103105546,0.9478560682361175,0.003723320732826938
2,2,1.328021243946195e-07,4.4293318131086305e-05,0.9999555738797445
1,0,0.8308851449958251,0.16895831450598783,0.00015654049818717295
1,1,0.05178755412900957,0.9458247119101656,0.0023877339608248454
1,0,0.8289508782614253,0.17061824650857976,0.00043087522999492073
2,2,0.0014331487634550587,0.1743183772338546,0.8242484740026903
2,2,3.0701809767690414e-07,0.013962572641133595,0.9860371203407687
1,1,0.44208948394921893,0.5575616444999565,0.0003488715508245203
1,0,0.9097293094502026,0.0902212494197887,4.944113000876792e-05
0,0,0.8984120110718345,0.10156747010855399,2.051881961140073e-05
1,1,0.13744856114461979,0.8603741240826996,0.0021773147726806457
1,0,0.5162959886460674,0.4825392437750355,0.0011647675788971346
1,1,0.09775593318579788,0.8928811373052065,0.009362929508995711
1,0,0.5147985999893601,0.4831768304806863,0.0020245695299535888
0,0,0.6776413511079709,0.32152808848179815,0.0008305604102310202
1,1,0.1563877330542067,0.842516155835886,0.0010961111099073789
1,1,0.048324091039430736,0.9482690569081762,0.003406852052393044
0,1,0.29478421110324965,0.7034978134333791,0.0017179754633712416
1,1,0.036946433402700055,0.8837969512461321,0.07925661535116782
0,0,0.877727849643138,0.12155540814907485,0.000716742207787059
1,0,0.6130647018423191,0.38566519041864844,0.0012701077390324914
1,1,0.3764867189608582,0.6219880831928202,0.0015251978463217148
1,1,0.02850894401360998,0.9648019564083228,0.0066890995780671736
0,1,0.14170175395548013,0.8440512773726611,0.014246968671858897
1,1,0.17479340871180468,0.8235258042796332,0.0016807870085621917
0,0,0.872868820153325,0.1270397720701049,9.140777657031322e-05
0,0,0.8651722782136031,0.13473423083066516,9.349095573185089e-05
1,1,0.10338785793320455,0.8944893405263612,0.0021228015404343333
1,0,0.641013360109153,0.35868010584250587,0.0003065340483411106
0,0,0.7769326259755284,0.22263963124592712,0.0004277427785445998
0,0,0.6942555005391814,0.3050640438137888,0.0006804556470297612
1,1,0.2030987075174251,0.7931509388701381,0.003750353612436835
1,2,0.009854193853053151,0.4451034557195652,0.5450423504273817
1,1,0.03750950620493143,0.846390821399657,0.1160996723954116
0,1,0.25612264356316583,0.7340487696671223,0.009828586769711935
0,1,0.3526050609369068,0.6426244055341283,0.004770533528964996
1,1,0.20885347004161342,0.788963190100755,0.00218333985763142
1,1,0.3552301817980723,0.6434685131737787,0.0013013050281489686
1,1,0.23089164676841845,0.7676498855940693,0.0014584676375121678
1,1,0.21341448837052096,0.7846194987625826,0.0019660128668963933
1,1,0.36185519274024364,0.6374130217035918,0.0007317855561644561
1,1,0.09049375609808635,0.8978344682006156,0.01167177570129806
1,1,0.2548029450615409,0.7411557569406317,0.004041297997827477
1,1,0.23302482118014162,0.761774918077012,0.005200260742846303
0,0,0.6981146033271696,0.3016202792619692,0.0002651174108612605
1,1,0.04730895827552658,0.8481016957047152,0.10458934601975835
1,1,0.23390127138134964,0.7635816188750042,0.002517109743646249
2,2,2.9364793516664107e-06,0.014909568041846493,0.9850874954788018
0,0,0.633664668233631,0.3655818770336455,0.0007534547327235953
1,1,0.4216950416579823,0.5779081568205592,0.00039680152145867036
0,0,0.6678249424250792,0.33197068494731735,0.0002043726276034115
1,1,0.36619891557911133,0.6333513969240868,0.00044968749680185377
1,1,0.036770633231921,0.5413200189838238,0.42190934778425526
1,1,0.10826106426588596,0.8891474948466571,0.0025914408874568237
0,1,0.27450549226784615,0.7247153561009931,0.0007791516311606237
1,1,0.16804574663985428,0.8235760082292861,0.008378245130859633
0,1,0.4324279925844918,0.5632585510763622,0.004313456339146001
1,1,0.08298036095253941,0.9143557679876811,0.002663871059779424
0,0,0.8654418824819479,0.1344155219619774,0.000142595556074732
1,1,0.11740863079286955,0.874745080184488,0.007846289022642576
2,2,2.726457146884141e-05,0.05736545000372445,0.9426072854248068
1,0,0.7978322181782844,0.2018597993699582,0.0003079824517573664
1,0,0.552548426014581,0.4461011145944438,0.0013504593909752776
0,0,0.7581898285005277,0.23956528122671117,0.0022448902727610458
0,0,0.5599414507471362,0.43987802263631487,0.00018052661654901844
0,0,0.5587212111748041,0.4409806291385842,0.0002981596866116644
0,0,0.7691634051381697,0.23074327695266833,9.331790916195643e-05
1,0,0.6547794725317865,0.34491193773607637,0.0003085897321371828
1,1,0.2083415280382638,0.7857918060027296,0.005866665959006587
1,1,0.3945187774260433,0.604694106767472,0.0007871158064846729
1,1,0.1974843611680585,0.8015819970366931,0.0009336417952484315
1,1,0.22268242999091586,0.7731913351710196,0.00412623483806454
0,1,0.46745088167976045,0.5296206143597711,0.0029285039604683787
0,1,0.49321039698194724,0.504368966398532,0.0024206366195207263
1,1,0.01116716601987796,0.9758997776682427,0.012933056311879455
1,1,0.08739686432521603,0.8858246370724093,0.026778498602374665
1,1,0.08207908156371498,0.9154285157224707,0.0024924027138142776
1,1,0.13612607688778458,0.8609978687073607,0.002876054404854766
1,0,0.834312827009606,0.1654852704507854,0.00020190253960880345
2,2,5.458519118272325e-05,0.05986450524244458,0.9400809095663727
1,1,0.08723155217897549,0.910514776066021,0.0022536717550034452
0,1,0.2867234719096726,0.7117442296722959,0.0015322984180315702
1,0,0.5812498986048342,0.4182732798620593,0.0004768215331065065
1,0,0.7536690001285675,0.24553026211874346,0.0008007377526890778
2,2,7.064116735299141e-06,0.05455747276137963,0.9454354631218851
0,1,0.4545284233431721,0.5451382963901558,0.0003332802666722288
1,1,0.20514507872114107,0.7842959237028762,0.010558997575982755
1,1,0.04505090015524382,0.9498090819444618,0.005140017900294471
1,1,0.2767089195539788,0.721943572263885,0.0013475081821362025
0,1,0.4283745067264606,0.5699741142128819,0.0016513790606575228
0,1,0.1812538544877266,0.8116583093162227,0.007087836196050612
1,1,0.04937421759495952,0.9462640250357843,0.004361757369256055
0,0,0.9103007280841375,0.0895474063831796,0.0001518655326829058
2,1,0.031793264796696204,0.8101067534505694,0.1580999817527343
1,0,0.6688461669644509,0.3302929679372688,0.0008608650982803893
1,1,0.3221894026974067,0.6762893996314324,0.0015211976711610377
0,0,0.7421337492878347,0.2575965807350852,0.0002696699770801027
1,1,0.09643726907994629,0.8977004853058062,0.005862245614247493
1,1,0.11877659809860269,0.846681336433761,0.03454206546763628
1,1,0.15837764901984488,0.8376055448302774,0.004016806149877736
1,1,0.11025291972214779,0.8883656236144013,0.0013814566634509891
0,0,0.9678347951533295,0.031681266373022,0.00048393847364842907
0,0,0.7046665168261954,0.29473153748929815,0.0006019456845065668
0,1,0.08377061959364972,0.9140635056837872,0.002165874722562987
1,1,0.21470999307080632,0.7839287363000815,0.0013612706291121581
1,1,0.26109721473647035,0.7350996547632667,0.003803130500262986
1,0,0.7429103067259145,0.25689138617915347,0.00019830709493205264
1,1,0.16985868852546254,0.8256388586795287,0.004502452795008733
0,0,0.9641661257673357,0.035583934189557465,0.0002499400431069192
2,2,2.906370798196604e-05,0.11468351516560618,0.8852874211264118
0,0,0.5675620542534568,0.431489151023948,0.0009487947225951974
0,0,0.9210725560942559,0.07881014164669725,0.00011730225904669978
1,1,0.08522036363496892,0.9123657192231911,0.002413917141840039
0,0,0.6929124580032217,0.30677685096862245,0.0003106910281558778
1,1,0.17790729595338226,0.8206543337591854,0.0014383702874325348
0,0,0.8745557951052942,0.12534126292264028,0.00010294197206542055
1,1,0.21832291718052566,0.7788788859034516,0.0027981969160228645
1,1,0.2983739387478919,0.6977317688998231,0.003894292352284935
0,0,0.999593565680918,0.00030473044798112276,0.00010170387110082179
1,1,0.09061381050104046,0.8998015775873376,0.00958461191162177
1,1,0.1724624900124046,0.8261268590158218,0.0014106509717736228
0,0,0.6442333423258696,0.355450030440146,0.00031662723398430447
1,0,0.854707024684163,0.14486419793639185,0.00042877737944509755
0,0,0.9392253384399463,0.06072302298885561,5.163857119817596e-05
1,1,0.031401094209562705,0.9609335885939869,0.007665317196450182
2,2,2.957255495950262e-06,0.013194550160422862,0.986802492584081
1,1,0.4982717208706284,0.49970612234483475,0.002022156784536868
0,0,0.8340770246947331,0.1655312778653996,0.0003916974398673132
0,1,0.04560333433428201,0.8859733255472348,0.06842334011848329
1,0,0.6843259020922468,0.31535639681808697,0.0003177010896662614
0,1,0.04987493469717312,0.8709236394623608,0.07920142584046598
1,1,0.4738388279116443,0.5255921403878284,0.0005690317005272622
1,1,0.11033922481786264,0.8813583197898441,0.008302455392293209
1,1,0.37710894558769875,0.6218462818491403,0.0010447725631610306
2,2,0.003759561613397258,0.2930645390859455,0.7031758993006573
1,1,0.2570785714056418,0.7269311275643469,0.01599030103001136
1,1,0.13350064259980338,0.8650927331683632,0.0014066242318332182
0,0,0.7240858585643802,0.27494867015879787,0.0009654712768218425
1,1,0.07853668121682388,0.9146429799772037,0.006820338805972483
0,0,0.5238957062946357,0.47594848792937755,0.0001558057759868453
0,0,0.6278316878397742,0.3719921397557735,0.00017617240445229494
1,1,0.11437053531284846,0.8819917056374692,0.003637759049682393
1,1,0.13133835831707527,0.85926148989928,0.009400151783644816
1,1,0.2859897309536205,0.7117974322679151,0.0022128367784643157
0,1,0.23273014244349002,0.7633088966926421,0.003960960863867797
1,1,0.48029197633291965,0.5178292622593564,0.0018787614077239005
1,0,0.5080948151038783,0.4899727144001453,0.0019324704959765206
0,0,0.9579554331255348,0.04189581006722641,0.00014875680723881163
1,0,0.6577953930497811,0.3402689502039951,0.0019356567462238017
1,1,0.4830250270527673,0.5163636547320649,0.0006113182151677721
1,1,0.15387375356851776,0.8408387617303857,0.005287484701096385
1,0,0.7617212310634064,0.23786294225470653,0.000415826681887052
1,1,0.04796133282209878,0.9495870297162827,0.002451637461618634
0,1,0.24818520531562835,0.7496816402409044,0.0021331544434672494
1,0,0.6842056558889312,0.31558428182869,0.00021006228237881159
1,1,0.16904847873387363,0.8275240031704442,0.003427518095682213
1,1,0.39677784243464653,0.6020189998177863,0.0012031577475672673
1,0,0.6127179350932832,0.3866747437002912,0.0006073212064255985
1,0,0.5868731991010973,0.40806084850121593,0.0050659523976867874
0,0,0.8409025964642448,0.15679597331447187,0.0023014302212832523
1,0,0.6575099665138144,0.34096398136423667,0.0015260521219488709
0,0,0.6949087695768408,0.30497983648811094,0.00011139393504825288
1,1,0.02986931479507412,0.9653789401697058,0.004751745035220147
0,0,0.998671418910359,0.0010142855765545025,0.00031429551308638796
1,0,0.6500167816755578,0.34975970147647323,0.0002235168479689166
1,1,0.14257122636625816,0.8528930227282606,0.004535750905481186
0,0,0.9859064534344639,0.014064990645356157,2.855592017977202e-05
1,1,0.3099573484571113,0.6884903263976311,0.001552325145257617
0,0,0.857170628134096,0.14270725562003775,0.00012211624586623616
1,1,0.03888670565028808,0.9392358534063813,0.02187744094333069
1,1,0.11893216225482185,0.878639712842766,0.002428124902412231
0,1,0.45524291371340486,0.5435132246891254,0.0012438615974696573
1,1,0.18444443231082988,0.8102521106536722,0.005303457035497948
0,0,0.9043388164820335,0.0955768300143879,8.435350357847304e-05
0,0,0.9317938546341458,0.06783960637398855,0.00036653899186568346
0,0,0.7845793828933796,0.2153001461201759,0.00012047098644450014
1,0,0.6703109023141444,0.32940019902236517,0.0002888986634904409
1,0,0.5513946409539189,0.4479693331486046,0.0006360258974765912
1,0,0.6245998187027499,0.37508650063894167,0.00031368065830839027
1,1,0.3749562900340986,0.6238932130829726,0.001150496882928812
1,1,0.14175678310922404,0.8567931173203659,0.0014500995704100949
2,2,0.010102315533983417,0.4024323378486186,0.5874653466173979
1,2,0.013225757776763027,0.44333970349282215,0.5434345387304148
1,1,0.07674616714504374,0.9199297577560995,0.0033240750988568876
2,2,0.001946496654940974,0.1559127442124497,0.8421407591326092
1,1,0.03734197721909408,0.8567733264539424,0.10588469632696343
2,1,0.01074197438179572,0.8437080135353658,0.14555001208283846
0,0,0.8622553654396976,0.13740448389719334,0.00034015066310903947
1,1,0.035047512241261215,0.8777891942102213,0.08716329354851743
0,1,0.3870113742802499,0.6111176843303338,0.001870941389416373
1,1,0.11523768809260063,0.8775231600121027,0.007239151895296488
1,1,0.052454967383139504,0.9441793537125208,0.0033656789043397485
0,0,0.6589692089983917,0.3406087261514383,0.0004220648501698489
0,0,0.6991271174322737,0.29896794543152233,0.001904937136203924
1,0,0.6590642895827111,0.34037198771177263,0.0005637227055161535
1,1,0.16269982177174044,0.8361043598067364,0.0011958184215233203
1,1,0.1535615211464977,0.8419173361005791,0.004521142752923195
1,1,0.1296569140340246,0.8643683678059229,0.005974718160052588
1,1,0.04466383241097169,0.9518955323994074,0.0034406351896210615
1,1,0.06427828629024859,0.8747037551197451,0.0610179585900064
0,0,0.8933284926753317,0.10649095266468292,0.0001805546599855791
2,2,2.1541763707882737e-05,0.036078594674421885,0.9638998635618702
0,1,0.04222553453258152,0.9551434187433228,0.0026310467240956907
0,1,0.3159926705945302,0.6829037709525856,0.0011035584528842346
0,0,0.6839384089057792,0.3157475040674154,0.0003140870268054232
1,1,0.27383140535033823,0.7253572132411348,0.0008113814085269936
1,0,0.7325843726472302,0.26711343040068436,0.0003021969520853875
2,2,0.00015912210942259513,0.2614387050902688,0.7384021728003086
1,1,0.2705791785280902,0.726895821860288,0.0025249996116217216
1,1,0.006143224065588035,0.9862677842346333,0.007588991699778701
1,1,0.16349808064287752,0.829027165425022,0.0074747539321006395
1,1,0.1420432636180624,0.8558954193715507,0.0020613170103868437
1,1,0.053040202101976394,0.9435624664343453,0.0033973314636783726
1,1,0.1837228569931406,0.8136264680458806,0.0026506749609788048
0,1,0.32919836100503225,0.6675364612851103,0.0032651777098574616
0,0,0.9093949742585788,0.09046626879334785,0.00013875694807326903
1,1,0.4757050255395614,0.5213400662890122,0.002954908171426405
1,1,0.17347205742609736,0.8250274125861423,0.0015005299877603304
1,1,0.32795990779325324,0.671501342900834,0.0005387493059127855
0,0,0.8840293077446971,0.11412850125419553,0.0018421910011073616
1,1,0.04498358975712265,0.9517032638875513,0.0033131463553261933
1,0,0.808758754544201,0.19097271880022654,0.00026852665557270815
2,1,0.035319241850450815,0.8567693126867006,0.10791144546284863
0,0,0.9992294645821748,0.0006005132044618901,0.00017002221336351103
1,1,0.026404640318606922,0.8511362234234449,0.12245913625794816
1,1,0.1643376727173168,0.8316566998034758,0.004005627479207468
0,1,0.48592434173324117,0.5134369166402588,0.000638741626499974
1,0,0.5015869104600315,0.49809263197752973,0.00032045756243880154
1,1,0.0629265108988951,0.9343282636438116,0.0027452254572932536
1,1,0.2904924459989797,0.7088629749998092,0.0006445790012110143
1,1,0.054580934243870664,0.9330144220743043,0.012404643681824985
1,1,0.21793308572610845,0.7799627880175742,0.0021041262563172127
1,1,0.37596841223063576,0.6230855114372543,0.0009460763321099678
1,0,0.7342043456890294,0.26555876952349483,0.00023688478747588062
1,1,0.1924191842253562,0.802188356194342,0.005392459580301837
0,0,0.8916650972067383,0.10812025107868817,0.00021465171457361274
2,2,8.806371438714742e-06,0.06649382868614732,0.9334973649424139
1,1,0.13483818718800772,0.8617123611027615,0.0034494517092307554
0,0,0.7293431380526911,0.27039273678332565,0.0002641251639831798
1,1,0.1647436227215067,0.8310888512404938,0.0041675260379995215
1,1,0.17976184686042598,0.8172247576758688,0.0030133954637052824
1,1,0.30093278792043704,0.6981161181593636,0.0009510939201993626
0,1,0.3952885971802097,0.6033827689768624,0.0013286338429277884
0,1,0.3209874203821692,0.6776554795440762,0.0013571000737544942
0,0,0.7103393875371078,0.28937844922284595,0.0002821632400462821
1,1,0.1351052918512972,0.8610788066523083,0.003815901496394612
0,0,0.9990941528230878,0.0008033671593462189,0.00010248001756600825
1,1,0.388033665258599,0.6109435492235264,0.0010227855178744658
0,1,0.10246891534522319,0.8902958077433824,0.007235276911394437
1,1,0.18422857473321022,0.813312708912511,0.00245871635427874
1,1,0.17628762216753238,0.8204605903578895,0.0032517874745781974
1,1,0.02264014705408469,0.8878770517985193,0.08948280114739618
1,0,0.6930909630131865,0.30652877243700877,0.00038026454980462924
0,0,0.5729500727841074,0.4255380787538778,0.001511848462014865
1,1,0.1404129833694101,0.857803295295513,0.0017837213350770547
1,1,0.39582908134954436,0.603241991485937,0.0009289271645187209
0,0,0.5440028035682757,0.45551344145740447,0.0004837549743197439
1,1,0.48946894782199224,0.5097793137993063,0.0007517383787014211
2,1,0.029927466914868462,0.9533594394536845,0.016713093631446994
2,2,6.981062963059809e-05,0.12068298608557446,0.8792472032847949
1,1,0.1705690942532344,0.8270104940053019,0.002420411741463593
0,0,0.9993748443341859,0.0004707017784593306,0.0001544538873547761
1,1,0.04971430165216021,0.864254057888598,0.08603164045924172
1,1,0.20171495017241292,0.791559397323919,0.006725652503668276
2,2,0.012943384351871133,0.37496502758411415,0.6120915880640146
0,0,0.5071629091307286,0.4920045626667981,0.0008325282024733574
1,1,0.44618727180343615,0.552986055877691,0.0008266723188728382
0,0,0.8787349165675751,0.12092404808934455,0.00034103534308034
0,1,0.4493099150248039,0.5502729208476812,0.0004171641275149402
1,1,0.025721071405168928,0.9660687169514574,0.0082102116433739
1,0,0.510414306204873,0.48810476823422405,0.0014809255609029937
0,0,0.6296804229059662,0.3695466525898863,0.0007729245041475295
1,1,0.2797010684656497,0.7157317623709373,0.004567169163413076
0,0,0.6696073902575272,0.330020250117525,0.00037235962494782337
1,1,0.10263141457129055,0.8913909339026996,0.005977651526009875
1,1,0.07896318447229765,0.9123962618743297,0.008640553653372707
1,1,0.3112645613825299,0.6875686685431408,0.0011667700743292608
1,1,0.10338020344591184,0.8918622848451913,0.004757511708897025
1,1,0.07232602529904732,0.9228527645082644,0.004821210192688372
2,2,2.626295662492161e-05,0.07462610892554096,0.9253476281178341
1,1,0.05015831926215917,0.8763712547903525,0.07347042594748832
1,0,0.7354833392200587,0.2642840970830373,0.00023256369690394463
1,2,0.0007888651932375774,0.4075518768310925,0.5916592579756699
1,1,0.18164032119344323,0.8156984170979115,0.0026612617086454594
1,1,0.07260388010715657,0.8456190515485598,0.08177706834428354
0,0,0.7540164417340147,0.2459189394392604,6.461882672486711e-05
2,2,0.0002292893346056964,0.15980550592944165,0.8399652047359527
0,0,0.7841019803509164,0.21447476497120155,0.001423254677881976
0,0,0.5599747932584275,0.43927155500556125,0.0007536517360113161
1,1,0.021945542090903537,0.9674618397852812,0.01059261812381523
1,1,0.3641205119670048,0.6318105889171062,0.004068899115888989
0,1,0.3714644703190857,0.6240485485437531,0.0044869811371611905
0,1,0.17968273601213722,0.817350886164106,0.0029663778237566216
1,1,0.43128076356906286,0.5662996599582333,0.0024195764727038428
1,1,0.2877277067106986,0.7109096893876093,0.0013626039016920845
1,1,0.25780796783079357,0.7397780004090808,0.0024140317601256565
1,1,0.3588729471525846,0.6389675091684425,0.00215954367897288
1,0,0.5913220523038717,0.4077811919520791,0.0008967557440490813
1,1,0.10852707251045603,0.888330354654084,0.003142572835459883
0,0,0.925646816078845,0.07425087827191182,0.00010230564924297865
0,0,0.8864030254211056,0.1134928350937342,0.00010413948516020315
0,1,0.46048260106388195,0.538889496488499,0.0006279024476189933
0,1,0.1484786128269518,0.8492272901307182,0.002294097042329873
0,0,0.7746575341836673,0.22468209595174174,0.0006603698645910071
1,1,0.48557066114907005,0.513855290668484,0.0005740481824460039
0,0,0.5278619973659521,0.47183673170690965,0.0003012709271382972
1,0,0.6018075090936541,0.39739642936663805,0.0007960615397077416
1,0,0.5377967560929354,0.46151087118743106,0.0006923727196335182
0,0,0.6731214131345358,0.32581369786653375,0.001064888998930429
1,1,0.03670306896042537,0.9567036281746192,0.006593302864955252
1,1,0.2798677792666013,0.7178804179377626,0.002251802795636223
1,0,0.5413615694232633,0.45821365055015845,0.00042478002657822083
1,1,0.21349169604933282,0.785033413064425,0.0014748908862422
0,0,0.9065191630626177,0.09298276102519956,0.0004980759121826667
0,1,0.22940901218787296,0.7691398000040157,0.0014511878081112347
0,0,0.6897683232131958,0.30957055967162556,0.0006611171151785885
2,2,0.0005020952561003348,0.1413027266913411,0.8581951780525585
2,2,0.0002752410201950442,0.40998238466396725,0.5897423743158378
1,1,0.1838503205027216,0.8147885166674861,0.0013611628297923327
2,2,1.6942320037447286e-05,0.0308160519484571,0.9691670057315055
1,0,0.6582639007260528,0.34033649833246327,0.0013996009414837499
1,1,0.4811538695432414,0.5178898194833056,0.0009563109734530567
1,1,0.2975210539175595,0.7008131706601519,0.0016657754222886058
0,0,0.6517807376959319,0.34808080429220284,0.00013845801186514403
1,1,0.3223025028831881,0.676356875259407,0.0013406218574047615
1,1,0.05660251956354796,0.9390100106273752,0.004387469809076769
0,0,0.6827635167256987,0.3146106557141648,0.0026258275601365177
0,0,0.533423766705934,0.4658653394875695,0.0007108938064963941
0,1,0.47154641069295894,0.5279003010953671,0.000553288211673904
1,1,0.013377439694751424,0.9699060031076882,0.016716557197560426
0,0,0.6511750896880251,0.3473039361878938,0.001520974124081023
0,0,0.7539994502385812,0.245441527868158,0.0005590218932608235
1,1,0.48904505658138436,0.5104246940954922,0.0005302493231234475
1,1,0.10560513361103722,0.8925648567677976,0.0018300096211650368
1,1,0.041000704331563914,0.5422451333801008,0.41675416228833523
1,1,0.021894698204782414,0.8518822796255362,0.12622302216968134
2,2,0.009569074184927369,0.38171660163472476,0.6087143241803479
1,1,0.0103279778879821,0.9832225770210894,0.006449445090928601
0,0,0.899277786539082,0.1006892360536089,3.297740730912445e-05
0,1,0.0568821256994103,0.9386963592087005,0.004421515091889183
0,1,0.27894093122959346,0.7185602587402917,0.002498810030114907
1,1,0.3448987782401347,0.6517590364677167,0.003342185292148556
1,0,0.7702164856168264,0.22959886114620698,0.00018465323696658663
0,0,0.7950929965024733,0.20443950474382971,0.0004674987536969429
2,2,0.0019354858068134353,0.2341056724940201,0.7639588416991666
0,1,0.3849028861920159,0.6106382372699838,0.004458876538000279
0,1,0.23305548863227993,0.7647418978979877,0.0022026134697323376
0,0,0.9278406578301517,0.07204268889281451,0.00011665327703402781
0,0,0.875493035416674,0.12411206612286599,0.0003948984604599885
2,2,2.8662138605128135e-05,0.0820738265354259,0.917897511325969
1,1,0.4373297948074488,0.5612943827463757,0.001375822446175484
1,1,0.02651969444848816,0.9675892259589952,0.0058910795925166196
1,1,0.14512431462833367,0.8534629179004741,0.0014127674711922047
1,1,0.1106078865133318,0.8728141900012748,0.01657792348539345
0,0,0.8888133934490404,0.1062437749356354,0.004942831615324228
1,0,0.7185721221814422,0.2812956176719108,0.00013226014664696303
0,1,0.44313731272454243,0.5565313036857055,0.0003313835897522348
0,0,0.5053333358283661,0.49138716490805284,0.0032794992635809903
1,1,0.3535117285998073,0.644717049350791,0.0017712220494017948
0,1,0.4794734379151024,0.5180704777341185,0.0024560843507791027
0,0,0.7139777098843466,0.2848041127282693,0.0012181773873840614
1,1,0.3092221929475678,0.6886784413382766,0.0020993657141555925
0,0,0.654714764029033,0.3448442782544399,0.00044095771652714405
1,1,0.0661548749650153,0.9310955386249962,0.0027495864099886243
0,1,0.3354289395666876,0.661554725665079,0.0030163347682333006
0,1,0.3851466919193072,0.6077082621414934,0.007145045939199319
1,1,0.022099570405902783,0.9715307730158855,0.0063696565782116795
0,0,0.9137685431287453,0.08581876362580651,0.0004126932454481006
1,1,0.15363047005420236,0.8445096690162348,0.0018598609295628107
1,1,0.04170436510131568,0.8489536616646789,0.10934197323400541
1,1,0.05307961093221858,0.942319831981011,0.00460055708677022
0,1,0.38024131795167604,0.6180134283541718,0.0017452536941520486
1,0,0.600571738599007,0.3990906377247174,0.00033762367627560464
1,1,0.23452212720818724,0.763082381621241,0.002395491170571813
0,1,0.4229292116377802,0.5748358342530245,0.0022349541091952344
0,0,0.6660161191739045,0.33373752782914384,0.00024635299695172867
0,1,0.347479343455662,0.6493961391290769,0.003124517415261086
0,0,0.8725598449757567,0.12707254658756076,0.00036760843668274715
1,1,0.05783762021004538,0.8858553393868512,0.05630704040310339
0,0,0.5991478455188833,0.40054502846308454,0.0003071260180321499
1,0,0.5155589800425525,0.48344887356087807,0.0009921463965694044
0,0,0.9984024903847498,0.0009438890980394124,0.0006536205172107418
1,1,0.2500565687894658,0.723242318069086,0.026701113141448112
0,1,0.22227875107234166,0.7752045372728873,0.0025167116547710686
1,1,0.04550637072703807,0.9515595510399745,0.002934078232987358
1,1,0.14978094069701625,0.8489658027237421,0.0012532565792416892
0,0,0.6757133063420784,0.32408111541031515,0.0002055782476065332
1,0,0.5879304950744008,0.41151969208461253,0.0005498128409867087
0,0,0.7014841283937204,0.2978152862085513,0.0007005853977283
0,1,0.1234803648672534,0.8420285284095134,0.0344911067232331
1,1,0.05721718445653602,0.9343366360111408,0.008446179532323095
0,0,0.5634541927492419,0.4362711518380803,0.00027465541267778057
0,1,0.25826459461686607,0.7393608109459264,0.0023745944372075348
2,2,1.3889815952909263e-08,4.8160292228836154e-05,0.9999518258179553
1,0,0.802359892423424,0.19724107189876225,0.00039903567781382346
1,2,0.008077772602705228,0.11313705385319746,0.8787851735440974
2,2,0.0009388595078569182,0.2001363906082143,0.7989247498839287
0,0,0.7155259081322463,0.2823067954641687,0.002167296403585081
2,2,0.0013128282565403502,0.21278121679508355,0.7859059549483761
1,1,0.07748067945630055,0.9182868637162425,0.00423245682745708
2,2,1.7067092530837842e-06,0.07644312159090641,0.9235551716998406
1,1,0.11792299677437952,0.8781765565765569,0.003900446649063665
0,0,0.9211281938962056,0.07853074471798462,0.0003410613858096912
2,2,2.3698620976113296e-05,0.15318494570378474,0.8467913556752392
1,0,0.6432719240773788,0.3551701825958356,0.0015578933267856138
1,1,0.22402767224874823,0.7714693270570236,0.00450300069422818
0,0,0.998922390444187,0.0006684589067527418,0.00040915064906007185
0,0,0.5177598488062595,0.47976149555703845,0.0024786556367019266
1,0,0.5818433827360604,0.4162513848941211,0.0019052323698185282
0,0,0.8845515180053571,0.1146098122586451,0.0008386697359977234
1,1,0.10537172975930208,0.6645281711876146,0.23010009905308326
1,0,0.8384903572986425,0.16110988751001706,0.0003997551913405001
1,1,0.014639175640468098,0.6864530429411424,0.2989077814183895
1,1,0.35996416859034097,0.6395010199745064,0.0005348114351527111
0,0,0.6599497824552963,0.3399415209686648,0.00010869657603885205
0,0,0.9510457098875692,0.048408010715438626,0.0005462793969923244
1,1,0.44817565437300727,0.5498235641685846,0.0020007814584080655
1,1,0.014071959778867608,0.9653745366785234,0.0205535035426092
0,0,0.8092515226561489,0.19033392632202703,0.00041455102182418843
0,1,0.4050989086131456,0.5933963289797021,0.0015047624071522078
0,0,0.6080524998850829,0.3913898850076362,0.0005576151072809325
1,1,0.2041429516180564,0.7936137926897068,0.0022432556922368837
1,1,0.17939184617724374,0.8178216023292637,0.002786551493492548
0,1,0.26034724754106536,0.7387194891113332,0.000933263347601321
0,0,0.8989305648911116,0.10088232037826737,0.00018711473062099778
0,1,0.46762335905417957,0.5315997718327724,0.0007768691130481121
1,1,0.13820020171638464,0.8597615027190726,0.0020382955645426963
1,1,0.02449819472348175,0.5339305625280928,0.44157124274842546
1,1,0.49149496925470293,0.5082064597194235,0.0002985710258737166
2,2,0.0019029951692028353,0.2966433497521857,0.7014536550786115
1,1,0.20101769366580338,0.7983160840460118,0.0006662222881846951
1,1,0.11834174214092337,0.8196816566109326,0.06197660124814411
0,0,0.6952213356677951,0.30439960922730935,0.0003790551048956016
1,1,0.31832274744048444,0.680011844407373,0.0016654081521425635
0,0,0.8348107636315452,0.16508280922654603,0.00010642714190884618
1,0,0.7668756266267863,0.23270727734049046,0.00041709603272318684
0,0,0.7654542235964906,0.22214014382620229,0.012405632577307018
0,0,0.9884958681962148,0.011440324038141632,6.380776564350292e-05
1,1,0.04033950786994821,0.953032265797091,0.00662822633296074
0,0,0.766341395819544,0.23319249515582274,0.0004661090246333286
2,2,0.0003632615265297807,0.3430813201280261,0.6565554183454442
1,1,0.26285128529267543,0.723913749066655,0.013234965640669553
1,1,0.07571910063156545,0.9199305025167571,0.00435039685167741
1,1,0.10434473491985996,0.8931704293626375,0.0024848357175025577
0,0,0.9240921703012842,0.07573751671107519,0.00017031298764070885
1,1,0.08298841405345514,0.8849542765877076,0.032057309358837334
1,2,0.0007397148387364697,0.24806848012565255,0.7511918050356109
1,1,0.026516979036837935,0.928368344970942,0.04511467599222001
2,1,0.05641840779716145,0.878991492444093,0.06459009975874548
0,1,0.04155702502876493,0.9540675615057542,0.0043754134654809705
1,1,0.14517028776138632,0.8014095580777921,0.05342015416082167
0,0,0.7738946797798556,0.22564407488412067,0.0004612453360237996
1,1,0.16717766834311962,0.8298757673978123,0.0029465642590681906
1,0,0.5474398775296437,0.4503366315089369,0.0022234909614194305
1,0,0.6924457061562753,0.3064803469019059,0.0010739469418188394
0,1,0.3200008116661558,0.6779995985727802,0.001999589761063876
0,0,0.6526479289684926,0.3417788983882905,0.0055731726432168985
1,1,0.06480209986944571,0.9344064273068006,0.0007914728237536152
1,2,0.0002652427639757896,0.026896746837306664,0.9728380103987176
1,1,0.40477900161303837,0.5940578560837437,0.001163142303217989
1,1,0.14345381179749347,0.852479888688338,0.004066299514168509
2,2,4.5017018169822146e-05,0.06934016934494423,0.9306148136368859
0,0,0.8264864770999827,0.1733498671875155,0.00016365571250179822
1,1,0.44045604497810154,0.5585826208597454,0.0009613341621529754
1,1,0.2771297480046447,0.721656151401808,0.0012141005935473429
1,0,0.7481600236980659,0.25166812334083727,0.00017185296109680604
1,2,0.0002078498933716532,0.31907917465628804,0.6807129754503403
1,1,0.1947050492752422,0.8044345141162469,0.0008604366085110008
1,1,0.3006519520316665,0.697024724872954,0.0023233230953795983
1,1,0.13382160254526743,0.8616566811231385,0.004521716331594082
1,1,0.10412615142333168,0.8854593019339653,0.010414546642703004
1,1,0.024996268138865213,0.9710427010493449,0.003961030811789801
0,0,0.8150550488471231,0.18474157970353228,0.00020337144934444966
1,1,0.10518169018747636,0.8925721843051938,0.002246125507329741
1,0,0.8602067249472427,0.13948582364913012,0.0003074514036272763
0,1,0.482592411374304,0.5160937446014408,0.001313844024255169
0,0,0.5671610752142391,0.43227373224141313,0.0005651925443476904
0,0,0.9029293751996026,0.09648496802146955,0.0005856567789279924
1,0,0.7950390577615634,0.20475323993321498,0.00020770230522168935
1,1,0.09036110799147307,0.9070864485613038,0.002552443447223186
0,1,0.2761922238876561,0.7194662666197376,0.004341509492606367
0,0,0.6571593474943919,0.34256330622338366,0.00027734628222448313
1,1,0.11559723028723978,0.882179979729356,0.0022227899834041964
2,2,6.1179068076295786e-06,0.006444950471659953,0.9935489316215325
2,2,7.898274992628284e-05,0.05931780008463717,0.9406032171654366
0,0,0.9279461681197747,0.0715502550419859,0.0005035768382393248
0,1,0.09884155880550065,0.896667045681314,0.004491395513185414
0,0,0.6430724927897968,0.3566751706864826,0.00025233652372055556
1,1,0.066778105391481,0.9309561670108246,0.002265727597694484
2,2,7.130227208031287e-05,0.07408157588252336,0.9258471218453963
1,1,0.055638085689376976,0.9166881371057031,0.02767377720492002
1,0,0.7269187268871893,0.2715353652769658,0.0015459078358449965
0,0,0.9985810952117505,0.0009348699563817586,0.0004840348318676998
1,1,0.019195629483604416,0.8143382865860208,0.16646608393037463
1,1,0.1558320327655299,0.8423278459074507,0.0018401213270192098
1,1,0.02754888976244908,0.9678686636296813,0.004582446607869565
1,1,0.022868332742516245,0.971581025207896,0.005550642049587677
0,1,0.24429802379258686,0.7525037064451987,0.0031982697622143356
1,1,0.28033622957758425,0.7183398290932644,0.0013239413291512416
1,1,0.00751402442610567,0.9852598052477546,0.007226170326139796
2,2,0.0006699463833497163,0.0992797728898628,0.9000502807267876
1,1,0.3671305697458034,0.6321908686147006,0.0006785616394958604
1,1,0.3422642084896877,0.6567389633402979,0.0009968281700143196
0,0,0.6872816140751313,0.3125974954758884,0.00012089044898026745
1,1,0.33095411293641863,0.6673114863099653,0.0017344007536160084
2,2,4.3355942871852865e-06,0.046418955275223855,0.9535767091304889
0,0,0.6782097673842871,0.32156547494477433,0.00022475767093862632
1,1,0.4536181451739082,0.5450920200576924,0.0012898347683993623
1,1,0.16239516473047608,0.8347997600197234,0.0028050752498005346
0,1,0.37962979744372466,0.6189778075716428,0.0013923949846323905
0,0,0.6905187744530904,0.3091021045484465,0.00037912099846314207
0,0,0.895060284411409,0.104912976757732,2.6738830859096354e-05
1,0,0.6977884166592739,0.301655730302432,0.0005558530382940537
1,1,0.254833949272852,0.7424886684352511,0.0026773822918968603
1,1,0.33876606984273117,0.6555446159027072,0.005689314254561725
1,1,0.06613341337825807,0.9296253558948054,0.004241230726936508
0,1,0.45312178732146996,0.5462963324600851,0.0005818802184449969
1,1,0.31063023291981523,0.685862007930725,0.003507759149459845
1,0,0.8594884119387776,0.140329159168717,0.00018242889250548518
0,0,0.5327989958100701,0.4668566474988324,0.00034435669109762025
2,2,0.00028013544261659213,0.1693819506064645,0.8303379139509188
0,0,0.6992270969147876,0.3004199222790372,0.0003529808061752531
1,1,0.09056966403656834,0.8643298078313453,0.045100528132086384
1,1,0.1547454087197089,0.840520392360952,0.0047341989193391614
1,1,0.34165082636276234,0.6561936515798061,0.002155522057431684
1,1,0.2677526939431759,0.7308545238367747,0.0013927822200492505
0,0,0.6644373863572864,0.3354085022551529,0.00015411138756076607
1,1,0.06439046651475334,0.9193896749223137,0.0162198585629331
0,0,0.7279080193427632,0.2712714894141005,0.0008204912431363531
2,2,1.0552250725619364e-05,0.018334374414379174,0.9816550733348953
1,1,0.3001050854763387,0.6960306584904744,0.0038642560331869787
1,0,0.6438226787458652,0.35391972556927215,0.0022575956848627306
0,0,0.8924864920609784,0.10659061273629897,0.0009228952027224825
1,1,0.4002533420616373,0.5988833720919904,0.0008632858463722244
0,0,0.6051092108068158,0.3928256339177475,0.002065155275436534
0,1,0.32052336066421283,0.6776047865708185,0.0018718527649687446
0,1,0.056806305099878246,0.8982152834972323,0.04497841140288922
1,0,0.9120868109493222,0.08771923819110167,0.0001939508595761551
0,0,0.547236128459028,0.45216201262084793,0.0006018589201239821
1,1,0.4242840738613148,0.565236264266062,0.010479661872623194
0,0,0.5614375455674496,0.4379738739771417,0.0005885804554086656
1,1,0.1381061036521527,0.8580880992596804,0.0038057970881668164
0,1,0.11964315373934553,0.8784436843219694,0.0019131619386850381
1,1,0.25413133982120517,0.7413264850958724,0.004542175082922281
1,1,0.043629465370698596,0.8105526937742403,0.14581784085506097
0,0,0.6145311010478335,0.38464291258559385,0.0008259863665726777
0,0,0.7507828499588419,0.2468847112715885,0.002332438769569579
1,1,0.31244220607422524,0.6846634442424415,0.0028943496833333127
0,1,0.3293850404919435,0.6689268635661112,0.0016880959419453023
0,0,0.7456672099922255,0.25418280493197826,0.0001499850757962784
0,0,0.7820661134096145,0.21741626628237537,0.0005176203080100452
1,1,0.2685937332684427,0.7284083071742941,0.002997959557263226
1,1,0.4983744417279805,0.5007699301622585,0.0008556281097610719
0,0,0.7500290441137557,0.2494379350101188,0.0005330208761255054
0,1,0.13412286635579537,0.8639787752671136,0.0018983583770908667
1,1,0.05305575694444088,0.8916404372866034,0.055303805768955765
0,0,0.8223659950442229,0.17740950706773748,0.0002244978880396184
0,0,0.9146583842717542,0.0853054929722275,3.612275601827211e-05
0,1,0.14574089115430544,0.8497126589010244,0.004546449944670082
0,0,0.7155842598302706,0.28395145766168906,0.00046428250804028746
0,0,0.8530384697882363,0.14686466289128486,9.686732047886242e-05
0,1,0.16350771256776192,0.8346180085752221,0.0018742788570161508
0,1,0.19011378047330216,0.8041104099165304,0.005775809610167486
1,1,0.09873817114981491,0.8678233145443838,0.03343851430580121
1,1,0.021331879769385765,0.9721544908921413,0.00651362933847285
0,0,0.7942091602655516,0.205698159407979,9.268032646947897e-05
0,0,0.8977084975921629,0.10224119382365753,5.0308584179652453e-05
1,1,0.3844652851075766,0.6097150660325837,0.0058196488598396025
1,1,0.4973473381451131,0.5021783262949793,0.0004743355599075417
1,0,0.6167970409464321,0.38047873032871465,0.0027242287248531952
1,1,0.3032284826804893,0.6958236968469911,0.000947820472519526
1,1,0.10444683384942949,0.893429180065055,0.0021239860855154628
1,1,0.06376253658124828,0.8583993147288691,0.07783814868988252
1,1,0.28640484548236694,0.7116175852961889,0.0019775692214441735
0,0,0.6129863493581538,0.3868389924562661,0.00017465818558013907
1,0,0.5023350288049747,0.49663090032661955,0.0010340708684057796
1,1,0.20636316363775153,0.7889610826074199,0.004675753754828597
1,1,0.2981958999892843,0.6965915747163405,0.0052125252943750235
0,0,0.5427204217870859,0.4561584733680411,0.001121104844872986
0,0,0.5677276264679992,0.43110460234412273,0.001167771187878025
1,1,0.02359212493832678,0.8704034784363908,0.1060043966252825
1,1,0.3373380863870215,0.6573850343429374,0.005276879270041134
1,1,0.1111021006356506,0.8781233884934563,0.010774510870893159
0,0,0.5891274441853847,0.41037666108625004,0.0004958947283653616
0,1,0.2258614649400428,0.7714936649787816,0.0026448700811756705
0,0,0.8294533096612242,0.16921881059682517,0.0013278797419506165
1,1,0.3081261135292086,0.6866986119967685,0.005175274474022793
0,0,0.6464849073098062,0.3526497587020431,0.0008653339881504883
0,0,0.6324340528018221,0.3663972154210534,0.0011687317771245215
1,1,0.22613592522690126,0.7731948641559656,0.0006692106171329983
0,0,0.5836230856990029,0.4159683980213362,0.00040851627966078096
1,0,0.646244237233206,0.3526311455781403,0.0011246171886536377
1,0,0.8525799513219577,0.14715217072135578,0.00026787795668640704
1,1,0.30195472346340324,0.6955188455409619,0.002526430995634967
2,2,3.9569239656772603e-07,0.0071615074329708095,0.9928380968746328
1,1,0.09759098275043546,0.9008730355515431,0.0015359816980214317
0,0,0.5257719939562412,0.4724905102597037,0.0017374957840551582
1,1,0.03489388305908168,0.8512373560985429,0.11386876084237535
2,2,0.008446589512190454,0.35514789341112635,0.6364055170766831
1,1,0.3746795897559256,0.6234788542966002,0.0018415559474742166
1,1,0.27837748552463004,0.720029675896023,0.0015928385793470162
0,1,0.4626530742523255,0.5339788937867701,0.0033680319609043986
1,1,0.13610384928504582,0.8630136276922601,0.0008825230226940975
1,0,0.8442210466360306,0.15563867694161884,0.00014027642235054546
0,1,0.4821691698850998,0.5173201884048408,0.0005106417100595033
1,0,0.8002446448030971,0.19965683289620376,9.852230069913159e-05
2,2,0.0010719881857290412,0.30773800412944463,0.6911900076848263
0,1,0.4909327083554744,0.5075840286763368,0.0014832629681887644
1,1,0.415730010685742,0.5822552254600141,0.002014763854243843
2,1,0.03520365812558467,0.8680440338205261,0.09675230805388928
2,2,0.00030608538799933627,0.18915743303129823,0.8105364815807025
1,1,0.4111969926431245,0.5876030191690355,0.00119998818784007
2,1,0.03726046407772363,0.7711350885958533,0.19160444732642296
1,1,0.20580546779025125,0.7929601938556865,0.0012343383540621888
1,1,0.2604901751753575,0.7373282673354703,0.002181557489172259
0,1,0.48908323007724275,0.5105735782997539,0.0003431916230034061
0,0,0.9993516554929024,0.0005840456419263439,6.429886517124728e-05
1,1,0.015165597199655231,0.9708376718580096,0.013996730942335334
1,1,0.0323087248693076,0.9641751016464851,0.003516173484207313
0,0,0.7352860730817523,0.2642332965845542,0.00048063033369351164
1,0,0.8464393664331133,0.15317924192396193,0.00038139164292459564
1,1,0.30824669376626823,0.6887875006049919,0.0029658056287398724
1,1,0.3682139327661238,0.630390684835223,0.0013953823986533242
0,0,0.9000415057595156,0.09883708001530987,0.0011214142251746275
1,1,0.25796244736236135,0.738460438280634,0.0035771143570047224
1,1,0.33423594235997167,0.6649151267637271,0.00084893087630128
0,0,0.8144969162341837,0.1850152479274264,0.00048783583838985634
1,1,0.1322967054264547,0.8660209076691151,0.001682386904430112
1,1,0.2762943181742328,0.7228166327542198,0.0008890490715473807
1,1,0.18585482301172226,0.81196776171495,0.002177415273327596
1,1,0.065403958732487,0.9113801426395126,0.023215898628000314
1,1,0.28611198386539255,0.7129086464008672,0.0009793697337402074
1,1,0.3581584590981378,0.6400592359065501,0.0017823049953119097
0,0,0.8969558105661654,0.1029843972089264,5.979222490809496e-05
1,1,0.01850455114785229,0.9794684809673426,0.002026967884805037
0,0,0.722064898263268,0.2776810900042141,0.0002540117325178834
0,0,0.7897917355578917,0.20988518461626962,0.0003230798258386592
0,0,0.6748784950584951,0.32469114479790767,0.0004303601435973784
0,0,0.5587142993397165,0.4392072884448716,0.0020784122154119083
0,0,0.534528575111097,0.465049957222859,0.000421467666043986
1,2,0.00010704719211973176,0.13529240233479978,0.8646005504730806
1,0,0.6823540050602062,0.31753373190487755,0.00011226303491628169
2,2,2.113760904492258e-06,0.05800233230679529,0.9419955539323003
1,0,0.5786186553448871,0.42090224738333487,0.00047909727177802874
0,0,0.6098988051155738,0.3898099480765028,0.0002912468079233929
1,1,0.4340199796294735,0.5648102110484616,0.0011698093220648593
2,2,5.844682036409928e-06,0.02073103384254149,0.979263121475422
0,0,0.7243901349745967,0.27384802841582806,0.0017618366095751763
2,2,7.710205581069975e-06,0.1143295694300963,0.8856627203643226
0,0,0.5059573804541752,0.49375254923693684,0.0002900703088881249
1,1,0.17310850121067864,0.8246766841172722,0.0022148146720492126
0,1,0.3519682405313589,0.645653053219947,0.00237870624869411
0,1,0.19425737730795706,0.8013085150122521,0.004434107679790869
0,1,0.212545760923358,0.786104249997418,0.00134998907922402
1,1,0.04832710919840748,0.9421470520812505,0.009525838720341916
0,1,0.38918639108561554,0.608579129473667,0.002234479440717362
1,1,0.05163006056222281,0.9435299021328273,0.004840037304950097
1,0,0.7816415486533161,0.2181787373401416,0.00017971400654215715
1,0,0.5372210323714915,0.4625870191510182,0.0001919484774903048
0,0,0.7775850663235903,0.22153409984755704,0.0008808338288526094
1,1,0.034973051660417954,0.9546756433910993,0.010351304948482713
1,0,0.7155663127597264,0.28388705314657,0.0005466340937035281
1,1,0.11994445988738606,0.8787601213740912,0.0012954187385229357
0,0,0.7206512287269994,0.2790857030079338,0.0002630682650668094
0,0,0.6743440666361668,0.32540149744286817,0.0002544359209650816
2,2,9.989761887787941e-05,0.28046121243486927,0.7194388899462528
0,0,0.5528169588353149,0.4450305410916412,0.0021525000730439163
2,2,1.1282260709349803e-05,0.07482129716832497,0.9251674205709657
1,1,0.4170294534856968,0.5812411991771796,0.0017293473371235333
1,1,0.23499101112689805,0.7639443218232468,0.0010646670498553426
0,0,0.6230463217653813,0.376628407993631,0.00032527024098780405
1,1,0.18613647957549626,0.8087780891981743,0.00508543122632953
1,1,0.3772515577973076,0.622052642739911,0.0006957994627813147
1,1,0.41956102660806316,0.5794109438487077,0.0010280295432290546
1,1,0.15999990962754693,0.8298046661352027,0.010195424237250462
1,0,0.698751386879464,0.3010097908442882,0.00023882227624780268
1,1,0.42652412363024994,0.5729344505754466,0.0005414257943035321
1,0,0.5968082290960087,0.4028451322857269,0.00034663861826434166
0,0,0.6930178173237098,0.3065991170477194,0.0003830656285707288
0,0,0.8260984652594863,0.1736783676588896,0.00022316708162409385
0,1,0.2981829336514838,0.697848180214554,0.003968886133962209
0,0,0.7852226787537929,0.21426547847384292,0.0005118427723641932
1,1,0.12310324773353165,0.8627754515992178,0.014121300667250555
2,2,2.3427687182009946e-06,0.059284067039301884,0.9407135901919799
1,1,0.4668301146692575,0.5321782546422286,0.0009916306885140035
0,1,0.49610434364785216,0.5030457952104285,0.0008498611417194257
0,0,0.7747444726169301,0.2245136742032583,0.0007418531798117143
0,0,0.9421868011627897,0.05746798124822457,0.00034521758898561086
0,0,0.830509122644392,0.16940757397229492,8.330338331301966e-05
1,1,0.3771597168377148,0.6219843812555577,0.0008559019067275339
1,1,0.17097440539339828,0.8258178396941132,0.003207754912488615
2,2,0.0018155408960524161,0.2144843563285628,0.7837001027753848
0,0,0.866595371044746,0.13333806949731,6.655945794385917e-05
0,1,0.35008959125656336,0.6486132613445108,0.0012971473989258004
0,1,0.055988892625473005,0.9411172997496958,0.0028938076248313446
1,1,0.12629514170810852,0.871095064747427,0.0026097935444645073
0,0,0.770689593759196,0.22867725450278206,0.0006331517380218451
0,1,0.37879258722275305,0.6199751489627314,0.0012322638145154236
1,1,0.048543142041788105,0.9487359570236938,0.002720900934518014
2,2,1.2251328715698782e-05,0.027817832586321777,0.9721699160849625
2,2,0.0004230053792304313,0.1070183793564058,0.8925586152643636
2,2,0.0011343519422743207,0.1717003118158923,0.8271653362418333
0,0,0.5475984588576939,0.4521118983354199,0.00028964280688619247
0,0,0.9899990154421053,0.009972340420233376,2.8644137661352314e-05
0,0,0.8588772545064085,0.1408503889541164,0.0002723565394750297
0,0,0.8333839372749645,0.16637513843159027,0.00024092429344540084
0,0,0.7345922865982528,0.2642513292548379,0.001156384146909231
0,0,0.5653470497211308,0.43262884502701576,0.0020241052518533103
1,1,0.1735414992277453,0.8199965831024719,0.006461917669782703
0,1,0.24502520456823798,0.7486116186070614,0.006363176824700633
0,0,0.7217594517347486,0.27796283024745133,0.0002777180177998393
2,2,4.4212659648658514e-05,0.1666012349150438,0.8333545524253075
0,0,0.8256208547863564,0.17426023851301575,0.00011890670062780187
1,0,0.5331605665811489,0.46654990774031063,0.00028952567854040963
0,0,0.7197649186404166,0.27799120790073634,0.0022438734588471356
0,1,0.40920355594207736,0.5892862010858817,0.0015102429720410633
1,1,0.10439007146432316,0.8937210246292447,0.0018889039064321884
0,1,0.15932114890202007,0.8361473254862124,0.004531525611767589
1,1,0.37261124562251136,0.6238457613684606,0.003542993009028013
1,1,0.3658368750133146,0.6308933000373917,0.0032698249492935268
1,2,0.007751683043214072,0.3179863443644797,0.6742619725923061
1,1,0.07985111494192254,0.8355711904945903,0.08457769456348724
1,1,0.04185416214533447,0.9548098373450092,0.0033360005096563766
1,1,0.3388317792713029,0.6592711400063745,0.0018970807223224531
1,1,0.07243137926546536,0.9048375185464824,0.022731102188052302
1,1,0.01325226443736783,0.9742238200043419,0.0125239155582903
1,1,0.07074865397356535,0.9268430137991366,0.0024083322272981326
1,1,0.0855530644939593,0.8965251735122234,0.01792176199381737
1,0,0.7205304887557529,0.27932364171021273,0.0001458695340343931
1,1,0.15303861805816363,0.8434451327151654,0.0035162492266708895
1,1,0.23278523696022388,0.7657151465487818,0.0014996164909942971
1,1,0.05184621874003183,0.9432959871008099,0.004857794159158276
0,0,0.9566294789675039,0.043074481619904674,0.0002960394125912498
0,1,0.4190281193231847,0.580122168358613,0.0008497123182023594
2,2,0.01569523417621629,0.4359871710285468,0.548317594795237
1,1,0.45231244768306905,0.5468864883588163,0.0008010639581147697
1,1,0.0983268856266178,0.8823584441371651,0.019314670236217087
1,0,0.7381086652345725,0.26100276319708704,0.0008885715683404113
2,2,7.3479514271410605e-06,0.02881285491655352,0.9711797971320193
0,1,0.43125948130081226,0.5683664435553858,0.0003740751438019549
0,1,0.44999998046776934,0.5494300150181933,0.0005700045140372484
1,1,0.1156044374185001,0.8823295482614624,0.002066014320037539
1,1,0.11136182211592861,0.8867621477835482,0.0018760301005231502
1,0,0.6100893696679998,0.38953732330942,0.0003733070225803586
1,1,0.1735614824246859,0.8205025489813923,0.005935968593921808
1,1,0.1567763945504464,0.8392019973436988,0.0040216081058546726
1,0,0.7392239232537117,0.26065829971759497,0.00011777702869344484
2,2,6.513191349672169e-05,0.08314494575835857,0.9167899223281447
0,1,0.35279273067209177,0.644814039572648,0.0023932297552601172
1,1,0.30496303664292956,0.6926109030704073,0.002426060286663137
0,0,0.6537265044228114,0.34594817009591533,0.0003253254812731939
1,0,0.6700499243615492,0.32968824333565433,0.00026183230279638886
0,0,0.6752902765175949,0.32436352323658646,0.00034620024581870487
0,0,0.970880753851314,0.028997968880142187,0.00012127726854386232
1,0,0.7984871493907697,0.2014335802701379,7.927033909231035e-05
0,0,0.5879239714267038,0.41170935445156626,0.0003666741217298844
1,1,0.0967193082998299,0.8973845788481253,0.005896112852044899
0,1,0.262920277799489,0.7326521610788695,0.004427561121641551
1,1,0.04689441136182399,0.9213882351780627,0.03171735346011334
0,0,0.8527063598525334,0.14714214519298302,0.00015149495448347762
0,0,0.6795465488024264,0.3198913938009521,0.0005620573966215067
1,1,0.25532210833845276,0.7420921769864525,0.0025857146750948904
1,1,0.01215830255723219,0.9821438286422877,0.005697868800480225
1,0,0.504169163754372,0.49533492802682305,0.00049590821880486
1,0,0.5125632166342248,0.4861812077901049,0.0012555755756704003
0,0,0.8865807704097396,0.11315303233648175,0.0002661972537785749
1,1,0.1276827046953534,0.8709065621017823,0.0014107332028643388
1,1,0.019048402756369494,0.8180282177928686,0.16292337945076185
1,1,0.07660314543305975,0.9199252150828774,0.003471639484062944
0,1,0.4633480429584932,0.5338794411199183,0.0027725159215885153
0,0,0.912724979969716,0.08642705336926,0.0008479666610238251
1,1,0.38144112490279547,0.6177444024317517,0.000814472665452772
0,0,0.8988558075416163,0.1008686800602492,0.0002755123981342765
0,0,0.8757971747313289,0.12411187273638076,9.095253229029774e-05
0,1,0.3791164265128587,0.6192128229016014,0.0016707505855399008
1,1,0.21296096696402597,0.7848524480235988,0.002186585012375242
1,1,0.3209002947777447,0.6778744423627658,0.0012252628594895364
1,1,0.10829641473534299,0.8887800176562963,0.0029235676083607296
0,0,0.6286272499858021,0.3711810891546044,0.00019166085959353895
1,0,0.554044540783105,0.44527621308258913,0.0006792461343057763
1,1,0.41728827073508185,0.5807582748588653,0.0019534544060528895
0,1,0.4591628729843316,0.5402129001475154,0.0006242268681528386
1,1,0.016576368711784743,0.973898183164292,0.009525448123923365
1,1,0.34324357105176445,0.6541543629757981,0.002602065972437394
1,1,0.31502347737437225,0.6819371691021213,0.003039353523506417
0,0,0.6509422503391997,0.3486591250486297,0.000398624612170645
0,1,0.29428493008258205,0.7031956987305688,0.0025193711868491567
1,1,0.1534170266864641,0.8446456115563634,0.0019373617571723989
0,0,0.7187388216769393,0.28095232201208875,0.00030885631097193823
1,1,0.1622821195590685,0.8322810287264178,0.005436851714513719
0,0,0.9389902444794967,0.0604575905471013,0.0005521649734019538
1,2,6.774599327840828e-05,0.09916855217918889,0.9007637018275328
0,0,0.9855472767815411,0.01436337692016173,8.934629829728974e-05
0,0,0.999638127886485,0.00030680725017261155,5.5064863342309074e-05
0,0,0.6081076064043839,0.3906001747546691,0.0012922188409468325
1,1,0.05351199311214639,0.9426365392437936,0.003851467644059993
0,1,0.3379970912628178,0.661190290312,0.000812618425182065
1,1,0.022590502269076728,0.9516002573252849,0.025809240405638405
0,0,0.6812508529507876,0.3183469255688887,0.00040222148032365875
1,0,0.6971802829381145,0.30201149302719354,0.0008082240346919589
0,0,0.8592094104332051,0.14059957029560496,0.00019101927118977998
1,1,0.3764975225711993,0.6200909688630107,0.003411508565789958
1,1,0.07339875890604015,0.8476857710375879,0.07891547005637203
1,1,0.3310795200299781,0.6667997792490146,0.002120700721007317
0,0,0.5112666408843378,0.48818209040447763,0.0005512687111844551
1,1,0.406578616791656,0.5926561914094735,0.0007651917988705962
0,0,0.9567757393041018,0.04315755064359768,6.671005230051951e-05
1,1,0.1112465534881971,0.8860072200964235,0.002746226415379319
1,0,0.6906389745532509,0.30898921998041756,0.0003718054663314349
2,2,6.478033220926094e-05,0.06955791419438805,0.9303773054734026
1,1,0.3762694293844173,0.6228830926024521,0.0008474780131306589
0,1,0.41034103993884924,0.5881226487304462,0.0015363113307046313
1,1,0.09572760601841934,0.8831989428933426,0.021073451088238177
1,0,0.6845875355476293,0.3151261137193316,0.0002863507330391579
0,0,0.9652496093410138,0.03448491499097294,0.0002654756680132829
1,1,0.11150264247289447,0.8866630178599144,0.001834339667191221
0,1,0.16108489891978453,0.8135475888845637,0.025367512195651688
1,0,0.5061657978687096,0.49089328283316197,0.00294091929812838
1,1,0.01601073824731544,0.9667240084444376,0.01726525330824674
1,1,0.14856609890948203,0.8498646580953508,0.0015692429951671126
0,0,0.8090978631828237,0.1907435421144831,0.000158594702693233
0,1,0.09639249514168886,0.8339648105230821,0.06964269433522896
0,0,0.7060428162195944,0.29386202360517655,9.51601752289902e-05
1,1,0.103661321446663,0.8855179100403243,0.010820768513012715
1,1,0.1501074533745117,0.8463330601536702,0.003559486471818096
1,1,0.13059574536881607,0.8674760290336783,0.0019282255975056502
1,1,0.33181925191267225,0.6669355120254887,0.001245236061839062
1,1,0.01132411404567587,0.9808634862686704,0.007812399685653704
1,1,0.4168967522577784,0.5820256649454255,0.001077582796796198
0,0,0.9699578507307342,0.029910831532865997,0.00013131773639988816
0,0,0.608221428229872,0.39066620718424644,0.0011123645858814556
1,0,0.6083720483643239,0.38396813065378277,0.0076598209818932875
1,0,0.5223830368201494,0.47702895708273213,0.0005880060971183546
1,1,0.26912676846708916,0.729827973001313,0.0010452585315978659
0,0,0.5556925728995544,0.443891777611523,0.00041564948892255373
0,0,0.6089952220989858,0.3908756680226828,0.0001291098783313414
1,1,0.27752040962961083,0.717336754843576,0.0051428355268132
0,0,0.5718342147453849,0.42763022261894246,0.0005355626356725686
0,1,0.38449122071471115,0.6144943200889051,0.0010144591963836271
1,1,0.12934854195529333,0.806860945382938,0.06379051266176865
0,0,0.5832983440750672,0.415910377356568,0.0007912785683646767
0,1,0.01172935852708407,0.7939482738490662,0.19432236762384972
1,1,0.21896768549279086,0.7626224640967731,0.018409850410436024
0,0,0.5330107540767014,0.46645321878933327,0.0005360271339653623
0,0,0.5188340206174649,0.4801942910034181,0.0009716883791169926
1,0,0.874313804860439,0.1254241516960562,0.0002620434435048791
0,0,0.5783847019558835,0.4212388887736393,0.0003764092704771912
1,0,0.5201056711513259,0.4791517438817057,0.0007425849669683256
0,0,0.7089552734205102,0.29034049468381645,0.0007042318956733021
1,0,0.5530018295411538,0.44566901012755167,0.0013291603312945472
1,1,0.10771139473580911,0.8875133239169718,0.004775281347219156
1,1,0.2878355489934178,0.711186350440265,0.000978100566317226
0,1,0.1925537353795626,0.8007535609439242,0.006692703676513192
0,0,0.5655442088705235,0.4341250351281216,0.00033075600135483235
1,1,0.3719358659988919,0.6269128278543658,0.001151306146742202
1,1,0.30886284918740053,0.6899228773726523,0.0012142734399471164
1,1,0.055932801410093436,0.9372747099307355,0.006792488659171168
0,0,0.7563479539427639,0.24314701457619228,0.0005050314810438187
1,1,0.4407885216342739,0.5581818950920827,0.0010295832736434147
0,0,0.7729386310521436,0.2270100019190523,5.13670288041155e-05
2,2,0.0007887274033654898,0.34465253134351403,0.6545587412531204
1,1,0.3089599429492135,0.6878548234862859,0.0031852335645007586
1,1,0.23893330272592883,0.7575963240335818,0.0034703732404893547
0,1,0.36643129631042115,0.6320956847825547,0.001473018907024195
0,0,0.9334385407938293,0.06638407035678003,0.00017738884939085952
1,1,0.08404722641854576,0.9113613390080714,0.004591434573383005
1,2,0.0011040482038332331,0.2876036236707825,0.7112923281253842
2,1,0.01701207997431109,0.7599532163843533,0.22303470364133562
1,1,0.16220360842208414,0.8344072722695713,0.0033891193083445265
1,1,0.059571504255822284,0.9375745692270637,0.002853926517113998
0,0,0.5963970321930979,0.40318234413034665,0.0004206236765553471
1,1,0.06455840033474616,0.9325873206768035,0.002854278988450369
0,1,0.471463960172011,0.5273110086215586,0.0012250312064305015
2,2,7.46293369566698e-06,0.0003666739218545533,0.9996258631444498
0,0,0.8461164364029141,0.15375722660164087,0.00012633699544504237
0,0,0.8963989556689272,0.10355696180299487,4.408252807794317e-05
0,0,0.9176952281237903,0.08225947613732182,4.529573888799108e-05
0,0,0.8133598993970258,0.18610602601445222,0.0005340745885219832
1,1,0.22267511719312985,0.775841338865846,0.0014835439410239564
2,2,2.1240576473493114e-05,0.02647419312562131,0.9735045662979052
1,1,0.3097375587244993,0.6891281577583344,0.001134283517166284
2,2,0.007031241537355757,0.36383893345639895,0.6291298250062453
1,1,0.299772496850813,0.6988608231933443,0.0013666799558427827
1,1,0.02272252879580745,0.9584131122359733,0.018864358968219325
2,1,0.05406940349642979,0.7694548286494148,0.17647576785415536
1,1,0.21977105064933655,0.7750701077659796,0.005158841584683942
1,1,0.48779723341506737,0.5108738781120267,0.0013288884729059178
1,1,0.06453437832205648,0.9266928309830784,0.008772790694865126
0,0,0.928314508921068,0.0715698717589117,0.0001156193200202055
1,1,0.4192413375389414,0.5795067356877361,0.0012519267733225386
1,1,0.17654669901956493,0.8217161573171109,0.0017371436633242027
0,1,0.31710315212792684,0.6796869226458249,0.0032099252262483007
1,1,0.025195689319633927,0.9673954690020475,0.007408841678318538
1,1,0.18952981134297547,0.8027505297667084,0.007719658890316214
0,0,0.9361627326511518,0.06374809583930618,8.917150954208275e-05
0,0,0.6055286359437037,0.39387875438967995,0.0005926096666163017
0,0,0.6816685781427066,0.31791647388177935,0.0004149479755139205
1,1,0.029885619828973746,0.9615980717028669,0.00851630846815941
0,0,0.767590391212522,0.231716188761561,0.0006934200259170757
1,1,0.23131087870482814,0.7647530905568125,0.003936030738359308
1,1,0.2715742140915075,0.7225165255967065,0.005909260311785861
0,0,0.7182913193090762,0.2815965153352965,0.00011216535562736502
0,0,0.8710809754101899,0.12879301319156267,0.00012601139824735465
1,1,0.16069980801329298,0.8341266143379105,0.005173577648796547
1,0,0.5965945008943825,0.4018772573961214,0.0015282417094961223
2,2,0.0011884342997418491,0.17644917214172695,0.8223623935585311
1,1,0.2841477422165037,0.7123696476953828,0.0034826100881135804
1,1,0.11728906951767044,0.8764221330521625,0.006288797430166976
0,0,0.9991787050766294,0.0007390569593252588,8.223796404545977e-05
1,1,0.24064769548196735,0.7567095100777181,0.0026427944403144975
0,0,0.9418087383709124,0.05811762829569242,7.363333339518223e-05
1,1,0.13748759742998398,0.8613779305942969,0.0011344719757192658
0,1,0.3033465144038878,0.6950836241866667,0.0015698614094454882
1,0,0.6939538649841404,0.30566863703542246,0.00037749798043721635
1,1,0.31990724294691836,0.6796265215585247,0.000466235494557015
1,1,0.12929030328085775,0.8664115660588827,0.0042981306602595465
1,1,0.022075832957646105,0.7831696607924502,0.19475450624990367
1,0,0.6298709099236778,0.36951143344806675,0.000617656628255353
1,0,0.7678442559733036,0.23197515481474912,0.00018058921194729542
0,0,0.6271027190888808,0.3725942475763146,0.00030303333480453986
1,1,0.05453889296036044,0.9230261945579444,0.022434912481695237
1,1,0.13858014123598025,0.8579276916016354,0.003492167162384288
1,1,0.08394349922713852,0.9135272041540147,0.0025292966188468153
1,1,0.1207769377465097,0.8761100723278558,0.0031129899256345022
1,1,0.03235496668119255,0.9584856803334085,0.009159352985398977
1,1,0.05376499581331633,0.9433457935392504,0.002889210647433391
0,0,0.5804963343637574,0.4193603115748441,0.00014335406139857546
1,1,0.08797033548750308,0.909697951415941,0.0023317130965558068
1,1,0.051578383771161175,0.9314914949149046,0.016930121313934253
1,1,0.02531479490473254,0.9560297703142846,0.01865543478098286
1,0,0.8954869847225422,0.10442131930334601,9.16959741119226e-05
1,1,0.08962921853321458,0.8493534636052388,0.06101731786154669
0,0,0.6843750607853032,0.31541581331077595,0.0002091259039208261
1,0,0.5488215391050553,0.45081955109012545,0.00035890980481937426
0,0,0.8494829307675175,0.15017801742211684,0.0003390518103656656
0,0,0.8591730827838296,0.1383259549436124,0.0025009622725577565
1,1,0.1945014191123541,0.8016409797918786,0.003857601095767362
0,0,0.936396062652937,0.06237756878558393,0.0012263685614790653
1,1,0.12094099737851365,0.8671178714570327,0.011941131164453781
0,1,0.45347687552736893,0.5455641502863295,0.0009589741863015122
1,1,0.09957603506012097,0.8977180877343007,0.002705877205578254
1,1,0.23284351110265122,0.7633424491206174,0.003814039776731364
0,1,0.4697577184975843,0.528248041041259,0.0019942404611566623
1,1,0.19407845125698117,0.8021137957900992,0.0038077529529196115
1,1,0.19772464828970318,0.8007818867392789,0.0014934649710179433
0,0,0.9793874863413746,0.02035740123229441,0.00025511242633081716
0,0,0.6817572106231466,0.3173434772913247,0.0008993120855286466
1,0,0.8115485172910135,0.18815171324812785,0.00029976946085861323
0,0,0.5572074121762709,0.44199792857348724,0.000794659250241864
0,0,0.9568905352196755,0.04286724884759266,0.0002422159327317995
0,0,0.6101943176553329,0.38954812795952465,0.0002575543851425191
1,1,0.40412411095712775,0.5949606001651717,0.0009152888777006126
0,0,0.8264877246337254,0.1732475253958109,0.000264749970463584
0,0,0.7282031873286727,0.27172705766547467,6.975500585264617e-05
1,1,0.18049131213208822,0.8159276572420161,0.0035810306258956125
0,0,0.7582119415067546,0.2414417268772649,0.0003463316159805804
0,0,0.7176268842448689,0.2814690339407421,0.0009040818143892111
0,1,0.47961619337523265,0.5200276753219449,0.00035613130282240976
0,0,0.7191030173559421,0.2807233132500237,0.00017366939403424942
1,1,0.32305775965702543,0.6751326723333285,0.001809568009646042
1,1,0.17661459591914624,0.8199294490864171,0.0034559549944367307
0,0,0.5865724514836725,0.41260900755540875,0.0008185409609187528
1,1,0.10610154381886305,0.6285256742129235,0.26537278196821346
1,1,0.17457806656610655,0.8233266720156484,0.0020952614182450924
0,0,0.9179265629506387,0.08178300967979561,0.0002904273695656886
1,1,0.032774527597997594,0.5373412772939228,0.4298841951080797
1,0,0.5588171090997599,0.4390727161253129,0.0021101747749272047
1,1,0.05702766012209094,0.9392817109159223,0.003690628961986725
0,0,0.752023486387957,0.2471103827799552,0.0008661308320878158
1,1,0.2130658945503847,0.7859466669554173,0.0009874384941980312
1,1,0.15338355859600872,0.8455961054006473,0.0010203360033439733
1,0,0.8928407304573032,0.10694419195406062,0.00021507758863630576
0,1,0.4870894457050319,0.5124825560069777,0.0004279982879905174
0,0,0.7285254911461706,0.2710336452306329,0.00044086362319652937
0,1,0.2848806700505102,0.7139677474041521,0.0011515825453377313
0,0,0.8568892290905041,0.14292590486766693,0.0001848660418290014
0,0,0.7213226762156324,0.27829980206475496,0.0003775217196126471
1,1,0.12372322991974495,0.8745304190657683,0.001746351014486762
0,0,0.6420806347304062,0.35776839603949656,0.00015096923009725585
0,0,0.5067971996609851,0.4918874715900167,0.0013153287489980974
1,0,0.8933053235090461,0.10662785667805334,6.681981290047549e-05
1,1,0.09075156440465372,0.9068596165921141,0.002388819003232215
0,1,0.24730062793301827,0.7510346934108333,0.0016646786561484534
1,1,0.05075875310520407,0.9448474700601559,0.004393776834640007
0,1,0.4799562427248053,0.519506084778994,0.0005376724962007581
1,1,0.4446947916265357,0.5539063548719695,0.00139885350149484
0,0,0.8947902591067024,0.10507302731283583,0.00013671358046165002
1,1,0.16032750915572241,0.8372715250085011,0.002400965835776535
1,1,0.10777837502359328,0.8903768402667006,0.001844784709706034
1,1,0.08568203967336548,0.9121424143967932,0.0021755459298412484
0,0,0.7450624163665066,0.254643164791627,0.00029441884186629484
0,0,0.5964319067958093,0.40328304632895007,0.00028504687524075336
1,1,0.3320056566630733,0.6655059684587388,0.00248837487818778
0,1,0.38213178337312836,0.6133871782520467,0.004481038374824849
0,0,0.8067033335141504,0.19307109799044692,0.00022556849540283515
1,1,0.0476388762433396,0.9496241663024994,0.002736957454161039
1,1,0.40933797109101094,0.5889082769317999,0.0017537519771893008
1,0,0.6202215450229434,0.37931607303016784,0.00046238194688894094
0,0,0.8841654680137107,0.11575570228694115,7.882969934817062e-05
1,1,0.3354218113329513,0.6624126905001158,0.0021654981669328643
0,1,0.07958160653353741,0.9168040328109225,0.0036143606555399826
0,0,0.785465399417263,0.21442396804256528,0.00011063254017180734
0,0,0.6226337070822346,0.3770861183087382,0.00028017460902698765
0,0,0.8960943321963498,0.10341913109765402,0.0004865367059962572
