true_label,pred_label,prob_class_0,prob_class_1,prob_class_2
0,0,0.7851514287234486,0.21484677438468044,1.7968918709482731e-06
1,1,0.29346681964250243,0.7059931315251355,0.0005400488323619301
1,1,0.12799491942967745,0.8681274697050833,0.003877610865239266
0,0,0.8895018977618817,0.11049684168592043,1.2605521979216974e-06
1,1,0.452970861057806,0.5469914332508459,3.770569134815041e-05
0,0,0.936250155123138,0.06357177520851287,0.00017806966834907722
0,0,0.9787413539486525,0.021231191792794136,2.7454258553504732e-05
0,0,0.9303941632399677,0.06960564883686139,1.879231709951266e-07
1,1,0.1580473207440676,0.8344094582977248,0.007543220958207497
0,0,0.8753136995444728,0.12467743329082381,8.867164703510914e-06
1,0,0.5279258591539581,0.4720165258122505,5.761503379149474e-05
0,1,0.3977563493328135,0.6022321453435885,1.1505323597955997e-05
1,0,0.8802779096231667,0.11876693102062483,0.0009551593562084377
1,1,0.29492561806517825,0.7049473953434408,0.0001269865913809366
1,1,0.13728633615679822,0.862634247482913,7.941636028890464e-05
1,1,0.18593452424860232,0.8139932711865767,7.220456482101872e-05
0,0,0.7177037485491486,0.28228279287776703,1.3458573084184238e-05
1,1,0.21150549567094326,0.7884194624278295,7.50419012273371e-05
1,1,0.043139386274214035,0.9566532180430033,0.00020739568278269134
1,1,0.37637584379146916,0.6228229340918532,0.0008012221166775424
0,0,0.735630404525146,0.2643628950532517,6.700421602351971e-06
1,1,0.3162088940705234,0.6837538803856021,3.7225543874452246e-05
1,1,0.40282667094023844,0.5971435365586902,2.9792501071370094e-05
0,0,0.9541800032205048,0.045798595150403625,2.1401629091628027e-05
1,1,0.38368967858107267,0.616120644302563,0.00018967711636427961
1,2,1.0813750157665877e-05,0.34306061414951283,0.6569285721003296
0,0,0.6743886932805013,0.32560072670734774,1.0580012150868577e-05
1,1,0.04108498719312176,0.9586950890248024,0.00021992378207586692
0,1,0.13479197497189577,0.864602856363822,0.0006051686642821665
0,0,0.7537618567310216,0.24623738275560136,7.605133771480881e-07
0,0,0.6009455339237117,0.399051275057284,3.191019004303972e-06
0,0,0.8473439638985167,0.15264472105308746,1.1315048395789979e-05
1,1,0.27751584850860656,0.722298429487037,0.00018572200435648656
0,1,0.4341495749972672,0.5658263315489023,2.4093453830535433e-05
0,0,0.6080309989198005,0.39196595360715153,3.0474730478740438e-06
1,1,0.10887235774161289,0.8889756433233919,0.002151998934995273
1,1,0.03704901540676118,0.9463426295515782,0.01660835504166057
0,0,0.5082103320629282,0.49177534582276006,1.432211431177359e-05
1,0,0.6065639612218795,0.39343473367849857,1.3050996218175022e-06
1,1,0.10313768861692701,0.8960533799821856,0.0008089314008874411
0,0,0.6331753532901013,0.3668229019109997,1.7447988988370122e-06
0,0,0.7133922597994724,0.2866064816956438,1.2585048837571756e-06
1,1,0.20778882557046766,0.792143006890393,6.816753913940989e-05
0,0,0.9625505781867666,0.03744446154149091,4.960271742329628e-06
2,2,0.000933822236286056,0.12205917581146747,0.8770070019522463
0,1,0.2625577992006841,0.7357565190007533,0.0016856817985624363
1,1,0.2602048061520705,0.7397746380204983,2.055582743116091e-05
1,1,0.4085568024391738,0.5911732757961913,0.00026992176463485826
1,1,0.08886932847362085,0.9110076214959997,0.00012305003037939565
0,0,0.7540693752983034,0.24586456869725018,6.605600444641305e-05
0,1,0.3074359267711883,0.6920750082052032,0.0004890650236085121
1,1,0.13273960468428153,0.8661107706181636,0.0011496246975549187
1,1,0.07545695358803131,0.9226289905936654,0.0019140558183031908
1,1,0.42432844744865905,0.5756386512680548,3.290128328610264e-05
1,0,0.788527795254163,0.21146746507851766,4.739667319282406e-06
1,1,0.42636138164084647,0.5736261947948238,1.24235643296927e-05
1,1,0.018218237186923617,0.9682621410653026,0.01351962174777375
1,0,0.894751380526217,0.1052455713628738,3.048110909083106e-06
0,1,0.3096587273035191,0.690322877748282,1.839494819889236e-05
1,1,0.053708973211141625,0.9374357980794243,0.00885522870943397
2,2,7.10656032126939e-08,0.011879240410808184,0.9881206885235886
0,0,0.6169206875020474,0.3829730700906497,0.0001062424073029929
1,1,0.22533520010539648,0.7739994767339747,0.000665323160628671
0,0,0.7101183180271716,0.2898744187920729,7.263180755359451e-06
0,0,0.5467985759254319,0.45319217389596056,9.250178607531122e-06
1,1,0.016973531450207077,0.9825217772320551,0.0005046913177378283
1,1,0.31564940001526587,0.6841582688709352,0.00019233111379881663
1,1,0.12569412085966836,0.8741851814236352,0.00012069771669646921
1,0,0.5202073780318016,0.4797808000116217,1.1821956576754045e-05
1,1,0.1849965360205262,0.8149488299456127,5.463403386113678e-05
1,1,0.1642654186649776,0.8356356269084662,9.895442655623498e-05
0,0,0.6417887361434327,0.3579371993069383,0.000274064549628972
1,1,0.4183554090826271,0.5815843547418009,6.023617557192103e-05
0,0,0.7470010373146686,0.25299383151903054,5.1311663008572145e-06
1,1,0.4423136616492756,0.5576777595888378,8.578761886542296e-06
0,0,0.8793809229517898,0.11965922551651664,0.0009598515316934953
1,1,0.3426669641170223,0.6572990867264551,3.394915652272119e-05
1,1,0.3629666634781129,0.6369933012417692,4.003528011790729e-05
1,1,0.0702614178151246,0.9294541615312626,0.0002844206536127439
0,0,0.9050084455672318,0.09499141718883425,1.3724393375736165e-07
1,0,0.5337396259258494,0.4662096882360899,5.068583806073447e-05
0,0,0.8465741416032012,0.15342088389690234,4.974499896516615e-06
1,1,0.10819132598223447,0.8909505259409859,0.0008581480767795486
2,2,9.167723233130271e-07,0.23511016409326155,0.764888919134415
1,1,0.46841482369959325,0.5314842081944704,0.00010096810593636925
1,1,0.22961803003586678,0.7701460871239478,0.00023588284018541934
0,0,0.9371483319511335,0.06285164741281182,2.0636054776986993e-08
1,0,0.7271692536291324,0.27280075993636804,2.9986434499493473e-05
0,1,0.20916404695330598,0.7907716675236208,6.428552307313752e-05
0,0,0.8421419460996977,0.15785663441924433,1.4194810581177304e-06
0,0,0.8491721569868064,0.1508210451473684,6.797865825199351e-06
1,1,0.21839104733950412,0.7814422999430596,0.0001666527174362192
1,1,0.15437071459036752,0.8384750068243654,0.0071542785852671195
1,1,0.20836440474182957,0.7915170300148049,0.00011856524336551954
0,1,0.1615811146487374,0.8383549869896519,6.389836161055925e-05
1,1,0.1381733991630912,0.8478493782121405,0.0139772226247683
1,0,0.5044769883441386,0.4955125051722931,1.0506483568266929e-05
1,0,0.6616734156721853,0.3382910547202323,3.552960758243822e-05
1,1,0.24491982866380527,0.7550701879841695,9.983352025359393e-06
1,1,0.05217113815935161,0.9474950361617813,0.0003338256788670218
0,1,0.07213622040480477,0.9274553117232971,0.0004084678718981999
1,1,0.019027132323642882,0.9801586563108797,0.000814211365477422
1,1,0.021774135260504833,0.9490312048373134,0.029194659902181827
1,1,0.18215521129646492,0.8173098426003954,0.0005349461031397121
0,1,0.2734328156204226,0.7264710211380547,9.616324152270553e-05
0,1,0.36998752897091397,0.6299675925340528,4.487849503327924e-05
1,1,0.20894397857047745,0.790822202900286,0.00023381852923656853
1,1,0.36250328558853884,0.6374711405706431,2.557384081791062e-05
0,1,0.2525538448648664,0.7473465595373596,9.959559777404714e-05
2,2,0.005528428753227493,0.30990260952227694,0.6845689617244956
1,1,0.3671431815725947,0.6328277041293309,2.9114298074479195e-05
0,0,0.871022650207689,0.12897462960126474,2.7201910462459925e-06
1,0,0.6091729953489985,0.39059159117283476,0.00023541347816673162
0,1,0.4334779604385356,0.5665052075259074,1.683203555700385e-05
1,0,0.5739411063872059,0.42604789637897117,1.099723382290827e-05
0,1,0.1332394515336558,0.8665825665000184,0.00017798196632590367
2,2,2.1053491044152904e-07,0.10214273633928227,0.8978570531258073
1,1,0.11139637826134545,0.8884277033766508,0.00017591836200372328
0,0,0.7220097760818086,0.2779849770825663,5.246835625174909e-06
0,0,0.6740090085496355,0.3259478852142714,4.310623609312387e-05
1,0,0.5720283155006071,0.42796335975573874,8.324743654231634e-06
0,1,0.41489193445703976,0.5847394836355021,0.00036858190745803806
2,2,1.338325021223271e-11,0.016615147401526493,0.9833848525850902
1,0,0.5967052079899822,0.4022656177500061,0.001029174260011621
2,2,1.0769658766333867e-08,0.17656976809616645,0.8234302211341749
0,0,0.627014238797894,0.37296988152110067,1.587968100535524e-05
1,0,0.8020479588417747,0.19794823681460721,3.8043436181392363e-06
0,0,0.8475549295342457,0.152441281319389,3.7891463651455247e-06
2,2,1.3831212041622652e-41,8.768242302243494e-42,1.0
2,2,5.6067274066867524e-08,0.0038414652757075406,0.9961584786570185
0,0,0.9074393828719719,0.09256007322351305,5.439045149837262e-07
0,0,0.5921644497650415,0.4073674031120393,0.0004681471229193557
1,0,0.8550760681246888,0.14492232939639915,1.6024789120047466e-06
1,1,0.4374214574699109,0.5625709049748698,7.637555219321497e-06
0,0,0.6211673343001715,0.3788318865671441,7.791326843844003e-07
1,1,0.1142739743054674,0.8855643367640783,0.00016168893045434335
0,0,0.8095172247535054,0.19044585855409063,3.6916692404054086e-05
0,0,0.7360914966823702,0.2638421665576544,6.633675997555407e-05
1,1,0.1258077601091126,0.8740181100857513,0.00017412980513615957
2,2,1.890663917158204e-09,0.39123746084503974,0.6087625372642964
0,0,0.8893506930929965,0.11064871837495893,5.88532044487028e-07
2,2,4.65652031518962e-07,0.2572163338588976,0.7427832004890709
0,0,0.6830334988410924,0.31695874499163684,7.756167270637252e-06
1,1,0.4821828824195991,0.5177310206786632,8.609690173773087e-05
0,0,0.6492143548723155,0.350760009912961,2.563521472358206e-05
2,2,0.007262599545828224,0.28611598227716434,0.7066214181770074
0,0,0.8480258305005373,0.1519604097692987,1.3759730164061656e-05
0,1,0.29017457667884267,0.7098128584960428,1.2564825114614617e-05
2,1,0.013864320112779969,0.9485110328689149,0.03762464701830518
0,0,0.5665772040276892,0.4333783680982802,4.4427874030610975e-05
1,1,0.0290635051518569,0.9085102041727152,0.062426290675427834
1,1,0.473320031755417,0.5248460169486693,0.0018339512959136878
1,1,0.035717951125656414,0.8876085904558326,0.07667345841851096
1,0,0.6325909277709205,0.367402566736547,6.505492532485646e-06
0,0,0.666084224065097,0.33390283173726293,1.2944197640040649e-05
0,0,0.7926165559185993,0.2073146937928818,6.875028851884582e-05
0,0,0.8481573169478438,0.1518388202872932,3.862764863020436e-06
1,1,0.15861826591826383,0.8412437208405897,0.0001380132411464717
0,1,0.17498216698516422,0.8249586941565722,5.913885826376171e-05
0,1,0.2601907449988435,0.7397182062741622,9.104872699440409e-05
1,1,0.06034637295274003,0.9359610307819182,0.003692596265341862
0,0,0.9206800480920981,0.07931978974774133,1.621601605358481e-07
1,1,0.20332427586993176,0.796540603873297,0.000135120256771237
0,0,0.9137277877205605,0.08627079766445764,1.4146149819263654e-06
1,1,0.19909607420580525,0.8008039258071863,9.999998700852283e-05
1,1,0.059578248431227145,0.8774754930139254,0.06294625855484759
1,2,8.563342990548717e-07,0.22157259119411582,0.7784265524715851
0,0,0.9385080749155366,0.061491773010599764,1.5207386370267145e-07
1,1,0.12330338932326734,0.8752138964877084,0.0014827141890242554
1,1,0.34004333057812736,0.6599041424281011,5.252699377139931e-05
1,1,0.05123957635674338,0.9476408762369491,0.0011195474063074716
1,1,0.44216573089565725,0.5577058837339989,0.00012838537034402694
0,0,0.6892767609025865,0.31013532205218575,0.0005879170452277813
1,1,0.17445184381258774,0.8253946163031282,0.0001535398842841238
0,1,0.30201091104538696,0.6979337444965165,5.5344458096644525e-05
1,1,0.11259307823261518,0.8862653150976556,0.0011416066697291737
1,1,0.3161459906468113,0.6838334278899343,2.0581463254425707e-05
1,1,0.16452362120642414,0.8345949902123613,0.0008813885812145283
1,1,0.24207873961837023,0.7578581087620571,6.315161957275725e-05
1,1,0.08746710786849603,0.9101534680093418,0.0023794241221622527
1,1,0.2661786362137285,0.7338001602157661,2.1203570505432535e-05
0,0,0.6572519731712058,0.34274633269465676,1.6941341374730332e-06
1,0,0.6093184845970642,0.39067521907767544,6.296325260389851e-06
1,0,0.5382365072310552,0.46160385332745285,0.00015963944149199606
0,0,0.7589663729427741,0.24103304995966374,5.770975620171919e-07
0,1,0.30343288874003904,0.696437052221696,0.00013005903826501268
0,0,0.5853997702349193,0.41459844197370277,1.787791377873183e-06
0,0,0.5154408251549824,0.4845552540914426,3.920753574929569e-06
1,1,0.20370664621873164,0.7961608136741782,0.00013254010709017985
0,0,0.8146873689345203,0.18531191695087898,7.14114600643621e-07
1,1,0.07313512310688566,0.9267494576889796,0.0001154192041347477
0,0,0.9987141812822627,3.10289424566432e-29,0.0012858187177372915
1,2,1.6461779071932425e-05,0.3380916599526853,0.6618918782682428
0,0,0.7019737871035201,0.29801871394830515,7.498948174609313e-06
0,0,0.9655721211529433,0.03441524625020125,1.263259685545153e-05
0,0,0.7123081528712152,0.2876791939929811,1.2653135803760074e-05
1,1,0.0463796931617878,0.9075581830523881,0.04606212378582411
1,0,0.6739765746055599,0.3259958709517668,2.7554442673382902e-05
0,0,0.8377750616260184,0.1622247113123399,2.2706164159746831e-07
1,1,0.43953460554878504,0.5604577040217497,7.690429465319617e-06
1,0,0.760735248545565,0.23926219170715748,2.559747277699682e-06
0,1,0.3616730554129877,0.638132550110629,0.0001943944763833648
1,1,0.21427317752922437,0.7856475679217815,7.925454899421968e-05
0,0,0.7301052582756351,0.2698871677331145,7.573991250489177e-06
1,1,0.09173623739149636,0.9076250519371798,0.0006387106713238022
0,1,0.2184925535195972,0.7813091519260672,0.00019829455433566616
1,1,0.1072265970130087,0.8883218315575603,0.0044515714294310615
0,0,0.8954074728413536,0.10459114284389304,1.3843147534825014e-06
1,1,0.3311441769794655,0.6688371098430745,1.871317745995716e-05
1,1,0.3474011892900496,0.6525515375990972,4.727311085310496e-05
1,1,0.1285425179056497,0.8711349593616283,0.0003225227327219552
1,1,0.46203017331924984,0.537945579165781,2.4247514969143564e-05
0,0,0.9997857601735848,3.018139852087399e-29,0.00021423982641509905
1,1,0.2789395062912259,0.7203363304638231,0.0007241632449509864
1,1,0.11698821840371271,0.8704130171055848,0.012598764490702526
0,1,0.40144853092716326,0.5985088963834887,4.2572689347992505e-05
0,0,0.9999985527170875,1.888119430654612e-29,1.4472829125040542e-06
0,0,0.6737355124795056,0.326254190081675,1.0297438819527744e-05
1,1,0.28697112104796346,0.712763571584805,0.00026530736723150557
0,0,0.8980455640332328,0.10195305116910161,1.384797665751017e-06
1,1,0.41174180398924554,0.5881995994534529,5.859655730144391e-05
1,0,0.8032583766848591,0.19674115935593392,4.639592070091007e-07
2,2,5.0860955569397797e-14,0.0006686163045750382,0.9993313836953741
1,1,0.29476512798438603,0.7051824774989469,5.239451666707141e-05
1,1,0.04100762252538897,0.955891539654605,0.0031008378200061467
1,1,0.054541300863320256,0.8824289467404318,0.06302975239624797
0,1,0.34893840288059264,0.6509942700822385,6.732703716883383e-05
0,1,0.44056744701994915,0.559385026591122,4.752638892879488e-05
0,0,0.9735109328785315,0.026486982217388794,2.0849040796366103e-06
1,0,0.5534061295156997,0.44658790752503646,5.962959263886938e-06
1,1,0.18095115175552862,0.8185428635563735,0.0005059846880977661
1,0,0.7348264896163582,0.2651720197937213,1.4905899205331228e-06
2,1,1.2043139153912895e-05,0.8628858346791748,0.13710212218167117
1,0,0.5059799994418921,0.49401143673579356,8.563822314429905e-06
1,1,0.14219268725774642,0.8576538062411712,0.0001535065010823497
0,1,0.412281233045639,0.5877112129630504,7.553991310453214e-06
1,1,0.474911798197532,0.5250836753487247,4.526453743393728e-06
1,1,0.4197582181027294,0.580236753528837,5.028368433508377e-06
1,1,0.241080850327679,0.7584075497347075,0.0005115999376136066
1,1,0.393883954794456,0.6060910523998938,2.4992805650263856e-05
0,0,0.7235373121121184,0.27645654685887383,6.1410290079785365e-06
1,1,0.40095574388436545,0.5989959097951487,4.8346320485822635e-05
0,1,0.21920834519700294,0.7805833103512402,0.0002083444517568719
1,1,0.2557204463638738,0.7442433724388321,3.618119729420917e-05
2,2,1.7127137408170714e-11,0.021190505913265795,0.978809494069607
1,1,0.03799899615961987,0.9604310132526991,0.0015699905876811414
1,1,6.859453670409212e-08,0.5320527032185095,0.4679472281869539
2,2,1.6069798583328236e-06,0.06307010726846744,0.9369282857516743
0,0,0.9482056840733345,0.05169469979336267,9.961613330286483e-05
0,1,0.4899353596767682,0.5100561303022879,8.510020943897295e-06
0,0,0.7217759278214092,0.2782225183563957,1.553822195073383e-06
1,1,0.011484714424196232,0.9872078139352262,0.001307471640577453
1,1,0.32714717563615514,0.672650762704796,0.00020206165904903742
1,1,0.44054680277942615,0.5582262282514818,0.0012269689690920108
1,1,0.2771631051240941,0.7227968689337954,4.002594211056618e-05
1,1,0.25890972148428126,0.7410652128299219,2.5065685797072188e-05
0,0,0.8385171830115364,0.16148215634741625,6.606410473300793e-07
1,1,0.12814676929719693,0.8718005883100108,5.264239279216186e-05
1,1,0.29693569900867595,0.7029693348890987,9.496610222530801e-05
1,0,0.7560721414469416,0.24390356055368143,2.4297999377052784e-05
1,1,0.05564685539658546,0.896793591810676,0.04755955279273873
0,1,0.45143175609700714,0.5485612172186919,7.0266843010951494e-06
0,0,0.5887967374362757,0.4112002595404171,3.003023307196932e-06
1,0,0.5629094638475827,0.43708457065842377,5.965493993601649e-06
0,0,0.7775658599509168,0.22243049632607023,3.6437230130472385e-06
1,1,0.24932479986380915,0.7499655883543402,0.000709611781850749
1,0,0.8605088777421558,0.1394864451635998,4.677094244385182e-06
0,0,0.5469616127631813,0.4529906624489283,4.772478789038966e-05
1,1,0.027208767436565567,0.968496902201629,0.004294330361805617
0,1,0.468806066188323,0.5311686299883414,2.5303823335607098e-05
1,1,0.02579390263440607,0.9701777467783438,0.004028350587250089
0,0,0.7427914925951954,0.2571803375695709,2.816983523373903e-05
0,0,0.9521861116953473,0.04780634727597554,7.54102867711972e-06
0,0,0.6864011322375698,0.3135911818832196,7.685879210652384e-06
1,1,0.17573469470446232,0.8241823348593463,8.297043619142749e-05
0,0,0.8642377991788758,0.13576183153454374,3.692865803732256e-07
1,1,0.16114478710750166,0.8384435522960226,0.0004116605964756944
1,1,0.2801515195737933,0.7185838125902525,0.0012646678359542346
0,1,0.21316230881521558,0.7866377440390306,0.00019994714575378604
0,0,0.6950391473669865,0.3049583500475585,2.5025854550284546e-06
1,1,0.06251857655650199,0.9372780862280178,0.0002033372154801246
1,1,0.049597176236022424,0.9501726798229277,0.00023014394104975695
1,0,0.5280630053888036,0.4718713802345428,6.561437665375597e-05
1,0,0.6583860858709762,0.3416083296276542,5.5845013694777146e-06
1,1,0.4108026685607029,0.5891523496467795,4.498179251745391e-05
0,0,0.8697536713506967,0.13024225010817778,4.07854112561548e-06
0,1,0.11722706882145634,0.8821951398870509,0.0005777912914927753
1,0,0.5949990922398392,0.4049947199595471,6.1878006136714564e-06
1,1,0.14622778425907243,0.852678700404468,0.0010935153364595815
0,1,0.3983484202078866,0.6016383578338057,1.3221958307727004e-05
0,0,0.6284115160955713,0.371406995398638,0.00018148850579066648
0,0,0.5434713350264092,0.45651628881531486,1.2376158275890903e-05
1,1,0.030690569166876833,0.9667050794039554,0.002604351429167685
1,0,0.6659459367170797,0.33405319431660585,8.689663144248932e-07
0,1,0.18476134326457377,0.8149338594899614,0.0003047972454646589
0,0,0.828779278265469,0.17121087810880808,9.843625722809276e-06
2,2,0.0008286396232655289,0.06382627682306448,0.93534508355367
0,0,0.9233535719510182,0.07610393916897239,0.0005424888800094609
1,1,0.47345882269351053,0.5265339181729964,7.259133493072222e-06
0,1,0.485849030351455,0.5141386525069588,1.2317141586320522e-05
1,1,0.09157536906179543,0.9083305182279576,9.411271024715572e-05
1,1,0.20578764393220828,0.7941755038861118,3.685218168007977e-05
0,0,0.602157030033598,0.39784244438699246,5.2557940957718e-07
1,0,0.7980021895003976,0.20198987414478792,7.936354814504492e-06
0,0,0.5288477911194192,0.4711372300869192,1.4978793661585057e-05
0,0,0.560954235730928,0.4390217205604606,2.4043708611448934e-05
0,0,0.7604784965587109,0.23785612156875283,0.0016653818725362664
1,1,0.16044386185066697,0.8395102911920755,4.584695725751294e-05
1,0,0.7298498893296839,0.27014916380087817,9.468694378593888e-07
0,1,0.464376834904541,0.5356138209671861,9.344128272811083e-06
1,1,0.3714503286419387,0.6285053413156618,4.433004239939197e-05
2,2,9.256521837491991e-14,0.001377883143795054,0.9986221168561124
1,1,0.1976113432244431,0.802379607376923,9.049398633876725e-06
0,0,0.6455312057470547,0.3544683528730766,4.413798686468151e-07
1,1,0.07325848674500492,0.9259058772021093,0.0008356360528858257
0,0,0.882728516183822,0.1172709628794372,5.209367407077209e-07
0,0,0.5577195114622501,0.4422701306330935,1.035790465644163e-05
1,1,0.010486401168680336,0.989027201586328,0.0004863972449917109
0,0,0.7317058769587742,0.268291684985181,2.438056044813883e-06
1,1,0.27714680633101,0.7222506900108379,0.0006025036581520814
1,1,0.13672084111333188,0.8631531562267082,0.0001260026599598466
0,0,0.8608666184995727,0.1391332449031777,1.365972496464322e-07
0,0,0.6566558850916148,0.3433305228164542,1.3592091931023474e-05
1,1,0.10191702309529964,0.8973737657805576,0.0007092111241427431
2,2,1.6992238028426717e-05,0.4468569452661208,0.5531260624958508
1,1,0.21353551733190054,0.7864311105185877,3.337214951179363e-05
1,1,0.29087851519883584,0.7089322992188356,0.00018918558232845786
1,1,0.09326225751665482,0.9060560279026927,0.0006817145806524114
0,0,0.8053644091240467,0.19462111442331465,1.4476452638605869e-05
1,1,0.12257826967271307,0.8773382570939209,8.347323336609474e-05
1,0,0.6032496063905038,0.39672963580983556,2.0757799660651703e-05
1,1,0.1419460566626677,0.8578578659898642,0.00019607734746813165
0,0,0.9181590111593603,0.08180227244691282,3.871639372703606e-05
0,0,0.7506376947436376,0.24936217747913414,1.2777722836819964e-07
1,1,0.18529626842881683,0.8061943903423626,0.008509341228820582
0,0,0.9146468726986793,0.0853495893618899,3.537939430700516e-06
1,1,0.16671848349423332,0.8332291517784661,5.2364727300629954e-05
0,0,0.5091021549889335,0.490884913963569,1.2931047497589392e-05
1,0,0.5463517971697327,0.4536452737794284,2.9290508388644113e-06
2,2,0.007511927634464343,0.43856504198546653,0.5539230303800691
0,0,0.9232570895199147,0.07642278506557161,0.00032012541451377534
0,0,0.5831325946804886,0.41685467866625736,1.2726653254057474e-05
1,1,0.04269029809669309,0.9571271496608438,0.00018255224246318324
1,1,0.07513061826179693,0.9196629386098063,0.005206443128396776
1,1,0.2587437535681107,0.7412203919774815,3.5854454407723044e-05
1,1,0.42850309729449565,0.5714729591824214,2.3943523082953567e-05
1,1,0.2858956190890717,0.7136869097203297,0.0004174711905986129
0,1,0.478856069625151,0.5210662520877103,7.767828713868449e-05
0,0,0.8239714536917699,0.17602343215782745,5.114150402657238e-06
0,0,0.5185661815425433,0.4811160990019553,0.0003177194555013439
1,1,0.03003332561142697,0.9695117419621117,0.000454932426461497
0,0,0.9800363209339435,0.01996318556291102,4.935031454809276e-07
1,1,0.22729123068902843,0.7726580065462502,5.0762764721424164e-05
0,0,0.858609289270778,0.14138489212232838,5.8186068936664176e-06
0,0,0.9303836717097215,0.06961577629180592,5.519984727605482e-07
1,1,0.024276450235265,0.9733576765191356,0.002365873245599444
1,1,0.20828266528433262,0.7916225541474311,9.478056823629918e-05
2,2,0.0014208516059410106,0.12408726273069892,0.8744918856633601
1,1,0.08122942311433286,0.918698075734224,7.250115144295602e-05
0,0,0.8896569894129625,0.11033411991227743,8.890674760090878e-06
1,1,0.11013912266799399,0.889340276399915,0.0005206009320911214
0,1,0.3831139736707292,0.6168697919831565,1.6234346114359426e-05
1,1,0.19330603680743438,0.8064721283072384,0.00022183488532729682
1,0,0.7316128326135561,0.2683863601667447,8.072196991258848e-07
0,0,0.5583858437144593,0.4416057829804001,8.373305140665085e-06
1,0,0.5566201468018744,0.44334524481635623,3.460838176929007e-05
1,1,0.39246371106093486,0.6075232267126922,1.3062226373030933e-05
1,1,0.480089154420664,0.519903153094482,7.692484853939036e-06
1,1,0.29103618069819914,0.7089499218844989,1.3897417301992506e-05
0,1,0.2292277089079035,0.770714785947627,5.750514446948218e-05
0,0,0.720346953264922,0.2796443082586079,8.738476470175304e-06
0,0,0.6251612038206384,0.3748245683248111,1.4227854550484335e-05
1,0,0.6098940290433194,0.3900235072143862,8.246374229453218e-05
1,1,0.16790767676084442,0.830967136360229,0.0011251868789265687
1,1,0.4352047681600829,0.56430192119444,0.000493310645477103
0,1,0.33237828748288906,0.6675666038236159,5.510869349508691e-05
0,0,0.8434841310951411,0.15651572987517792,1.390296811357591e-07
0,0,0.6571942640223007,0.3428034175571867,2.3184205124674876e-06
0,0,0.6771050392866577,0.3228935786498486,1.3820634936807224e-06
0,0,0.9051032026963578,0.0948954684084394,1.3288952028733749e-06
1,1,0.018927883674184444,0.980827896308332,0.0002442200174835052
0,0,0.6905557847138526,0.30941656959806785,2.7645688079444808e-05
1,1,0.4924203348508171,0.5071127117798206,0.0004669533693622303
1,0,0.8124291317999858,0.1875568011467609,1.4067053253263772e-05
1,1,0.343352116104153,0.6566233276909073,2.4556204939801942e-05
1,1,0.12272907966243035,0.8769819242884971,0.0002889960490724973
1,1,0.06336375279419446,0.9095689654538115,0.02706728175199392
2,2,6.593390585169958e-07,0.19119991918203916,0.8087994214789024
1,1,0.040193728154407936,0.9581565558987706,0.001649715946821361
1,1,0.34797302572705097,0.6520016242630718,2.5350009877152003e-05
0,1,0.15559264599066933,0.8443010846891353,0.000106269320195427
1,1,0.04311500115777172,0.8850097448020987,0.0718752540401295
1,0,0.7526515241703513,0.24734730516543085,1.1706642178590983e-06
0,1,0.42001319121099884,0.5799575309381866,2.9277850814548054e-05
0,0,0.9999982921063318,1.9899494839716922e-29,1.707893668106192e-06
1,1,0.411877769846852,0.5881176927284146,4.537424733358663e-06
1,0,0.6188543924282923,0.3811342688939723,1.1338677735398854e-05
2,1,5.935019086943422e-07,0.6964857149133259,0.3035136915847654
0,0,0.6490181062629987,0.35096897444993946,1.2919287061851792e-05
0,0,0.6098007293314389,0.3901112409278506,8.802974071052473e-05
1,1,0.18475301878057523,0.8152435118708143,3.4693486102244463e-06
1,1,0.06640181417912103,0.9334677572850988,0.0001304285357801835
1,1,0.27203220635680325,0.727774718708236,0.00019307493496078344
0,0,0.982000407063427,0.01799722951871753,2.3634178555698797e-06
0,0,0.5229897457283413,0.4770055678521069,4.686419551640856e-06
1,0,0.588454596336538,0.41142619279592757,0.00011921086753449287
0,0,0.6144354852119026,0.3855612058780028,3.3089100946117774e-06
1,1,0.1423721384772265,0.8573146898350789,0.00031317168769464293
1,1,0.49029356643573185,0.5096958344877441,1.0599076524098964e-05
1,1,0.3116564828082042,0.6882792742913493,6.42429004465192e-05
1,1,0.20353761355245342,0.7962247553048173,0.00023763114272936704
1,1,0.13747979564350482,0.8557627420849526,0.006757462271542633
0,0,0.6275705553460392,0.3724284854981178,9.591558429871453e-07
0,0,0.8091200239866941,0.19087981382905472,1.6218425126516083e-07
0,0,0.8092985713480855,0.19070000026693992,1.4283849746833348e-06
0,0,0.5127719706316575,0.4871840998436365,4.392952470598647e-05
0,0,0.7581862783345045,0.24181266772860882,1.05393688658668e-06
1,1,0.1328697892921568,0.8668654656124299,0.00026474509541323367
0,0,0.7296351788406638,0.2703583408319365,6.480327399819506e-06
1,0,0.792474977942499,0.20751809718997583,6.924867525054376e-06
0,0,0.6976247747347796,0.3023693258503822,5.899414838283638e-06
1,1,0.3091745166083733,0.6907500609950248,7.542239660196975e-05
1,1,0.09403172937363283,0.9056698534212926,0.0002984172050746193
0,0,0.5647731741602774,0.4352211928518524,5.632987870215399e-06
1,1,0.04982193047753871,0.9499950320304191,0.00018303749204209442
1,1,0.4381514521060479,0.561830200060063,1.8347833889146007e-05
1,1,0.02090971946148281,0.9789390351235868,0.00015124541493023242
1,0,0.75517566756905,0.24479951142505504,2.4821005894989105e-05
0,1,0.4316893328719479,0.5682059627109232,0.000104704417128922
1,1,0.1714747591855544,0.8284136676528697,0.00011157316157589421
1,0,0.8153202020028478,0.18467669267612832,3.105321023958953e-06
1,1,0.10578704792805901,0.8941465041832838,6.644788865731956e-05
0,0,0.9102011175773832,0.08979795357344642,9.288491704339494e-07
2,2,0.0005875413027884719,0.07269466108293872,0.9267177976142728
2,2,3.3627185948857713e-07,0.031426129224211743,0.9685735345039288
0,0,0.528153911247683,0.47184432580657987,1.7629457371891235e-06
1,0,0.8094903626273552,0.1904984422378055,1.1195134839342593e-05
1,0,0.620022728206911,0.379960240051876,1.703174121311107e-05
1,1,0.2183073866739775,0.7815326505218415,0.00015996280418112527
1,1,0.3454033834511764,0.6536736981469511,0.0009229184018725308
1,1,0.14787710954189215,0.8517466460634295,0.00037624439467821976
2,2,9.861842020711061e-40,9.298052608110625e-41,1.0
0,0,0.6228197395889411,0.37708220133026926,9.805908078967953e-05
0,0,0.8172503728135658,0.1816838777622696,0.0010657494241644882
0,0,0.8676215569487103,0.13237647050200652,1.9725492831160205e-06
1,1,0.04779668458461278,0.9520284117191948,0.0001749036961924906
1,1,0.017673878632970767,0.9807989236410932,0.0015271977259358359
0,1,0.2810869806811526,0.7189031998452394,9.819473608065948e-06
1,1,0.15688790842372413,0.8430700857707815,4.200580549440409e-05
0,0,0.7995077164260199,0.2004775089841943,1.4774589785634223e-05
1,0,0.5519139808394103,0.44804262106035836,4.339810023134678e-05
1,1,0.009392381280214744,0.9869788484850394,0.0036287702347458013
1,1,0.1571078461548722,0.8425070948842674,0.0003850589608604235
0,0,0.8138939486556969,0.18610587578409368,1.7556020944085604e-07
0,0,0.8153253833758476,0.184673121809658,1.4948144944546917e-06
1,1,0.18584226580758267,0.8132631068088877,0.0008946273835295158
0,1,0.4577270112179599,0.5415452419856773,0.0007277467963627678
0,1,0.18791764185237422,0.8099826315806455,0.002099726566980241
1,1,0.07606572455325765,0.8959339389390735,0.028000336507668862
1,1,0.03742448380229683,0.9620720764039872,0.0005034397937161301
1,0,0.5776129116506682,0.4223813118559804,5.776493351485693e-06
0,1,0.3013240866022708,0.6986219870478678,5.39263498614344e-05
1,1,0.1781703224594245,0.8206994823668442,0.0011301951737313766
0,1,0.2834922621802601,0.7164226841717849,8.50536479549123e-05
0,0,0.9284748970658746,0.07152438408341669,7.188507087023856e-07
0,0,0.6272951196416656,0.3726705128289459,3.436752938844965e-05
1,1,0.4788433214973449,0.5211162149302254,4.046357242962375e-05
0,0,0.8674471270343359,0.13255012735719224,2.7456084718392855e-06
1,0,0.614457848563679,0.3854863569278468,5.579450847409187e-05
1,1,0.302314865745121,0.6976456285441961,3.95057106827623e-05
1,0,0.6527198374803568,0.34725927337956347,2.0889140079809798e-05
1,1,0.21397581800338739,0.7401968330184185,0.04582734897819408
1,1,0.026841620989974932,0.970302882924274,0.0028554960857510507
0,0,0.9494598427444999,0.05053325899909935,6.898256400850362e-06
1,1,0.2431833350949627,0.7567371628031796,7.95021018576345e-05
1,1,0.10098218440627119,0.8983719624051225,0.0006458531886062657
0,1,0.31804877554338906,0.6819308615938644,2.036286274645475e-05
1,1,0.09611791555390091,0.9035531748438342,0.0003289096022649756
0,1,0.0960946264125601,0.9037583169093634,0.00014705667807651408
1,1,0.014981729293135883,0.9834307897741046,0.0015874809327595335
1,1,0.10592107000127199,0.8661308793008599,0.027948050697868224
1,1,0.21932493431154165,0.7805118910499388,0.00016317463851961178
2,1,0.008705455895805158,0.7193097291468926,0.2719848149573022
0,1,0.4942358166338394,0.5057042245135603,5.995885260028317e-05
1,0,0.564301209639968,0.4356929258999637,5.864460068193152e-06
1,1,0.24076955314177317,0.7586934907610933,0.0005369560971335674
0,0,0.5238972948533237,0.4760745773058341,2.8127840842297696e-05
1,0,0.7788754274707664,0.2211007367581614,2.3835771072281167e-05
1,1,0.4739937475360801,0.5259911985355704,1.5053928349561575e-05
1,0,0.6890193016124241,0.31087547368004986,0.00010522470752605796
1,1,0.08943004750306506,0.9034409964014113,0.0071289560955237015
1,1,0.053756825439764816,0.9395081203548691,0.006735054205366189
1,1,0.15298738608596157,0.8466714049350488,0.00034120897898957936
0,0,0.7807789987865544,0.21921150834437655,9.492869069033037e-06
0,0,0.7025947803599596,0.29721643828401295,0.00018878135602754583
1,0,0.5360563694899851,0.46358451955665914,0.0003591109533557301
1,0,0.5900903364705187,0.409890459618811,1.9203910670166178e-05
1,1,0.03744981085422115,0.9623929330810042,0.00015725606477464633
0,0,0.540914111540073,0.4590753423133327,1.0546146594451656e-05
0,0,0.842188768567398,0.15781099829375073,2.331388512316607e-07
1,1,0.046363845729773555,0.953415594654606,0.00022055961562033103
1,1,0.1544605380904342,0.8440131972365772,0.0015262646729886243
0,1,0.42328039584415966,0.5767112030655372,8.401090303073627e-06
1,1,0.17701584425507952,0.822606988228888,0.00037716751603255087
1,0,0.7390381648286913,0.2609442409935702,1.7594177738410373e-05
1,0,0.5079049918359169,0.4920924810040054,2.527160077719164e-06
0,0,0.9999737707187675,5.212825400528498e-29,2.622928123239407e-05
1,1,0.22038695013954923,0.7795842324487587,2.8817411692039755e-05
1,1,0.2860206232691422,0.7139045234882955,7.485324256249412e-05
0,0,0.8691091790425778,0.1308907225014838,9.845593836798889e-08
0,1,0.3623313113006666,0.6376679116596284,7.770397048750874e-07
1,1,0.05725291638612087,0.94258267477439,0.0001644088394892374
1,1,0.18828865862464494,0.8116956560370256,1.5685338329341e-05
1,1,0.0912520701733749,0.9086807681158982,6.716171072698363e-05
1,1,0.04579240500488748,0.9500054545916935,0.0042021404034189806
0,0,0.7801170479378862,0.21985221140291888,3.07406591948646e-05
1,0,0.8576286974521623,0.14236179048474754,9.512063090248352e-06
1,0,0.5018246948821691,0.4981435995024155,3.170561541534681e-05
0,0,0.9074759542621712,0.09251541050152934,8.635236299396252e-06
1,1,0.01384070734756654,0.9754947178618092,0.010664574790624312
1,1,0.08291542747006958,0.916405278912452,0.0006792936174784057
1,1,0.3196278812783924,0.680345467640697,2.6651080910508097e-05
1,1,0.031561808547759224,0.9679921172650853,0.000446074187155614
1,1,0.15491817879817354,0.844961635440999,0.00012018576082727216
1,1,0.07878431684257005,0.8996307705515624,0.02158491260586764
0,0,0.9580073062757795,0.04199260761031005,8.611391024744132e-08
1,0,0.5418866298721788,0.458106273711497,7.096416324140823e-06
1,1,0.47833731884437336,0.5216569220941363,5.759061490376444e-06
1,1,0.08353636288993405,0.908917715072277,0.0075459220377889925
1,1,0.4125051591980209,0.5874854480925616,9.392709417537892e-06
2,2,0.0051647554850357425,0.4811627664248918,0.5136724780900725
1,1,0.36887521991367533,0.6311058869583434,1.889312798131498e-05
1,1,0.37966408988164335,0.6203202090298756,1.570108848107651e-05
0,0,0.7857154303726116,0.21428380607073264,7.635566557038022e-07
1,1,0.43326032730117336,0.5667210184684511,1.865423037544472e-05
0,0,0.5481126125556973,0.4518762307298636,1.115671443906358e-05
1,1,0.0927945784096807,0.9016893917303881,0.005516029859931122
0,1,0.13784422168108534,0.8620753070834468,8.047123546772089e-05
2,2,0.00020442721298465712,0.0456619958408873,0.9541335769461281
1,1,0.08561402024777494,0.9139328646778057,0.00045311507441929947
1,0,0.7077387795057153,0.2922419430521151,1.9277442169630763e-05
0,0,0.8725001433780243,0.12749689516898297,2.9614529926570906e-06
0,0,0.5191027300811245,0.480896629532599,6.403862764906141e-07
1,0,0.6045028991567962,0.3951599397249518,0.0003371611182520559
2,2,1.1702475592498846e-12,0.0038395669976982977,0.9961604330011314
1,1,0.13391039279441516,0.8659482858202113,0.00014132138537344057
1,1,0.30226209637536294,0.6977292328768121,8.670747824937583e-06
0,0,0.9999512147261044,5.435308829316184e-29,4.878527389557598e-05
1,1,0.4224135526664905,0.5775796957191789,6.751614330634862e-06
0,0,0.585111636684108,0.41488264712729644,5.71618859559835e-06
2,2,4.429632222317965e-07,0.1771592913641445,0.8228402656726332
0,1,0.3614730585555695,0.6385064402581264,2.0501186304100428e-05
0,0,0.9724058122031907,0.027571708484963736,2.2479311845631118e-05
1,1,0.024007446341057788,0.9735673708140226,0.002425182844919426
1,1,0.026168656095391703,0.9666099802977066,0.007221363606901728
0,1,0.28346199988012616,0.7154101566864901,0.001127843433383521
0,0,0.6152559573637846,0.38474217633265695,1.866303558444181e-06
1,0,0.5980806383356025,0.4018590619603277,6.029970406978084e-05
2,2,1.0676652068727092e-12,0.0056743026089292065,0.9943256973900032
0,1,0.47520477213209833,0.5247920499527986,3.17791510311309e-06
2,2,1.771256085810158e-08,0.027884625622252326,0.9721153566651869
0,0,0.700569653373103,0.29942917844845707,1.1681784400549176e-06
2,2,2.3455770915655152e-07,0.006409790959471656,0.9935899744828192
1,1,0.0739501296952997,0.9259400021419919,0.00010986816270826942
1,1,0.29064257362633805,0.7093419904845931,1.5435889068822104e-05
1,1,0.09734181019840289,0.9021133551524192,0.0005448346491778378
0,1,0.441275092402558,0.5586722781791087,5.2629418333203135e-05
0,0,0.59410853853764,0.4058853438215902,6.117640769831256e-06
1,1,0.273715256165445,0.7238921229046773,0.002392620929877769
1,0,0.7177495556396508,0.2822494525332056,9.918271436404978e-07
0,0,0.9223869679747528,0.07761219229804239,8.397272047481598e-07
0,0,0.5276719863945988,0.47232267456205174,5.339043349539054e-06
1,1,0.10895476271436441,0.8728922892175168,0.018152948068118815
1,1,0.0686440658815244,0.9214353369881433,0.009920597130332413
1,0,0.8425251919244763,0.1574713625241361,3.4455513877800793e-06
1,1,0.27283751615411284,0.7271432226757298,1.926117015744742e-05
1,0,0.6248151887922218,0.3751830582943569,1.7529134213712544e-06
1,1,0.04631888202423803,0.9050577092986393,0.04862340867712283
1,1,8.511765632374747e-08,0.5651259050068331,0.43487400987551067
1,0,0.6893060667020584,0.31069375646703973,1.7683090190247553e-07
1,1,0.20152576316739346,0.7979605353685219,0.0005137014640845858
1,1,0.15700692160464877,0.8335705946055739,0.009422483789777275
1,1,0.15666189390532,0.8429085508826083,0.0004295552120718191
1,1,0.21670506061855915,0.7830592600744742,0.00023567930696660007
0,0,0.6260890638639698,0.3739018992500992,9.036885930974175e-06
1,1,0.42060546319839714,0.5793894892005574,5.047601045578997e-06
1,1,0.37680652660378494,0.622944330909329,0.00024914248688598915
1,1,0.04428840554888877,0.9546946262507041,0.0010169682004071117
1,1,0.4775078055924563,0.522418946301401,7.324810614272356e-05
0,1,0.41890785155504456,0.5809392348445834,0.00015291360037213066
1,1,0.18612177311528502,0.8138464994839724,3.1727400742593775e-05
1,0,0.5809896085098771,0.41900358925731895,6.802232803934189e-06
0,0,0.9637516092371632,0.03623259073718277,1.5800025653991814e-05
1,0,0.5743630112252094,0.42516017050456445,0.0004768182702261985
0,0,0.7620642695391915,0.23793359503763006,2.1354231784405083e-06
0,1,0.2587710916245649,0.741212942311273,1.5966064162051322e-05
0,0,0.6993372020152961,0.30065793461767204,4.863367031729622e-06
1,1,0.11569118430326465,0.883704493992764,0.0006043217039713687
0,0,0.9639700721912857,0.036025639000201795,4.288808512385875e-06
0,0,0.660554703884209,0.33944399114473955,1.304971051306008e-06
2,2,1.6363399418927086e-07,0.016327082039598834,0.9836727543264069
1,1,0.029839531373279382,0.9473984757058767,0.02276199292084406
0,0,0.9320576765141501,0.06793901746490766,3.306020942167385e-06
1,1,0.40725163486449806,0.5927378092861401,1.055584936196879e-05
0,0,0.8929727068551512,0.10702538670767496,1.9064371738865006e-06
1,1,0.3241387168220745,0.6748085804502596,0.0010527027276659242
0,0,0.8510940342901757,0.1489051251375389,8.405722852728169e-07
1,0,0.7845800950193562,0.21541874250192353,1.1624787201756102e-06
0,0,0.8961061899514517,0.10389299536772344,8.146808248992343e-07
2,2,0.0012425516484972673,0.1545948453591386,0.8441626029923641
1,1,0.36809059253875875,0.6317519329328859,0.0001574745283553704
0,1,0.48767984744314125,0.512303434132482,1.671842437672317e-05
1,0,0.834706237605514,0.1652934917305282,2.7066395778682703e-07
1,1,0.020535772381631606,0.8104493970175093,0.169014830600859
1,1,0.2640056319085735,0.7352863149365556,0.0007080531548709185
1,1,0.19649721244692303,0.8024489472987456,0.0010538402543313794
0,0,0.7794662374024098,0.22052547796163993,8.284635950316829e-06
0,0,0.9508791523551394,0.04911879546198196,2.05218287865351e-06
1,1,0.046501981417711,0.9530868718032853,0.00041114677900374767
1,0,0.7774655709385704,0.22253251372175264,1.9153396769480052e-06
0,1,0.36432558529016623,0.6356187122974533,5.570241238044728e-05
0,1,0.40426166024962795,0.5957077867544271,3.055299594482186e-05
1,1,0.3876129903035003,0.6123450545049783,4.195519152143453e-05
2,1,0.016182978913072767,0.5374814531241561,0.4463355679627712
1,0,0.5857860367646361,0.41420945178670265,4.511448661109607e-06
0,0,0.8499961785697703,0.1499997328276791,4.0886025507013215e-06
0,0,0.9767695070095271,0.023227722215535096,2.7707749377717947e-06
1,1,0.2412528105139491,0.7587219138558478,2.527563020324101e-05
2,2,2.3411305266791238e-07,0.01314629046424611,0.9868534754227012
1,1,0.40680333156886755,0.5931838550692525,1.281336187977235e-05
1,1,0.47271730064494394,0.527199710631573,8.298872348310365e-05
1,1,0.4430409654236867,0.5569509706154282,8.063960885083544e-06
0,1,0.4618953113331709,0.5378103022562696,0.0002943864105595942
1,1,0.06540944006728158,0.8936996588341587,0.0408909010985597
1,1,0.19537512355994915,0.804581115868755,4.376057129596614e-05
1,1,0.016142899638478914,0.983351505927178,0.000505594434343073
0,0,0.6723932725351037,0.32760535578182626,1.3716830699492669e-06
0,0,0.8496001882501302,0.15039893762447148,8.74125398205691e-07
0,1,0.2996816014022923,0.7002920911206038,2.630747710395021e-05
1,1,0.3943398870082592,0.6056380209570585,2.209203468241613e-05
1,1,0.23231835119464878,0.7674535949597187,0.00022805384563264134
0,0,0.6185145648654888,0.38145785501958784,2.758011492344125e-05
1,1,0.03224625009469665,0.9157298111523124,0.052023938752991036
2,2,8.109491115620737e-13,0.006592512582217559,0.9934074874169715
0,0,0.5518773908221024,0.4481149876651889,7.621512708598888e-06
1,1,0.14993426197098567,0.8500251132131565,4.062481585780279e-05
0,0,0.8913640834516479,0.1086358520263663,6.452198600582012e-08
2,2,1.0974607527578042e-39,2.5314471023255185e-40,1.0
0,0,0.5156134327005413,0.484376532651853,1.0034647605741405e-05
1,0,0.7488062146531914,0.25116706427032626,2.67210764823135e-05
0,1,0.47758179383829164,0.5224090008027735,9.205358934781675e-06
1,1,0.02190146982773973,0.9762315700838039,0.0018669600884563633
1,1,0.4804078703634799,0.5195616067254621,3.052291105781142e-05
0,1,0.48149303053000425,0.5185007100657594,6.259404236371708e-06
0,0,0.8514065065358469,0.1485928018480538,6.91616099408148e-07
0,0,0.7581017991577419,0.24189761669506643,5.841471917035956e-07
0,0,0.9022062892034357,0.09779221661372067,1.4941828436469472e-06
1,1,0.4274361131778507,0.5723134410159,0.00025044580624940005
1,0,0.603931695249298,0.39606687775464405,1.4269960578708137e-06
0,0,0.8280615628797442,0.1719362761621011,2.160958154723765e-06
1,1,0.12311231147089642,0.8760115316542662,0.0008761568748373701
1,1,0.11701661273863873,0.8829158222697868,6.756499157452105e-05
1,0,0.5945023714283153,0.4054722720856903,2.5356485994451187e-05
0,0,0.938308933829236,0.06161713022942726,7.393594133673865e-05
0,0,0.766205835198036,0.23378494959826143,9.215203702597295e-06
0,0,0.6867006293317571,0.31329018213134113,9.188536901792623e-06
0,0,0.7569982793931258,0.240975629715855,0.0020260908910191998
1,1,0.037174710940199876,0.9607525267326155,0.002072762327184659
1,0,0.6369821374372708,0.3628315097506418,0.00018635281208727802
1,0,0.7793787232360763,0.2206205062062282,7.705576955038888e-07
1,1,0.2650297244170212,0.7349318897314362,3.838585154258636e-05
0,0,0.950117850495404,0.04988173281840945,4.166861865236859e-07
1,0,0.582272006844671,0.4176980283110886,2.99648442404384e-05
1,1,0.05474949056531422,0.94420579778472,0.0010447116499657976
1,1,0.02101548321403267,0.9770724104447147,0.001912106341252455
0,0,0.7809817988782732,0.21901561576763692,2.585354089797692e-06
0,0,0.9437431725202419,0.05625232224647842,4.505233279648937e-06
0,0,0.5390749527470757,0.46090819182715276,1.68554257714776e-05
0,0,0.9371027579664831,0.06273233819549902,0.00016490383801785584
1,1,0.19558534324584945,0.8043099528224137,0.00010470393173682213
0,0,0.5644880393259437,0.43550058723979373,1.1373434262501738e-05
1,1,0.052812524405382665,0.8972547842334638,0.04993269136115339
1,1,0.4418865116470116,0.5581033402754975,1.0148077491068128e-05
1,1,0.08520733650449606,0.9134404466458677,0.001352216849636375
1,1,0.40329584496030035,0.5965630251975814,0.00014112984211836106
1,1,0.21256010937043027,0.787262229658858,0.00017766097071167576
1,0,0.694053378680039,0.30594603913619983,5.82183761079926e-07
1,2,2.5126872412609284e-06,0.08306457231402656,0.9169329149987321
0,1,0.16124527449583453,0.8378591967801765,0.0008955287239889795
1,0,0.8165536115262652,0.18344457432810887,1.8141456259004584e-06
1,1,0.022155523421029426,0.9766012725127727,0.0012432040661978535
0,0,0.8231017758101162,0.17689326921317403,4.95497670972491e-06
1,1,0.22379911546457965,0.7750912280811865,0.0011096564542339143
0,0,0.808061251385499,0.1915162938000873,0.00042245481441380094
1,1,0.08029310681979915,0.9148024183240884,0.0049044748561125305
0,0,0.807098024208723,0.19288819743346405,1.3778357812998444e-05
1,0,0.5316645989684883,0.46812676500294703,0.00020863602856468604
1,1,0.08181856915336808,0.9180459396250843,0.00013549122154754507
1,0,0.6153123526400972,0.38468502562419055,2.6217357123123144e-06
1,1,0.038238152534097965,0.9616086883261299,0.00015315913977202256
0,0,0.6197205278043457,0.38016180548939205,0.00011766670626226049
1,1,0.15141633096410123,0.8482667459455244,0.00031692309037426974
1,0,0.6179256398921279,0.38207290083251555,1.4592753566097105e-06
0,1,0.42637886791549773,0.5734933906496112,0.00012774143489096692
1,1,0.2632138011449612,0.7365585969457725,0.00022760190926632805
2,2,0.003604338844724534,0.3680842423629676,0.6283114187923079
0,0,0.8009022050420229,0.19909640905383902,1.3859041381394228e-06
0,0,0.8533237114384706,0.144796805430677,0.001879483130852281
1,1,0.016318086376683336,0.9774036346780093,0.006278278945307487
0,1,0.24624657476447748,0.7534078574735538,0.00034556776196869194
0,0,0.9884038745805945,0.011596064287758124,6.113164743369741e-08
0,1,0.398094545265775,0.6016938682116195,0.00021158652260551755
0,1,0.45506616299088753,0.5449198637665431,1.3973242569448641e-05
1,0,0.5553477428866956,0.4446495111123416,2.7460009628030435e-06
0,0,0.9527407194923803,0.04725923202383996,4.848377962991528e-08
1,1,0.30569315938002306,0.6942544574926446,5.238312733245487e-05
1,1,0.03335535207559149,0.9652888962830689,0.0013557516413395833
1,1,0.14977647511906073,0.8501777129564949,4.581192444435588e-05
1,1,0.043904057594251436,0.9558665751937796,0.0002293672119689846
1,1,0.2401664017773634,0.759183445494204,0.000650152728432576
1,1,0.13548203603640577,0.8644002847805169,0.00011767918307734703
0,0,0.503597677209723,0.4961024355911904,0.00029988719908656314
0,0,0.6196044444946965,0.3803947373019382,8.182033652954737e-07
0,0,0.6840873790087596,0.31590975132101223,2.8696702283108562e-06
0,0,0.8404768563078281,0.15951395760948547,9.186082686328e-06
2,2,1.358648306676495e-06,0.08174931302650952,0.9182493283251839
0,0,0.7344097979348553,0.26559001842628543,1.8363885926276385e-07
0,0,0.8918386017079314,0.10816119483354432,2.034585242750977e-07
2,2,0.0005322458597054791,0.04599084191100818,0.9534769122292863
0,0,0.7352107835318907,0.26478908367070786,1.3279740151878282e-07
0,0,0.9315923050255267,0.06822434852260328,0.0001833464518699941
0,1,0.05022508846542495,0.9492129751523055,0.0005619363822694876
0,0,0.8531266743186042,0.14686401477733005,9.310904065639443e-06
1,1,0.1877469783045462,0.8121538380750924,9.918362036125102e-05
0,1,0.4328923454179729,0.5669984947747059,0.00010915980732129272
1,1,0.08844120027537351,0.9111050766217422,0.00045372310288420984
1,0,0.834062077329538,0.1659310017745096,6.920895952268311e-06
1,1,0.3999508864211416,0.6000267607430725,2.2352835785973516e-05
0,0,0.6550713779362709,0.3449280955870371,5.264766920042903e-07
0,0,0.9492498549768602,0.05073647783807582,1.3667185063936384e-05
1,1,0.19338352862172242,0.8065201925570772,9.627882120024893e-05
1,1,0.04356295514252924,0.9543894465907445,0.0020475982667262213
1,1,0.3152178808345116,0.6845566279467923,0.00022549121869614697
2,1,8.130675648598102e-05,0.5848705865622684,0.4150481066812457
1,1,0.10910140938084767,0.8882957813854637,0.0026028092336887504
0,0,0.7944923313028561,0.20550657879476034,1.0899023835096913e-06
0,0,0.8483723922268609,0.1516236834931164,3.924280022734651e-06
0,1,0.38456823576343824,0.6153042083420688,0.00012755589449294763
1,1,0.05446587476435171,0.9173004336370603,0.02823369159858807
0,1,0.2634852595775016,0.7365022059482599,1.2534474238489535e-05
0,0,0.5969446441833773,0.40304933001296556,6.025803657054113e-06
1,1,0.09039501244996183,0.9095306166129155,7.437093712274619e-05
0,0,0.9159563853408716,0.08403182421127227,1.179044785604364e-05
1,1,0.10790464372423222,0.8916445250588215,0.00045083121694621534
0,0,0.8345770521044145,0.16542156319772675,1.3846978588736811e-06
1,1,0.009223633232495178,0.6419499832932922,0.3488263834742127
1,1,0.02504479645585049,0.9732450427810495,0.0017101607630999375
2,2,1.2411817985352829e-40,5.571572682762554e-41,1.0
0,0,0.9460140054197121,0.053970966384929875,1.5028195357961977e-05
0,0,0.8678089943248678,0.1321865613812847,4.444293847564759e-06
1,1,0.06687929017702053,0.9327381124018431,0.00038259742113643674
1,1,0.056610918887162805,0.9432619520494419,0.00012712906339524147
0,1,0.3934061476490624,0.6065590244848627,3.482786607489669e-05
0,0,0.7292576150606064,0.27074165094250163,7.339968919558873e-07
2,2,2.996285817805354e-08,0.006967837257053398,0.9930321327800884
2,2,1.7070275005365653e-07,0.016973675205130427,0.9830261540921195
1,1,0.015446333996704798,0.9777287506080438,0.0068249153952513126
2,2,4.854640051855961e-07,0.04882619567537938,0.9511733188606154
0,0,0.5670345512689984,0.43295165256457946,1.3796166422234071e-05
0,1,0.4697708236484319,0.5301907986196197,3.837773194837894e-05
1,0,0.6944347525617329,0.3054931912537775,7.205618448963909e-05
0,0,0.7294667854041695,0.27036058053663453,0.00017263405919593297
1,1,0.06391912356451655,0.935961215738922,0.00011966069656151856
0,0,0.6174243132445943,0.38257424907135484,1.4376840507066213e-06
1,1,0.19828724797242636,0.8016593766517475,5.337537582627937e-05
1,0,0.7542454882136292,0.24575135301774212,3.158768628603463e-06
1,1,0.3134640487416609,0.6864800067674275,5.594449091175148e-05
0,0,0.9451447052816253,0.054855075547314516,2.1917106020220014e-07
1,1,0.356819053124778,0.6431270470871059,5.389978811611117e-05
1,1,0.3000087095343607,0.699976430828915,1.4859636724189273e-05
0,0,0.9048751926381602,0.09512380863671437,9.987251254096243e-07
1,1,0.10557948915462598,0.8940947368261823,0.0003257740191916473
1,1,0.49903596987747184,0.5008909586597695,7.30714627587027e-05
1,1,0.3448137893375465,0.655124689485408,6.152117704543091e-05
2,2,0.0016053404632464128,0.1006573172826047,0.8977373422541489
0,1,0.14578465156646872,0.853999880655899,0.00021546777763217006
0,1,0.42096754767206046,0.5790233985039137,9.053824025865671e-06
0,0,0.9919257196110608,0.008074120881497816,1.59507441197564e-07
1,1,0.1484158718252457,0.8431290054444269,0.008455122730327433
2,2,1.0327479262547538e-48,3.8886287575523186e-54,1.0
1,1,0.10475193123772805,0.8919893825351707,0.0032586862271013306
0,1,0.4581770232971938,0.5413704469519309,0.0004525297508751993
1,1,0.044966212285516255,0.9550010160368385,3.2771677645346014e-05
1,0,0.5756212273394727,0.42437652146059157,2.2511999356827196e-06
1,1,0.24967581008669915,0.7502927240413846,3.146587191631234e-05
1,0,0.9219691151637295,0.07803085340175181,3.14345187647582e-08
1,1,0.07235337360493707,0.894660847133122,0.03298577926194086
0,0,0.8756514332601081,0.12434793669602132,6.30043870692892e-07
1,2,8.263264214047652e-07,0.19134255802032063,0.8086566156532581
1,1,0.23706940047840408,0.762909931122053,2.0668399542846374e-05
1,1,0.0480287993003644,0.9515526936448827,0.00041850705475284265
2,2,3.671623466277721e-09,0.006876844652095267,0.9931231516762812
1,0,0.5707376029734066,0.42925890467422145,3.4923523720122987e-06
0,0,0.7901438776297459,0.2098548756788259,1.2466914281648581e-06
0,1,0.1922994557546086,0.7987855287523569,0.008915015493034563
1,1,0.10755525189714614,0.892282054237685,0.0001626938651688274
1,0,0.783084921865578,0.21691205274399197,3.0253904301983295e-06
0,0,0.8721322561207886,0.12753960039655404,0.0003281434826574838
1,1,0.07664603093022772,0.9210384707870957,0.0023154982826767753
0,1,0.31438224736988535,0.6836033129296011,0.0020144397005135593
1,0,0.7836750369345977,0.21631709143063732,7.871634764966385e-06
1,1,0.07374063009306257,0.9261577349923353,0.00010163491460205274
2,2,1.8652712967459159e-06,0.049969597584683736,0.9500285371440194
1,1,0.02952935652706269,0.9628233692321704,0.00764727424076688
0,1,0.36734924798081214,0.6326368260252472,1.3925993940682275e-05
1,1,0.08659861460981486,0.8988162399968533,0.0145851453933319
1,1,0.36174226403369925,0.6382060906996294,5.164526667143289e-05
1,0,0.8103667146499092,0.1896321886218114,1.0967282793123144e-06
1,1,0.082357909606102,0.9172532892677859,0.00038880112611204234
1,1,0.055184664358282884,0.9431122986157052,0.0017030370260119549
1,1,0.018443281900483166,0.9804323752338113,0.0011243428657055636
0,0,0.8338846953792161,0.1661134914897857,1.8131309983403182e-06
0,0,0.9319580353241249,0.06801303328224136,2.8931393633852332e-05
0,0,0.5330529041028351,0.4669409078677225,6.1880294423675206e-06
1,1,0.11760243620594206,0.8805254687260716,0.001872095067986286
0,1,0.40389309430552683,0.5961045874234396,2.3182710335685727e-06
1,1,0.17792308507577548,0.8219846649811622,9.224994306232912e-05
1,1,0.48232487036223426,0.5176709282705252,4.201367240514775e-06
2,2,0.002338829329040755,0.24272420556057783,0.7549369651103816
1,1,0.16223266415800178,0.8375807579262132,0.00018657791578499547
1,1,0.011426636965217275,0.9867851025782655,0.0017882604565173184
0,0,0.7444205491102791,0.2555753387445029,4.112145218128341e-06
1,1,0.40868568997174715,0.5909386538446096,0.0003756561836431131
0,0,0.726287277279124,0.27365720321788817,5.55195029878091e-05
0,0,0.5564549581914133,0.44354366826419245,1.3735443941928274e-06
0,1,0.4066928143288472,0.593256796987377,5.038868377598322e-05
1,1,0.12419918256455688,0.8753707720690265,0.0004300453664166338
0,0,0.8969569223429233,0.10304300521550398,7.244157266093198e-08
1,1,0.3280088184797842,0.6693693310755052,0.0026218504447106535
0,0,0.5688150604907691,0.4310827011357468,0.00010223837348407851
1,1,0.18715858306566704,0.812627285620516,0.00021413131381688575
0,1,0.15889294912638674,0.8406324261243759,0.00047462474923733915
0,0,0.6111329129478907,0.3887672064366509,9.988061545845059e-05
2,2,1.571917958380927e-06,0.06799432845544519,0.9320040996265965
1,1,0.36883168072005,0.6311554225615039,1.2896718445999343e-05
1,0,0.6826044036349851,0.3173927654890968,2.8308759181079492e-06
0,1,0.15227395017912612,0.8471659906308617,0.000560059190012135
1,1,0.04336131168807394,0.9565826790158521,5.600929607387923e-05
2,2,2.203759075950931e-07,0.020668169604418238,0.9793316100196741
0,0,0.8398307987681993,0.16016763958110292,1.5616506977257994e-06
1,1,0.21962568346208072,0.7803435043639757,3.081217394373773e-05
0,1,0.18148245350150646,0.8166385642324953,0.0018789822659981015
0,0,0.5479141546999272,0.4520535949454488,3.225035462413982e-05
2,2,0.0035351061488397167,0.30025347505372296,0.6962114187974373
2,2,3.852272347933436e-05,0.01288221348841841,0.9870792637881023
1,1,0.061287543063457545,0.9385075762942887,0.00020488064225369283
0,0,0.7046728949145841,0.2952153754005112,0.00011172968490469642
1,1,0.17174951945627742,0.774790149313331,0.05346033123039147
0,0,0.577243437822519,0.4227491546399956,7.407537485406622e-06
1,1,0.37906349595853617,0.6208442537493952,9.225029206854576e-05
1,1,0.44070465965311534,0.558836237436555,0.00045910291032980375
1,1,0.020239602932197856,0.9779420977830465,0.0018182992847556299
1,1,0.14873682144814995,0.8509839932697286,0.00027918528212147266
1,1,0.1571844442537948,0.8351249178347073,0.007690637911497816
1,0,0.6063735637419759,0.39338404542708083,0.0002423908309431381
0,0,0.5863414355201101,0.41365745844385954,1.1060360304201314e-06
1,1,0.20547025170545777,0.7944933679397579,3.63803547842459e-05
0,0,0.7606611709103689,0.23924278790282683,9.604118680434804e-05
1,1,0.21477260022491323,0.7851018998494903,0.00012549992559654513
1,0,0.6283218251319667,0.37165965554431524,1.8519323718010917e-05
1,1,0.05822861751456166,0.9416231689409209,0.00014821354451734803
1,1,6.186264069337805e-07,0.9371739958035517,0.06282538557004141
1,1,0.4286727877816201,0.5713190569510604,8.155267319431316e-06
1,1,0.29394664669785747,0.7059716554455828,8.169785655957896e-05
0,1,0.06812732825696882,0.9315546046203276,0.00031806712270368256
1,1,0.22227725199825035,0.7776909886609941,3.175934075552377e-05
1,1,0.07146164219700879,0.9023062217927736,0.026232136010217653
0,1,0.319056810927473,0.6809292637607202,1.3925311806824556e-05
0,0,0.8389952976900158,0.16099325085562516,1.1451454358971558e-05
0,0,0.7500102902988706,0.24998819375406264,1.5159470667868144e-06
1,0,0.5251998694558331,0.4747727748854071,2.7355658759902257e-05
0,0,0.6573083970781625,0.3426782802082732,1.3322713564324641e-05
1,1,0.3493068120200763,0.6506529013939233,4.0286586000401477e-05
1,1,0.35266679994314504,0.6471783973431245,0.00015480271373026437
1,1,0.10254527668404038,0.8973873506461719,6.737266978772335e-05
0,0,0.749502564214646,0.2504897901784416,7.645606912354573e-06
1,1,0.3045112943334993,0.6954397108458596,4.8994820641077e-05
2,2,1.6588457509545918e-07,0.012463554148183894,0.9875362799672411
0,0,0.5985602083742044,0.40143142790731645,8.363718479259673e-06
1,1,0.374211051468565,0.6256551440755799,0.00013380445585503212
1,1,0.39514607840738564,0.6048399536203614,1.3967972252996807e-05
0,0,0.8233126244089096,0.17668027220996285,7.103381127510526e-06
0,0,0.6856212852148572,0.31434170423364177,3.7010551501031745e-05
1,1,0.19453661362706237,0.805333011629081,0.00013037474385677245
1,1,0.04395377078560657,0.9152170893508988,0.04082913986349452
0,1,0.21885194842849143,0.7810471158317369,0.00010093573977155622
0,0,0.8428840947663161,0.1571156208749009,2.843587830022908e-07
1,1,0.012290838037331818,0.9872632518087554,0.0004459101539125842
1,0,0.6526641939497436,0.34729505801985056,4.074803040589296e-05
0,0,0.6942149297108315,0.3057752841925629,9.78609660566082e-06
0,0,0.6389879637079431,0.36100863961117635,3.396680880558099e-06
0,0,0.6752069046556934,0.3247916553342464,1.4400100601297788e-06
1,0,0.5068208235787338,0.4931365654976652,4.261092360089141e-05
0,0,0.6969122033737735,0.30308183175062914,5.9648755972971e-06
1,1,0.16803937406736005,0.8317721331884675,0.0001884927441722894
0,0,0.5374304249976688,0.4624986801114044,7.08948909269061e-05
1,1,0.05402161411939474,0.9456178942772139,0.00036049160339130253
0,0,0.6304731899882291,0.36951347004422447,1.333996754641038e-05
1,1,0.25292539794000657,0.7470351324991714,3.9469560821985e-05
0,0,0.7260289802608374,0.27391912069793367,5.1899041228819043e-05
1,1,0.10733701247477972,0.892317202548348,0.0003457849768722692
1,0,0.7788982593397825,0.22110133297465193,4.076855654821718e-07
1,1,0.10964899310866391,0.8896025014900106,0.000748505401325345
1,1,0.16741770129651581,0.832532097688354,5.020101513012249e-05
0,0,0.8266855725776595,0.17328671247503488,2.7714947305600383e-05
1,1,0.2047927520557793,0.7948341306125134,0.0003731173317071801
0,1,0.45939462295086253,0.5405692616881079,3.6115361029623964e-05
1,1,0.09366221702927266,0.9055393984532096,0.0007983845175177681
1,1,0.06076542539283934,0.9390593246494301,0.00017524995773045846
0,1,0.37854138678424054,0.6214258844598118,3.27287559475278e-05
1,0,0.5030403497472039,0.49694978273763457,9.867515161589847e-06
1,1,0.0408807844394582,0.9586059017009044,0.0005133138596372579
1,1,0.037738454400884545,0.9618423725846208,0.00041917301449468747
0,0,0.6550012920872428,0.33855222708501165,0.006446480827745456
0,1,0.21133499814751558,0.7884066469909651,0.0002583548615193209
1,1,0.1455695845669662,0.8542190813006542,0.00021133413237972568
2,2,2.970954624951365e-10,0.16217499474388056,0.837825004959024
1,0,0.6607298744593441,0.33926605701916335,4.068521492582438e-06
1,0,0.7969500211899242,0.20304711644152082,2.862368554932336e-06
0,0,0.9446589409642334,0.05534086483357813,1.9420218834120835e-07
0,0,0.9340651292942057,0.06590860629669042,2.6264409103860276e-05
2,2,1.8258817930644403e-07,0.00817642175073087,0.9918233956610899
0,0,0.5309232783452061,0.4690695007373087,7.220917485046854e-06
2,1,0.017723875555063145,0.6073266539370058,0.3749494705079311
0,0,0.6624909114655994,0.33750380217067194,5.286363728618482e-06
0,1,0.18071720260342436,0.8191564649726244,0.00012633242395120451
0,0,0.8308342696671032,0.16888378416226915,0.0002819461706276167
0,0,0.7790480176989606,0.2209505361727444,1.4461282949840854e-06
1,1,0.22888707817142936,0.7709654892922119,0.0001474325363588706
0,1,0.2856091308870074,0.7140477627321598,0.0003431063808329438
1,1,0.04377530009330304,0.9552747300952785,0.0009499698114183613
1,1,0.05526745714054409,0.9429689957632036,0.001763547096252167
0,1,0.39692577064744267,0.6030508770053626,2.3352347194537964e-05
0,0,0.845168883074795,0.15483060033119694,5.165940079684224e-07
1,1,0.4634991883106505,0.5364606591018197,4.0152587529798424e-05
1,1,0.39443156678019237,0.6055463387935802,2.2094426227357942e-05
1,1,0.10616055170622432,0.8935710657954844,0.0002683824982911391
0,0,0.8379293504774045,0.16206948084568007,1.1686769155737434e-06
0,0,0.8638893002021248,0.13610512846356657,5.571334308642591e-06
1,1,0.22653179452749703,0.7733016374947264,0.0001665679777766694
0,1,0.3478983926240138,0.6519009649780033,0.00020064239798275738
0,0,0.6449298379540038,0.3550686436015293,1.518444466800134e-06
2,2,3.3052979662597075e-06,0.11620565810461897,0.8837910365974148
1,1,0.2398016842318564,0.7599673821306162,0.0002309336375273322
1,1,0.24111700296557176,0.7583842953738286,0.0004987016605995902
0,0,0.8016958681725476,0.1983013426841896,2.789143262887603e-06
0,0,0.5923343382339774,0.40766462545897253,1.036307050064831e-06
1,0,0.8531530853115531,0.14683571317061467,1.1201517832326925e-05
1,1,0.133687575640026,0.8652770689608559,0.0010353553991180996
2,1,0.056247706408894815,0.6840890297220595,0.2596632638690456
0,0,0.6879654185871326,0.3120119450500552,2.2636362812136435e-05
1,1,0.11762062861034756,0.8337152301772326,0.048664141212419874
2,2,2.4622594712254872e-08,0.006935498425148468,0.9930644769522567
0,1,0.3196579672005523,0.6802472737168734,9.475908257417461e-05
1,1,0.424428423725185,0.5753441431394575,0.00022743313535748835
1,1,0.31268171642998427,0.6872951533741547,2.3130195860997655e-05
0,0,0.9592772804969534,0.040722582573793915,1.3692925286387425e-07
1,1,0.24890207615974516,0.7510010262873958,9.689755285902132e-05
0,0,0.678827202568728,0.3211693496935053,3.4477377666025145e-06
0,0,0.6295007745236545,0.3704510113665209,4.8214109824540395e-05
1,1,0.07392759109009736,0.8829131511136495,0.04315925779625298
1,0,0.7268010799257598,0.27319790430061575,1.015773624509344e-06
1,1,0.24422823910809646,0.7556541782017372,0.00011758269016622514
1,1,0.04465423758280696,0.9539450102964816,0.0014007521207114475
0,1,0.35140796285389747,0.6485222934846773,6.9743661425303e-05
1,1,0.18347717735763705,0.8162283371099017,0.000294485532461303
1,1,0.11402508065065942,0.8854455078464379,0.0005294115029026638
1,1,0.42136261438745304,0.5785921058363525,4.527977619450616e-05
1,1,0.13800476141972867,0.8617714890995398,0.00022374948073166842
1,1,0.0828631598086311,0.9159139463580774,0.001222893833291425
1,1,0.2152549078175461,0.7846839303924059,6.116179004787e-05
1,1,0.3676216521757773,0.6319242882880177,0.000454059536204934
1,1,0.3549938003363082,0.6449623936211486,4.3806042543288086e-05
0,0,0.6926277526159655,0.3070406014595776,0.0003316459244568456
0,0,0.6375229743151837,0.362320340770802,0.00015668491401433612
1,0,0.5581661110025532,0.4418076350064133,2.6253991033390627e-05
0,1,0.4796047029128005,0.5203796714186443,1.5625668555296133e-05
1,1,0.2847211907803058,0.7139743212024501,0.0013044880172442105
1,1,0.23239983397381225,0.7623253102067504,0.005274855819437278
1,1,0.031790735209712324,0.9672997981410081,0.0009094666492797297
0,0,0.8705198534076422,0.1294774815617734,2.6650305843356947e-06
1,1,0.12629892027702408,0.8729319888718777,0.0007690908510983234
1,1,0.3239440645329891,0.6760013932547152,5.454221229569931e-05
1,1,0.0997000304794195,0.9000773521468095,0.00022261737377095677
0,0,0.9118219690663394,0.0881778756100491,1.5532361138023625e-07
1,0,0.8184354677841582,0.18156434849809713,1.8371774471169498e-07
1,1,0.2997293422537227,0.700208572470841,6.208527543621528e-05
0,1,0.17868205362202336,0.8212728393542138,4.5107023762929104e-05
0,1,0.4836616448181662,0.5163317617151653,6.593466668594123e-06
0,0,0.5709974024784495,0.42889675485384315,0.0001058426677073832
1,0,0.9140488535488592,0.08595028768060735,8.587705333754234e-07
0,0,0.628326494327046,0.3716708516292782,2.654043675780262e-06
0,1,0.32520722227256127,0.6745592453155558,0.00023353241188293187
1,1,0.10082374617150772,0.899073978174326,0.00010227565416624183
1,1,0.04188671270788993,0.9568478547518362,0.001265432540273873
0,0,0.9367178187230016,0.06324641173840471,3.576953859361747e-05
1,1,0.03527951633792625,0.8222602355855931,0.14246024807648056
1,0,0.8242744348885145,0.17571374006286042,1.1825048625063079e-05
1,1,0.2175588357797744,0.7822707891502843,0.00017037506994133935
1,1,0.10627885876043863,0.893005791959242,0.0007153492803193266
1,1,0.2808588839372101,0.7189017502802497,0.00023936578254014063
1,0,0.6504793750883434,0.34949115175252093,2.9473159135641233e-05
0,0,0.850042905508991,0.14995696312731688,1.313636920747744e-07
0,1,0.36860122622559544,0.6313281944465073,7.0579327897309e-05
2,2,8.697908570683563e-40,1.956323977947128e-40,1.0
1,1,0.024247324782442778,0.8496323420909031,0.12612033312665405
1,1,0.37506512187883695,0.6249246846210685,1.0193500094600265e-05
0,0,0.9076539674244009,0.09234588108324336,1.5149235581956892e-07
1,0,0.6462420955992668,0.3536953559635303,6.254843720283615e-05
1,1,0.3606796491350439,0.6392736704924779,4.6680372478184805e-05
1,1,0.16432484686599658,0.8355440021795578,0.0001311509544455127
0,0,0.9070001528428991,0.09299982691548933,2.0241611532539132e-08
1,1,0.025643395988926634,0.963666298705865,0.010690305305208486
1,0,0.8894931218436467,0.11019950777542531,0.00030737038092807885
1,1,0.028125993414298906,0.5453657349092643,0.4265082716764367
0,0,0.9059075909964677,0.09408307712015952,9.331883372929843e-06
1,1,0.40206973152525055,0.5976726423011977,0.0002576261735518727
1,1,0.40538994743764306,0.5946033744242848,6.678138072080067e-06
1,0,0.5962042737056179,0.40379015420497044,5.5720894117069415e-06
0,0,0.9076458682026898,0.09235406184887678,6.9948433319655e-08
2,1,0.0043378749750518685,0.5054228356198057,0.4902392894051425
1,1,0.1655572232825353,0.8343588773276174,8.389938984741309e-05
0,0,0.6388073163517857,0.3611088437740596,8.3839874154762e-05
1,1,0.2168002410442491,0.7831188911979393,8.086775781159693e-05
0,0,0.7307491773885636,0.26924970240706425,1.1202043721884505e-06
1,0,0.6798221946180238,0.320091671208024,8.6134173952165e-05
1,1,0.32584579752751147,0.6740846217850885,6.958068739985982e-05
1,1,0.206767363462016,0.7929777884698949,0.00025484806808906277
1,0,0.8328744904895702,0.16710674901221612,1.8760498213727774e-05
1,1,0.015157100580848534,0.9847020353098761,0.00014086410927537912
1,1,0.24517853265518486,0.754790944752542,3.052259227303894e-05
1,1,0.15321923306688798,0.845673204736238,0.0011075621968741776
0,0,0.7480767716310878,0.25183167447116717,9.155389774519938e-05
0,0,0.9092639897649317,0.09073599488060194,1.535446644321217e-08
1,2,0.0027163091340286242,0.29400824471035353,0.703275446155618
1,1,0.3379674112655047,0.6620237096463545,8.879088140827727e-06
1,0,0.9283836431224578,0.07151149182598848,0.00010486505155360998
0,0,0.8281911350399552,0.1717997427319778,9.122228066845942e-06
0,0,0.7212131683420301,0.2787756214895401,1.1210168429861954e-05
0,0,0.7017255846140684,0.2982714226004859,2.9927854457561425e-06
1,0,0.68900255076261,0.3109936819520844,3.76728530575594e-06
2,2,4.532952193488129e-07,0.030468465471096436,0.9695310812336841
0,0,0.6226471057358177,0.37734957322541407,3.3210387683450944e-06
1,1,0.01987386113206278,0.9790720040994049,0.0010541347685323692
0,0,0.9992187809225969,2.531224461468704e-29,0.000781219077403089
0,0,0.7825958161363078,0.21740355532625177,6.285374404464142e-07
1,1,0.4004993755487834,0.5993955012003446,0.0001051232508720351
1,1,0.37740157244659495,0.6223349882711104,0.00026343928229464206
1,1,0.27254047057237285,0.727396641249719,6.288817790810546e-05
2,2,0.0005365335292024829,0.07011534332058969,0.9293481231502078
1,1,0.24747929000971114,0.7523908503408724,0.00012985964941663095
0,0,0.79242391346209,0.20755937606316446,1.671047474564126e-05
1,1,0.3253319071978907,0.6746443743555898,2.3718446519474043e-05
1,1,0.013941163838736408,0.7816395673449552,0.20441926881630829
1,1,0.03199273161159791,0.9675607580199967,0.00044651036840550267
0,1,0.49143195267685386,0.5085654159717637,2.631351382387831e-06
1,0,0.5124841033185458,0.4873857456504407,0.00013015103101350368
0,1,0.40151246692635695,0.5983490472723674,0.00013848580127576626
1,1,0.17077164452680138,0.8291747500173774,5.3605455821378885e-05
1,1,0.1560078826224644,0.8438988660741433,9.325130339234802e-05
0,0,0.9755053919116475,0.02449333026434108,1.277824011396572e-06
1,0,0.5144874774880205,0.485504513462578,8.00904940152595e-06
2,1,0.08622280484726191,0.9020160720186308,0.011761123134107196
1,1,0.471674290253445,0.5281987912180678,0.00012691852848728167
1,1,0.16956034092483901,0.8302162087716811,0.00022345030347994645
0,0,0.7680795474103812,0.23191956185944512,8.907301737682466e-07
1,1,0.058558502879928066,0.9409378776271847,0.0005036194928874022
1,1,0.3739046307421341,0.6260711565154947,2.421274237124424e-05
0,0,0.9623905570717208,0.03759793159603923,1.1511332240021214e-05
1,1,0.1747050365074208,0.8243266067355464,0.000968356757032935
1,0,0.6410298969949534,0.3589555630448094,1.4539960237146154e-05
0,0,0.540333834766334,0.4596529619841451,1.3203249520829187e-05
0,0,0.5186691552817067,0.48132036221941327,1.0482498880045292e-05
0,1,0.043918664289585074,0.955373914912699,0.0007074207977159243
0,0,0.7208491336236295,0.2791497518033776,1.1145729931626325e-06
2,2,4.4123709658107823e-11,0.04792693947240708,0.9520730604834692
1,1,0.04324447616904737,0.8677059714921745,0.08904955233877808
1,1,0.08895795105555314,0.9102919417209578,0.0007501072234891157
1,0,0.5251783884489148,0.4748167308462313,4.880704853786769e-06
0,1,0.03785085875022341,0.7042635191976641,0.25788562205211263
1,1,0.2757947840432017,0.7241664669386335,3.874901816485746e-05
0,0,0.9876879748418304,0.012311941961093536,8.31970761766457e-08
1,1,0.2432125889297462,0.7566954919962428,9.191907401100506e-05
1,1,0.13671992045158946,0.8628763405354586,0.0004037390129519255
0,1,0.3958627507435392,0.6040392248854096,9.802437105121457e-05
1,1,0.031063473525855017,0.9684474951976519,0.0004890312764930132
2,2,1.1662339631448346e-07,0.017056335510669943,0.9829435478659337
0,0,0.6064136720690174,0.3935091084206737,7.721951030886382e-05
1,1,0.21242761024053758,0.7872212715080755,0.0003511182513869899
0,0,0.8444793135941572,0.1555154353311321,5.251074710800968e-06
1,1,0.3069969847108735,0.6929572722269834,4.574306214305149e-05
2,2,9.850877123776199e-09,0.0008064396515633598,0.9991935504975595
0,0,0.9830515442599452,0.016947905931711707,5.498083430178149e-07
1,1,0.09445975607115269,0.8856524147694413,0.019887829159406036
1,0,0.8319151534157134,0.1680826603022888,2.1862819978265796e-06
1,1,0.10624913570421121,0.8936649190382745,8.594525751427804e-05
1,1,0.008644791345234082,0.9907050805263501,0.0006501281284159012
1,0,0.7298707734332125,0.2701273426810058,1.883885781685703e-06
1,1,0.03736260313844186,0.9616817561657388,0.0009556406958194725
1,0,0.8390352270703404,0.16095763537947547,7.137550184195204e-06
0,1,0.32826384821367216,0.6713527195651952,0.0003834322211326517
1,1,0.2625364355042392,0.7373194229896407,0.00014414150612006489
1,1,0.23290479228357536,0.7670194355034039,7.577221302079437e-05
1,1,0.10699455438748305,0.8917081987879153,0.001297246824601682
1,1,0.24199523110639806,0.7578785107759417,0.00012625811766030408
0,0,0.652107082517254,0.3478725916569036,2.0325825842279706e-05
0,0,0.6404270792742476,0.35957086039789854,2.0603278539383364e-06
0,0,0.708701899463341,0.29127539626543575,2.270427122326869e-05
0,0,0.960065743134298,0.03992820854461186,6.048321090016124e-06
1,1,0.18054325009859212,0.8188016949221005,0.0006550549793072764
0,0,0.9323849970732262,0.06758567388140928,2.932904536441333e-05
1,1,0.06307866930478859,0.9312214017206205,0.005699928974591059
0,0,0.7915805426572234,0.2083305992581862,8.885808459034063e-05
0,0,0.9578365669683901,0.042157890224896175,5.542806713723561e-06
1,0,0.5737049205940904,0.4262902697775613,4.809628348197012e-06
1,1,0.02355437238824582,0.9726105539574069,0.0038350736543473407
0,0,0.818746106797399,0.18125274308184477,1.1501207562520121e-06
1,1,0.09487457680478201,0.9031065285432325,0.0020188946519855634
1,1,0.3638127185472748,0.636176316035585,1.0965417140147886e-05
2,2,6.161417098774799e-07,0.022223560972231722,0.9777758228860585
1,1,0.19186939138051187,0.8075041916767743,0.0006264169427137756
0,0,0.736983187821533,0.26300685587346617,9.95630500074261e-06
1,1,0.12584567104862443,0.8722225448694547,0.0019317840819206803
1,1,0.1987879372820067,0.8006311706237444,0.0005808920942488506
1,0,0.7026861963478376,0.2973125507528348,1.2528993277263762e-06
0,0,0.5455320991032587,0.4544670305522435,8.703444977439721e-07
0,0,0.7898522168257596,0.21013395451180628,1.3828662434143482e-05
2,2,1.0933969751269517e-12,0.0020755704877696863,0.997924429511137
1,1,0.15854675891325584,0.8405144027407083,0.0009388383460358565
1,1,0.22063410994927693,0.7793174555698587,4.843448086437099e-05
0,0,0.7106480272557286,0.28928077046661965,7.120227765174949e-05
1,1,0.12964694508174848,0.8702228506785278,0.00013020423972374647
1,1,0.330594354332535,0.6689837462996701,0.0004218993677950342
2,2,1.4696499420399783e-05,0.2970118232668986,0.7029734802336809
1,1,0.04347137832866093,0.9560493622004114,0.00047925947092763126
0,1,0.14768836558242807,0.8522385616845003,7.307273307152951e-05
1,1,0.23138700139567273,0.7685686926392149,4.4305965112354404e-05
0,0,0.5601930568114725,0.43978078799472525,2.615519380232307e-05
0,1,0.4263449507090143,0.5735971957718847,5.785351910089256e-05
1,1,0.07195190825736011,0.9239125205045357,0.004135571238104178
2,2,2.635170150594192e-07,0.005577482292338476,0.9944222541906464
0,0,0.7960441367892639,0.20395555822937214,3.049813639500878e-07
1,1,6.115418952283069e-05,0.5285982664364562,0.471340579374021
1,1,0.25929935576787916,0.740638782208629,6.186202349192066e-05
1,1,0.4512050603791299,0.5487786189796263,1.6320641243833097e-05
1,1,0.42172708691632793,0.5779065853492719,0.000366327734400273
1,0,0.6974427340815871,0.30253712543215305,2.0140486259889227e-05
0,0,0.6148815980470602,0.3851022025999399,1.6199352999902677e-05
1,1,0.4429865472635694,0.5570075011615113,5.951574919193925e-06
0,1,0.4630377653876591,0.5369494603432408,1.2774269100128497e-05
0,1,0.4198575183230483,0.5801190266561561,2.3455020795673246e-05
1,1,0.050157709312980116,0.9482443833579364,0.0015979073290836318
1,1,0.06511841265363198,0.934807768705007,7.381864136089829e-05
0,0,0.6593816462595539,0.3406124326596805,5.921080765629385e-06
0,0,0.6292833788282501,0.3707086332892411,7.987882508721098e-06
0,0,0.6583290358342269,0.3416651686159546,5.795549818611418e-06
0,1,0.2977682296710122,0.702164154745385,6.761558360282469e-05
2,1,0.014498990862903094,0.4961445918444945,0.4893564172926023
0,1,0.4617391672006736,0.5382142674610977,4.656533822876509e-05
1,1,0.03252324677869321,0.9655115100960964,0.00196524312521032
2,2,3.4767276765432906e-07,0.01342909426226158,0.9865705580649708
1,1,0.23613740442690356,0.763823842876979,3.8752696117439724e-05
0,0,0.6865300647816976,0.31345367045749706,1.6264760805314417e-05
1,2,0.002146738360547063,0.15196730203103942,0.8458859596084135
1,1,0.15266313703441023,0.8469241897571711,0.00041267320841872885
0,0,0.8508300554384426,0.14916942021174026,5.243498169936072e-07
0,1,0.3369405965200705,0.6630255239359838,3.387954394557648e-05
1,1,0.017265844796257764,0.9013206593515813,0.0814134958521609
0,0,0.7537679618274045,0.24622984769142164,2.190481173891461e-06
1,1,0.126067663953057,0.8720656456426688,0.0018666904042741936
0,1,0.3930701771298382,0.6067649444645752,0.00016487840558668742
0,0,0.6457465615743425,0.3542511853680136,2.2530576439318746e-06
1,1,0.032394153352076724,0.967130934356955,0.0004749122909683747
1,1,0.2191416512292991,0.7805687025349253,0.0002896462357755822
0,0,0.6340119257319434,0.3659833998878824,4.674380174122535e-06
1,1,0.06713946495362196,0.9326687856808314,0.00019174936554670744
0,1,0.4708602911102275,0.5290758986829281,6.381020684439968e-05
0,0,0.8730602393736511,0.12693236248000905,7.398146339778557e-06
1,1,0.3498414875666153,0.6501213266503751,3.718578300954817e-05
1,1,0.07512689073697955,0.9101531338771244,0.014719975385896082
1,1,0.07332340709835555,0.9256758935473229,0.001000699354321556
1,1,0.08361951733365669,0.9116187620775911,0.0047617205887523035
0,0,0.6074130513877152,0.39256379629811866,2.3152314166115026e-05
1,1,0.04986527860238825,0.8967680851866091,0.053366636211002634
0,0,0.9228714280285181,0.0771283716233322,2.0034814972212163e-07
0,0,0.7425181753288846,0.257480130384076,1.6942870393324178e-06
2,2,6.057595324361044e-16,5.1376852536953194e-05,0.9999486231474625
0,1,0.26077018297653376,0.7391373830240445,9.243399942172789e-05
0,0,0.894932147397417,0.10506606782093833,1.7847816447292297e-06
1,1,0.33986253553483586,0.6597970319939204,0.00034043247124376433
0,1,0.3489546961534441,0.6510394897135936,5.814132962360816e-06
0,0,0.9898404509504422,0.010158913106021522,6.359435363713877e-07
1,1,0.15637963612435982,0.8435085313574778,0.00011183251816225434
0,1,0.09514404787523494,0.8734046843405792,0.031451267784186006
0,0,0.7802177711330638,0.21978171768372035,5.111832157997794e-07
1,1,0.04314683505211447,0.9554911681908916,0.0013619967569939366
1,1,0.042417896812442415,0.7745369695595165,0.1830451336280412
1,1,0.18273514840590335,0.8172289774477044,3.5874146392255274e-05
0,1,0.4439634351108533,0.5560071208651514,2.9444023995300472e-05
1,1,0.26421558954165164,0.7357049808832082,7.942957514021692e-05
1,0,0.7861871545804494,0.21380778333750455,5.062082046064093e-06
1,1,0.09572409852586103,0.8948115560048872,0.009464345469251841
1,1,0.19781221850585318,0.8019771798757871,0.0002106016183597684
0,0,0.6648086084390733,0.3351907195401909,6.720207358467242e-07
0,1,0.2538610128940666,0.7379188555430807,0.008220131562852638
1,1,0.2305428889809016,0.76935058296381,0.00010652805528854861
0,1,0.29092841105470163,0.7087940301534942,0.00027755879180425
1,1,0.3218574597079912,0.6772048099084215,0.0009377303835872334
1,1,0.20694466558236643,0.792721244955065,0.0003340894625686184
1,1,0.06619843620076715,0.93373771530551,6.384849372275332e-05
1,1,0.4117507841432065,0.5881066709318143,0.0001425449249791062
1,1,0.10950718204023446,0.8903888265779025,0.00010399138186305595
1,1,8.250257645672569e-07,0.9565965498779047,0.04340262509633075
1,1,0.20897513058393954,0.790323833330711,0.000701036085349523
0,0,0.768619623243233,0.23138016484385268,2.1191291426346743e-07
0,1,0.05771391643287394,0.9178789857611309,0.02440709780599514
0,0,0.9260016035972047,0.0739980441200579,3.522827374456033e-07
1,0,0.5978728227627021,0.402125138476502,2.0387607957446513e-06
0,0,0.8241882908103803,0.17580967823800675,2.0309516128775134e-06
0,0,0.939953743724908,0.060042433359810764,3.8229152811713845e-06
0,0,0.8433959534243325,0.1566039021484424,1.4442722528639343e-07
0,0,0.9341571744261362,0.06584271167244296,1.1390142076073078e-07
1,1,0.03551615409064372,0.9641868580486875,0.00029698786066869015
0,0,0.8636018420057068,0.13639768371192312,4.742823702132886e-07
1,1,0.2674829364758062,0.7322695596060278,0.0002475039181661205
0,1,0.3752617990464952,0.6232822167761515,0.0014559841773533846
0,0,0.5902430993132319,0.4097500823780278,6.818308740344633e-06
1,1,0.11281747223732175,0.8863966887372644,0.000785839025413843
1,1,0.024093750740504127,0.9751024187865265,0.0008038304729694274
1,1,0.2577552315586625,0.7422225831639763,2.2185277361070806e-05
0,0,0.5570264098064265,0.4429529205485511,2.0669645022398352e-05
0,0,0.6349577659802956,0.365041707903441,5.261162633472578e-07
1,1,0.043037914895569095,0.9566816678402076,0.00028041726422325827
1,0,0.7094058877635845,0.29058387245016165,1.0239786253904128e-05
1,1,0.39554739350950785,0.6042391689368226,0.00021343755366946796
0,1,0.15163705711679892,0.8482686126780185,9.43302051825831e-05
2,2,5.141533925845382e-08,0.006459025174855542,0.9935409234098052
1,1,0.4187351103150438,0.5810848526483771,0.00018003703657925595
0,1,0.09236793730617751,0.9072301807676276,0.00040188192619473954
1,1,0.3575381957149957,0.6422285321356993,0.00023327214930500906
1,1,0.35073248673021307,0.6492220166751288,4.5496594657962736e-05
1,0,0.7482257561634166,0.25176844139003945,5.8024465440360014e-06
1,1,0.09896607701060414,0.9008437602199926,0.00019016276940332042
1,1,0.49109268285419483,0.5088516673478118,5.564979799342326e-05
1,1,0.2448257599766007,0.7542539268932476,0.0009203131301515963
1,1,0.17347593206532802,0.826313049811513,0.00021101812315904556
0,0,0.7513001529338014,0.24869716991893828,2.67714726031697e-06
2,2,3.9028543971777557e-07,0.11370077683643753,0.8862988328781227
1,1,0.4534852213880594,0.5464050276844282,0.00010975092751221898
2,2,4.505856903429887e-12,0.01013751208544641,0.9898624879100477
1,1,0.043901099720592085,0.954132990465983,0.001965909813425006
1,1,0.10348874254755627,0.8963200197562906,0.00019123769615318753
1,1,0.014869679304576921,0.8136223761804428,0.17150794451498025
0,1,0.1374332060972308,0.8617363115276454,0.0008304823751236625
0,0,0.6777484348813467,0.3222470020877727,4.563030880519075e-06
1,1,0.055642216257266536,0.9430528817698022,0.001304901972931349
1,1,0.1067215609703256,0.8930630293600862,0.00021540966958819683
1,1,0.1299729789887002,0.8699365778152665,9.044319603341028e-05
1,1,0.05587156848558601,0.9438384945237432,0.0002899369906707531
0,1,0.38186711040927823,0.6181179533669486,1.4936223772926168e-05
1,1,0.31890345122744235,0.681077426299024,1.9122473533619486e-05
1,1,0.0836972814278185,0.8954149207523828,0.020887797819798864
1,1,0.15318022999989447,0.8465798025796059,0.0002399674204995472
0,0,0.8509023426724208,0.14909753189306307,1.25434516202803e-07
1,1,0.05082715290318629,0.9489179326273632,0.0002549144694506456
0,0,0.7924040190213042,0.20759497865061802,1.0023280779159357e-06
0,1,0.4764278804211013,0.5235552236597623,1.689591913650377e-05
0,1,0.44020888335315506,0.5597887078867986,2.4087600463560497e-06
1,1,0.005605856238681683,0.9931435605526837,0.0012505832086345244
0,0,0.900668309618906,0.09924353467263948,8.815570845468732e-05
1,0,0.5282588244562024,0.4717292862093151,1.1889334482458858e-05
0,0,0.8209903669046577,0.17897699540193057,3.26376934118019e-05
1,1,0.05672256651086428,0.942076154091971,0.0012012793971648609
0,0,0.7368926861591503,0.26309487563044043,1.2438210409338317e-05
1,1,0.10003179569727542,0.89646525813637,0.0035029461663545077
1,1,0.49645581032873953,0.5035145176043634,2.9672066897181062e-05
1,1,0.16049652432270692,0.8388598995535186,0.0006435761237744859
0,0,0.8016866622189949,0.19830158229589626,1.175548510887989e-05
1,1,0.1587310766625728,0.8410574956451414,0.0002114276922857611
0,0,0.5634644813140184,0.4365294306201782,6.08806580337192e-06
2,2,0.011391099660622373,0.4388159258752054,0.5497929744641722
1,0,0.5500076023955962,0.4499835831947282,8.81440967559939e-06
1,1,0.15487165329808325,0.8448249843949082,0.0003033623070087223
1,1,0.22305871346539352,0.7768540321493419,8.725438526461728e-05
0,1,0.409216564290597,0.5907748271495025,8.60855990039978e-06
1,1,0.21848435004511046,0.781223164864655,0.0002924850902346426
1,1,0.08716148606005167,0.9088074209674132,0.004031092972535171
0,0,0.9615756411633187,0.03842095292262422,3.405914057117014e-06
0,1,0.17368165778473896,0.826157419094884,0.00016092312037688426
0,0,0.6834346477058508,0.3165623199981582,3.032295990979388e-06
0,0,0.8197923772116549,0.1802056421321871,1.980656158005616e-06
0,0,0.9462871554212265,0.053712803652080775,4.09266927725353e-08
1,1,0.10510370854944064,0.8947806841724598,0.00011560727809970778
1,1,0.04036778500302962,0.9148531678091689,0.044779047187801554
1,1,0.2034943758275876,0.7964798247533008,2.5799419111554843e-05
0,0,0.5038942176816077,0.4960835621664535,2.222015193882526e-05
1,1,0.21424061292259672,0.7856906088273979,6.877825000542572e-05
0,1,0.3616224410421355,0.637995740460009,0.0003818184978554833
1,0,0.8710265296756331,0.12896772793742425,5.742386942659618e-06
1,1,0.19291125799547668,0.8067538880742603,0.0003348539302630463
2,2,1.804611391862717e-06,0.05205535503960935,0.9479428403489989
0,0,0.9923081964734574,0.007691560292295112,2.432342475819676e-07
1,1,0.005283913671917888,0.5472882629481962,0.44742782337988596
1,0,0.857112935313487,0.14288552783984618,1.5368466668130423e-06
0,0,0.5345681618172344,0.46542232199874783,9.516184017640212e-06
0,1,0.2529725006715856,0.7467175332916245,0.00030996603679003457
0,0,0.83985598786872,0.16013637562685634,7.636504423836726e-06
0,0,0.7633046140481541,0.2366947883588613,5.975929845953536e-07
1,0,0.5975458981619404,0.40235623113121866,9.787070684084482e-05
0,1,0.46267145695496315,0.5373226280458085,5.914999228335509e-06
0,0,0.9672026175742661,0.03275786179338695,3.952063234704123e-05
1,1,0.06162232999425677,0.9382252027437081,0.0001524672620350637
0,1,0.3473550562518945,0.6526325406109152,1.2403137190315474e-05
0,0,0.7997202812456885,0.20027934654511653,3.7220919486498603e-07
1,1,0.012364790816339557,0.9872791206613034,0.0003560885223569718
2,2,4.119947156065677e-41,1.3640326292359579e-41,1.0
1,0,0.5890964899850144,0.4108888033116062,1.470670337935179e-05
1,1,0.2506218374296932,0.7488359097502901,0.0005422528200167337
2,2,1.519521330187525e-08,0.003992280374630215,0.9960077044301564
1,0,0.6817725950931357,0.3182259259505866,1.4789562775541135e-06
1,1,0.04689609739551064,0.9513555901529551,0.001748312451534159
0,0,0.8433759358717572,0.15660288314332269,2.118098492012858e-05
0,0,0.5165402014293311,0.48344636201916047,1.3436551508424646e-05
0,0,0.8367123169937564,0.16328361478724923,4.068218994321631e-06
1,1,0.18759315267487514,0.812272145022428,0.00013470230269704123
0,1,0.1758702473609815,0.8240008783962821,0.00012887424273654044
1,0,0.5226479721328204,0.4772013939507553,0.0001506339164243311
1,1,0.1447359667194767,0.8548640589399755,0.00039997434054777253
0,0,0.6949714531500562,0.3050272752658663,1.2715840773754761e-06
1,1,0.13004139988885544,0.82916997907477,0.04078862103637461
0,0,0.8042547524111503,0.19522816937134993,0.0005170782174997796
1,1,0.07092754980701094,0.9289717298722945,0.00010072032069449762
1,1,0.05701493898298762,0.942559232660949,0.00042582835606341893
0,1,0.10593572897917539,0.8935959893032207,0.00046828171760390276
0,1,0.38043880550272535,0.6194294440371828,0.00013175046009187926
0,0,0.5987771137430008,0.401189677653977,3.3208603022278844e-05
0,1,0.49232744340424983,0.5076573142138134,1.5242381936749606e-05
1,1,0.3938007939428492,0.6060927277595951,0.00010647829755559403
1,1,0.1295254170032549,0.8678751742567413,0.0025994087400037975
0,0,0.8571721963447896,0.142827587487922,2.1616728827346905e-07
0,0,0.9603885459844864,0.03959871845049033,1.2735565023231171e-05
0,0,0.9735242038625183,0.026473868282891805,1.9278545899825503e-06
0,0,0.698328980777023,0.3014658976430971,0.0002051215798798947
0,0,0.6747655601919549,0.32523370486782366,7.349402215450983e-07
0,0,0.9706985289672051,0.02929407748154693,7.393551248001867e-06
0,0,0.9473887916078325,0.052602018977348106,9.189414819361296e-06
1,0,0.8528367144468827,0.14716176149367774,1.5240594394261553e-06
0,0,0.660475154582213,0.3394068864133198,0.00011795900446728807
0,0,0.9849392698397369,0.015060421007796348,3.091524668623245e-07
0,0,0.846469943454052,0.15352997356037223,8.298557579625318e-08
0,0,0.7994780310742621,0.2005217346680684,2.3425766954206125e-07
0,0,0.8928106806632992,0.10718912657183403,1.9276486681955156e-07
1,1,0.22067813066755648,0.7791347671668686,0.0001871021655749966
0,0,0.7426392626416364,0.2573598197100644,9.176482993132062e-07
0,0,0.9787549379189728,0.02124391593200193,1.1461490252084256e-06
1,1,0.2733350999462738,0.7265803602520591,8.453980166710577e-05
1,0,0.5340131905493756,0.46586297895736534,0.00012383049325913721
1,1,0.01109221766179976,0.9883888246288829,0.0005189577093172939
0,0,0.6602598931506181,0.33943736766913474,0.00030273918024713265
0,0,0.6796780031052546,0.3202984313987641,2.356549598119508e-05
0,0,0.796486432818471,0.20351346730394,9.98775889623426e-08
0,1,0.3657683548413549,0.6341892234238614,4.242173478371008e-05
0,1,0.23835374843416018,0.7616029172997705,4.333426606925754e-05
0,0,0.7634874473304276,0.23650806985890713,4.482810665162562e-06
0,0,0.7163786736721336,0.28361008145433675,1.1244873529726693e-05
0,0,0.8230586221323527,0.17693219718406228,9.18068358520646e-06
1,0,0.6701963366036952,0.3297973107211741,6.352675130848676e-06
1,0,0.8695450352731653,0.13043922936608116,1.573536075357479e-05
1,0,0.5002721011395875,0.49969569349896586,3.220536144656258e-05
0,0,0.7248187010503467,0.2751774277087186,3.8712409346529565e-06
1,1,0.15206297352543224,0.8478603081849332,7.6718289634559e-05
1,0,0.80676344106015,0.19323514740604647,1.4115338036159154e-06
1,0,0.6153982987268823,0.38456930678509216,3.239448802560883e-05
1,1,0.1159891941607799,0.883761857953031,0.0002489478861891496
1,1,0.06859409841519461,0.9120209709523349,0.01938493063247064
1,1,0.34666231994531416,0.6526471656995192,0.0006905143551667001
1,0,0.6861718101401226,0.3138199484233569,8.2414365204742e-06
1,1,0.07794850187696885,0.9208023330640909,0.0012491650589401405
1,1,0.054197775188627575,0.8831696822015969,0.06263254260977555
0,0,0.6847159989715114,0.3152820540890657,1.946939422858514e-06
1,1,0.08821542965817215,0.9115622645171972,0.00022230582463053013
1,1,0.12315757928488406,0.876282285586388,0.0005601351287278461
1,1,0.11427333211311426,0.8448859867808682,0.04084068110601747
0,1,0.4683691143951832,0.5316214815052233,9.404099593429742e-06
1,1,0.09169540248762467,0.9081717333724041,0.0001328641399713636
1,1,0.46739791494123634,0.5325685767522262,3.350830653746816e-05
1,1,0.0794085982026055,0.9192843380123572,0.0013070637850373635
0,0,0.7146978487135708,0.2852926314516471,9.51983478215339e-06
1,0,0.6047840585704869,0.39521346088663145,2.4805428816592625e-06
0,0,0.8535667336291264,0.14643266085404616,6.05516827537657e-07
0,0,0.8697091006987036,0.12996557188668645,0.0003253274146100407
0,0,0.8047391387369477,0.19525176930543392,9.091957618390578e-06
0,0,0.8355723022598844,0.16442685470458981,8.430355256862287e-07
1,1,0.33581471094634785,0.6641583380168036,2.6951036848543266e-05
1,1,0.2683208534927946,0.7315734949394224,0.00010565156778298699
0,1,0.389129932688137,0.6107876709497275,8.239636213565567e-05
1,1,0.2790048618597174,0.72097095612156,2.4182018722438706e-05
1,1,0.11141722556492703,0.8882846312786106,0.00029814315646236765
2,2,1.4850974828878747e-05,0.23492220756537477,0.7650629414597964
0,0,0.5942948774687825,0.4056966284409353,8.494090282149702e-06
1,1,0.00873461691833179,0.6182566871829521,0.373008695898716
0,0,0.7308480933649439,0.2691508866851423,1.0199499136168129e-06
1,1,0.032453966014119595,0.9659376924205745,0.0016083415653058502
0,0,0.5956127296579359,0.4043824050664287,4.8652756354857925e-06
0,1,0.149508098454769,0.8500158873171219,0.0004760142281091975
0,0,0.7732615382386638,0.2267360477204234,2.414040912768752e-06
0,0,0.74060554583844,0.2593090875683089,8.536659325119692e-05
1,1,0.12010853759500732,0.8796553222553352,0.00023614014965745963
1,0,0.5818876852762783,0.4180062154887981,0.00010609923492351242
0,1,0.48007442461922617,0.5199208132104286,4.762170345312556e-06
0,0,0.5782959602302999,0.4216881318701628,1.5907899537369636e-05
0,0,0.8375527741054895,0.1624461538480888,1.0720464217699045e-06
1,1,0.25083314449946437,0.748843823378644,0.0003230321218917843
0,1,0.13696568241562804,0.8629367725082868,9.75450760849736e-05
0,1,0.4151164983440903,0.5848716643201562,1.1837335753439142e-05
1,1,0.030207165379088095,0.9693452087773348,0.0004476258435771646
1,0,0.6679633881950977,0.3320249023538074,1.1709451094768787e-05
0,0,0.8639400057168745,0.13605860701511574,1.3872680097332279e-06
1,1,0.04133607895878546,0.9584921516940536,0.00017176934716091568
1,1,0.280396997658987,0.7195629961192683,4.0006221744691635e-05
1,1,0.3258653998712873,0.6741063348234704,2.8265305242363223e-05
1,1,0.3368474039476622,0.6631432778747479,9.318177589824468e-06
1,1,0.3010793971520366,0.6989054812627331,1.512158523027671e-05
1,1,0.17580608164815634,0.8241627657456027,3.1152606241028545e-05
0,1,0.4932462259257136,0.5067399029371322,1.3871137154085127e-05
0,1,0.39801966681140505,0.6019670888863659,1.3244302229121814e-05
1,1,0.3069020232237885,0.6930222975613111,7.567921490031763e-05
0,0,0.9314429398946283,0.06846682948850828,9.023061686339016e-05
2,2,9.262330940854566e-11,0.083678129233308,0.9163218706740687
2,2,2.915185517202492e-05,0.39016585676763815,0.6098049913771898
1,0,0.5368977770687912,0.46252796693551873,0.0005742559956901239
0,0,0.6017622866344181,0.39823569333111725,2.0200344646099766e-06
0,1,0.4224453365266364,0.577247217111149,0.00030744636221459795
1,1,0.016471211910674393,0.9778670920110074,0.005661696078318087
1,1,0.2984751954755892,0.7013078485600924,0.0002169559643184661
0,0,0.6501028139834057,0.3498960061559187,1.1798606754653568e-06
1,1,0.29523131522692947,0.7046007713229608,0.0001679134501096522
0,0,0.8120242756332138,0.18796485092137757,1.0873445408664936e-05
1,1,0.06775657973507665,0.9321397653294122,0.00010365493551101229
0,0,0.9856354947005325,0.01436396557466004,5.397248076925593e-07
0,0,0.8914686374376694,0.10853025938961296,1.103172717766224e-06
1,0,0.6175805749065919,0.3821425245705255,0.0002769005228826859
2,2,8.598979905507183e-06,0.1917505434947161,0.8082408575253783
0,0,0.8520344401585594,0.14796434921817325,1.2106232672834684e-06
0,0,0.7309935626110889,0.2690059823517413,4.5503716989021747e-07
0,0,0.9585467706559696,0.04144602997684169,7.199367188696144e-06
0,0,0.9824938303190198,0.01750553239535636,6.372856238176731e-07
1,1,0.035312118347991146,0.916413250048228,0.04827463160378087
1,1,0.0402865858232868,0.9594290461946039,0.00028436798210940335
1,1,0.11108324001039739,0.8884270793919862,0.0004896805976163858
0,0,0.5508966969054562,0.4490750715312128,2.8231563331086092e-05
0,0,0.6744030201629072,0.3255901872016285,6.792635464095114e-06
0,0,0.7539792799023529,0.24601766321354182,3.0568841051856753e-06
0,0,0.5022794039765082,0.49771177676167855,8.819261813315673e-06
0,1,0.20802087198269914,0.7912731648223265,0.0007059631949743254
1,1,0.05038322253258341,0.9138544260386038,0.035762351428812886
0,0,0.9272149286921307,0.07278440933859198,6.619692772128527e-07
1,1,0.11303624553088606,0.8866221855187332,0.00034156895038077966
0,0,0.9594093917868127,0.04058935770748385,1.2505057034487805e-06
0,1,0.4936502161558967,0.506340547706656,9.236137447335383e-06
1,1,0.009333225207343478,0.9902608373132419,0.00040593747941488874
0,0,0.6877094059536223,0.3122847716688666,5.822377511075178e-06
1,1,0.46595773733360896,0.5340327174100736,9.54525631735331e-06
1,1,0.05918429128229449,0.939003985760555,0.0018117229571503717
1,1,0.09183977902081039,0.9062814879393568,0.0018787330398328268
2,1,0.14105475976324094,0.7229756100393935,0.1359696301973656
2,2,3.8761382425994185e-12,0.0017807089819397522,0.998219291014184
1,1,0.1603009486895462,0.83930365998577,0.0003953913246838569
0,0,0.6709517663702228,0.32903523733617335,1.2996293603904071e-05
1,1,0.032795969323307965,0.9633411556096649,0.0038628750670270462
1,0,0.5333730440538128,0.46631260775080674,0.00031434819538040857
1,1,0.23594895074798905,0.7638936472835334,0.00015740196847749034
1,1,0.09543973936197624,0.9043767938078779,0.00018346683014575912
1,1,0.0064783731086998945,0.9922921405821985,0.0012294863091015995
1,1,0.05695111476107317,0.9425713468350747,0.00047753840385206107
0,0,0.7680753299515015,0.23191609650596134,8.573542537121219e-06
1,0,0.85179940181831,0.14820054573398875,5.2447701178037665e-08
1,1,0.03653061318074475,0.9630041822559241,0.0004652045633310188
1,1,0.032172225074762736,0.820535923496147,0.1472918514290901
1,1,0.3731907556052151,0.626745971011885,6.327338289991038e-05
1,1,0.10440622958649162,0.8836905469194138,0.011903223494094577
1,1,0.18852952372363554,0.8113652478219214,0.00010522845444302979
0,0,0.6812394932249592,0.3187422049046558,1.8301870384908213e-05
1,1,0.1100878684659621,0.8891311940311114,0.0007809375029265445
0,0,0.9646705359537816,0.03532678917675363,2.6748694647758807e-06
0,1,0.4628686514175624,0.5371277961848954,3.5523975423569315e-06
0,1,0.37196130981565734,0.6280005921144589,3.809806988376448e-05
1,1,0.23397041520143802,0.7656192992028147,0.00041028559574725587
0,0,0.7169013412584483,0.2830939233144027,4.735427149080273e-06
1,1,0.32115098295184763,0.6760995464192364,0.002749470628916016
0,0,0.9120874217049088,0.08791152444099537,1.053854095857848e-06
1,1,0.09390531355971164,0.9059766742490861,0.00011801219120228383
1,1,0.3568025903102604,0.6431701788561384,2.7230833601299718e-05
1,1,0.017991754962194295,0.5607701829088865,0.4212380621289193
1,1,0.10180236704249479,0.8979071600721871,0.00029047288531815825
0,0,0.8086593754814525,0.19133990659821337,7.179203340499666e-07
0,1,0.11847713265548976,0.814461634006648,0.06706123333786243
0,0,0.9179929679496762,0.08200695244044912,7.960987480677767e-08
1,1,0.349862294225844,0.6501260670767345,1.1638697421613901e-05
0,0,0.6457413048930397,0.3542158680866022,4.282702035804747e-05
0,1,0.3598893955488731,0.640071572119791,3.903233133585238e-05
1,0,0.6498048355656315,0.35016265198358776,3.251245078074252e-05
0,0,0.7412222561278297,0.2586550568149177,0.0001226870572527211
0,0,0.9423370286160065,0.057662410643598686,5.607403945870642e-07
1,1,0.3134118057442807,0.6865126193456154,7.557491010401977e-05
1,1,0.43015665234907885,0.5698381282629512,5.219387969950804e-06
0,1,0.14387483729336645,0.8559066010714784,0.00021856163515511417
1,1,0.4586897283959971,0.5411520519970096,0.00015821960699335293
1,1,0.01856843221957104,0.9802915385184586,0.0011400292619702344
2,2,5.516279258621378e-10,0.00014301023686072437,0.9998569892115113
1,1,0.12333166544457451,0.8765785628956536,8.977165977200242e-05
1,1,0.2363153484185563,0.7631686599395409,0.0005159916419027661
0,1,0.21209364630754182,0.7877962703528134,0.00011008333964466947
0,0,0.7243976582131529,0.2755965384826502,5.803304196794493e-06
2,2,2.403649071255259e-08,0.2959193789181322,0.7040805970453771
1,1,0.33160334433376104,0.6683738174030496,2.2838263189342364e-05
1,0,0.5470516419834541,0.45294608532207686,2.272694469101329e-06
1,1,0.3936898712334416,0.6062542356539675,5.5893112590861806e-05
1,1,0.25955668111029817,0.740340974734731,0.00010234415497076453
1,1,0.34555741228808123,0.654404239087841,3.8348624077832915e-05
1,1,0.31660237602564284,0.6833814538100075,1.6170164349667992e-05
0,0,0.6236230273133607,0.37632167663636384,5.529605027546067e-05
1,1,0.2667623046567167,0.732610772610415,0.0006269227328682662
1,0,0.8560484821311428,0.14203179441561692,0.001919723453240382
0,0,0.9005326295764018,0.0994673388690193,3.155457895852084e-08
0,0,0.887414477126037,0.1125854617925528,6.108141018885218e-08
1,1,0.08663446908741997,0.9085231113800225,0.004842419532557611
1,1,0.07929677549332935,0.9202997089629177,0.0004035155437530766
1,1,0.0249146941883482,0.9710324375265253,0.0040528682851264045
1,1,0.45400249031497114,0.5459093799214557,8.812976357317941e-05
1,0,0.7507131700279098,0.24928448537043715,2.3446016529923665e-06
1,0,0.6609680167290568,0.339023189500788,8.793770155018236e-06
1,1,0.19434482531408354,0.8055494393031183,0.00010573538279826928
1,1,0.130768046079968,0.8691837837177812,4.817020225099243e-05
1,1,0.1544933952362987,0.8452162604294495,0.0002903443342516023
1,1,0.4081864226375366,0.5915844133776447,0.0002291639848188381
0,0,0.7884567746492265,0.21152685200971802,1.637334105559465e-05
0,0,0.654754865153788,0.345240295087594,4.839758617954193e-06
2,1,0.039560140878996265,0.9308962575113018,0.029543601609702097
0,0,0.8032240000055196,0.19677488600442028,1.1139900602664158e-06
0,0,0.6217024739786864,0.37783549093482083,0.0004620350864927272
1,1,0.37238807889280684,0.6275774034071131,3.451770008010849e-05
1,1,0.22946141585831586,0.7704095599701545,0.00012902417152956731
0,0,0.5311340746357026,0.4688560660448818,9.859319415494393e-06
0,0,0.5750498051788834,0.424948685463781,1.5093573356278228e-06
1,0,0.5112437516606899,0.48864678114120774,0.00010946719810230709
2,1,1.7195355156758444e-05,0.8778407720025098,0.1221420326423334
1,1,0.08303724459267592,0.9142052253425548,0.002757530064769343
1,1,0.1388271744481905,0.8611184375108013,5.4388041008238304e-05
1,1,0.08034321784947913,0.8751354126963141,0.04452136945420666
0,0,0.8862059611583099,0.11379372037781074,3.184638794330207e-07
1,0,0.6942820115338711,0.3057070142572492,1.0974208879460849e-05
0,1,0.2483729305538556,0.751545558891525,8.151055461940278e-05
0,0,0.8415136475653824,0.158485682055425,6.703791927090876e-07
0,1,0.28020202208114775,0.719676080743895,0.00012189717495734629
1,0,0.7000707140195878,0.299926280584604,3.005395808206958e-06
0,0,0.9203920797459673,0.0796078142887659,1.0596526687641405e-07
0,0,0.8636863749425259,0.13631251026724073,1.1147902332660399e-06
1,0,0.7371399756782915,0.2628559463152314,4.078006476997967e-06
0,1,0.1908980840691062,0.8090353084825234,6.660744837034502e-05
0,0,0.8958609713952043,0.10413812925276586,8.993520297038279e-07
1,1,0.0063789990557099165,0.5857894759936327,0.4078315249506573
1,1,0.11037536784717929,0.884501545078768,0.005123087074052737
0,0,0.841424413753701,0.15857345738450612,2.128861792745075e-06
0,0,0.6572820702915315,0.34271300805317,4.92165529852847e-06
1,1,0.21115418097500813,0.7886456301096816,0.0002001889153101682
1,1,0.20772580343811653,0.7921657384085925,0.00010845815329091227
1,1,0.15431000394861555,0.8456188192617127,7.117678967178583e-05
1,0,0.5579443530893817,0.4420497830025921,5.86390802613556e-06
2,2,1.3045479651412262e-07,0.013855133878232463,0.9861447356669709
0,1,0.4475989167758927,0.5523839247769474,1.715844715975223e-05
1,1,0.09190053664279374,0.9080139906956116,8.5472661594695e-05
1,1,0.34365256045625775,0.6559281982740414,0.00041924126970070127
1,1,0.037672540136391194,0.9619322759641348,0.0003951838994740971
2,2,3.855640825986413e-10,7.262794096112436e-05,0.9999273716734747
1,1,0.25939505530831486,0.7405075298015293,9.741489015577014e-05
1,1,0.39791168999432625,0.5994326874372424,0.0026556225684312524
1,1,0.04368548925398455,0.9551009170092644,0.0012135937367510606
2,2,0.0001520524520133982,0.02619275443457125,0.9736551931134153
0,0,0.7192299733321922,0.2807676311579864,2.3955098214012274e-06
1,1,0.016835376421883614,0.982942639008713,0.000221984569403426
0,0,0.9145161081865298,0.0854830620681233,8.297453468789773e-07
1,1,0.09887195274763864,0.8964823167942538,0.00464573045810759
1,1,0.14949280371764634,0.8488399417431653,0.0016672545391882882
1,0,0.5172419696993671,0.4827545600051099,3.4702955228267093e-06
2,2,2.7651219758632823e-12,0.013524170375692715,0.9864758296215422
2,2,0.0006727067920046394,0.11453918090295837,0.8847881123050368
0,0,0.6342961084027818,0.3657005984495048,3.2931477134045523e-06
1,1,0.18958773359581407,0.8101654823000037,0.00024678410418222627
0,1,0.4689821059013439,0.5310073392303781,1.0554868278021794e-05
0,1,0.32541765228490416,0.6744749738698151,0.00010737384528060754
1,1,0.018878176087526673,0.9437639268848962,0.03735789702757708
1,1,0.12133044645794688,0.8778985515284061,0.0007710020136470014
0,0,0.6857229232095065,0.31427256097619205,4.515814301561042e-06
1,1,0.44892446406949016,0.5509765607116094,9.89752189004829e-05
1,1,0.36487704728136144,0.6350947860629034,2.816665573520517e-05
1,1,0.2350375729078281,0.7648784533644426,8.397372772920803e-05
1,0,0.8101434065447515,0.18983941146328887,1.7181991959671478e-05
0,1,0.2928689170703249,0.7069584157880825,0.0001726671415926482
2,2,7.622934156935458e-07,0.05434820151793632,0.9456510361886481
0,0,0.7372168058817405,0.2627828231012206,3.710170388541787e-07
0,0,0.8219961120120907,0.17800232040173403,1.5675861754466068e-06
1,1,0.23729505271206194,0.7626640627240202,4.088456391773121e-05
0,0,0.6023805525397024,0.39760796424917777,1.1483211119961668e-05
0,0,0.5494451294319127,0.4505332962894834,2.15742786040534e-05
1,1,0.29239769321945197,0.7075714751567168,3.08316238311712e-05
0,0,0.8542080429037913,0.1457916948364884,2.622597202873329e-07
0,0,0.9432210574458928,0.05674286027091593,3.608228319135725e-05
1,1,0.17660156015356662,0.8233831042418375,1.533560459586757e-05
1,1,0.14224983706765645,0.8576925617398478,5.7601192495843734e-05
1,1,0.29142515522716966,0.6993939408216174,0.009180903951213014
0,0,0.6597052116075911,0.3402344582867245,6.0330105684447996e-05
1,1,0.31052516030611954,0.6894162550065696,5.858468731091034e-05
1,1,0.030197936632183144,0.9694365314315798,0.00036553193623706465
1,1,0.13854552013824992,0.8541169620247963,0.007337517836953695
1,1,0.3094066019830662,0.6905246154026159,6.878261431786731e-05
1,1,0.2306634584642669,0.7685084014283737,0.000828140107359424
1,0,0.7259470860160788,0.2740497217759061,3.1922080152279853e-06
0,0,0.7656043551005316,0.23439393013131368,1.7147681545287357e-06
1,1,0.14430296883867183,0.8507634022453056,0.004933628916022622
1,0,0.7922128233191622,0.20778694577423065,2.3090660721706735e-07
1,1,0.0532106781149434,0.9447403796475902,0.0020489422374664196
1,1,0.12126927456714709,0.8627701115877607,0.015960613845092238
0,0,0.8113915946009691,0.18860830298871964,1.0241031141093948e-07
1,1,0.42828013733998815,0.5716826105912985,3.72520687131646e-05
1,1,0.09440225432229951,0.9041299430469902,0.0014678026307101812
0,0,0.8883427088379192,0.11165714683593751,1.4432614331106441e-07
1,1,0.08958285365672301,0.9079692937657788,0.0024478525774982046
0,1,0.3063562656635236,0.6936199091091451,2.382522733146467e-05
1,1,0.2709487149153158,0.7290230280923752,2.8256992309033884e-05
0,0,0.9080263311710157,0.09197353261886625,1.3621011801107642e-07
1,1,0.027340026550099216,0.9720313337812195,0.0006286396686812461
0,0,0.7667137942890372,0.23328003598013894,6.1697308238236736e-06
1,1,0.33312865650712825,0.6667042952833327,0.0001670482095390341
0,0,0.7988103537946629,0.20117987638430604,9.769821030964097e-06
2,2,8.583310383553789e-52,1.0334333868345647e-55,1.0
1,1,0.25611769423596037,0.7438634333077526,1.8872456286904932e-05
1,0,0.9174180883998682,0.08258136373474657,5.478653854311888e-07
1,1,0.04258807837257258,0.95717986261333,0.0002320590140974333
0,1,0.44384455159074243,0.555714807906743,0.0004406405025147305
1,0,0.6539089305393522,0.34608882392098317,2.2455396646431613e-06
1,0,0.6304049114878288,0.3695415981509554,5.349036121585224e-05
1,1,0.08708570847219774,0.9127974242436134,0.00011686728418889185
1,0,0.683029430342662,0.31696655716017547,4.0124971626599655e-06
0,1,0.025848431209770942,0.7826754102505852,0.19147615853964386
1,1,0.3866968653607151,0.6131697353983536,0.00013339924093143312
1,1,0.023777542798660883,0.9714496868820912,0.00477277031924776
1,1,0.1494137747807669,0.8504228147396956,0.00016341047953743578
0,0,0.7774090302201425,0.22258800458524894,2.965194608491252e-06
0,0,0.8350080512222766,0.1648605492931627,0.00013139948456061628
0,1,0.4207209767111592,0.5792622708909818,1.6752397859002564e-05
1,1,0.12573909540789113,0.8738312117930493,0.00042969279905951275
1,1,0.2556601641535501,0.744201337922931,0.00013849792351890288
1,1,0.07732018284550964,0.9213665846891906,0.0013132324652999053
0,1,0.31510355025015835,0.6847916772337378,0.0001047725161038921
0,0,0.6354200360683127,0.36452468848722935,5.527544445796829e-05
0,1,0.36030709195004473,0.6396305079092434,6.240014071192338e-05
1,1,0.29623348403691946,0.7035119762531659,0.0002545397099147571
2,2,5.0919021980222404e-11,0.06180879204484437,0.9381912079042367
1,1,0.33010055551749357,0.6697468005990691,0.0001526438834373146
0,0,0.7400513032691242,0.2597689170504559,0.0001797796804199277
1,1,0.4083871080966413,0.5915807277993825,3.216410397612103e-05
1,1,0.1886386831720531,0.8113419224957928,1.939433215400098e-05
1,0,0.7426598793324602,0.2573104304705348,2.9690197004860015e-05
1,1,0.10897255549116273,0.8906819957237416,0.0003454487850956208
0,0,0.6774121249889555,0.32258494837467755,2.9266363669805114e-06
1,1,0.41613155956547215,0.5836093557358495,0.0002590846986783181
0,0,0.5702902764213096,0.429470913145169,0.00023881043352139047
1,0,0.8379962444996049,0.16200204381765412,1.711682740922011e-06
0,0,0.5650632401347964,0.4349333188669821,3.4409982215427368e-06
0,0,0.9115908658854468,0.08840765188227549,1.4822322777796814e-06
0,0,0.9274358833971892,0.07249367372492693,7.044287788372667e-05
2,2,0.0075813843581392665,0.27048743601257114,0.7219311796292895
0,1,0.4906590867669101,0.5093129449859236,2.7968247166331294e-05
0,0,0.9136417898504762,0.0862441242080317,0.00011408594149214866
1,0,0.6001712511155549,0.39978917762113503,3.957126331014212e-05
1,0,0.7598706192158714,0.24012864555966928,7.352244592853654e-07
1,1,0.4872600426757303,0.5127318150482582,8.142276011607217e-06
0,0,0.8754444725645887,0.12455473543798462,7.919974266727989e-07
0,0,0.8757137793761182,0.12428607447496309,1.461489188966408e-07
1,1,0.38702522735116013,0.6129334845444324,4.128810440753999e-05
0,0,0.994323369539502,0.005676577760837025,5.269966094600348e-08
1,1,0.04931479535292754,0.9500794387087295,0.0006057659383431402
0,1,0.3501725871086327,0.649470528141235,0.0003568847501322865
1,1,0.19440843428823,0.8053959675504936,0.00019559816127636288
1,1,0.20817524539601787,0.791710712693305,0.00011404191067709962
0,1,0.27590591425977934,0.7234731850824391,0.0006209006577815888
2,2,1.0827775189582349e-10,0.05342238423725618,0.9465776156544662
1,1,0.06785632446830415,0.8977008481368449,0.03444282739485088
0,0,0.6956004316670311,0.3043199571562241,7.961117674464014e-05
2,2,5.69936434007473e-41,2.0230545380882052e-41,1.0
0,1,0.4354920148450877,0.5632347950016008,0.0012731901533115622
2,1,0.045798994593798804,0.8765994108671871,0.07760159453901415
0,1,0.32606660393313974,0.6739114831483431,2.1912918517107262e-05
1,0,0.7208999566943796,0.27909697431916547,3.068986454979474e-06
2,2,1.4350240180422378e-06,0.03991893064494356,0.9600796343310385
1,0,0.8811830675517084,0.11881184512260722,5.087325684253608e-06
1,1,0.09476139281836977,0.905167882987708,7.072419392215632e-05
1,1,0.039619656926021096,0.9599543258926548,0.000426017181324102
0,0,0.8091098387211592,0.1908892638051789,8.974736618428309e-07
2,2,0.008453894810267835,0.3805109380061911,0.611035167183541
1,1,9.664518874165916e-05,0.7150542054837928,0.28484914932746547
1,0,0.6841129061665217,0.3158793495374138,7.74429606448873e-06
1,1,0.3046598378599529,0.6952486634427392,9.149869730798159e-05
0,1,0.48342413484894053,0.5165746587129494,1.2064381101529843e-06
0,0,0.5774488390685281,0.42231927891623694,0.0002318820152349892
1,1,0.07041668761352027,0.929427833092054,0.00015547929442575643
0,0,0.5737297310805823,0.4262614384504171,8.830469000587624e-06
1,1,0.16738881144571682,0.8254824908744364,0.007128697679846772
0,1,0.43344758332318933,0.5664609463107773,9.147036603353328e-05
1,1,0.12982243191362047,0.870106114659375,7.145342700455953e-05
1,1,0.1665042498820726,0.8333488417272727,0.00014690839065475267
1,1,0.06703572113574029,0.9328065414633955,0.00015773740086440991
1,1,0.3344182240752689,0.6644911547310823,0.001090621193648864
0,1,0.4287979940732603,0.5711017336681827,0.00010027225855703588
1,0,0.6317175310336475,0.36828112386075734,1.3451055952186394e-06
1,0,0.547667794193093,0.4522911071696277,4.10986372792332e-05
0,0,0.6333006702778164,0.3666895605488015,9.769173382017266e-06
1,1,0.19277311855593685,0.8053346409301863,0.0018922405138770005
2,2,0.0011900790184358036,0.14207571784070322,0.8567342031408609
0,0,0.8638970968466562,0.13610237631879618,5.268345475965984e-07
1,1,0.2541202993270159,0.7455823796200123,0.00029732105297189317
0,1,0.3509552704859598,0.6490010368682367,4.369264580352745e-05
0,0,0.8446455253651609,0.15535347876257244,9.958722666939237e-07
1,1,0.076695292259384,0.9025298499731867,0.020774857767429357
1,1,0.2951613227001608,0.7047002503372818,0.0001384269625573781
1,2,9.755295344985317e-06,0.15326079184789201,0.8467294528567629
0,0,0.6837122158574243,0.3162840919709109,3.6921716648456338e-06
1,1,0.4035029963097089,0.5964708260054622,2.6177684828990683e-05
1,0,0.6002154433483344,0.3997805440227485,4.012628916909574e-06
1,1,0.0874304277099728,0.9118972842279114,0.0006722880621157378
0,1,0.3907459315791048,0.6092344652842837,1.960313661136348e-05
1,0,0.5173295161901308,0.482666263588187,4.220221682334877e-06
0,1,0.15744440857111275,0.840496401482982,0.002059189945905281
0,0,0.9694953789320804,0.03049894043194634,5.680635973166964e-06
1,1,0.11673852491435933,0.8822221850150168,0.0010392900706238898
1,1,0.19237319476754167,0.8067594980565039,0.0008673071759543454
1,1,0.24796431590573806,0.7519177497028182,0.00011793439144379216
0,0,0.5841309622087,0.4158618817862194,7.156005080636929e-06
0,1,0.4578491952083167,0.5420276976431463,0.00012310714853698443
1,1,0.11828869133279342,0.8816227844804434,8.85241867631526e-05
0,0,0.6948401665366711,0.30515831100319724,1.5224601318224412e-06
0,0,0.849815674016417,0.15018154809395726,2.777889625806207e-06
2,2,4.153430974900488e-06,0.14237797896920718,0.857617867599818
1,1,0.36043961207479147,0.639545443720318,1.4944204890548944e-05
1,1,0.3322433076682741,0.6677201731098448,3.651922188117452e-05
0,0,0.8088180090546859,0.1911810592223712,9.317229428188571e-07
0,0,0.6249564853792307,0.3750406010777457,2.9135430235267686e-06
0,1,0.31028228589259904,0.6896510703385513,6.664376884978251e-05
1,1,0.028913397939116466,0.9695216177154308,0.0015649843454527371
0,0,0.8077162939918978,0.19226366462683778,2.0041381264248088e-05
2,2,8.21699579378817e-08,0.003958029531503447,0.9960418882985387
1,1,0.17032397429591523,0.8295791848867182,9.684081736649228e-05
0,0,0.7651924420677707,0.23480117527648403,6.382655745277453e-06
1,1,0.4641789771581526,0.5358161393838922,4.883457955156502e-06
1,1,0.041222166571161324,0.9022614381992435,0.056516395229595166
1,1,0.4461455281924356,0.5538024033569283,5.206845063605403e-05
0,1,0.3625061351276298,0.636770224529164,0.0007236403432061157
2,2,6.878328838877146e-11,0.055028172544829675,0.944971827386387
0,0,0.6177649729324644,0.38223370775360244,1.3193139333517118e-06
2,1,7.193004734032771e-08,0.525187794298105,0.47481213377184756
1,1,0.0645826172299654,0.919671897540795,0.015745485229239593
0,0,0.5832788998005519,0.4167180994953658,3.000704082169848e-06
2,2,3.1569759001428655e-06,0.08999805174971749,0.9099987912743823
1,0,0.867317470604327,0.13267935159374294,3.1778019301621063e-06
1,2,5.0276778879412406e-08,0.4549960480467704,0.5450039016764507
0,0,0.6087382416957751,0.39125951145448257,2.2468497423959765e-06
0,0,0.5577542144375012,0.44216699503030066,7.879053219825424e-05
0,1,0.14754488457554582,0.8519196834263346,0.0005354319981196265
2,2,0.004151769257383509,0.2391587613823935,0.7566894693602231
0,0,0.9340810905067483,0.0656527371794616,0.000266172313790041
2,2,0.0014704404775577285,0.12113706141381547,0.8773924981086269
0,0,0.8044432952632944,0.19555503123714615,1.673499559416924e-06
1,1,0.26461482724115676,0.7351587596564665,0.00022641310237659054
1,1,0.43571289635903165,0.5642672259337524,1.9877707215859754e-05
0,1,0.07780692311600794,0.9214053057881373,0.000787771095854773
1,1,0.01937550369158444,0.9794412634658787,0.0011832328425369829
1,1,0.07866491516370942,0.9186239295029351,0.002711155333355332
2,2,1.3130780673172352e-11,0.002935574698571856,0.9970644252882973
0,0,0.7329158137915119,0.2670840301200151,1.5608847288479898e-07
1,0,0.6533662489441588,0.34659766373173223,3.6087324108812144e-05
1,1,0.4684335763697437,0.5315652592617167,1.1643685395612025e-06
1,0,0.8310091971830965,0.16898757940079398,3.2234161095031285e-06
0,1,0.4751561091458782,0.5247981770410567,4.571381306522305e-05
1,1,0.45641255182807666,0.5435809062679972,6.5419039261061595e-06
0,0,0.7019099501352581,0.29808901171751845,1.0381472233770092e-06
1,1,0.11188795534761922,0.8881078658707896,4.178781591058384e-06
1,1,0.2941709700232471,0.7058140454163242,1.4984560428763004e-05
1,2,2.0206109689920798e-07,0.12880498135498453,0.8711948165839185
0,0,0.6999765204286718,0.30001643265488065,7.0469164476769744e-06
1,1,0.19554905079057275,0.8042697789060832,0.00018117030334417403
1,1,0.21423644163537153,0.7857379876435353,2.5570721093264927e-05
2,2,2.4236619659896582e-05,0.43502895775554695,0.5649468056247932
2,2,7.248449189405418e-49,3.5948340258890944e-54,1.0
1,1,0.28970187476515374,0.7102811556211542,1.696961369193722e-05
0,0,0.6187722861237787,0.3812268312193366,8.826568846660525e-07
1,1,0.06647746318648617,0.8996769840718395,0.033845552741674334
0,0,0.590818438418896,0.40898750372488074,0.00019405785622328753
1,1,0.45226842379655013,0.5476821123902281,4.9463813221802795e-05
0,1,0.24411521887665366,0.7557249520677863,0.00015982905555990328
1,1,0.06353886742139296,0.9349079868882951,0.0015531456903119527
1,1,0.04473780412213765,0.9549477252294056,0.00031447064845675386
1,1,0.359364486926261,0.6405853599291647,5.01531445743552e-05
1,1,0.2514762110877087,0.7484192469887463,0.00010454192354514874
0,0,0.5565584797927571,0.4434330368426568,8.483364586233782e-06
1,0,0.5962726593866853,0.4037210562877386,6.284325575985805e-06
1,1,0.12473419534006824,0.8736668005997996,0.0015990040601320114
2,2,0.007883631161075908,0.41124559172058606,0.580870777118338
1,0,0.5114813980582117,0.48850065564546197,1.794629632630474e-05
1,1,0.10406986780171885,0.8957180232865483,0.0002121089117328527
0,0,0.8931005858366441,0.10689936584638461,4.831697145639916e-08
0,1,0.3163653790899469,0.683538291125788,9.632978426511783e-05
1,1,0.3832492788177552,0.6166954845820165,5.523660022827758e-05
1,1,0.37132539539996584,0.628660678115476,1.3926484558082745e-05
0,0,0.8221562152590708,0.17784162358106748,2.161159861653002e-06
0,0,0.9458044371236092,0.054176746420471183,1.8816455919662772e-05
1,0,0.6271813399060752,0.3728043033886976,1.4356705227309785e-05
1,1,0.4984971919938913,0.5014871550483498,1.565295775877378e-05
0,0,0.9362531595134709,0.06362884045233952,0.00011800003418944841
1,1,0.033076550196763796,0.9267564236651993,0.040167026138037
0,0,0.8752382752129473,0.1247584545645305,3.270222522255937e-06
1,1,0.09236071220691441,0.9074247638919325,0.0002145239011529119
0,0,0.8260248093727524,0.17397313653958052,2.05408766704806e-06
1,0,0.6173870977280385,0.3825516414471265,6.126082483498778e-05
0,0,0.7355189134650792,0.2644800151076368,1.0714272839789916e-06
2,2,8.913095128709339e-07,0.02672806204031848,0.9732710466501687
0,0,0.682936034215826,0.31706217394555025,1.7918386237622335e-06
1,1,0.09177123878042588,0.8470075412396173,0.06122121997995688
1,0,0.7020435095831236,0.2979537937940835,2.696622793063281e-06
1,1,0.22157299193127844,0.7783214254383953,0.00010558263032615689
0,0,0.6294776995109942,0.37048626678329233,3.603370571346929e-05
0,0,0.9997796565502747,1.819066405759441e-29,0.00022034344972528727
1,0,0.5460556189426784,0.4539259433844936,1.8437672828011936e-05
1,1,0.46011853561420507,0.539857266034925,2.4198350869842076e-05
0,1,0.2459832935642726,0.7539528581676072,6.384826812040658e-05
0,1,0.2949873041385565,0.7045676466415594,0.00044504921988407404
0,1,0.10961076967805436,0.8900790035582823,0.0003102267636632967
1,1,0.32126969342708295,0.6782561051049628,0.0004742014679542047
1,1,0.36013541706130575,0.6397914642120824,7.311872661167014e-05
1,1,0.3213139056340376,0.6781407311999638,0.0005453631659986546
1,1,0.19326022036846818,0.8061825534099429,0.0005572262215888792
0,0,0.7818589708085133,0.21812363363215737,1.7395559329399452e-05
0,0,0.7063564106748055,0.29364197214477983,1.6171804147357513e-06
0,0,0.9664335342961068,0.03356235186865144,4.11383524175076e-06
1,1,0.2810318105964154,0.718133073086449,0.0008351163171354659
0,0,0.8894650353474703,0.11053106441027254,3.9002422572250065e-06
1,1,0.05569563445835532,0.9441649421157583,0.00013942342588650733
0,0,0.9827649132326544,0.01723447495652561,6.118108200431901e-07
1,1,0.06438030634969308,0.9280859103005807,0.007533783349726092
1,1,0.011304330217922055,0.9882429140398977,0.00045275574218032566
0,1,0.32884219073079324,0.6705657078051112,0.0005921014640956488
0,0,0.8192590623822323,0.18068844770235765,5.248991540988821e-05
2,2,0.0009743198391114711,0.13915099241911477,0.8598746877417738
1,1,0.37311819055420875,0.6268533798143257,2.8429631465653525e-05
1,0,0.8205572950530845,0.1794411235829053,1.5813640102936097e-06
1,1,0.1719949210909703,0.8277970303125329,0.00020804859649689993
1,1,0.21834854987479235,0.7814866715791503,0.00016477854605733165
0,0,0.6848391523817224,0.3151540763316935,6.771286583973787e-06
1,1,0.08899140115434066,0.9087094883032585,0.0022991105424008027
0,1,0.16130349413584377,0.8385013856457298,0.00019512021842630738
1,1,0.20302692466875938,0.7960731012517087,0.0008999740795319523
0,0,0.7987027110709165,0.2012971170634078,1.7186567560226697e-07
1,1,0.2719927660543878,0.7273692829542356,0.0006379509913765483
2,2,2.5832073098891827e-08,0.005432929455225027,0.9945670447127019
2,2,4.1566842900983663e-41,9.443123618220614e-42,1.0
0,0,0.6127469612813121,0.3872516374001951,1.4013184929230234e-06
1,0,0.662574874604109,0.33740507832122263,2.0047074668274418e-05
1,1,0.22330269156825303,0.776580520316521,0.00011678811522601503
1,1,0.2474262572396495,0.7524992841346345,7.445862571601528e-05
0,0,0.5954958327634683,0.4044911814211311,1.2985815400582707e-05
2,2,2.5811932637892313e-07,0.13237407406803448,0.8676256678126392
2,2,1.7301036583590695e-42,7.924849649064841e-42,1.0
1,1,0.47043522476712285,0.5295580329772598,6.742255617376582e-06
1,1,0.10136586602719604,0.7831452337660819,0.11548890020672227
0,0,0.79404267624431,0.2059571098118556,2.1394383436203555e-07
1,1,0.3785926612130066,0.6210637349144172,0.0003436038725760904
0,0,0.8906912110042289,0.10904762483154545,0.00026116416422570507
0,0,0.8792291144545381,0.12077000091481248,8.846306494244451e-07
0,0,0.6578915960461855,0.3421038204233602,4.583530454261679e-06
0,0,0.7881045039742186,0.21189530091311987,1.9511266141655299e-07
1,1,0.4534127003456568,0.5464193934299589,0.00016790622438428215
1,1,0.03571689876308654,0.9639870506066464,0.0002960506302670849
1,0,0.8070544099824287,0.19292226782174574,2.3322195825499555e-05
1,1,0.460843268126806,0.5391112818553367,4.5450017857195906e-05
0,0,0.7425972449499576,0.25739901818903077,3.736861011585003e-06
0,1,0.25714321277146013,0.7421678123772117,0.0006889748513280226
1,0,0.5390731651243883,0.46092458227401856,2.2526015931098005e-06
2,2,2.5165176768300403e-12,0.011753936148894523,0.9882460638485888
1,1,0.18198408713756983,0.8178476903522576,0.0001682225101727313
1,1,0.3940028564180582,0.6059738033354938,2.3340246448111576e-05
0,0,0.721638860282885,0.2783603080791068,8.316380083039997e-07
2,2,0.00239373064565995,0.13746643491689758,0.8601398344374424
0,0,0.8180667092921293,0.18193280881703414,4.818908364815353e-07
0,0,0.5866702998100416,0.4133213976766116,8.302513346793494e-06
0,1,0.29075522030961776,0.7092199927419902,2.4786948392053827e-05
0,0,0.9281695187694451,0.07181367763064078,1.6803599914227207e-05
1,1,0.3178941379263882,0.6814449320001342,0.0006609300734776004
2,2,4.3546564802691176e-08,0.011237789780904301,0.9887621666725308
1,1,0.23463184537056392,0.765305599243032,6.255538640413091e-05
1,1,0.44967463449153466,0.5499026470442613,0.00042271846420409464
1,0,0.6688237392319204,0.3311351566564334,4.110411164608969e-05
0,1,0.4964335955252823,0.50355151163502,1.4892839697668256e-05
1,1,0.1263465974545706,0.8735118135384395,0.0001415890069898766
0,0,0.7363008778868141,0.26369182407609754,7.298037088424086e-06
0,0,0.8259055502052244,0.17409005262135738,4.397173418255825e-06
0,0,0.9543890273115948,0.04560397579735563,6.996891049729705e-06
0,0,0.9283859784431291,0.07161394213553753,7.942133341851466e-08
0,1,0.22986813804780717,0.7699375271599934,0.0001943347921994448
0,0,0.5458609409287287,0.45413377819784045,5.280873430820161e-06
2,2,0.0021546179786720225,0.15272929883930983,0.8451160831820181
1,1,0.11079990922522126,0.888858550912914,0.0003415398618647056
1,1,0.21035030609953,0.7896017235732815,4.7970327188575966e-05
0,0,0.805561546553413,0.1944383773969351,7.604965183982225e-08
1,1,0.4909395134400821,0.5090571098722256,3.3766876923719246e-06
1,1,0.39136791820939526,0.6085030296688572,0.0001290521217475958
0,0,0.6958694871295203,0.30412535534740226,5.15752307732912e-06
0,0,0.6646004318825034,0.33539140140765356,8.166709842986961e-06
1,1,0.08870538644423767,0.9111630061162505,0.00013160743951188303
1,1,0.09863127961565932,0.9007910919841158,0.0005776284002250714
1,1,0.2035681510318013,0.7951604929264189,0.0012713560417798486
0,0,0.8744637407937231,0.12553453573801374,1.7234682629774844e-06
1,1,0.3520100550336908,0.6479150645094787,7.488045683043005e-05
0,0,0.6749028282693307,0.3250914374420893,5.734288580065864e-06
0,0,0.6391980027439048,0.36080098559328144,1.0116628138301277e-06
0,1,0.47770918746465874,0.5222138969435912,7.691559175004567e-05
0,0,0.8996909106333673,0.10030706031119486,2.029055437836173e-06
0,1,0.14583271060972358,0.8539226729771268,0.00024461641314975043
2,2,3.0411859277563485e-08,0.00501710817432398,0.9949828614138168
1,0,0.6371303688062703,0.36285858342396904,1.1047769760700738e-05
0,0,0.8312406675488063,0.16874747953515173,1.185291604182499e-05
0,0,0.9266706166460318,0.07332528874856309,4.0946054051360595e-06
1,1,0.2604878154010699,0.739495435935007,1.674866392314266e-05
0,1,0.09497771805160815,0.904882068973846,0.000140212974545846
1,1,0.40526822770077264,0.5942886816598826,0.0004430906393448248
0,1,0.24502774277833747,0.7545039741566476,0.0004682830650148368
2,1,1.9435737208551438e-07,0.7297939186951782,0.27020588694744974
1,0,0.563952464895691,0.43604562880491465,1.9062993943591896e-06
1,1,0.4353972726030759,0.5645951864291627,7.540967761336376e-06
1,1,0.26625026870728646,0.7327656777523996,0.0009840535403140163
1,1,0.2578582146281143,0.7421006207252892,4.1164646596465275e-05
1,1,0.12107984648860526,0.8788656975426675,5.445596872715413e-05
0,0,0.9560644014727695,0.04391087506890607,2.472345832448779e-05
0,0,0.829032767900595,0.17096691704166764,3.150577372254638e-07
0,0,0.5767444840992669,0.42325256728547495,2.9486152581135923e-06
1,1,0.15608135558678454,0.8422899463055615,0.0016286981076539693
1,1,0.3837249961534569,0.6162465462567231,2.8457589819904735e-05
0,0,0.8037898137730376,0.19621010011405565,8.611290675098584e-08
0,0,0.9323987924074834,0.06760064429402417,5.632984923832325e-07
1,1,0.13396449704614893,0.8652790116943109,0.0007564912595401837
1,1,0.08233032692957602,0.9173102144380898,0.00035945863233431886
1,0,0.5340674412889861,0.4659245600143944,7.99869661938657e-06
1,1,0.10982266533870282,0.8827329758715506,0.007444358789746621
1,1,0.10144736818483882,0.8984545200298362,9.811178532517996e-05
2,2,4.2562781245374795e-12,0.0024019575023633056,0.9975980424933805
0,0,0.8906090803031176,0.10938925695157595,1.6627453065385239e-06
0,0,0.9206803200512729,0.07931688355392946,2.796394797815797e-06
0,1,0.3101469245549306,0.6894517875350431,0.0004012879100261953
1,1,0.06268029607737383,0.9190094136430395,0.018310290279586854
1,1,0.22295757282138937,0.7749431137184899,0.002099313460120651
0,0,0.7761667737488982,0.22383283945525473,3.8679584709705814e-07
1,1,0.21901503070795586,0.7807665462346796,0.00021842305736440766
0,0,0.6879365595483115,0.31206282587155404,6.14580134363323e-07
2,2,0.00034869852865450373,0.08707696665054755,0.9125743348207981
0,1,0.33708668714729706,0.6626348294871138,0.0002784833655890751
2,1,0.024773871337882027,0.8432629542601084,0.13196317440200933
1,1,0.03695073346496903,0.9588437940943865,0.0042054724406445695
1,1,0.12048266918731557,0.8792970000709106,0.00022033074177387672
1,0,0.5900278647625323,0.4098843446318598,8.779060560786839e-05
2,2,7.638873346064494e-06,0.08410688334483664,0.9158854777818174
1,1,0.2705575872341522,0.7293876491497698,5.476361607800764e-05
1,1,0.016256765318709933,0.9827659147337651,0.0009773199475249207
0,0,0.6771086424322692,0.32288804935699694,3.308210733844136e-06
1,0,0.5291538721050509,0.4708419900598945,4.137835054620332e-06
1,1,0.056488127422281015,0.9420632451311778,0.0014486274465413083
0,0,0.7797844687981267,0.2201956651246221,1.9866077251315458e-05
1,0,0.7209142663978425,0.27908413897489753,1.5946272599453991e-06
1,1,0.029693731154872005,0.9655817675648083,0.0047245012803196216
0,0,0.9999832195593137,1.737040795314487e-29,1.678044068624242e-05
1,1,0.25289617386827323,0.7469852680853976,0.00011855804632932656
1,1,0.2848127589399948,0.7150938684416216,9.337261838362242e-05
0,0,0.9475545123104041,0.052425238777424915,2.024891217082745e-05
2,2,0.00020231872720103745,0.05304259788527555,0.9467550833875233
1,1,0.02374977949453632,0.9754968822125709,0.0007533382928926438
1,1,0.1537903961554448,0.8460661596524959,0.00014344419205941487
1,0,0.5023317889565557,0.49757414503324293,9.406601020122917e-05
1,1,0.1815372916711123,0.818396695675448,6.601265343972803e-05
0,1,0.4539081274581097,0.5460764808142765,1.53917276138901e-05
2,2,1.680337138456577e-05,0.2778725348498144,0.722110661778801
2,2,0.00011011466151805455,0.030097651793571916,0.96979223354491
1,1,0.4164955762136599,0.5834465748433746,5.784894296559561e-05
1,0,0.6559549482948921,0.3440340612048289,1.0990500279119961e-05
1,0,0.5403145479684577,0.45967722516367077,8.22686787167773e-06
1,1,0.2717689178542265,0.7281888959820426,4.2186163730870075e-05
1,0,0.5309521255668199,0.4690376065019681,1.026793121210073e-05
1,1,0.11609341198694065,0.8838600422787304,4.654573432884632e-05
2,2,0.0007977698730042369,0.08785390577818936,0.9113483243488064
0,0,0.5650591203903252,0.4349342111178747,6.668491799960646e-06
0,0,0.8204409490256385,0.17955875762210946,2.933522520535973e-07
1,1,0.06089166667726021,0.9195403232171838,0.019568010105556102
0,1,0.14102223020735985,0.8588625557020687,0.00011521409057133208
1,1,0.035415492239578,0.8986604507074611,0.06592405705296076
1,1,0.11658143263613943,0.8831447665862282,0.0002738007776324709
0,0,0.6232004202378078,0.37676730529595626,3.227446623600727e-05
1,1,0.11504227431428268,0.8765523478284828,0.008405377857234485
1,1,0.15810138323213396,0.8418435088916307,5.510787623525001e-05
1,0,0.8617583942278687,0.13824094344070773,6.6233142358533e-07
1,1,0.10585547277857997,0.8938237209984674,0.00032080622295252285
1,1,0.4349286905908933,0.5650619862160648,9.323193041939161e-06
0,1,0.4782032664796752,0.5217910036900208,5.729830303930707e-06
1,1,0.18807491059445505,0.8071487467158548,0.004776342689690268
0,1,0.22945222174171678,0.7704581714329811,8.960682530190536e-05
1,1,0.31721910737585723,0.6826284493188258,0.00015244330531693638
1,1,0.202601502757331,0.7970616723144787,0.0003368249281903263
1,0,0.5460809456179009,0.45385089664432,6.815773777903556e-05
0,0,0.8220513104278766,0.17794846196320885,2.2760891448308707e-07
1,0,0.9106071783318189,0.08939223222668227,5.894414988785487e-07
1,1,0.36751530212442957,0.632441785113677,4.29127618933934e-05
1,1,0.13562735567591525,0.8642884781268487,8.416619723591333e-05
1,0,0.8952903979545209,0.10430743268848977,0.00040216935698927334
1,1,0.08764612282655945,0.9122124445750959,0.0001414325983447804
0,0,0.8891036664827763,0.11089495233279194,1.3811844318800437e-06
2,2,1.514079413486195e-08,0.0016125644238025284,0.9983874204354034
1,1,0.2034575031352886,0.7961081807199986,0.0004343161447129257
0,1,0.20623813481998218,0.793686292162727,7.557301729071671e-05
2,2,2.7679162223785655e-11,0.019339442295108384,0.9806605576772125
0,1,0.072179286415856,0.9275801989933394,0.00024051459080440043
2,2,0.0020331271938942397,0.15936482771073407,0.8386020450953717
1,1,0.29486996872623805,0.7046413955282367,0.0004886357455253686
1,0,0.9244731035694215,0.07552391706641597,2.979364162620777e-06
0,1,0.3635477611619047,0.6364025334229597,4.9705415135655967e-05
1,1,0.13379642752837118,0.8661426137538706,6.095871775832868e-05
1,0,0.7158646903212916,0.28412538204375754,9.927634950758938e-06
1,1,0.22812121598977395,0.7717393266122698,0.00013945739795628
0,0,0.6688369772244732,0.3310699172488144,9.310552671230303e-05
0,0,0.5424617527718626,0.4575344765155251,3.7707126123205505e-06
0,0,0.6149800281902232,0.38501183610554385,8.135704232801754e-06
0,1,0.4106742527670759,0.5892890062752437,3.674095768040008e-05
1,1,2.1435930163113711e-07,0.7459864029425539,0.25401338269814455
0,1,0.47156941374996164,0.5284239503499853,6.6359000529790685e-06
2,2,1.1134081716957514e-09,0.28212863087169127,0.7178713680149006
2,2,5.833767153381998e-11,0.06261491751007892,0.9373850824315835
0,0,0.8086399812640422,0.1913591582176054,8.605183523901168e-07
0,0,0.9650530030227407,0.03494096195179203,6.035025467395792e-06
0,1,0.36006551828903544,0.6396610260128311,0.0002734556981333717
0,1,0.45756172443740706,0.5424272787752131,1.099678737985648e-05
0,1,0.3959721106840375,0.6039932557063138,3.4633609648753123e-05
0,0,0.6094571381053316,0.3905412329598596,1.6289348087857019e-06
1,1,0.4609843235710211,0.5389732048290423,4.247159993659875e-05
1,1,0.032841617912189265,0.9613229733673162,0.0058354087204945644
1,1,0.46619142585829204,0.5337737682776351,3.4805864072770606e-05
1,1,0.08741941286482631,0.9120869984592805,0.0004935886758932093
2,2,1.0363445617178586e-06,0.028156223245755414,0.9718427404096829
1,1,0.0874447525988922,0.9122108250832797,0.0003444223178280673
0,1,0.22718997870022245,0.7727534743705862,5.6546929191422844e-05
0,0,0.9277310469963698,0.07226827455166589,6.784519643528214e-07
2,2,5.328713844810905e-11,0.064686240493249,0.935313759453464
1,1,0.09105308301283076,0.9086744165061592,0.0002725004810099794
1,1,0.10749982109828328,0.8915219540571846,0.0009782248445320153
1,0,0.5749883824601572,0.4249468785629994,6.473897684343626e-05
1,1,0.1713964118658941,0.8282691319562157,0.00033445617789029024
1,1,0.16296751816871627,0.8368175484480388,0.0002149333832450588
1,1,0.447394794061453,0.5525958675742548,9.338364292301719e-06
1,1,0.1910839896728617,0.8088689952881063,4.701503903179564e-05
2,2,4.9560483608323836e-08,0.4347790337397314,0.5652209166997849
1,1,0.3610160943418696,0.6389250284990782,5.8877159052147076e-05
1,0,0.7833209927037837,0.2166787228513356,2.844448807310162e-07
0,1,0.08359968273272086,0.9162742790255014,0.00012603824177770889
1,1,0.03594112603887724,0.960730754031289,0.0033281199298336455
0,0,0.9694915884284179,0.03049184519467946,1.6566376902830828e-05
0,1,0.338905420970903,0.6605610983434902,0.0005334806856067877
0,0,0.7647016736902568,0.2352825734340968,1.5752875646404762e-05
1,1,0.32712205939080896,0.6728532659013376,2.467470785343597e-05
1,1,0.38279541312724985,0.6162728461128064,0.0009317407599435881
1,1,0.38173140836521213,0.6181082118736452,0.00016037976114275876
1,1,0.05919085690839393,0.9397956971412865,0.0010134459503196088
0,1,0.05862516504276723,0.9403020154544853,0.0010728195027474702
0,1,0.4274880074759636,0.5725094000454293,2.5924786071082777e-06
0,0,0.674809347960407,0.32515893398594503,3.17180536478675e-05
0,0,0.8580364392932635,0.14196349122027183,6.948646470536929e-08
0,0,0.9318472931700401,0.06815205391864923,6.529113107015569e-07
0,0,0.596445394578999,0.4035513583431898,3.247077811231278e-06
0,0,0.5268718034542987,0.47308806348200944,4.0133063691898954e-05
0,1,0.35057473159830826,0.6493973409874252,2.7927414266548364e-05
0,0,0.9803766021827488,0.01962007567977367,3.3221374774339123e-06
0,1,0.41674022424192186,0.5832531240220823,6.651735995852466e-06
1,0,0.7613153692786129,0.23867545387837458,9.1768430125798e-06
0,0,0.9580829285344229,0.0419043786110087,1.2692854568264087e-05
1,1,0.335925023036963,0.6640480842109979,2.689275203909362e-05
2,2,0.009659015418213847,0.3826889091222902,0.607652075459496
1,1,0.015377776667034337,0.9826124672927814,0.002009756040184269
0,1,0.3258540160095211,0.6726205545750142,0.0015254294154646345
1,1,0.05995864978213437,0.9397354960408816,0.0003058541769840004
0,1,0.04366097629907455,0.9541439589994534,0.002195064701472242
1,1,0.06222846661755484,0.9357791667932934,0.0019923665891517215
1,0,0.597429446070468,0.4025590890323261,1.1464897205950396e-05
1,0,0.6284304631477753,0.3714708631814323,9.86736707924501e-05
1,1,0.0850976117678987,0.9146778532118388,0.00022453502026257546
1,1,0.05878035778885849,0.9403733197263932,0.0008463224847484178
0,0,0.6694636754283717,0.3304803521094985,5.5972462129855635e-05
1,1,0.06742358492987677,0.9315732880196048,0.0010031270505184786
0,0,0.7792205331191885,0.22077628022420756,3.1866566041221617e-06
1,1,0.24333930271965584,0.7566077445076312,5.295277271298695e-05
2,2,0.0013577168883981687,0.14769157279377804,0.8509507103178238
1,0,0.5227840987932393,0.47720752049529014,8.38071147057932e-06
0,0,0.5444753393890628,0.4555217754255485,2.885185388755864e-06
1,1,0.24366338325856812,0.7553427696751808,0.0009938470662510218
0,0,0.6703039878717597,0.32968537335846254,1.0638769777826477e-05
0,0,0.8042052559625315,0.19579369837236496,1.0456651036934298e-06
1,1,0.1912641381984149,0.8085281400965998,0.00020772170498542479
0,0,0.5295065000195132,0.4704540941491515,3.940583133525759e-05
0,1,0.15107834283493937,0.8444198955081785,0.004501761656882136
1,1,0.1945015154117523,0.8041825990213771,0.0013158855668706784
0,0,0.9193866370096171,0.08061111118959934,2.2518007835838185e-06
0,1,0.3948062254521982,0.6051244927660612,6.928178174061476e-05
1,1,0.0965278787481263,0.9025017681675126,0.0009703530843611228
0,0,0.5452166606983185,0.4547390238655636,4.431543611783098e-05
0,0,0.8502237726643451,0.14977612960203548,9.773361944753372e-08
2,2,5.401687998010917e-41,1.9662123921457455e-41,1.0
0,0,0.7264329689232192,0.27356428421403267,2.746862748086657e-06
1,1,0.014873068831324316,0.9848198504234732,0.0003070807452023481
0,0,0.9063424937605618,0.09365476848394362,2.737755494626999e-06
1,1,0.062300919927344246,0.9369108487990596,0.0007882312735962564
1,1,0.08863250576709587,0.9107928701822967,0.0005746240506073175
0,0,0.6754089733483194,0.3244183474606843,0.00017267919099629318
1,0,0.5172878330584145,0.482707151255297,5.015686288403837e-06
0,0,0.5835895043848676,0.41640387878217144,6.616832961047507e-06
1,1,0.3160623793791078,0.6838912120956275,4.6408525264663145e-05
0,0,0.8771169510408618,0.12288278784818814,2.611109499980555e-07
1,1,0.14891875253224665,0.851004352415245,7.68950525083579e-05
1,1,0.11386887373163594,0.8860007483054656,0.00013037796289853127
1,1,0.2185200565851271,0.7814267188891144,5.3224525758532485e-05
1,1,0.19889262240994762,0.8008770911801868,0.00023028640986570378
0,1,0.23179053987847203,0.7681428456479331,6.661447359478091e-05
1,1,0.3697966639883929,0.6299191252120818,0.00028421079952528584
1,1,1.4637179368839342e-09,0.5012572058070318,0.4987427927292504
0,0,0.6234835434740318,0.37651351119748566,2.945328482566099e-06
1,1,0.06443149652582132,0.9353140274692976,0.0002544760048809428
0,0,0.6294501112774047,0.3703058618915373,0.00024402683105796463
1,0,0.7677759064905786,0.2322171589870138,6.934522407538016e-06
0,0,0.722259259969773,0.27773558355077793,5.15647944902348e-06
0,0,0.6559529784043031,0.34404406344653565,2.9581491612287294e-06
1,1,0.0435285374956172,0.956187874795099,0.0002835877092838861
0,0,0.5570688075785801,0.4428875501066845,4.364231473535183e-05
1,1,0.20787500405746548,0.7920203706497424,0.00010462529279214747
1,0,0.7851519718575739,0.21482948448196623,1.8543660459867283e-05
1,1,0.46014595978610623,0.5398483771397976,5.663074096343636e-06
0,0,0.7415996946763511,0.25838977283904146,1.0532484607441612e-05
1,1,0.2668327116033392,0.733109889291847,5.739910481384943e-05
0,0,0.8206727071972126,0.17932688005954117,4.1274324617836666e-07
1,1,0.015020023442076603,0.7241547448885128,0.2608252316694107
1,1,0.08887362986566849,0.9110496648160713,7.670531826012017e-05
0,0,0.6861250698761366,0.3138745561547591,3.739691042264221e-07
0,0,0.7236446806116303,0.27635507239328716,2.469950824999551e-07
1,1,0.46111559635808125,0.5388701797084368,1.4223933481901072e-05
1,1,0.11983805819877558,0.8798316464850671,0.0003302953161573759
1,1,0.3172677467662316,0.6827112986865743,2.09545471941309e-05
1,1,0.2305233914901552,0.7693161255590825,0.00016048295076240488
1,1,0.252989716994187,0.7468232032075367,0.00018707979827631703
0,0,0.7691600978976076,0.2308392283830504,6.737193420244896e-07
1,1,0.17695735674294907,0.8227426890808478,0.0002999541762031574
1,1,0.19494205047192936,0.8049090942079016,0.00014885532016908413
0,1,0.01791514941275723,0.5950989217427584,0.3869859288444845
0,0,0.8329347913674308,0.16706496826708797,2.4036548119377546e-07
0,0,0.7957699963131063,0.2042296693627064,3.343241872129791e-07
1,1,0.021699734265684466,0.8359478954221542,0.14235237031216136
1,1,0.28335362301985295,0.7165848248320354,6.155214811152528e-05
1,1,0.3817808188429779,0.6182012705195534,1.791063746873975e-05
0,0,0.5466627338590774,0.45325863547367634,7.863066724616785e-05
1,1,0.010638933560639476,0.9891182251007804,0.0002428413385801578
1,1,0.033216958457472516,0.9244652833456228,0.04231775819690467
0,0,0.7935557536919565,0.20644398719766446,2.5911037911858027e-07
2,1,0.06250490089718409,0.8957248075183676,0.04177029158444854
0,0,0.6513529236186543,0.34864469558824007,2.3807931055910126e-06
1,1,0.44993527798821253,0.5500497295707614,1.4992441026079817e-05
0,0,0.7886860716950087,0.2113092546953849,4.673609606443144e-06
1,0,0.7241992747847635,0.27579084731517167,9.877900064815838e-06
0,0,0.632207923005147,0.36779018965029675,1.8873445563040695e-06
1,1,0.3235842264230602,0.6763495078687028,6.626570823697683e-05
1,1,0.11903686575523392,0.8799007474353032,0.0010623868094626486
0,1,0.3449884343686639,0.6549108429342099,0.00010072269712624879
1,1,0.28623253354083544,0.7137386607372106,2.8805721953990754e-05
2,2,6.882227390400693e-10,0.26808291192019895,0.7319170873915782
1,1,0.18527771879503022,0.8146845511618109,3.7730043158717465e-05
1,1,0.045424659256231806,0.954125268279826,0.0004500724639421396
1,0,0.7520028555440462,0.24799433496971685,2.8094862369303175e-06
1,0,0.5156100162673031,0.48437959821951526,1.0385513181617416e-05
0,0,0.6619863517634924,0.3380110217832729,2.626453234483554e-06
1,0,0.7001410529360839,0.29985469109470003,4.255969216020034e-06
1,0,0.9457980870052033,0.05409329546118158,0.00010861753361499396
1,1,0.21532597902735653,0.784606169610971,6.785136167249612e-05
0,0,0.8922064353188054,0.10779347684605885,8.783513575585081e-08
1,1,0.053769097310012365,0.9453390886550649,0.0008918140349229366
0,0,0.5290154953156415,0.4709163321744369,6.817250992157786e-05
2,2,1.5557044175338375e-06,0.04801292103511604,0.9519855232604665
1,1,0.0171988357295654,0.9821177055043891,0.0006834587660454905
0,0,0.9085489110342706,0.09145094965959587,1.3930613363845852e-07
0,0,0.7279304328375703,0.2720629408725089,6.6262899209356185e-06
0,0,0.9808329167550667,0.01916608937457904,9.938703543600298e-07
1,1,0.35140323516043326,0.6485241658184222,7.259902114457462e-05
1,0,0.7213616249570254,0.2786269465206574,1.1428522317110105e-05
0,0,0.5798685718818662,0.4200966850537811,3.474306435260771e-05
1,1,0.22898261925973282,0.7705397971739362,0.00047758356633095686
1,1,0.2721334372362311,0.7278345663742776,3.199638949130486e-05
0,0,0.6826531447113774,0.3172877259607615,5.912932786116538e-05
1,1,0.03946806237934194,0.9467872560471808,0.013744681573477196
0,1,0.4666231597964345,0.5332205271434725,0.0001563130600931683
2,2,3.0330860250314993e-49,2.2426811543019022e-54,1.0
0,0,0.5742239654646307,0.42577414536651664,1.8891688526731753e-06
0,1,0.19253431758137912,0.8072729711354811,0.00019271128313978717
1,1,0.11440528281171661,0.8231705090979156,0.062424208090367736
1,1,2.505629083107877e-09,0.5073078140689459,0.49269218342542503
0,0,0.8295297932663345,0.17045974724460464,1.0459489060825077e-05
1,1,0.08415689850801464,0.9156945468799325,0.00014855461205299722
0,0,0.5010255628282337,0.4989666674645169,7.769707249405992e-06
0,0,0.6673136898250643,0.33252405953371966,0.0001622506412159167
0,0,0.5751575819595844,0.42483571631041117,6.701730004454044e-06
1,1,0.017044556889690133,0.9827077939908626,0.00024764911944730097
1,1,0.18562273135739518,0.8142052457439372,0.00017202289866767324
1,1,0.12811841871322985,0.8715768032895845,0.0003047779971855175
0,1,0.1876589495162162,0.8121851733962494,0.00015587708753441777
0,1,0.2093009150003789,0.7894287208225929,0.001270364177028154
1,1,0.16141454559461146,0.8381487928768101,0.0004366615285783463
1,1,0.26732499115840974,0.7326123166726051,6.269216898506054e-05
0,0,0.6945863940884778,0.3052622365317879,0.00015136937973427933
0,0,0.931267860667788,0.0687314596218803,6.797103316002788e-07
0,0,0.591786195029945,0.40820341915806924,1.0385811985679825e-05
0,0,0.8324509754486624,0.1675416878715497,7.336679787924657e-06
0,0,0.872058284815268,0.1279393269906544,2.3881940776486687e-06
1,1,0.18886778905362964,0.8107646730252368,0.00036753792113368574
1,0,0.7084607299315642,0.2912506404932697,0.00028862957516592806
1,1,0.36122378093113056,0.63872684744274,4.937162612948775e-05
0,0,0.6988526467339724,0.3011468804632019,4.728028256439548e-07
1,1,0.029173501832492146,0.961515815275996,0.009310682891511683
1,1,0.08623513642609212,0.8824715556109217,0.031293307962986176
0,1,0.43534160767946073,0.5644228041401785,0.00023558818036076385
1,1,0.05943350984503123,0.9312641160895548,0.00930237406541389
0,1,0.46330306799656984,0.5366906311184761,6.300884953964783e-06
1,1,0.06815842824932171,0.9181784952200046,0.013663076530673808
1,0,0.9460466532104896,0.05394161739673584,1.1729392774467516e-05
1,1,0.0805580523285486,0.9043547277841578,0.01508721988729371
1,0,0.7984500492028764,0.20154846440018812,1.4863969352943756e-06
1,0,0.559875063996849,0.44011061470811585,1.4321295035133676e-05
2,2,6.819602550046437e-14,0.0009194789217801682,0.9990805210781516
0,1,0.35158290567461475,0.6481143920111836,0.00030270231420163294
2,1,0.076783673801072,0.8899962803677011,0.03322004583122686
1,1,0.27633457001527023,0.7235767926642476,8.863732048230104e-05
1,0,0.6379624098171827,0.36202741727785354,1.0172904963794059e-05
1,1,0.08489503969783228,0.9120480898334674,0.0030568704687004085
2,2,6.71215366526036e-10,0.00012411357989259005,0.999875885748892
0,1,0.11004717583041712,0.8893114986027013,0.0006413255668814832
2,2,8.754087108177765e-06,0.31891668543099455,0.6810745604818974
0,0,0.671271717252046,0.328684994038676,4.328870927796185e-05
0,0,0.9861469978895447,0.013851439963329343,1.5621471258869625e-06
0,0,0.6815057416354056,0.31847074765391675,2.351071067770567e-05
0,0,0.8944369839526659,0.10556294542131144,7.062602252243438e-08
0,0,0.6398846172319141,0.36010567538174004,9.707386345849947e-06
1,0,0.5193383959470579,0.4806487235563037,1.2880496638332934e-05
0,0,0.8950043533170577,0.10499560718611445,3.949682768682255e-08
1,0,0.8144920018190547,0.1855046734446697,3.3247362756357072e-06
1,1,0.3073135838434069,0.6926189117674292,6.750438916405895e-05
1,0,0.5287805802532726,0.47120790983056976,1.1509916157733395e-05
2,2,3.212448448918795e-11,0.0317771190339361,0.9682228809339395
0,0,0.7656613661794567,0.23433753114536943,1.1026751738510943e-06
2,2,8.550449588126921e-12,0.029998346564279237,0.9700016534271704
2,2,1.9196421254659834e-06,0.09147788751821949,0.908520192839655
1,1,0.10531383772695466,0.8943048932944229,0.0003812689786226004
1,1,0.23029261989494518,0.7693373365272758,0.0003700435777790479
1,1,0.051286860181959104,0.9485003341881656,0.00021280562987528433
0,0,0.5043887947727071,0.49513367557948085,0.0004775296478121051
1,2,9.334811358994037e-07,0.2386619910905773,0.7613370754282867
1,1,0.37888298112596386,0.6210819320543847,3.508681965133312e-05
1,1,0.23888211497496073,0.7610757547591772,4.213026586221381e-05
1,1,0.0247813467204815,0.9722362410964029,0.0029824121831154744
1,1,0.1716646982730589,0.8281509083759867,0.00018439335095435874
1,1,0.04391110176828308,0.9538055131754666,0.0022833850562502876
1,1,0.16806930386939534,0.8317480360232954,0.00018266010730937172
0,0,0.7395495150471567,0.26044344318476564,7.041768077673592e-06
1,0,0.6711614473391959,0.3288377618214578,7.908393462844005e-07
1,1,0.17424403025532012,0.7691940593100879,0.05656191043459208
0,0,0.6737849874458866,0.3262138696634767,1.1428906368147256e-06
0,0,0.802740948260083,0.19724535054165687,1.3701198260181038e-05
0,0,0.6120219685586342,0.38789042450804684,8.760693331899467e-05
1,1,0.2648922758564485,0.7348169330653076,0.0002907910782439315
0,0,0.624800939385129,0.3751740476725498,2.5012942321175477e-05
1,1,0.1862284292547937,0.8135003027199837,0.00027126802522262284
0,1,0.26787705413251844,0.7320477904259984,7.515544148300445e-05
1,1,0.021698690810274916,0.7946358242336604,0.18366548495606477
0,0,0.9934288118961128,0.006571143901640888,4.4202246374468865e-08
1,1,0.4178491631444594,0.5821404401547311,1.0396700809430381e-05
0,1,0.1377504823050846,0.8621369931525636,0.00011252454235169823
1,1,0.26003112144770146,0.7396543588599427,0.0003145196923558053
1,1,0.021381054721419327,0.9735128148482324,0.005106130430348378
1,1,0.059388187158349544,0.8158387193948059,0.12477309344684458
1,1,0.30427060443284065,0.6956932215582725,3.6174008886742494e-05
0,0,0.8888504169362959,0.11114931671640103,2.6634730330188213e-07
0,1,0.39416109807184035,0.6056279740712341,0.00021092785692562236
0,0,0.8038975883708184,0.1960870566460137,1.5354983167839065e-05
1,1,0.13083084187135977,0.868892869263019,0.0002762888656212571
2,1,0.01737596670469819,0.8156604390123418,0.16696359428295993
2,2,9.846818895479553e-07,0.2152324862611345,0.7847665290569761
0,0,0.9999997875693971,9.401446753398065e-30,2.1243060282929898e-07
1,1,0.023448846690343337,0.9736383178452933,0.002912835464363354
1,1,0.06971794062150327,0.9302015489484962,8.051043000051092e-05
0,0,0.61821384320448,0.381784295894656,1.8609008639942806e-06
0,0,0.6751621079122578,0.3248365359330693,1.3561546728895501e-06
1,0,0.5304600396392344,0.46953012405597483,9.836304790715741e-06
0,1,0.49172387960877156,0.5082496542888774,2.646610235112132e-05
0,1,0.16683524622610554,0.8330795765023454,8.517727154901315e-05
0,0,0.6208858822692042,0.3791123209534985,1.7967772973494144e-06
0,1,0.31093686347473715,0.6868662641554325,0.0021968723698303863
0,0,0.6593847681809779,0.3405383047741128,7.692704490924636e-05
1,0,0.5172307246783117,0.48276718448653033,2.0908351579703956e-06
0,0,0.6747795413787405,0.3252198043441187,6.542771406950346e-07
1,1,0.07468242272184515,0.9030357345489738,0.022281842729180983
1,1,0.11136989826171548,0.8885357192831632,9.438245512118753e-05
1,1,0.28017423871514535,0.7195797281842413,0.00024603310061348705
0,0,0.8240677081540012,0.17593199466278445,2.971832143025765e-07
1,0,0.5608433277269596,0.43913917946059516,1.7492812445312494e-05
1,1,0.03815101207866287,0.9500936140627717,0.011755373858565543
0,0,0.8476361481727962,0.1523394590693536,2.4392757850144862e-05
1,1,0.0514238461832991,0.9484161050033445,0.00016004881335635672
1,1,0.05017798594006713,0.9496483680803223,0.0001736459796106302
1,0,0.8480552891352849,0.151942413538696,2.2973260189691494e-06
1,1,0.09352212204471026,0.9062169760298684,0.0002609019254212046
0,0,0.935487927345732,0.06451181288967256,2.597645952776102e-07
1,0,0.8533946337308549,0.14659940451414907,5.961754996028813e-06
0,1,0.4358853857168547,0.5641108818807207,3.7324024247226525e-06
0,0,0.7977650842754052,0.20215361118627848,8.130453831647005e-05
0,0,0.8643937790028347,0.13560597197883995,2.4901832540036045e-07
0,1,0.4382555368489004,0.5616135248502524,0.00013093830084720727
1,1,0.3606446323295466,0.6390831969392087,0.00027217073124478745
1,2,0.008867920707651085,0.4350663140690575,0.5560657652232914
1,1,0.038530176037603864,0.8400557655268659,0.1214140584355304
0,1,0.39995961854830286,0.6000013889650032,3.899248669385263e-05
0,0,0.5983123046618652,0.4016690547722703,1.8640565864498706e-05
0,1,0.32864023996447456,0.6713034287105049,5.633132502057009e-05
1,1,0.3020714017920432,0.6969658573101694,0.0009627408977874217
1,1,0.09734157439826206,0.8865831235182305,0.01607530208350738
1,1,0.09149614560651015,0.8870750860881292,0.021428768305360685
1,0,0.5003374350963257,0.49964445445466077,1.8110449013492472e-05
1,1,0.06601729542836529,0.9338603421504432,0.00012236242119151078
1,1,0.24202757244854822,0.7578113065449233,0.00016112100652842593
1,1,0.46377053768846166,0.5361523383023493,7.712400918896293e-05
1,1,0.18197918027129958,0.8179176874770826,0.00010313225161763908
1,1,0.42497359715505567,0.5750068304425381,1.957240240627036e-05
0,0,0.8108582849315508,0.18912912846211166,1.2586606337596054e-05
2,2,0.005222589705160705,0.3221423674615605,0.6726350428332787
1,0,0.7050001541562655,0.2949983349992207,1.5108445138074556e-06
0,0,0.893279854798212,0.10663371639906799,8.642880272006885e-05
1,1,0.11828162338868096,0.8813949021190165,0.00032347449230257205
1,1,0.3762170699668042,0.6237316576569787,5.127237621715282e-05
0,0,0.9066954303910387,0.0933011087811576,3.4608278035858153e-06
2,2,0.001305413487602074,0.13729101617079786,0.8614035703416001
1,1,0.1528086259100796,0.8469382833588222,0.00025309073109833034
1,0,0.6048766141794389,0.3951181557623688,5.230058192317321e-06
0,0,0.9999697578528949,1.5248528193097896e-29,3.0242147105166647e-05
0,0,0.7477299475279892,0.2522654791032128,4.573368798007295e-06
1,1,0.33571172641967856,0.6642343481276344,5.392545268694474e-05
0,0,0.5458332253084536,0.45415821880760476,8.555883941802047e-06
2,2,0.012203784816755683,0.2737092067257619,0.7140870084574824
1,1,0.06661288611114914,0.9318594200445004,0.0015276938443504642
0,0,0.6851274414365707,0.31487198151411455,5.770493146511715e-07
2,2,2.9698204137867456e-06,0.04544015599683356,0.9545568741827527
1,0,0.5274620738322968,0.4725281053985139,9.820769189390627e-06
1,1,0.03790657993564511,0.9616524117362085,0.00044100832814628185
1,1,0.1320665392767145,0.8678608837261115,7.257699717399697e-05
1,1,0.03857779716109428,0.9609772320542961,0.0004449707846096061
0,0,0.6607055850118075,0.3392941403849652,2.7460322734774757e-07
1,1,0.43051767776965844,0.5693313196664126,0.0001510025639289976
0,1,0.11834496149633397,0.8812108052241465,0.00044423327951957284
0,1,0.38489295751190944,0.6150652416789248,4.180080916571105e-05
0,0,0.6413814434813571,0.35861199194582255,6.564572820515244e-06
0,0,0.7664374252196482,0.23355575953374927,6.815246602354186e-06
0,1,0.31380690778940845,0.6855330056354648,0.0006600865751267005
1,1,0.08950079127671322,0.9093870056605065,0.0011122030627803248
0,0,0.8659862074610948,0.1340117088260173,2.0837128877514947e-06
1,1,0.3578916950196984,0.6420741343353502,3.417064495140467e-05
0,1,0.03335007563094681,0.8339596464341746,0.13269027793487856
1,1,0.2819811222126704,0.7177887939241849,0.00023008386314466914
0,0,0.646299592283026,0.3536461681160658,5.423960090822021e-05
0,0,0.6022478156502914,0.3977193016655864,3.2882684122152016e-05
1,1,0.1453319296853767,0.8538933739324902,0.0007746963821331494
2,2,1.230910428748663e-05,0.20330013109193504,0.7966875598037774
1,0,0.792921878459029,0.20707758361108583,5.379298851924725e-07
0,0,0.8739105586307984,0.12608890035495748,5.410142441668158e-07
0,0,0.8377953681239105,0.16219954403144485,5.087844644674962e-06
0,1,0.40301896346711724,0.5946983540747717,0.0022826824581111097
1,1,0.2975750756513751,0.702397760168557,2.7164180067822076e-05
1,1,0.2764891153146139,0.7234114445061584,9.944017922777375e-05
0,1,0.4745652072234278,0.5254115553389312,2.3237437640996923e-05
1,1,0.25116186664355167,0.7487360352634118,0.00010209809303649837
0,1,0.3040221314680301,0.6954636468206846,0.0005142217112853801
0,0,0.6821084018461285,0.3178899427298071,1.6554240644275614e-06
0,1,0.41401673089961105,0.5858986232835067,8.464581688231128e-05
1,1,0.14073394629108457,0.8587965550155424,0.0004694986933728847
1,1,0.30967113864844237,0.6902620636348141,6.679771674350765e-05
1,1,0.024454511750566114,0.9746254555500856,0.0009200326993484179
2,2,2.029397430397466e-08,0.03425258767563703,0.9657473920303887
1,0,0.6307341929052243,0.36917551057552284,9.029651925288455e-05
0,0,0.8199168130061586,0.18008246849941473,7.184944266969781e-07
0,0,0.5682697968631961,0.43136860066706095,0.0003616024697429177
0,0,0.9404292382942063,0.059570686159361626,7.554643206120967e-08
1,1,0.07865436189921664,0.9196799560433592,0.0016656820574241428
1,1,0.33803602949965894,0.6617928995476942,0.00017107095264687987
2,2,2.2985226412706436e-98,3.986500702759602e-127,1.0
1,1,0.3807575705199683,0.6192303186686273,1.2110811404377952e-05
1,0,0.6077937851042781,0.3921853030692017,2.0911826520272257e-05
1,1,0.17543472713090133,0.824501563465811,6.370940328752674e-05
1,1,0.16128387958138587,0.8370692192789848,0.0016469011396293056
0,0,0.9999847144065387,2.8161329379564936e-29,1.5285593461329155e-05
0,0,0.9671981835331023,0.03278738708091921,1.4429385978451664e-05
1,0,0.5463855976920436,0.4534403817254982,0.00017402058245808314
1,1,0.39521734740642417,0.6045888851133903,0.00019376748018561378
0,0,0.5399311865562253,0.4600045425900878,6.427085368690271e-05
1,1,0.2509509476772267,0.749031084057351,1.796826542221522e-05
1,1,0.4204427433937127,0.5795406692679994,1.6587338287943165e-05
0,0,0.655062334097738,0.3448737272060143,6.393869624767377e-05
0,0,0.8552815812236141,0.1447172852799644,1.133496421506387e-06
0,0,0.5463155039971893,0.4536722672022138,1.2228800596787636e-05
1,1,0.0978618038666102,0.9016728837219591,0.0004653124114307402
1,1,0.13236939811855628,0.8674922203905608,0.00013838149088297557
0,0,0.6869797272494597,0.31297733273132405,4.294001921616419e-05
2,2,0.0008329747317751715,0.11643896875461443,0.8827280565136104
0,0,0.7258114635340333,0.2741839738777443,4.562588222467158e-06
0,0,0.9083375561696194,0.09088692609468006,0.0007755177357004498
1,1,0.23531745856614852,0.7626910763696109,0.0019914650642406098
2,2,4.307330738325133e-08,0.002911724592136835,0.9970882323345558
2,2,0.005182960872276814,0.26915313110790556,0.7256639080198177
0,0,0.6465931422553751,0.35339946419416157,7.3935504633833224e-06
1,1,0.3467459566397926,0.6531950854111177,5.895794908980085e-05
1,1,3.4692964866295784e-09,0.5628860659061704,0.437113930624533
1,1,0.3393382550305813,0.6605593518420091,0.0001023931274096987
1,1,0.05027904305143535,0.9486220074475417,0.0010989495010229901
0,0,0.5813053457757366,0.41868662684267205,8.027381591496504e-06
0,0,0.7927657720771571,0.20721549577264484,1.873215019813415e-05
0,0,0.5558253435364663,0.4441626624399313,1.1994023602454905e-05
0,1,0.23629464412787968,0.7635959001799875,0.00010945569213297433
0,0,0.6414532285471405,0.35854528577965283,1.4856732066619643e-06
1,1,0.3074829214137006,0.6924940284008044,2.305018549490567e-05
1,1,0.18785959848587014,0.8120329754058353,0.00010742610829456481
1,1,0.1629770406494045,0.8341147034355862,0.0029082559150093224
1,1,0.06853395939413058,0.9171525969381522,0.014313443667717288
0,1,0.4861921097498833,0.5136077411099467,0.00020014914016989611
0,0,0.7839244777482095,0.21607502207055887,5.001812315359412e-07
0,0,0.6786518739661764,0.3213476900506591,4.3598316452999016e-07
0,0,0.5012565025894254,0.49867726301181453,6.623439876007969e-05
1,1,0.2372612716850588,0.7624745598180581,0.00026416849688308753
0,0,0.6973332658779499,0.302420254131993,0.0002464799900572633
1,1,0.11113901598325654,0.8877876708546029,0.001073313162140553
2,2,0.005263955940768565,0.23523590417293905,0.7595001398862924
1,1,0.21610968998251376,0.7838029005702642,8.740944722207022e-05
1,1,0.36379262057196615,0.6360834802457278,0.00012389918230596973
1,1,0.048661028341497964,0.7945917955613977,0.15674717609710428
1,1,0.15200295966016886,0.8475050772494834,0.000491963090347798
0,0,0.6965082742489047,0.3034825628979747,9.162853120595895e-06
1,1,0.031938479267168834,0.964866779208749,0.0031947415240822378
0,1,0.48898544092226187,0.511007062900488,7.496177250156174e-06
0,0,0.6624182658209916,0.33758128680702015,4.47371988337724e-07
1,1,0.030171797813251397,0.9656735497395359,0.0041546524472126575
0,0,0.867741582189264,0.1322575138592807,9.039514551809957e-07
0,0,0.5993442682015598,0.4006548403887798,8.914096604048264e-07
1,1,0.3666769508909982,0.633290746519196,3.230258980579762e-05
0,0,0.7939236251987593,0.20607614650616957,2.2829507099982637e-07
1,0,0.6304847391420887,0.36951434618017814,9.146777333261665e-07
1,1,0.110183856704754,0.8895324913228884,0.0002836519723576316
1,1,0.4050359095600415,0.5949470850876195,1.70053523389193e-05
0,1,0.13885187193246837,0.8562761819978301,0.0048719460697015165
1,1,0.1121697269789784,0.887506560872758,0.0003237121482635611
1,1,0.31180467485366214,0.6873409644124789,0.0008543607338589151
0,1,0.473069769532087,0.5269085967147035,2.163375320948102e-05
0,1,0.40268612278645183,0.5972929111145018,2.0966099046366437e-05
0,0,0.93277839965178,0.06716877876919682,5.2821579023153454e-05
1,2,4.035532849847048e-05,0.42091924510115397,0.5790403995703475
1,1,0.45046293551089756,0.5495265840464286,1.0480442673834708e-05
1,0,0.5288555483834368,0.47113603929321424,8.41232334896671e-06
2,1,1.0101247855073588e-05,0.8044661501561036,0.19552374859604138
0,0,0.6264274638641796,0.3735594212237942,1.311491202612685e-05
1,1,0.22917309802188307,0.7695061338737492,0.0013207681043676917
1,1,0.27157517771316536,0.7283379909295005,8.68313573341833e-05
0,0,0.6855513692129437,0.3144345603831236,1.4070403932655328e-05
0,0,0.8236523207237472,0.176320855387924,2.6823888328726422e-05
0,1,0.37976121773649035,0.6198744364169042,0.00036434584660541215
0,1,0.18163495545371336,0.8182059132021248,0.00015913134416185382
2,2,3.6850308617178663e-06,0.0961053316864844,0.9038909832826538
0,0,0.8476544036095875,0.15234452278607194,1.0736043403437243e-06
0,0,0.8013306231949667,0.19866262691391223,6.749891121198989e-06
0,1,0.2442714629430124,0.7554521025313587,0.0002764345256287394
0,1,0.2470838066671297,0.7526453012730343,0.00027089205983600747
1,1,0.04403868563960037,0.9114319756860737,0.04452933867432582
1,1,0.4163144004241805,0.5836373751751923,4.822440062721776e-05
2,2,2.079758471507182e-12,0.013592794473805826,0.9864072055241144
1,1,0.19403788531569754,0.805844439299328,0.00011767538497442495
1,0,0.506913346862513,0.4930594872788834,2.716585860362111e-05
2,1,0.020366071804409466,0.7923875907721645,0.18724633742342622
1,1,0.2445583997051618,0.7554136955284884,2.7904766349890176e-05
0,1,0.43824871108989366,0.5617155428874191,3.5746022687183254e-05
0,0,0.5109504492294095,0.4890426826870034,6.868083587143739e-06
0,1,0.3197693856993412,0.6800583197976252,0.00017229450303370093
1,1,0.025356052444567838,0.9738467718018261,0.0007971757536061917
0,0,0.5792347915504003,0.4207445837287962,2.0624720803525812e-05
1,0,0.5227573860019991,0.47718386866526535,5.8745332735621954e-05
0,0,0.9656741732194353,0.03432226930918402,3.5574713808386814e-06
1,1,0.06634703339565551,0.9334506880306717,0.00020227857367304236
0,0,0.9909766136109014,0.00902288617037365,5.002187248779445e-07
1,1,0.21251430189628326,0.7866385170638761,0.0008471810398406096
0,1,0.4937549896017169,0.5062156924531712,2.9317945111747216e-05
1,1,0.19065630360547958,0.809105103526656,0.00023859286786436542
0,1,0.21474425023776436,0.784403987713341,0.0008517620488946568
1,1,0.05699773496734207,0.9425998099306476,0.00040245510201027097
1,1,0.06897675369483408,0.8948094892381999,0.036213757066966015
0,0,0.9550626803173643,0.044933695935241456,3.623747394091247e-06
1,1,0.02129773416700809,0.8212208799087715,0.15748138592422045
1,1,0.3911655421644861,0.6087587863635151,7.567147199876864e-05
1,1,0.0415469309608177,0.9241304463348565,0.03432262270432583
1,1,0.017715497546309952,0.9821102108408545,0.00017429161283554807
0,0,0.8474742948493719,0.15249433633280926,3.1368817818792615e-05
0,1,0.32319244789959845,0.6767679841253148,3.956797508677185e-05
1,1,0.0759308331121555,0.9227825019111391,0.0012866649767053684
1,1,0.18420292342017663,0.8153892976892344,0.0004077788905890303
1,1,0.16340711410210382,0.8363928597793406,0.00020002611855543707
1,1,0.29674061012129005,0.7029429366738018,0.0003164532049081827
1,1,0.4801202056111767,0.5197894296519859,9.036473683727267e-05
1,0,0.8030810027825758,0.1954387303004273,0.0014802669169969073
1,1,0.1760228345721331,0.8238866257750147,9.053965285223891e-05
0,1,0.049209801510691285,0.9493925230788284,0.0013976754104803762
1,1,0.47090428279524654,0.5290872277773976,8.489427355717398e-06
0,0,0.7783912882806121,0.22159314611095865,1.556560842928047e-05
0,1,0.21285605711008745,0.7860373633754854,0.0011065795144270848
0,0,0.7540101391779137,0.24598959155095304,2.6927113317547945e-07
1,1,0.35485183401424025,0.6450852873617393,6.287862402039883e-05
0,1,0.27836782040300073,0.7213883052425107,0.0002438743544885685
1,1,0.2136262719934984,0.7863088977036785,6.483030282320655e-05
0,1,0.21837418701117006,0.7815169031109422,0.00010890987788765443
0,1,0.3730174661931757,0.6269612552177719,2.127858905236902e-05
1,1,0.10438093153117045,0.8954069875278688,0.00021208094096072724
1,1,0.07259802763451476,0.9270867501092482,0.0003152222562369642
0,0,0.6077483733254632,0.39224644496064676,5.181713890074053e-06
2,2,1.3081646236522934e-07,0.07447268338441468,0.925527185799123
2,2,0.0005060034888528168,0.05431906076680159,0.9451749357443456
1,1,0.2594122198982298,0.7399091485494848,0.00067863155228549
0,0,0.6393119376601656,0.3606840251067764,4.0372330579592166e-06
0,0,0.9848714539621174,0.015128207124134627,3.389137479866552e-07
0,0,0.9192454764472634,0.08074580738576614,8.716166970384068e-06
0,0,0.7662612686983248,0.2337385031958455,2.281058297435935e-07
1,1,0.16713898237339359,0.8324254144799095,0.0004356031466968639
1,1,0.11880542473779732,0.8808368878544027,0.0003576874078000351
1,1,0.11358504921824963,0.8859667439183448,0.00044820686340550447
0,1,0.053641376424718036,0.945964597136939,0.0003940264383429046
0,0,0.9586125656332823,0.04111820242759159,0.0002692319391261155
0,0,0.504207677563262,0.49576354465267586,2.8777784062199717e-05
1,1,0.056754529453580595,0.9425611189364361,0.0006843516099832569
1,1,0.049766505446728254,0.9497848795341981,0.00044861501907353054
1,1,0.31606616344884064,0.6838867318534768,4.7104697682580635e-05
0,1,0.10617300786498333,0.8930744866350556,0.0007525054999609803
2,2,0.0006351882621857037,0.108599468165728,0.8907653435720864
0,0,0.6815848007358951,0.31835485875561503,6.034050848972203e-05
0,0,0.9401239439430642,0.05986345694750804,1.2599109427975608e-05
1,0,0.7151841198400036,0.2848034779425848,1.2402217411661109e-05
0,0,0.9100601921783104,0.0899395266755722,2.811461172632362e-07
0,0,0.8921433687161973,0.10774004293982696,0.00011658834397590405
1,0,0.5281775173999762,0.4718149060882181,7.5765118056843405e-06
0,0,0.9295453106156073,0.07044224633665307,1.2443047739675278e-05
1,1,0.017992163747722965,0.9810215310516139,0.0009863052006630652
0,0,0.6385492583716091,0.36144934774017295,1.393888217839549e-06
1,1,0.19520050855011714,0.8038619347845608,0.0009375566653219454
1,1,0.412373658348528,0.5876166561206307,9.685530841249636e-06
1,1,0.03412429912586513,0.8904700742967417,0.07540562657739316
0,0,0.8660170468409055,0.13398244838585124,5.047732432832496e-07
1,1,0.13360303830276035,0.8660270433100773,0.0003699183871623248
1,1,0.23677383940460994,0.7631610296990433,6.513089634679084e-05
1,0,0.5311363018108194,0.46885765134144924,6.046847731439119e-06
0,0,0.9539265888719254,0.04601873545360159,5.467567447284816e-05
2,2,2.1734181740235363e-08,0.023701150567625538,0.9762988276981927
1,1,0.019269010823196434,0.9805269505844347,0.0002040385923687537
1,0,0.711149448566907,0.2888470307694028,3.5206636900769777e-06
1,1,0.07493139045747199,0.924894795730684,0.00017381381184395465
0,0,0.5923420948638124,0.40764445786104814,1.3447275139461006e-05
1,1,0.0692434526771791,0.9130118498170524,0.01774469750576858
1,1,0.13940406923737853,0.8602096353647741,0.0003862953978474428
1,1,0.15199342012595826,0.8477716492397758,0.00023493063426588935
0,1,0.18182381948261633,0.8173446946301707,0.0008314858872129575
0,0,0.8116139750764341,0.18835677875494697,2.9246168618941253e-05
1,1,0.11125373284786923,0.8885767068735341,0.0001695602785968698
0,0,0.8186231492479811,0.1813731652116337,3.685540385384724e-06
1,1,0.2818537617087468,0.718102749597855,4.348869339811666e-05
0,0,0.8086607401538245,0.19133033484998763,8.924996187812521e-06
1,0,0.5359673544260557,0.4640256257714492,7.0198024950728435e-06
0,0,0.7024386530321789,0.2975596477080788,1.6992597424038569e-06
0,1,0.3394582826911453,0.6604955451558082,4.6172153046477954e-05
0,0,0.7213190489598496,0.27867907656003865,1.874480111696174e-06
1,0,0.6179380242279143,0.38185915608542526,0.00020281968666026475
1,1,0.04518888929014007,0.954534564079081,0.0002765466307790297
2,2,2.0117909462513786e-06,0.11189921713687942,0.8880987710721744
1,1,0.346516338564082,0.6534402892072532,4.337222866482077e-05
0,0,0.650364016955102,0.3496343288670403,1.6541778575240805e-06
0,0,0.6947643121171352,0.3052259432486839,9.744634180895019e-06
1,1,0.21871352333575386,0.7810189367239831,0.00026753994026299703
0,1,0.3056230416363177,0.6942237620665724,0.00015319629710989672
0,0,0.7111833190643493,0.28877416915523546,4.251178041519226e-05
0,0,0.7790122623632523,0.22098761299455297,1.246421947787924e-07
0,0,0.6392090035630957,0.3607755865686296,1.540986827460123e-05
2,2,3.5981421819770033e-06,0.07351235457285826,0.9264840472849598
1,1,0.15586777834514617,0.830461325978756,0.013670895676097848
0,0,0.8266746803946693,0.17332307852638987,2.2410789409276293e-06
0,1,0.24514782238990407,0.7548151911897213,3.6986420374725875e-05
1,1,0.18119985757475562,0.8183690316981723,0.0004311107270720475
1,1,0.3728699666382141,0.626947805578746,0.00018222778304008376
1,1,0.35934642970988484,0.6403002818392034,0.0003532884509117261
1,0,0.6876738334459636,0.3122499453099591,7.622124407735463e-05
1,1,0.1181881904894245,0.881692491886138,0.00011931762443761011
1,1,0.26654169317886584,0.7333890209033991,6.9285917735049e-05
0,0,0.9689435805143306,0.031040358940960758,1.6060544708793054e-05
1,1,0.3213419541281516,0.6780927992396808,0.0005652466321677337
2,2,1.8438845921768927e-06,0.1055655892340644,0.8944325668813434
0,0,0.9991940292451671,2.5812578612327186e-29,0.0008059707548329369
1,1,0.08158928158353465,0.9181740298626903,0.0002366885537751422
2,2,1.0541311814580508e-05,0.23148128114503677,0.7685081775431486
0,0,0.6411420822384326,0.35877970582913066,7.821193243675365e-05
0,0,0.9695273850936901,0.030418829241673565,5.3785664636403525e-05
1,1,0.07083049701603526,0.9155929066376649,0.013576596346299827
0,0,0.584439714606203,0.4155007918162,5.949357759692671e-05
1,1,0.4513880679895714,0.5486092353940618,2.696616366842997e-06
1,1,0.2917109843570107,0.7080493831242123,0.00023963251877716672
1,1,0.47984230778083375,0.5201541320613448,3.5601578215143815e-06
2,1,4.0232811982148455e-06,0.550744089157046,0.44925188756175577
0,0,0.8716808942638344,0.12831852517693124,5.805592344313206e-07
1,1,0.1813819657152524,0.8185140922087143,0.000103942076033311
2,2,4.620802019170962e-52,2.4233595433543052e-56,1.0
1,0,0.7879332529979556,0.21206519253782627,1.5544642181846673e-06
1,1,0.3568590242389179,0.6431065755290499,3.440023203227966e-05
0,0,0.5563349244366087,0.4436564513037588,8.624259632436543e-06
1,1,0.291730444571117,0.70818317164185,8.638378703299438e-05
1,1,0.35746523448667167,0.6425295799483931,5.185564935174135e-06
0,0,0.5872889247487211,0.4127022146225877,8.860628691215217e-06
1,1,0.3224982820325415,0.6771782450519798,0.000323472915478951
1,1,0.023113756564256564,0.9757958938865673,0.0010903495491760178
1,1,0.07278878460309614,0.9267552018012151,0.0004560135956885927
1,1,0.31280160999891726,0.6867460004125707,0.00045238958851201634
2,2,2.5431250817648736e-07,0.014518536614449231,0.9854812090730426
1,0,0.5368054505462604,0.46298960190119653,0.00020494755254317877
1,1,0.22522963375128896,0.7747034421559781,6.692409273303067e-05
1,1,0.34073402787655177,0.6591633019914823,0.0001026701319659443
0,1,0.41228436824033543,0.5876791110237647,3.652073589972047e-05
1,1,0.00870716567415413,0.9910064956417091,0.0002863386841368028
1,1,0.05216785846977421,0.9461557018686327,0.001676439661592982
1,0,0.7884790624665606,0.21152067491302398,2.6262041547714936e-07
2,2,9.093261872758553e-08,0.014246188678865441,0.9857537203885157
0,1,0.062299068928000134,0.8724013185245059,0.06529961254749385
2,2,1.9801588820464808e-08,0.024184612603490155,0.9758153675949209
1,1,0.015014304235762731,0.7630964093305656,0.2218892864336716
1,0,0.6608852220638171,0.33909733564711425,1.7442289068704327e-05
0,0,0.8875906543313681,0.1124073640837062,1.981584925795515e-06
1,1,0.1958758233773399,0.8035890703737968,0.0005351062488631781
0,1,0.31850918909242437,0.681478160985258,1.2649922317582228e-05
0,1,0.403028743161702,0.5969293606452032,4.189619309481609e-05
1,1,0.32685366128061377,0.6727816404012614,0.0003646983181248487
1,0,0.8080662177870049,0.19190934315932487,2.4439053669978093e-05
1,0,0.5500179226450678,0.44978879109994313,0.00019328625498912322
0,0,0.7918253703990656,0.2081635175720929,1.1112028841592829e-05
0,1,0.08805975005212283,0.88861434788787,0.02332590206000709
2,2,2.1587329123819647e-05,0.35689990431928653,0.6430785083515898
1,1,0.08428614420593851,0.9145800571280361,0.0011337986660252875
1,1,0.264560034733702,0.7353514558992642,8.850936703383867e-05
0,0,0.9585445675177937,0.04129827339005203,0.0001571590921543492
0,1,0.3853491211609657,0.6143250086303097,0.00032587020872455817
1,1,0.1943773827050173,0.805555990062625,6.662723235756953e-05
0,0,0.6749776676197357,0.3250144069716662,7.925408598150065e-06
1,0,0.6597646767501503,0.34022839657849263,6.92667135722292e-06
1,0,0.5702972520701389,0.4297019847036614,7.632261997938341e-07
1,1,0.1592305519854687,0.8397564266167042,0.0010130213978271295
1,0,0.764317209215764,0.23568191301748756,8.777667484399128e-07
0,1,0.09166873497217172,0.90679657003545,0.0015346949923782775
0,0,0.9783443208933736,0.021654329473869548,1.3496327569737967e-06
0,0,0.5788656857687543,0.4211280714096224,6.242821623347621e-06
0,0,0.9542155430629481,0.04577828513575451,6.17180129754187e-06
1,1,0.13181942495311796,0.8676167222999912,0.0005638527468908755
1,1,0.08471355023846346,0.8993049290511942,0.01598152071034232
0,1,0.1534194400704325,0.8465015438813412,7.901604822629212e-05
0,0,0.922717139894264,0.07728174115275813,1.1189529777121228e-06
0,0,0.7319961147987655,0.26800187136213915,2.013839095491943e-06
0,0,0.9698290303928462,0.030117630862445028,5.3338744708768525e-05
0,1,0.19368510615678455,0.806152370650681,0.0001625231925342954
1,1,0.12088063272041429,0.8789399139434085,0.0001794533361771028
0,1,0.49422504520758903,0.5056897060596112,8.524873279977398e-05
0,0,0.930942195759554,0.0690577427063545,6.153409142135687e-08
1,0,0.5828006701470397,0.41719586109312606,3.46875983415038e-06
0,0,0.7782582792275471,0.2217318328348538,9.887937599179526e-06
0,0,0.682057856852139,0.3179131960125461,2.894713531472502e-05
0,0,0.9686925884962543,0.03130563356869748,1.777935048328725e-06
1,2,5.238589183286139e-06,0.03731280482037057,0.9626819565904462
0,0,0.562226705616689,0.4377568786843886,1.6415698922385544e-05
1,1,0.25640183832788127,0.743342062983056,0.0002560986890627532
0,0,0.5360883705175035,0.46390642934842496,5.200134071655851e-06
1,1,0.06268005102620526,0.9357605373254556,0.0015594116483390332
1,1,0.14652435416565335,0.853345335011897,0.00013031082244958548
0,0,0.5653512378091088,0.4346380351235383,1.0727067352918182e-05
1,1,0.0614800640811138,0.9379428234578482,0.0005771124610381666
0,1,0.4659577448219711,0.5340288872320234,1.3367946005593428e-05
0,0,0.8031385711040799,0.1968516318028195,9.797093100464202e-06
0,1,0.35079419036999654,0.6486670776295645,0.0005387320004389336
1,1,0.2738311976008194,0.7261273846663592,4.141773282146668e-05
1,1,0.030588476292003963,0.8602360698916482,0.1091754538163477
0,1,0.3022513238914739,0.6976936313524686,5.5044756057347944e-05
1,1,0.038312810101413165,0.958874621065978,0.002812568832609061
1,1,0.008757868876435107,0.9745622585800512,0.016679872543513764
2,2,1.8566279888385743e-06,0.06706710536499158,0.9329310380070195
0,1,0.4438050037850473,0.5561671957090211,2.780050593157036e-05
0,1,0.12318081579179907,0.8763595467683659,0.0004596374398349685
1,1,0.21223256162730894,0.7872296304849276,0.0005378078877635293
0,0,0.5822732658287239,0.41728364352195607,0.0004430906493201197
1,1,0.24498039175200664,0.7549591297409981,6.047850699526706e-05
1,1,0.11056161161534953,0.8893513827370674,8.700564758314482e-05
1,0,0.6447591752524778,0.3552265395774023,1.4285170119809107e-05
1,1,0.1777598140156574,0.8206737354633027,0.0015664505210397672
1,1,0.3552533049889828,0.6447132452380677,3.344977294936681e-05
0,0,0.972907605835104,0.027090519958507413,1.8742063886379086e-06
1,0,0.8368636377828175,0.16313280719913922,3.555018043212718e-06
0,1,0.047279305523034325,0.9510142071796787,0.0017064872972870771
1,1,0.4896374297816298,0.5103371897001441,2.5380518226091818e-05
1,1,0.13573829975929846,0.8642161611319946,4.553910870690647e-05
1,1,0.3336699967774485,0.6662715366145239,5.8466608027674405e-05
2,2,9.483231085510936e-06,0.28984819360141284,0.7101423231675017
0,1,0.3164490319238,0.6834082543829982,0.00014271369320183536
1,0,0.6615943643920786,0.33840054118193824,5.09442598318356e-06
0,0,0.8224472428005877,0.1775525292532366,2.2794617569051692e-07
0,1,0.3208204499853184,0.6790483780145933,0.00013117200008839743
1,0,0.7094084556073778,0.2905912896716579,2.5472096429789873e-07
1,1,0.2906731623099178,0.7083141099287896,0.0010127277612926617
2,1,0.03278775488906345,0.844149470371654,0.12306277473928262
1,1,0.300513900317125,0.6979996281554065,0.0014864715274684574
1,1,0.05207130600047292,0.9417769212635454,0.006151772735981679
0,0,0.8245626039558983,0.175437123751748,2.72292353640444e-07
0,1,0.18764483283196634,0.8094311849380657,0.0029239822299681013
1,1,0.0915375396169304,0.9071257326000964,0.001336727782973109
1,1,0.34886631892007697,0.6510932457895269,4.043529039621626e-05
0,0,0.8675983392472821,0.13240152860766813,1.3214504978011222e-07
1,1,0.23286279725100054,0.7671009071969224,3.6295552077173986e-05
1,1,0.3635782844127404,0.6364103745822192,1.1341005040348449e-05
0,0,0.9439825465442796,0.055986769179691954,3.068427602864076e-05
1,1,0.031087645634597833,0.9677147065073404,0.0011976478580616855
0,1,0.15743791454011832,0.8423027026585864,0.0002593828012952254
1,1,0.11770407468884142,0.8669794724911446,0.015316452820013942
1,1,0.31788107587556513,0.6815932473282086,0.0005256767962263369
0,0,0.7158992022790454,0.283986854817731,0.00011394290322364306
0,1,0.29109391661940065,0.7085704533152727,0.0003356300653267554
0,0,0.6475492187957625,0.3524465043774176,4.276826819887279e-06
1,1,0.0695688843785459,0.9299159453300277,0.0005151702914262095
1,1,0.41382337450610396,0.5861617287679128,1.4896725983272414e-05
1,1,0.2235743507029734,0.7763150722931708,0.00011057700385571006
0,0,0.644366718124051,0.35563212128329746,1.1605926515462554e-06
1,0,0.5130934215765767,0.486903282511403,3.2959120204191704e-06
0,0,0.6211899344042446,0.3788064873655613,3.578230194112279e-06
2,2,3.168076118533628e-07,0.01785393601690714,0.9821457471754811
2,2,1.8393213731175847e-07,0.08299833344381854,0.9170014826240442
1,1,0.16125754357679964,0.836917721723733,0.0018247346994673722
1,1,0.09358268686990978,0.8910734671136168,0.015343846016473385
0,0,0.895200719451497,0.10479114518641826,8.135362084710328e-06
0,0,0.7913123748269579,0.20868388309862385,3.742074418226533e-06
0,0,0.5634497209278077,0.43651713894289523,3.3140129297089445e-05
1,1,0.31962337729140844,0.6803266868255423,4.9935883049283796e-05
1,1,0.25072043130256444,0.7491911573988802,8.841129855536858e-05
1,0,0.5103359198126607,0.4896553686315421,8.711555797318854e-06
0,1,0.4692108580133703,0.5307854385258262,3.703460803493323e-06
1,1,0.2518473247688821,0.7480774272402494,7.524799086843347e-05
0,1,0.13607926554740754,0.8637840070490578,0.000136727403534764
1,0,0.8042275373669014,0.19576946311865095,2.999514447638429e-06
0,1,0.4531839041801715,0.5467142442540112,0.00010185156581721277
1,1,0.1440748863198945,0.8558680798013243,5.7033878781344596e-05
0,0,0.7032934336786852,0.2966943263639784,1.2239957336399462e-05
0,0,0.8560843734380675,0.14391546758204032,1.5897989210668218e-07
1,0,0.6758006429624949,0.3241991063561985,2.506813067822793e-07
1,1,0.08930104011103587,0.9096671174621979,0.0010318424267664258
1,0,0.5414901192989909,0.45850597006421795,3.91063679113386e-06
1,1,0.26390062258914204,0.7359554483182877,0.00014392909257035015
0,0,0.6598267975772336,0.3401604800658089,1.2722356957515237e-05
2,1,0.027188061146028585,0.9441315829419612,0.028680355912010114
0,0,0.8448417528313504,0.15515574140980445,2.5057588450336466e-06
1,1,0.08500560967510189,0.9009815652988032,0.01401282502609491
1,1,0.16247365639705755,0.8373720637602982,0.00015427984264412538
1,0,0.5660498911085275,0.4339337078331991,1.6401058273401286e-05
0,0,0.974916407071027,0.02508134681512943,2.2461138433986432e-06
1,0,0.5376862616513195,0.462310311706334,3.4266423464810584e-06
1,1,0.40976434755610075,0.5870110892590283,0.003224563184870887
0,0,0.8412570254555339,0.15874195172379024,1.0228206757851215e-06
1,1,0.17323982083566636,0.826384961266918,0.0003752178974156138
1,1,0.4836784514464367,0.5163176932731952,3.8552803680875825e-06
1,1,0.08098002450056573,0.9187625330631076,0.00025744243632668673
2,2,2.6086841599450954e-08,0.003773794525047886,0.9962261793881105
1,0,0.7720605880103746,0.22793891494485258,4.970447727282946e-07
0,0,0.7115885096530351,0.28840996664563207,1.523701332967839e-06
2,2,1.9451495066596406e-07,0.018195008986903318,0.981804796498146
1,1,0.21388615797998103,0.7860582298878332,5.561213218563377e-05
0,0,0.7363440002248782,0.2636553587208352,6.410542866752876e-07
1,0,0.8357546766693251,0.16424371786915043,1.605461524308867e-06
0,0,0.9781620064470345,0.02182456965989911,1.342389306629801e-05
1,0,0.5093334775288376,0.4906589901214395,7.5323497228627696e-06
1,1,0.06921396998779071,0.9305795865904699,0.00020644342173939395
1,1,0.20757469600498601,0.7923651097859451,6.019420906889872e-05
1,0,0.6159529986643871,0.3840458403145928,1.1610210201499937e-06
1,0,0.8633847487080427,0.13661122809757623,4.023194381133291e-06
0,1,0.40413402667303455,0.5958513745072542,1.4598819711191282e-05
0,0,0.7901341317131103,0.20986155851977112,4.309767118494876e-06
1,1,0.08322041008272549,0.9119860473496954,0.004793542567579313
0,0,0.9033235812004582,0.09667545734192562,9.61457616346396e-07
0,0,0.9323121662376476,0.06768480256043961,3.031201912788293e-06
1,1,0.498475510412992,0.5014876011685245,3.688841848341208e-05
1,1,0.11471031612651286,0.8849164921631885,0.00037319171029885075
0,0,0.9243513232468045,0.07564667019744267,2.0065557528740008e-06
0,0,0.8841116498529243,0.11588750090507992,8.492419957431696e-07
0,1,0.2794923478699944,0.7204739450031649,3.370712684084154e-05
1,0,0.558921710272186,0.44089269180788443,0.0001855979199295962
1,1,0.15238244657771147,0.8474031590129616,0.00021439440932694505
1,1,0.1264460859265814,0.8718365811195355,0.0017173329538830789
2,1,4.7479781791643044e-05,0.5342509252783437,0.46570159493986474
0,1,0.3411967292976151,0.6587700697318538,3.3200970531303524e-05
1,1,0.2756490181680472,0.7240745998582571,0.00027638197369582093
0,1,0.28093689434443764,0.7188940089313443,0.00016909672421803
2,2,0.00028747290938852085,0.056475543771312545,0.943236983319299
0,1,0.10451515910836592,0.8945885455495112,0.0008962953421229197
1,1,0.049527131149840364,0.9018181059758802,0.04865476287427944
1,0,0.6568598268489143,0.3430836152163988,5.655793468699375e-05
0,1,0.3043478895365549,0.6955931243497263,5.8986113718868985e-05
0,0,0.9074531970604908,0.09254675247072784,5.0468781425423714e-08
0,1,0.46055459622889794,0.5394352268198191,1.0176951282988573e-05
1,1,0.17216775341217883,0.8270386125105232,0.0007936340772978849
1,1,0.04182114596818499,0.9579818928257865,0.00019696120602853256
0,0,0.6893747525015524,0.310599002020592,2.6245477855541486e-05
1,1,0.15666395065614447,0.8425068794711869,0.0008291698726685689
1,1,0.1142497335784537,0.885153788581233,0.0005964778403132372
1,0,0.8235979697777018,0.17640152052941896,5.096928790816092e-07
1,1,0.05190323097920056,0.9080561149141531,0.04004065410664642
1,0,0.5257224609463105,0.47411728543620835,0.00016025361748129888
2,2,3.3060302567291264e-07,0.13499627985421186,0.8650033895427626
0,1,0.4972100937122535,0.5027814274477505,8.478839995978859e-06
1,1,0.13534657565022876,0.8644721563543973,0.00018126799537384643
1,1,0.012164603438047981,0.9874674325297335,0.0003679640322186353
1,1,0.10696386941868571,0.8890791887154669,0.003956941865847429
1,1,0.3193451881262428,0.6803081364523453,0.00034667542141183545
0,0,0.9505601299293961,0.04943577127392136,4.098796682530562e-06
0,1,0.045244370932804236,0.952761413965551,0.001994215101644627
0,0,0.9562939926101809,0.04365093238548107,5.507500433820377e-05
1,1,0.24091896939639,0.7588666376101494,0.00021439299346063504
2,2,3.2511187661672447e-06,0.08472103888359298,0.9152757099976409
1,0,0.5987709435753555,0.4007197425211635,0.0005093139034810055
0,0,0.6453407239174848,0.35465156689139327,7.709191121926069e-06
1,1,0.10367559333431896,0.8958320649835892,0.0004923416820917473
0,1,0.2479085418902745,0.7520206915377216,7.076657200405785e-05
2,2,4.315954785030076e-08,0.008445046881454848,0.9915549099589974
0,0,0.5386303386298497,0.4613640510270124,5.610343137942611e-06
0,0,0.6000380123098696,0.3999528103387992,9.177351331098175e-06
1,1,0.3730086853501311,0.6269758122408408,1.5502409028026572e-05
0,1,0.37484987868067704,0.6251089251098247,4.119620949832345e-05
2,2,2.5273889355282684e-13,0.0031856464549584363,0.9968143535447889
0,0,0.8208372762331622,0.17915260750255174,1.0116264286233122e-05
1,1,0.36538332901503046,0.6345837685068657,3.29024781038115e-05
0,0,0.9357580431238227,0.0642415008991698,4.5597700757129093e-07
1,0,0.8482459212093422,0.1517540169580672,6.18325907495018e-08
0,0,0.7014555243121638,0.2985439740741456,5.016136905568195e-07
0,0,0.6821665566412165,0.31782368805650574,9.755302277735508e-06
0,0,0.9660616051305677,0.03393673966768729,1.655201745006938e-06
1,0,0.6303548501687046,0.3696186995652497,2.645026604572813e-05
0,0,0.705392432784305,0.2946050520677692,2.515147925789488e-06
0,0,0.7434989304825242,0.2564864219424058,1.4647575069963214e-05
1,1,0.037716267430363805,0.9613554511882626,0.0009282813813736149
1,1,0.3966502861453471,0.6033362106789422,1.3503175710763572e-05
1,1,0.042373942819665625,0.957328677506076,0.00029737967425844266
0,0,0.7147213048584803,0.28527565375090363,3.0413906160245013e-06
1,1,0.4895408719490936,0.5104539105658275,5.21748507896874e-06
1,1,0.4761219231041856,0.5237146571330407,0.00016341976277374273
0,0,0.7152276271123479,0.284766173316752,6.199570900215597e-06
1,1,0.1191502331596534,0.8808189592883171,3.080755202934746e-05
0,0,0.8194364551109268,0.18056272684121558,8.180478576266925e-07
1,1,0.34730761729510573,0.6526815810384965,1.0801666397768165e-05
2,2,7.791457299954134e-07,0.03690273115615153,0.9630964896981183
0,0,0.720364606826412,0.27963343140834224,1.961765245765214e-06
1,1,0.28885285249864817,0.711083271197804,6.387630354768799e-05
0,1,0.30358864715803185,0.6960587937268576,0.0003525591151104764
1,1,0.3824057996838247,0.6174638081569752,0.000130392159199959
0,1,0.25476625129185876,0.7451851167774994,4.8631930641952664e-05
1,1,0.09510640156528172,0.9045853061124369,0.000308292322281409
1,0,0.5849629981876779,0.41503518754701446,1.8142653075755796e-06
1,0,0.6979831123114038,0.3020112670930687,5.6205955275761006e-06
0,0,0.9120765640990681,0.08792311725508734,3.186458443604644e-07
0,1,0.31169795568044545,0.6881983700908029,0.00010367422875178131
0,0,0.8251577518032625,0.17484038743541683,1.8607613206625328e-06
2,2,9.79048525589023e-08,0.022529425557993768,0.9774704765371536
1,1,0.032103581686926744,0.7802786635708391,0.18761775474223413
0,0,0.8606842219190481,0.13930760885185633,8.16922909568835e-06
0,0,0.5952626099884996,0.4047334449759501,3.945035550279955e-06
1,0,0.6470933748081449,0.3529050968643789,1.5283274761502676e-06
0,1,0.18828780746312526,0.811561369485364,0.00015082305151080738
1,1,0.07632650872802176,0.892637915190123,0.031035576081855275
1,1,0.4771431122202176,0.5228518168414146,5.070938367825852e-06
0,1,0.4783080880504419,0.5216073826329364,8.45293166217039e-05
1,0,0.6093684461070686,0.39061847409955147,1.3079793379944473e-05
2,2,9.680320112016361e-06,0.20898160368837718,0.7910087159915108
1,1,0.33707525112919984,0.6629121030252353,1.2645845564897607e-05
0,0,0.7768779205693622,0.22127754200778,0.0018445374228578375
1,1,0.3176891896813938,0.682264967331301,4.5842987305134565e-05
0,0,0.999995379256658,2.307507372715836e-29,4.6207433418637916e-06
1,1,0.031958058155243,0.8543053926991722,0.11373654914558472
1,2,2.9909078225598736e-05,0.4447037219720745,0.5552663689496999
1,1,0.0722716220239084,0.9275450279428713,0.00018335003322025165
1,1,0.2170763105850893,0.782766185460991,0.00015750395391980884
1,1,0.1144247343671095,0.8848595683891899,0.0007156972437006388
0,0,0.8923360797638178,0.1076591834257,4.736810482214436e-06
1,1,0.2963682487186116,0.7036092529197527,2.2498361635612126e-05
2,2,3.6262154600463563e-06,0.07094802454415228,0.9290483492403877
0,0,0.6459879831179925,0.35401020817013373,1.8087118736528514e-06
1,1,0.13135829900717755,0.8685955542822764,4.614671054612222e-05
1,1,0.20963106901423892,0.7864552065065052,0.003913724479255917
1,1,0.052999249509236006,0.946862482654925,0.000138267835838834
1,1,0.11617671366844524,0.8827889700973843,0.0010343162341705508
1,0,0.746480895731056,0.2535118264820845,7.277786859641149e-06
0,0,0.7136671885840987,0.28633018009351774,2.6313223836372632e-06
1,1,0.11777571677932153,0.881653293834255,0.000570989386423457
1,1,3.178076571192721e-07,0.8367333844582456,0.1632662977340973
0,0,0.7710103191119236,0.22895872439303075,3.0956495045590986e-05
1,1,0.02172875806809991,0.9781732962715275,9.794566037241147e-05
0,0,0.6743955268493144,0.325548410204977,5.606294570862799e-05
0,0,0.8965392352885646,0.10345873713407631,2.0275773591560523e-06
0,0,0.947798486605021,0.052185153609638796,1.6359785340315718e-05
1,0,0.7796803646909758,0.22030975108154405,9.884227480298101e-06
0,1,0.2436654675360416,0.7562954899263383,3.9042537619977775e-05
2,1,0.017897899772235944,0.8346401150485315,0.1474619851792326
1,1,0.4495097374545748,0.5504400067206867,5.0255824738566414e-05
1,1,0.20126828469572386,0.7986191460788873,0.00011256922538889796
0,0,0.7171969757832726,0.2828000749842887,2.949232438833367e-06
0,0,0.9835048631300907,0.016494998108747452,1.3876116179393553e-07
1,1,0.12734523160655672,0.872509508653834,0.0001452597396093902
0,1,0.1744935673795195,0.8253563203998335,0.00015011222064700472
1,2,1.8464320111523404e-09,0.4487262509365011,0.5512737472170669
1,1,0.2008547851002226,0.7990772166236706,6.7998276106707e-05
0,1,0.40546489879183656,0.5944802671168784,5.4834091284955496e-05
1,1,0.31874884111845475,0.6812273041563518,2.3854725193524683e-05
1,0,0.7615395611182388,0.2368696865531724,0.001590752328588745
0,0,0.7241952338442375,0.2757161910995945,8.857505616797921e-05
1,1,0.20192789273651188,0.7969524395174172,0.0011196677460708993
1,1,0.13709461152618924,0.8523898708779376,0.01051551759587326
0,0,0.8166523939778262,0.18328508379782155,6.252222435224878e-05
0,0,0.9996650473469278,1.2754029668978693e-28,0.00033495265307216017
1,1,0.041764541122986026,0.9578498380453474,0.0003856208316665453
0,0,0.5886251806941069,0.41133744954197266,3.7369763920497566e-05
0,0,0.8949690064871187,0.10503063410648711,3.5940639406024216e-07
0,0,0.9374049573479615,0.06259496565131974,7.700071884793386e-08
1,0,0.5016806658989353,0.4982290317227333,9.030237833133768e-05
1,1,0.3560644116529722,0.6438746393203383,6.094902668943002e-05
0,0,0.7553635270577327,0.2446333992908767,3.0736513905971366e-06
1,1,0.13895228859466444,0.8609833469039653,6.436450137016999e-05
1,1,0.06767254780710857,0.8527965650366278,0.07953088715626372
1,1,0.23285728842638825,0.7668752067704102,0.00026750480320143375
0,0,0.6287337388853141,0.37126383594562135,2.4251690645586505e-06
1,1,0.0203070053621186,0.9787696697098832,0.0009233249279981013
1,1,0.029382057791339497,0.9664529804525048,0.00416496175615558
1,0,0.7942609608323933,0.20573836940562873,6.697619780163913e-07
1,1,0.28874217284602843,0.711206572702706,5.1254451265614145e-05
0,0,0.6370132554404528,0.36297245224469765,1.4292314849545139e-05
1,1,0.32344377591865936,0.6762363524767203,0.00031987160462038013
1,0,0.745495924316024,0.2544845286988343,1.9546985141871036e-05
1,0,0.7494325213727424,0.2505275863184077,3.989230884986769e-05
1,1,0.220185299768782,0.7796826937024858,0.00013200652873217
1,1,0.01197403630993585,0.9855026332629908,0.002523330427073257
0,1,0.17926985933895354,0.820519448879376,0.00021069178167051745
2,2,3.0488950508454424e-07,0.018190258623445255,0.9818094364870497
0,0,0.7260979688266276,0.27388888619888335,1.3144974489112588e-05
0,1,0.4063690142096948,0.5936184377659058,1.2548024399402923e-05
1,1,0.19819407748622994,0.8017266304860037,7.929202776639969e-05
0,0,0.5193730966400109,0.4806203372164731,6.5661435159891686e-06
0,0,0.7232556996723283,0.27281252513793747,0.0039317751897341964
0,0,0.601309523803754,0.39868464572206597,5.83047417997403e-06
1,1,0.15034152747428947,0.8495427814074167,0.00011569111829386018
0,0,0.752961524282969,0.2470342301033302,4.245613700750491e-06
0,0,0.829048685635577,0.17094969074105695,1.623623366073072e-06
1,1,0.3303244136967751,0.6696010133636756,7.457293954933855e-05
1,1,0.3181563659687648,0.6817776792942062,6.595473702908308e-05
1,0,0.7295572978375967,0.2704387280428691,3.9741195343105245e-06
2,1,0.046543632773000686,0.9303632219098357,0.0230931453171637
0,0,0.5787801901164072,0.42120427488628925,1.5534997303456348e-05
1,1,0.48839819889890024,0.5115970072931991,4.793807900721687e-06
2,2,6.269609468607172e-09,0.11170237846783883,0.8882976152625518
1,1,0.1400330475548991,0.8587217405210583,0.0012452119240426382
0,0,0.8821404122253772,0.11785787062621023,1.7171484124999245e-06
1,1,0.25977844323793403,0.7400317021378127,0.0001898546242532742
1,1,0.12362160564403668,0.8758825523357396,0.0004958420202236418
1,1,0.35810326036668483,0.6416347850127286,0.0002619546205864954
1,1,0.03031621422637415,0.9669875482408581,0.0026962375327676848
0,0,0.5498791646277972,0.45011606266734255,4.7727048602548836e-06
1,1,0.16216619805633653,0.8367339895197154,0.001099812423948106
0,1,0.2841348276198197,0.7140414317886252,0.0018237405915550611
1,1,0.12184824921492249,0.8780905969430699,6.115384200754933e-05
1,1,0.06657009543978235,0.93328246177135,0.00014744278886767237
1,1,0.05129305682754004,0.9483732384528012,0.00033370471965881777
2,2,1.86144828580364e-08,0.2452661552260046,0.7547338261595125
1,1,0.03659314252651745,0.8008657924748847,0.162541064998598
0,0,0.6865614903152155,0.3134376924905625,8.17194221967751e-07
1,1,0.24648023603085042,0.7534160488817445,0.00010371508740497744
1,1,0.476849409697784,0.5231359626773835,1.4627624832514829e-05
1,1,0.44928623339131435,0.550703907499237,9.859109448639225e-06
0,1,0.29101296522377396,0.7089713153139959,1.5719462230067918e-05
0,0,0.7529878751073972,0.24690668293566242,0.00010544195694037982
1,1,0.009776982391559372,0.9895909101499218,0.0006321074585187666
1,0,0.621153387278002,0.378843981904288,2.6308177099818785e-06
1,1,0.2960227757163081,0.7024486534156164,0.001528570868075698
0,0,0.889647476202046,0.11034027611852758,1.2247679426428e-05
1,1,0.11912710820522016,0.8808229518562019,4.9939938577937725e-05
0,1,0.05598703733179779,0.9401798633053262,0.0038330993628759497
1,1,0.20773261580621238,0.7920653547157469,0.00020202947804062602
1,0,0.5400875360457235,0.4598532998484066,5.916410587006394e-05
0,1,0.4698833995436128,0.5301106433249229,5.957131464302025e-06
1,1,0.37734970940669726,0.6226353535145597,1.4937078743173502e-05
0,1,0.28562550959968547,0.7143278275117113,4.666288860314726e-05
1,1,0.3542998726616139,0.6455676758884864,0.00013245144989986523
1,1,0.030402935353875015,0.9247193865451364,0.04487767810098871
1,1,0.08539208228717958,0.9141396490162987,0.000468268696521639
1,1,0.1514588902799523,0.8469715017025302,0.0015696080175173577
0,0,0.9430095401952244,0.05699035455643484,1.0524834080860975e-07
0,1,0.23222575061390105,0.7677389579584759,3.529142762303357e-05
0,0,0.7901440478352728,0.20984898380163325,6.968363093829311e-06
1,1,3.5540219668006003e-07,0.8285041960950353,0.1714954485027678
0,0,0.63513139353454,0.36486085964638787,7.746819072173218e-06
0,0,0.5463090634152912,0.45368552616948765,5.410415221274331e-06
0,0,0.8018896574328787,0.19810741947853217,2.923088589207403e-06
1,1,0.35534592773071505,0.6444799569047897,0.00017411536449527337
0,1,0.28482026081037115,0.7151032442712576,7.649491837115965e-05
0,0,0.8401527696189165,0.1598471473708296,8.301025397769424e-08
1,1,0.34846575626229254,0.646190554029003,0.005343689708704352
1,1,0.1837617502613308,0.8161859973018346,5.2252436834525835e-05
0,0,0.5041944109565691,0.495788263808872,1.732523455886868e-05
1,1,0.12773968412417,0.8719866105759161,0.00027370529991396244
1,1,0.10856684607211718,0.8849504062812573,0.0064827476466254325
1,1,0.14794891991858497,0.8519525099982538,9.857008316112138e-05
1,0,0.6231117294552759,0.3768791613647484,9.109179975682246e-06
1,0,0.8642061329432816,0.13579362873447465,2.383222436471948e-07
1,1,0.2469574872840415,0.7525862166039761,0.0004562961119823411
1,1,0.0334360679356975,0.9663166237200791,0.00024730834422330693
0,0,0.9997342384411552,1.1504385891588321e-28,0.00026576155884484246
1,1,8.283096408872783e-05,0.6532757219913954,0.3466414470445159
1,1,0.05138092283540066,0.8746588895100051,0.07396018765459415
0,1,0.06926516476925021,0.9292749283844836,0.0014599068462662556
0,0,0.8913651358931873,0.10863444980866979,4.1429814293753385e-07
0,0,0.5201782832578541,0.47979828636254035,2.3430379605589947e-05
1,1,0.21944178589326427,0.7805242269372464,3.398716948931022e-05
0,1,0.08345901442825968,0.9164163710778195,0.0001246144939207739
0,1,0.12555453894295565,0.8743133634225659,0.0001320976344784945
1,1,0.012098454739995443,0.8427545501718459,0.14514699508815873
1,1,0.07534783892168045,0.9232546852848978,0.0013974757934217426
1,1,0.360464574244624,0.6394710544610901,6.437129428598582e-05
1,1,0.4264435883377766,0.5727408565098694,0.0008155551523539685
0,0,0.9215473787307572,0.07845224502910744,3.762401355457113e-07
0,0,0.7213759434860836,0.27862258292988645,1.4735840300551646e-06
1,1,0.24772204577679202,0.7518277807941276,0.0004501734290803708
0,0,0.5333639740497472,0.46641343996837914,0.00022258598187363722
0,0,0.599048993223376,0.40094065954043434,1.0347236189753683e-05
0,0,0.8841847046475303,0.11581523745186967,5.7900600142273916e-08
0,0,0.7982026443238036,0.20178818346049673,9.172215699687183e-06
0,0,0.9722685258957671,0.027729058372476443,2.4157317566562053e-06
1,1,0.13215217766005558,0.8676096875888487,0.0002381347510956392
1,1,0.08921790559572552,0.8984136222449155,0.012368472159359045
1,1,0.2305781311980812,0.7692232850691358,0.00019858373278302193
0,0,0.6441918317522646,0.355803383576912,4.784670823495334e-06
2,2,0.016032441675175806,0.40575798062748,0.5782095776973442
1,1,0.0548019956310222,0.9448916460834877,0.0003063582854901847
1,0,0.6663083259376207,0.3336869406265043,4.733435875063213e-06
0,0,0.7288676715652486,0.27113074642175383,1.5820129976023383e-06
1,1,0.33278419267147913,0.667201265456669,1.4541871851872752e-05
1,1,0.00855442943731035,0.9885689153882371,0.002876655174452547
0,0,0.6680396255073101,0.3319561008454152,4.273647274577533e-06
1,0,0.6103687880270774,0.38962607584093,5.136131992645806e-06
1,1,0.33112392982413197,0.6688200949162061,5.59752596619383e-05
0,0,0.7755303513778427,0.22446893567215617,7.129500012343227e-07
1,0,0.6080645646053656,0.3916547749228788,0.00028066047175559624
1,1,0.06485164770933567,0.9346377902933003,0.0005105619973640298
1,1,5.672190100002951e-08,0.5068511874796244,0.49314875579847445
2,2,0.004729963692664393,0.29014411758265923,0.7051259187246763
0,0,0.6111030252920178,0.38889487785204596,2.0968559362269028e-06
2,2,1.902791464524962e-07,0.009179388471118906,0.9908204212497347
1,1,0.034155111558527504,0.8747841888485453,0.09106069959292723
0,1,0.43821199014938655,0.5617848354892524,3.174361361045148e-06
1,1,0.31981838185212774,0.6801586837575248,2.2934390347640913e-05
1,1,0.2208115776615808,0.7785286907223155,0.0006597316161037966
2,2,1.4976601328985091e-06,0.031350284365597135,0.9686482179742699
1,1,0.011669827624203346,0.984310048343862,0.004020124031934584
1,1,0.13833265650805696,0.8614770404580275,0.00019030303391551087
1,1,0.2923141203807787,0.7076755712027498,1.0308416471401389e-05
1,1,0.28477790450785656,0.7151622104229868,5.988506915661331e-05
1,0,0.8422027687456178,0.1577925013031108,4.729951271351017e-06
1,1,0.051723586129750976,0.9473386206949713,0.0009377931752776947
2,2,0.004972997878908888,0.284571531338908,0.7104554707821831
1,1,0.26732633602657313,0.7326004841163644,7.317985706242048e-05
1,1,0.1944430846973264,0.8052250525200011,0.0003318627826724316
0,0,0.7634418958771771,0.2365552823772959,2.8217455270211404e-06
2,2,1.9320135987175534e-07,0.013147223688470003,0.9868525831101701
0,0,0.5412452657921412,0.45873875784844803,1.5976359410729474e-05
0,0,0.9125586608053518,0.08744077501080848,5.641838397568711e-07
1,1,0.20316168325536552,0.7960885786423296,0.0007497381023049302
0,0,0.9345577735462903,0.06544093463589591,1.2918178136675765e-06
0,0,0.5520946812279696,0.4478687349034009,3.6583868629453405e-05
1,2,7.151004883525365e-10,0.37552795116843857,0.624472048116461
1,1,0.15542803400386135,0.8442375373555089,0.00033442864063000163
1,1,0.08300068786816658,0.9168551178031069,0.00014419432872653023
1,1,0.23701154253419643,0.7625198307788058,0.0004686266869976799
1,1,0.3048531275324251,0.695088191512588,5.868095498689402e-05
1,1,0.24880502553047262,0.7511038226991643,9.11517703631004e-05
2,2,2.285992083218686e-08,0.0020272474949968853,0.9979727296450823
1,0,0.6252271906257809,0.3747634943451505,9.315029068502542e-06
1,1,0.16276423551518768,0.8360931313869024,0.001142633097909743
0,0,0.9119123194032639,0.08808756791731617,1.1267942004076347e-07
0,0,0.9481222863413699,0.051864072679092224,1.3640979537894778e-05
1,1,0.40049588180630474,0.599493979616064,1.0138577631234279e-05
0,0,0.9367534902465058,0.06324377723814391,2.732515350373857e-06
1,0,0.9150765008747227,0.08492345930076849,3.9824508851651265e-08
1,1,0.031930186151035114,0.9672829660003883,0.0007868478485767634
1,1,0.1717019505720933,0.8275673058075991,0.0007307436203076509
0,1,0.42994326924332726,0.5700372827306118,1.9448026060839956e-05
1,1,0.05236472364534051,0.9470711502077306,0.0005641261469290482
1,1,0.1703657582331842,0.8294040048421345,0.0002302369246812257
0,0,0.7803915816754737,0.2194829232651536,0.0001254950593726217
1,0,0.8254174828985991,0.17457645578924008,6.06131216083211e-06
0,0,0.7079020542586585,0.2920955094637513,2.4362775902976487e-06
1,1,0.03532300823544733,0.9644272911415555,0.0002497006229972322
1,0,0.6959004332232609,0.3039556934506768,0.00014387332606222432
1,1,0.08562850289898814,0.9138185848225636,0.0005529122784482169
0,0,0.8824067515409776,0.11759111613966654,2.1323193558832545e-06
1,1,0.12890774410613656,0.8702881520016521,0.0008041038922113664
0,1,0.12999425483617366,0.869258024421623,0.000747720742203396
1,1,0.19565416136751715,0.8029503119586907,0.0013955266737920937
0,0,0.5884254382391196,0.41153945349143234,3.5108269447995644e-05
1,1,0.11025910691986457,0.8888906724354886,0.0008502206446468206
1,1,0.013946825299918805,0.9858242206220977,0.00022895407798362177
0,0,0.9687172735411261,0.031275826206067114,6.9002528068571736e-06
0,1,0.4255562146299545,0.5744344653417336,9.320028312047862e-06
1,1,0.023983371003385042,0.9681044274822849,0.007912201514330272
1,1,0.03560361856275436,0.8776840398723025,0.0867123415649432
1,1,0.43695063938901313,0.5630148281230464,3.453248794054641e-05
1,1,0.10051443161138349,0.8992770065403392,0.0002085618482774975
1,1,0.11891375165581317,0.874091557401379,0.0069946909428079415
0,1,0.37939729776247705,0.6204356235026854,0.000167078734837474
1,1,0.13943044812755728,0.8586726833979359,0.0018968684745067654
0,0,0.5840277226227663,0.415908711536559,6.3565840674799e-05
0,0,0.8677451657226771,0.1322540143928673,8.198844554875687e-07
1,1,0.0982744380924452,0.901283973189311,0.000441588718243792
1,1,0.1211695032296516,0.8781578261193742,0.0006726706509743985
1,1,0.04733763843003405,0.9525041432344188,0.00015821833554721052
1,1,0.10342734862089632,0.8902995658180222,0.006273085561081403
1,0,0.8370115276553722,0.1629880153833598,4.5696126795054744e-07
0,0,0.8803494401669887,0.11964789543072117,2.664402290068606e-06
1,1,0.38992357732981353,0.6099128079896355,0.0001636146805508808
1,0,0.5442781879091183,0.4556701809265331,5.163116434858696e-05
1,0,0.515259479353201,0.484734848593159,5.6720536398461964e-06
0,1,0.30881962627709686,0.691166183899144,1.4189823759164608e-05
0,1,0.4535250657030748,0.5464066519178034,6.828237912189902e-05
1,0,0.8402281693323316,0.15976390068961827,7.929978050187116e-06
0,0,0.5987912702499064,0.4012050028758592,3.7268742343676324e-06
1,0,0.8172401173864402,0.18275146753932706,8.415074232645774e-06
0,1,0.110158571416135,0.8890984317244245,0.0007429968594405812
1,1,0.08179810303063322,0.9056821315131076,0.01251976545625922
0,0,0.6619060516894945,0.337997805934924,9.614237558162623e-05
0,1,0.40444388496330247,0.5949771091996677,0.0005790058370297666
1,1,0.07073318981756398,0.9290926047724842,0.00017420540995191698
0,0,0.7983959578031696,0.20160259321288032,1.4489839501329707e-06
2,2,9.938879858873548e-13,0.001971802822494947,0.9980281971765113
1,0,0.7539632930215588,0.24603283630527312,3.870673168169419e-06
1,2,1.1737525731978284e-09,0.39708536236208025,0.6029146364641672
1,1,0.18201810583205433,0.817638294007082,0.0003436001608636059
2,2,1.588482083027739e-08,0.0035730962887745798,0.9964268878264045
0,0,0.7566917661673457,0.24330351564578753,4.718186866827756e-06
0,0,0.626779010702004,0.37317848002820336,4.25092697926451e-05
1,1,0.3075386113685084,0.6923762367045908,8.515192690089938e-05
1,1,0.020673015663781005,0.9783302251452831,0.0009967591909357109
1,0,0.9996100124118436,1.0856056808321891e-28,0.00038998758815646223
1,1,0.05941938738396066,0.9284397589388493,0.01214085367719002
0,0,0.7542013263825109,0.2457960564377796,2.617179709566871e-06
0,0,0.7203487987864775,0.27963659133628427,1.4609877238206467e-05
0,1,0.4768729785434945,0.5231149444358452,1.207702066029027e-05
1,1,0.06138113162495371,0.9382474753489985,0.0003713930260478932
1,1,0.08970974064808121,0.9102808817607689,9.377591149865938e-06
0,0,0.7075632296286833,0.29242982839409104,6.941977225507615e-06
1,1,0.06291273398342616,0.9360524297253865,0.0010348362911875234
0,0,0.7021973950537685,0.29767662202100137,0.0001259829252300807
1,1,0.03990734254065506,0.9596091985551346,0.000483458904210396
0,0,0.6139952453204442,0.38595125165419697,5.350302535871969e-05
1,0,0.5102555488806292,0.4897304579043043,1.3993215066339152e-05
0,0,0.6540731271123513,0.34591261636254955,1.4256525099117829e-05
0,0,0.7401779154463207,0.2597302338257411,9.185072793822348e-05
0,0,0.7236404162386444,0.27635911941665436,4.643447012237248e-07
0,1,0.3086342455874638,0.6912599452771199,0.00010580913541625567
0,0,0.9349647728792583,0.06498953128963823,4.569583110339293e-05
0,0,0.6536344097633534,0.3463646013916893,9.88844957267763e-07
0,0,0.8332973286814119,0.16669684818789765,5.823130690366545e-06
1,1,0.22069479094826946,0.7792754640914724,2.9744960258051333e-05
0,1,0.4106051341595292,0.5893809863903766,1.3879450094214717e-05
1,1,0.2629347849749673,0.7337731765866103,0.0032920384384222535
1,1,0.0569714228412806,0.9428369369920317,0.00019164016668758523
0,1,0.22567485728951633,0.7743036856633835,2.145704710007596e-05
1,1,0.39661187399104675,0.6033816830903433,6.442918609820822e-06
1,1,0.40067584507279336,0.5993104913850791,1.3663542127647893e-05
1,0,0.8100589309229421,0.18993980504076463,1.2640362933325258e-06
2,2,1.045571717549867e-06,0.04263749528910267,0.9573614591391799
1,1,0.08835506686844995,0.9114883989985946,0.00015653413295537469
1,1,0.47215106798007556,0.5278277617939295,2.1170225994958775e-05
1,1,0.09231289271550751,0.9071526197996456,0.0005344874848470105
1,1,0.03530103357107245,0.8877720657309137,0.07692690069801376
1,1,0.10436605141048312,0.8953089810129522,0.0003249675765646606
1,1,4.2938986248480136e-05,0.6070213198879181,0.3929357411258334
0,0,0.6664572534331294,0.33353385496875804,8.891598112494267e-06
0,0,0.6565197765830714,0.3434756571625125,4.566254416321083e-06
1,1,0.15314175925671342,0.8466272679946393,0.0002309727486472944
0,1,0.45927517236707033,0.5407097745928985,1.5053040031190917e-05
1,0,0.8282783825436206,0.17171652911270222,5.0883436771349645e-06
1,1,0.3598989759515272,0.6400908961938047,1.0127854668226817e-05
1,1,0.21363509600966418,0.781174365010745,0.005190538979590821
0,1,0.3588946659540818,0.6410137256519648,9.160839395342864e-05
1,1,0.1750613276295522,0.8245995174910657,0.00033915487938200703
0,0,0.849331556357138,0.1506679709742396,4.726686225147758e-07
1,1,0.24546221107888283,0.7541610890463174,0.00037669987479969837
0,0,0.8428660643246747,0.15712919173595935,4.74393936602222e-06
0,1,0.3125315859634024,0.6874416929160347,2.672112056282365e-05
0,0,0.7782175390341197,0.22177320923219862,9.251733681621809e-06
0,0,0.9908771161304886,0.009122725151757556,1.5871775385187412e-07
0,0,0.5850247418151485,0.4149581946687993,1.7063516052181164e-05
0,0,0.5041876606899263,0.4958094651777307,2.8741323429648243e-06
0,1,0.18891180230338345,0.8099420350026038,0.0011461626940127156
1,0,0.9035371649833057,0.09645828549833561,4.549518358763575e-06
0,1,0.2126563288263081,0.7870544052635584,0.0002892659101333702
2,1,0.03623774062316869,0.8776022469302316,0.08616001244659992
1,1,0.058084339346818,0.9417199184149522,0.00019574223822992523
1,1,0.22001252909872365,0.779842691025863,0.0001447798754132792
1,1,0.1348655205112732,0.8649129123204754,0.000221567168251298
0,0,0.6321366005566726,0.36778643608645434,7.696335687314303e-05
0,0,0.5767339913885755,0.4232287236784958,3.7284932928676576e-05
1,1,0.03296075004815826,0.8486469205407393,0.11839232941110231
2,2,2.272388293715003e-06,0.07245949805404212,0.9275382295576641
1,1,0.09012099199020328,0.909757148460056,0.00012185954974072787
0,0,0.8438888006270622,0.1561096558873752,1.5434855625993258e-06
1,1,0.14602705204076144,0.850957524424659,0.003015423534579583
1,1,0.08285878615680514,0.9164218958559242,0.0007193179872704987
1,1,0.12471656943843853,0.8730281178764164,0.002255312685144981
0,0,0.9688693381373448,0.031125752955491966,4.908907163223246e-06
0,0,0.6446162419392113,0.35538191512815764,1.8429326311189993e-06
0,1,0.3769796643131012,0.6229853464516368,3.498923526194289e-05
0,0,0.7008889221943672,0.299110662069821,4.157358118762914e-07
1,0,0.644876111605245,0.35510268832470754,2.1200070047382097e-05
0,0,0.6246524060295243,0.37533501674350117,1.2577226974504557e-05
0,1,0.022458553517105403,0.7288085141188808,0.24873293236401378
1,1,0.40197735079249686,0.5979002982854331,0.00012235092207001913
0,0,0.9214421362753189,0.07841363609346379,0.00014422763121734464
0,0,0.7672404755885195,0.23275862485259274,8.995588877652831e-07
2,2,1.6648750262210083e-41,8.701702582657985e-42,1.0
1,1,0.05012084033707102,0.948678766539417,0.0012003931235121362
1,1,0.03152397939785597,0.966536664847334,0.0019393557548099737
1,1,0.25090650565418665,0.7490597419645092,3.375238130414079e-05
0,0,0.7980171667808268,0.20197740339009246,5.429829080860743e-06
0,0,0.9291084740258091,0.07039764914845623,0.0004938768257346435
1,1,0.3379437939789804,0.6620307326403585,2.5473380661065083e-05
1,1,0.018369216670412778,0.9658422385198728,0.015788544809714443
1,0,0.5022697543156155,0.4976580045653209,7.224111906363768e-05
0,0,0.5511761392210763,0.4488147638393596,9.096939564085338e-06
1,1,0.24031251430501685,0.7595605978828015,0.0001268878121816039
0,0,0.9663644853288081,0.03363127314406952,4.241527122403056e-06
1,1,0.18282211274887863,0.8170549297878539,0.00012295746326748946
2,2,3.162635386502855e-08,0.03240700303053895,0.9675929653431071
1,1,0.05744629803230371,0.9423961725281134,0.0001575294395831176
0,0,0.8712446659923009,0.12875283054440462,2.503463294423324e-06
0,0,0.6607216009061049,0.33927484270245445,3.5563914406832085e-06
1,0,0.6438012731598041,0.35619821937747226,5.074627236837207e-07
0,0,0.7198732503617863,0.2801264919098077,2.5772840584829196e-07
0,1,0.43775842625656114,0.5622335584492548,8.015294184023832e-06
0,1,0.40381165937199254,0.5961620539414199,2.6286686587598257e-05
1,1,0.22884423011199156,0.7710754069623162,8.036292569224238e-05
1,0,0.6964355342312402,0.3004296324769032,0.0031348332918566496
1,1,0.024059896917821944,0.9751131698423396,0.0008269332398383612
0,0,0.7210254820507221,0.27894787221224393,2.664573703385868e-05
1,1,0.15924500868354066,0.8407082501611036,4.674115535563848e-05
0,0,0.5363618312530885,0.46361519823519903,2.2970511712567005e-05
0,1,0.4520816546935607,0.547792540204383,0.00012580510205636403
0,0,0.947544330020481,0.05243791087011218,1.7759109406864408e-05
0,0,0.8603424035585724,0.13965654095673125,1.0554846963162009e-06
0,0,0.8588807557261927,0.14111855460589362,6.896679135409647e-07
1,0,0.561673122330423,0.4381279063954119,0.0001989712741651278
0,0,0.8344167012039867,0.1655829702435791,3.285524342774259e-07
1,1,0.40803898489362683,0.5919438612798298,1.7153826543567716e-05
1,1,0.03012172890550798,0.9078961216751381,0.06198214941935392
0,0,0.5559843239740431,0.44400602488619306,9.651139763842247e-06
1,1,0.08320210571275409,0.8972817852723756,0.0195161090148704
1,1,0.15127604040310194,0.8485886360642358,0.000135323532662267
1,1,0.010987083935803093,0.984365500073619,0.0046474159905778014
0,0,0.819236951285987,0.18076074807194428,2.3006420687591624e-06
0,0,0.6156359981945558,0.38436242890860434,1.5728968397979312e-06
1,1,0.40833225484556895,0.5892608363142466,0.0024069088401845215
0,0,0.649323199845661,0.35067251584307124,4.284311267811759e-06
0,1,0.42973216778890316,0.5702605383529015,7.293858195340648e-06
0,1,0.3157582590068801,0.6841035649326104,0.0001381760605095269
0,1,0.44434299606749716,0.5556518934965429,5.110435960049707e-06
0,1,0.48433452379441,0.515655709108047,9.767097542869308e-06
1,1,0.05915157527794245,0.940492988519692,0.0003554362023654673
1,1,0.09949284964062736,0.8995672306340157,0.0009399197253570778
1,0,0.7488979226207616,0.25109672503230046,5.352346937869111e-06
0,0,0.5948050126727492,0.40519131533834285,3.671988907982448e-06
1,0,0.5532365444616356,0.44660527089022395,0.0001581846481405246
0,0,0.5043747759393494,0.49562058890931193,4.635151338691211e-06
0,0,0.9752614350245948,0.02473730368017067,1.2612952345605052e-06
0,1,0.3647306354501941,0.6352255462169651,4.3818332840800344e-05
2,2,1.3518961925215522e-05,0.2098393362841247,0.7901471447539502
1,1,0.15280193577145942,0.8464580984053236,0.0007399658232170982
1,1,0.15774453283104556,0.8421945278523753,6.09393165791815e-05
0,1,0.3744371368594359,0.6252936063165705,0.0002692568239936167
2,2,0.0014327920318839508,0.14969991250588105,0.8488672954622349
0,0,0.881508656586031,0.11849045815794312,8.852560259450573e-07
1,1,0.38329321322414284,0.6164865531164575,0.00022023365939960538
1,1,0.08226424310447959,0.9176768948220213,5.8862073499129675e-05
1,1,0.13371203959822064,0.8543128521799146,0.011975108221864747
1,1,0.12014527254158755,0.8797133378303557,0.0001413896280568411
2,2,3.0356858921601074e-12,0.010429155626779917,0.9895708443701844
1,0,0.6651423594386482,0.33482592205045636,3.171851089542814e-05
0,1,0.2939485785868831,0.7059033330737331,0.00014808833938366055
0,1,0.42903286026902837,0.5709006115676849,6.652816328665608e-05
0,0,0.8190556630448681,0.18094014416686002,4.192788271804185e-06
1,2,1.7291681805037388e-07,0.11877897481006554,0.8812208522731165
0,0,0.8831493005895855,0.11684985238069776,8.470297167659733e-07
2,2,0.0009240080883196644,0.09179150414485097,0.9072844877668295
1,1,0.35856634623402334,0.6405631673461104,0.0008704864198662634
0,1,0.09898459445474798,0.9008508564019876,0.0001645491432644103
0,0,0.6631395618384981,0.33685900864021684,1.4295212850574208e-06
2,2,0.0011419548456136585,0.11578447265946311,0.8830735724949231
0,0,0.7015859845474681,0.29833333516301785,8.068028951399781e-05
1,1,0.13920739217432473,0.8536075185806008,0.00718508924507446
1,1,0.05686423567844606,0.942793598737139,0.00034216558441513793
1,1,0.0561868152252749,0.9396439719811439,0.0041692127935810345
0,0,0.7551802844352695,0.24481857101752993,1.144547200479749e-06
1,1,0.4357873890205763,0.5640505790010673,0.0001620319783564649
1,1,0.023158058771723337,0.9707808416161964,0.006061099612080136
1,1,0.031596545080325875,0.8977234747078864,0.07067998021178769
0,1,0.41525706289399655,0.584717864384687,2.5072721316382312e-05
1,0,0.547989373328284,0.4520023626696379,8.264002078124059e-06
1,1,0.10639541026339291,0.8934729326355516,0.00013165710105554547
1,1,0.4648411021314247,0.5351091281914592,4.976967711608395e-05
1,0,0.6523453222818915,0.3476386275205323,1.6050197576170597e-05
1,0,0.7202429264735252,0.2797556726282537,1.40089822123315e-06
0,0,0.8700535483005997,0.1299450779025363,1.3737968641664925e-06
1,1,0.023255295593926015,0.970794578319581,0.005950126086492935
1,1,0.3216200636983381,0.6783214462887074,5.849001295447703e-05
0,0,0.6793050069225886,0.3206942691688282,7.239085832547091e-07
0,1,0.3146533128095754,0.6853313338102942,1.5353380130408687e-05
2,2,9.048837531924824e-14,0.0016485930316501233,0.9983514069682595
1,1,0.02122293815876176,0.972837035828086,0.005940026013152135
0,0,0.6456547251548618,0.3543149302560459,3.0344589092501453e-05
0,0,0.7127740864626001,0.2872241317783265,1.781759073332312e-06
1,0,0.8428040056350813,0.15719370803347626,2.2863314423519913e-06
2,2,3.614157173805837e-08,0.29975220737298197,0.7002477564854462
1,0,0.689030459895611,0.31096790955454895,1.6305498399964542e-06
1,1,0.37983330160824674,0.6200912228799459,7.547551180742125e-05
1,1,0.17058922837890703,0.8263204662645451,0.003090305356547721
1,0,0.6804128768728847,0.31958484343281995,2.2796942953514388e-06
1,1,0.35031992125507927,0.6494344057507658,0.00024567299415471856
0,0,0.778664142540941,0.22133510795506306,7.495039960242943e-07
1,1,0.14459247061138125,0.8553625538340661,4.497555455282005e-05
1,1,0.2235088883175624,0.7762108599531347,0.000280251729302883
0,1,0.1165108702608517,0.88295973134217,0.0005293983969784199
1,1,0.34857903898759557,0.6513851981854158,3.5762826988639584e-05
0,0,0.9450429772157554,0.054948786581257625,8.236202987013442e-06
0,0,0.7337563772250183,0.26624246394810547,1.1588268762263364e-06
0,0,0.5677785796644702,0.43221640335716155,5.016978368409741e-06
1,1,0.29334089767887894,0.7064689004935178,0.0001902018276032275
1,1,0.18149127206219665,0.8184824625151005,2.6265422702873945e-05
1,0,0.6108525726101047,0.38914253353710754,4.8938527877425275e-06
0,0,0.7006639661039328,0.29931764779316894,1.8386102898120268e-05
1,1,0.040851895836986486,0.9588227042642136,0.00032539989879985895
0,0,0.9755428986236379,0.024454276781606308,2.8245947560305254e-06
0,0,0.827619317904714,0.17233453653885594,4.614555643006129e-05
0,0,0.9329053573815156,0.06707267751439984,2.196510408462125e-05
2,2,7.438718373264462e-05,0.019803638278430343,0.9801219745378371
1,1,0.12145946511242978,0.878454941492005,8.559339556541657e-05
0,0,0.7494972008348495,0.2504949714666689,7.827698481562607e-06
1,0,0.8209231061707343,0.17907407294950764,2.8208797581109393e-06
1,1,0.12530288174812776,0.8744816655424203,0.00021545270945191647
1,1,0.05993318778367518,0.9011247402395021,0.038942071976822625
1,1,0.167192603337645,0.8326344182441151,0.00017297841823992003
1,2,4.1623843939652345e-05,0.36399264658369895,0.6359657295723614
1,1,0.05997209939047513,0.9398654130897842,0.00016248751974064996
1,1,0.24274997404351784,0.7568779517432392,0.0003720742132428276
1,1,0.27150534863044373,0.7248174172199264,0.0036772341496297935
0,1,0.4115396345871095,0.5884020777329374,5.8287679953186406e-05
1,0,0.7097487419126242,0.29024904305417915,2.215033196701373e-06
1,1,0.3046127764830415,0.6953462697494024,4.095376755607925e-05
0,1,0.373740875580541,0.6262406925262399,1.8431893219068507e-05
0,0,0.5646288049759023,0.4353685414486632,2.653575434495312e-06
1,1,0.013161077367722698,0.9832743641976859,0.003564558434591518
1,1,0.3551043778185095,0.644854077084862,4.1545096628459936e-05
1,1,0.12672658790173785,0.8731143169175277,0.00015909518073444653
1,1,0.4365972120078091,0.5633903045887579,1.248340343291659e-05
1,1,0.45689041705228695,0.5430932354258342,1.6347521878836252e-05
1,0,0.6106237233660974,0.38929554665984456,8.072997405813559e-05
0,0,0.7484449065637843,0.2515262549525649,2.8838483650932753e-05
0,0,0.8661987418835544,0.13380102903616492,2.290802806833135e-07
1,1,0.06492303022232888,0.9336388678123761,0.0014381019652949625
1,1,0.20189816164179433,0.7979115948770229,0.000190243481182714
0,0,0.760480932289694,0.23948782339363736,3.1244316668450354e-05
1,1,0.19678848817091096,0.8029815298556128,0.0002299819734762653
1,0,0.5070401657378106,0.4929567281096804,3.1061525090546734e-06
0,1,0.10335817568959178,0.8961727972655219,0.0004690270448862996
1,1,0.32959341351771787,0.6703958545102425,1.0731972039534726e-05
1,0,0.7064273187044986,0.29355969092149603,1.2990374005359276e-05
1,1,0.40059369708527853,0.5993933253911248,1.2977523596659788e-05
0,0,0.6030967481000457,0.39687458481871557,2.8667081238711317e-05
0,0,0.8670201326356684,0.13297976565463035,1.0170970122325361e-07
0,1,0.018641594011711452,0.7911470954840093,0.1902113105042791
1,1,0.059005465772848605,0.8160452764897002,0.12494925773745111
1,1,0.33033467658906707,0.6694923853203221,0.00017293809061089165
1,1,0.1956520431797858,0.8040928974222611,0.00025505939795307183
0,0,0.6564946841654253,0.34350212135360486,3.1944809698836743e-06
0,0,0.6563400611071258,0.34353968663458084,0.00012025225829321647
2,2,0.0002053793398413051,0.04973470384194493,0.9500599168182138
0,1,0.20637311197896338,0.7933858618660377,0.000241026154998917
0,0,0.7910088793269966,0.20897423942827548,1.688124472786484e-05
1,1,0.16273875374186555,0.8362973535337683,0.0009638927243661791
0,0,0.718337672237173,0.28165994770214653,2.3800606803306e-06
0,0,0.6986583496861759,0.3012510933170927,9.055699673140388e-05
0,0,0.7464170460285436,0.2535759699873652,6.983984091277846e-06
0,1,0.33717960927045076,0.6625107798836712,0.0003096108458780759
1,1,0.29022707566843803,0.7088310190562306,0.0009419052753314337
1,0,0.6509409431936732,0.3490536467273106,5.410079016153002e-06
0,0,0.7974981400535206,0.20249649559687297,5.364349606491796e-06
1,0,0.6042345186985757,0.3957528746532987,1.2606648125501087e-05
2,2,1.2179723645586442e-06,0.049249589595736644,0.9507491924318987
1,1,0.40676455410390194,0.593230481307399,4.964588699107093e-06
1,1,0.3231417544033506,0.6767867001891529,7.154540749653752e-05
1,0,0.546997003513012,0.4529807519691986,2.2244517789502896e-05
1,1,0.30089720396520414,0.698843745785187,0.00025905024960875075
1,1,0.3936035235561158,0.6061555042682557,0.0002409721756284181
0,0,0.5965192128640925,0.40347900700953643,1.78012637117201e-06
1,1,0.4203626270429231,0.5796033202418284,3.405271524852147e-05
1,1,0.2823282720786872,0.7176281532199723,4.357470134046028e-05
1,1,0.19745334540847614,0.8024305138495081,0.0001161407420156741
1,1,0.07697372685313268,0.9222195982793199,0.0008066748675474606
1,1,0.38543063861781623,0.6143440199435571,0.00022534143862652892
1,1,0.3456700569894447,0.6542612567216067,6.86862889486478e-05
1,1,0.35393231995674296,0.6454402644247965,0.0006274156184606338
0,1,0.12832798751776545,0.8695118995554324,0.0021601129268020254
2,2,9.963074222641455e-09,0.014457686977445565,0.9855423030594801
0,0,0.7279384835947615,0.2720607610528088,7.553524297294363e-07
0,0,0.5215524391936346,0.4783666631400179,8.089766634747486e-05
0,0,0.5399740354046595,0.4600112157270368,1.4748868303696451e-05
1,1,0.3621612411059348,0.6377980564794196,4.0702414645622685e-05
1,1,0.09442268307536035,0.9053130273210663,0.00026428960357315263
0,0,0.5211750216870139,0.478818251151676,6.727161310193484e-06
1,1,0.23663623914545256,0.7632006182497538,0.0001631426047936433
1,0,0.5839903714820444,0.41600477514644135,4.85337151440397e-06
1,1,0.04518939082061522,0.948936556131702,0.005874053047682797
0,0,0.9119379525768825,0.087976899681942,8.514774117569032e-05
1,1,0.13381722818917038,0.8660996466314363,8.312517939321385e-05
1,1,0.24524562628794186,0.7546326958445038,0.00012167786755446184
1,0,0.733165880201448,0.266831405674769,2.714123783044464e-06
2,2,0.0052813815647819624,0.40992008657901013,0.5847985318562079
0,0,0.6570293592206375,0.3429468588768721,2.3781902490307585e-05
1,1,0.33055580296781006,0.6694140934848938,3.01035472961174e-05
1,1,0.41459345376956064,0.5853854013212686,2.1144909170811074e-05
2,2,7.913053698477758e-07,0.03535764584126533,0.9646415628533649
1,1,0.21016683872119382,0.7897565946548996,7.656662390658055e-05
0,0,0.7882154664373087,0.21178408294009965,4.506225916734826e-07
0,1,0.3685375253990503,0.6310225737488694,0.0004399008520803079
1,1,0.07911242513518608,0.9201443277434971,0.0007432471213169683
0,0,0.8276646617069273,0.1723251803270284,1.0157966044246404e-05
1,1,0.1606725443390764,0.8330477035280702,0.006279752132853412
2,2,0.0003281757583778004,0.05755410879185347,0.9421177154497686
1,1,0.4841395305948949,0.5157233289604676,0.00013714044463750458
1,1,0.09697775370253846,0.9026562872442067,0.00036595905325486564
1,1,0.04821425802701682,0.9514574482878626,0.0003282936851205255
0,1,0.40686404476533256,0.5929480007816852,0.0001879544529823162
0,1,0.3546140434697763,0.6451715870555584,0.0002143694746651106
1,1,0.3707849703667145,0.6291711792530347,4.3850380250877276e-05
0,1,0.30714777499106594,0.69252903501503,0.00032318999390408174
1,1,0.016209889698310564,0.9820105171999166,0.0017795931017727915
1,1,0.2562510385876598,0.7436747907276042,7.417068473609559e-05
0,0,0.510406041448188,0.48958203711607035,1.1921435741649065e-05
1,1,0.4751620569529587,0.524831173321733,6.769725308403336e-06
0,0,0.9678912902337478,0.03210607312121283,2.6366450394247187e-06
0,1,0.2512959582334777,0.7481712621959999,0.0005327795705223494
1,1,0.3124628556676677,0.6870869603546517,0.0004501839776807285
1,0,0.5849312458583563,0.41506772965686645,1.0244847772334908e-06
0,0,0.5074685209772589,0.4910045714354311,0.0015269075873099198
0,1,0.2977214881991312,0.7017882409739524,0.0004902708269163043
1,1,0.17949509128230484,0.8203047807906788,0.0002001279270163711
0,1,0.38571971461243526,0.6142741252802232,6.160107341601445e-06
0,0,0.796822882264139,0.2031652244808397,1.189325502128778e-05
1,0,0.753789401817172,0.24620890723380362,1.6909490244570164e-06
0,1,0.4961594191005552,0.5038352907836517,5.290115792935916e-06
1,1,0.11326783733904433,0.8862858280149558,0.00044633464599995687
1,1,0.4786921260959862,0.521192422534354,0.0001154513696597387
2,1,0.02031557707045518,0.882678159667718,0.09700626326182679
1,1,0.08921194202646456,0.9105289999417209,0.00025905803181451397
1,1,0.05722799886685411,0.9119269469003853,0.030845054232760582
0,0,0.872473113532179,0.12748572248136716,4.116398645386242e-05
1,0,0.6506008597838211,0.3493840034781755,1.5136738003306973e-05
1,1,0.3938864422685377,0.6059299705780495,0.00018358715341273735
2,2,8.922406332222518e-53,7.841366799788481e-57,1.0
1,0,0.6584526360814255,0.3415446570140886,2.7069044859420967e-06
1,1,0.4133895807023515,0.5866038211253032,6.598172345478785e-06
0,0,0.5293263743305469,0.4699632598483157,0.0007103658211374091
0,0,0.5674006755477677,0.4325953365856616,3.987866570572852e-06
1,1,0.03955690199047247,0.960258936520812,0.00018416148871567108
0,0,0.999813121850519,1.592159237583531e-29,0.00018687814948097336
0,0,0.8267375218458346,0.17325712486944217,5.35328472336897e-06
1,1,0.2727998664215552,0.7266228278113539,0.0005773057670909711
1,1,0.2291626883618943,0.770718124411159,0.00011918722694670338
0,0,0.8952709144841646,0.10471688150947418,1.2204006361207997e-05
1,1,0.18596166692741012,0.8137268331458872,0.0003114999267026887
0,0,0.6490914775189718,0.35089134297548846,1.7179505539716046e-05
1,1,0.15190973074606326,0.8478570340333773,0.0002332352205593496
0,0,0.8552298758231872,0.1447646310260889,5.493150723939972e-06
0,0,0.9078534002324367,0.09214106141723898,5.538350324297323e-06
1,1,0.047108974504225035,0.9526938253154209,0.00019720018035411242
0,1,0.23888180977156595,0.7607668834770213,0.00035130675141281404
1,1,0.27177280897950085,0.7278997566340474,0.00032743438645167007
1,1,0.04029377490063638,0.9594449599495988,0.00026126514976485655
1,1,0.14968156819199208,0.8502709895416313,4.7442266376468135e-05
0,1,0.3980151342919697,0.6019682860176757,1.6579690354631562e-05
0,0,0.9699833762577829,0.030013119720484063,3.5040217329872477e-06
1,1,0.18604243374014062,0.8137803781446109,0.00017718811524849185
1,1,0.06645277380903086,0.9079992305984648,0.02554799559250447
0,0,0.6183256178831903,0.38167332176515956,1.0603516501062448e-06
1,1,0.15945188334100951,0.8303473610602282,0.010200755598762302
0,0,0.8203460245379839,0.1796533050217885,6.704402274864634e-07
0,0,0.9123985210456914,0.08760104222848435,4.367258243243447e-07
1,1,0.15890412179439525,0.8410201385923143,7.573961329032723e-05
0,0,0.7152128527969289,0.2847752007357022,1.1946467368851442e-05
1,1,0.1280121578951876,0.871526952606406,0.00046088949840650137
0,1,0.18437476596365884,0.8146333080435204,0.0009919259928206376
1,1,0.08081569952511831,0.9190807889743151,0.00010351150056669625
1,1,4.893790997607504e-05,0.5758224144856797,0.42412864760434416
1,1,0.24573818950081008,0.7539989697230902,0.0002628407760996795
1,1,0.15007096991395333,0.8495927772462136,0.0003362528398329898
1,1,0.3780874016708303,0.6218507916164052,6.18067127644813e-05
0,1,0.3494958707180188,0.6498852489750099,0.0006188803069713394
1,1,0.08961503292031298,0.9099034655373301,0.0004815015423569071
0,0,0.5318223020588783,0.468175724479319,1.9734618028542462e-06
1,1,0.12742553341610055,0.8724514124970851,0.00012305408681431972
1,0,0.5711760434266718,0.4288148254396185,9.13113370955757e-06
0,1,0.21237528414295964,0.7862245358094728,0.0014001800475675907
0,0,0.9482910488384505,0.05167862091683346,3.0330244715849977e-05
1,1,0.1966115012359755,0.8032673345455605,0.00012116421846387552
0,0,0.956521428113069,0.0434634542403041,1.5117646626785297e-05
0,0,0.5925159032860458,0.4074765228111552,7.573902799016683e-06
1,1,0.37881950203085984,0.6211334615667098,4.7036402430328185e-05
1,1,0.014933205594306496,0.9841435027575923,0.000923291648101283
0,0,0.9272285002501632,0.07277148236044054,1.738939627288611e-08
0,1,0.3475221108487628,0.6522252259882785,0.000252663162958641
2,2,0.00044418622797378704,0.07181785534280373,0.9277379584292225
2,2,8.27060612687419e-11,0.053662017101511604,0.9463379828157824
1,1,0.31757567440094975,0.675800618078279,0.006623707520771296
1,1,0.35170595693495094,0.6482425073001921,5.153576485693258e-05
0,0,0.7622740078161357,0.237725379819764,6.123641002826395e-07
0,1,0.4437534001048352,0.5562347232156233,1.1876679541579895e-05
1,1,0.028840303625379475,0.9706109505480549,0.0005487458265656301
1,1,0.1853188744872353,0.8146151733663055,6.595214645923602e-05
1,1,0.23046391303427968,0.7694286709272528,0.00010741603846763978
1,0,0.5189779777349476,0.4809380833474164,8.393891763602975e-05
1,1,0.49558199978168627,0.5044043548163751,1.364540193858744e-05
2,2,5.687829254698541e-38,1.840534869705031e-39,1.0
0,0,0.8270584717133427,0.17293921509080545,2.313195851866263e-06
0,1,0.3193901076050986,0.6796833426387957,0.0009265497561058209
0,0,0.9589765089495735,0.041019428310458184,4.062739968317336e-06
0,0,0.5099164747750377,0.4899624589148015,0.00012106631016078037
1,1,0.12274914153475246,0.8768120403532288,0.0004388181120189129
1,1,0.03176275195445325,0.9680953332284481,0.00014191481709874442
1,1,0.2105874660819858,0.7891690652097939,0.00024346870822024736
1,1,0.4956085180658109,0.5027283215815632,0.0016631603526258705
1,1,0.018881130589652996,0.6549233598579673,0.32619550955237964
1,1,1.67355464497217e-07,0.7011373021752,0.2988625304693355
0,0,0.515081867211288,0.48490686056570165,1.1272223010394361e-05
1,0,0.7820987722722845,0.217899958901226,1.2688264894734076e-06
0,1,0.4301708597275161,0.5698265145587639,2.6257137200986547e-06
0,1,0.052659669789797456,0.9472244566486618,0.00011587356154079118
1,1,0.043430916668880125,0.9561421032410886,0.00042698009003131013
1,1,0.02812592646218189,0.9040201529493443,0.06785392058847374
1,1,0.033731534604119595,0.8753711213071497,0.09089734408873072
1,1,0.26610195047866986,0.7338154364964427,8.261302488757479e-05
1,1,0.3115084756449974,0.6884353751779251,5.6149177077576344e-05
1,1,0.010962376422050234,0.987008305306374,0.0020293182715757354
0,1,0.4347017918758685,0.5652752148980961,2.2993226035380586e-05
1,1,0.31019345778142826,0.68962111244794,0.00018542977063173977
0,1,0.30065994573199584,0.6993152014253401,2.4852842664224133e-05
0,0,0.5637623980204077,0.43623399362791165,3.6083516805943445e-06
2,2,2.0310310698560203e-07,0.14084049907267432,0.8591592978242187
1,1,0.40804979243533235,0.5919408107169433,9.396847724450225e-06
0,0,0.731275938947999,0.2686859929215838,3.806813041720495e-05
1,1,0.042888614335302916,0.9182245475498507,0.0388868381148465
0,0,0.5772298160194895,0.42273359750911343,3.658647139700246e-05
0,1,0.2682789993779879,0.731694894603772,2.6106018240102253e-05
1,1,0.12007386017435344,0.8794318840023343,0.0004942558233123372
1,1,0.03451828911511061,0.9622474508905264,0.0032342599943630296
2,2,0.00011201607389973351,0.018763311612013868,0.9811246723140864
2,2,0.005949220260150571,0.25696425962632913,0.7370865201135203
0,0,0.8521362857179953,0.1478614435725955,2.270709409286943e-06
1,1,0.175695921726401,0.8221576167209154,0.002146461552683553
0,1,0.32941131042022503,0.6705412531556165,4.7436424158348206e-05
1,0,0.8879999486253836,0.11199907058919754,9.807854189703074e-07
1,1,0.40660897511108096,0.5902067836145211,0.0031842412743979774
0,1,0.09911729661817154,0.8871737936805565,0.013708909701272016
1,1,0.24482097359387156,0.7549775059243657,0.00020152048176259491
1,0,0.7419257507717003,0.2580730754974384,1.1737308611928113e-06
0,0,0.9480184146106081,0.051956943544227745,2.464184516404576e-05
0,1,0.3932715066243596,0.6065694978133223,0.00015899556231816907
1,1,0.05799037680174362,0.9332665035496029,0.008743119648653474
0,0,0.9726534072733158,0.027345361786940376,1.2309397437151235e-06
1,1,0.039200544284548576,0.9580732821219078,0.0027261735935435825
0,1,0.19596567914793206,0.8039837215376349,5.05993144329279e-05
1,0,0.6287149086387661,0.3712512233447885,3.3868016445343156e-05
0,0,0.9903544356973586,0.009645161006139949,4.032965014445826e-07
0,0,0.8536023516638874,0.14639335378679963,4.2945493129486924e-06
0,1,0.34634810017753603,0.6536067625468631,4.513727560099602e-05
1,1,0.13608340295431345,0.8636140585261013,0.00030253851958509385
1,1,0.030856025118382105,0.9307311586298863,0.03841281625173146
1,1,0.29515895630937844,0.7047784944179729,6.254927264868914e-05
0,0,0.6456758777702161,0.35430016327126185,2.3958958521993592e-05
0,0,0.7278921477063091,0.27210099226914414,6.860024546882082e-06
1,1,0.2868038193059136,0.71314163469271,5.45460013765153e-05
1,1,0.32847215878369396,0.6714209811399778,0.00010686007632829413
1,1,0.3110136454424026,0.6889497891097737,3.6565447823688674e-05
1,1,0.22999286317477993,0.7661612676749765,0.0038458691502433954
1,1,0.2836984864666907,0.7162469250532101,5.4588480099146046e-05
0,0,0.5963870438686675,0.4036106552834191,2.3008479135566443e-06
1,1,0.16060040051287996,0.8387224634055915,0.0006771360815285034
1,1,0.014835767161522436,0.9848995608246148,0.00026467201386264555
0,0,0.5986350021192112,0.40136278362417116,2.214256617706414e-06
0,0,0.5225884134332363,0.47709001633662285,0.0003215702301408797
1,1,0.32437165547933,0.6756214819838047,6.8625368654552575e-06
1,1,0.39281192412509847,0.6070686115785302,0.00011946429637139088
0,0,0.5462826204923023,0.4536586110129684,5.8768494729290585e-05
1,1,0.12117765339595242,0.8770018039975999,0.0018205426064478124
1,1,0.06113880125449895,0.9385516641890456,0.00030953455645552834
1,1,0.04125032206830963,0.9279647456317727,0.03078493229991773
1,1,0.15665160510530873,0.841996793234281,0.0013516016604103588
0,0,0.756539579648482,0.243460021411872,3.989396461572331e-07
1,0,0.6824834977344424,0.31749227720318074,2.4225062376957616e-05
1,1,0.1947782209739788,0.805185782075383,3.599695063805533e-05
0,1,0.49230934909038665,0.5076827524140652,7.898495548114284e-06
0,0,0.8481673296464212,0.15096168756704653,0.0008709827865323165
1,0,0.7412877031993432,0.2587034599362323,8.836864424540367e-06
1,0,0.6789813620961438,0.3210176197909713,1.0181128850160948e-06
0,0,0.8936647968392208,0.10472230315353956,0.0016129000072396672
1,1,0.2427049359351545,0.7572504430200113,4.462104483423108e-05
1,0,0.505189748127675,0.4947876849578766,2.2566914448395228e-05
0,0,0.7016551671568936,0.2983400122579697,4.820585136773606e-06
1,1,0.19382836344880838,0.8061433106383378,2.83259128538308e-05
1,1,0.029143443023592806,0.9703723792162323,0.0004841777601749839
1,1,0.013773669493720648,0.9724931349147037,0.013733195591575802
0,0,0.80956340970639,0.19043333190733505,3.2583862749624924e-06
1,1,0.40808694514652094,0.5916185966822702,0.000294458171208836
1,1,0.0667234517605107,0.9331465895106758,0.0001299587288134828
0,1,0.16506271289754848,0.8348683499569347,6.8937145516878e-05
1,1,0.16322543441344678,0.8366805382903356,9.402729621768219e-05
1,1,0.054570305739191326,0.944393683184012,0.0010360110767968288
0,0,0.5139961480079958,0.485963314230794,4.053776121016992e-05
1,1,0.09667951850312838,0.9031926398304374,0.00012784166643415012
1,1,0.013674984583291385,0.9826482730226774,0.003676742394031052
0,0,0.6139134031437476,0.38604843279547,3.8164060782271403e-05
0,0,0.9190842404046063,0.08086620293719991,4.9556658193679977e-05
1,1,0.0643225713155268,0.9351023239497479,0.0005751047347255103
0,1,0.47693120574974385,0.5230594901688875,9.304081368701784e-06
0,1,0.1615603224803361,0.8383300926579111,0.00010958486175269179
0,0,0.9102206210925239,0.08977860373382694,7.751736492569879e-07
0,0,0.7034535194123483,0.2965371232162295,9.357371422208538e-06
2,2,9.150844259860016e-08,0.009579114377947425,0.99042079411361
1,0,0.5081144497431123,0.4917583692702047,0.00012718098668296397
0,0,0.6292771280857447,0.37071713721971067,5.73469454479585e-06
0,0,0.5393041872581836,0.46068342198563095,1.2390756185502704e-05
0,1,0.3631580491576421,0.6368383517573488,3.5990850090859795e-06
1,1,0.33182631527984857,0.6680919660255688,8.171869458269817e-05
1,1,0.39848167901151665,0.601279982805961,0.00023833818252239408
1,1,0.2664137020511024,0.7334491125218359,0.00013718542706156852
1,1,0.14452695472957675,0.8550405394946071,0.0004325057758161937
1,1,0.1545539883500933,0.8450820342148582,0.0003639774350485032
0,0,0.6933180033889317,0.3066264942784591,5.550233260934837e-05
0,1,0.45782255512748915,0.542169794402982,7.650469528971719e-06
1,1,0.4909903813071126,0.5090011109336658,8.507759221488255e-06
0,1,0.43179832881481167,0.5681983785522419,3.292632946395866e-06
1,1,0.09839757968340618,0.9011412440968201,0.0004611762197736416
2,1,0.010866152367617305,0.6326394343548036,0.3564944132775791
1,1,0.11645460748971363,0.8828239766783325,0.0007214158319540263
0,0,0.5667303946510179,0.43326029591449317,9.309434488854846e-06
0,1,0.20562329629484594,0.7941329154117787,0.0002437882933753122
1,1,0.10760004100467022,0.8213822401496798,0.07101771884565004
2,2,0.002511488925819818,0.1648932662650359,0.8325952448091444
1,1,0.2102226831413687,0.7895573411289811,0.00021997572965016003
1,1,0.2575412545963957,0.7422123546833778,0.00024639072022650336
1,1,0.42287417567272934,0.5771147381493542,1.108617791642583e-05
0,0,0.6753411299374898,0.32463721015349023,2.1659909019885183e-05
0,0,0.6103966885403505,0.38951453343048165,8.877802916784415e-05
0,0,0.8753376552778614,0.12466216815902408,1.7656311432913488e-07
1,1,0.15462047339500817,0.8453377995549516,4.1727050040107544e-05
1,1,0.12083872969800498,0.8777866145464507,0.001374655755544401
0,0,0.6440362093936407,0.35596022490564044,3.5657007187400123e-06
0,0,0.8648782541946572,0.1351214123890348,3.3341630802583597e-07
1,1,0.23726627759376356,0.7615532029352556,0.0011805194709808577
1,1,0.27874581081089717,0.7209903011760384,0.0002638880130643969
1,0,0.7745785508345419,0.22439884327395115,0.0010226058915070364
0,0,0.9438425962297619,0.05614060105177336,1.680271846466128e-05
1,1,0.09160749674146591,0.907454392924237,0.0009381103342971004
0,1,0.0650937755965975,0.9346920462564573,0.00021417814694527621
0,0,0.6513453460389594,0.34865341647592274,1.2374851178023343e-06
1,1,0.3177119427053902,0.6821852277655588,0.00010282952905095357
2,2,1.4254314889307213e-09,0.00031530124544690573,0.9996846973291217
1,1,0.08984216893567623,0.9061563386065863,0.004001492457737384
1,1,0.101591711809095,0.8983003928870655,0.00010789530383941533
1,1,0.017134400739588072,0.9812012450298075,0.0016643542306043458
1,0,0.5928216644523785,0.4071439281710376,3.4407376583851096e-05
1,1,2.796769610807195e-09,0.516703247156297,0.4832967500469333
1,1,0.04013143133822102,0.943328524706592,0.016540043955186805
0,0,0.6087169422123779,0.39128103230346273,2.025484159381313e-06
0,1,0.31066919148351785,0.6879850435710496,0.001345764945432516
0,0,0.6531100780829946,0.3468878247562944,2.0971607109689197e-06
1,1,0.12271513454933501,0.8769783923541532,0.00030647309651181355
0,0,0.5464672091902992,0.45351872186055175,1.4068949148986849e-05
0,0,0.6441742153062201,0.35565235931154593,0.00017342538223398944
0,0,0.6909264471774933,0.30907239514895685,1.1576735497531726e-06
1,1,0.4447123699894778,0.5552692729711892,1.835703933307809e-05
1,1,0.12272136852490405,0.8772036006991281,7.503077596803164e-05
1,0,0.7272461489516315,0.27274970024116435,4.150807204112587e-06
0,1,0.46360357300975447,0.5363505341646989,4.589282554661589e-05
0,1,0.1659867502960433,0.8336849878371805,0.00032826186677627293
1,1,0.20505666607069006,0.7934887983515072,0.001454535577802522
0,0,0.6886268518744968,0.31137154366108444,1.6044644188411445e-06
1,1,0.3673118196453712,0.632644434467756,4.3745886872873773e-05
0,0,0.7400111374211563,0.25996601913543793,2.2843443405796456e-05
0,1,0.14616643949500674,0.8534496843935587,0.00038387611143453137
2,2,5.824119549668115e-07,0.16734130909208422,0.8326581084959608
1,1,0.3781210837733484,0.6217961474736725,8.276875297906147e-05
1,1,0.04504447144322555,0.9240856388130357,0.030869889743738547
1,1,0.3523957292587806,0.6471682710208667,0.00043599972035259177
1,1,0.08069308155168033,0.9176899327573099,0.001616985691009854
0,0,0.7061596810601092,0.2938383436873738,1.9752525170741336e-06
1,1,0.39293692571328165,0.6070532549193589,9.819367359416928e-06
1,1,0.028835737422509302,0.9644538342732519,0.006710428304238845
0,0,0.9696298404118088,0.030338298918372076,3.1860669819004546e-05
0,0,0.7912134927437527,0.2087858782587671,6.28997480165139e-07
0,0,0.6749733454465923,0.3250239417500104,2.7128033973012435e-06
1,1,0.32789035274603134,0.6693448765227412,0.002764770731227458
0,0,0.8692798735873482,0.13071718025700818,2.946155643693487e-06
1,1,0.10394615777337753,0.8956724683185896,0.0003813739080330659
2,2,2.218158971259488e-06,0.036791970422592975,0.9632058114184359
0,0,0.5700190092576154,0.42997532316211756,5.667580267132741e-06
0,0,0.8334904305801303,0.1665088694999001,6.999199695493852e-07
1,1,0.30014619317318153,0.6994355887667366,0.0004182180600819764
0,0,0.5776979811290932,0.42227311701537074,2.8901855536087253e-05
1,0,0.7403951121328333,0.2596044229796462,4.648875204359045e-07
0,1,0.20731205916442905,0.7925583606459384,0.00012958018963266993
1,1,0.42234535702828846,0.5776343014069991,2.0341564712336687e-05
1,1,0.4604341626318718,0.5395605876411759,5.249726952241519e-06
0,0,0.9716529889095028,0.028340382606701374,6.628483795799777e-06
1,1,0.03788612295301438,0.9203018681949336,0.04181200885205203
1,0,0.8726747147725601,0.12732467901342184,6.06214018107339e-07
0,0,0.693451762755685,0.30653956046987485,8.676774440168213e-06
1,1,0.32398100168719796,0.675989038885909,2.995942689312033e-05
1,0,0.5620620896129499,0.43719361819074326,0.0007442921963068109
0,0,0.6640531652802594,0.33594564510073177,1.1896190088438042e-06
1,1,0.07291497497408542,0.9269988081253181,8.621690059666216e-05
1,0,0.7249438651469154,0.27498549336892775,7.064148415688612e-05
0,0,0.6803586106055916,0.319637218830179,4.170564229399541e-06
1,1,0.15149186544155582,0.8436313975110364,0.004876737047407829
0,0,0.938076040796627,0.06189141777711888,3.25414262540306e-05
0,0,0.6769510492576806,0.3230470048717329,1.9458705865821714e-06
1,1,0.008716367533722473,0.9886529878904283,0.002630644575849294
0,1,0.09074371512162974,0.9091407759358221,0.00011550894254827715
1,1,0.20057282352160632,0.7978472953307305,0.0015798811476630432
1,1,0.3402774696068064,0.6597060396957283,1.649069746546202e-05
0,1,0.2664875363776101,0.733372064594838,0.00014039902755195292
0,0,0.7663492787579032,0.2336505290195214,1.9222257542599842e-07
2,2,3.3104587385703522e-09,0.0006059110987973379,0.9993940855907439
2,2,1.8160657504341958e-07,0.09580627515966211,0.9041935432337629
0,0,0.8784329099604611,0.12156665026487605,4.3977466295679015e-07
1,1,0.4540646159572612,0.5459235447346227,1.1839308116172841e-05
1,1,6.003979167502996e-08,0.5279977290416172,0.4720022109185911
1,1,0.20663554970180517,0.793319648155973,4.4802142221847095e-05
0,0,0.8946247091858865,0.10537524001967821,5.0794435182907866e-08
1,1,0.15804257753295645,0.8418459924835444,0.00011142998349911473
0,0,0.6226838663195325,0.3773133923360246,2.741344442922666e-06
1,0,0.5717756689817436,0.4282173080920828,7.022926173651182e-06
1,1,0.19212337063731297,0.8076734836148097,0.00020314574787741005
0,0,0.8860725343597896,0.11392668277892533,7.828612852100012e-07
1,1,0.15891671701727333,0.8409190465698254,0.0001642364129011912
0,0,0.6584658224295126,0.34153293143346286,1.2461370245928486e-06
0,0,0.5977056682166112,0.4022881359768181,6.1958065706379005e-06
0,0,0.6642901273466142,0.33569797697941056,1.189567397523466e-05
1,1,0.35590933629075966,0.6440452454285246,4.5418280715648464e-05
1,1,0.15401318469657793,0.8456846365175035,0.0003021787859185026
0,0,0.7867585027992754,0.21185242292421191,0.0013890742765127232
1,1,0.14739321325140817,0.8523747860676607,0.00023200068093130738
1,1,0.23953082976475212,0.7603194650448977,0.00014970519035018684
0,0,0.7619763108716574,0.2379844106740201,3.927845432253554e-05
1,1,0.047136563273878905,0.9519270714737412,0.0009363652523799935
1,1,0.09280736777344617,0.9037813254428662,0.0034113067836877686
1,1,0.29358905863166657,0.7059806017249526,0.0004303396433808253
0,0,0.6927825719355206,0.3071538561502935,6.35719141858106e-05
1,2,1.019385570388672e-09,0.4062139181994088,0.5937860807812056
0,0,0.9541023980202658,0.04583116205154683,6.643992818746301e-05
1,1,0.20470052299131994,0.7952261139691748,7.336303950546057e-05
0,0,0.6832379111999867,0.316727398101929,3.469069808436022e-05
1,0,0.540717002873107,0.4592544930756584,2.8504051234538947e-05
1,2,0.021245726683728535,0.44537409529237276,0.5333801780238988
1,1,0.22714254701377562,0.7728388544766673,1.8598509557131448e-05
1,1,0.3565606382382131,0.6434343371800745,5.024581712358378e-06
1,1,0.3290244885763304,0.6709073718897581,6.813953391149635e-05
0,0,0.5510115006828317,0.4489812479174601,7.251399708150615e-06
1,0,0.7743117949472605,0.22566751117316955,2.0693879569907343e-05
0,1,0.05319043172825255,0.9429474373275665,0.0038621309441810303
0,0,0.9063778779304025,0.09362207768653061,4.4383066877760823e-08
0,0,0.6228764689414624,0.3771125104887903,1.102056974737669e-05
1,1,0.3810065626889631,0.6188720605685478,0.00012137674248913852
0,0,0.8776249586730321,0.12237492112677087,1.202001969970366e-07
1,1,0.09689861412201367,0.8980190253678312,0.005082360510155098
0,0,0.8827208689114471,0.1172754433985961,3.6876899568765917e-06
0,0,0.7330979260435715,0.26162243592312573,0.005279638033302758
2,2,5.435426744546913e-07,0.19406917774789467,0.8059302787094308
1,1,0.06772178692427698,0.9282629747131165,0.004015238362606564
1,0,0.7807628736598223,0.2192277797821345,9.346558043030034e-06
1,1,0.2050921521084624,0.794849659745123,5.818814641450264e-05
0,1,0.362080978853855,0.6379105374583713,8.483687773694012e-06
1,0,0.5332665130715567,0.466553733183093,0.0001797537453502356
0,0,0.7359371775094771,0.2640625251915421,2.9729898092188456e-07
1,1,0.2534204331255255,0.7465348555549408,4.4711319533721916e-05
1,0,0.6630815464927774,0.336902687866347,1.576564087579309e-05
0,0,0.6843682904449698,0.3156268780107379,4.8315442922276685e-06
0,0,0.7048788014424964,0.2951137048252661,7.493732237404377e-06
1,0,0.6042336163448914,0.39576368712631677,2.6965287917223957e-06
0,1,0.48992054768796967,0.510076140425684,3.3118863461865254e-06
1,1,0.1751216078019575,0.8245371567468469,0.0003412354511956192
1,1,0.3194204374296112,0.6802274316371979,0.0003521309331908654
1,1,0.22997207527091265,0.7699641334825201,6.379124656708977e-05
1,1,0.16160307624351777,0.8383033449538859,9.357880259632625e-05
1,0,0.5876763562112212,0.41231512978657886,8.51400219985321e-06
0,1,0.4962791557992023,0.5037155459019161,5.298298881597005e-06
0,1,0.46554467370383384,0.5344378868332041,1.7439462961969105e-05
0,0,0.5654143492381073,0.4345656068160352,2.0043945857424435e-05
0,0,0.7368817706541249,0.26311193661228705,6.292733588070786e-06
1,0,0.5591116306950712,0.44070859869583257,0.00017977060909632757
0,0,0.8358263238781983,0.16415028930093187,2.3386820869851743e-05
0,0,0.5986433098121489,0.4013518101539935,4.880033857691275e-06
0,1,0.2661421338734065,0.7338121653882062,4.570073838729527e-05
2,2,5.680177435397777e-07,0.027706647548874124,0.9722927844333823
0,0,0.6141245840354781,0.38587304546385565,2.37050066617824e-06
1,1,0.10459685516280337,0.8949858146927622,0.00041733014443441613
1,1,0.14085589159320488,0.859095988321999,4.812008479605534e-05
1,1,0.013469034975814767,0.9863679083874809,0.00016305663670434286
1,1,0.07639193982935796,0.9234519774823641,0.0001560826882779534
1,1,0.13759489949833587,0.8623069266654407,9.817383622353148e-05
1,1,0.04056350467912129,0.9592276742358062,0.0002088210850726971
1,1,0.2207924467182015,0.7791233086431402,8.424463865827849e-05
1,1,0.15552609188585598,0.8443072371892124,0.0001666709249316072
0,1,0.4718599411491371,0.527897135830128,0.00024292302073497914
1,1,5.5408397975302055e-05,0.5598047995961628,0.440139792005862
1,1,0.36149436647045724,0.6384163671356468,8.926639389584928e-05
1,1,0.27113400233159596,0.7287643727852707,0.00010162488313332365
1,1,0.1402092334895011,0.8594058664041502,0.0003849001063486846
1,1,0.18511309830700765,0.8147109799903591,0.0001759217026331879
0,0,0.9078827950601962,0.09211688511284324,3.198269606424326e-07
1,1,0.19987040676447573,0.7999768428222713,0.00015275041325299004
1,0,0.5420240050862338,0.4579744124881325,1.5824256337429167e-06
0,0,0.7211715895322035,0.27882481026570705,3.6002020895106233e-06
1,0,0.5006205368087074,0.49929631344324477,8.314974804778872e-05
0,0,0.8867913093570481,0.11319462514089378,1.4065502058257293e-05
0,0,0.8221154449741384,0.17788448850403094,6.652183077504962e-08
1,1,0.09087329797922376,0.9090132624073155,0.0001134396134608697
0,0,0.7650760240543665,0.23491931623462595,4.659711007706088e-06
1,1,0.06568742081119791,0.8986838061211389,0.035628773067663315
1,0,0.6183449931191164,0.38145138546128526,0.00020362141959838213
1,1,0.16181426529895337,0.8380972905550772,8.844414596943697e-05
0,0,0.5331848316115056,0.46680473410510165,1.0434283392575923e-05
1,1,0.49466123002103063,0.5053307332011949,8.036777774361345e-06
0,1,0.41688686068591274,0.5829730952117042,0.00014004410238302464
0,0,0.5976193376255735,0.40237715020238285,3.512172043717201e-06
1,1,0.04219417969706054,0.9527699359073744,0.0050358843955651215
1,0,0.6597127901004034,0.34028211851191376,5.0913876827839325e-06
0,0,0.8924183484632253,0.1075812933539369,3.5818283776639707e-07
0,0,0.8969552157981932,0.10304448998434708,2.942174597973698e-07
0,0,0.6411014471393645,0.3588970749770778,1.4778835577649513e-06
1,1,0.2806257427390935,0.7191185677873315,0.00025568947357486896
0,0,0.7571170136647205,0.24286570072880423,1.7285606475228386e-05
1,1,0.03308416742366569,0.9608264258524731,0.006089406723861184
0,0,0.6678164150253892,0.33218331736982615,2.676047847205675e-07
1,1,0.0489390924694868,0.9239383067315752,0.02712260079893787
1,1,0.033646333828173135,0.9637771089313117,0.0025765572405149176
0,0,0.7739998753176771,0.22599824923108489,1.8754512380940726e-06
0,0,0.5093196745585914,0.4906671718676164,1.315357379220768e-05
0,0,0.8212781438692556,0.17872066858476496,1.187545979385468e-06
0,0,0.9310367630665718,0.0689417948407734,2.1442092654924344e-05
0,0,0.8348282937615048,0.16489680095646714,0.0002749052820281299
0,1,0.4051660545777221,0.5946377894171193,0.00019615600515857863
1,1,0.4531594407063869,0.5468214133097583,1.914598385475276e-05
0,0,0.9315427834041471,0.06845522771885187,1.9888770009552983e-06
0,0,0.9056713401742201,0.09432513575139649,3.5240743835018965e-06
1,0,0.6549780174237185,0.3450202421210587,1.7404552227963887e-06
1,0,0.693162897325516,0.3067888820521151,4.8220622368934745e-05
0,1,0.4858046602903567,0.5123311270818075,0.0018642126278358023
1,1,0.1465424928263945,0.8531655549986769,0.0002919521749285652
0,0,0.9149160615417827,0.08508295213918524,9.863190320953704e-07
1,1,0.12660480466254934,0.8732768326019976,0.0001183627354531085
0,0,0.9414161503710804,0.05858355068857346,2.9894034590530165e-07
1,1,0.3387024264999514,0.6610951585522783,0.0002024149477703034
0,1,0.10336200221292946,0.8960530790749697,0.0005849187121009252
1,2,4.7344734743001366e-08,0.45858426959305776,0.5414156830622076
1,1,0.2819769937989238,0.717901300377644,0.00012170582343224473
1,1,0.09511869575717577,0.8839886540673507,0.020892650175473534
1,1,0.10177828823968164,0.8973097712120239,0.0009119405482943688
1,1,0.09951383052902164,0.9003569661019444,0.00012920336903405488
1,1,0.49609170552546616,0.5038957991555846,1.2495318949359613e-05
1,1,0.3096173802595659,0.6903159448126995,6.667492773455897e-05
2,2,1.1084638728169778e-06,0.05731611004160394,0.9426827814945231
0,1,0.19936602504133968,0.8005908592746275,4.311568403296241e-05
0,0,0.9188021682786963,0.08112017117518895,7.766054611465802e-05
1,1,0.18771641762816407,0.8115159822668271,0.0007676001050086721
1,1,0.3311303581956714,0.6661905735418012,0.0026790682625273178
1,1,0.1739599849131898,0.8250229416308613,0.0010170734559488187
0,0,0.9064963261730639,0.09350342448819408,2.493387419887253e-07
1,0,0.7889056942633559,0.21109093187105205,3.3738655919651362e-06
0,0,0.9997736440472076,2.0506701320603297e-29,0.00022635595279241452
1,1,1.1110383401924184e-07,0.5983148018515407,0.40168508704462524
0,1,0.17207791253990934,0.8265705310197341,0.0013515564403566505
1,0,0.8518225945042998,0.1481766016392388,8.038564614670096e-07
0,1,0.24942181780037034,0.7505616701966458,1.6512002983821165e-05
0,0,0.9293489860137624,0.0706190159677309,3.1998018506792955e-05
0,0,0.9103754562236193,0.08952446351340848,0.00010008026297214554
1,1,0.039239399806584814,0.9550091738688983,0.005751426324517018
2,2,1.147510199313863e-06,0.032738523994224764,0.9672603284955759
2,2,5.04793799469618e-14,0.00012666659000027566,0.9998733334099493
2,2,7.734960930746029e-07,0.06390378734360061,0.9360954391603064
0,0,0.653920706402182,0.34601696855173025,6.232504608768334e-05
1,1,0.0289185252358392,0.9705013758915504,0.0005800988726105319
1,1,0.05700138938126144,0.9428364709775436,0.00016213964119489219
1,1,0.0166989320663464,0.9770961187428463,0.006204949190807277
1,1,0.034661697462580784,0.9649648273406696,0.00037347519674959997
1,1,0.047583775880360966,0.9522142046200788,0.00020201949956025555
0,0,0.5520824698451435,0.44789807440287915,1.9455751977301163e-05
2,2,1.0673129352045686e-09,0.0007566776106993601,0.9992433213219877
0,0,0.8034211709332835,0.19657290355603466,5.925510681937163e-06
0,1,0.2967903116045247,0.7027722419021198,0.00043744649335546415
1,1,0.05108169188401896,0.9339119599295742,0.015006348186406905
2,2,5.601224052056565e-07,0.16298252138421307,0.8370169184933817
1,1,0.014726209743942535,0.9840518506142739,0.0012219396417835655
1,1,0.03810662832898259,0.9610351517935852,0.0008582198774321523
1,1,0.14035309205159552,0.8590334399689478,0.0006134679794566418
0,0,0.7743573408768143,0.2256416344976906,1.0246254951496772e-06
1,1,0.08774027544003608,0.9119879676320378,0.00027175692792608174
1,1,0.07185769280807269,0.9279986122452686,0.00014369494665873915
2,2,2.577351733081915e-06,0.10449266980804568,0.8955047528402214
1,1,0.08293753421601849,0.9084738228947067,0.008588642889274755
0,0,0.810514711821134,0.18947534120136322,9.946977502874366e-06
1,1,0.3707249934257119,0.6286523753453984,0.0006226312288896674
0,1,0.31998342403974084,0.6797555998834215,0.0002609760768375701
0,1,0.43895587150628307,0.5610142263585436,2.9902135173268103e-05
1,1,0.13048750135681683,0.8694522758139676,6.022282921557929e-05
2,2,1.618458660273649e-40,3.409194331662959e-41,1.0
0,0,0.7786432735247333,0.22135306097495155,3.6655003152241388e-06
1,1,9.441423521436883e-08,0.5906876262891321,0.40931227929663266
1,1,0.2606616503500866,0.7390194297417049,0.0003189199082084265
0,0,0.9103588042115882,0.08949770231144494,0.00014349347696688178
0,0,0.5644133948534997,0.4355678652644558,1.873988204457045e-05
0,0,0.9185583496060079,0.08144059101908349,1.0593749084626087e-06
1,0,0.6068063986253796,0.3931610948437796,3.2506530840841604e-05
1,1,0.012447199466296209,0.6851186129817655,0.3024341875519384
0,0,0.8299213888169773,0.17000761103270517,7.100015031746055e-05
1,1,0.46519443177093345,0.5347423707394932,6.319748957339724e-05
1,1,0.41998960012449466,0.5800049045143003,5.495361205028394e-06
1,1,0.14016814526471677,0.8596572626002625,0.0001745921350205586
0,0,0.7734765580337895,0.2265227828510955,6.59115115017033e-07
1,1,0.1686324450481959,0.831018873915321,0.00034868103648303913
1,0,0.5041979872366188,0.49579781928033456,4.193483046628794e-06
1,1,0.014937800501312664,0.750805958167,0.23425624133168724
0,0,0.6951797500938538,0.304817294382419,2.955523727136528e-06
0,0,0.6638698177341454,0.33611871586880965,1.1466397044862705e-05
0,0,0.7010978763373742,0.29889928682068445,2.8368419412631067e-06
1,1,0.2705253031348485,0.7294138367123575,6.086015279401443e-05
1,1,0.16923583236559978,0.8303224627829622,0.00044170485143794506
1,1,0.06196508478631433,0.9378497907918301,0.00018512442185570344
0,0,0.6470053674174536,0.35293074236685895,6.389021568740422e-05
1,0,0.5792803381240822,0.42069380877459545,2.585310132231145e-05
0,1,0.40703785975235884,0.5929542946227762,7.845624865075902e-06
1,1,0.13505485134868755,0.8641252879156027,0.0008198607357098182
1,1,0.31772807606474035,0.6820751179941437,0.00019680594111592104
0,0,0.9999800002891528,3.43989236736008e-29,1.9999710847343095e-05
0,0,0.6409494742015764,0.3590452774717861,5.248326637621227e-06
0,0,0.8028887276691655,0.19711038319709154,8.89133742900265e-07
0,1,0.40826080302064593,0.5908270612981661,0.000912135681187936
1,1,0.2444358752192717,0.7555431880270949,2.093675363340458e-05
0,0,0.9712405097682815,0.028754915160848597,4.575070869860707e-06
1,1,0.48338377835904545,0.5166113295792581,4.89206169642547e-06
1,1,0.11537118404363977,0.8844118930934711,0.00021692286288922547
0,1,0.46937997364913475,0.5306119036999323,8.122650932945055e-06
2,2,8.786876165173633e-08,0.06442553816929346,0.9355743739619449
0,0,0.5187061299349899,0.48129062570698494,3.244358025264557e-06
0,0,0.9751983776349995,0.024800685612918205,9.36752082083146e-07
1,1,0.2553543611515254,0.7439250266497837,0.0007206121986909661
1,0,0.5355856701047205,0.464409315909335,5.013985944593646e-06
1,1,0.09265574779211017,0.9055785289898064,0.001765723218083424
1,1,0.1641458643431604,0.8357995515610046,5.458409583490953e-05
1,1,0.4157708689982959,0.584223007848541,6.123153163182911e-06
0,0,0.7595403208149782,0.24045939627082594,2.829141958956095e-07
1,1,0.3437181439909978,0.6562556615934674,2.6194415534811106e-05
1,1,0.36872669362035143,0.6312181205813447,5.5185798303780314e-05
0,1,0.04971885096219891,0.9499021457074703,0.0003790033303305896
1,1,0.3036848624778267,0.6956650484001183,0.000650089122054895
0,0,0.9612845595284244,0.038711800614912834,3.6398566628347783e-06
0,0,0.9434422896485789,0.056557487141395565,2.2321002556558916e-07
0,0,0.9192836364117994,0.08071614204762333,2.2154057716558196e-07
2,2,7.988978434035048e-06,0.16847301449790686,0.8315189965236591
0,0,0.5237758820212635,0.47616683061380866,5.72873649278943e-05
0,1,0.45708617787990374,0.5428991311693462,1.4690950750107337e-05
1,1,0.14453979486975407,0.8550176150233971,0.0004425901068488593
0,1,0.3465691252523745,0.6533354466871847,9.542806044087673e-05
1,0,0.7430810075382702,0.25690663289197385,1.235956975590951e-05
1,1,0.3783870807187117,0.6215574548977572,5.5464383531040066e-05
1,1,0.2739530162129501,0.725982153194919,6.483059213086475e-05
0,1,0.2596970031219965,0.7401999057040431,0.00010309117396019134
0,0,0.5603545129319419,0.43963645631856507,9.03074949287208e-06
1,1,0.49003303700118184,0.5094006358181316,0.0005663271806866109
0,0,0.7997025587111299,0.20029459543092915,2.8458579408056457e-06
1,1,0.09191735826281805,0.9078849584161885,0.00019768332099332522
0,0,0.8466287990807142,0.15337110994742523,9.097186045769711e-08
1,0,0.5644501126579393,0.43552812837908633,2.1758962974438573e-05
1,0,0.6627494495293559,0.33723159286878196,1.895760186235008e-05
0,0,0.8489392104892041,0.15105342334887323,7.3661619228557545e-06
1,0,0.9096614293523761,0.09033820631232016,3.643353038392136e-07
1,1,0.16742377923816915,0.8320130272546241,0.0005631935072069301
1,0,0.6258089015424882,0.37416632061450794,2.4777843003870313e-05
1,0,0.8738700766761591,0.12612860035638804,1.3229674529380566e-06
1,1,0.22143403053056915,0.7785175997957663,4.8369673664483034e-05
0,1,0.3944480064249481,0.605223551238789,0.00032844233626292747
1,1,0.15296863560073298,0.8469918150014136,3.954939785346282e-05
0,0,0.5895164928673642,0.4104013243083772,8.218282425845704e-05
2,2,8.85872073787688e-06,0.18490069523132163,0.8150904460479405
1,1,0.3091087548849664,0.6908445381283801,4.670698665343333e-05
0,0,0.588459294388957,0.4114942704424857,4.643516855727058e-05
0,0,0.9156612994055493,0.08370309741714393,0.0006356031773066161
0,0,0.7653667677219046,0.23463287907193556,3.532061598214568e-07
1,1,0.035470678685391145,0.9644493140140381,8.000730057076127e-05
0,1,0.2569682092193672,0.7426041495119929,0.00042764126863991834
1,1,0.11059872191497422,0.8892549572824902,0.00014632080253569068
0,0,0.6926050911822605,0.30739214448403945,2.7643336999572695e-06
1,1,0.3268459404205253,0.6730971707698006,5.688880967417244e-05
0,0,0.6705562673879655,0.329437978624466,5.753987568399778e-06
0,0,0.6965617886675273,0.30343308243449885,5.128897973888596e-06
0,1,0.41605529830300425,0.5839354664496552,9.235247340575937e-06
1,1,0.40240187467699623,0.5975574270257992,4.0698297204707854e-05
0,0,0.8761362691318151,0.12386343130405354,2.995641313631036e-07
0,0,0.8962500643548138,0.10374989903300777,3.661217857081059e-08
1,1,0.23092063997071863,0.7689421980295564,0.00013716199972496043
1,1,0.057792061338854686,0.9417351100143883,0.000472828646757083
1,1,0.07822752407918246,0.9175365994836955,0.004235876437122208
0,0,0.7525758127745191,0.24742397672377647,2.1050170445826566e-07
0,0,0.7767825452024523,0.2232164429956531,1.0118018946440293e-06
0,0,0.7852972804450329,0.21469711699030172,5.602564665313648e-06
2,2,9.989298168235694e-06,0.38253691463146056,0.6174530960703711
0,0,0.9230124396333957,0.07698681916261302,7.412039912560491e-07
2,2,5.575108576057648e-06,0.14719895832958135,0.8527954665618427
1,0,0.704868126981857,0.2951238056806867,8.067337456372457e-06
1,1,0.2006041753236359,0.7991319383818775,0.0002638862944866024
1,0,0.7826676257418723,0.2173290033516944,3.3709064332252842e-06
1,1,0.12116469946546603,0.8785195638136437,0.0003157367208902615
0,0,0.8151796225927992,0.18482026220949033,1.1519771056052501e-07
0,1,0.05278030390804071,0.9470672121669638,0.00015248392499549822
0,0,0.5189835610785504,0.4810127573207163,3.6816007334219093e-06
1,1,0.1831359957843723,0.8167491022318104,0.00011490198381724923
1,1,0.44629355361269746,0.5535415310836014,0.0001649153037012312
1,0,0.9183210067606963,0.08167571114085964,3.282098443997018e-06
1,1,0.03499700593914631,0.9644531773829561,0.0005498166778973956
1,1,0.10228214685438472,0.8953636905300593,0.0023541626155559087
1,1,0.3823980514697329,0.6175642386269171,3.770990334997568e-05
0,0,0.8963071358953365,0.10369091749576641,1.946608897029448e-06
1,0,0.5764171746683401,0.42357983395730153,2.991374358425961e-06
0,0,0.5255484999406626,0.47444938698365263,2.1130756848583413e-06
2,2,2.0054735265562186e-06,0.04748499316851596,0.9525130013579576
0,0,0.834060384781221,0.16593611246315054,3.502755628347776e-06
1,1,0.14738182882530027,0.852347683236008,0.00027048793869165525
1,1,0.018951865627399755,0.9753596058486721,0.0056885285239282445
2,2,1.1566110301503445e-08,0.01872345485998093,0.9812765335739089
1,1,0.07903777882771096,0.9196088423122888,0.0013533788600001958
0,0,0.5856056934883757,0.4143913706389247,2.9358726995193878e-06
1,1,0.29245002216410093,0.7074518135572311,9.816427866795621e-05
1,1,0.012411453925130378,0.9872064281114075,0.0003821179634621736
1,1,0.3168215380084202,0.6828921382287666,0.0002863237628132674
0,1,0.37277899347732996,0.6270498390567397,0.00017116746593023597
0,0,0.9271501321931227,0.07284776088565481,2.1069212226471093e-06
1,1,0.15018744430360798,0.8496461672564499,0.00016638843994220404
0,0,0.7711846494165997,0.22881459670189788,7.538815025154789e-07
0,0,0.8756452813885297,0.12435467560138337,4.301008700251868e-08
1,0,0.5640646155452528,0.43584736041994665,8.802403480060018e-05
0,1,0.36552494999241786,0.6344436073115913,3.144269599078371e-05
0,0,0.9451746766781081,0.05482488105504296,4.4226684890810366e-07
1,2,1.5575386879417614e-07,0.45123938861923707,0.5487604556268942
0,1,0.14405545728583366,0.8536608223152716,0.0022837203988945987
1,1,0.417659445644989,0.5823385013282414,2.0530267696026526e-06
1,1,0.0350410876995982,0.962785951141213,0.002172961159188763
0,0,0.6782773639277241,0.3217031677832094,1.946828906645026e-05
0,1,0.35184789425821067,0.6480429000563299,0.00010920568545941478
0,0,0.8604414253466034,0.13955845893781826,1.157155782533213e-07
0,1,0.46577509069138034,0.533628045555149,0.000596863753470676
0,0,0.5318860302287358,0.4681094459876173,4.523783646838081e-06
0,1,0.38431974917786343,0.6156464054730529,3.384534908359305e-05
2,1,0.01827996371396947,0.846596201989344,0.1351238342966865
0,0,0.8359777209392802,0.16402180757592208,4.7148479756992704e-07
1,1,0.08497862070325338,0.9132808833841155,0.0017404959126311173
1,1,0.010298714428584042,0.959824127113209,0.029877158458207043
1,1,0.03497652042061047,0.9199462247870956,0.04507725479229406
0,1,0.2592623900129314,0.7406385157245245,9.909426254404065e-05
0,0,0.9325690782381063,0.06740457926728484,2.6342494608788096e-05
1,1,0.40216170347428404,0.5977767131405705,6.158338514552185e-05
1,1,0.019670695883824932,0.9630463217152161,0.01728298240095902
1,0,0.7600843893039362,0.2399110334254111,4.577270652780925e-06
1,1,0.31829161480187323,0.6816575843839111,5.0800814215628366e-05
1,1,0.2592927687713325,0.7405549831182382,0.000152248110429192
1,0,0.5473850970649313,0.45259417667470087,2.0726260367767505e-05
0,1,0.27057691361265857,0.7293983290632514,2.4757324090107223e-05
0,0,0.7044811446350123,0.29549008169497526,2.877367001232556e-05
0,0,0.626348320158062,0.3736481467215351,3.533120402867236e-06
2,2,1.1635448241719157e-08,0.0025631604729740845,0.9974368278915777
0,0,0.9251316705418919,0.07486760190566698,7.275524411389211e-07
1,1,0.46000142829868357,0.5394618440654422,0.0005367276358742499
0,0,0.7417785716279709,0.2581455785946897,7.584977733955224e-05
1,1,0.2286857254551675,0.77007429249345,0.0012399820513823562
1,1,0.09063434643798295,0.9088282671470084,0.0005373864150087559
0,0,0.822426443842278,0.17756186429582427,1.1691861897752901e-05
2,2,1.4676071097350224e-06,0.06306755724848677,0.9369309751444035
0,0,0.8115961692553849,0.18840118378970958,2.646954905424934e-06
1,0,0.5758152444641027,0.42418051555905695,4.239976840367457e-06
1,0,0.5152592563985544,0.484716477725888,2.4265875557507724e-05
1,1,0.10068928691227412,0.8876987268911604,0.011611986196565513
0,1,0.12783691257534602,0.8720571866854597,0.00010590073919433671
1,1,0.3592784226822112,0.6405162027030621,0.00020537461472672458
1,1,0.3039350097456679,0.6959354196193472,0.0001295706349846912
1,1,0.03462589653678361,0.9044344786957423,0.06093962476747401
1,1,0.12308772391124191,0.8768095292740617,0.00010274681469621106
0,0,0.7861334212321912,0.21386595530659297,6.23461215807042e-07
0,1,0.4548714928235614,0.5448526409091448,0.0002758662672938647
1,1,0.08536351980574722,0.9145416110094217,9.486918483093917e-05
0,0,0.7220715782247376,0.2779149646212214,1.3457154040969154e-05
0,1,0.13749180592861662,0.8575310092968713,0.004977184774511989
0,0,0.7710090435244021,0.22899056445158228,3.920240155248236e-07
1,1,0.35881470917828134,0.6411586069842015,2.6683837517314844e-05
1,1,0.1927368588629963,0.8072446111615985,1.8529975405068518e-05
1,1,0.12106481537677329,0.8788825616931238,5.2622930103013006e-05
0,1,0.37545365137691394,0.6245319317773095,1.4416845776494141e-05
0,1,0.23207913502015862,0.7678701491056285,5.0715874212921324e-05
1,1,0.3599568381421426,0.63995974355942,8.341829843736651e-05
0,0,0.8296410102632841,0.17035639913869163,2.590598024208977e-06
1,0,0.5153072198303525,0.4846838757743468,8.904395300649032e-06
0,1,0.13914881976445537,0.7990501300085586,0.06180105022698606
1,1,0.28209416534707915,0.7177702218929405,0.00013561275998033478
0,0,0.5763069795572535,0.4236802491654445,1.2771277301968006e-05
1,1,0.3568581518030668,0.6427097105717217,0.0004321376252116832
0,0,0.7316285721996644,0.26837100875188785,4.190484478132741e-07
2,2,9.71090249217573e-40,2.747018092621851e-40,1.0
1,0,0.7897336420758364,0.21026163170936898,4.72621479467582e-06
0,0,0.6125368219003395,0.3874461381073576,1.7039992302777617e-05
1,0,0.5257382458149228,0.4742236998713737,3.8054313703559276e-05
0,0,0.7386238241582078,0.26137583339769277,3.4244409950365504e-07
0,1,0.09916823581787787,0.9007487076996721,8.305648245013752e-05
0,0,0.8518100151101927,0.1481892338412123,7.510485947598139e-07
0,0,0.9122369713812757,0.08776192075693645,1.1078617878234873e-06
0,0,0.7247975146263121,0.2751909958091352,1.1489564552645278e-05
0,0,0.8985592883166731,0.10144067251409189,3.916923508810433e-08
0,1,0.468083076651171,0.5318428361749508,7.408717387821476e-05
1,1,0.4563379338538294,0.543649118653266,1.2947492904581246e-05
0,0,0.9478668029076999,0.052091511583397,4.168550890307097e-05
0,0,0.698301120817613,0.3016985619698276,3.172125594503628e-07
1,1,0.21003492640017765,0.7896746108454795,0.0002904627543427553
1,1,0.22582672278535892,0.7741426377539325,3.063946070840019e-05
1,1,0.3153345676440753,0.6846355958735918,2.9836482332774392e-05
1,1,0.12472631107551824,0.875232241607911,4.144731657075652e-05
1,1,0.1745281799205385,0.8249213178399676,0.0005505022394939824
1,1,0.3984521538120299,0.6015409066431794,6.9395447907442526e-06
0,1,0.375637250826165,0.6243515473952115,1.1201778623542513e-05
2,2,4.7823160567996066e-05,0.39267370812355396,0.607278468715878
1,1,0.3191018420292997,0.6705914731465678,0.010306684824132608
0,0,0.6031148822310528,0.396856503254887,2.8614514060055825e-05
0,0,0.9679725528742957,0.03202306812339879,4.379002305321656e-06
0,0,0.8690105884856049,0.1309891051164322,3.063979628949884e-07
1,1,0.09507130843972221,0.9047614144202618,0.0001672771400159975
0,0,0.8100007695381495,0.18999880942252362,4.2103932695384063e-07
2,2,0.0007096467172993143,0.07218712933376038,0.9271032239489402
1,1,0.0864576342682624,0.9132523792941881,0.00028998643754935
1,1,0.16770209756598156,0.8313638006665441,0.0009341017674742443
1,1,0.27948018155436116,0.7201467029286437,0.0003731155169951366
1,1,0.0330099432667153,0.9613001424274723,0.0056899143058123346
1,1,0.2937400474155429,0.7061161337477052,0.00014381883675178818
0,1,0.18091084533621934,0.818079479286604,0.001009675377176765
1,1,0.15405017255568243,0.8458385009789231,0.00011132646539444774
0,0,0.8695892663742794,0.13038203370829923,2.8699917421412755e-05
0,0,0.8098722873057385,0.19012524688213486,2.4658121266789544e-06
0,0,0.8093177581490488,0.19068062921645257,1.6126344987640064e-06
0,0,0.7638128501454268,0.23616887493051672,1.8274924056442975e-05
0,0,0.9804525989260022,0.01954382785862999,3.5732153680277782e-06
1,0,0.8069816270211401,0.19301362537737607,4.7476014838170874e-06
1,1,0.009940411206708253,0.65258634488295,0.3374732439103418
1,1,0.049452710596978686,0.9503121748400408,0.00023511456298056917
0,0,0.5376030508905215,0.4623893564817871,7.592627691478228e-06
1,2,4.723997134922538e-05,0.4796488509733819,0.5203039090552689
0,1,0.25256171362335705,0.7472185064165899,0.00021977996005303736
0,0,0.7030758407207983,0.2968775555154354,4.660376376638293e-05
1,1,2.6844319077858232e-09,0.5125760936940912,0.4874239036214769
0,1,0.47742350174452314,0.5224897043678123,8.679388766460571e-05
1,1,0.10638601751033343,0.8927275687815794,0.0008864137080871451
0,0,0.9772166217812797,0.022776940926382105,6.437292338093713e-06
0,1,0.18813894287143776,0.8115312012572071,0.0003298558713550867
0,0,0.8165250339760383,0.18347413068621354,8.353377481031165e-07
0,0,0.5072971011600493,0.4926460003720826,5.6898467868168277e-05
0,0,0.8146206307311145,0.18536511487997331,1.4254388912240512e-05
0,0,0.8431668750067122,0.15682712574180444,5.999251483437816e-06
0,0,0.7632986670913925,0.23667992201195173,2.141089665569411e-05
1,1,0.08955205004543101,0.9100233912024007,0.00042455875216825526
1,1,0.34013262112852716,0.6598563642093003,1.1014662172578078e-05
1,0,0.872616732951812,0.12738273762443839,5.29423749476313e-07
1,1,0.07670496021886893,0.9056873586090467,0.017607681172084364
1,1,0.10643003760141416,0.8933481718453788,0.00022179055320699215
1,1,0.1627023360580651,0.8372016016781963,9.606226373867404e-05
1,1,0.24331862567015247,0.7565659370362547,0.00011543729359277992
0,0,0.6799302157558248,0.3198345933376188,0.0002351909065563174
0,0,0.5469080589161477,0.4530861449952737,5.79608857850216e-06
0,1,0.44258875554920746,0.5573927735250211,1.8470925771318188e-05
1,1,0.21579003841790956,0.7841747510853717,3.5210496718696526e-05
1,1,0.2917558148745083,0.708217502123721,2.6683001770682557e-05
2,2,2.033358963607838e-08,0.001494459751313041,0.9985055199150973
0,1,0.4321578407258927,0.5677952944506659,4.686482344128226e-05
1,1,0.030916478181051674,0.9675028594793018,0.001580662339646599
1,1,0.03757799216394703,0.9621418160341941,0.0002801918018587319
2,2,4.674950369625598e-39,6.123706380246669e-40,1.0
1,1,0.042292368674284424,0.9554318163151545,0.0022758150105611262
1,1,0.2603016935355562,0.7394774684352636,0.00022083802918022193
0,0,0.9306408172575137,0.06934523031216971,1.395243031671672e-05
1,1,0.08720355839239224,0.9127159130040429,8.052860356479709e-05
1,1,0.054845190123737945,0.88621272934838,0.05894208052788201
1,1,0.04742008796950396,0.9509841190206542,0.0015957930098417289
1,1,0.16666012784714754,0.8332142932164618,0.00012557893639070296
0,1,0.08606678716273349,0.9137965013816163,0.00013671145565027557
0,0,0.7015956391672262,0.2984024429262364,1.917906537405704e-06
0,0,0.7387495568856324,0.2612488913535593,1.5517608083584097e-06
0,0,0.8149341296887441,0.18506047897751052,5.391333745225554e-06
0,0,0.9371072384865058,0.06289210117420418,6.603392901433342e-07
0,1,0.2404787955589494,0.7586892646520592,0.0008319397889914608
1,1,0.023469682212547294,0.9723269672994403,0.0042033504880124705
0,1,0.05215078077488774,0.9477201994421832,0.00012901978292904207
1,1,5.090803302703006e-07,0.9029923294031565,0.09700716151651317
0,0,0.8299390834722975,0.17005456421081575,6.352316886736198e-06
1,1,0.14024141548163746,0.8532873931147277,0.006471191403634759
0,0,0.5951605279662927,0.40483704451584096,2.4275178664054296e-06
0,1,0.22506901330218348,0.7748761135615103,5.4873136306131985e-05
2,2,2.5774566457616703e-06,0.1097997555905096,0.8901976669528446
0,0,0.6282920783077348,0.37167196427053995,3.5957421725357254e-05
1,2,0.021412450295234912,0.4565862983152131,0.5220012513895519
1,1,0.152714090274225,0.8328100565923707,0.014475853133404323
1,1,0.02898698445506865,0.9704788718983942,0.0005341436465370129
0,0,0.6390543117098211,0.36093133637859925,1.4351911579646968e-05
2,2,1.4487587038581056e-11,0.001987665620589175,0.9980123343649232
1,1,0.10350485355380257,0.8962991918826253,0.00019595456357226473
1,1,0.20473405335051623,0.7939822909338584,0.0012836557156255047
1,1,0.1080225392757219,0.891190538676102,0.0007869220481761069
1,1,0.12848310128540805,0.8711535177008748,0.00036338101371705437
1,1,0.06139461718081933,0.9381707116797972,0.000434671139383462
1,1,0.14925836963420427,0.8506614568338126,8.017353198326501e-05
2,2,0.0005541646758193054,0.046744139168535793,0.952701696155645
0,0,0.6459405515234111,0.35405826399016865,1.1844864201548996e-06
1,1,0.0328978159200581,0.9662377240764597,0.0008644600034822898
1,1,0.08282436018409925,0.9170287659858172,0.00014687383008349755
0,0,0.9288955911672193,0.0711026432681736,1.7655646072335254e-06
0,0,0.6795265198376954,0.32047073426401246,2.7458982923006035e-06
1,1,0.21175863628563904,0.7881862138258358,5.5149888525287664e-05
0,1,0.43863034275627777,0.5613610680831888,8.58916053357195e-06
1,1,0.20706202631631057,0.7928648650097818,7.310867390772734e-05
1,1,0.23919079242381308,0.760515370527344,0.0002938370488428817
1,1,0.1003627638845543,0.8995565682754488,8.066783999696122e-05
1,1,0.09155306105346897,0.8902092279209339,0.018237711025597153
1,1,0.048231599234883675,0.9515361810054793,0.00023221975963707417
1,1,0.21082502589126234,0.7879822833826378,0.0011926907260998076
0,1,0.26315666245911373,0.7368059986891605,3.733885172576814e-05
1,1,0.15701847390329737,0.8358976708434079,0.007083855253294788
0,0,0.7274277638660035,0.2725648899162129,7.346217783548307e-06
1,1,0.146502352254704,0.8520168828095046,0.001480764935791415
1,1,0.10867300030134966,0.8815525583452974,0.009774441353353048
0,0,0.7924814691144357,0.20745557926936595,6.295161619838659e-05
0,1,0.49267687020463524,0.5072091602810747,0.00011396951428999313
0,0,0.9996971816274338,1.9911404308797085e-29,0.0003028183725661166
0,0,0.6437382731317258,0.3562510390386863,1.0687829587937e-05
0,0,0.9268991488994021,0.07309106077559353,9.790325004340402e-06
1,1,0.03366813343620764,0.9658246543883305,0.000507212175461748
0,0,0.670816266659253,0.3291792732214611,4.460119286024123e-06
0,1,0.21535935912657386,0.7846204349537435,2.0205919682658697e-05
0,0,0.8410343104176244,0.15896013448470891,5.555097666711183e-06
1,1,0.0239313903770557,0.798881554331261,0.17718705529168338
1,0,0.9315712669300588,0.06835279715579692,7.593591414418718e-05
1,1,0.09565469805322534,0.9038093136248467,0.0005359883219277972
0,0,0.7515297669972808,0.24846943227739074,8.007253284196796e-07
0,0,0.8721005483681511,0.12789827409103757,1.1775408113376323e-06
1,0,0.5491905186365268,0.45080746846604297,2.012897430206026e-06
1,1,0.26570303286593777,0.7342734327534305,2.3534380631784896e-05
0,0,0.6023861167105968,0.3976109960563295,2.8872330737643486e-06
0,1,0.32994289198389765,0.6700375759399576,1.9532076144639007e-05
0,1,0.3583471014816746,0.6415866539896257,6.624452869977626e-05
1,1,0.05449485966535453,0.9172186351200878,0.028286505214557642
0,0,0.5666863728812238,0.43325771403185176,5.5913086924485376e-05
0,1,0.13264800980189476,0.8669053412973824,0.0004466489007227817
1,1,0.4196025427873045,0.5803919521528934,5.505059802170171e-06
1,0,0.5327001465033363,0.4672254484278029,7.44050688608079e-05
1,1,0.17257242433568656,0.8269419563013993,0.00048561936291406036
1,1,0.21563618360541245,0.7836244599521491,0.0007393564424383653
1,1,0.05325913412459252,0.9465694591720613,0.00017140670334608223
0,1,0.08335635152823698,0.9157853103974823,0.0008583380742807233
2,2,4.43724731832716e-53,6.794458948583333e-57,1.0
1,1,0.18167024437782525,0.8183182358550241,1.1519767150644544e-05
1,1,0.04502763245109657,0.9534239535523973,0.0015484139965061302
0,0,0.8261309906561117,0.17386829729804096,7.120458472804596e-07
1,1,0.1990888890100935,0.80086433264959,4.6778340316522045e-05
1,1,0.3026754759290118,0.6972560598265503,6.846424443775281e-05
0,1,0.16839233295076517,0.8314606205585512,0.00014704649068362734
0,0,0.6885379078803646,0.31145731830823187,4.773811403446832e-06
0,0,0.937700655714872,0.06229892978906952,4.1449605859255916e-07
1,1,0.1869282254728405,0.8128335358219114,0.00023823870524809757
1,1,0.31459612557068334,0.6853477727306271,5.610169868965488e-05
1,1,0.033538000928078265,0.96449671040835,0.0019652886635718476
0,1,0.13018548930846932,0.8696651884989598,0.00014932219257079142
1,1,0.20187468708956147,0.7978928169780868,0.00023249593235171015
2,2,7.309819814192528e-08,0.010841856933537996,0.9891580699682637
1,0,0.5965865085047776,0.4034068119167427,6.67957847977118e-06
2,2,4.282402760109921e-11,0.03214796378986308,0.9678520361673129
1,1,0.018641762790722945,0.7895423509501365,0.1918158862591407
1,1,0.07495517128467487,0.9050967985745741,0.019948030140750903
1,0,0.7637477994914341,0.2362270812811652,2.511922740075106e-05
0,0,0.5019174571040382,0.49803151829106057,5.102460490120705e-05
2,1,0.01945115799269234,0.8427936823813458,0.1377551596259619
1,1,0.26759255952515143,0.7323815549316047,2.5885543243709715e-05
1,1,0.10399637751901747,0.8940686618731586,0.0019349606078240275
0,1,0.42891562382468157,0.5710563442815823,2.8031893736214505e-05
1,2,0.006439574461906732,0.35627431355439015,0.6372861119837031
1,1,0.40741042691565876,0.5925638931965801,2.5679887761156026e-05
1,1,0.3867166631909219,0.6132197229066537,6.361390242438319e-05
1,0,0.7688576263540216,0.2311226656282512,1.9708017727126687e-05
0,0,0.7453833255387647,0.2546162902510015,3.842102336906783e-07
2,2,6.668983208889135e-11,0.08389879758955386,0.9161012023437564
1,1,0.12338295742268708,0.8764023001916076,0.00021474238570530672
1,1,0.31943392604858506,0.6805214309143823,4.464303703252464e-05
1,1,0.16179632695454862,0.8381034232450005,0.00010024980045077886
1,1,0.11008866757368982,0.8853009675261582,0.004610364900152086
1,0,0.6128132117928826,0.38671505493783953,0.0004717332692778565
0,0,0.8608958375682252,0.13535142673833161,0.003752735693443229
1,1,0.07218451161082147,0.9275266239256718,0.0002888644635067825
0,0,0.6731606656911817,0.32683591341797186,3.4208908464359126e-06
1,1,0.310834606424988,0.6890320077386057,0.00013338583640626892
2,2,0.0001273308813256541,0.039379026649576356,0.960493642469098
0,0,0.5908803732629948,0.4091169956809034,2.6310561017511137e-06
1,1,0.32275850291065245,0.6770679908144,0.00017350627494760472
1,1,0.16642826385692308,0.8333908490182964,0.00018088712478059636
0,0,0.6420014305110594,0.3578899180923544,0.00010865139658621869
1,1,0.21939595033498488,0.7804337263580419,0.0001703233069732581
1,1,0.016702891936940387,0.7875152614493932,0.19578184661366657
0,0,0.8550086268148046,0.1449909291144002,4.44070795097664e-07
0,0,0.893923141003707,0.10582539769578728,0.0002514613005058084
1,1,0.011759631856464675,0.969651445453475,0.01858892269006029
1,1,0.44330894682863287,0.556651307164215,3.974600715205897e-05
1,1,0.1587369507447109,0.8412307375574718,3.231169781740627e-05
1,1,0.01777524657194244,0.9800342105100383,0.0021905429180194267
1,0,0.7547385624236479,0.24526073734280396,7.002335480930407e-07
2,2,1.7922845711401814e-06,0.03424790126047861,0.9657503064549502
0,0,0.9149029329058553,0.08487147260735177,0.00022559448679276538
1,0,0.5814701148526629,0.4185290692884367,8.158589005009561e-07
0,0,0.6880944634849845,0.3118436113754743,6.192513954108469e-05
1,1,0.016009802561715632,0.976246757199556,0.00774344023872836
1,0,0.7379160722737771,0.2620819466968716,1.9810293511823188e-06
1,1,0.15679918006971955,0.8431570325536825,4.378737659801023e-05
0,1,0.4652032403005388,0.5347704530853093,2.6306614151954697e-05
0,0,0.9396652260917623,0.06033201356135581,2.760346881916678e-06
0,0,0.868349692558726,0.13164590187122557,4.405570048319151e-06
1,1,0.15888224133258685,0.8409328060347686,0.00018495263264460814
1,1,0.18368630007398093,0.8162171696562759,9.653026974323362e-05
0,0,0.9391266090644708,0.060826917366489104,4.647356904022977e-05
1,1,0.26642267665621133,0.733559739762201,1.7583581587608545e-05
0,1,0.30935173807081556,0.6906391035775984,9.158351586042763e-06
0,0,0.5443523915285589,0.4554994219271177,0.00014818654432344756
1,1,0.19219135561336015,0.8076952018134655,0.00011344257317439232
2,2,4.9979785569707474e-08,0.05981758050739076,0.9401823695128237
1,1,0.07930627457166052,0.9044793717518447,0.01621435367649479
0,0,0.8828634396402651,0.1171340612479623,2.499111772455664e-06
0,0,0.8297946192292027,0.17020436052725424,1.0202435429254557e-06
0,1,0.11611189921495702,0.8832281109364238,0.0006599898486192589
1,1,0.11864748544004007,0.8813029035270995,4.96110328604229e-05
1,1,0.19403059022769817,0.8058911620971485,7.824767515342648e-05
1,1,0.3041628209346867,0.6958095929773699,2.7586087943430658e-05
1,1,0.05351457256292646,0.9378411788157848,0.008644248621288752
1,1,0.04459627131951606,0.8015356068318953,0.15386812184858875
2,2,1.290089982860024e-13,0.002292827457389073,0.997707172542482
0,1,0.35093438579559566,0.648988089154902,7.752504950226358e-05
1,1,0.2606843770218482,0.7392559848433745,5.9638134777197324e-05
1,1,0.07049364738223071,0.9285622158201012,0.0009441367976679869
0,0,0.9577399255615348,0.04225177665407295,8.297784392313216e-06
0,0,0.7253465299004912,0.27454905409236513,0.00010441600714357653
1,1,0.230875483503946,0.7691088337296136,1.568276644046525e-05
1,1,0.3811727772845594,0.6188128682421535,1.4354473286988234e-05
1,1,0.3854714393702925,0.6143363301393072,0.00019223049040019235
1,1,0.1837308034073611,0.8159328647109672,0.0003363318816716349
2,2,1.486803531366847e-06,0.07859884135557078,0.9213996718408979
2,2,0.0003533691045372001,0.028818464569750114,0.9708281663257127
0,0,0.8483842366033638,0.15160928103343574,6.482363200499057e-06
0,0,0.5779691233803802,0.422023600338685,7.276280934884698e-06
1,1,0.057239183976438686,0.9425663754857467,0.00019444053781450472
1,1,0.11893255015177595,0.8806149837482072,0.0004524661000167929
0,0,0.8412988185363283,0.15869483450369903,6.346959972672948e-06
1,1,0.23140393309405435,0.7677167190633297,0.0008793478426158764
2,2,0.001413971641244639,0.1557817096853766,0.8428043186733788
1,1,0.061847107934664004,0.9215870146369589,0.01656587742837704
1,0,0.511178009793909,0.4888118102408859,1.0179965205085215e-05
2,2,1.0647992502947365e-06,0.05533910676800048,0.9446598284327491
0,0,0.8374351989260671,0.16253577813916018,2.902293477274702e-05
0,1,0.2215213624810384,0.7783654898158929,0.00011314770306862355
0,1,0.45465466607451754,0.5453397964966671,5.537428815454995e-06
1,1,0.1350182889983276,0.8649262411913721,5.546981030040847e-05
1,1,0.08979546272218838,0.9100534917589407,0.00015104551887092462
1,1,0.10085704816028271,0.897082260681531,0.0020606911581863307
0,1,0.35785853970267406,0.641398891628297,0.0007425686690289099
1,1,0.49152875166259796,0.5083078380243818,0.0001634103130200977
0,1,0.4688285491835314,0.5311593050089527,1.2145807515940161e-05
0,1,0.46510535744921644,0.5348811321745334,1.3510376250127328e-05
0,0,0.5040056799920825,0.4959681690391968,2.6150968720740894e-05
0,1,0.320841743023842,0.6791517659486528,6.491027505261675e-06
1,1,0.10936529270472851,0.8905679840789749,6.672321629655416e-05
1,0,0.6509090111784019,0.349080806843987,1.0181977610994632e-05
1,1,0.04850693860208369,0.9505638878730486,0.0009291735248678624
1,1,0.33938862773723555,0.660566417527294,4.495473547051872e-05
1,1,0.4135719849118374,0.5864215926647799,6.422423382725461e-06
1,0,0.5483540131391011,0.4515568278324722,8.915902842664882e-05
0,1,0.1627088170970093,0.8348263318133182,0.002464851089672561
0,0,0.9193851800472924,0.08061419870253497,6.212501726219226e-07
0,0,0.9749788792142267,0.025020055589551175,1.0651962220912285e-06
1,1,0.20251372670761555,0.7969621265487107,0.0005241467436737213
1,1,0.4328353732387742,0.5670169362123362,0.00014769054888961656
0,0,0.6414462865471621,0.35854818907306124,5.524379776693564e-06
0,0,0.9532101251654485,0.04672687016799955,6.300466655184541e-05
0,1,0.46522895215131965,0.5347561989815321,1.4848867148202005e-05
1,0,0.6234297019417196,0.37655760624285,1.2691815430422081e-05
1,1,0.13690947183907493,0.8502833806279074,0.01280714753301753
0,0,0.7434919911721313,0.2565077418039659,2.6702390292614284e-07
0,1,0.09766206513082791,0.8781140652826205,0.024223869586551483
0,0,0.7730602676746595,0.22693695716377774,2.7751615627243384e-06
1,1,0.2210553808438804,0.7787999110793434,0.00014470807677611068
1,1,0.02115217449610091,0.7962404401195249,0.18260738538437407
0,1,0.476056561474646,0.5239359985763181,7.439949035868248e-06
1,1,0.39437660519192785,0.6056079023691675,1.549243890456868e-05
1,1,0.381992293322781,0.6177888268075853,0.00021887986963378542
1,1,0.43627587570501275,0.5631166379318885,0.000607486363098795
0,1,0.4025373730872643,0.5960318328225956,0.0014307940901401377
1,1,0.12696288712644518,0.8726978931422437,0.0003392197313112474
0,1,0.42031843757585513,0.5796364595819158,4.510284222893942e-05
1,1,0.4035672591237669,0.5962756923892285,0.00015704848700456536
1,1,0.17250850287941857,0.825830239732492,0.0016612573880893673
1,1,0.03849366980345708,0.9544359219495374,0.007070408247005334
1,1,0.1062153433535917,0.8936843352762748,0.0001003213701335929
1,1,0.21286262597666689,0.7866392039110429,0.0004981701122902143
1,1,0.16660133226322157,0.833345623196528,5.304454025026928e-05
1,1,0.3950612416292544,0.6048419755962218,9.678277452389659e-05
1,1,0.26846243328281044,0.7276673900376076,0.0038701766795819757
1,1,0.18598038567506014,0.8132706344941749,0.0007489798307648624
1,1,0.13294833665365716,0.8657574011126545,0.001294262233688265
0,1,0.29047671684628235,0.709240655153657,0.0002826280000607817
0,0,0.6937430988512794,0.3062522970794712,4.604069249441885e-06
0,0,0.9024763868803342,0.09736844380867345,0.00015516931099246928
0,0,0.6802728266547946,0.31967583328107607,5.134006412928783e-05
1,1,0.037291694180974035,0.9594692903615176,0.003239015457508469
1,1,0.054242195745304395,0.910394031655332,0.035363772599363706
1,1,0.2372520692193878,0.7622115755854989,0.0005363551951133329
0,0,0.8244914867259697,0.17550698456061295,1.5287134173601918e-06
1,1,0.13078229653637988,0.868886815925251,0.00033088753836920537
0,0,0.9050497182074568,0.09495018857366197,9.321888117999507e-08
0,0,0.720354440585524,0.2796413673542066,4.192060269308861e-06
0,0,0.8545430235444651,0.1437306070523299,0.0017263694032050006
1,0,0.5117280093524783,0.488266585226337,5.405421184717331e-06
1,1,0.20513167091581772,0.7946811332321008,0.00018719585208151274
1,1,0.3817004113767524,0.6181157748166943,0.00018381380655315744
1,1,0.12009741317172651,0.8791593378925158,0.0007432489357575929
1,1,0.4706586877920384,0.5276844518689195,0.001656860339042076
1,1,0.3348304664580034,0.6630243409901128,0.002145192551883943
1,1,0.30073575912906075,0.6988816286318629,0.00038261223907636683
1,0,0.5044935230535817,0.49550246099434103,4.0159520772436624e-06
1,1,0.04765809515325435,0.9517389035576631,0.0006030012890825569
0,0,0.6483494358755567,0.3516387467693739,1.1817355069513798e-05
0,0,0.6204952694609519,0.3794920529103705,1.267762867749344e-05
1,1,0.16771467400814302,0.8321532963301024,0.00013202966175462924
1,1,0.2101490998804215,0.7807998199149874,0.00905108020459123
1,1,0.12304157138526645,0.8669642031703969,0.009994225444336657
1,1,0.3680092836181135,0.6319472419295201,4.347445236629321e-05
0,0,0.7794238213572102,0.2205696876626046,6.490980185260771e-06
0,1,0.17080330294657292,0.829088889730545,0.00010780732288216929
1,1,0.3686424674438788,0.6308842347822616,0.0004732977738595866
0,0,0.5892620345177508,0.41073690945324337,1.0560290058338057e-06
1,0,0.639547939549323,0.3604184075076183,3.3652943058732894e-05
1,1,0.4503423175171094,0.5496065185115343,5.116397135620565e-05
1,1,0.018199042598245823,0.9816230985174977,0.00017785888425641405
1,1,0.3737735900460879,0.6260553080965008,0.00017110185741142284
0,0,0.9140715495682998,0.0859280921384446,3.582932555081267e-07
1,1,0.10330067689576505,0.8965114475147818,0.00018787558945293977
1,1,0.3811496304181948,0.618726865263478,0.0001235043183272195
0,0,0.8913396185744176,0.10817424536402225,0.0004861360615600231
0,0,0.669719453205957,0.3302628231653445,1.772362869851357e-05
0,0,0.6245312327539405,0.37544508925190895,2.3677994150554244e-05
1,1,0.3623008907505185,0.6376735384224853,2.55708269960771e-05
1,1,0.08654540630980904,0.9132293136817922,0.0002252800083986865
1,1,0.12158199152934786,0.8778804864438684,0.0005375220267837482
0,0,0.8834760389606513,0.1165238934426837,6.75966651343545e-08
0,0,0.5849233404241904,0.4150699268457581,6.732730051420616e-06
1,1,0.054121052402236296,0.9429960518348224,0.0028828957629415362
1,1,0.07829795096859803,0.9182243055237116,0.003477743507690414
1,1,0.16586886094858633,0.833957892166329,0.0001732468850846311
1,1,0.360942652607743,0.6387938351799991,0.00026351221225776603
0,0,0.6409688545884116,0.3590294905376189,1.6548739695162786e-06
1,1,0.07246203275915532,0.9261826352881672,0.0013553319526775302
0,0,0.8531545758410831,0.14678447204400005,6.095211491670748e-05
1,1,0.11082046957011146,0.889093219486805,8.631094308361426e-05
1,1,0.40592069528621383,0.5940630105123403,1.6294201445879058e-05
1,1,0.1376327996587532,0.8622468299554562,0.0001203703857905844
1,1,0.10998401703725622,0.8896608268088434,0.0003551561539004751
0,0,0.9257555199986095,0.0742424758377846,2.00416360595558e-06
0,1,0.1953544358694686,0.8046259761286683,1.9588001863108578e-05
2,2,3.697496906621305e-08,0.005028276929444974,0.9949716860955861
0,1,0.32597780888924704,0.6738505177154392,0.00017167339531369466
0,1,0.23180136895920056,0.7679691754241745,0.0002294556166249361
0,1,0.4424632384414334,0.5575239546850571,1.280687350945328e-05
1,2,1.3014005280310105e-06,0.26098678183359225,0.7390119167658797
2,2,3.739060726134606e-09,0.0008320118816810887,0.9991679843792582
0,0,0.5106223209608314,0.4893204508544964,5.722818467216355e-05
0,1,0.11689626274480311,0.883034841828408,6.889542678887381e-05
1,1,0.449306044627654,0.5506776144956486,1.6340876697621847e-05
1,1,0.35951603918963493,0.6404617224216206,2.223838874456945e-05
1,1,0.1757598451096154,0.8241325594780516,0.00010759541233290437
0,0,0.7782178952674292,0.2217651130174295,1.699171514135406e-05
1,1,0.21679914604491793,0.7828853146714404,0.0003155392836416986
1,1,0.040571966424633635,0.9511981578619251,0.00822987571344147
1,1,0.05793734652920885,0.9413835199453866,0.0006791335254044432
1,0,0.5786620599097193,0.4213327785006905,5.161589590095951e-06
1,1,0.05810465633252438,0.9402582223444084,0.001637121323067366
1,1,0.22928345602259642,0.7705665895983733,0.0001499543790303289
0,1,0.18910903058952028,0.8108072148632286,8.375454725124355e-05
1,1,0.28921765879666855,0.710204143208047,0.0005781979952844215
0,1,0.20149889981748512,0.798462981008633,3.811917388174011e-05
1,1,0.12170787891911501,0.8782305025395167,6.161854136836107e-05
1,1,0.15156257727953382,0.8461222492170077,0.002315173503458452
0,1,0.3445503244437992,0.6533943716222865,0.002055303933914348
1,1,0.11146173352518225,0.8884684185270939,6.984794772381267e-05
0,0,0.7278957737592688,0.27208145638260234,2.2769858128839294e-05
1,1,0.11561159842495405,0.88342486461034,0.0009635369647059324
0,1,0.4035518457167152,0.5964233716044307,2.478267885418183e-05
1,2,2.588711875199388e-07,0.12243843997299822,0.8775613011558143
1,1,0.19432497837244528,0.8055053491514278,0.00016967247612698525
1,0,0.516128305771389,0.48352913952267385,0.0003425547059371063
0,1,0.4379820021178647,0.5620116864522364,6.3114298988863345e-06
1,1,0.03273386655052162,0.9668311624203513,0.0004349710291271185
1,0,0.7620480945740084,0.23795106739818664,8.380278050713159e-07
0,0,0.5700215401795445,0.42991058334440785,6.787647604770153e-05
0,0,0.6928697281408481,0.3071053469907573,2.492486839453191e-05
1,0,0.5349479498833767,0.4650396652571731,1.2384859450316505e-05
1,1,0.444321356606271,0.5556359443855634,4.269900816569621e-05
0,0,0.6191530480072323,0.3807250672916893,0.00012188470107827937
2,2,5.91968410353896e-08,0.0048523375758796035,0.9951476032272794
1,0,0.6233947873318019,0.37656727103854637,3.7941629651753325e-05
2,2,8.954337235289916e-41,4.218852367675998e-41,1.0
1,1,0.059016775765840544,0.7782703296818915,0.16271289455226792
2,2,2.39158155730506e-07,0.013804233782685063,0.9861955270591591
0,0,0.9513714128329522,0.04857124409936865,5.7343067679178996e-05
1,1,0.10252129546846536,0.89710668601441,0.0003720185171247091
1,1,0.12308852815937177,0.8765019911605908,0.0004094806800374024
0,0,0.8148928025742503,0.18510577719458698,1.4202311626939996e-06
0,0,0.7853395125373536,0.21465110382550517,9.383637141171731e-06
0,0,0.6178861550786116,0.3821133000132488,5.449081397490173e-07
2,2,1.9039784086559023e-07,0.0122515811958915,0.9877482284062676
0,0,0.9238582959272814,0.07614148885238076,2.152203379115337e-07
1,1,0.01131915005173138,0.9884833112167876,0.00019753873148096034
0,0,0.8201214840692517,0.17986813028498783,1.0385645760453352e-05
0,0,0.9178598053338856,0.0821399150475771,2.7961853719241767e-07
1,1,0.13128791838796616,0.8684055693912689,0.0003065122207649676
1,0,0.7642370771509447,0.23575221053000142,1.071231905385538e-05
1,1,0.36983822189641147,0.6301350288572133,2.6749246375277677e-05
2,1,0.014970381094067578,0.858490991625412,0.12653862728052062
1,1,0.010838013840551245,0.988689701088161,0.00047228507128791597
0,0,0.8104863063573073,0.18946635259935302,4.734104333950112e-05
0,0,0.9637187344493641,0.036280222727610396,1.0428230255053047e-06
0,1,0.27404895660956546,0.7255440983769277,0.0004069450135068627
1,1,0.018847200553026314,0.9808952176731262,0.0002575817738475849
0,0,0.8618406477314715,0.138154534552122,4.817716406342668e-06
0,0,0.6847006629586364,0.31529335799219443,5.979049169272064e-06
1,1,0.08841344120710568,0.9111780894205515,0.00040846937234291855
1,1,0.2642189472077643,0.7353223372013458,0.00045871559088990255
1,1,0.33168261236672114,0.6680491435657223,0.00026824406755638524
1,0,0.591285754299087,0.40854031485827474,0.0001739308426382743
0,0,0.687370424421814,0.3126284011444062,1.1744337799195946e-06
1,1,0.08359084822841725,0.9158884929768006,0.0005206587947822107
0,1,0.47902758816213514,0.5209002770975804,7.213474028457452e-05
0,0,0.8769628666842988,0.12303135962403866,5.773691662340969e-06
1,1,0.16149774738691824,0.8380631456693511,0.0004391069437306365
1,0,0.7504149961941244,0.2495835573345181,1.4464713574933321e-06
1,1,0.09020825004134068,0.9096039675957821,0.00018778236287730112
1,0,0.7778608800022062,0.22213698924731076,2.130750482880471e-06
1,1,0.21491393701259354,0.7850088175144029,7.724547300369322e-05
1,1,0.3276939432541989,0.6722720626459842,3.399409981700994e-05
1,1,0.18814119591388334,0.8118021981331494,5.6605952967276825e-05
1,1,0.3159076296106703,0.684049424165459,4.2946223870636674e-05
0,0,0.9020310548180569,0.09796204202297752,6.903158965529561e-06
1,0,0.8075807293506593,0.19241027287082557,8.997778515264133e-06
0,1,0.33383715151467613,0.6661495398911454,1.3308594178413775e-05
1,0,0.5629250224913859,0.43693280476577456,0.00014217274283960863
2,2,5.571880458616755e-11,0.044607642963446936,0.9553923569808344
0,1,0.46455314307602413,0.5353313908456409,0.00011546607833506614
1,1,0.01857158890758375,0.981231940832962,0.00019647025945422072
0,0,0.8229711855394183,0.1769998184562097,2.899600437187418e-05
0,0,0.8433499439883646,0.15664790793824182,2.1480733935203833e-06
0,0,0.50447932265837,0.4955182236496969,2.4536919330477673e-06
1,0,0.6310438752624056,0.36894531133867775,1.0813398916638584e-05
0,0,0.9428662871385244,0.0571042604410358,2.9452420439843732e-05
0,0,0.8428522939434591,0.15714605329139097,1.6527651501074634e-06
0,0,0.9316635290648488,0.06833574774368936,7.231914617257434e-07
0,0,0.8458909984660842,0.1541085559731581,4.4556075773986885e-07
0,0,0.5751796082284878,0.42481898159740206,1.4101741102012988e-06
0,0,0.7016697832528862,0.298307832625682,2.238412143177434e-05
0,0,0.6481182947066644,0.3518410173775851,4.068791575049107e-05
1,1,0.4615509513022842,0.5384434104534589,5.638244256895625e-06
0,0,0.6007306959546195,0.39923067042587096,3.863361950957876e-05
1,1,0.24487406669687156,0.7548250700692095,0.0003008632339188887
1,1,0.2889969951329491,0.7108845749060665,0.00011842996098442767
1,1,0.20308234128693492,0.7967063671927366,0.00021129152032853856
0,1,0.3332043108955697,0.6667128907321375,8.279837229286044e-05
0,0,0.8095826649306512,0.18638100085017503,0.004036334219173796
0,0,0.8899544688973888,0.11004545408549496,7.701711626515028e-08
1,1,0.044617918532515656,0.8893884573486752,0.06599362411880917
0,0,0.8289881677749849,0.17098368025960392,2.8151965411307424e-05
1,1,0.14644725832837635,0.8532284813036851,0.00032426036793858963
0,0,0.9447870744129182,0.05516473582313266,4.818976394910768e-05
0,0,0.5641961896449177,0.4357544845185617,4.932583652056687e-05
0,1,0.21658283249010976,0.7704356351349586,0.012981532374931479
2,2,1.0163327475965336e-13,0.0009210138386694316,0.999078986161229
0,0,0.8036443330541748,0.19635525527274053,4.1167308469207584e-07
0,1,0.40804732483900447,0.5918451944811157,0.00010748067987974093
1,0,0.5911142246189975,0.4088837636821656,2.011698836708895e-06
1,1,0.23298515647895826,0.7669640949526545,5.074856838719502e-05
0,0,0.7212399983296829,0.27874574782366285,1.4253846654286375e-05
0,0,0.71608046894171,0.28391496165259406,4.569405696021292e-06
1,1,0.04295799645425232,0.9401025646651889,0.016939438880558634
1,1,0.056857373514508106,0.8909302398378846,0.052212386647607384
1,1,0.05460508820307027,0.9451644243321952,0.00023048746473440217
1,1,0.021696591929281788,0.9768337119566404,0.001469696114077776
0,0,0.8441021420178662,0.15589771722283713,1.4075929667215414e-07
0,1,0.3475824515055393,0.6440013987158841,0.008416149778576573
0,0,0.5453416513594966,0.45464934717773603,9.001462767357897e-06
1,0,0.707253285169605,0.2926342881125615,0.00011242671783368953
1,0,0.526358569647255,0.4736345529265977,6.877426147342181e-06
1,1,0.2336675750683476,0.7662725590614946,5.98658701579456e-05
1,1,0.08093269417557558,0.9065229631416583,0.012544342682765998
1,1,0.11959444782417998,0.8800175936633547,0.0003879585124653798
1,1,0.1635161015804423,0.834021540456625,0.0024623579629328004
1,0,0.6362320900013508,0.3637648526969638,3.0573016853640065e-06
1,0,0.604526858499492,0.3953854164057295,8.772509477857037e-05
1,1,0.2951830599266056,0.7047224799003335,9.44601730607527e-05
1,1,0.03341193259851722,0.963648542637831,0.0029395247636517705
1,1,0.19918733652979959,0.7999921735661765,0.0008204899040238517
0,0,0.8572949543426122,0.1427030865051874,1.9591522004590424e-06
1,1,0.2648584521372043,0.735123190821311,1.8357041484835045e-05
0,0,0.6097392269759578,0.3902130693855676,4.770363847446565e-05
2,2,5.507721274018534e-07,0.009107929230077557,0.990891519997795
2,2,9.283807970911602e-13,0.0005965941029446284,0.9994034058961271
1,1,0.13470107406739995,0.8649832170675263,0.00031570886507360064
2,2,0.001039197351824083,0.11374423739568941,0.8852165652524866
0,0,0.8005950681341784,0.19940346758728422,1.4642785373392385e-06
0,0,0.6148427187649752,0.38515441889136726,2.8623436574441027e-06
2,2,6.499193042553402e-10,0.23898484697591899,0.7610151523741617
1,1,0.3683044777557598,0.6316531847393398,4.233750490036885e-05
0,0,0.9582245678131116,0.041770594177401324,4.8380094869601525e-06
1,0,0.697850758336089,0.3021330664634279,1.6175200483078364e-05
0,1,0.32685125611735205,0.6730765791876876,7.216469496031695e-05
0,1,0.4012507008530108,0.598454418885987,0.0002948802610022126
1,1,0.15347921536255366,0.8462106852582352,0.0003100993792111689
1,1,0.25501315304599986,0.7440577819985336,0.0009290649554666748
1,1,0.45256518082748876,0.5474287818431225,6.037329388673454e-06
2,2,1.0480398473188378e-07,0.012076514266485417,0.9879233809295299
0,0,0.9350445313363221,0.06487048289043121,8.498577324655214e-05
0,1,0.24761646772008547,0.7520956715008998,0.0002878607790147097
1,1,0.04574214747460085,0.9541977618820404,6.009064335875951e-05
0,0,0.6507966545895064,0.34920029897394084,3.046436552704079e-06
1,0,0.5687063358890935,0.43097220877374615,0.0003214553371603009
0,0,0.5303390905069687,0.4696510002798395,9.909213191780672e-06
1,1,0.043242876488361434,0.954739692781096,0.002017430730542417
0,0,0.9058443808048597,0.09415432214718437,1.2970479557937571e-06
0,0,0.5765489461983648,0.4234407707685351,1.0283033100189818e-05
1,0,0.7210065101513278,0.27895476785457085,3.872199410146729e-05
1,0,0.5371319866361197,0.46286120417152943,6.8091923508458526e-06
0,0,0.8357556562524334,0.1642180607662904,2.6282981276225278e-05
1,1,0.4142893248989741,0.5857009914361394,9.683664886450017e-06
1,1,0.16586815236304114,0.8340534617948158,7.838584214311965e-05
0,1,0.24828772887231199,0.7515610167023308,0.00015125442535708674
0,0,0.9743945400966424,0.02560071254879646,4.747354561040841e-06
0,0,0.9021137487782095,0.09788621595602347,3.5265767079489365e-08
1,1,0.018612791224004645,0.9780550661019032,0.003332142674092285
1,1,0.3848731105983535,0.6150951105858384,3.177881580810182e-05
0,0,0.7164422859555198,0.2835532330510632,4.480993416901546e-06
1,1,0.1920129483820815,0.807554346918429,0.0004327046994895707
2,2,8.579036139181531e-11,0.05426280901172734,0.9457371909024822
0,0,0.6097282389641887,0.39025598731919653,1.577371661478645e-05
1,1,0.04516117720655215,0.9517568623951934,0.0030819603982544033
1,0,0.5017652928231212,0.4982146581595278,2.0049017350969878e-05
2,2,2.027896486451988e-39,4.549624061974101e-40,1.0
1,1,0.14729773942017793,0.8519692889692162,0.0007329716106057803
0,0,0.6853008353666644,0.31468833158379456,1.0833049540987941e-05
0,1,0.2745810843102781,0.7253597169181628,5.9198771559117335e-05
1,1,0.2283579627024219,0.7707790663244085,0.0008629709731695617
0,0,0.8001571570420386,0.19982974001708453,1.3102940876942327e-05
1,1,0.05624112835783471,0.9372579601356738,0.006500911506491557
1,1,0.261699601477029,0.7382170115645101,8.338695846091211e-05
0,0,0.8798466547380125,0.12015174635791362,1.5989040740000523e-06
1,0,0.7799002935420429,0.22008756871815774,1.2137739799350179e-05
2,2,1.9403900012055943e-08,0.034470414873709616,0.9655295657223902
0,1,0.4887213543064267,0.5112671272628693,1.151843070404455e-05
1,1,0.14442362094516747,0.855484524769943,9.185428488959293e-05
1,1,0.4922014274553868,0.5077643630895142,3.4209455098962385e-05
1,1,0.28049068290869067,0.7194772195184591,3.209757285022732e-05
0,0,0.7747921621381252,0.22519587784701403,1.1960014860717267e-05
1,1,0.32376437108374473,0.6761921497534112,4.3479162844026995e-05
0,1,0.19558021958996497,0.804345572890262,7.420751977303744e-05
1,1,0.438644239457646,0.5612722972160323,8.346332632151599e-05
1,1,0.2424567796384486,0.7573869039641327,0.00015631639741880193
0,1,0.4935053960025599,0.506485957413458,8.646583982051672e-06
1,0,0.619494531882965,0.38049053833229307,1.4929784741967792e-05
0,1,0.018654420269929584,0.750069053413446,0.23127652631662446
0,0,0.5281662360561576,0.47175312709469003,8.063684915236945e-05
1,1,0.43349671287395664,0.5664958323835216,7.454742521789212e-06
0,0,0.6062563302587557,0.39373981788273826,3.8518585060533575e-06
0,0,0.7445392275224981,0.25545953202749105,1.240450010852088e-06
0,0,0.5536557191754574,0.4463206042707321,2.3676553810448074e-05
1,0,0.8269096132397304,0.17309005712505385,3.296352155876054e-07
0,1,0.3454384762941439,0.6543791525596315,0.00018237114622458156
1,1,0.05500926380751683,0.9363920950269343,0.008598641165548811
0,0,0.897057648257015,0.10293324759328791,9.104149697178286e-06
1,1,3.413056592397893e-05,0.5585293170721227,0.4414365523619533
1,1,0.41364302790599305,0.5861763592767297,0.00018061281727712727
1,1,0.053502665255060165,0.9445403249077936,0.0019570098371462833
0,0,0.8729526157734151,0.12704702454707303,3.5967951189704424e-07
0,0,0.9261574923472649,0.07384174978111674,7.578716183043044e-07
0,0,0.6430363115793853,0.35696286025026897,8.281703456652312e-07
0,0,0.7526805556521972,0.24730315116510254,1.629318270015978e-05
1,0,0.8285976424908499,0.17139938361478385,2.9738943661649352e-06
1,1,0.17094992372369214,0.8223482384599446,0.0067018378163633836
1,1,0.30571943912351984,0.6941515058686641,0.00012905500781594013
2,2,3.872777152461039e-08,0.03311410137772598,0.9668858598945025
0,0,0.9000329446690141,0.09912348490084233,0.0008435704301436277
1,1,0.37196254906374004,0.6280271623005985,1.0288635661287367e-05
1,1,0.21454602650740986,0.7846382581866278,0.0008157153059625178
1,1,0.2980060006604435,0.7017239300369111,0.00027006930264532596
1,1,0.49074940577205195,0.5090782984534038,0.0001722957745442084
0,0,0.5547192724380655,0.445261005745753,1.972181618152397e-05
1,1,0.10459472277142037,0.8948697863916055,0.0005354908369741968
1,0,0.7039787670784807,0.29602018813240144,1.0447891178289356e-06
1,1,0.09780211081834495,0.9008293552411812,0.0013685339404736559
1,1,0.1328282700056839,0.866573050472322,0.0005986795219942108
0,1,0.3395793685445726,0.6603749942637828,4.563719164458506e-05
1,1,0.012263425781905436,0.9872852721329735,0.0004513020851210371
0,0,0.9661319337374162,0.03386445367372689,3.612588856702689e-06
1,1,0.2151237083438778,0.7847789789560841,9.7312700038201e-05
1,0,0.618939068708313,0.3810570703619016,3.86092978542762e-06
1,0,0.5922052634477919,0.4073340136479445,0.00046072290426344515
1,1,0.290330380740605,0.6954909440917852,0.014178675167609879
0,1,0.41466682806758487,0.5853059926246121,2.7179307802974578e-05
0,1,0.22013749335584512,0.7795800233982587,0.0002824832458960698
0,0,0.7603130809978338,0.2396683850178436,1.853398432266147e-05
0,0,0.6751097366062684,0.324801001349102,8.926204462958945e-05
0,0,0.8302719890731988,0.1697276463448869,3.64581914495475e-07
1,1,0.3495163580286077,0.6504424581963444,4.11837750480164e-05
1,1,0.14083867445757234,0.8588890221468805,0.0002723033955473461
1,0,0.5600660077185977,0.43992930169228855,4.690589113859883e-06
1,1,0.21305515474076825,0.7868825859232892,6.225933594253088e-05
1,1,0.2804887327049623,0.7194423983859037,6.886890913402646e-05
0,0,0.809083255510598,0.19091399594104805,2.7485483539535774e-06
1,1,0.12464398193663566,0.875267215870217,8.880219314741615e-05
1,1,0.42024248747877113,0.5797168023275103,4.071019371858072e-05
0,0,0.5808063979251304,0.4191603361092033,3.326596566622792e-05
1,0,0.5075994496772661,0.4923974264681728,3.123854561174524e-06
0,0,0.9764139547431986,0.02358466131874712,1.3839380543891654e-06
1,1,0.03191436747150085,0.967143542623548,0.0009420899049510592
0,1,0.4870278909794739,0.512894161392325,7.794762820101404e-05
0,1,0.48033086754301313,0.5196561998862078,1.2932570779095482e-05
1,1,0.47692708403037043,0.523071004718891,1.9112507385557883e-06
1,1,0.08028417007816933,0.8720700094550338,0.04764582046679682
2,2,9.235230282741608e-12,0.021153383942823237,0.9788466160479415
0,0,0.9241839884406886,0.07581438958595456,1.6219733567846128e-06
1,1,0.035071703980802775,0.964037144377771,0.0008911516414262439
0,0,0.5999961893453953,0.3999995713418151,4.239312789695209e-06
1,1,0.19702044418152603,0.8028060656418983,0.0001734901765757465
2,2,8.437494713184718e-08,0.0033283208677384857,0.9966715947573143
1,1,0.06305832853388682,0.9028696325771762,0.03407203888893704
1,1,0.03219823212619138,0.9674404584878683,0.00036130938594026215
1,0,0.8650124646447628,0.1349871563981107,3.7895712652863e-07
2,2,6.011701797851225e-07,0.01788458763339489,0.9821148111964253
1,1,0.12195283019252724,0.877997450409728,4.9719397744863124e-05
1,1,2.0618620463420394e-07,0.6752255749095898,0.32477421890420555
1,0,0.8442175896510439,0.15577924556011455,3.1647888416214463e-06
0,1,0.3127270899600903,0.6872194995253657,5.341051454409034e-05
1,1,0.21496293956509682,0.7849979100566128,3.915037829040035e-05
1,1,0.49868475830862435,0.5013092691939631,5.972497412477816e-06
0,0,0.9570971230748487,0.042902624768944186,2.521562071001006e-07
1,0,0.5209924693208247,0.4789039434352227,0.00010358724395259178
0,1,0.44395235759474283,0.5560270533549417,2.058905031549321e-05
1,1,0.3696257348209247,0.6303284604102795,4.58047687959391e-05
0,1,0.46714521726642655,0.532781728456677,7.305427689636099e-05
0,0,0.9419935259021207,0.05800057326941425,5.900828465034614e-06
0,1,0.4023441134781205,0.5976122693606141,4.361716126533318e-05
1,1,0.12493508306266529,0.8749074912887606,0.00015742564857409058
0,0,0.87505014315804,0.12494796519983344,1.891642126580165e-06
1,1,0.12654421484877795,0.8731786623525358,0.00027712279868615094
0,0,0.6428388320228298,0.3571576519595494,3.5160176208158184e-06
0,0,0.7907198775123979,0.2092799711275367,1.5136006536143258e-07
0,0,0.6787267616583659,0.32126159166930024,1.1646672333955924e-05
0,1,0.224795115456604,0.7751439909415309,6.0893601865048056e-05
1,1,0.1503083610187781,0.8430465202229497,0.006645118758272254
1,0,0.5965166705634594,0.4032086202905076,0.0002747091460330612
0,0,0.9053312887200896,0.0946684406782644,2.706016460685582e-07
1,2,7.566347974070684e-06,0.12212633771113729,0.8778660959408886
0,0,0.6441574257923909,0.3557941760612023,4.839814640686956e-05
0,1,0.4284909315255334,0.571492244026915,1.682444755152316e-05
1,1,0.2669277925048318,0.7330147414577408,5.746603742737362e-05
2,1,0.009633687084579385,0.7562162883551392,0.2341500245602813
1,1,0.10262188740833927,0.8969530431890778,0.00042506940258288324
1,1,0.16214255749595452,0.8374570002158939,0.0004004422881515676
1,1,0.2631335135663615,0.736827074365793,3.941206784557586e-05
0,1,0.2838727719726754,0.7160962207821732,3.100724515153434e-05
1,0,0.7250364628589393,0.2749628291150364,7.080260243122257e-07
0,0,0.5638134335720066,0.43536983227077025,0.0008167341572231527
0,0,0.7750790649174145,0.22480149823222262,0.00011943685036293064
1,1,0.2578142255782968,0.741872075253256,0.00031369916844723437
1,1,0.31681456768298993,0.6829452462975728,0.00024018601943726715
1,1,0.010251983496950267,0.9864439038792993,0.0033041126237503783
0,0,0.5871115549890569,0.41288238889850315,6.056112439818262e-06
0,0,0.8294885979806161,0.17050153521426098,9.866805122931156e-06
1,2,3.3341754187894993e-06,0.0965239686432763,0.903472697181305
1,1,0.12596887978721708,0.8683419642391796,0.005689155973603342
1,0,0.5005706142317199,0.4994228834412804,6.502326999690531e-06
1,1,0.20339877641400006,0.7965162417375891,8.498184841087151e-05
1,1,0.4546539306690441,0.5453403518303326,5.7175006233394605e-06
1,1,0.1980914889361727,0.8017156627511793,0.00019284831264795702
1,1,0.24539975515205376,0.7537475533614606,0.0008526914864857971
2,2,6.394522609049947e-07,0.025653760699294814,0.9743455998484443
0,0,0.8613588428743532,0.1386379713841819,3.1857414649398422e-06
1,1,0.1548141995815574,0.8447615613122025,0.00042423910624011255
0,0,0.5332703387174358,0.4667116415242139,1.8019758350339042e-05
1,1,0.02100476377790163,0.6426426306811601,0.3363526055409382
0,0,0.7564738671228108,0.2435230619266199,3.070950569294381e-06
0,0,0.8544516601526645,0.14554718527371385,1.1545736215747958e-06
0,0,0.8466559663687869,0.15334347800175005,5.556294630175027e-07
0,1,0.30101407795197127,0.6989337506688529,5.217137917588014e-05
1,1,0.13822271892277269,0.8612261971068171,0.0005510839704100323
0,0,0.6877420038424471,0.3121928906151944,6.51055423585419e-05
2,2,0.014754787984414807,0.4118142549029019,0.5734309571126833
1,1,0.18398267881687067,0.8157938768439033,0.00022344433922616807
0,0,0.622560264400805,0.37743728392756276,2.4516716322115263e-06
0,1,0.45499758544433705,0.5449849507935918,1.7463762071231486e-05
0,0,0.9162451467632753,0.08375356213898873,1.291097735823666e-06
1,1,0.3777603247838808,0.6218660667110013,0.00037360850511788956
1,0,0.7394244973397507,0.26056754089338474,7.961766864575937e-06
0,1,0.46128238339745364,0.5386298075444612,8.780905808499918e-05
1,1,0.09503293092728514,0.9048628822358824,0.0001041868368325213
1,1,0.20979273242160612,0.7889934599582337,0.0012138076201602985
1,1,0.4210387071417673,0.5789244211992051,3.687165902750956e-05
0,0,0.6020823445477897,0.3979169874309542,6.680212561006526e-07
0,0,0.8646392148622594,0.13536042893437375,3.5620336682925156e-07
1,1,0.2617015184036675,0.7379902679395512,0.00030821365678135055
0,1,0.3477773465181494,0.6514696154045609,0.0007530380772896562
0,0,0.7250064264289743,0.27499056895187296,3.004619152732489e-06
2,2,7.430210683183723e-12,0.014172717513563318,0.9858272824790064
1,1,0.27106796026845775,0.7289057300410704,2.6309690471852818e-05
0,0,0.6137309323770602,0.3862552173719585,1.3850250981297127e-05
0,0,0.7407844350740121,0.2592031004507916,1.2464475196097823e-05
1,1,0.3164568803171354,0.6829577743313991,0.0005853453514653744
0,0,0.5375800177936118,0.46238262103216266,3.736117422556206e-05
0,0,0.9092322735343855,0.0904157322719015,0.00035199419371309104
1,1,0.4613221132599127,0.5386434678493887,3.4418890698647096e-05
1,1,0.021270394944211044,0.8044250666891848,0.17430453836660414
0,0,0.7104771323509045,0.2895220567166596,8.109324359834008e-07
1,1,0.391143210648778,0.6088261321502797,3.0657200942465414e-05
1,1,0.2837203515346272,0.7152812373422595,0.000998411123113306
1,1,0.029344902053617478,0.9694796321828479,0.00117546576353458
0,1,0.34537222275550983,0.6538527149097513,0.0007750623347388563
0,0,0.8290728654931563,0.17092682923127278,3.0527557097256986e-07
1,1,0.29990236565645045,0.7000128948400405,8.473950350889589e-05
1,1,0.14046856961566775,0.8405441194891864,0.018987310895145815
1,1,0.3847171027244042,0.6151921202812182,9.077699437774704e-05
1,1,0.39381609495542175,0.6061826239980612,1.2810465170210866e-06
0,0,0.6573102521720742,0.3426894073863337,3.404415921818471e-07
0,0,0.5007403309043873,0.49917799277358577,8.167632202694251e-05
1,1,0.12515799667026684,0.8716700471166312,0.003171956213101967
1,1,0.16957261428295242,0.8302535839373891,0.00017380177965842895
0,0,0.502208861054979,0.4977847531923572,6.385752663776638e-06
0,0,0.5436421395252119,0.45631487289670053,4.298757808765154e-05
1,1,0.015657658758853315,0.8292928669404516,0.15504947430069527
1,1,0.3608902965353269,0.6390798786462594,2.9824818413810935e-05
0,1,0.12177550290097278,0.8773211693924781,0.0009033277065490849
1,1,0.41375997563638606,0.5862298674586475,1.0156904966562634e-05
0,0,0.8155344545842544,0.18445266004369826,1.2885372047156857e-05
1,1,0.12017794782768801,0.8797053586361938,0.00011669353611830761
1,1,0.26638002509110925,0.7334693632080896,0.00015061170080102757
0,1,0.40504690957306444,0.5949231847855955,2.9905641340079347e-05
1,1,0.06722574653622987,0.9323735709240623,0.0004006825397078409
1,1,0.32591945111970394,0.6740709641909788,9.584689317107688e-06
0,1,0.08132066721507568,0.9168125557879476,0.0018667769969767647
0,1,0.26923319284136155,0.7305395133987246,0.0002272937599138228
0,0,0.8705331493556736,0.12946585784350775,9.928008187532501e-07
0,0,0.896876760121037,0.10312283004327638,4.098356866341997e-07
2,2,1.55120221078466e-05,0.25178134121094237,0.7482031467669498
1,1,0.11131588849331127,0.8880325329979463,0.0006515785087424676
1,1,0.20063549554403332,0.7977422701437065,0.0016222343122601671
0,0,0.8200836296792884,0.1799115522428321,4.818077879464804e-06
1,1,0.02038795678212104,0.978555682253521,0.0010563609643579044
1,1,0.11555518210158901,0.8781820803208176,0.006262737577593379
0,0,0.8097923723998725,0.19020739828734787,2.2931277972929624e-07
1,1,0.4627960897377589,0.5371443616577053,5.9548604535871584e-05
1,0,0.5961157300737733,0.4038383046321705,4.596529405625039e-05
0,1,0.4314974609146403,0.5684897277986226,1.2811286737096365e-05
2,2,1.1911887964643116e-07,0.004271345677251843,0.9957285352038686
0,0,0.6909503352742264,0.3089822352180338,6.742950773983155e-05
0,1,0.4175315914403021,0.5822789849284004,0.0001894236312975366
0,0,0.5367626119862269,0.4632271180628369,1.0269950936163376e-05
0,0,0.7730548116489944,0.22694369631492442,1.492036081070499e-06
0,0,0.5048155652561964,0.49517292981139727,1.1504932406332223e-05
1,1,0.007138202842645455,0.7543910495904244,0.23847074756693018
0,0,0.6281735681331345,0.3718257293591001,7.025077653183835e-07
0,0,0.9683604977535196,0.031582388779797445,5.711346668283961e-05
2,2,4.896277825682853e-40,1.2986158333706353e-40,1.0
0,0,0.604714150602346,0.39528185175458214,3.997643071838377e-06
0,1,0.06593084163083657,0.9338741297842541,0.00019502858490933798
0,0,0.9721487843968174,0.02784971286901521,1.5027341674530517e-06
0,0,0.5213391259133577,0.47864200653504946,1.8867551592708528e-05
0,0,0.9358844399158532,0.06411503171809427,5.283660524729002e-07
1,1,0.4119974096737448,0.5878389669442371,0.00016362338201801675
1,0,0.7197140687257667,0.2802850214732601,9.098009731371848e-07
1,1,0.2616875302055246,0.7382121392419794,0.00010033055249612816
1,1,0.11610294013204661,0.8834997200832841,0.0003973397846692058
0,0,0.6062865185233058,0.3937125410682982,9.404083958527311e-07
1,1,0.04953425765043225,0.9004979967286814,0.04996774562088634
1,1,0.02469810695672797,0.9710241921680783,0.004277700875193659
1,1,0.06184434642197214,0.9344150770024727,0.0037405765755550513
1,1,0.35995170915317254,0.6400359082924877,1.238255433983243e-05
1,1,0.12223340536006369,0.8772347522476653,0.000531842392270918
0,0,0.622626322937364,0.37734269314838187,3.098391425414153e-05
0,1,0.4437173217540698,0.556268509578754,1.416866717633312e-05
2,2,9.329412992548114e-07,0.0292589263045413,0.9707401407541595
0,0,0.7378173367588696,0.26218177984141683,8.833997135042102e-07
0,0,0.584295663811927,0.41569685555385366,7.480634219270003e-06
1,1,0.04544345369824057,0.9524420982349295,0.002114448066829946
0,0,0.6756113202641548,0.3243875452950182,1.1344408270002084e-06
0,1,0.21049110824796255,0.7892563647755614,0.0002525269764760082
0,0,0.5205673521494647,0.47941889857010966,1.3749280425673644e-05
0,0,0.7189562267899626,0.28103366718078043,1.010602925695899e-05
1,1,0.08576345772450565,0.9136424007212242,0.0005941415542702891
0,0,0.969647696842519,0.030349644520594306,2.658636886853947e-06
0,0,0.8066672423781274,0.19333256857537615,1.890464965005902e-07
0,0,0.8034621140640937,0.19653474650356698,3.139432339396979e-06
1,0,0.6823221609110298,0.31767456039251757,3.2786964525532157e-06
0,0,0.7131189463291105,0.2868801677319798,8.859389096868775e-07
0,0,0.9192263663781615,0.08077353214488074,1.0147695781520095e-07
0,1,0.435403670273643,0.5645888509531444,7.47877321270762e-06
1,1,0.1625999000780333,0.8373119742214198,8.812570054699841e-05
1,1,0.4210186493406287,0.5781029701480009,0.00087838051137045
1,1,0.08647519064761926,0.9129415357064234,0.000583273645957239
1,1,0.17957445867004565,0.8201872169684251,0.00023832436152926287
2,2,5.264305901243765e-40,1.4942824186728047e-40,1.0
1,1,0.49580091016813893,0.5041850707695333,1.4019062327653671e-05
1,0,0.6101865433795651,0.3898094552419935,4.00137844142322e-06
0,0,0.9719208398774825,0.028077366674775596,1.7934477419573267e-06
0,0,0.5201892291896851,0.4797962249834067,1.4545826908093804e-05
0,0,0.9119754801294484,0.08746610162249611,0.0005584182480556288
1,1,0.4746142581550946,0.5253702889419177,1.545290298771001e-05
0,1,0.31148671055293214,0.6884742432470934,3.904619997443542e-05
1,1,0.09964977066723163,0.9002786990610083,7.153027176019857e-05
1,0,0.5770924110630198,0.4228440047208556,6.358421612472324e-05
1,1,0.09163222108601286,0.9047980878825523,0.0035696910314347557
1,1,0.14856158989372606,0.8514036098233594,3.48002829144349e-05
0,0,0.7858092695793462,0.21418985982562835,8.705950255141046e-07
1,1,0.028442071080658136,0.8363975459726077,0.13516038294673396
1,1,0.1846097139419299,0.815247220030711,0.0001430660273591932
1,1,0.2787588751358103,0.7211188109604678,0.00012231390372192098
1,1,0.26832209062008866,0.7315535372184473,0.00012437216146405088
1,0,0.652050287836762,0.34792329448037107,2.641768286702684e-05
0,0,0.882943940784024,0.11705405464780588,2.0045681699190167e-06
1,1,0.16460145237670204,0.8353962237023697,2.3239209283517647e-06
1,1,0.26846113906018815,0.730964668796558,0.0005741921432538772
0,0,0.6663008161720948,0.33369790606165284,1.2777662523509074e-06
1,1,0.0907746620054798,0.9087885934919018,0.0004367445026184004
0,1,0.28895382427305666,0.7104994731594186,0.0005467025675247385
0,0,0.8130523322689789,0.18690751244772974,4.015528329130842e-05
1,1,0.11971429763562316,0.8797446621804751,0.0005410401839016223
1,1,0.024632957609258183,0.971630745005273,0.003736297385468726
1,2,4.776332448283265e-12,0.0016557310029433059,0.9983442689922803
0,1,0.10349043561759325,0.8931311463714304,0.0033784180109764036
1,0,0.6244575928494873,0.3755404479376353,1.959212877291401e-06
0,0,0.6267299404588731,0.3732687807945579,1.2787465690006084e-06
1,1,0.31530575212632256,0.6844034173560976,0.00029083051757995763
1,0,0.5136773058830161,0.48631747272460313,5.221392380837493e-06
1,1,0.10350900254322737,0.8963800515306365,0.00011094592613615095
1,1,0.41859241711533335,0.5813996329215759,7.949963090740231e-06
1,1,0.3026015385855002,0.6973498490952118,4.861231928790345e-05
0,1,0.09920598602218521,0.9004105793623417,0.0003834346154731311
0,1,0.1092907996933344,0.8903707012237964,0.00033849908286920637
1,1,0.08411972144032835,0.9152227529950312,0.0006575255646404651
0,0,0.6929540132117588,0.3070292985429175,1.6688245323756057e-05
1,1,0.37692585433060244,0.6230580582343641,1.608743503341978e-05
1,0,0.803382796220737,0.1966146945123729,2.509266890025951e-06
0,1,0.2864356727735371,0.7135394798802539,2.4847346209113232e-05
0,0,0.9808677514385875,0.01913202455907843,2.2400233423165686e-07
2,2,6.058781486823204e-08,0.009647093989376297,0.9903528454228089
0,0,0.9366458386426348,0.06335254151213665,1.6198452285473128e-06
0,1,0.3789856876874634,0.6209874943129149,2.681799962172892e-05
0,0,0.9205149145892907,0.07948277936660937,2.3060440999447814e-06
0,0,0.9399751628078149,0.060024492345886644,3.4484629841361126e-07
1,0,0.7372688227595656,0.2627268856814351,4.29155899930936e-06
1,1,0.2996131543000547,0.7002835322630787,0.0001033134368666158
1,0,0.6039273743526349,0.39606583850198296,6.787145382117388e-06
1,0,0.6987274730102071,0.3012701509333594,2.376056433534278e-06
2,2,2.3042005553134235e-07,0.1259987408064219,0.8740010287735226
0,0,0.8044015023540005,0.1955974706198954,1.0270261040648206e-06
1,1,0.14082117455721957,0.8588972370914661,0.0002815883513143934
0,0,0.7844284886282924,0.21557104920011058,4.62171597031925e-07
0,0,0.6209782525142118,0.378964186246946,5.7561238842122465e-05
1,1,0.38411002255212523,0.6158665072680426,2.3470179832096494e-05
1,0,0.8946787014641355,0.1053195186551803,1.7798806842273702e-06
2,2,1.2954953211300089e-12,0.005770733311444942,0.9942292666872594
2,2,4.6637505333255996e-08,0.05562124555361672,0.9443787078088779
0,1,0.27823828258529637,0.7215995331757942,0.00016218423890956203
0,1,0.19165128851059687,0.8048944087670217,0.0034543027223814613
0,0,0.6936392466955249,0.3063526289626697,8.124341805337954e-06
1,1,0.17804001990072804,0.8218497126760232,0.00011026742324866774
1,1,0.098980178985787,0.8924896494263387,0.008530171587874178
2,2,1.0748379171063993e-06,0.06379032200828275,0.9362086031538002
1,1,0.11960514807550693,0.8799756199878543,0.0004192319366386186
0,1,0.25398331920779094,0.7456342941917752,0.00038238660043383966
1,1,0.2290135958827939,0.7709623801624388,2.4023954767208176e-05
2,2,1.1297413816556982e-10,0.08644940755441535,0.9135505923326106
0,0,0.6119693503730712,0.3880241879504241,6.461676504687958e-06
1,0,0.6549093454557914,0.345006361423118,8.42931210905216e-05
1,1,0.06775124301355392,0.928848364406619,0.0034003925798271376
0,1,0.07793882123660019,0.9218838705001021,0.00017730826329768126
1,1,0.3128658922594071,0.6870914411496029,4.266659099001042e-05
2,2,3.879425072246698e-08,0.005280238837055077,0.9947197223686943
0,0,0.9526511835111695,0.04731821566299462,3.060082583582585e-05
0,1,0.4064796380552753,0.5935052045735013,1.5157371223409164e-05
1,1,0.2552001364635549,0.7441603812817783,0.0006394822546669306
0,0,0.8381262585007638,0.16187352621412074,2.1528511543027273e-07
1,0,0.564584340330412,0.43515965779427596,0.0002560018753119704
0,0,0.9297164764915229,0.07028329305746032,2.3045101691301711e-07
1,1,0.036739265279461614,0.8832684244314116,0.07999231028912678
0,0,0.7419946482214401,0.2579926322314484,1.2719547111536656e-05
1,1,0.11013410791009784,0.8897675942743344,9.829781556786325e-05
0,0,0.5506949328762072,0.44917347780044986,0.00013158932334289775
0,1,0.3671915365399913,0.6327730812644234,3.538219558527111e-05
1,1,0.3477806615222429,0.6521995100595155,1.9828418241472943e-05
2,2,1.2909188126145433e-15,8.855724281981495e-05,0.999911442757179
1,1,0.2855146582481147,0.7140154444550056,0.0004698972968796191
0,1,0.12532749584724334,0.8740897534998362,0.0005827506529204534
0,0,0.890023985146308,0.10997201480874108,4.000044950878924e-06
1,1,0.28595825314997536,0.7140090828076628,3.266404236179229e-05
2,2,1.1097120055625787e-07,0.0900848529717565,0.9099150360570428
1,1,0.37910049393839357,0.6208573089990448,4.2197062561481145e-05
0,0,0.8684424918907225,0.13155569891982713,1.8091894503845528e-06
0,0,0.5769855701359153,0.4229653695106816,4.906035340302975e-05
1,1,0.3630348586854668,0.6366251105958438,0.00034003071868942097
0,0,0.7153834129782111,0.28461179373503875,4.793286750259512e-06
0,1,0.4945723256273499,0.5054143597377425,1.3314634907500855e-05
0,0,0.558509418510994,0.441406962061058,8.36194279480316e-05
0,1,0.17637308252592976,0.8235817648430538,4.5152631016445636e-05
1,0,0.6584970436204783,0.34150079118784676,2.1651916748042376e-06
1,1,0.4389561536874746,0.5610374955180031,6.350794522334572e-06
0,0,0.8126438744068284,0.1873559260485561,1.9954461552800612e-07
1,1,0.2478493318828357,0.7521252516360026,2.5416481161681643e-05
1,1,0.07959579671754442,0.9202014454696813,0.00020275781277411694
1,1,0.4430119517645506,0.5569659337115442,2.211452390531055e-05
0,0,0.6242503606915681,0.3757341638162168,1.5475492215015667e-05
1,1,0.03773028960651869,0.9594314375250113,0.0028382728684699884
0,1,0.456859471565735,0.5431116980833305,2.8830350934583934e-05
1,1,0.016994094236519153,0.9751693934262895,0.007836512337191305
1,1,0.4500048491970033,0.5499506808580402,4.446994495656372e-05
2,2,1.4924235495852297e-07,0.013893788222916134,0.9861060625347288
1,1,0.10491365222414743,0.8946446115678249,0.00044173620802778936
0,1,0.41597668331776455,0.5840108061224982,1.2510559737095778e-05
1,1,0.28556679008936586,0.71422942131583,0.00020378859480413302
1,1,0.21162277512108033,0.7881441272980763,0.00023309758084350706
0,0,0.8569397712125291,0.14306016635811852,6.242935236398836e-08
0,1,0.08372461854832526,0.916077272109119,0.00019810934255581108
1,1,0.16748701863913665,0.8312449044258158,0.0012680769350475747
0,0,0.6402054271464841,0.35977965693485425,1.4915918661615477e-05
1,1,0.09226905672946883,0.9075782409681139,0.00015270230241715076
0,0,0.5864222934883963,0.4135758891917301,1.8173198736692885e-06
0,1,0.09615094297637236,0.8923875780011576,0.011461479022470135
0,0,0.8396507074785576,0.1603464272399192,2.8652815231866716e-06
1,1,0.4589020998416623,0.541076696677389,2.1203480948601782e-05
1,0,0.546574813794485,0.4534226497727619,2.5364327530771817e-06
0,1,0.41989577644056775,0.5798384749857802,0.0002657485736519499
1,1,0.06782839087901374,0.9318139302844404,0.0003576788365458657
1,1,0.31241772369544135,0.6875646247953889,1.765150916980777e-05
0,0,0.8854870511494436,0.11451286347744526,8.53731111863473e-08
1,1,0.3565129646347341,0.6432420834966924,0.00024495186857349593
1,1,0.2406146883130168,0.7591594546135033,0.00022585707347994084
2,2,1.001640413006003e-12,0.0065178347727389094,0.9934821652262594
0,0,0.958181941613319,0.04179590621701637,2.2152169664567535e-05
0,0,0.8522292778411829,0.14776792786052675,2.7942982903041475e-06
0,0,0.6361974035893798,0.36379994575470553,2.650655914482053e-06
1,0,0.7395653794097695,0.2604313891010858,3.2314891445192324e-06
2,2,0.019670223839545063,0.48537902240336356,0.49495075375709147
0,0,0.928549971859353,0.07145001734191961,1.0798727311925602e-08
0,0,0.9159726559261895,0.08402650319886636,8.408749441808318e-07
0,0,0.9231291455042118,0.07656003500061268,0.0003108194951755134
1,1,0.18940922642249544,0.8100086480140809,0.0005821255634236402
1,1,0.160990001248911,0.8387554402499925,0.00025455850109643507
0,0,0.8148469813764379,0.18509643695021444,5.658167334771269e-05
1,0,0.5259444006295265,0.4740376003187482,1.7999051725263255e-05
2,2,0.00014517419237759116,0.03268453983912752,0.9671702859684949
0,0,0.7493312762045663,0.2506652612205599,3.4625748738109827e-06
1,1,0.10060378109241594,0.8974673216234449,0.0019288972841393294
1,1,0.22918643733723437,0.77073925669775,7.43059650155983e-05
0,0,0.8347568999376805,0.16524227122408017,8.288382391690041e-07
2,2,0.001352582823876018,0.13707656603225954,0.8615708511438644
1,1,0.03972150939807475,0.9598632097075054,0.0004152808944200363
0,0,0.7439949419238229,0.2560007744517535,4.283624423636319e-06
0,1,0.10970718628267465,0.8901734895614151,0.0001193241559103384
1,1,0.08638479016846172,0.6956865891737789,0.21792862065775936
1,1,0.2896731622222024,0.7099228635108236,0.0004039742669739701
0,1,0.3291752193959011,0.6707811204253027,4.366017879618949e-05
0,0,0.625303702308154,0.37469538802432156,9.096675244301172e-07
1,0,0.7885576094746266,0.2114403671074989,2.0234178745694673e-06
2,2,1.4615108090942176e-11,0.027933871048719253,0.9720661289366657
0,1,0.49265679459321526,0.5073261698712203,1.70355355645525e-05
1,0,0.7626221624144727,0.23737701198680797,8.255987193045869e-07
0,0,0.8759927944335563,0.12400460682750596,2.5987389378910366e-06
1,1,0.3464124122927503,0.6535768510948307,1.0736612418855567e-05
0,1,0.2918851381733668,0.7080572131709987,5.7648655634526454e-05
1,1,0.21322906401954264,0.7866529540583445,0.00011798192211289122
0,0,0.8016944816575942,0.1983040698522235,1.4484901823066286e-06
1,0,0.7534818999271391,0.24634318364034577,0.00017491643251512046
1,1,0.18366887799962328,0.8158810425331959,0.00045007946718081556
0,0,0.6098390987492838,0.39015561310890085,5.288141815225717e-06
1,1,0.25492046043809813,0.7450011246209828,7.841494091907564e-05
1,1,0.14900249779178637,0.8507979761965612,0.00019952601165258805
0,0,0.9689425626623678,0.031052544634205974,4.8927034263251574e-06
0,1,0.29246261526320183,0.7070153107791243,0.000522073957673834
1,1,0.3621153940218156,0.6378257874609878,5.881851719662235e-05
1,1,0.007442306457442091,0.5849848639412297,0.40757282960132835
1,0,0.6453905375570763,0.35460480619753904,4.656245384602384e-06
0,0,0.6554540735588611,0.3445411713781308,4.755063008100997e-06
1,0,0.7787958115039798,0.2212036817814032,5.067146170147723e-07
1,1,0.41596085142217154,0.5838053148885128,0.00023383368931566767
0,0,0.5233818958805551,0.476611391022029,6.713097416009986e-06
0,0,0.8098309441111038,0.19013275832137644,3.629756751985273e-05
0,0,0.6444961874859105,0.3555013256303402,2.486883749216554e-06
1,1,0.12034507192038939,0.879539780950669,0.0001151471289415
1,1,0.024830624417427147,0.9740310774662725,0.0011382981163004613
1,1,0.06786224821637189,0.9260695677654905,0.006068184018137674
1,0,0.6029697590795573,0.39700766561877493,2.2575301667758075e-05
1,1,0.22936573503082616,0.7701258226827622,0.0005084422864116511
0,1,0.22996442628968874,0.7699581011158028,7.747259450854442e-05
0,0,0.5826079088619553,0.417387061147775,5.0299902696115835e-06
1,1,0.02647938749062338,0.8670451000428817,0.10647551246649489
1,1,0.02268447320737357,0.9770635309372268,0.0002519958553995905
0,0,0.656889502215552,0.34308120505331285,2.9292731135140078e-05
0,0,0.5894249284518314,0.4105711258335976,3.945714570867786e-06
1,1,0.12937849008907246,0.8681815639403241,0.002439945970603614
1,1,0.16846026074215442,0.8306412161655208,0.0008985230923248825
1,1,0.07661896212041133,0.9225013997050419,0.0008796381745468879
0,0,0.7767438040402537,0.2232557996707781,3.962889681574727e-07
1,1,0.26669206684235564,0.7312353348338865,0.002072598323757742
0,1,0.4966937051773944,0.5032954053669911,1.088945561454995e-05
0,0,0.5679024505151583,0.4320928872351491,4.662249692659011e-06
1,1,0.2546325600695763,0.7453455800600016,2.1859870421982953e-05
1,1,0.36135056886588746,0.6385988658056998,5.056532841272526e-05
1,1,0.12094201348413414,0.8790279558742351,3.00306416308535e-05
1,1,0.01674643036921755,0.770734766848547,0.2125188027822354
0,0,0.7943777358425069,0.205621358657444,9.055000490929357e-07
0,0,0.8026582563330596,0.19734153986479527,2.0380214517539637e-07
2,1,0.02426346278364393,0.5766895611806843,0.3990469760356717
0,0,0.5072341071672419,0.492732979774702,3.2913058056002295e-05
0,0,0.7263258921966133,0.2736715097633685,2.598040018264009e-06
0,1,0.33071255137487604,0.6682897998915366,0.0009976487335873604
0,0,0.9997858159747103,1.6781270836394203e-29,0.00021418402528973411
1,1,0.4612617280731183,0.5386556269547762,8.264497210543284e-05
0,0,0.5889542794749271,0.4109845513613443,6.11691637286452e-05
1,1,0.22602079939805303,0.7738615947065198,0.0001176058954270303
1,1,0.04541057657958082,0.9542639589846139,0.0003254644358052492
1,1,0.21024523033600814,0.7895509213366011,0.00020384832739076946
1,1,0.36072656177444795,0.6392394710077463,3.3967217805877184e-05
1,1,0.4510511605231465,0.5489333710666896,1.5468410164048472e-05
0,1,0.3020392565948523,0.6979314423225136,2.930108263418359e-05
0,1,0.44568943906519826,0.5543021253380767,8.435596725019066e-06
0,0,0.6925290936345609,0.3074568447975058,1.406156793317015e-05
1,1,0.08282014585765839,0.915736083196651,0.001443770945690759
0,0,0.8736287300992744,0.1263675425299607,3.7273707649677444e-06
0,1,0.0979134625195503,0.9012915647295117,0.0007949727509380416
1,1,0.29852077764616847,0.7014349592353252,4.4263118506410474e-05
0,0,0.5860117821933447,0.41381383906233565,0.00017437874431960597
0,0,0.812791030536783,0.18720625736283886,2.712100378081947e-06
1,1,0.04104519172640129,0.9571837917556963,0.0017710165179023669
1,1,1.9264381321515875e-07,0.6736435216685905,0.32635628568759634
0,0,0.9999575595973826,4.4483960892600764e-29,4.244040261728712e-05
0,0,0.9145197870442423,0.08547997460642347,2.3834933412331694e-07
0,1,0.43130103873551817,0.568662613517949,3.634774653280988e-05
1,0,0.576125801340765,0.423861795258375,1.2403400860080049e-05
1,1,0.02682261403888382,0.8529127908768881,0.12026459508422802
1,1,0.27623174414910395,0.7230873342992756,0.0006809215516204338
0,0,0.8195027679139257,0.18049705163874225,1.8044733211794798e-07
1,1,0.0365601416358575,0.9053956679961348,0.058044190368007675
2,2,7.030174394249295e-12,0.011413892377990752,0.9885861076149791
1,1,0.21515987161303493,0.7848030967127932,3.703167417193586e-05
1,0,0.5020276426856167,0.4979086927173157,6.366459706750967e-05
0,0,0.7122814861527027,0.28770044548318296,1.8068364114318615e-05
0,1,0.4249368033413694,0.5750080242995137,5.517235911679281e-05
0,0,0.8716024704714824,0.12839684932189213,6.802066253931846e-07
0,1,0.4045028290090932,0.595477111899705,2.0059091201850446e-05
2,2,2.5970512405166377e-52,5.132266261282177e-56,1.0
0,1,0.4938192940401315,0.5061701254044861,1.0580555382339131e-05
2,2,3.803744871046175e-06,0.10028744654556435,0.8997087497095646
0,0,0.5539762816338649,0.4460116392259546,1.207914018042065e-05
1,1,0.46876558310068317,0.5312271452164214,7.271682895359873e-06
1,1,0.17533460655776859,0.8245589128530472,0.00010648058918432524
1,1,0.18047548852969436,0.8192075565136333,0.0003169549566723681
1,1,0.04407913156186135,0.9537828398989199,0.002138028539218731
0,0,0.9807732545530642,0.019226229509903287,5.159370326377143e-07
1,1,0.0644544124096583,0.8703893324058395,0.06515625518450226
1,0,0.618139646370887,0.38184780308037025,1.2550548742685956e-05
0,0,0.5438618556132755,0.45612655361600996,1.1590770714451099e-05
1,1,0.057903559756840715,0.9362851623607327,0.005811277882426737
0,1,0.26595824852476463,0.734026651172148,1.5100303087468722e-05
0,0,0.9555278454140552,0.04447188091378365,2.7367216104428097e-07
1,1,0.12364562930510517,0.8762993757521529,5.4994942741977686e-05
1,1,0.09426971177126767,0.9047342328467306,0.0009960553820016448
1,1,0.16400113511018352,0.8359571945956206,4.167029419598353e-05
0,0,0.8154278716582394,0.18448983224390633,8.229609785439924e-05
1,1,0.1639595593013193,0.8359121142097975,0.00012832648888320638
1,1,0.15015487318374987,0.8487155654638362,0.0011295613524139464
1,0,0.7574264127614876,0.24256030937172765,1.3277866784790289e-05
0,0,0.6645195659544519,0.3354579713500341,2.2462695514031662e-05
1,0,0.6631579703272359,0.33683522069996996,6.8089727939730505e-06
0,0,0.6895727493134539,0.3104260807444967,1.1699420493605446e-06
1,1,0.0377077485924432,0.9208500551876783,0.041442196219878574
0,0,0.7604923536483127,0.23950207591401712,5.570437670240242e-06
0,0,0.9079272216426363,0.09207215984350403,6.185138596681043e-07
1,1,0.38811502959882094,0.6118657893185008,1.9181082678347443e-05
0,0,0.6888345875495663,0.31113873305669343,2.667939374030649e-05
1,1,0.11863471977232805,0.8795147304609181,0.0018505497667539697
1,1,0.11670329809930509,0.8825898001846506,0.0007069017160443515
0,1,0.15204243050179322,0.8478660902243419,9.147927386500787e-05
0,0,0.7096176415993447,0.2903787647257641,3.5936748912397087e-06
1,0,0.722335893811121,0.27766349562067755,6.105682013753724e-07
1,1,0.31298758243993274,0.6869894446391744,2.2972920892810416e-05
1,1,0.01782923949773163,0.9819632602189957,0.00020750028327248726
1,1,0.09259411478994672,0.9067059129506816,0.0006999722593717538
1,1,0.4345146879974191,0.5654636887008881,2.162330169280066e-05
1,1,0.043947798742302625,0.8860923674952708,0.0699598337624266
1,1,0.0895189197382465,0.905330414404031,0.005150665857722609
0,1,0.05406822240486697,0.8685340942300515,0.07739768336508154
1,1,0.08284449435950109,0.9170961536146954,5.93520258034813e-05
0,0,0.6711455033959514,0.3288525118775306,1.9847265179247853e-06
1,0,0.6932254953180809,0.30675953208770557,1.4972594213574972e-05
0,0,0.7265658205168228,0.2734294598307542,4.719652423136181e-06
0,0,0.9008162252782993,0.09916159669789054,2.2178023810077364e-05
1,0,0.7231890688056848,0.27678651496804585,2.441622626925166e-05
1,1,0.2753893766909415,0.7242211556655122,0.0003894676435463441
1,1,0.17546642606349747,0.8227700316470916,0.0017635422894108537
0,0,0.5949295552064606,0.4050630154260692,7.429367470110415e-06
0,0,0.7492146780007379,0.2507849231724795,3.988267826081968e-07
0,0,0.9647511613695965,0.03523905134676178,9.787283641832679e-06
0,0,0.682825319325457,0.3171725717007666,2.108973776407495e-06
1,1,0.018027340787799922,0.9808999714090765,0.0010726878031236862
1,1,0.19904456477934382,0.800899392385221,5.6042835435201e-05
0,0,0.8654994409462803,0.13449939202301853,1.1670307013314892e-06
0,0,0.572299793454222,0.42769128543353396,8.921112244040287e-06
0,0,0.8646902230764736,0.13530966797145286,1.0895207365859205e-07
0,0,0.7848511932507196,0.21514825227869555,5.544705847203877e-07
1,1,0.019415454786364,0.8521187088504076,0.12846583636322842
1,1,0.15710817123328766,0.8426034878057929,0.00028834096091954667
1,1,0.4140239411606595,0.5859176891382334,5.8369701106995454e-05
0,0,0.6331985591652889,0.3667623059731497,3.913486156156439e-05
0,0,0.858422148150694,0.14157776025437474,9.159493126577661e-08
0,1,0.09694164145886609,0.9028157706830386,0.00024258785809529892
0,0,0.5221068888701812,0.4778869816626115,6.12946720733824e-06
0,1,0.4570959662270254,0.5428995715798172,4.462193157347414e-06
1,1,0.3663839448476276,0.6335670010339765,4.905411839601304e-05
0,0,0.8655497889007832,0.13445007376876922,1.3733044747423017e-07
0,0,0.5660473828404499,0.43394909752724603,3.5196323041286482e-06
1,1,0.016392937240304058,0.7674763649929929,0.21613069776670307
2,2,1.6060829059080262e-07,0.015064560430928832,0.9849352789607806
1,0,0.7431280117754183,0.25686514176389713,6.846460684718296e-06
2,2,8.561874136624057e-13,0.0031456412351464663,0.9968543587639973
1,1,0.49988918134987825,0.5000988504539836,1.1968196138140088e-05
1,0,0.8976558015886642,0.10197249477434159,0.0003717036369941755
1,1,0.4248232198471896,0.5751597327610982,1.704739171220328e-05
1,1,0.1508841937545957,0.848845879277893,0.00026992696751130163
1,0,0.7388510583362644,0.26114851796570576,4.2369802987598984e-07
0,0,0.6565809504686666,0.34341684480224954,2.2047290839455894e-06
0,0,0.6517505428988325,0.3482467687518834,2.68834928407313e-06
1,0,0.6944577311813398,0.30553730882068225,4.959997977856853e-06
1,1,0.4627139887502008,0.5371567364043938,0.0001292748454053628
2,2,4.240859754899376e-39,6.38324502082238e-40,1.0
0,0,0.9740637856824187,0.025934627683677693,1.58663390353107e-06
1,0,0.692963336827837,0.30702403593443395,1.2627237729095234e-05
1,1,0.034919693050466966,0.9618496001780237,0.003230706771509353
1,0,0.6578855906954991,0.3421078730979013,6.53620659960391e-06
1,0,0.5930852650737989,0.40690964548684466,5.089439356482959e-06
2,2,1.3897746955589194e-07,0.0660522078368655,0.933947653185665
1,1,0.4146503973514355,0.5853311763594353,1.842628912916341e-05
0,0,0.6555177928912556,0.3444804734475597,1.7336611846977527e-06
1,1,0.2904147962942873,0.7095723507454246,1.2852960288091934e-05
1,1,0.014364535732146399,0.974907270544687,0.01072819372316646
1,1,0.25606976197744924,0.7438533177563285,7.692026622210912e-05
1,1,0.14603488426163672,0.853651804702711,0.000313311035652365
1,1,0.04009519802892669,0.9247137002959195,0.035191101675153866
0,0,0.7867188832246629,0.21327875600355914,2.3607717779527735e-06
0,0,0.7013591806844308,0.29863329054463006,7.528770939100362e-06
0,0,0.5830154228964411,0.41697777658063273,6.800522926172313e-06
1,1,0.0860490821683607,0.9133900697189195,0.000560848112719878
1,1,0.22942334043041765,0.7705515727719391,2.508679764321244e-05
1,1,0.24698879918914188,0.7528576847444203,0.00015351606643768706
1,1,0.26711534369663115,0.7327900899379968,9.456636537215579e-05
2,2,0.0012323634204192192,0.10591521835295685,0.8928524182266239
1,0,0.5368017352377501,0.46317003904217297,2.8225720077054223e-05
1,0,0.764815632845807,0.23518337576546544,9.913887275132302e-07
0,1,0.3400329220119788,0.6595949497613731,0.0003721282266482114
1,1,0.43356763565826145,0.5664192760406271,1.3088301111311e-05
1,1,0.11184383322932345,0.8879648293870391,0.00019133738363741012
0,1,0.462699779607934,0.5370824716594507,0.00021774873261528916
0,1,0.341723160045738,0.65822946495809,4.737499617198134e-05
1,1,0.37813038765713647,0.6218342602215212,3.5352121342405426e-05
1,0,0.7258863183957313,0.2741082700116428,5.41159262605578e-06
1,1,0.04068342633572363,0.9590478760809035,0.0002686975833729295
0,0,0.7638567209872278,0.23612881565966642,1.4463353105912535e-05
1,1,0.28376079981008473,0.7161997352099522,3.946497996311313e-05
0,0,0.6384663948393193,0.3615330400069127,5.651537679143329e-07
1,1,0.4709668430342822,0.5290249990783806,8.157887337197804e-06
0,0,0.9999487878150788,4.583459245414868e-29,5.121218492119026e-05
1,1,0.0709229352756024,0.9288809768429303,0.00019608788146734473
0,0,0.9405407590806896,0.05945866215480075,5.787645096704102e-07
0,0,0.9477763741453643,0.052223273255582056,3.5259905372318326e-07
2,1,0.04652370178240763,0.9046064228096888,0.04886987540790347
2,2,4.998152241234556e-07,0.15687266447302925,0.8431268357117465
1,1,0.21797575186461385,0.7818995645952604,0.0001246835401256374
1,1,0.24204263457759062,0.75785800056994,9.936485246930076e-05
0,0,0.8969075571604518,0.10201683663317297,0.0010756062063752715
1,1,0.131087061548445,0.8686928479596772,0.0002200904918778758
1,1,0.06527606384580549,0.9345758422742894,0.00014809387990509472
1,1,0.3818939463580482,0.6179542484500699,0.00015180519188188785
0,1,0.3168825348880683,0.6830826991307334,3.476598119844057e-05
0,0,0.7375907957681916,0.26230756924043613,0.00010163499137220202
1,0,0.6619595128051804,0.3380271857370787,1.3301457740906472e-05
0,0,0.612918681799607,0.3867110375235294,0.000370280676863633
2,2,1.0995231339838275e-10,0.0909717427809445,0.9090282571091033
0,0,0.7152332207617096,0.2847659157308201,8.635074702425862e-07
1,1,0.024011799719927434,0.9751632838812201,0.0008249163988525032
1,1,0.4998329228657112,0.5001404554463416,2.6621687947192127e-05
1,1,0.25291303540088494,0.7470611877042046,2.577689491038788e-05
1,1,0.11073023071364557,0.8878965748681122,0.0013731944182422923
1,1,0.06062091927690885,0.9391226921594087,0.0002563885636825457
0,0,0.6049488839170427,0.3950400340697522,1.1082013205150755e-05
0,0,0.9594968424421649,0.04050162625325904,1.5313045759166229e-06
1,1,0.34506500349504426,0.6546047987236044,0.0003301977813513542
1,1,0.3876781937325165,0.6123010256239284,2.0780643555014496e-05
1,1,0.28321127906923876,0.7167288820727707,5.983885799036882e-05
1,1,0.12694566370889726,0.8711919851189469,0.0018623511721558399
1,1,0.09610816773661578,0.9038162824414758,7.554982190837016e-05
1,0,0.7068359034003985,0.29315336794504065,1.0728654560888008e-05
2,2,0.0021082423214520223,0.14640965573406872,0.8514821019444793
0,0,0.8395794475989009,0.1604101712964334,1.0381104665787931e-05
1,1,0.06785762424301492,0.8944369483403894,0.03770542741659555
1,1,0.028609426021028856,0.6848284547385893,0.2865621192403818
2,2,0.0006523985530328919,0.063863973876321,0.9354836275706461
1,1,0.4706458448777598,0.5293325099314905,2.1645190749709604e-05
1,1,0.02169946659461405,0.8124065869007282,0.16589394650465777
2,2,7.220596041397068e-12,0.0152664754699162,0.9847335245228632
0,1,0.30907294797493046,0.6906133586368033,0.00031369338826616773
1,1,0.01703483988953318,0.7212276163250243,0.2617375437854427
0,1,0.42794489215512393,0.5720397521443396,1.5355700536516746e-05
1,1,0.08100448266995668,0.9103781508166192,0.00861736651342408
0,0,0.9183884160275677,0.08161050387804523,1.0800943871776433e-06
1,1,0.4043020653737151,0.5956896249509895,8.309675295294386e-06
0,0,0.9370344342685417,0.06292451163416168,4.105409729675255e-05
1,0,0.6225504352016603,0.37744826710331664,1.2976950231694967e-06
0,1,0.2233124877078318,0.7766305706294766,5.6941662691804144e-05
1,1,0.05145859447421383,0.9482056868743676,0.0003357186514187307
0,1,0.19812422832263984,0.8010339620634042,0.0008418096139560566
1,1,0.038350103922066794,0.9458923342873052,0.01575756179062806
1,1,0.4709797967632109,0.5281476345524893,0.000872568684299829
1,1,0.13178303733043495,0.8679825135921694,0.00023444907739567775
1,1,0.06574858079068491,0.9275847062060382,0.006666713003276926
1,1,0.20226478650132304,0.7976627755423126,7.24379563644725e-05
0,1,0.10877367641726086,0.8906707411828844,0.0005555823998548014
1,1,0.2151870787632075,0.7845182352110961,0.0002946860256962708
2,2,0.0010722883055537724,0.10503440477055136,0.8938933069238948
0,0,0.8495741123508063,0.15042575291124394,1.3473794987743005e-07
0,1,0.27245275413081665,0.7275048771128766,4.2368756306903116e-05
1,1,0.005229557971723555,0.687337138806149,0.30743330322212753
1,1,0.2084707260914781,0.7915047284889891,2.454541953263911e-05
0,0,0.8198554947460162,0.18014416820138404,3.3705259989706546e-07
0,0,0.742768887838794,0.2572301490784558,9.630827500580282e-07
0,0,0.9929632412569787,0.00703669244806032,6.629496110265223e-08
0,0,0.8421930375418147,0.1578020823919433,4.8800662421469494e-06
1,1,0.15812694084242196,0.7784864065715127,0.06338665258606532
2,2,2.9343870465033566e-06,0.08443434858004442,0.9155627170329089
0,0,0.7268589224245661,0.27313969440859726,1.383166836696215e-06
0,0,0.9084950565922798,0.09139781897676802,0.00010712443095221192
0,0,0.8978180524717259,0.102179746023393,2.2015048812067313e-06
1,1,0.2855662375258351,0.7142799455878788,0.00015381688628610278
0,1,0.47047594354633826,0.5295048337590654,1.9222694596332145e-05
0,0,0.8057493803052647,0.19425036841984275,2.512748927029804e-07
0,0,0.8002868233390334,0.19971209626937456,1.0803915920437078e-06
2,2,9.107339181127066e-52,8.361863387343928e-56,1.0
1,1,0.16479599670992448,0.8340978471870242,0.0011061561030513579
0,0,0.749607842283243,0.25039019943368523,1.958283071732505e-06
1,1,0.21132547533780768,0.7878832739015657,0.0007912507606265883
1,1,0.03300570740765576,0.9633288190594211,0.0036654735329228957
0,0,0.8079096697775212,0.19206982809006226,2.0502132416502674e-05
1,1,0.15846290463031637,0.841235398442963,0.0003016969267205267
1,1,0.16979519287137984,0.8299741719513792,0.00023063517724099733
1,1,0.2789338111186742,0.7209497841554612,0.00011640472586464943
1,1,0.2276331751765108,0.7719479974225595,0.0004188274009297023
0,0,0.8003195463004259,0.19967541703628694,5.036663287218357e-06
1,1,0.023137657164953446,0.9746852080992893,0.0021771347357572492
1,1,0.09335174620811049,0.9055976717508208,0.0010505820410686248
1,1,7.486709050461395e-05,0.6497850646297667,0.3501400682797287
1,1,0.007778887174986441,0.96678215411268,0.02543895871233362
0,0,0.5570069449903488,0.4429878714031644,5.183606486854483e-06
1,1,0.22318848556508417,0.7767834173004114,2.8097134504520256e-05
1,0,0.7558940175052932,0.2440933169570179,1.2665537689047085e-05
1,1,0.038727272375407316,0.9203064012391954,0.0409663263853972
1,1,0.4801906937127109,0.5198058114305304,3.494856758564649e-06
1,1,0.20124604907286514,0.798195392702725,0.0005585582244098692
0,1,0.16509988092395864,0.8346685890222003,0.00023153005384100427
0,1,0.29309630464364433,0.7066297727427558,0.00027392261359974915
0,1,0.38738900569127804,0.6124671228086239,0.00014387150009800696
0,0,0.9340846670035803,0.06591523501027155,9.798614823946784e-08
1,1,0.1496295144619647,0.8502942110376123,7.627450042318558e-05
0,0,0.8407106074806446,0.15928864215566033,7.503636952373775e-07
0,0,0.5374682991866448,0.4625161733454085,1.5527467946641447e-05
1,1,0.11415671429797629,0.885794469890634,4.881581138956551e-05
1,1,0.03815355945971333,0.9614927059993436,0.0003537345409430614
0,0,0.9655139889545019,0.03444929644027009,3.671460522808224e-05
1,1,0.36974995263263966,0.6302384779042162,1.1569463144105402e-05
1,1,0.2775550557848579,0.7218062910965825,0.0006386531185595503
2,2,1.0384969172306558e-07,0.06763176055153883,0.9323681355987694
2,2,2.602367515936588e-07,0.02756836476982012,0.9724313749934282
0,1,0.4788247646635682,0.5211517541337136,2.3481202718185043e-05
1,1,0.1226386657128382,0.877166390177933,0.00019494410922879065
2,2,1.0247441084782193e-12,0.0008792552561459495,0.9991207447428293
1,1,0.37993528418222144,0.6200571754179943,7.540399784322762e-06
1,1,0.3021626673037861,0.6977457320398736,9.16006563402682e-05
0,0,0.767542182690932,0.23245540904636341,2.4082627046154144e-06
2,2,1.070053653652329e-09,0.3145774857174119,0.6854225132125343
0,0,0.839998131050483,0.15999788176181895,3.987187698037367e-06
1,1,0.2316130130729137,0.7679388103638807,0.00044817656320561935
0,0,0.692526685499067,0.30745994936525844,1.336513567447296e-05
1,1,0.09101989827299127,0.9081069064182333,0.000873195308775547
1,1,0.41462140425716926,0.5851810747730154,0.000197520969815252
0,0,0.6365851905152312,0.3633507958764401,6.401360832866596e-05
1,0,0.6148531645857596,0.3851453379782738,1.4974359666208077e-06
0,0,0.9242381893330982,0.07576053079603709,1.2798708646894878e-06
1,1,0.1908375240228512,0.8088242904662007,0.000338185510948182
0,1,0.4282192449677704,0.5717469910520696,3.376398015996903e-05
1,0,0.6854910125465983,0.31449868268379977,1.0304769602041918e-05
1,2,1.683064060253929e-09,0.3983932127763984,0.6016067855405376
1,1,0.05658980835974932,0.9424500502384746,0.0009601414017760461
1,0,0.6169492485553858,0.38304991855006165,8.328945527012466e-07
1,1,0.299547461858834,0.7003838690196703,6.866912149556735e-05
0,0,0.9266251206015187,0.07337472949948046,1.4989900086137492e-07
1,1,0.30410768504865004,0.6953694872669838,0.0005228276843661942
1,1,0.2072764406441789,0.7921189809335746,0.0006045784222464267
1,1,0.15352265952789942,0.8464146624432827,6.26780288178131e-05
1,1,0.09956202544349857,0.9003192089032742,0.00011876565322729701
2,2,1.1151981601547745e-08,0.0022729999872128405,0.9977269888608056
1,1,0.12331754722512892,0.8761176730105391,0.0005647797643320055
1,1,0.09890628369241343,0.8923894378534637,0.00870427845412286
1,1,0.15048407623916885,0.8493858151976365,0.00013010856319481832
0,0,0.5309368343174717,0.46905663532464303,6.530357885358069e-06
1,1,0.09413203025459498,0.8954384725871749,0.010429497158230067
1,0,0.7599211555825729,0.24006559868478586,1.3245732641224165e-05
1,0,0.7332748145962157,0.26669933462361417,2.5850780170295315e-05
0,1,0.27739852541978366,0.7225182690203079,8.320555990834809e-05
0,1,0.36758875523858586,0.6322076684262646,0.00020357633514947785
1,1,0.06399495730864409,0.9072889041803696,0.028716138510986373
1,1,0.010579524358398347,0.9865087947000835,0.00291168094151833
1,1,0.15936045317452452,0.8404425227076259,0.0001970241178496725
0,1,0.4338053474302078,0.5660645283917931,0.00013012417799905678
1,1,0.09980468130427028,0.9000999009421485,9.541775358125078e-05
0,1,0.4945443440198718,0.5053583113015603,9.734467856793669e-05
1,1,0.1097782921831511,0.8897775070032955,0.0004442008135533968
1,1,0.2988126555167169,0.7009812898265766,0.00020605465670645614
0,0,0.8291681636540112,0.17083064390391678,1.1924420718719688e-06
1,1,0.2847063289543583,0.7152450428537473,4.862819189436867e-05
0,1,0.1061751225535952,0.8805643611608444,0.013260516285560372
1,1,0.4088585454959939,0.5911217200638228,1.973444018341718e-05
0,0,0.7733724016712815,0.22662688031944678,7.180092717168638e-07
1,1,0.35708547433459564,0.6428672313098471,4.7294355557096133e-05
2,2,2.4355505287626516e-07,0.02238403084087532,0.9776157256040717
1,1,0.051875095629578524,0.9155267968165541,0.032598107553867384
1,0,0.7433578730891612,0.256620081747423,2.2045163415790455e-05
0,0,0.8241675793227926,0.1758315302175768,8.90459630672069e-07
0,0,0.7768331687976734,0.22316305974078607,3.77146154054363e-06
1,1,0.342913619521383,0.6570749221314687,1.145834714849357e-05
0,0,0.7899718210698519,0.21002652108485792,1.6578452902136314e-06
1,1,0.09080971093529762,0.9088002299987612,0.0003900590659411508
2,2,6.874016743851839e-06,0.15735014426149965,0.8426429817217564
1,1,0.046020285173119554,0.8981305357158416,0.05584917911103882
1,1,0.06032447307383805,0.9386107755105619,0.0010647514155999874
1,1,0.33069779667734767,0.6691356239014323,0.00016657942122007055
1,1,0.02100242538249367,0.8168804180624807,0.16211715655502573
1,1,0.04064247926174083,0.9093537681145303,0.05000375262372878
1,1,0.30813676346337554,0.6917608716711079,0.0001023648655166055
0,0,0.93750844958983,0.06249102447054942,5.259396206586645e-07
1,1,0.13476048477562946,0.8651830019463571,5.6513278013404343e-05
0,1,0.11874002740607636,0.880928979486895,0.00033099310702869945
0,1,0.43428156039484767,0.5657022520174605,1.618758769180155e-05
2,2,3.033935271913114e-07,0.13587129447649843,0.8641284021299743
0,0,0.7183581269624345,0.2815889988834571,5.287415410820173e-05
0,0,0.8743603281893777,0.12563964415790219,2.7652720122317655e-08
1,0,0.7953261071364699,0.20467095589169648,2.9369718337105397e-06
1,1,0.44828436268586047,0.5515946705360063,0.00012096677813310102
1,0,0.5244815068598394,0.4755077541358501,1.0739004310482296e-05
1,1,0.2440769328092341,0.7556698308206607,0.00025323637010512884
0,0,0.8619121608247546,0.13808393835502794,3.900820217400727e-06
1,1,0.11325980051546096,0.8703574519257861,0.016382747558753033
1,1,0.39554643419936664,0.604424616147872,2.894965276129013e-05
1,1,0.2260393107020055,0.7718534715046586,0.0021072177933359076
2,2,1.3460909931338388e-06,0.062377545535036945,0.9376211083739701
0,0,0.7686353937611641,0.23136402800757483,5.782312611648585e-07
1,1,0.08671767169825734,0.913219466422338,6.28618794047493e-05
1,1,0.02201465373627647,0.976710151339034,0.0012751949246894829
1,1,0.04775277483697826,0.9519358466000551,0.000311378562966523
0,0,0.7506285098945166,0.24937095924376249,5.308617208622741e-07
0,0,0.7646615259563112,0.23533032877685908,8.145266829775346e-06
1,1,0.22021383204535397,0.7791786906728119,0.0006074772818341277
1,0,0.8049581335948638,0.19503924274059292,2.6236645432947736e-06
1,1,0.3645929391869409,0.6307962261944933,0.0046108346185659045
0,0,0.9701994304585433,0.029792665797172876,7.903744283839322e-06
1,1,0.046288167274697395,0.953387883117491,0.0003239496078114876
0,1,0.25093367552223694,0.7484298440130421,0.0006364804647209077
0,0,0.6545126579124149,0.34548115702591203,6.185061673091148e-06
1,0,0.5625154034381982,0.4374590111951484,2.558536665347685e-05
0,0,0.7159713471946116,0.2839987242787581,2.9928526630241157e-05
1,1,0.11602416747082628,0.8838425293963271,0.00013330313284671196
1,1,0.29194853222387684,0.7080204698271378,3.099794898522043e-05
0,1,0.16392399236135072,0.8353805035144615,0.0006955041241877235
1,1,0.043360973679844886,0.8783403713676491,0.07829865495250607
0,0,0.8044915895976914,0.19549648739233885,1.1923009969715755e-05
0,0,0.8772522687413169,0.12274760133517251,1.2992351063617404e-07
0,0,0.843724270511587,0.15395195113073543,0.002323778357677579
0,0,0.7179654702409315,0.2820341645684857,3.651905829442819e-07
0,1,0.4371677192397774,0.5627815995160098,5.068124421298498e-05
1,1,0.16552283544586352,0.8343069606545368,0.0001702038995996508
1,1,0.022110876824766285,0.8935777421406098,0.0843113810346239
1,1,0.033902370390349656,0.946421023543779,0.019676606065871505
0,0,0.9551313707922005,0.044861530945242326,7.098262557195289e-06
2,2,0.003912822678038895,0.26367556276916226,0.7324116145527987
1,1,0.2587143125491775,0.7404779457154075,0.0008077417354151198
1,1,0.21695036016035935,0.7828440074831858,0.00020563235645483513
0,0,0.560843796312563,0.43914705964209044,9.144045346470664e-06
0,1,0.1918005447606925,0.8081564198143364,4.303542497102662e-05
1,1,0.042394015943534986,0.9571351429418806,0.00047084111458450893
0,0,0.9655819411997572,0.03440373802797411,1.432077226875027e-05
0,0,0.9382400242128994,0.06175448151609766,5.494271002803369e-06
1,1,0.05493277924068332,0.9448516418335445,0.00021557892577226634
2,1,0.027827333323034203,0.7507394725425529,0.221433194134413
1,0,0.7598845715345816,0.24011494447479115,4.839906272769394e-07
1,1,0.12689762389927225,0.8566828719546925,0.016419504146035168
0,1,0.31830245836399057,0.6816600126179916,3.752901801782047e-05
1,1,0.1592487121774654,0.8293158026242717,0.01143548519826273
0,0,0.7303558474874344,0.2696429720954817,1.1804170837080945e-06
1,1,0.21003857647575172,0.789812228888954,0.0001491946352942213
1,1,0.3894913386038909,0.6102480053285115,0.0002606560675975742
1,1,0.40419752110825047,0.5957934784362818,9.000455467764053e-06
0,1,0.37029244399502875,0.6295813682748433,0.0001261877301279735
0,0,0.865321904161762,0.1346751184404634,2.977397774610613e-06
0,0,0.6441680265622206,0.3558304446772047,1.528760574738341e-06
1,2,0.02214103498804218,0.4800434892344724,0.49781547577748547
1,1,0.16600620726085305,0.828908654483485,0.005085138255661811
1,1,0.3906464095830291,0.6093385271781967,1.5063238774234681e-05
1,1,0.31791345109916,0.6820729433564418,1.3605544398281528e-05
1,2,7.909222098220018e-08,0.49184739586042636,0.5081525250473528
2,1,0.026067570500737006,0.8536140377220898,0.12031839177717327
1,1,0.16704066317310098,0.8328846681480977,7.46686788013057e-05
1,1,0.2115337050087327,0.7882331688617432,0.00023312612952407276
1,1,0.44323932685510614,0.5567444374856862,1.623565920760217e-05
1,1,0.0827447949709713,0.9060449235294127,0.011210281499616042
1,1,0.03307821320331844,0.9544095337574047,0.012512253039276907
1,1,0.3666892305114755,0.632922709163591,0.0003880603249335559
1,0,0.6135418711420491,0.38643609796412487,2.2030893826115513e-05
0,0,0.6503189643786869,0.3495860215440259,9.50140772872201e-05
0,1,0.44114151636855814,0.5588437666784027,1.471695303913693e-05
1,0,0.5400209668770563,0.45995157810613485,2.7455016808847737e-05
1,1,0.050315290278133674,0.9495085305822643,0.00017617913960214955
0,1,0.22570483332340058,0.7740818619957562,0.0002133046808431957
0,0,0.6845222039580837,0.31544909276355243,2.8703278363881996e-05
1,1,0.25784286748946333,0.7415551689558296,0.0006019635547070358
0,0,0.8786971738816809,0.12130180306314929,1.0230551698274084e-06
1,1,0.3983288357851564,0.6016604393530972,1.07248617464759e-05
1,1,0.45447175424113867,0.5445176608007525,0.0010105849581087839
0,0,0.9551503698067716,0.04484951619889572,1.1399433266715536e-07
1,1,0.3719596253572371,0.62797498808385,6.538655891292905e-05
1,2,5.34243881841338e-07,0.12120622326168767,0.8787932424944306
1,0,0.7087754275707924,0.291223370876634,1.201552573555755e-06
0,0,0.819348351741071,0.180650303442957,1.3448159721000915e-06
2,1,0.03268074034498578,0.8678602921486077,0.09945896750640647
1,1,0.1250685200606929,0.87441002132089,0.0005214586184170139
0,0,0.7123941532112511,0.2876041462183016,1.7005704473307409e-06
0,0,0.9335453832584072,0.06645375420661408,8.625349785725677e-07
1,1,0.03223764394658598,0.9675314859779676,0.00023087007544645425
0,0,0.5778508790779665,0.422146717880573,2.403041460404392e-06
0,0,0.7955935357135916,0.20440038448985468,6.079796553721687e-06
2,2,1.1746477923509207e-11,0.024527881023294403,0.9754721189649591
1,1,0.4413892915970183,0.5582237022876684,0.00038700611531333295
1,1,0.06597653845045358,0.9336577469672178,0.0003657145823285867
1,1,0.40019266792424585,0.5997957015167424,1.1630559011701895e-05
0,1,0.10156489709892194,0.897079907331446,0.0013551955696321078
0,1,0.3349347294203823,0.6650476088412064,1.766173841129445e-05
1,0,0.5105950467617457,0.4893853249941355,1.962824411870903e-05
0,1,0.31619551927668144,0.6837872018743387,1.7278848979909058e-05
1,1,0.3519332679285118,0.6480461863385412,2.054573294688477e-05
0,0,0.6977691277606055,0.3020981741766157,0.0001326980627787807
1,1,0.022646671363083886,0.8488684346050469,0.12848489403186913
0,0,0.7587873222552678,0.24120731681710608,5.360927625956162e-06
1,1,0.017208493908483107,0.9816815141283803,0.0011099919631365116
1,1,0.126645855192818,0.8733155111844901,3.86336226918533e-05
1,0,0.8277795665899762,0.17222009290413448,3.4050588935895143e-07
1,1,0.2687915883264284,0.7311908768807492,1.753479282237645e-05
1,1,0.047948488463593,0.9517277462060112,0.0003237653303957691
1,1,0.055789100915411956,0.9437982820813381,0.0004126170032500637
1,1,0.48406311507431643,0.5159351959754407,1.6889502428428179e-06
1,1,0.011977237447658442,0.9875822297533152,0.0004405327990263681
2,2,6.763139140894635e-07,0.03609424618700992,0.963905077499076
0,0,0.6208333651418138,0.3791644934008782,2.1414573079851336e-06
1,1,0.17102780258826944,0.8285955105727708,0.00037668683895983595
1,2,3.7954042198543395e-08,0.3884345415596354,0.6115654204863223
1,1,0.21921510852957474,0.7806592525080158,0.00012563896240955149
1,0,0.5639724235983189,0.43602113968868467,6.4367129964662085e-06
1,1,0.05976446584268966,0.9388359013320696,0.0013996328252407744
1,1,0.10300622605490353,0.8959953742189383,0.0009983997261580433
1,1,0.036674688780772374,0.9630896815231658,0.00023562969606201245
1,1,0.09471882167317648,0.9051235053733069,0.0001576729535165747
1,1,0.24366089593821566,0.7555659766820366,0.000773127379747738
1,1,0.3736891490480223,0.6260362972466018,0.00027455370537594415
1,1,0.1375496208989897,0.860749048090015,0.0017013310109952394
1,1,0.037550986570683724,0.8895484888241815,0.07290052460513471
1,1,0.14243953311147775,0.85617450127436,0.0013859656141622476
1,1,0.07557662524946486,0.9225237399205786,0.0018996348299566773
0,0,0.770279058340077,0.22971820013091615,2.7415290067535564e-06
0,1,0.4227113236706022,0.5772790688815348,9.607447862913752e-06
0,0,0.5522815514595238,0.44753996474526286,0.00017848379521339153
0,0,0.9415194100484675,0.05847020380678271,1.0386144749777248e-05
1,1,0.16143839195886608,0.8383081290317068,0.000253479009426949
2,2,1.353283175288408e-07,0.015434068251566934,0.9845657964201157
0,0,0.7163287826100972,0.28366896846356343,2.248926339357785e-06
2,2,2.0498158064051534e-12,0.004868326424544509,0.9951316735734058
0,1,0.375390001933602,0.6245844711554034,2.552691099456819e-05
1,1,0.16797838932153378,0.8246889673855954,0.007332643292870886
0,0,0.9183215687208256,0.08163225221551047,4.61790636638759e-05
0,0,0.6243069779640028,0.37568920061416505,3.821421832101665e-06
0,1,0.02757593439567248,0.9714612336275404,0.0009628319767870535
0,0,0.9275616599859585,0.07216670746344117,0.00027163255060042615
0,0,0.5457615116022057,0.454234952360503,3.536037291281228e-06
0,0,0.5066834724749851,0.4932842386672062,3.228885780871007e-05
0,0,0.6253700600598,0.3746277088217148,2.231118485250163e-06
2,2,1.0119171838983851e-40,3.948601297359044e-41,1.0
0,0,0.6273670017000182,0.3726215150655452,1.1483234436700794e-05
2,2,2.3336908724014343e-05,0.4881742147517772,0.5118024483394988
1,1,0.03202288329609316,0.9637405815295563,0.0042365351743505015
0,1,0.277535302949536,0.7223140454247903,0.00015065162567374637
2,2,8.30678224443702e-09,0.0011367115375746236,0.9988632801556431
1,1,0.06228887979938496,0.8687853034449982,0.06892581675561686
1,1,0.40121656798568806,0.5987077158780016,7.571613631024813e-05
0,0,0.956634257312438,0.04336224536084115,3.4973267209169482e-06
1,0,0.6140032462869248,0.3859835454127802,1.3208300294952697e-05
1,1,0.12407401103489821,0.875577958993542,0.00034802997155988113
1,1,0.2670173578640304,0.7326941582020465,0.00028848393392309735
1,1,0.07181346012020484,0.9280307963358085,0.00015574354398647768
0,0,0.9171496207153619,0.08284955771509508,8.215695429638583e-07
1,1,0.04241119321007497,0.9573097462684556,0.00027906052146947207
1,1,0.09082328193801761,0.9087847431571431,0.00039197490483920206
0,0,0.8535353222546417,0.14646413587617668,5.418691815931652e-07
2,2,0.00013743660753960858,0.022327634104266924,0.9775349292881935
0,1,0.2808337046983712,0.7188055640697784,0.000360731231850403
1,1,0.43982841007009055,0.5601693038846981,2.28604521124694e-06
1,1,0.2458905882289477,0.7534869587380768,0.0006224530329755684
1,1,0.05568337571863966,0.9440977289724656,0.00021889530889474164
2,2,2.855929019426649e-07,0.01602712451380056,0.9839725898932974
0,0,0.8997935615987726,0.1002063306169934,1.0778423393415836e-07
1,1,0.11254943988451548,0.8861789358772095,0.0012716242382749847
1,1,0.4467322255661988,0.5532616144606999,6.159973101302156e-06
0,0,0.8954569168859892,0.10454294496653035,1.3814748051967162e-07
1,1,0.33925817193219493,0.6606380184209911,0.00010380964681391819
1,1,0.16399636263138878,0.8359525804581621,5.1056910449005724e-05
0,1,0.4873519670795868,0.5125976982974528,5.033462296048832e-05
1,0,0.7515076456422233,0.24849173067836855,6.236794081487799e-07
0,0,0.9751288202481115,0.024859708080107353,1.147167178124399e-05
1,1,0.34069434520767006,0.658880693671924,0.0004249611204059251
1,0,0.6575342748741061,0.3424618654325968,3.859693297033399e-06
2,2,2.104070312394917e-05,0.26948816966019656,0.7304907896366793
0,0,0.8926126643851365,0.10643609569272013,0.0009512399221434317
0,0,0.7288615481545211,0.2711358710653451,2.5807801337375003e-06
1,0,0.5846738861844573,0.4153222217556718,3.892059870909867e-06
1,1,0.34282592565676334,0.657114242583836,5.983175940073856e-05
1,1,0.10596641193971096,0.8834752453516495,0.010558342708639624
0,1,0.27130310842520633,0.7284356575462535,0.000261234028540094
1,1,0.11095917766044813,0.8819340498002914,0.007106772539260275
1,1,0.15479428534082737,0.8450774679708277,0.00012824668834487678
0,0,0.9211057146650589,0.07889401503544011,2.702995011118828e-07
1,1,0.22849834662593702,0.7714772622056639,2.4391168398944794e-05
1,1,0.34008152500007294,0.6597526071467321,0.00016586785319488225
0,0,0.9685039439052903,0.03148512099090787,1.093510380188096e-05
1,1,0.19882275346470574,0.8011463416141228,3.090492117139483e-05
1,0,0.6162591601165035,0.38373725023172467,3.589651771764485e-06
1,1,0.028548506403478568,0.8880279840581186,0.08342350953840294
0,1,0.18218577263354474,0.8149508050934069,0.0028634222730483023
0,0,0.5112716035871677,0.4884982029777956,0.00023019343503666528
1,1,0.16191852085115468,0.8379233786617474,0.00015810048709792655
1,1,0.017577640279675344,0.9810414887274297,0.0013808709928949698
0,0,0.7528750392838651,0.2471248202054075,1.405107273068946e-07
0,1,0.4388570434255432,0.5611298326220066,1.3123952450177146e-05
0,1,0.24613027939627038,0.7538180731476903,5.164745603931871e-05
0,0,0.698705984829972,0.30129348538629946,5.29783728535765e-07
0,0,0.6941103329511541,0.3058842353720013,5.431676844677057e-06
1,1,0.2612909087869679,0.7386848599058449,2.4231307187239606e-05
1,1,0.03468738166163747,0.96263693023843,0.0026756880999324827
1,2,4.479050542344632e-06,0.03999503771705479,0.9600004832324028
0,1,0.36238389737154,0.6367880767741394,0.0008280258543206614
0,0,0.8844724430846862,0.11498015872080848,0.0005473981945053269
1,1,0.15657016600785226,0.8430986230154267,0.00033121097672122107
1,1,0.3984141716407833,0.6015537435798203,3.208477939624284e-05
1,1,0.2360610462054101,0.7638159414620277,0.0001230123325621459
0,0,0.8527214760140964,0.14658366950983762,0.0006948544760658214
0,0,0.9526515066815782,0.04734844317954703,5.0138874668009135e-08
1,1,0.2577955813742173,0.7421467397833018,5.7678842480869836e-05
1,1,0.05116712357894783,0.8704430170779276,0.07838985934312452
0,1,0.12214406732653944,0.8777961416808835,5.9790992577121123e-05
1,1,0.22204195001317914,0.7779154230020884,4.262698473257534e-05
1,1,0.06056905793881795,0.9369575214032637,0.0024734206579185318
0,0,0.6568084058817549,0.343184000323297,7.593794948014433e-06
2,2,8.99704509958077e-14,0.001110266888950845,0.9988897331109593
1,1,0.013307250663081898,0.9855380638496748,0.0011546854872434684
1,1,0.2231993070191143,0.776747479341334,5.3213639551623514e-05
2,2,6.26075001202421e-11,0.06567209564140107,0.9343279042959913
1,1,0.020417863199185524,0.769269539832576,0.21031259696823856
1,1,0.3515716661354665,0.6480647239663071,0.00036360989822639505
1,0,0.7140201523480009,0.2859640787888239,1.5768863175354044e-05
1,0,0.6661000064572918,0.3338569276441606,4.30658985476619e-05
1,0,0.622419216414942,0.3775787691473049,2.0144377531460486e-06
1,1,0.15393953966261162,0.8460239699899237,3.649034746455476e-05
1,1,0.06669583193895078,0.9068413421621921,0.02646282589885713
2,2,1.602933458313287e-06,0.0745912995605524,0.9254070975059893
1,1,0.22001888160202673,0.7798442830977378,0.0001368353002353598
0,0,0.767781166654565,0.23221786632394492,9.670214901371364e-07
0,0,0.6157902837850652,0.38420781311731156,1.90309762328825e-06
1,2,4.715866713031035e-07,0.1277475266334867,0.872252001779842
0,0,0.8352264329900477,0.16477304706204352,5.199479085960806e-07
2,2,7.08403292130592e-08,0.005847117922594769,0.9941528112370759
1,1,0.11805253567276827,0.8817091149189252,0.0002383494083064249
1,1,0.13003753166403725,0.8685798729092649,0.0013825954266977174
1,1,0.40965191841364473,0.5902838059248615,6.427566149372727e-05
1,1,0.19719590149293484,0.8027818995636514,2.2198943413740256e-05
1,1,0.028227429072139418,0.9711210826388631,0.0006514882889974583
1,1,0.3047061101596017,0.6952449748591379,4.891498126023494e-05
1,0,0.5109402344179794,0.4890512378746723,8.527707348181318e-06
1,1,0.105710065254314,0.8942179712533354,7.196349235072181e-05
1,1,0.11303282175459715,0.8790113382497667,0.007955839995636142
2,2,5.341114139414761e-07,0.01814400882632101,0.981855457062265
0,0,0.6297096198452703,0.36977434051797126,0.0005160396367583224
0,1,0.34768726483889784,0.6522123163509984,0.00010041881010377391
1,2,1.5219032416683882e-09,0.4560875761017538,0.543912422376343
0,0,0.9430933689886297,0.0569064541939435,1.7681742678828e-07
1,1,0.1580572677531772,0.8418986363638813,4.409588294160591e-05
0,1,0.43918640144480436,0.5607988574526885,1.4741102507112999e-05
0,0,0.984604273188951,0.015394529353624183,1.1974574247144984e-06
1,1,0.403601748627514,0.5963431766979578,5.5074674528201627e-05
1,1,0.08668272662537002,0.913218922103091,9.8351271539003e-05
1,0,0.546146038542483,0.4536237732810148,0.00023018817650224423
1,1,0.04085583358348628,0.9590876528256103,5.65135909034359e-05
1,0,0.8007645079564295,0.1992351468614251,3.451821453915546e-07
0,1,0.39115205758397886,0.6088219940402884,2.5948375732860216e-05
0,0,0.6741995709626486,0.32579625478101903,4.174256332428862e-06
0,0,0.8193291273777977,0.18064500558443916,2.5867037763037727e-05
0,1,0.03591389794127425,0.9638958640582073,0.00019023800051851385
1,1,0.3045624170507287,0.6953850752839159,5.250766535538976e-05
1,1,0.39506248676677413,0.6049119025549023,2.561067832349086e-05
0,0,0.8749358791367555,0.12506158220722138,2.538656023109513e-06
1,1,0.1703281638354609,0.8295688408498917,0.00010299531464738047
1,0,0.568346620302781,0.4316393342244962,1.4045472722715293e-05
1,1,0.10162787900725578,0.8981069530876684,0.0002651679050758523
1,0,0.738884955149813,0.26111200097755305,3.043872634027386e-06
1,1,0.03053794758232673,0.9677908470521435,0.0016712053655298378
1,0,0.652444466970665,0.34753397955471166,2.1553474623413507e-05
0,1,0.31153870597288136,0.6883339879395413,0.000127306087577317
1,1,0.11099210684909964,0.8853195141554044,0.0036883789954958494
1,1,0.12377958988334455,0.8759457820904141,0.0002746280262414786
2,2,1.4371449353287584e-09,0.4037209105427682,0.5962790880200869
1,1,0.046746320245984345,0.7760684079982948,0.17718527175572085
2,2,0.0006344218472378316,0.06820797843856435,0.9311575997141978
0,0,0.9056214902244559,0.09437841824657654,9.152896745343389e-08
1,1,0.10425144899018488,0.8951471342987726,0.0006014167110426739
1,1,0.019611275981297274,0.9754746008682034,0.004914123150499436
1,1,0.20938169658289998,0.7905173181014068,0.00010098531569320546
1,0,0.5427398822589249,0.45721157694869546,4.854079237955766e-05
0,0,0.6866231950175914,0.3133753809707258,1.424011682789828e-06
1,1,0.052761480099558465,0.8028782151408538,0.1443603047595878
0,1,0.39205592169274117,0.6079028303536355,4.1247953623261425e-05
0,1,0.13824551503591817,0.8614685091882834,0.00028597577579830786
0,0,0.7090147883715996,0.29098157401524744,3.637613153088681e-06
1,1,0.2210455740111502,0.7634684583486475,0.015485967640202368
2,2,0.0002567288333723608,0.04926304616969879,0.9504802249969289
1,1,0.45430073887658884,0.5456852851946521,1.3975928759038881e-05
1,0,0.7253829548187969,0.27461179549192094,5.249689282053361e-06
1,1,0.4690910317197523,0.5309028061652237,6.162115023949303e-06
1,1,0.12339515752606754,0.875298515608555,0.0013063268653773221
0,1,0.2703928872362796,0.7290055107929757,0.0006016019707446543
1,1,0.17466798300644942,0.825273825333523,5.819166002748717e-05
1,1,0.012515458629547583,0.9871252278566781,0.00035931351377420243
1,0,0.6270246481430575,0.37297020067117215,5.151185770472286e-06
0,1,0.43865428730679257,0.5613404981607423,5.2145324651984625e-06
0,1,0.45615545054039863,0.5438401837065999,4.36575300142111e-06
0,0,0.5395144605912484,0.4604832075324857,2.331876265976759e-06
0,0,0.9101245006381339,0.08987445753801188,1.0418238541425659e-06
1,1,0.08363982718030093,0.9129312059047296,0.0034289669149694486
1,1,0.43723079073374915,0.5627543637041692,1.48455620817126e-05
1,1,0.19555832477977447,0.8006885716777015,0.0037531035425242202
0,0,0.8042583279405742,0.19574147413138798,1.9792803787871722e-07
0,0,0.9227650067291412,0.077229444717277,5.548553581862224e-06
1,0,0.5386148039326814,0.46137968944743,5.506619888663037e-06
1,1,0.41737690381936815,0.58252417843763,9.891774300185861e-05
1,1,0.013732807355315907,0.925974086565256,0.06029310607942808
1,1,0.05272388858355032,0.9470495623962742,0.00022654902017549448
1,0,0.6307439399852116,0.36919552937083616,6.053064395216208e-05
1,1,0.07551334543347012,0.9095039160768823,0.014982738489647443
1,1,0.2953106717993133,0.7046743819961234,1.4946204563298266e-05
0,0,0.9606837856414404,0.03931614706438552,6.729417409990395e-08
1,1,0.31448326353051426,0.6853920258826192,0.00012471058686666403
2,2,2.587846671202984e-06,0.08042251890720489,0.919574893246124
1,0,0.5865353516868271,0.413361178890089,0.00010346942308373624
1,1,0.05276188293877685,0.946892257733899,0.00034585932732434055
0,0,0.7027149769288459,0.29726586325925847,1.9159811895627277e-05
1,1,0.17167985848945763,0.8209125893769024,0.00740755213363993
0,0,0.5409620360317996,0.4589558041042127,8.215986398776603e-05
0,0,0.7068214812649131,0.2931761050907728,2.4136443139856543e-06
0,1,0.18671836331338298,0.8128449524284627,0.0004366842581545211
2,2,6.77045807844373e-08,0.008298387647448195,0.9917015446479711
1,1,0.11656485174797761,0.8833430542403576,9.209401166463451e-05
1,1,0.2190149005853778,0.7803675167956654,0.0006175826189568378
1,0,0.6464361334769625,0.3535267148354924,3.715168754513967e-05
1,0,0.8238136635969239,0.17618603450078635,3.0190228972033446e-07
0,0,0.5011217259995737,0.4988322242580316,4.6049742394657453e-05
1,1,0.04299835529295488,0.9564788119338993,0.0005228327731458453
1,1,0.026263879068201545,0.8723830257126575,0.10135309521914095
1,1,0.27415472728223034,0.7258034725521972,4.180016557254943e-05
0,0,0.7694591886648656,0.23054024727380446,5.640613298841088e-07
0,1,0.2972875880190397,0.7026813055585086,3.110642245171703e-05
0,0,0.9999193731034217,1.1830042991092518e-29,8.062689657834741e-05
1,1,0.2715028570081347,0.7284686435622518,2.8499429613391363e-05
1,0,0.8922700627124776,0.10649228144307792,0.0012376558444444543
0,0,0.5347925903232097,0.46520689748625843,5.121905319091012e-07
0,0,0.7272911525067903,0.27270432955384205,4.51793936762112e-06
1,1,0.17394283322154977,0.8259699911127334,8.717566571684975e-05
1,2,0.0019169998182216816,0.12161790658143014,0.8764650936003482
0,1,0.3243458928213774,0.6756131336350589,4.0973543563679875e-05
0,0,0.8767971362893545,0.12185300303445339,0.001349860676192081
1,1,0.06272746007011074,0.8714602987490782,0.0658122411808112
0,0,0.5200813895478389,0.479913616520265,4.993931896213028e-06
0,0,0.8948885761850138,0.1043008687502195,0.000810555064766741
1,1,0.14077717947480517,0.8590797901644233,0.00014303036077146835
0,1,0.31036185267412886,0.689626074362111,1.2072963760045628e-05
0,0,0.7145428305639628,0.28545404862746765,3.120808569463685e-06
1,1,0.17829366747882797,0.8214934365245314,0.00021289599664059612
1,1,0.29949155543323297,0.7004372276353076,7.121693145940736e-05
1,1,0.07416719773635376,0.9240765272270566,0.001756275036589551
0,0,0.9525860193251089,0.04737492527332347,3.905540156764765e-05
2,2,0.00013536094290515652,0.030211782961816754,0.969652856095278
1,1,0.1934413008157805,0.8063439844170079,0.00021471476721144473
0,1,0.21320168451859883,0.7866305841444919,0.000167731336909248
1,1,0.21905431626412886,0.7808945285312885,5.1155204582717446e-05
1,1,0.2502057285848673,0.7492247564460324,0.0005695149691003952
0,0,0.9999991320677802,1.3371920940536303e-29,8.679322198443166e-07
1,0,0.6919994498273726,0.307999609206866,9.409657613409632e-07
1,1,0.1947723432539446,0.8052028803076703,2.477643838516452e-05
1,1,0.015766568742350315,0.9839960041983424,0.00023742705930715477
1,1,0.49777730404506026,0.502213489167663,9.206787276856445e-06
1,1,0.15596647608173111,0.8438803852273967,0.00015313869087210525
1,1,0.24835595490317566,0.7509396120039531,0.0007044330928711824
1,1,0.14500801406078492,0.854772275056976,0.0002197108822390319
2,2,3.676314947465792e-05,0.3634765888491969,0.6364866480013284
0,1,0.3288381013461964,0.6708927251953579,0.00026917345844563155
1,1,0.07914061261708513,0.9002024366392803,0.02065695074363458
0,0,0.8334415525516832,0.1665568107069458,1.6367413709765012e-06
1,1,0.27104749900881175,0.7284015391572853,0.0005509618339027916
1,0,0.5374552988821643,0.4624876215041295,5.7079613706350265e-05
1,0,0.5821564454805239,0.41783620154747086,7.352972005161056e-06
1,1,0.31512371713245363,0.6848654352830518,1.0847584494612318e-05
1,0,0.6127377145232829,0.3870544630767674,0.00020782239994988224
0,1,0.3620077106354985,0.6379633832015762,2.8906162925213008e-05
1,1,0.0970413469925054,0.9028615608759251,9.709213156960443e-05
1,1,0.27115335706245103,0.7274767259371272,0.0013699170004218917
0,1,0.19073854177372634,0.8090627763889059,0.00019868183736783263
0,1,0.3409964695576145,0.658911319629384,9.221081300164436e-05
0,0,0.6530511906116874,0.34693376521606617,1.5044172246574422e-05
0,1,0.16505604775816862,0.8347706507256094,0.0001733015162218843
1,1,0.04041985270675086,0.957877162187314,0.001702985105935097
0,0,0.8291417679745514,0.17085709322000475,1.1388054439293605e-06
1,0,0.9096151701437927,0.09038394639396165,8.834622455730711e-07
1,0,0.6082368383793173,0.3917437139161582,1.944770452439223e-05
2,2,1.9646738245554543e-05,0.2526928049135688,0.7472875483481857
1,1,0.2121355410140212,0.7878379757741328,2.6483211845901946e-05
0,0,0.945246370882954,0.0545313386884631,0.000222290428582806
0,0,0.644167021807097,0.3558308127614572,2.1654314457290845e-06
1,1,0.018268352322958453,0.979912219958653,0.0018194277183887512
1,1,0.2209973876811128,0.7789356417054344,6.69706134527927e-05
1,1,0.10052410228383515,0.89910474530123,0.00037115241493475965
1,1,0.027196612614546672,0.9727091753526679,9.421203278554636e-05
0,0,0.8343273097192309,0.1656678307774016,4.859503367578668e-06
0,0,0.9255714118618505,0.07430983272474319,0.00011875541340610833
1,0,0.6982838752425095,0.30167479651185153,4.132824563898063e-05
0,1,0.16607881542742,0.8336596082447855,0.00026157632779462355
2,2,3.754261515737092e-11,0.00704636906321762,0.9929536308992398
0,0,0.7503640673567168,0.24960410091906146,3.183172422180415e-05
1,1,0.1712654695636526,0.8286879555845509,4.6574851796478964e-05
1,1,0.4149706177645475,0.5850215157772621,7.866458190312867e-06
1,1,0.04604887073095107,0.9524518940550775,0.001499235213971376
0,0,0.7473770762880286,0.25262069652158226,2.2271903891321725e-06
1,1,0.0973155584326242,0.8999880021391499,0.0026964394282260927
2,2,3.4945820849356286e-13,0.0011005776190706345,0.9988994223805798
0,0,0.9081265646788671,0.09185787717505525,1.555814607760238e-05
1,1,0.15687573350786058,0.8411996266577914,0.0019246398343480626
0,1,0.09939379468805082,0.900114296529178,0.0004919087827712287
0,0,0.8184889549178819,0.18151090367446773,1.4140765045879256e-07
1,1,0.06876452338829563,0.9310989020574661,0.0001365745542382045
0,0,0.6533332733994681,0.3466321613265387,3.4565273993296576e-05
0,0,0.8767443656616588,0.1232555859219991,4.841634216529581e-08
0,0,0.5908360277053255,0.4091582995892387,5.672705435794593e-06
1,1,0.08884339141192611,0.9106186554748439,0.0005379531132300397
0,0,0.8706360685709147,0.1293576630310387,6.268398046488525e-06
1,1,0.34378163548288854,0.6562113636730481,7.0008440634322894e-06
0,1,0.19694882348878695,0.8021965746970502,0.0008546018141628299
1,1,0.22917328105206874,0.7707944760970561,3.224285087517588e-05
1,1,0.0520113992742569,0.9468609400815235,0.0011276606442195618
1,1,0.16816728790902633,0.8312448524328385,0.00058785965813515
0,0,0.6510055136851564,0.3489940837336575,4.025811863318303e-07
1,0,0.5435863321644043,0.455859728246749,0.0005539395888466912
1,0,0.5122359673713044,0.48755995567453947,0.00020407695415617402
0,0,0.5998947984806906,0.4000248795223256,8.032199698376024e-05
0,1,0.40379639936661665,0.5961944870181772,9.113615206110729e-06
2,2,1.096870274459407e-06,0.03364493044514429,0.9663539726845812
1,1,0.4430481478789736,0.556941373501335,1.047861969149543e-05
1,1,0.3336345974992136,0.665887934945555,0.00047746755523130226
0,0,0.9553399816194034,0.04464937034248738,1.0648038109081122e-05
0,1,0.4071804105354147,0.592816194973715,3.3944908704520572e-06
2,2,3.7964102978374993e-06,0.11600167075264675,0.8839945328370554
0,0,0.8891326033021757,0.1108601520589843,7.24463883995403e-06
1,1,0.027801754861879097,0.9717106907932259,0.0004875543448950511
0,0,0.621484219977408,0.3784928191952077,2.2960827384261388e-05
0,0,0.9217334519886653,0.07826446529639615,2.082714938382503e-06
0,0,0.7767093936701635,0.22329050403548406,1.022943524341355e-07
2,2,1.957843463296683e-06,0.06322942004810313,0.9367686221084336
0,1,0.2580946051163526,0.7418570963799811,4.829850366619164e-05
0,1,0.30816424238900353,0.6917699527618767,6.580484911975439e-05
0,0,0.5920131582801716,0.4079846066330902,2.235086738141279e-06
1,1,0.08523155499437979,0.9099162127466034,0.00485223225901703
2,2,1.195107694861957e-07,0.006062889692004328,0.9939369907972261
1,1,0.02121004682409621,0.9726392737682488,0.006150679407655086
0,1,0.4720766613807504,0.5279166074372063,6.7311820434134395e-06
1,1,0.04285352235488026,0.913249179626165,0.04389729801895473
0,0,0.973818164134393,0.026180312915587468,1.5229500194806077e-06
0,0,0.8279900067342585,0.17200914017717445,8.530885669691624e-07
1,1,0.22606523506209739,0.7738268022747473,0.00010796266315521512
0,0,0.8641968484851983,0.13497822667074216,0.0008249248440595257
1,1,0.20972605876356093,0.7900990074890131,0.00017493374742599967
1,0,0.50144143038945,0.49855175126479645,6.818345753528207e-06
1,1,0.08623277702542388,0.8375628629224645,0.07620436005211143
0,0,0.6859448122158235,0.31405178481015017,3.402974026340054e-06
1,2,4.926015034052309e-05,0.42324420482337144,0.5767065350262881
1,1,0.08212015453004116,0.9176858781170438,0.00019396735291491235
0,1,0.14302479466831372,0.8568827998334393,9.240549824695585e-05
1,0,0.585403176682073,0.41458886945173773,7.953866189268501e-06
0,1,0.08172994373060252,0.9181407893859519,0.0001292668834456163
2,2,9.355276362585371e-07,0.039984176478273334,0.9600148879940905
0,1,0.15198711045391358,0.847547563363839,0.0004653261822473255
0,0,0.5385623642211583,0.46142652376637217,1.1112012469631098e-05
0,0,0.7189520460927572,0.28102593215332944,2.2021753913375767e-05
0,0,0.602405108531871,0.39759362801725356,1.2634508754002896e-06
0,0,0.9013863349459365,0.09859700174049463,1.6663313569068016e-05
2,2,6.379464076887648e-06,0.1608811117057375,0.8391125088301855
1,1,0.19182252275910627,0.8076017494911333,0.0005757277497603109
1,1,0.10767638551571182,0.8920911694535947,0.00023244503069364187
1,1,0.19553190739855936,0.8043586508819233,0.00010944171951750664
0,0,0.7009399442788694,0.2866727216918518,0.012387334029278595
2,2,0.002522315370984834,0.25100418824605475,0.7464734963829603
0,0,0.6789900240853578,0.3210047878063076,5.188108334495497e-06
1,1,0.47278743016145114,0.5272009649782299,1.1604860318889761e-05
1,1,0.06324472079177507,0.9365957191914175,0.00015956001680732547
1,1,0.31152262963977567,0.68827600709333,0.00020136326689427106
1,1,0.32908145860492205,0.6709060512635124,1.2490131565544338e-05
0,0,0.7611230319485173,0.2388751371606985,1.8308907843306608e-06
1,1,0.39555219453702783,0.6043489431649041,9.886229806820359e-05
1,0,0.5661679639751386,0.43382996913234845,2.0668925129399254e-06
0,0,0.8531574976550054,0.1468413693479731,1.1329970216301077e-06
0,1,0.448314602661661,0.5508489347226446,0.0008364626156942022
1,1,0.15945907916342114,0.8404994066538884,4.151418269033959e-05
0,0,0.7329367137518545,0.26706292167819834,3.6456994696740496e-07
1,1,0.46098460478200004,0.538988897178915,2.649803908506737e-05
1,1,0.12315085851495697,0.8766230791964348,0.0002260622886082887
1,1,0.29557181841384333,0.7043657726718681,6.240891428855352e-05
0,1,0.14215376578061728,0.8571182306867682,0.0007280035326146091
1,0,0.534021875380304,0.46595384927166417,2.427534803178946e-05
1,1,0.335055413510145,0.6648254768391324,0.00011910965072270539
1,1,0.3983046170833212,0.6016833977601137,1.1985156565105716e-05
0,1,0.30855870595331925,0.6913226519752269,0.00011864207145381889
1,1,0.1487630927827673,0.8337474032155857,0.017489504001646932
1,1,0.03295352753935843,0.9640086087156575,0.0030378637449840723
1,1,0.07494634521768441,0.9241632483392537,0.0008904064430620947
1,1,0.1265441191985046,0.8732499485028952,0.00020593229860019061
0,0,0.6952022976930311,0.30475258901446095,4.5113292507957756e-05
1,1,0.27854951153998203,0.7213766549578611,7.383350215692289e-05
1,1,0.28017628273365847,0.7197671571023012,5.6560164040298605e-05
1,1,0.18485009261969704,0.8150919887072717,5.7918673031277286e-05
0,0,0.880905006779133,0.11909478422307372,2.0899779349244642e-07
0,1,0.367763122331567,0.6321983297878963,3.854788053676332e-05
2,1,0.026598350938726898,0.9403254525622391,0.03307619649903412
0,0,0.9308154462939099,0.06918436041025801,1.93295831977204e-07
1,1,0.04150874525171038,0.9235679767531224,0.034923277995167215
0,0,0.7293227735171146,0.2706767318026012,4.94680284200378e-07
2,2,0.000486939939441638,0.03573661367134114,0.9637764463892172
1,1,0.0709393241377574,0.9284361438253387,0.0006245320369038666
0,0,0.8275944858013364,0.17233481651812094,7.06976805425833e-05
1,1,0.06121241119480493,0.9386109530789395,0.0001766357262555742
2,2,7.444753141312032e-09,0.12620349115989796,0.873796501395349
1,1,0.16414241260037812,0.8356906592232034,0.00016692817641857818
1,1,0.3387496866410487,0.6612116738272994,3.86395316519576e-05
0,0,0.697848375474214,0.30215130965107495,3.1487471106605454e-07
1,1,0.021379380273038442,0.9774888838990355,0.0011317358279259236
1,1,0.14888773604688238,0.8510315325391938,8.073141392383412e-05
0,1,0.33626065859326465,0.6636922378268216,4.710357991368341e-05
1,1,0.07748973239316356,0.9221199686062077,0.0003902990006288233
0,0,0.5708517370496227,0.42909738448218643,5.087846819100105e-05
0,0,0.7754041619619049,0.22459477454467633,1.0634934186780786e-06
0,1,0.2039729413910319,0.7959814371986925,4.562141027558894e-05
1,0,0.6756944064557819,0.3242953987086436,1.0194835574532069e-05
1,1,0.15668152074266742,0.8398480288170739,0.0034704504402586407
0,0,0.7615998360821402,0.23839912918214917,1.034735710645369e-06
1,1,0.06107446023102378,0.9386380243966268,0.00028751537234929296
1,1,0.27574633036750634,0.7241540197977229,9.964983477081059e-05
0,0,0.6826574221415476,0.3173394048297587,3.173028693734142e-06
1,1,0.3194481238633261,0.6805163071234236,3.556901325026149e-05
0,0,0.9463414002428632,0.053658583041927006,1.6715209809506653e-08
1,1,0.4346495346883522,0.563499282934854,0.0018511823767939383
1,0,0.5692945466278835,0.43068282487783355,2.2628494282953554e-05
0,1,0.4774531629206094,0.5222525027531189,0.00029433432627180514
0,0,0.8647634204379507,0.1352364695907152,1.0997133398023154e-07
0,0,0.978708746768245,0.02129014455175947,1.1086799956098076e-06
1,1,0.05611329917787869,0.9437012421903372,0.00018545863178399537
0,0,0.9035138842142384,0.0964857747788823,3.410068793360649e-07
0,1,0.3494056450139112,0.650495605803373,9.874918271579193e-05
1,1,0.05006035035975819,0.8781956494291501,0.0717440002110918
0,0,0.8781429499563036,0.12185368149091365,3.368552782816689e-06
0,0,0.5361594821617632,0.4638339129836123,6.604854624403626e-06
0,0,0.5047568911430466,0.49511067198187375,0.00013243687507972157
1,1,0.06696186914949759,0.8993984812258689,0.03363964962463362
0,0,0.7580981405139632,0.2418842644685466,1.7595017490241992e-05
1,1,0.10152237660642979,0.8944079876772894,0.004069635716280936
1,1,0.1392452993411947,0.8605678010419758,0.00018689961682955605
1,1,0.017379173567833656,0.9819459160331208,0.0006749103990455227
1,1,0.43124052523765605,0.5687503935101531,9.081252190869343e-06
1,1,0.1528460996847067,0.8469660737417931,0.00018782657350015537
1,1,0.146001577390613,0.8538965271396964,0.00010189546969055251
0,0,0.9196663646234252,0.08019276887011251,0.00014086650646230947
1,1,0.07726858849906595,0.887572476859254,0.03515893464168012
1,1,0.07423468346513908,0.8975010402929905,0.02826427624187046
1,1,0.4428853976897851,0.557094150609579,2.0451700635956073e-05
1,1,0.2540605680336234,0.7457854987878314,0.00015393317854513598
1,1,0.1386692978431751,0.8609329897325987,0.0003977124242262946
1,1,0.23962743245905813,0.7598250071398822,0.000547560401059603
1,1,0.11198884699696969,0.8848988937056752,0.0031122592973549636
1,1,0.37627714886497854,0.6236670762762094,5.577485881220862e-05
1,1,0.39652706484152256,0.6034592044141098,1.3730744367698201e-05
1,1,0.12490901451565456,0.8750295405101274,6.144497421805161e-05
1,1,0.10086381451125657,0.8990652081099385,7.097737880494108e-05
1,1,0.1595039036071689,0.8402170023422272,0.0002790940506039277
1,0,0.696899838984488,0.30309548244525514,4.6785702569498e-06
1,1,0.22925931744692749,0.7706684876156351,7.219493743740833e-05
2,2,0.0008281113480834131,0.09798771488593247,0.901184173765984
1,1,0.32510827874889525,0.6748798668116959,1.185443940886965e-05
1,1,0.03193611581492558,0.9624632102176259,0.005600673967448494
0,0,0.7854489423663987,0.21454287472240835,8.182911192766934e-06
1,1,0.08147914312970712,0.9181001628307097,0.0004206940395832407
1,1,0.15336198757658986,0.8453650823173916,0.001272930106018385
1,1,3.0220138013955393e-09,0.5234783543233679,0.4765216426546183
1,0,0.6109068665160354,0.3890472278377162,4.5905646248305746e-05
1,1,0.22906268110956987,0.7708017050341482,0.00013561385628174766
0,0,0.8180434197497789,0.18195293193145015,3.6483187708760226e-06
1,2,1.1398087554421802e-06,0.27032689974358143,0.729671960447663
0,0,0.6382376733862157,0.3617596161751557,2.7104386286848196e-06
2,2,2.0148173004702623e-08,0.029415416446660982,0.970584563405166
1,0,0.711892811437917,0.2880999512587426,7.237303340395179e-06
0,0,0.9428630440194289,0.05713694344850491,1.2532066158859197e-08
0,0,0.9335924641230028,0.06640746355156604,7.232543123146404e-08
0,0,0.7465969840646687,0.2533973853388554,5.630596476004502e-06
1,1,0.036394567307691646,0.9632269919323142,0.00037844075999425705
0,0,0.6100380877695143,0.3899590254552191,2.8867752665813804e-06
1,1,0.023042326214123564,0.9742926316640429,0.002665042121833581
0,1,0.33386277136407616,0.6660777808892541,5.944774666987936e-05
1,0,0.753219788754303,0.24676449150821808,1.5719737478948894e-05
1,0,0.8467852280471209,0.15321379951806974,9.724348093631854e-07
1,1,0.016631038924430373,0.9799707046661573,0.0033982564094121015
0,0,0.5288947786682499,0.4711037641331128,1.457198637319177e-06
0,0,0.752034012097645,0.24796374768961235,2.2402127426592106e-06
2,2,1.0470636442956838e-12,0.007009384702303282,0.9929906152966496
0,0,0.5415453455727788,0.4584324934356237,2.216099159755566e-05
0,0,0.5582867357960553,0.4416812957124734,3.196849147136758e-05
1,1,0.06306669631507122,0.9367037340934617,0.000229569591466948
1,0,0.5574802367738274,0.44250274304128673,1.7020184885823248e-05
0,0,0.8496092118958185,0.15038951769839767,1.2704057837019767e-06
1,1,0.3685068917982818,0.6314830775993779,1.0030602340401456e-05
0,1,0.45148784627098754,0.5484785790544605,3.357467455185726e-05
0,0,0.6415908394365013,0.3583969014714184,1.225909208036797e-05
0,0,0.5636362320979319,0.4363588074438004,4.960458267677117e-06
0,0,0.6380851321836214,0.36191232244005345,2.545376325152086e-06
1,1,0.14160267751883704,0.8491746209875584,0.009222701493604572
1,0,0.5610167215326126,0.4388260437380189,0.0001572347293685682
1,1,0.03487760391630143,0.9563605829562362,0.008761813127462506
1,1,0.39590206682240725,0.6033776433743813,0.0007202898032114243
1,0,0.6922205663928976,0.30776939831147765,1.0035295624697097e-05
1,1,0.06167138752645899,0.9379663784694047,0.00036223400413636146
1,0,0.7010132651980314,0.2989834889112773,3.245890691334922e-06
1,1,0.23225375601067808,0.7672516355042971,0.000494608485024819
1,1,0.24332118178503762,0.7566509312769001,2.7886938062306368e-05
1,1,0.4297756755907529,0.5701799157514011,4.440865784599307e-05
1,1,0.11476840024635059,0.8848608882648596,0.0003707114887897539
0,0,0.6595100096964633,0.34048853523474176,1.4550687949595275e-06
0,1,0.47555526266387765,0.5244394294778015,5.307858320824091e-06
0,1,0.39624273991187053,0.6031457687952567,0.0006114912928726939
1,0,0.6664792098507608,0.33351859559617897,2.1945530600920243e-06
1,1,0.04901610158134712,0.9485404597212208,0.0024434386974321433
0,1,0.17401370799434865,0.825728498336815,0.0002577936688362318
0,0,0.9285755737482959,0.07142431565301174,1.1059869226559278e-07
1,1,0.35456478744468467,0.6452176181778557,0.00021759437745964787
1,0,0.6953057419285893,0.3046933760428584,8.820285523974765e-07
1,1,0.052386001047103586,0.9471120927594543,0.0005019061934420803
0,1,0.26912300566707903,0.730846150231857,3.0844101064106375e-05
0,1,0.3039707787949336,0.6958989093047078,0.00013031190035862257
1,1,0.051380491149169684,0.9484491751203207,0.00017033373050976707
2,2,2.8019329916251375e-08,0.0037426364027643108,0.9962573355779059
0,1,0.3711641201553631,0.6285862072469898,0.00024967259764726825
1,1,0.4106715089866417,0.5893088833873862,1.9607625972003507e-05
1,0,0.6384617107219559,0.3615050578678594,3.323141018467305e-05
1,1,0.3608640861050815,0.6388276063574345,0.0003083075374839112
0,0,0.6549402713493431,0.3450563196210059,3.4090296511754256e-06
2,2,6.259415241365074e-08,0.057961237700993956,0.9420386997048537
1,0,0.6966931600927769,0.3032898484412478,1.6991465975300318e-05
1,1,0.10731417075404173,0.8926010988157763,8.473043018198156e-05
1,1,0.043247916925297905,0.9441900271864178,0.012562055888284488
2,2,0.00018727143226167475,0.049795547418714205,0.9500171811490242
0,1,0.2149513545086287,0.7847184771272467,0.00033016836412459163
1,1,0.12839219245015457,0.8714326588407542,0.0001751487090913591
0,1,0.383603787955663,0.6163756745614949,2.053748284212091e-05
1,1,0.01897353547686118,0.979824479363741,0.0012019851593977659
1,1,0.47562597929088335,0.5241850868681369,0.0001889338409797252
1,0,0.6755133970422215,0.32447393115280804,1.2671804970452045e-05
1,1,1.9075918199846404e-76,0.9996956550638663,0.0003043449361337415
1,1,0.42788682226958924,0.5720952214693306,1.7956261080279705e-05
1,1,0.32257499538371714,0.6773588926075587,6.611200872416984e-05
1,1,0.3479996313577846,0.6519637948095995,3.6573832615786874e-05
0,1,0.3305702659251019,0.669120403227964,0.0003093308469342764
1,1,0.10459278670017019,0.8950647913829055,0.00034242191692433353
1,1,0.10336624817234578,0.8962386882139431,0.00039506361371111017
2,2,3.457041726678023e-12,0.008103835105209354,0.9918961648913336
0,0,0.7892031192091252,0.21079006301438302,6.8177764917268285e-06
1,1,0.05053316716552597,0.9332888996339935,0.01617793320048038
1,1,0.2364731526315972,0.7634792282247089,4.761914369383427e-05
1,1,0.4580998486687598,0.541891635123109,8.516208131216225e-06
2,2,0.0024745330032119196,0.11566236200652219,0.881863104990266
1,1,0.14226387777282445,0.8574376644623027,0.00029845776487284233
0,0,0.9442173187669357,0.05576860580559632,1.4075427467980421e-05
0,0,0.8646048708012747,0.1353950026820225,1.265167028777973e-07
0,0,0.5097665515657323,0.4902251443600217,8.30407424610493e-06
1,1,0.019801150387082096,0.9794807449861131,0.0007181046268047516
0,1,0.1304791339030299,0.8692956882347934,0.00022517786217658684
1,1,0.07051008320810924,0.9144967211851469,0.014993195606743873
1,1,0.07879533176005112,0.9210044326501752,0.00020023558977369033
1,1,0.09243504428824204,0.9074217941569293,0.0001431615548288593
0,1,0.1979779246284704,0.8019961586838854,2.5916687644386742e-05
1,1,0.02897365410145504,0.9709278069985648,9.853889998022337e-05
1,1,0.1894407656541557,0.810531767252216,2.7467093628511797e-05
1,1,0.42679533799108166,0.5731923654158152,1.2296593103188457e-05
0,1,0.38408202694984384,0.615827465412444,9.050763771206973e-05
1,0,0.8724588365880188,0.12754049370512618,6.697068549306777e-07
1,1,0.19365335817953566,0.806320148620294,2.649320017031046e-05
0,0,0.6860368385882176,0.3139607624028614,2.3990089209618567e-06
0,0,0.5084600320636371,0.49152615708099373,1.3810855369200207e-05
0,0,0.6447510593559482,0.3552326900301617,1.6250613890066597e-05
0,0,0.883798354676059,0.11615833642631478,4.330889762622007e-05
1,1,0.3258627501814445,0.6741228081654892,1.4441653066375893e-05
1,1,0.016770908444776075,0.7841796869861557,0.1990494045690683
1,1,0.21088685747773364,0.7885714870331791,0.0005416554890871429
1,0,0.5080407641293598,0.49192842946497595,3.080640566411865e-05
0,0,0.7489252661066704,0.2510742744771532,4.594161762647951e-07
1,0,0.7293011337369641,0.2706867121461923,1.2154116843664436e-05
1,1,0.3304691792337536,0.6694754062717254,5.5414494520995966e-05
0,1,0.4848450110836763,0.5151459486705977,9.040245725915242e-06
2,2,8.963276859930425e-12,0.01958001830273508,0.9804199816883016
1,1,0.1981613310987291,0.8015847714505094,0.0002538974507614844
0,0,0.674752236110709,0.32524059626582774,7.167623463454206e-06
1,1,0.3527282080899812,0.6472530188287073,1.8773081311364805e-05
1,1,0.04469862957523863,0.7762810633827889,0.1790203070419725
0,1,0.28719905237382315,0.7124272811079146,0.0003736665182621565
0,1,0.4665478279496089,0.533417693908679,3.447814171200145e-05
1,1,0.047208328453334426,0.9524976690475717,0.0002940024990939443
1,1,0.15837662975786732,0.8410422618793164,0.0005811083628162794
1,1,0.3007163498457022,0.6985283066309833,0.000755343523314546
0,1,0.20086359631006573,0.7989912683780591,0.00014513531187514502
0,0,0.6306789136970012,0.36930443554099823,1.665076200067888e-05
1,0,0.6980112583501671,0.3019873385684552,1.403081377668797e-06
2,2,8.530086748605698e-08,0.016351303135450693,0.9836486115636819
1,1,0.17304561914467056,0.8259116285127971,0.0010427523425323487
1,1,0.2759347672216882,0.7239323172927814,0.00013291548553031015
2,2,1.2725758069041501e-09,0.31058167268593495,0.6894183260414892
2,2,2.329357367745994e-06,0.08076589139402646,0.9192317792486059
1,1,0.34376913719526886,0.6559449357651324,0.00028592703959878064
1,1,0.15703338000812206,0.8422752827033101,0.0006913372885678481
0,1,0.28246618271349894,0.7174431629372938,9.065434920729785e-05
0,0,0.9270134589147249,0.07298642771710846,1.1336816672499353e-07
1,1,0.03335297789129128,0.8831282835985683,0.08351873851014034
1,1,0.28898600330855695,0.7107242551563803,0.00028974153506266626
1,1,0.024433487828045376,0.9750252298139755,0.0005412823579791935
1,1,0.42256730077897353,0.5773926576048799,4.004161614661688e-05
2,2,1.0764669582618598e-05,0.32382314432750225,0.676166091002915
1,1,0.19680859695896694,0.8027116967817417,0.0004797062592913725
0,0,0.8751942884088457,0.1248049326209554,7.789701987249314e-07
1,1,0.3062483859429351,0.6932484154825824,0.0005031985744823505
1,1,0.08282372084895068,0.9143707555761479,0.002805523574901625
0,1,0.17583416644366995,0.8239483928802035,0.00021744067612642078
1,1,0.0537460887974788,0.8951477163605313,0.0511061948419899
0,0,0.7494404471758709,0.2505413989082265,1.8153915902563885e-05
0,0,0.517647946763153,0.4823438705751657,8.182661681346513e-06
1,0,0.5949227800769168,0.4050709825087959,6.237414287223228e-06
2,2,4.365287376053492e-08,0.007104648376864153,0.9928953079702622
0,0,0.9509812485751357,0.04892675525920903,9.199616565545222e-05
1,1,0.13834074360136236,0.8616103281375828,4.892826105481267e-05
0,0,0.5614279902618867,0.4385686917211476,3.31801696567288e-06
1,0,0.5271527240662348,0.47279165971421594,5.5616219549217725e-05
1,0,0.6394353162929083,0.3605201931987866,4.449050830521444e-05
1,1,0.012595462264925134,0.797269038663965,0.19013549907110983
1,1,0.11998235982997482,0.8796987242322122,0.00031891593781302767
0,0,0.6323688601946871,0.3676211769374473,9.962867865617784e-06
0,0,0.6603071623449115,0.33965452803189095,3.830962319748348e-05
1,1,0.33233208065608577,0.6674723694646294,0.00019554987928498387
1,1,0.21714445817035885,0.781915732536271,0.0009398092933700084
1,1,0.3125034453826553,0.6872954211183113,0.00020113349903338012
1,1,0.05062472398789057,0.9474736493983341,0.0019016266137753329
1,1,0.1908818455262069,0.8088349464085022,0.0002832080652907786
1,0,0.526239976266676,0.47313038784234174,0.000629635890982306
0,0,0.7754007673765345,0.22459850468829207,7.279351734345856e-07
1,1,0.23752068300938176,0.7623626651126867,0.00011665187793154859
2,2,0.011320669454683477,0.46478627321780763,0.5238930573275089
1,1,0.4680988111781187,0.531821956415363,7.92324065183085e-05
0,0,0.8692953480884374,0.13070281536563697,1.8365459256216836e-06
0,0,0.8333893223239477,0.16661058047692542,9.719912683758668e-08
1,1,0.025039792524621688,0.8254903489706185,0.14946985850475986
0,1,0.4880359808734592,0.5118399555775905,0.00012406354895022346
1,1,0.036482523313313815,0.9633589836083292,0.00015849307835709927
1,1,0.19461210309758664,0.8053343018567078,5.3595045705460424e-05
0,0,0.7877431959281544,0.20804279797764627,0.004214006094199287
1,1,0.10335098807478184,0.8817573844518234,0.01489162747339497
1,0,0.8676830332827764,0.13231612922591524,8.374913082032953e-07
1,0,0.791618581379323,0.20838111465350498,3.0396717205548473e-07
0,1,0.4734586950080262,0.5265273433103965,1.396168157730114e-05
1,1,0.09812149548683555,0.9018171865517653,6.131796139889133e-05
0,0,0.9560428384696956,0.04394730289419322,9.858636111020736e-06
1,0,0.5357569430970404,0.46423478283146097,8.274071498619468e-06
1,1,0.05293557931425949,0.9468946686775036,0.00016975200823690151
1,1,0.41343507356223036,0.586546077726208,1.8848711561479853e-05
0,0,0.7600113899663925,0.23987683572400204,0.00011177430960552617
1,1,0.11591598537124914,0.8839702455541656,0.0001137690745852944
1,0,0.609858398494004,0.3901392882662308,2.3132397652345e-06
1,1,0.1072332826004901,0.8919073083267377,0.0008594090727721552
1,1,0.42433781274539617,0.5756468415883697,1.5345666234270748e-05
0,0,0.5605818042975784,0.4394017447717116,1.645093070986023e-05
1,1,0.029560126352879006,0.8449324729822851,0.12550740066483587
0,0,0.9836057865659701,0.016392054875703742,2.1585583262406596e-06
0,0,0.8709925278752977,0.12900724504701325,2.270776891713467e-07
0,1,0.3075113620254081,0.6921339092105186,0.0003547287640731668
0,0,0.9371217538351115,0.06251503642549099,0.00036320973939747497
1,1,0.07101091768068309,0.9021197996147332,0.026869282704583785
0,1,0.2391728178307538,0.7606041092973705,0.0002230728718756767
0,0,0.5950321738350444,0.40490272010940176,6.510605555393672e-05
1,1,0.2238803417522578,0.7760513047038731,6.835354386910763e-05
1,1,0.2137532625009825,0.7858736198993916,0.00037311759962598164
1,1,0.18415306285334557,0.8155324710541779,0.0003144660924765654
1,1,0.11244762010285783,0.88740171420251,0.00015066569463227384
0,1,0.29218679259252245,0.7077476255923054,6.558181517203572e-05
1,1,0.13426748219956533,0.8656028511735813,0.00012966662685342156
1,1,0.26411597557308525,0.7358670553106891,1.6969116225703503e-05
2,2,2.7387284766121013e-06,0.0688772168126678,0.9311200444588555
0,0,0.710125674135929,0.2898723378971398,1.987966931259922e-06
1,0,0.5029549072187245,0.49703816387775984,6.9289035157392954e-06
1,1,0.06453927817431356,0.9345022376890674,0.0009584841366190788
1,1,0.04762111274142053,0.9522651627954108,0.0001137244631686563
0,0,0.7333312360004947,0.26666349731722355,5.266682281873696e-06
1,1,0.02847013511128698,0.96864667368934,0.0028831911993730808
1,1,0.1694071502600543,0.8285839153602683,0.0020089343796773343
1,1,0.14886265533997933,0.8510683691744197,6.897548560102324e-05
0,0,0.7145433263995684,0.28542167623433845,3.499736609311869e-05
1,1,0.08458859209361272,0.9149417274655919,0.00046968044079535165
1,1,0.1850899311601197,0.8148907262937677,1.934254611259469e-05
0,0,0.5425980576356841,0.45739463661958335,7.305744732417372e-06
2,2,2.1371071637325285e-10,0.11844337054552061,0.8815566292407686
0,0,0.520486393189146,0.47833422845963497,0.0011793783512189444
1,1,0.26856994147949836,0.7304641186892036,0.0009659398312980317
0,0,0.5636297377777993,0.43636598510669644,4.277115504215699e-06
0,0,0.9999450582426301,5.493907616865049e-29,5.494175736981689e-05
1,1,0.12727094754593124,0.8722393317632517,0.0004897206908170028
0,1,0.11063266879728521,0.8890814538304886,0.0002858773722260558
0,0,0.574350959874856,0.4256423110323501,6.729092793879039e-06
0,0,0.9998334264086662,9.935927563188873e-29,0.0001665735913336695
1,1,0.037221230559853845,0.6642978388076722,0.29848093063247383
0,1,0.04039952424448992,0.9565059220178194,0.0030945537376906944
0,0,0.865259948176941,0.13280202303634372,0.0019380287867151824
1,1,0.3355234614767397,0.6644141938552669,6.234466799344868e-05
1,1,0.22259896519394198,0.7770445472799757,0.0003564875260822807
1,1,0.3184871884611062,0.6814460041133754,6.680742551849846e-05
1,1,0.07372065511529022,0.9259034885593663,0.0003758563253436168
0,1,0.23269372216272516,0.7672615683497461,4.4709487528762764e-05
0,1,0.3225236873114926,0.6772245845905547,0.0002517280979526142
1,1,0.03204314282044339,0.9676971006931426,0.0002597564864140075
1,0,0.5484623796929903,0.45153266072109555,4.959585914178369e-06
1,1,0.45921391387393035,0.540766003479882,2.008264618765028e-05
1,1,0.332222315827039,0.6676619339319837,0.00011575024097738285
0,1,0.41853243557187597,0.5799219164065028,0.0015456480216212035
1,1,0.1420383613116343,0.8573272342053052,0.0006344044830603647
0,1,0.24038568250647704,0.7594593778318267,0.00015493966169634265
0,0,0.7119613520198396,0.288037081023492,1.5669566683943344e-06
1,1,0.1659493964774824,0.834021708760153,2.8894762364663844e-05
0,0,0.6974425501969408,0.30255596588908473,1.4839139745112286e-06
1,1,0.3826274042367598,0.6173568400946001,1.575566864005134e-05
1,1,0.2179984036126572,0.7811793603885483,0.0008222359987945546
1,0,0.6963471629194532,0.3036097541926822,4.3082887864694734e-05
1,2,5.221680356031193e-05,0.42806289785944895,0.5718848853369908
0,0,0.6780666874827588,0.3219273724407751,5.940076466105488e-06
0,0,0.6047421194352123,0.39524142404065776,1.6456524130086923e-05
1,1,0.2745178696063917,0.725452339556939,2.9790836669348225e-05
0,0,0.5078283600495593,0.491430813968359,0.0007408259820815484
0,0,0.6857656952995145,0.314233366377527,9.383229584852654e-07
0,1,0.49190932926990866,0.5080779515205414,1.271920955002753e-05
1,2,2.1760451479577997e-07,0.02473900125312596,0.9752607811423593
2,2,5.982579580674055e-09,0.0006869770992174424,0.999313016918203
0,0,0.9724751744785632,0.027503865878790168,2.0959642646515627e-05
0,1,0.42473959462180805,0.575189158235851,7.124714234084051e-05
1,1,0.16357081194094958,0.8363596403356289,6.954772342160257e-05
1,1,0.37941007190292414,0.6205014767923184,8.84513047574657e-05
1,1,0.1240144419401672,0.8759257589138395,5.979914599344741e-05
0,0,0.650589563923343,0.3493964086103152,1.4027466341891704e-05
1,1,0.0406603502977373,0.8952657124117488,0.06407393729051397
1,1,0.3126873830632521,0.6868914963441279,0.000421120592620062
1,0,0.6664572501361701,0.33354187438173116,8.754820987290222e-07
1,1,0.09744875268333288,0.8872982490786572,0.015252998238009977
0,0,0.8969305416138421,0.103068772073776,6.863123818116888e-07
0,1,0.454200015914076,0.5455886746939727,0.0002113093919513578
1,1,0.11834523715819285,0.8777286705378796,0.0039260923039274075
1,1,0.035449022685437155,0.9630736482516762,0.0014773290628866875
0,1,0.35476279520341364,0.6451928268192885,4.4377977297966375e-05
1,1,0.39530474152582645,0.6046501746161443,4.508385802920079e-05
0,1,0.09300425928910193,0.9067167132643325,0.0002790274465656116
1,0,0.9002293308765776,0.09976830581243817,2.363310984016047e-06
1,1,0.3924400891049809,0.6073363386637272,0.00022357223129186173
1,1,0.041601673152142395,0.9579496360746254,0.00044869077323233733
2,2,8.066915407440395e-11,0.0536246189391841,0.9463753809801468
1,0,0.9118166393242508,0.08818046690648752,2.8937692617741745e-06
0,0,0.9056714848466385,0.09432848452273182,3.063062968349749e-08
1,0,0.8156526659558114,0.18433405611021517,1.3277933973468355e-05
0,0,0.8292007929308159,0.17079893463912169,2.7243006231509385e-07
1,1,0.1478903720929513,0.8520205292458025,8.909866124637998e-05
0,0,0.664425141146917,0.3355733105393539,1.5483137292302924e-06
0,1,0.4917329859619056,0.5082522681132434,1.4745924850938702e-05
1,1,0.020140588446327625,0.8164683990123356,0.16339101254133687
0,0,0.6081807452157488,0.3917167066495212,0.00010254813472994554
0,0,0.6058215022335655,0.3941731137079068,5.3840585277803925e-06
0,1,0.41604144401178716,0.5839492933444813,9.262643731604865e-06
1,0,0.5693620504030221,0.43063072384717643,7.225749801472809e-06
0,0,0.9385726677204249,0.06142680729914705,5.249804281213905e-07
0,0,0.7079731165335834,0.2920265570054041,3.2646101249049184e-07
0,1,0.3840415389957079,0.615933333585688,2.5127418604146224e-05
0,0,0.8963620369054024,0.1036379242102035,3.888439424999086e-08
2,2,4.313346744123239e-06,0.06622229184782609,0.9337733948054298
1,1,0.1300326054731958,0.8698892781077668,7.811641903740115e-05
0,1,0.23370784604081898,0.7662747372819031,1.7416677278015142e-05
1,0,0.7564320373239447,0.24355272329946454,1.5239376590874225e-05
1,1,0.03541168656028393,0.8642396367865379,0.10034867665317827
1,1,0.12291873399513505,0.8745727339483118,0.002508532056553128
0,0,0.7558863339226138,0.24411244785143926,1.2182259469320284e-06
1,1,0.2628097288767199,0.7362800429180767,0.0009102282052035106
0,0,0.6404725226874096,0.35952411098069537,3.3663318949363976e-06
1,1,0.23593451851495273,0.7639839386226357,8.154286241160181e-05
0,0,0.5652546118482071,0.4346610398577326,8.434829406024662e-05
1,1,0.49274049171842393,0.5069010239294144,0.0003584843521616874
0,0,0.8319236680380947,0.16803784244633518,3.8489515570175694e-05
1,1,0.25999520598593884,0.7390765280211274,0.0009282659929335767
1,0,0.7370193892133475,0.26298023007002613,3.807166263429751e-07
0,0,0.9458504082348961,0.05413826317919423,1.1328585909583894e-05
1,0,0.8841369477230318,0.1158627013805796,3.5089638857487213e-07
1,0,0.6033433554290967,0.39665249057198704,4.153998916214362e-06
0,0,0.6322917000800848,0.3677022624284151,6.037491500036337e-06
0,1,0.33762499594756745,0.6623103991851325,6.460486730006585e-05
1,1,0.37520522787173755,0.6240831587652736,0.0007116133629888468
0,0,0.7890432561924522,0.21095450875834001,2.2350492076410854e-06
1,1,0.040885331395136795,0.9571110521056952,0.002003616499167895
1,1,0.016801032086428913,0.9814832561632904,0.00171571175028071
2,2,3.5541719531969243e-08,0.0448722781995546,0.9551276862587259
2,2,9.149816069696462e-07,0.028273417749386034,0.971725667269007
0,0,0.8340605659844916,0.16593900981571333,4.241997950153889e-07
0,0,0.7683845608142631,0.23160283840222268,1.2600783514155867e-05
1,1,0.07329221440753877,0.9265598072013725,0.00014797839108873488
1,0,0.7690860373544419,0.2307222220147069,0.00019174063085116021
0,0,0.728708240191302,0.27128755993982323,4.199868874831833e-06
0,0,0.9623224982457733,0.037656681043196555,2.0820711030258692e-05
1,1,0.08319222540846302,0.9163557638473371,0.00045201074419980934
1,1,0.19468494242641687,0.8048388082013919,0.0004762493721911826
1,1,0.10709354098888055,0.8887391400260072,0.004167318985112329
1,1,0.4825894346438586,0.517395191499924,1.537385621740522e-05
0,0,0.779836224749522,0.22016134027735956,2.434973118587203e-06
1,1,0.44928990739609104,0.5507007090393254,9.383564583587887e-06
0,0,0.9270932813413838,0.0728695666817072,3.715197690895094e-05
1,1,0.07005334333715589,0.9277421203319778,0.0022045363308662905
0,0,0.6523209525811344,0.34767601567626044,3.0317426051372464e-06
1,0,0.7225458601495608,0.27605072625217986,0.0014034135982592235
0,0,0.8149038596617685,0.185093900105522,2.240232709472292e-06
1,1,0.058189973937301416,0.9415678524846005,0.00024217357809803913
0,0,0.6158308665469633,0.38402160703076965,0.0001475264222670753
1,1,0.34991916320239425,0.6500719460476359,8.890749969961076e-06
1,1,0.17099226870434966,0.8278939123202144,0.0011138189754360682
0,0,0.570354747979878,0.4296440746723058,1.177347816275017e-06
1,1,0.11018772425071052,0.887136110203014,0.0026761655462755334
0,1,0.25026678015740583,0.7493896245415181,0.0003435953010760337
1,1,0.008196105434793245,0.7333976648663123,0.25840622969889454
1,1,0.25610465932013465,0.7437790939273776,0.00011624675248767006
0,0,0.9663025940536909,0.033697299229626956,1.0671668217831481e-07
0,1,0.15030986981633573,0.8496505579881313,3.957219553300061e-05
0,0,0.5367732915214912,0.46252506695809015,0.000701641520418568
0,1,0.344735253004969,0.6551936088953725,7.11380996584885e-05
0,1,0.44483593589588905,0.5551622855073703,1.7785967405958322e-06
1,1,0.22274141563086972,0.7770433449834899,0.0002152393856404547
0,0,0.8375745023574958,0.1624229047488671,2.5928936370589555e-06
0,1,0.2526432572371757,0.7458070666116756,0.0015496761511487025
1,1,0.10879298239594007,0.8762984379554202,0.014908579648639772
1,1,0.10259345908835996,0.89732907950971,7.746140193016185e-05
1,1,0.0716011606484447,0.9279080357740859,0.0004908035774694444
0,1,0.3018548534261787,0.6980244711087443,0.00012067546507702158
1,1,0.0377377388573175,0.8981035150265155,0.06415874611616698
0,0,0.7409883215428262,0.25900009754244274,1.1580914731012706e-05
1,1,0.16047858095135628,0.8383189049111592,0.0012025141374843997
1,1,0.17865796040814735,0.821058838411799,0.00028320118005376895
1,0,0.5164547808020035,0.4835265467306517,1.8672467344817763e-05
1,1,0.017758403327178915,0.9812290292146116,0.001012567458209603
1,1,0.4419069504637473,0.5579409262924094,0.00015212324384330549
0,0,0.8125454481932547,0.18744944665579832,5.1051509469250205e-06
1,1,0.21904424146259485,0.780832708660392,0.00012304987701313417
1,1,0.027782472556147377,0.9714390572420993,0.0007784702017533667
1,1,0.04459655606297303,0.9535034928218017,0.0018999511152252664
0,0,0.7605125110636319,0.23948726062775358,2.2830861443604193e-07
1,1,0.47520794688028284,0.5247850873164788,6.965803238482799e-06
1,1,0.03877662187696135,0.9071702178330475,0.05405316028999109
0,0,0.8191483800437036,0.18085087737482883,7.425814676361906e-07
1,1,0.1530169475749378,0.8464689005797937,0.0005141518452684909
0,0,0.71772946779032,0.28221853889076165,5.19933189182807e-05
1,1,0.04484621464944482,0.8724623408317328,0.08269144451882227
0,0,0.5953152049987123,0.40467761817642967,7.176824858087016e-06
0,1,0.10678511193899226,0.8931619710646702,5.291699633753004e-05
0,0,0.6223997982640896,0.3773456125114762,0.00025458922443405836
0,0,0.8476507158465734,0.1508818766644455,0.0014674074889810696
0,0,0.9008246510261544,0.09917389575776489,1.4532160808072523e-06
0,0,0.681917361423484,0.31807969449507206,2.9440814440108076e-06
1,1,0.3973303245552686,0.6026619195990996,7.755845631783416e-06
1,1,0.16411411028135894,0.8355573635804282,0.0003285261382126758
1,0,0.6740301502568938,0.32595876447445477,1.108526865152761e-05
0,0,0.9732941039271098,0.026703236140371237,2.659932518922148e-06
0,0,0.8522806073995903,0.14771855854393284,8.340564768971953e-07
1,1,0.25543943384476825,0.7444058140120028,0.00015475214322889738
1,1,0.04407494293305573,0.9208977527111833,0.03502730435576096
1,1,0.1614702426083728,0.8334243027784721,0.005105454613154931
0,0,0.786438426751982,0.21356015718868507,1.4160593330376776e-06
0,0,0.9334391979051218,0.06655814289979661,2.659195081774535e-06
0,0,0.9073724601894267,0.0926244655385959,3.0742719772979733e-06
0,0,0.5684254283755725,0.43155006318467265,2.4508439754888567e-05
1,1,0.025742667743768027,0.9628831798907144,0.011374152365517547
1,1,0.16246435074545615,0.8372252947096167,0.00031035454492697127
0,0,0.5551208375561117,0.4448318953548325,4.7267089055944e-05
0,0,0.8078533540502563,0.1889002694585672,0.0032463764911765643
1,1,0.09888731262886198,0.8033681754034079,0.09774451196773008
0,1,0.3985338375666301,0.6014050474460051,6.111498736483797e-05
0,0,0.935525364944084,0.06444117618520716,3.3458870708752234e-05
1,1,0.3661241285909847,0.6338324532804431,4.341812857210048e-05
1,1,0.189439488588403,0.8105079093441444,5.260206745258648e-05
1,1,0.011249154520042949,0.9871255412640452,0.0016253042159119118
1,1,0.3615436378878243,0.6384341618616322,2.2200250543582603e-05
1,1,0.13596568914489238,0.8636983451766934,0.00033596567841405727
1,0,0.7392133667242983,0.2607664836045419,2.014967115978871e-05
1,1,0.022439383923276116,0.9761699502255574,0.0013906658511665603
0,0,0.8374386649436173,0.16256061756852586,7.174878567819e-07
0,1,0.4035252624859557,0.5959909641852894,0.00048377332875485245
1,1,0.26374366766372304,0.7361473303757177,0.00010900196055919574
1,1,0.2805708333481706,0.719309391348505,0.00011977530332428978
0,0,0.7494829775844614,0.25050482041989774,1.2201995640828354e-05
1,1,0.13549039411063105,0.8643097684761153,0.00019983741325377776
1,1,0.06168953734401648,0.911307120551415,0.027003342104568444
1,1,0.2234911426859575,0.7756156504558747,0.0008932068581677816
1,0,0.5557744005004921,0.4442097670696428,1.5832429865087374e-05
0,0,0.9713732412124835,0.028623717259386217,3.0415281301238716e-06
1,1,0.21719777659310172,0.782761206789698,4.101661720025016e-05
1,1,0.31255141067848224,0.6873997637286272,4.882559289073222e-05
1,1,0.26132536104096166,0.7385546641175212,0.00011997484151710907
0,0,0.7305840471625874,0.26941528238581286,6.704515996765821e-07
1,1,0.05292653547207073,0.9459503961488885,0.0011230683790407997
0,0,0.7701415657051718,0.22985776665814542,6.676366827723356e-07
1,0,0.8012867503653983,0.19871295803758307,2.9159701865749405e-07
1,1,0.2703036716800535,0.728820674533593,0.0008756537863533786
1,1,0.14867595607769798,0.8510112215758383,0.00031282234646372184
1,1,0.2331390745878329,0.7446903740785522,0.02217055133361493
1,1,0.2162565161079728,0.7835090323014198,0.00023445159060742242
0,0,0.875560833634904,0.1244376620592404,1.5043058555907878e-06
0,0,0.8782074495734064,0.121791902027084,6.483995097207064e-07
1,0,0.6660282195642206,0.33396829073585815,3.4896999212269145e-06
0,1,0.2682734178121022,0.7315098256545483,0.00021675653334950662
0,0,0.8655145714260887,0.13448418703088982,1.2415430215160883e-06
0,0,0.6154570438422163,0.3845401699406859,2.786217097678726e-06
0,1,0.1551175449002919,0.8309479439160192,0.01393451118368895
1,1,0.38938599441025473,0.6105635985448494,5.0407044895738996e-05
1,1,0.02943238438173989,0.9702262207890419,0.0003413948292182015
0,1,0.17157917782834012,0.8282879590743354,0.0001328630973246152
1,1,0.09010268761473059,0.8990106258853441,0.010886686499925375
0,1,0.17007618058428803,0.8297890278817802,0.00013479153393185854
1,1,0.4348875664392086,0.5649376225254492,0.00017481103534228124
0,0,0.6136209829352642,0.38637391993544634,5.097129289442452e-06
0,0,0.5033744362280886,0.4965845898726082,4.0973899303277546e-05
0,0,0.918230876267697,0.08176835617284799,7.675594552376997e-07
1,1,0.09851384486238411,0.9012220367831217,0.00026411835449413314
0,0,0.9813217418865389,0.01867717687449279,1.0812389683569524e-06
1,1,0.08205234800306864,0.9166628937767819,0.0012847582201493035
0,0,0.812168701305983,0.18779460772847562,3.669096554133886e-05
0,0,0.7025227045239903,0.2974511145412201,2.6180934789461034e-05
0,0,0.7210909807626679,0.27890324665269944,5.772584632723685e-06
1,1,0.16841071886379622,0.8312744158325887,0.0003148653036149567
0,1,0.4013198705965993,0.5986007357897469,7.939361365369843e-05
2,2,3.117116338262592e-06,0.1497225925751876,0.8502742903084741
1,0,0.8165503703372146,0.18343728104743381,1.2348615351630143e-05
0,1,0.01718243052942602,0.7035631533381611,0.2792544161324128
0,0,0.679888414850286,0.320095075895774,1.6509253940007393e-05
0,1,0.3161622793515001,0.6832157712633863,0.0006219493851136562
1,1,0.1780788929287246,0.8173441429224123,0.004576964148863106
0,0,0.7227921453970438,0.27720739079713363,4.6380582242318344e-07
0,0,0.8643661471727234,0.13321644075849665,0.002417412068779929
1,1,0.03589051100898303,0.9622139937310644,0.001895495259952592
0,0,0.5358857073654142,0.4641102777355772,4.014899008696911e-06
1,1,0.10701386294531277,0.8923134348826455,0.0006727021720416782
1,1,0.2730384675967175,0.7269045334891377,5.699891414478135e-05
1,1,0.15209030180220035,0.8469599530644274,0.0009497451333722054
1,1,0.08881938686182901,0.9098349250209692,0.0013456881172017707
0,1,0.4973968813770845,0.5025824869642188,2.0631658696566997e-05
2,2,0.0005306411040437329,0.047774712135953155,0.951694646760003
0,0,0.6845906793570207,0.3154043023388204,5.018304159048208e-06
2,2,0.0004493731079787015,0.049388170745922576,0.9501624561460987
1,1,0.11690594949259031,0.8829724311512115,0.00012161935619831095
1,1,0.35622210387083014,0.6437511079279413,2.678820122849676e-05
1,0,0.7303087004756951,0.2696905690813017,7.304430032065547e-07
0,0,0.5393444258623954,0.46061769630024113,3.7877837363464616e-05
1,1,0.03274483211726869,0.7471970832654002,0.22005808461733115
1,1,0.22377226527410052,0.7757335473632899,0.0004941873626096763
0,0,0.9505215260753739,0.04947822841728611,2.4550733983190855e-07
0,0,0.7040769976366641,0.2959040671967789,1.8935166557120984e-05
0,1,0.40515641732971935,0.5948221629424367,2.141972784390989e-05
1,1,0.06256863180437111,0.9365767701775256,0.0008545980181032254
0,1,0.31597655483583303,0.6840184706843384,4.97447982859515e-06
1,1,0.4374914476211111,0.5623808240257997,0.00012772835308920492
0,0,0.6444753587176995,0.35551499652077007,9.64476153036475e-06
1,1,0.2456814284930394,0.7530964325165037,0.0012221389904568478
0,0,0.7816869513255983,0.21829831475855138,1.473391585024053e-05
0,0,0.9862631942732998,0.013736440443291366,3.652834088506983e-07
1,2,6.222756498339705e-07,0.017098183108753644,0.9829011946155964
1,1,0.11519053363594027,0.7706503872885886,0.11415907907547106
0,0,0.8097863375814078,0.1902133857509615,2.7666763061204386e-07
0,0,0.947934140987793,0.052054798906643156,1.1060105563833222e-05
1,1,0.017439564686584173,0.9811347557873709,0.001425679526045135
1,0,0.6149088579780461,0.38485331455990834,0.00023782746204558118
0,1,0.12012888197580018,0.8797888469455633,8.227107863651196e-05
1,1,0.26429162974258985,0.7356223092877117,8.606096969839478e-05
1,1,0.2571365361060421,0.742748148435383,0.00011531545857492848
1,1,0.2798614561293728,0.7201107219894872,2.7821881139857442e-05
1,1,0.09768084476706525,0.90170947868382,0.0006096765491147244
1,1,0.43214452344525633,0.5678428008812095,1.2675673534148735e-05
1,0,0.5040847169266779,0.4959120515126898,3.231560632282753e-06
1,1,0.11936735949931553,0.8802015688439033,0.00043107165678129417
0,1,0.49232959460595155,0.5076601192685976,1.0286125450831654e-05
1,1,0.15730073294755012,0.8426739427272534,2.5324325196279566e-05
1,1,0.2349926288574285,0.7649755537245911,3.181741798023693e-05
0,0,0.5584451568780989,0.4415496005096156,5.242612285418141e-06
0,1,0.37310317615564353,0.6268442682444769,5.255559987945408e-05
1,1,0.1120423530968475,0.8873878665058115,0.0005697803973411359
0,1,0.047394756096271945,0.9524353235188536,0.00016992038487441017
1,1,0.31752746555468575,0.6824483980953838,2.413634993035109e-05
1,1,0.4384530652185932,0.5615290786745744,1.7856106832473166e-05
1,1,0.27807109920940076,0.7214307931508528,0.000498107639746561
1,1,0.2648027185989874,0.735110181088697,8.710031231553428e-05
1,0,0.6303118342030192,0.3695951027785094,9.306301847139438e-05
0,0,0.8494234053494819,0.1505751983681507,1.3962823673072461e-06
1,0,0.5113406858515269,0.48831380032305816,0.0003455138254149849
1,1,0.19104302685751792,0.8088931530354816,6.382010700051844e-05
0,0,0.8875988198584182,0.11198161068315388,0.00041956945842791424
1,0,0.5989415103877509,0.40105569749600956,2.7921162395964684e-06
0,0,0.7362942538897517,0.26369167845397007,1.4067656278201907e-05
1,1,0.4755184269900739,0.5244752818837843,6.291126141665953e-06
0,1,0.304176359190772,0.6957913334861392,3.230732308876186e-05
1,1,0.15586138125881316,0.8441368193774601,1.7993637266441095e-06
1,1,0.165154990132375,0.8346324219923654,0.000212587875259682
1,1,0.08753818384095018,0.912338530228724,0.00012328593032580969
0,0,0.7615618576954056,0.23843706462432426,1.0776802703219755e-06
0,1,0.3957775318172727,0.6041953091835017,2.7158999225533973e-05
1,0,0.9299717720441848,0.06956276465796564,0.00046546329784951653
1,1,0.2678339719206441,0.7320740232576796,9.20048216762656e-05
0,0,0.7115332689098979,0.2884650834038224,1.6476862796537292e-06
1,1,0.14329617349367368,0.8554135152314224,0.0012903112749038334
1,1,0.1324988231656961,0.8673601814370931,0.0001409953972106939
1,1,0.03313343379718431,0.966446002288848,0.0004205639139676941
1,1,0.05322106093042954,0.9452928453932262,0.0014860936763442648
0,0,0.787580131416725,0.2124003085518706,1.9560031404295298e-05
1,1,0.31366147350545853,0.6862235069638749,0.00011501953066654107
1,1,0.22089946899001003,0.7789875298885084,0.000113001121481483
1,1,0.0586989127466469,0.9409356938569731,0.0003653933963799643
0,0,0.7991519881507021,0.2008384167650544,9.595084243414577e-06
1,1,0.1597830042901074,0.8401514656054986,6.553010439397773e-05
0,1,0.24317341203762605,0.7568166102317888,9.9777305851017e-06
1,0,0.6530166354323964,0.3468950447311629,8.831983644076391e-05
1,0,0.9199028149274764,0.07987533078296295,0.0002218542895606156
1,0,0.8862994701429687,0.11369288128015219,7.648576879197708e-06
1,1,0.2708987873302695,0.7287813897161318,0.000319822953598683
0,1,0.0911598332659845,0.908548734406331,0.00029143232768447054
1,0,0.6329316404147355,0.3670312846548851,3.707493037945345e-05
1,1,0.05391534521368879,0.9459417634373413,0.00014289134896983623
1,0,0.7081861595075032,0.29180797128169234,5.869210804325746e-06
1,1,0.29170514899957095,0.7081722264558176,0.0001226245446113968
1,1,0.05853858034462734,0.9413384009601053,0.00012301869526725427
0,0,0.7155282588231003,0.28441630996889516,5.543120800468597e-05
0,0,0.5605818580632352,0.4394170903777224,1.0515590423371846e-06
0,0,0.6837915386703592,0.3162073920979132,1.0692317275782961e-06
0,0,0.5724947861898477,0.42746344134097974,4.1772469172520834e-05
2,2,0.00017518715575369484,0.027504489961765178,0.9723203228824812
1,1,0.30150648315328066,0.6984561457146226,3.737113209683229e-05
1,1,0.25313497992884704,0.7467639203650652,0.00010109970608778301
1,1,0.022359888905353658,0.9725259704909229,0.005114140603723407
0,0,0.7921642687040844,0.20783498765177202,7.436441434676242e-07
1,1,0.05805367798180975,0.8678349167311085,0.0741114052870817
0,0,0.8658250026674115,0.13417421871024657,7.786223418165642e-07
1,1,0.12591721174189402,0.8740318554821934,5.093277591244185e-05
1,1,0.08589444200368983,0.9138121959030163,0.0002933620932939813
0,1,0.4808271232850822,0.5191618069467842,1.1069768133672056e-05
2,2,0.0007860609312506476,0.06482148720634376,0.9343924518624057
1,1,0.013145469565149446,0.9865584784796408,0.00029605195520966964
0,1,0.3944602223082869,0.6046316964353486,0.0009080812563645194
1,1,0.08764848928242515,0.9119338390205406,0.00041767169703415717
1,1,0.06320823167790933,0.9122704672402917,0.024521301081799094
1,1,0.26675744318857764,0.7332215740815995,2.0982729822991802e-05
1,0,0.5306166733468032,0.46937958348828646,3.743164910358698e-06
0,0,0.649035470081067,0.35091628682208814,4.824309684489785e-05
0,0,0.7720961118638034,0.22789933227492437,4.555861272146165e-06
1,1,0.32476374484999376,0.6752151575666586,2.1097583347694875e-05
0,1,0.10016206632161012,0.898636390346998,0.00120154333139189
1,1,0.1953740130426167,0.8043479764753962,0.00027801048198707403
2,1,2.7793576184184887e-05,0.5133393292296697,0.4866328771941461
2,2,9.082548256629852e-08,0.013501326251826155,0.9864985829226912
0,1,0.05723210503073522,0.9159335940685581,0.026834300900706792
1,1,0.44865029245292465,0.551337959009387,1.1748537688401778e-05
1,1,0.3796784126445511,0.6201842976193408,0.00013728973610796846
1,1,0.07553515731042784,0.92387390551194,0.0005909371776321181
1,1,0.048326366553216836,0.9114996940476682,0.040173939399115115
0,0,0.820068414760407,0.17993088726787484,6.979717181197701e-07
2,2,0.000990081357905546,0.0955839259967733,0.9034259926453212
1,1,0.4054387279581593,0.594494257103272,6.701493856879575e-05
1,1,0.2804664240824926,0.7194520262042541,8.154971325323184e-05
1,1,0.13500359105607154,0.8628413901606401,0.002155018783288275
0,0,0.7550431389322524,0.24495655534878732,3.0571896011261875e-07
1,2,1.5353209071612706e-07,0.12476312219001202,0.8752367242778971
0,0,0.8704821187374352,0.12951558392733103,2.2973352339949874e-06
0,0,0.8636894371980982,0.1363103694051932,1.933967085910288e-07
1,1,0.048792641057477416,0.9508732190606257,0.00033413988189677897
1,1,0.09980804036077637,0.8993012110941349,0.0008907485450888679
0,0,0.91065193706227,0.08932388114995615,2.4181787773962163e-05
1,1,0.10009683530918596,0.8983341417401749,0.0015690229506390855
0,0,0.7921974631884556,0.2050444364272156,0.002758100384328736
0,1,0.25365907559905426,0.7462527771256381,8.814727530768693e-05
1,1,0.09502105664029374,0.9048345650675605,0.0001443782921456547
1,1,0.1302505720404791,0.8677848788767093,0.0019645490828116728
0,1,0.19302266738292656,0.8069194985812302,5.783403584307207e-05
0,0,0.6502265182547243,0.3497121725552372,6.130919003846595e-05
1,1,0.28916442559170524,0.710830445310189,5.129098105845773e-06
0,0,0.603343000240989,0.39659521487603505,6.17848829760562e-05
1,1,0.3219968028258993,0.6687595307471126,0.009243666426988054
1,1,0.27000852169727896,0.7299607809162056,3.069738651542537e-05
0,0,0.8089724202245742,0.19101842124503585,9.158530389977114e-06
1,1,0.48365521057293115,0.5163213274489862,2.346197808259017e-05
2,2,2.8494945900471895e-06,0.42516743772614296,0.5748297127792671
1,1,0.31867901308270813,0.6812572286268949,6.375829039703779e-05
1,1,0.18077370383350777,0.8188424435717162,0.00038385259477616615
1,1,0.4965209263891899,0.5034730202661468,6.053344663341918e-06
2,2,2.603030733320068e-06,0.36522364300778454,0.6347737539614822
1,1,0.019960394540253213,0.9756996916959505,0.004339913763796337
0,1,0.4506079267163533,0.549371493416463,2.0579867183800118e-05
1,1,0.109125199225912,0.8901730895451544,0.000701711228933623
1,1,0.10253370120231692,0.8854341463710886,0.0120321524265943
1,0,0.5404473486043049,0.45843453145515306,0.0011181199405421276
1,1,0.17784226583587665,0.8220642092691075,9.352489501597066e-05
0,0,0.9140574115030751,0.08593770842567343,4.880071251475351e-06
0,1,0.47629351850223167,0.5236870570836633,1.942441410498925e-05
1,1,0.041249627777512114,0.9236340527213884,0.03511631950109933
0,0,0.6638332979030133,0.33580425932750174,0.00036244276948499724
1,1,0.020136902399043366,0.9794423060415999,0.0004207915593567316
2,1,0.002404428696097805,0.501515127551682,0.4960804437522202
0,0,0.8540985643686677,0.14589999016640823,1.4454649239935039e-06
0,0,0.7854113185270176,0.2145806668528416,8.014620140869425e-06
1,1,0.035401173052901594,0.9636177298601695,0.0009810970869290028
0,0,0.5382622582111298,0.46173631041632685,1.4313725433678071e-06
1,1,0.1829527190269224,0.816667081797928,0.0003801991751495446
0,1,0.32862636357720526,0.6711533294443365,0.00022030697845825493
1,1,0.3726156997757283,0.6271156204009848,0.0002686798232868767
0,0,0.6831119263130306,0.31685498151376934,3.3092173199999835e-05
1,1,0.11469182093463061,0.8847688210629223,0.0005393580024472603
1,1,0.19778707433196496,0.8021505336306737,6.239203736129053e-05
0,0,0.526654110106943,0.4733356717689538,1.021812410330588e-05
2,2,2.4116832383669916e-08,0.0027023208176717114,0.9972976550654958
1,0,0.9290020285497587,0.07095016649637781,4.780495386335638e-05
0,0,0.661714886345635,0.338283900507727,1.2131466380179358e-06
0,0,0.9036642194595483,0.0963356725961742,1.0794427747645068e-07
1,0,0.5595213862907965,0.4404732462424751,5.367466728411141e-06
0,0,0.5990007825320686,0.40095614886076325,4.306860716825662e-05
1,0,0.5914000759984777,0.4084741088554819,0.00012581514604051804
0,0,0.8270146360819921,0.17297741487812401,7.949039883883361e-06
0,0,0.6471900594277343,0.3528034577544163,6.482817849391026e-06
0,1,0.1605582838791118,0.8392530627124523,0.00018865340843592397
0,0,0.538234533488867,0.4617556879314226,9.778579710429514e-06
1,0,0.780826597525195,0.2191619487596698,1.1453715135143693e-05
1,1,0.09554080329772921,0.9041057747812018,0.0003534219210691037
0,0,0.7442133397237125,0.25578493165620053,1.7286200869367128e-06
1,1,0.18368212825545777,0.8142228419369787,0.0020950298075636926
1,1,0.341756677986745,0.6581327936165775,0.00011052839667753264
1,2,0.00811413028497587,0.40752586562440335,0.5843600040906208
0,0,0.9543313417369922,0.04565685061243161,1.1807650576172018e-05
1,1,0.016511208597167325,0.9661817427268018,0.017307048676030785
1,0,0.6682232723824313,0.3317379575952291,3.877002233945627e-05
1,1,0.22603794671083893,0.7733859606772382,0.0005760926119228216
1,1,0.11808574685629616,0.8578827502205236,0.02403150292318037
0,0,0.5302552806215167,0.46974318936526366,1.5300132195682345e-06
1,1,0.21102236934773913,0.7887358622950926,0.00024176835716817699
1,1,0.033936233075071355,0.9653111406490936,0.0007526262758350283
0,0,0.5034349011647351,0.49656259846546497,2.500369800097733e-06
0,1,0.2438730020430136,0.7561023076684569,2.469028852955444e-05
0,1,0.4706473791090307,0.5293445102298463,8.110661122967163e-06
0,0,0.6940719121814758,0.3059261896369585,1.8981815657994507e-06
1,2,0.008969848110566123,0.39090065229910004,0.6001294995903338
1,1,0.014342105974820697,0.9824836351695074,0.003174258855671981
0,0,0.8300625982090224,0.16992737093387,1.0030857107564597e-05
1,0,0.9285729970165916,0.07142654509573398,4.578876744763424e-07
1,1,0.374162665022712,0.6257747828374713,6.25521398167574e-05
0,0,0.9296266770842896,0.07031706901433162,5.6253901378728024e-05
0,0,0.5600612052556221,0.43992416602610496,1.4628718272853948e-05
1,1,0.17578557514373688,0.8228664511141709,0.001347973742092262
0,1,0.3709270080034358,0.6290284365074443,4.4555489119914706e-05
0,1,0.34996769735215727,0.6497836765263676,0.00024862612147513534
0,0,0.8209933300009383,0.1789132976565293,9.337234253233515e-05
0,0,0.9134324889506122,0.086405229895724,0.00016228115366373344
0,0,0.9703728213335353,0.029626970527507138,2.08138957625348e-07
1,1,0.09108538288548218,0.9085327902198463,0.0003818268946715278
0,0,0.9191614694654666,0.08083405723507098,4.4732994623077965e-06
1,1,0.02491526509036065,0.9739915940477594,0.0010931408618799388
0,0,0.6920710900147349,0.3079278017259776,1.1082592876298571e-06
2,2,6.033494153348545e-11,0.009354179595134909,0.9906458203445302
1,1,0.39876587995169843,0.6012237633328035,1.0356715498107433e-05
1,1,0.2321441786986426,0.767581159977795,0.00027466132356247357
0,0,0.6275301517692954,0.3724573262197724,1.2522010932157982e-05
1,1,0.30260823584407703,0.697325664638717,6.60995172059758e-05
1,1,0.2998834810528604,0.7000554821500263,6.103679711316936e-05
2,2,5.5246366586727475e-12,0.0013845105171135658,0.9986154894773617
1,1,0.2433405178307528,0.7564307535649206,0.00022872860432657845
0,0,0.8336768213916657,0.16632301678005398,1.6182828037917202e-07
0,1,0.28497025026938805,0.7150193225204448,1.0427210167128984e-05
1,1,0.27477067493859014,0.7251483747445435,8.095031686642043e-05
0,1,0.4130525011261258,0.5868759197896961,7.15790841780196e-05
1,1,0.3204676618989484,0.6794981206661564,3.421743489514357e-05
1,1,0.09884952566331896,0.9001336940440903,0.0010167802925908063
1,1,0.49613851650271723,0.5038414868660748,1.9996631208102096e-05
2,2,3.2112052196163134e-09,0.006592986766092405,0.9934070100227025
2,2,5.604756552309798e-07,0.018168071270066023,0.9818313682542787
1,0,0.8779875042372951,0.12201190933730373,5.864254010666469e-07
1,1,0.10720559127200645,0.8925933588682274,0.0002010498597661317
0,0,0.9999970676455794,1.7212025382632475e-29,2.9323544205245856e-06
1,0,0.7745608049905798,0.22543877480373564,4.202056845088131e-07
0,0,0.5731782287289252,0.42681741307008164,4.358200993078029e-06
1,1,0.025496473680072906,0.9734179843153802,0.0010855420045470378
0,1,0.4281220650025579,0.5716675443688143,0.00021039062862785083
0,1,0.40475066386177433,0.5952371847225728,1.2151415652812326e-05
1,1,0.1548571504940412,0.8424470409743868,0.0026958085315720525
1,1,0.036512230055343604,0.8838841072733769,0.07960366267127954
0,1,0.22223114085051865,0.7726521478882286,0.005116711261252654
1,0,0.9368724878827678,0.06305940055179236,6.811156543992862e-05
0,1,0.4357930694144236,0.5641975330687026,9.397516873863161e-06
1,1,0.01494415623661361,0.9293229660233836,0.05573287774000272
1,1,0.02065249672741812,0.9789599594768997,0.00038754379568207287
0,0,0.7922158665265178,0.20776305621464128,2.107725884103516e-05
0,0,0.7958016067525996,0.20419681333232786,1.579915072450003e-06
1,1,0.13170942382522435,0.8585702563064583,0.009720319868317204
1,1,0.15615614202952666,0.8433735943269169,0.00047026364355633654
1,1,0.4585288658216085,0.5412411043596801,0.00023002981871135837
1,1,0.23247737445058517,0.7672185218071315,0.00030410374228343547
1,1,0.11218587117766533,0.8874410470815599,0.0003730817407746132
1,1,0.20240631852575605,0.7973471262517106,0.00024655522253342786
0,0,0.7326836011702824,0.26731076994679404,5.628882923441696e-06
1,1,0.04548818924532721,0.9421545014432673,0.012357309311405683
0,0,0.9175252285383056,0.08247468887514403,8.2586550144935e-08
1,1,0.11171820637807299,0.887411454715447,0.0008703389064800116
1,1,0.08175607971108732,0.9181163106992739,0.00012760958963865086
0,0,0.5524681029618124,0.4475263210543724,5.57598381535463e-06
0,0,0.6544918019187518,0.3455060010501093,2.1970311388798427e-06
1,1,0.07450971549873085,0.9244074612783336,0.001082823222935321
1,1,0.21761650602065843,0.7820003190855047,0.00038317489383678786
0,0,0.5361703307046288,0.46379508865486757,3.4580640503589935e-05
1,1,0.2719139959066737,0.7280242806632813,6.172343004508314e-05
1,1,0.105305581195302,0.8944964982073332,0.00019792059736466636
0,0,0.5990906530184249,0.40090903915447323,3.0782710189088563e-07
0,0,0.6675587042068429,0.3324386559745423,2.639818614816389e-06
1,1,0.07227832562900743,0.9271165885233668,0.0006050858476257932
1,1,0.12199819288420831,0.8777459264229572,0.00025588069283455557
1,1,0.16728477052090984,0.8326052344871283,0.00010999499196181643
0,0,0.6229275679392214,0.37706439149550297,8.04056527564011e-06
1,1,0.12264102789759801,0.8240851988805769,0.05327377322182516
1,1,0.16466826522791309,0.8350202432351823,0.0003114915369044761
0,0,0.6659490943371993,0.33404509555283934,5.810109961387348e-06
1,1,0.2227575167432178,0.7770713153516562,0.0001711679051259056
0,0,0.8185740992084719,0.18141938686269496,6.513928833060505e-06
0,1,0.2540117001502377,0.7453247849040644,0.0006635149456979813
1,1,0.27750679443586557,0.7224635205619057,2.9685002228843996e-05
1,1,0.11028351071201972,0.8759028196813734,0.013813669606606866
0,1,0.3829921349401036,0.6169322818922058,7.558316769047053e-05
1,1,0.23604596180184043,0.763143237989675,0.0008108002084845518
1,1,0.05893181456595488,0.9406826220961767,0.0003855633378683334
1,1,0.20510871460737393,0.7932601302571001,0.0016311551355261329
1,1,0.1197799481520023,0.8798543637872389,0.00036568806075869167
1,0,0.504813673232608,0.4951625393518105,2.3787415581448446e-05
0,0,0.7031232419834038,0.2968760749588952,6.830577010820924e-07
1,1,0.23284784752919443,0.7671313115727236,2.0840898081881933e-05
1,1,0.23644513669864622,0.7635274512939555,2.7412007398342418e-05
1,1,0.18949788836398582,0.8103392718036814,0.00016283983233270505
0,0,0.5239491493699535,0.4760492755342927,1.5750957538156122e-06
0,0,0.7499072338747966,0.25008685898117683,5.90714402647673e-06
1,1,0.037718872455921926,0.9593214243406175,0.0029597032034604947
1,1,0.11653337571039804,0.8833539140128447,0.00011271027675731034
1,1,0.2671078574562228,0.7327406185797931,0.00015152396398422272
0,0,0.8053081836626012,0.19467762170767988,1.4194629719002092e-05
1,0,0.5181651272872231,0.48177138941642456,6.348329635226044e-05
1,1,0.14844598980463938,0.85138422259522,0.0001697876001407647
1,1,0.18625960321969398,0.813690569739659,4.982704064702711e-05
1,1,0.03352090886973445,0.9273921430785403,0.03908694805172507
1,1,0.10353231018662576,0.8942687970954771,0.0021988927178971784
1,1,0.11269259340947377,0.8870415487366676,0.0002658578538585351
1,1,0.08703477876536242,0.9056959732641755,0.0072692479704620444
1,0,0.6729483473661693,0.32705096296178987,6.896720409333032e-07
1,1,0.0990777695296834,0.895449347828579,0.005472882641737513
0,1,0.3314353603914613,0.6685457816964179,1.885791212092617e-05
0,0,0.9998831318051793,1.33370855458777e-29,0.00011686819482060879
1,1,0.15643796325022122,0.8433045708605065,0.0002574658892723061
1,1,0.04144825268958592,0.9573439098650101,0.0012078374454039106
1,1,0.12339591362924425,0.8703318556933054,0.006272230677450431
0,1,0.44826345078600427,0.5516933349004846,4.3214313511169055e-05
0,0,0.7551171939767046,0.24487576810712758,7.037916167946239e-06
1,1,0.2032409471894555,0.7966700732508826,8.897955966193225e-05
1,1,0.04438645517224546,0.7559863627194996,0.19962718210825497
0,0,0.9075124923529231,0.09205932544503834,0.0004281822020386402
1,1,0.49421780590526093,0.5057649473857888,1.7246708950344862e-05
0,0,0.8099059119163615,0.19008895353261937,5.134551019283666e-06
0,0,0.6369649940870065,0.36299309795428875,4.190795870489218e-05
1,1,0.03525796498868853,0.9644118364095281,0.00033019860178353855
2,2,0.0012011190802615269,0.1411935744340979,0.8576053064856406
1,1,0.3305012647995496,0.6694237616355356,7.497356491472565e-05
0,0,0.5325908890822314,0.4674023054158777,6.805501890910938e-06
0,0,0.7963496111243348,0.2036484210571401,1.9678185252221964e-06
0,0,0.517044762728087,0.4829225413258053,3.2695946107700353e-05
1,1,0.023204906448160326,0.9739523454350321,0.0028427481168075176
1,1,0.23771992378357,0.7622374618361022,4.26143803278791e-05
1,1,0.4119828715855733,0.5880105621823734,6.566232053397146e-06
0,0,0.7078406282687189,0.2921231797654849,3.6191965796158576e-05
1,1,0.049372743202136485,0.9504205906899716,0.0002066661078918933
0,0,0.826781422779326,0.17321652386747172,2.0533532023670875e-06
0,0,0.938885358629331,0.06111457199373824,6.937693092857518e-08
1,2,0.00954165456275258,0.43310758191207893,0.5573507635251684
1,1,0.07765282684175599,0.9206432254301095,0.0017039477281346653
1,1,0.44217653528690576,0.5578043263681525,1.9138344941708967e-05
2,2,3.032760822140224e-05,0.35227239329931687,0.6476972790924618
1,1,0.4417353515784575,0.5582546475132419,1.0000908300591442e-05
1,0,0.8620482966837412,0.13794840241095685,3.300905302070565e-06
0,1,0.45246195617583496,0.5471163055764394,0.00042173824772575
0,1,0.28702766672963925,0.7128376866384508,0.0001346466319098596
1,1,0.3074640599635528,0.6925127073005556,2.323273589162621e-05
0,0,0.5007388026132041,0.49833491225796434,0.0009262851288313561
1,1,0.18700191423866258,0.8126445868319979,0.00035349892933950617
1,0,0.6573256443906225,0.3426708185737879,3.537035589734113e-06
1,1,0.04636418896226521,0.9532076033243022,0.0004282077134325002
1,0,0.7007115307928427,0.29928827060566066,1.9860149677871394e-07
1,1,0.046274646841259974,0.9004226773661379,0.05330267579260215
2,2,0.000127173710435609,0.024996312563144614,0.9748765137264198
1,1,0.11970764453127306,0.8802183508102848,7.40046584421467e-05
1,1,0.03266756835597187,0.8891986571269711,0.07813377451705712
1,1,0.13570450891954733,0.8639618179385987,0.0003336731418539209
1,1,0.04621928281437825,0.9503954814130652,0.003385235772556626
0,1,0.04178560122451178,0.9569268059613069,0.0012875928141814726
0,1,0.33716558778235145,0.6625370672923104,0.00029734492533815344
1,0,0.6336335303873106,0.36635133885579313,1.5130756896205621e-05
0,0,0.7670993243545006,0.23289953115098397,1.1444945155639744e-06
1,1,0.05102498749797728,0.9485295497612753,0.0004454627407471944
1,1,0.03661966380189918,0.9630914224351267,0.0002889137629742103
0,0,0.8534594598545254,0.14653999154299635,5.486024782312068e-07
1,1,0.013412296095261336,0.5048485803777248,0.4817391235270138
0,0,0.8644705910654952,0.13552885623471603,5.526997888870274e-07
0,0,0.6219033323097034,0.37809250908533143,4.158604965061486e-06
0,1,0.2835476198500073,0.7163955211729357,5.685897705696186e-05
1,1,0.32746906850355156,0.6720896931883277,0.0004412383081207588
1,0,0.5382518224745627,0.46174462578045106,3.551744986314485e-06
1,1,0.2038708554154821,0.796038249591448,9.08949930699749e-05
0,0,0.89864415852238,0.10125295664669592,0.00010288483092396216
0,0,0.8223709256635935,0.17762896048071447,1.1385569211750223e-07
1,1,0.33999681316877184,0.6599342769069735,6.890992425472892e-05
0,0,0.8159532072996843,0.18404573133924113,1.0613610745085482e-06
1,1,0.4811549472056825,0.5188389249693048,6.127825012638925e-06
0,0,0.9983820558209001,5.264241768925213e-29,0.0016179441790997561
1,1,0.06472689893535545,0.9351786009123508,9.45001522937667e-05
0,0,0.7259295605509875,0.2740699438926876,4.95556324882159e-07
1,1,0.2288985382323321,0.7707242381315607,0.0003772236361073697
0,0,0.9751542807609426,0.02484304626238838,2.6729766688987178e-06
1,1,0.1537313747364317,0.8453628128345806,0.0009058124289877405
1,1,0.05663908261776386,0.9431627098875225,0.00019820749471351052
1,0,0.5720271283964157,0.4279623535099715,1.0518093612734726e-05
0,0,0.6195864291789106,0.3804108258563782,2.74496471128092e-06
1,2,1.4383887584115033e-09,0.35271415421087093,0.6472858443507403
1,1,0.24450986184840387,0.7554308713865386,5.926676505739063e-05
0,1,0.27543299257983794,0.7244253998223531,0.00014160759780898938
0,0,0.9012518038860969,0.09764698914343818,0.0011012069704648161
0,0,0.9462004335863053,0.05379904460507081,5.218086239574016e-07
0,1,0.2710458546672242,0.728714239581154,0.00023990575162177646
0,1,0.037741949747440134,0.9619906414406407,0.0002674088119190049
1,1,0.3369226680129539,0.6630356248512363,4.1707135809738115e-05
1,1,0.2535217709707893,0.7462538822430806,0.00022434678612993206
1,1,0.09423143661667459,0.9057163037184073,5.2259664917969685e-05
0,1,0.05229089068127609,0.9470551867984676,0.0006539225202564505
0,0,0.5690366898108058,0.4309584825951078,4.827594086377281e-06
1,1,0.11464586674100029,0.8802601058429761,0.005094027416023746
0,1,0.19806471615797072,0.8018583051918743,7.697865015499913e-05
0,0,0.6565646017138044,0.34343430506904776,1.0932171477781878e-06
1,0,0.5740978485072897,0.42588184124977246,2.031024293773776e-05
1,1,7.363471599652951e-05,0.625542489406194,0.3743838758778095
0,0,0.6514005449836108,0.3485966118270519,2.843189337275222e-06
0,1,0.36383369721135256,0.6361366529347176,2.9649853929837923e-05
0,0,0.8151789316869993,0.18481456196748478,6.50634551590734e-06
1,1,0.07332210891832333,0.9262901998111793,0.0003876912704972733
1,1,0.035559339210302285,0.9637438359035075,0.0006968248861901084
1,1,0.4717110013958606,0.5282421467486768,4.6851855462650414e-05
0,1,0.07602917979062333,0.9238841278793752,8.669233000130542e-05
2,2,5.276965044886024e-07,0.02820220040424998,0.9717972718992456
2,2,3.2088247924445867e-06,0.16309708157087982,0.8368997096043277
1,0,0.5794069401690873,0.4205826645539467,1.0395276965923062e-05
1,1,0.3978452249145027,0.6021484604776568,6.31460784038418e-06
0,0,0.7567976533957023,0.24320056299450113,1.783609796555946e-06
0,0,0.9096554169063453,0.0903201289396523,2.445415400245451e-05
1,1,0.3617396463702238,0.6382236387291074,3.671490066889337e-05
2,1,0.019089768682806967,0.5501983142655341,0.4307119170516589
1,1,0.11264374658560697,0.8800446744639974,0.007311578950395557
1,1,0.1103147932535664,0.8894611500330806,0.00022405671335308644
1,1,0.051197958948463025,0.7550265893024092,0.19377545174912783
2,2,3.9065980181294283e-07,0.04704087878191722,0.9529587305582811
1,1,0.0629124331661957,0.9209136857186081,0.016173881115196135
0,1,0.47935722976121414,0.5196193591409385,0.0010234110978472805
0,0,0.640638862150098,0.359213078808307,0.00014805904159482112
0,0,0.7599081968873251,0.24009142778085693,3.7533181790837125e-07
0,0,0.8275811037701579,0.1724186440424292,2.52187412922981e-07
1,1,0.21560201393284883,0.7835424022163864,0.0008555838507648447
1,1,0.02294855512440008,0.9726362860109363,0.004415158864663532
1,1,0.4234091733873517,0.5765798614093846,1.0965203263712949e-05
1,1,0.21829161264690633,0.7815504119327157,0.00015797542037789792
1,1,0.18188229589175567,0.8180097868388986,0.00010791726934578087
1,1,3.1756861176647913e-09,0.5690487550251274,0.4309512417991864
1,0,0.5771865224641595,0.4228005545965348,1.2922939305676084e-05
1,1,0.43732249393957073,0.5626355656742754,4.194038615380788e-05
1,1,0.2748583133435435,0.7251256240075288,1.606264892758846e-05
0,0,0.7514865604504416,0.24851014375960576,3.2957899526328927e-06
0,1,0.4097396984672047,0.5902047177587701,5.558377402524213e-05
1,0,0.9608815532063869,0.0391162982944834,2.148499129617709e-06
0,0,0.9486353078302017,0.05136435992844671,3.3224135173827973e-07
0,0,0.8295235797561681,0.17047527616586858,1.1440779634659877e-06
1,1,0.13266647131160508,0.8667543604727641,0.0005791682156308248
1,1,0.13138446326854608,0.859813676942477,0.008801859788976974
0,0,0.8361800508485685,0.1637966359439401,2.3313207491453068e-05
0,0,0.5855145428311431,0.41446610124043937,1.9355928417440725e-05
1,0,0.586633291000165,0.4133655646126823,1.1443871526637939e-06
1,1,0.1957680009981339,0.8033393451483126,0.0008926538535535698
1,1,0.16886246408696376,0.831082975564168,5.456034886823144e-05
0,0,0.8561364145266169,0.14385944955612195,4.135917261014072e-06
1,1,0.24690297052331467,0.7530154141981904,8.161527849484888e-05
1,0,0.5503278505569589,0.44966971189824523,2.4375447960112162e-06
0,1,0.47376924886712035,0.52613975035875,9.100077412958573e-05
1,1,0.20428951473905255,0.786736534464821,0.008973950796126423
2,2,3.097506020913885e-08,0.002267738342368085,0.9977322306825717
1,0,0.9004104697089681,0.0995867599514108,2.7703396211172137e-06
0,1,0.18453843041957402,0.8153352363575026,0.0001263332229233245
2,1,8.539137281696987e-08,0.5292271529416737,0.4707727616669535
1,1,0.4705749014865819,0.5288407149040644,0.0005843836093537706
1,1,0.397751531658964,0.6022433274409271,5.140900108875621e-06
0,0,0.6392261230214654,0.36077262278616684,1.2541923678171318e-06
1,1,0.12378544935145304,0.8759825169707587,0.00023203367778833414
1,1,0.04187508503643146,0.9577062948438727,0.0004186201196959992
1,1,0.44597531196541934,0.554005714174778,1.8973859802707428e-05
1,1,0.10621634994342442,0.8911073522190712,0.0026762978375044154
0,0,0.9383593016759851,0.061640538505017495,1.598189974275598e-07
1,1,0.3924184884542878,0.6073179118399665,0.0002635997057457017
0,0,0.7644929794261173,0.23550132948215452,5.691091728279447e-06
2,1,0.03780848091973469,0.8747481902361367,0.08744332884412867
0,0,0.6141014138937708,0.3858911021981721,7.4839080570750864e-06
1,1,0.11392633307858603,0.8804170385624527,0.005656628358961249
0,0,0.6109366393823061,0.38905617416392624,7.186453767650755e-06
1,0,0.5268896238560622,0.47305064297085087,5.973317308702884e-05
0,0,0.7716047436936125,0.22839493554499232,3.207613950826252e-07
1,1,0.10053475532326761,0.898705709201751,0.0007595354749813275
1,1,0.15366748367848104,0.8460624158158956,0.00027010050562328896
0,0,0.9404130415819527,0.0595867236878944,2.347301527500681e-07
1,1,0.15489386091813187,0.8446050002210145,0.0005011388608534972
0,0,0.9685396549990408,0.031452540741606375,7.804259352755045e-06
1,0,0.5228153249067046,0.47717627897927267,8.396114022725556e-06
0,0,0.7603357510077231,0.2396634038379467,8.451543301403983e-07
1,1,0.2656366232972798,0.7337030166857881,0.000660360016932161
0,1,0.4754014929510421,0.5245271422541479,7.136479480994514e-05
0,0,0.8806725592978284,0.11932341839160411,4.022310567399978e-06
0,0,0.9197852311733977,0.0802083701722332,6.398654368984966e-06
1,1,0.4033079780671786,0.5966816704606682,1.0351472153137503e-05
1,0,0.6775454289255755,0.32245439200240356,1.7907202095883362e-07
1,1,0.029712195728304056,0.968799689933734,0.001488114337962131
0,0,0.7420675421493277,0.2578641634939098,6.829435676248293e-05
1,1,0.19597983309194827,0.8039564124741232,6.375443392862003e-05
0,0,0.7801853585483132,0.21981433640674536,3.050449414194179e-07
0,0,0.7525341779786364,0.24745505202846596,1.0769992897679868e-05
0,1,0.1544349498088429,0.8451869502827054,0.00037809990845179004
1,1,0.062288653521551274,0.9375422971801736,0.0001690492982750791
1,1,0.3525850958906561,0.6474033725924572,1.1531516886768054e-05
0,1,0.15485875728167203,0.8439302831416268,0.0012109595767011798
1,0,0.7315183389238863,0.26848027119417567,1.389881938116209e-06
1,1,0.3190927770150173,0.6808565790337101,5.0643951272688526e-05
0,0,0.9720407894665208,0.027958463662189518,7.468712898108725e-07
0,0,0.7235980485378432,0.2763986577879923,3.29367416459831e-06
1,0,0.899417512227965,0.10058042422195557,2.0635500793826813e-06
0,0,0.6651912834630674,0.33474330726007745,6.540927685499982e-05
1,0,0.7502628504827852,0.24973646411468742,6.85402527410214e-07
0,0,0.719947355707086,0.28005066304136517,1.9812515489063142e-06
0,0,0.8679008199119765,0.1313186922859325,0.00078048780209091
0,0,0.8579524581661324,0.14204715391918196,3.879146854915564e-07
1,0,0.581579320615509,0.4182781561998901,0.00014252318460093372
1,0,0.5652874650279714,0.4347016684147827,1.086655724588664e-05
0,0,0.6745664651546855,0.32525351986320206,0.0001800149821123449
0,0,0.804489384484843,0.19545022176691212,6.0393748244765825e-05
1,0,0.6584500432752831,0.3415474565947118,2.500130005069464e-06
1,1,0.16372023910518343,0.8359335114798764,0.0003462494149401562
1,1,0.15062297371121292,0.849281173008556,9.585328023101358e-05
0,1,0.4901463971081488,0.5094539054672945,0.00039969742455672503
1,1,0.03707041537764907,0.9588760211662539,0.004053563456097103
1,1,0.4714930629535849,0.5284762721831392,3.0664863275890134e-05
0,1,0.4311178679713716,0.5688480044166783,3.412761195025078e-05
1,1,0.49705519780794216,0.502933637253816,1.116493824186899e-05
1,1,0.20525757529958663,0.7946233373452058,0.00011908735520755791
1,0,0.866213559115434,0.1337818304967416,4.610387824406798e-06
1,1,0.059707027274315996,0.9393001534325496,0.0009928192931343961
1,1,0.34753429265684177,0.6524272671314624,3.844021169586612e-05
0,0,0.9824003110535885,0.017599396546055534,2.9240035602887675e-07
1,1,0.26762608968272955,0.7321910674535254,0.00018284286374508238
1,1,0.19317082553453935,0.8066758810432102,0.0001532934222504465
0,0,0.8532309587865179,0.14676890483202745,1.3638145472389833e-07
1,1,0.19198031494489928,0.8079264558653817,9.322918971906057e-05
1,2,0.010079459479534751,0.45197940926333807,0.5379411312571271
0,0,0.5156926626610736,0.48429545997638457,1.1877362541734208e-05
1,1,0.41784770438489144,0.5821238261068665,2.8469508241935514e-05
1,1,0.47632265392073636,0.5235769087475578,0.00010043733170576561
1,1,0.14924960439211307,0.8505293518111643,0.00022104379672266633
1,1,0.07229145000233074,0.9269070470314661,0.0008015029662031809
1,1,0.036833757416378635,0.9602806839962179,0.0028855585874035675
1,1,0.17244858195975216,0.8274012714689702,0.00015014657127764857
1,1,0.16375818170893205,0.8362038457379374,3.797255313070022e-05
0,0,0.91009374534217,0.08888318782828356,0.0010230668295463543
0,0,0.9143750237199189,0.08562465170829552,3.2457178569949433e-07
1,1,0.01617840286997947,0.9835604555332473,0.000261141596773218
0,0,0.7961711678054517,0.20382860609312384,2.261014244908929e-07
0,1,0.33821991615544905,0.661748010882493,3.2072962057899403e-05
1,1,0.03676269209006719,0.9613000881070769,0.0019372198028557183
1,1,0.03182793692192193,0.9655328808833109,0.00263918219476702
2,2,3.0034706541921894e-40,1.2409444606833711e-40,1.0
1,1,0.09060872547835164,0.9093221570899125,6.911743173571743e-05
0,1,0.2737711835132061,0.7259696590496751,0.0002591574371188127
1,1,0.18859288607333435,0.8112423865011851,0.00016472742548059833
0,1,0.22966808004884834,0.7703074730197852,2.4446931366392744e-05
0,1,0.23608643151226053,0.763871340601888,4.2227885851556796e-05
1,1,0.10606317067647074,0.8934802295830955,0.00045659974043376185
1,1,0.08594853177509672,0.9136600676488049,0.0003914005760982963
1,1,0.3850541434635094,0.614899916209332,4.594032715858962e-05
0,1,0.49840842627899273,0.5015631973386604,2.837638234684346e-05
1,1,0.14030814521146423,0.8567569248893796,0.0029349298991560593
1,1,0.3561726568932468,0.6438071408915991,2.020221515424055e-05
0,0,0.9544049260046459,0.045570086208157064,2.498778719717923e-05
0,0,0.5109833415122118,0.4884572932241449,0.0005593652636432866
1,1,0.14406009406434042,0.843301577443254,0.012638328492405641
1,1,0.1515394793343051,0.8482301992930171,0.0002303213726778564
1,0,0.6983322309377639,0.30164765344132677,2.011562090930043e-05
1,1,0.05504370269612211,0.944675973097609,0.00028032420626904675
1,1,0.01127776273016192,0.9882849733979783,0.0004372638718599104
1,1,0.1581919561841989,0.8414935266692634,0.00031451714653761846
0,1,0.2064062947022415,0.7934040265735299,0.00018967872422849186
0,0,0.6776744759486035,0.32231751894491845,8.005106478032014e-06
1,1,0.34059467329228615,0.65934070137307,6.462533464389248e-05
0,0,0.5875238527896626,0.4124729201098667,3.227100470737631e-06
1,1,0.1069619911133941,0.8921518801692787,0.0008861287173271701
1,1,0.13876779670747966,0.8421001575104724,0.01913204578204791
1,1,0.12327884174864844,0.8764645929223458,0.0002565653290057904
0,1,0.44231260171476705,0.5576538970091103,3.3501276122564805e-05
0,1,0.19221398212732377,0.807642806378331,0.00014321149434529028
0,0,0.5305786803123873,0.469381555189734,3.9764497878640057e-05
1,2,1.3788117169465516e-09,0.33698253430076724,0.663017464320421
0,0,0.6117865890381902,0.38813685481026,7.655615154981288e-05
0,0,0.5228594113588342,0.47708831288427267,5.227575689326189e-05
1,1,4.934559031947426e-05,0.5131045649638869,0.48684608944579366
0,0,0.8040965233108494,0.1959034177230607,5.896608974696465e-08
0,0,0.9152705186238463,0.08472920586562102,2.755105325374022e-07
2,2,2.959012664060165e-49,2.0845985006998624e-54,1.0
1,1,0.3968425386482343,0.6030285716974855,0.00012888965428019356
2,2,3.429997215132425e-06,0.35774481394663016,0.6422517560561546
1,0,0.502654631296672,0.49732436348698544,2.1005216342537787e-05
1,1,0.29911343397667184,0.7008331911467313,5.3374876596828356e-05
1,1,0.018636565748707732,0.9745940322538534,0.006769401997438928
1,1,0.10312816067099555,0.8968027284541803,6.911087482399583e-05
0,0,0.6468358458382814,0.35315841079190957,5.74336980911917e-06
2,2,5.868934544000264e-07,0.04334902980089949,0.9566503833056462
1,1,0.16617230836032995,0.8337160710222448,0.00011162061742543508
1,0,0.5220105870669977,0.47782487456121797,0.00016453837178448727
1,1,0.33121059802845365,0.668358795549782,0.00043060642176449913
1,1,0.3235432157887934,0.6762092487867588,0.00024753542444766685
0,0,0.6307901600086345,0.3692007340976451,9.105893720362209e-06
1,1,0.1536997039579431,0.8238737368614633,0.022426559180593494
2,2,3.5571454839791155e-07,0.018547153282925805,0.9814524910025257
1,1,0.20062568443004403,0.7976945591355608,0.001679756434395178
0,1,0.40277850102847834,0.5970815849702621,0.00013991400125970514
1,1,0.10698124138660044,0.8927415740976993,0.0002771845157001967
0,0,0.6610417349981275,0.3389545908157078,3.6741861648109562e-06
1,1,0.2276857259727984,0.7721342890673266,0.0001799849598749793
1,1,0.051379706966700585,0.8537991245996994,0.09482116843360006
0,0,0.9050792934768456,0.09491406985702086,6.636666133539326e-06
0,0,0.7446157559349985,0.25538260710754085,1.6369574605827157e-06
1,1,0.21900219558191225,0.7778601645046165,0.0031376399134714376
0,0,0.7183699641517264,0.28162548401873555,4.551829538157036e-06
0,1,0.4403873684652861,0.5595195892014402,9.304233327371289e-05
0,0,0.8955095955489335,0.10449027917561214,1.2527545439068333e-07
1,1,0.38274975146769835,0.6170744588955269,0.00017578963677462
0,0,0.5540159564917252,0.44597822407555965,5.819432715068832e-06
0,0,0.6739664382057872,0.32603305912115116,5.026730616635958e-07
0,0,0.8184685152899154,0.18152778192044583,3.7027896388232727e-06
0,0,0.6920388025745474,0.30795716519998556,4.032225466959134e-06
1,1,0.3818272208784293,0.6175894234698763,0.0005833556516943278
2,2,1.546348620766718e-07,0.010152508756278373,0.9898473366088596
2,2,4.3149401347935455e-16,4.888805787543484e-05,0.9999511119421242
0,0,0.9404752264544703,0.059524693139774015,8.040575557079955e-08
0,0,0.8589163329273832,0.14108148307068155,2.1840019353357182e-06
1,0,0.9360604723599868,0.06393839635017266,1.1312898404061763e-06
0,0,0.7168586625672161,0.2831401356801148,1.201752669053742e-06
1,1,0.10943311875842739,0.8887592070396207,0.0018076742019520226
0,1,0.4700135268879486,0.5299824292207932,4.043891258151343e-06
1,1,0.21153769985668996,0.7884317059376028,3.0594205707113485e-05
0,0,0.6297178791764131,0.37028020500018294,1.9158234038428755e-06
0,0,0.9359946372384107,0.06399892361017395,6.439151415270903e-06
1,1,0.03143132569800337,0.9648086589133456,0.0037600153886511276
0,0,0.60362732685539,0.396300515245366,7.215789924379804e-05
0,0,0.9380953819323253,0.0619043359480121,2.8211966251965e-07
0,0,0.9437134983194821,0.05625688183970917,2.961984080875659e-05
2,2,1.681779902663445e-06,0.07223677777214352,0.9277615404479539
0,0,0.8431946836174634,0.15584650506919864,0.0009588113133379982
2,2,7.209204779533228e-10,0.3147573841159904,0.685242615163089
0,0,0.584989064558855,0.4150059319563959,5.003484749119777e-06
0,0,0.8931647779754481,0.1068350783035574,1.4372099436345612e-07
0,1,0.025762889937332775,0.6648306273808329,0.3094064826818344
0,0,0.5777875374478256,0.422180365890786,3.209666138830481e-05
0,1,0.4621151173473979,0.5378762726901979,8.609962404136572e-06
1,0,0.5312197185443549,0.46877592899649934,4.352459145755642e-06
0,1,0.43281992455184976,0.5671632282075503,1.6847240599900832e-05
0,0,0.817244690027722,0.1827446249979791,1.0684974298820387e-05
0,0,0.8277414831598979,0.17225433982089022,4.177019211978219e-06
1,1,0.14712898031355173,0.8527941079797172,7.691170673100618e-05
0,0,0.8640282586257291,0.13597096617518797,7.751990830241982e-07
1,0,0.8110268957837566,0.1815369265677821,0.007436177648461179
0,1,0.48802093222039367,0.5118836392520669,9.542852753946992e-05
0,1,0.1780130956333488,0.8213663738131388,0.0006205305535124194
0,0,0.6745017478041025,0.32546800844059565,3.0243755301664367e-05
1,1,0.17799324184564944,0.8215951975089864,0.0004115606453643163
2,2,3.376590498530227e-05,0.012241876513892865,0.9877243575811219
1,1,0.4745339840063034,0.5254492412135202,1.6774780176356996e-05
1,1,0.22862668435768643,0.7701273124275303,0.0012460032147832982
0,0,0.7040822208116095,0.2958682132684159,4.95659199744512e-05
0,0,0.7569377462053252,0.24297282176635718,8.943202831776829e-05
1,1,0.4082552592702319,0.59107599107279,0.0006687496569781472
2,2,2.5627072221844526e-06,0.08513004433531092,0.914867392957467
1,1,0.1477155322404464,0.852096156874659,0.00018831088489452183
0,1,0.34224570603174564,0.6576657107627989,8.858320545554438e-05
0,0,0.8360944750366542,0.1639030768588914,2.448104454369307e-06
1,0,0.9323296210414749,0.06767031144349767,6.751502741918816e-08
1,1,0.4864455840939551,0.5135150462417838,3.93696642611117e-05
0,0,0.9759290724127017,0.02406605986914487,4.867718153449388e-06
0,0,0.5849406658044899,0.4149911497328955,6.818446261462609e-05
0,0,0.7559106599732831,0.24406692577311404,2.2414253602798594e-05
1,1,0.0581550157893343,0.94167075814457,0.00017422606609578982
0,0,0.7149559864751224,0.2850430923267143,9.211981634437921e-07
1,1,0.20782084696020248,0.7920425867792886,0.00013656626050899726
2,2,0.0012019993545195717,0.07352552677195952,0.925272473873521
0,0,0.6910748111335867,0.308923874211599,1.314654814273227e-06
1,0,0.5396616610026597,0.46032283577086425,1.5503226476018156e-05
0,0,0.7055508626442176,0.2944481864886563,9.508671261664636e-07
0,1,0.43428217839225275,0.5656151545962051,0.0001026670115421298
0,0,0.7268071932215231,0.27317434535929325,1.846141918377027e-05
1,1,0.028470615816676852,0.9363067720582383,0.03522261212508496
1,1,0.028643219986331563,0.9705445482542581,0.0008122317594103608
1,1,2.7937638382594377e-09,0.5328907653894344,0.4671092318168018
0,0,0.6186286149952077,0.381346190278806,2.5194725986208307e-05
0,0,0.7340063974628909,0.26580948324441506,0.00018411929269406883
0,0,0.5206404874105781,0.4793430569707294,1.645561869251665e-05
0,0,0.6472206315851263,0.35277672370816715,2.644706706576593e-06
0,0,0.9800215534558367,0.01996819204256307,1.025450160018699e-05
0,0,0.8319838047599558,0.1680046112138948,1.1584026149447163e-05
0,1,0.03394988393684484,0.9658517968948013,0.00019831916835386305
1,1,0.15535296570928395,0.8445866644311504,6.0369859565677456e-05
2,2,0.0002179319233437162,0.02848455965775398,0.9712975084189023
1,1,0.21063074703523976,0.7889610534795883,0.00040819948517194444
0,1,0.05685875450050217,0.887418852619807,0.05572239287969082
0,1,0.1005259562547083,0.8992994109215694,0.00017463282372240737
1,1,0.31938138103487024,0.6805410370441995,7.758192093028543e-05
0,0,0.9336895216818394,0.06630844653111397,2.031787046622251e-06
0,0,0.6857997972818487,0.31419840547297967,1.7972451717710437e-06
1,1,0.12183990064738873,0.8771180038298111,0.0010420955228003317
1,1,0.17239165781336188,0.8264599303880852,0.0011484117985528953
0,0,0.8637723652939913,0.13614969502513818,7.793968087063766e-05
2,2,1.2831330665740465e-07,0.015561567954500909,0.9844383037321924
1,1,0.06320958456619855,0.9363370510664737,0.0004533643673278074
0,0,0.6466094686064171,0.3533883473770917,2.184016491179395e-06
2,2,7.61235729937212e-09,0.13031702281124533,0.8696829695763975
2,2,0.021127526807077645,0.4456902427625168,0.5331822304304056
1,1,0.025079532132695655,0.9338062277693698,0.041114240097934546
0,0,0.5998400880860003,0.40015644269031836,3.469223681247854e-06
1,1,0.22974081713257097,0.7702377883745053,2.139449292374658e-05
1,0,0.5095948410815812,0.49030445568920905,0.00010070322920990678
1,1,0.051931585216092854,0.9479436245649717,0.0001247902189354282
0,0,0.7017647810397147,0.2982229443818251,1.2274578460082445e-05
2,2,1.292919233004981e-07,0.01280158636730336,0.9871982843407733
1,1,0.07792246563993548,0.9212170377592044,0.000860496600860153
0,1,0.028221412626434517,0.9709298590269895,0.0008487283465759924
1,1,0.38200006691199573,0.6179750951103924,2.4837977611808817e-05
1,1,0.25031932963121767,0.7495174189087099,0.00016325146007247727
1,0,0.6508108738664466,0.34916854281912496,2.058331442833132e-05
0,1,0.4992266229186275,0.5007613104703532,1.206661101927743e-05
1,1,0.050598188109727944,0.8984751564326299,0.05092665545764217
1,1,0.047166648876320535,0.9525843517634129,0.00024899936026651824
1,1,0.2604476367990477,0.7394668623810089,8.550081994326363e-05
1,0,0.8607315894291511,0.13926110206729173,7.3085035570359325e-06
2,2,5.73247602534031e-16,5.437627564159397e-05,0.9999456237243579
1,1,0.10441046830000991,0.8952511914259946,0.0003383402739953668
1,1,0.04138513894795821,0.9582080378243664,0.0004068232276752976
1,1,0.15334019034806182,0.8465900041524594,6.980549947892801e-05
1,0,0.7584263118931225,0.24154672107988653,2.696702699103918e-05
1,0,0.8917336983821492,0.10826587453355295,4.2708429782603644e-07
1,1,0.25968476475215024,0.7402751552604184,4.0079987431345925e-05
0,1,0.08443690843592896,0.9149862872945602,0.0005768042695108449
1,1,0.04250884461372906,0.8901765041282598,0.06731465125801114
1,1,0.0715937381805992,0.9270442170543182,0.0013620447650826701
1,1,0.2977092597619907,0.7014585741203078,0.0008321661177014476
0,1,0.33709070757405335,0.6628707652301181,3.852719582856497e-05
0,0,0.9034275027607728,0.09657140053461767,1.0967046095678777e-06
1,1,0.25655306334093,0.7431470578934286,0.0002998787656413861
0,0,0.6128429063826244,0.38715613061722215,9.630001534560251e-07
1,1,0.25647117648686985,0.7434932585262379,3.5564986892249366e-05
1,1,0.024813829831100354,0.9705095899741314,0.0046765801947681864
1,1,0.13341193409061355,0.8539823572252397,0.012605708684146868
1,1,0.07770686493665832,0.909096719538604,0.013196415524737652
1,2,4.7152083467938495e-08,0.4633935051783294,0.5366064476695872
1,1,0.29761097547340964,0.7023520452351307,3.6979291459588065e-05
0,0,0.7184777287945311,0.2815184800860301,3.79111943875378e-06
1,0,0.7489571168857454,0.2510254609183081,1.7422195946496022e-05
0,1,0.14895574526109648,0.8505636248945027,0.0004806298444009214
0,0,0.8474894488645238,0.15251040081682002,1.5031865605216755e-07
1,0,0.7327753388040178,0.26721584844544494,8.812750537312966e-06
1,0,0.5388257428921513,0.4611713220062759,2.9351015728546718e-06
0,0,0.9478119934632315,0.05217709677582229,1.0909760946305706e-05
0,1,0.18444962999006992,0.8153873111038561,0.0001630589060740721
1,1,0.044561105497026146,0.9550256068898596,0.0004132876131143335
0,0,0.7474590199480252,0.2525398203827606,1.1596692141817932e-06
2,2,2.3816840699567103e-06,0.04020345292933472,0.9597941653865952
1,1,0.08604867865068741,0.8929552926917871,0.02099602865752551
0,0,0.7851285341677622,0.21486735778883032,4.108043407535582e-06
0,0,0.5083345341442028,0.49154467039098276,0.00012079546481439825
1,1,0.35767988590893196,0.6423107158467027,9.39824436531139e-06
1,1,0.06279372625772668,0.9364932803122895,0.0007129934299837607
1,0,0.9994494836750284,2.4162376569153422e-29,0.0005505163249716668
0,0,0.8939146558845285,0.10608496026457245,3.8385089890310993e-07
1,1,0.2663653686420124,0.7329704117183566,0.0006642196396311464
1,1,0.2970667458387978,0.7028588157752912,7.443838591104006e-05
0,1,0.37837446069429603,0.6215084783802397,0.00011706092546436518
0,1,0.4856198193553629,0.5143744474929939,5.733151643104842e-06
1,1,0.25164590233714595,0.748339987966951,1.410969590300061e-05
1,1,0.3016751416884384,0.6979079017305021,0.00041695658105951757
1,1,0.0752076067798962,0.9239845128723633,0.0008078803477403564
0,0,0.8220439871057063,0.17794832295419252,7.689940101049962e-06
1,1,0.19595628263756038,0.8039150967203894,0.000128620642050215
0,1,0.0446873248085603,0.9550374097950058,0.0002752653964338671
1,1,0.09915674744618255,0.900300775766638,0.0005424767871795132
1,0,0.5157512458097564,0.4842418485121998,6.905678043744563e-06
0,0,0.7262608703008043,0.2737383757562704,7.539429253141096e-07
0,0,0.6937819379309834,0.30621411158004397,3.950488972634873e-06
1,1,0.13487707587270015,0.8650588827037201,6.404142357968674e-05
1,1,3.9011097026131114e-09,0.5773808504669373,0.42261914563195296
1,0,0.6484775621952596,0.35152153023339916,9.075713412291863e-07
2,2,8.64027211386485e-12,0.03834750798228609,0.9616524920090735
1,1,0.07884331687654152,0.9001617428164654,0.020994940306992938
1,0,0.5919130405294932,0.4079585866829985,0.0001283727875081203
0,1,0.2576692767396588,0.7417817321545064,0.0005489911058348429
0,0,0.8422479814789463,0.15773838239139756,1.3636129656202388e-05
0,0,0.5923072689903516,0.407689103523379,3.6274862694387144e-06
1,1,0.23713962620909346,0.7627344648789715,0.0001259089119351745
0,1,0.40444420448374285,0.5955351671707241,2.062834553310447e-05
1,1,0.08665801040110117,0.9131963636942086,0.0001456259046900604
1,1,0.1477264756605628,0.850779730131065,0.0014937942083722317
1,1,0.17006718429637716,0.8283021829793987,0.0016306327242241452
0,0,0.57764748664975,0.4223488248476758,3.688502574239604e-06
1,1,0.1506132358256157,0.8466458524394477,0.0027409117349366137
0,0,0.9273818055526105,0.07261444802578765,3.7464216017934515e-06
1,1,0.3895680062376372,0.6104028243108777,2.9169451485066328e-05
1,1,0.03433336031234753,0.965471252627713,0.00019538705993926725
1,1,0.11520216844854315,0.8843970973781137,0.0004007341733432176
0,0,0.9430937230061637,0.05675977945765358,0.00014649753618284776
0,1,0.15345891820732005,0.846183904934881,0.0003571768577987758
0,0,0.7901940765268067,0.2098025960883833,3.3273848098025234e-06
0,0,0.684173542738364,0.31582378426759294,2.672994043167828e-06
1,1,0.24003084813344774,0.759903674210393,6.547765615929083e-05
0,0,0.8257671590746847,0.17423267457727265,1.663480427949558e-07
1,1,0.011888351085086974,0.9830319945479283,0.0050796543669847476
0,1,0.4219595596293958,0.5778635570496378,0.00017688332096658027
0,0,0.7673342755051746,0.23266352742588345,2.197068941797543e-06
0,0,0.8822392381010005,0.11776070386650184,5.803249767869917e-08
0,0,0.8478353151442277,0.15216352694551943,1.157910252811026e-06
0,1,0.2017736858116125,0.7964411133696166,0.0017852008187708927
0,0,0.8078033192703514,0.19219479280443405,1.8879252145505146e-06
1,1,0.169361228036175,0.829702334152609,0.0009364378112161018
1,1,0.1760344505917202,0.8237281146607653,0.00023743474751446782
0,1,0.14110936813612499,0.8586206406269384,0.0002699912369366342
2,2,8.287324504204218e-07,0.22431324218273013,0.7756859290848195
1,1,0.3635554621760672,0.6361078724352812,0.00033666538865157245
0,0,0.7673849198942537,0.23261472264101765,3.5746472869547575e-07
1,0,0.6706032749081018,0.32939539299748755,1.332094410650041e-06
1,1,0.04994946727531985,0.9496413391162616,0.00040919360841872103
1,1,0.05928235796789225,0.9398727572458283,0.0008448847862793985
1,1,0.21213119507426917,0.7877171984012862,0.00015160652444465395
0,0,0.5522300158336242,0.4477615462527075,8.43791366839896e-06
1,0,0.7366243201873072,0.2633626368503215,1.304296237146443e-05
1,1,0.014086542154223114,0.6761637750611639,0.30974968278461307
1,1,0.31190509751519485,0.687813763704258,0.00028113878054720007
1,1,0.3325928825839977,0.6673647160470553,4.240136894702805e-05
2,2,4.240004875907981e-08,0.04111932925624969,0.9588806283437016
1,0,0.5407179232369123,0.45927856158305,3.515180037780871e-06
0,1,0.18804217751050137,0.8117442924107542,0.0002135300787446376
0,0,0.6278115909203619,0.3721681436945732,2.0265385064988965e-05
1,1,0.3955263910874849,0.6044386766510097,3.493226150535864e-05
0,1,0.2137265645818714,0.7818277516119325,0.0044456838061961304
0,0,0.6152419509567353,0.3847455327689531,1.2516274311567734e-05
0,0,0.5280821967855694,0.4719151620898486,2.64112458200429e-06
1,1,0.34545905533421795,0.6538116826579696,0.0007292620078124758
2,2,1.3704489451349754e-06,0.05221625075570837,0.9477823787953464
1,1,0.040320968569448674,0.9584035722782138,0.001275459152337602
1,1,0.08188785241323197,0.9178605869718987,0.00025156061486943104
1,0,0.6269302209139875,0.3730475978509491,2.2181235063384613e-05
1,1,0.19539855186422692,0.8045274368618858,7.401127388747484e-05
0,0,0.5284215929982328,0.4715486858583888,2.9721143378344146e-05
1,1,0.3859198039626737,0.6140272687924558,5.2927244870482306e-05
1,0,0.6920171443362223,0.3079814699065523,1.3857572253310682e-06
1,1,0.28481428498327394,0.714889459110026,0.0002962559066999688
1,1,0.15544417064663701,0.8440116110519911,0.0005442183013719836
0,0,0.8062708945283455,0.19372749302788617,1.6124437683722036e-06
0,0,0.9999783313325972,1.2827710311575218e-29,2.1668667402799428e-05
1,1,0.1420247305208543,0.8579098890332819,6.538044586379097e-05
1,1,0.48712116357130114,0.5128691184066202,9.718022078718666e-06
2,2,0.0016892290959908854,0.17443377388093545,0.8238769970230736
1,2,4.8015258991264215e-08,0.48098429036681717,0.5190156616179239
0,0,0.9587230599930145,0.04127138201547353,5.557991511793476e-06
0,0,0.8623748434596104,0.13762501702406646,1.395163231603219e-07
1,1,0.28905171172324884,0.7108870049302851,6.128334646594921e-05
0,1,0.032250610808904207,0.7425634853048901,0.22518590388620563
2,1,0.0644486063838952,0.9201485578397258,0.015402835776378958
1,1,0.3786357395975857,0.6213552637352168,8.99666719740674e-06
2,2,2.429456318053179e-05,0.2510548026351845,0.7489209028016349
0,0,0.7263338001007823,0.2736655633188742,6.365803435774416e-07
0,0,0.5202637707829847,0.479469886455414,0.00026634276160124895
1,1,0.460134091417269,0.5398583751197439,7.533462987129556e-06
1,0,0.5808842442395066,0.4191125544560221,3.2013044712740943e-06
0,0,0.9529386799564279,0.04705527478867658,6.045254895571237e-06
0,0,0.5067176164480538,0.4924702787367339,0.0008121048152124669
0,0,0.9999313392913672,2.5260340412765936e-29,6.866070863276706e-05
0,1,0.3372836468465619,0.662611216703224,0.00010513645021422375
1,1,0.215443034047405,0.7845229792597794,3.398669281558537e-05
0,0,0.8181706547506352,0.18182526863568652,4.076613678119149e-06
1,1,0.17425968153708948,0.8254548595400929,0.0002854589228175995
0,0,0.8803065584193619,0.11969297055398344,4.710266547149022e-07
0,0,0.8692853533665738,0.13071413719762684,5.094357993857293e-07
1,1,0.013853510495793689,0.9809465633082717,0.005199926195934712
1,1,0.315827031769689,0.6841532023777843,1.9765852526603492e-05
1,1,0.28636893703571664,0.7132843044859751,0.00034675847830827874
1,1,0.03606599835203976,0.9548571874997275,0.009076814148232679
1,1,0.08870633513762252,0.911181777437824,0.00011188742455357221
1,1,0.11122399159991544,0.8887239115353434,5.209686474106454e-05
1,0,0.6605030704194825,0.3394932150436361,3.7145368814194914e-06
0,0,0.6643030908373835,0.3356941490159999,2.7601466165652236e-06
0,1,0.35831212235451915,0.6416767220918652,1.1155553615506224e-05
0,0,0.8322763764267828,0.167722826561348,7.970118692303908e-07
0,0,0.84676992720896,0.15322949026142035,5.825296194787999e-07
1,1,0.10879211998249047,0.8872314290497169,0.003976450967792765
1,1,0.097824757209128,0.9020921705810845,8.307220978749351e-05
1,1,0.15436448008856352,0.8449919905712611,0.0006435293401754262
1,1,0.18945305746401558,0.8103136206357558,0.00023332190022841835
1,1,0.29518198713415483,0.7047577921732658,6.022069257939432e-05
0,0,0.7235661259386392,0.2764319710572306,1.9030041301082171e-06
2,2,1.3072313227360396e-09,0.3660996036424827,0.6339003950502861
0,0,0.6936832759433572,0.30631071463227383,6.0094243689138044e-06
0,0,0.8297106378918676,0.17028810643345046,1.2556746819015635e-06
0,1,0.30578077237082674,0.6941390892518696,8.013837730356277e-05
1,1,0.06046572984962421,0.9295882684145768,0.009946001735799055
1,1,0.07547942352661671,0.9232273590427731,0.0012932174306102089
1,1,0.1367817163519166,0.8629504017780515,0.0002678818700320018
2,1,0.055196951081456246,0.6458898950871156,0.298913153831428
1,1,0.0704405736648823,0.9294066350672191,0.00015279126789860718
0,1,0.28553366850053963,0.7142202028776825,0.000246128621777917
0,0,0.840206250205975,0.15979254209322258,1.207700802432118e-06
1,1,0.14483089948392797,0.8550448529619903,0.00012424755408174678
1,1,0.4005988799853023,0.599326642733778,7.447728091962431e-05
1,1,0.25093518172347296,0.7489511432305638,0.0001136750459632413
1,1,0.2763734537589608,0.7205193789852342,0.003107167255804958
1,1,0.10124206011164784,0.8977917882878043,0.0009661516005478329
0,0,0.8545582048120208,0.145425248445703,1.6546742276259908e-05
1,1,0.11805783839599107,0.8816113491974296,0.00033081240657934185
0,1,0.2297846296381242,0.7696954421242429,0.0005199282376329316
1,1,0.0809375213991036,0.9185499331655043,0.0005125454353921522
0,1,0.04481698999510109,0.9549925599140604,0.00019045009083845798
1,1,0.06282809649312775,0.93677711980211,0.00039478370476234197
1,1,0.009840092262193642,0.9868404974592894,0.0033194102785169192
1,0,0.6159507875235875,0.3839644821351356,8.473034127687995e-05
0,0,0.7891348550849855,0.2108608216112204,4.323303794132401e-06
1,1,0.270903315854756,0.7289654221967594,0.00013126194848464602
2,2,0.0018020507502040568,0.16806675734176893,0.830131191908027
2,2,7.403758586946474e-06,0.2753383094031125,0.7246542868383006
1,1,0.02528589923772169,0.8395423166072221,0.1351717841550561
0,0,0.8830430653714987,0.11695686043511086,7.419339035170218e-08
1,0,0.6283684106245688,0.37162794107990477,3.6482955264969305e-06
1,1,0.08652221990341667,0.9133300016093245,0.0001477784872587513
1,1,0.2528812177006172,0.7466545810013542,0.0004642012980285278
0,0,0.9510666076629303,0.04892528855215816,8.103784911519634e-06
1,0,0.5592273286878443,0.44070467842545014,6.799288670566454e-05
2,2,2.3329206860205337e-07,0.164837127098066,0.8351626396098654
0,0,0.6283521787498898,0.37155150954132643,9.631170878383355e-05
0,1,0.42087995831788805,0.5790765287448282,4.3512937283679326e-05
0,0,0.6028571333938282,0.3971370431649835,5.823441188402029e-06
1,1,0.0720545701919463,0.8904112587691453,0.03753417103890851
1,1,0.3442212503837968,0.6557579409552683,2.0808660934863745e-05
0,0,0.7507688322564089,0.24923064431523798,5.234283531136975e-07
1,1,0.0351684261514341,0.9639270549150447,0.0009045189335211442
2,1,0.03099165709366935,0.8501701494370444,0.11883819346928612
0,0,0.8271293963044706,0.17286784093645838,2.7627590710778672e-06
0,0,0.8601704345671023,0.13982905606899437,5.093639033011764e-07
0,1,0.035378034661155536,0.8166899298074167,0.1479320355314277
1,1,0.18877133059114257,0.8110415443390753,0.00018712506978227255
1,1,0.11270907704274274,0.8865959260717288,0.0006949968855283899
1,1,0.49666784796296337,0.5033273025522396,4.849484797151027e-06
1,1,0.11039437788031267,0.8895056791119298,9.994300775760909e-05
1,1,0.019761569254790286,0.9767560268983758,0.0034824038468337457
1,0,0.7583736605875822,0.24162284340021736,3.4960122003775457e-06
0,1,0.28838801231393074,0.7115885553775845,2.3432308484876483e-05
1,1,0.17597840210382198,0.823938417208471,8.31806877069607e-05
1,0,0.5744908628894603,0.42550359790195114,5.539208588466343e-06
1,1,0.1613016629631443,0.8384435932555585,0.0002547437812972418
0,0,0.9468640291867526,0.05313557841350248,3.9239974487174653e-07
1,1,0.15564347038645018,0.8443170783485797,3.9451264970128174e-05
0,1,0.049510837154349986,0.9503395181994837,0.00014964464616641686
1,0,0.8165167929836625,0.1834813155671248,1.8914492126748583e-06
0,0,0.5937429007929028,0.4062399977180157,1.7101489081464612e-05
0,0,0.5807725316917605,0.41922548293745965,1.9853707799274075e-06
0,0,0.5239657010733103,0.47591418860563506,0.00012011032105464717
0,0,0.7187846140317937,0.2811824004816121,3.29854865941686e-05
0,0,0.7831046719172319,0.21689026732492125,5.060757846761224e-06
1,0,0.6274264142441416,0.3725187376305493,5.4848125309098195e-05
1,1,0.38422247162120615,0.615731850330293,4.567804850092753e-05
0,0,0.5859029756418336,0.4140862498701938,1.0774487972507307e-05
1,1,0.26199494275600527,0.7379660212400316,3.903600396316799e-05
0,0,0.9475294322060324,0.052470376784763,1.9100920451497053e-07
0,0,0.9452325147362459,0.05474662498726082,2.0860276493314393e-05
1,1,0.09547039053149016,0.8852504121290726,0.01927919733943727
1,1,0.08392949663571561,0.9108671448491944,0.005203358515090008
0,1,0.1800870139932046,0.8198154091390507,9.757686774460241e-05
0,0,0.5939117193078076,0.4060866805421304,1.6001500619587097e-06
1,1,0.17267342231279728,0.827148296854882,0.0001782808323205614
0,1,0.2943652883487257,0.7041001612042658,0.0015345504470086555
1,1,0.18356356920413877,0.8153879368394628,0.00104849395639849
0,0,0.8594198132849292,0.1405746369985031,5.549716567709119e-06
1,1,0.12469809742393648,0.8752274300720472,7.4472504016231e-05
1,0,0.7741401352067451,0.22585757430634118,2.2904869137625247e-06
1,1,0.38713853599802117,0.6119645209947795,0.0008969430071992921
1,1,0.1409999297046521,0.8581951427286205,0.0008049275667274111
1,2,0.007157557608099954,0.3215342468299002,0.6713081955619998
0,0,0.9517195192036656,0.04805037890760126,0.000230101888733306
1,1,0.22466517911680978,0.7751702976142871,0.00016452326890290057
0,1,0.08213402201400954,0.9177298583317247,0.0001361196542657014
1,1,0.08626113730074882,0.9133535221756155,0.0003853405236356828
1,0,0.8339228488995295,0.16607236083260837,4.790267862054777e-06
1,1,0.12837358220526743,0.8710722711916973,0.0005541466030352203
1,1,0.07572008654217777,0.9241743121213787,0.00010560133644360408
1,1,0.20674939899183262,0.7931912154819993,5.938552616798895e-05
0,0,0.7045125417752631,0.29548701208869155,4.4613604528614096e-07
1,1,0.47948964475015826,0.5204232544942039,8.71007556377616e-05
0,0,0.8776971977681641,0.12230240944678138,3.9278505452637964e-07
0,1,0.44939772932024574,0.549389966680991,0.0012123039987632835
1,1,0.1111778947787059,0.8884584564075333,0.00036364881376062464
2,2,5.994869839648546e-11,0.010368507850186693,0.9896314920898646
0,0,0.76731596649056,0.2326747765187019,9.256990738177288e-06
1,1,0.4054069482487697,0.5945692565271302,2.379522410006751e-05
1,1,0.23445636097407554,0.7654635176489718,8.012137695263851e-05
1,0,0.5687123656386665,0.4312651906448392,2.2443716494423452e-05
0,0,0.8297642478831929,0.17022376007058757,1.1992046219441958e-05
0,0,0.8055055076399338,0.1944915095785958,2.98278147036479e-06
0,1,0.15708016378499765,0.8427129741075641,0.00020686210743835022
0,0,0.950471778536423,0.04951090419186888,1.731727170818906e-05
0,0,0.8483683584824286,0.15157750789642074,5.413362115057245e-05
2,2,1.1249885182221214e-09,0.2704816057524804,0.7295183931225311
0,0,0.5084260988382322,0.4915716900220052,2.2111397625450627e-06
2,2,1.0295060702487248e-52,8.089461788175558e-57,1.0
1,0,0.7963643723390634,0.20363225856216075,3.3690987757788247e-06
0,1,0.10916601366488933,0.8903001488867948,0.0005338374483158972
1,1,0.28630723164242583,0.7136375249400326,5.524341754158056e-05
1,1,0.29011001160036054,0.7098821163740219,7.872025617471735e-06
0,1,0.34059282029956106,0.6593878169734163,1.9362727022726244e-05
0,0,0.5012668469527037,0.49867851398413554,5.46390631607928e-05
0,1,0.481720614778492,0.5182376651117764,4.1720109731562385e-05
0,0,0.6134604740343674,0.38653444588186414,5.0800837684299584e-06
0,1,0.1611702526854621,0.8386694475475636,0.00016029976697439646
0,1,0.4537813538786534,0.5462090274273738,9.618693972796133e-06
2,2,3.9111238909519345e-11,0.007043503840341266,0.9929564961205476
0,0,0.7723722828536703,0.2276010129575475,2.6704188782245967e-05
1,1,0.3180775477136106,0.681870312919063,5.2139367326345844e-05
1,0,0.5285449350213615,0.4714322344406338,2.2830538004790424e-05
1,1,0.4468500867246595,0.5531413938061273,8.519469213396314e-06
1,1,0.22476759815345076,0.7750163981934008,0.0002160036531482739
1,1,5.349419214425789e-05,0.5122255923533935,0.4877209134544623
1,0,0.5351458643423693,0.46478255179287403,7.158386475658461e-05
1,0,0.5535202590820752,0.4464747333512661,5.007566658693831e-06
0,0,0.743530502755941,0.25646225218253205,7.245061527004234e-06
1,0,0.5056310117099434,0.4943641005297751,4.887760281442189e-06
2,2,1.5330775734832823e-06,0.04355899101487515,0.9564394759075514
0,0,0.7302470793404197,0.26975215092944593,7.697301345112898e-07
1,0,0.7717652818609073,0.22823453424096152,1.83898131320247e-07
1,1,0.298029790808283,0.7014191084893318,0.0005511007023851028
0,0,0.8098743035386322,0.19011519218140416,1.050427996355207e-05
0,1,0.46312452969209705,0.5368718059422883,3.6643656146131303e-06
1,1,0.14454996445582996,0.8478314958618814,0.007618539682288593
1,1,0.05868534612034003,0.9411443318014769,0.00017032207818288742
2,2,0.0014925674485104208,0.0910096567573613,0.9074977757941282
1,1,0.13717809373088688,0.8624290399448763,0.0003928663242368092
0,0,0.582595471230042,0.41739554911974563,8.979650212475716e-06
1,1,0.3410364901117447,0.6576204522185594,0.0013430576696958532
1,1,0.05234745599485216,0.9407322716360869,0.006920272369060907
1,1,0.3478997262768899,0.6520481507276696,5.212299544050143e-05
0,0,0.6936749348525789,0.3062788820329221,4.6183114498978815e-05
1,0,0.8055945959575785,0.19439183544007443,1.356860234704461e-05
0,0,0.9538427980238161,0.04609343291869068,6.3769057493187e-05
1,1,0.13261045014500342,0.8649432240654263,0.0024463257895702105
2,2,1.3046207853929334e-07,0.08939966121808691,0.9106002083198345
0,1,0.40357427712369864,0.5964128971791236,1.2825697177790622e-05
0,0,0.8002051506530765,0.19978515125785903,9.698089064506268e-06
0,0,0.8658344575252821,0.13416454599132493,9.96483392819521e-07
0,0,0.8021787758212706,0.19781991943331084,1.3047454187326024e-06
0,1,0.36810279447199773,0.631446811975275,0.00045039355272740247
0,0,0.9795872506628964,0.020410593010963644,2.1563261399232804e-06
1,2,1.5146565748459658e-06,0.04421650981826468,0.9557819755251605
1,1,0.08228949621858554,0.9071975280792137,0.010512975702200774
1,1,0.04555482418619284,0.9520406219517717,0.002404553862035427
2,2,9.765756590063006e-41,1.8183892637135273e-41,1.0
2,2,3.031007425416432e-08,0.0056508923365102895,0.9943490773534154
1,1,0.054203975166366644,0.9439610485429548,0.0018349762906785568
1,1,0.29100374508439514,0.7088301643630123,0.00016609055259252038
1,1,0.17299327904690778,0.8264442073231415,0.0005625136299507404
1,1,0.03751902536620626,0.962201239605131,0.0002797350286625769
1,1,0.3336133365770815,0.666254774258423,0.0001318891644954942
1,0,0.5998956229857716,0.40007167950169803,3.2697512530343255e-05
1,1,0.24444029755391578,0.7554546004680429,0.00010510197804113905
1,1,0.1421340156083204,0.8525551226013357,0.005310861790343874
0,1,0.34241077859015534,0.6575123761381192,7.68452717255358e-05
1,1,0.44317175698611183,0.5551145668712217,0.00171367614266642
1,1,0.3409320751835454,0.6587163941819808,0.0003515306344738056
1,1,0.25711438968201716,0.7427944483948483,9.11619231344718e-05
0,0,0.9950125334541389,4.068746499766418e-28,0.0049874665458610945
1,1,0.34591838633002575,0.6539392212268711,0.00014239244310317414
1,1,0.14558811269035948,0.854285217051043,0.000126670258597523
1,1,0.19354201782885866,0.8048673619527194,0.0015906202184218724
0,0,0.7702993743985167,0.22970029865896455,3.269425186927035e-07
1,1,0.05337383054995876,0.9465002644727301,0.00012590497731109168
0,0,0.6027398307030778,0.3972564997581579,3.6695387642675245e-06
0,0,0.8587092753083663,0.141290283336521,4.413551128643247e-07
0,0,0.7259697265255947,0.2740282059841894,2.0674902159377793e-06
0,0,0.671804573410711,0.3281623705844043,3.305600488467742e-05
1,0,0.9288229176628711,0.07094038308545375,0.00023669925167525596
1,1,0.4082303195577371,0.5917543060528662,1.537438939672231e-05
1,1,0.10334327993190899,0.8841357233401838,0.01252099672790728
1,1,0.04613243333307209,0.7990894049002092,0.15477816176671877
1,1,0.4775068600640776,0.5224577767809903,3.53631549321073e-05
1,1,0.4500435591574903,0.5479554462767692,0.002000994565740488
1,0,0.6283009731709197,0.37169579907789285,3.2277511874060243e-06
1,0,0.6530784994452319,0.34691940599247933,2.0945622888358566e-06
0,1,0.27399838186823483,0.7203950635318289,0.005606554599936216
1,0,0.5015117765232213,0.4984347324010037,5.349107577489966e-05
1,1,0.22862030628603935,0.7711189520058104,0.0002607417081502374
0,1,0.22863990194854064,0.7629180334377428,0.008442064613716585
1,1,0.21426525921198908,0.7857065574798318,2.8183308179126543e-05
1,1,0.12945199144478056,0.8695003378513151,0.0010476707039045513
1,1,0.1799855083117283,0.8197993801487766,0.00021511153949508826
1,1,0.1499836296156996,0.8496235228447491,0.00039284753955132364
1,1,0.04045882710619289,0.9067112147010797,0.05282995819272728
0,0,0.6992087332576071,0.30079096214511364,3.0459727929133316e-07
1,1,0.06702025104476346,0.9323077554918873,0.0006719934633493634
1,1,0.062468445076007025,0.9356344995508349,0.001897055373158049
2,2,6.290402498094772e-07,0.04004503282028484,0.9599543381394654
0,0,0.9024595450226087,0.09744716695659063,9.32880208007806e-05
0,0,0.789454398757628,0.2105422227370721,3.378505299866202e-06
1,1,0.14741126994244,0.8523710541683518,0.00021767588920822167
1,1,0.09119029471981532,0.9085775385648323,0.00023216671535240487
1,1,0.005191883928680834,0.9931904794009354,0.0016176366703837815
1,1,0.17325763085990323,0.8262699685633988,0.00047240057669806906
0,0,0.5196691319082264,0.4803206006749416,1.0267416832151342e-05
1,1,0.035302217472880204,0.9643270795591745,0.00037070296794542617
1,1,0.20612488018451994,0.7938428002261503,3.231958932966949e-05
0,0,0.8626856362123989,0.13728142468643917,3.2939101161852086e-05
1,1,0.010191981748905192,0.9895588319986945,0.0002491862524003471
1,1,0.12858195130932906,0.8711534108101514,0.00026463788051949496
1,0,0.652750145405837,0.3472492060543274,6.485398355873492e-07
0,0,0.9440746214549445,0.05584715898095227,7.82195641032345e-05
1,1,0.028314686014432062,0.9713974915875779,0.00028782239799023454
1,1,0.39970992471787314,0.600210044148213,8.003113391382078e-05
1,1,0.47949668341691276,0.5204930380528364,1.0278530250813812e-05
0,1,0.214778847781536,0.7851380081243514,8.3144094112514e-05
0,0,0.5719273395399554,0.4280709513063762,1.7091536682823978e-06
0,0,0.8029030191780205,0.1970960245639614,9.562580179239132e-07
2,2,2.014831973085508e-51,1.289672447078169e-55,1.0
1,1,0.3014007968107183,0.6983077754135744,0.0002914277757074664
0,0,0.8774190870584366,0.12103664482845647,0.001544268113106855
0,0,0.979789813850754,0.020209363506917467,8.226423284350498e-07
1,1,0.05570826466198932,0.9425291072193507,0.00176262811866002
0,0,0.7865043007154093,0.2134936764573919,2.0228271987656095e-06
0,0,0.823275677122026,0.17672178527393032,2.5376040437733042e-06
1,0,0.71211315135949,0.2878755644534225,1.1284187087464021e-05
0,0,0.8945219219064234,0.105477907932119,1.7016145743719772e-07
1,1,0.043594244215142186,0.9563392026839896,6.655310086813708e-05
1,1,0.1141404155629554,0.8857274176165033,0.00013216682054127855
1,1,0.24573396143215331,0.7540526111935059,0.00021342737434092244
0,0,0.8709162783274608,0.12908366371533891,5.7957200150342947e-08
0,0,0.7770630837120414,0.2229276985506531,9.217737305558094e-06
1,1,0.3474796142535061,0.6520011250577908,0.0005192606887032122
0,0,0.5366379457918722,0.4633495735643184,1.2480643809401108e-05
1,1,0.11366905132028231,0.8390589981061858,0.04727195057353181
1,1,0.02382987807741774,0.9753787433265697,0.0007913785960125837
1,0,0.5884621629721115,0.41153590873908036,1.9282888082213774e-06
1,1,0.07124796801441571,0.9284581025834004,0.00029392940218367315
1,1,0.172003149338698,0.8279088643917274,8.798626957443335e-05
0,0,0.8447129525676229,0.15528677231021934,2.7512215782813033e-07
1,1,0.2452540590055831,0.7544636102616196,0.00028233073279715343
0,0,0.9998268763388203,1.1018938291805979e-29,0.00017312366117961403
1,1,0.0645011944861901,0.9346988641412293,0.0007999413725806426
1,1,0.08609942934645436,0.9131913643981824,0.0007092062553631967
1,0,0.5416849802377374,0.45831254354878537,2.476213477268251e-06
1,2,3.942972926547e-07,0.1576318907276726,0.8423677149750347
1,1,0.02077815872267851,0.9790191695697612,0.00020267170756029732
1,1,0.2494532693337513,0.7501380680967187,0.0004086625695301427
1,1,0.2022440843000576,0.7972122955037046,0.0005436201962377931
1,0,0.8401949406320945,0.1598032818838503,1.7774840550135752e-06
1,1,0.10359182138570473,0.8962322856997267,0.0001758929145685558
1,1,0.19921645305589145,0.8006823451459602,0.00010120179814823484
1,1,0.12178465053632036,0.8776795276967083,0.0005358217669712785
2,2,0.0022963582017782565,0.14728993986617264,0.8504137019320491
0,0,0.6266994161691897,0.3732953366940519,5.2471367582429924e-06
0,1,0.05154213141768792,0.94829203546148,0.00016583312083208492
1,1,0.07479214846973392,0.9246042768752764,0.0006035746549896382
0,0,0.6618067981180586,0.33814017022816145,5.3031653779864604e-05
1,1,0.2594682708699498,0.7404703864285159,6.134270153438878e-05
2,2,8.313545330012704e-06,0.1994901151195399,0.80050157133513
0,0,0.8979983186462211,0.10200007017822528,1.6111755535708243e-06
0,0,0.8548889384592473,0.14510979338468868,1.2681560640545886e-06
2,2,0.0012234324376239288,0.16597163081366345,0.8328049367487126
0,0,0.9792837462550863,0.020712153574481633,4.100170432062134e-06
2,2,3.5961158862361795e-06,0.15944036457590188,0.8405560393082119
1,1,0.3177344469343651,0.6820498814928059,0.00021567157282916544
0,0,0.9936929235728525,0.006307047419596796,2.900755048863455e-08
1,1,0.24528131412048537,0.751447956812752,0.0032707290667625968
1,0,0.6341071027541989,0.3658062763693109,8.662087649033156e-05
1,0,0.5236217224685918,0.47636943561676925,8.841914638940938e-06
0,1,0.05631366529261152,0.9400400993163122,0.0036462353910761704
0,1,0.2650517376829355,0.7348605916585811,8.767065848350285e-05
0,0,0.8239526361870978,0.17604530311236516,2.060700536829643e-06
1,1,0.44285048236839125,0.557138671401953,1.0846229655900944e-05
1,1,0.10674866244519095,0.8784845978874737,0.014766739667335469
0,0,0.7524760937620509,0.24751095393512612,1.2952302823024168e-05
1,1,0.1544799184710755,0.8454844106406659,3.567088825851489e-05
0,1,0.40986819330811436,0.5901218838640896,9.92282779614386e-06
1,0,0.6220658935010774,0.37791100242479725,2.3104074125381727e-05
1,0,0.515600848145358,0.48400592051187874,0.00039323134276318233
1,1,0.34257533529488027,0.657387200139168,3.746456595176508e-05
0,0,0.8387965645766514,0.16120253296846915,9.024548793043133e-07
1,0,0.6347442772297102,0.3652544809521902,1.2418180996743098e-06
1,1,0.26309518094021117,0.7350865548233968,0.001818264236391996
0,0,0.802835979401278,0.19715892925273606,5.091345985883031e-06
0,1,0.16199565883874772,0.8376319540115286,0.00037238714972364425
0,0,0.6939554650438439,0.30604244372033956,2.091235816538426e-06
0,0,0.7835035120977196,0.21649600867180277,4.792304775753336e-07
0,0,0.9590487140749926,0.04092312598910984,2.8159935897594936e-05
0,0,0.759387138635522,0.24061235400890377,5.073555742615738e-07
1,0,0.7408381470567957,0.25916166091035575,1.9203284846310914e-07
0,0,0.8843679804011572,0.1140155990408423,0.0016164205580006072
1,0,0.7841719862460221,0.21581920039052072,8.813363457189038e-06
1,1,0.11347428168357904,0.8858558392442518,0.0006698790721690466
1,1,0.4291161850120697,0.5707803859419207,0.0001034290460095289
1,1,0.22483524288741358,0.775096903997459,6.785311512738904e-05
1,1,0.054884771401750035,0.9427871376095341,0.002328090988715766
1,1,0.23973597267840444,0.7601063265012186,0.00015770082037709266
1,0,0.7819919012691147,0.218001728453274,6.370277611336069e-06
0,0,0.6615403791739519,0.33844911576189607,1.0505064151963074e-05
1,1,0.04760809079569948,0.8903481623188794,0.062043746885421136
1,1,0.13380356253826498,0.865560656543902,0.0006357809178330765
1,1,0.12327176558354118,0.8756097470034815,0.0011184874129772824
0,1,0.09374015065640848,0.9048179688514849,0.0014418804921067388
0,0,0.7297765852538322,0.27022072729744584,2.6874487220342547e-06
2,2,8.766168185319354e-41,6.354588406783227e-41,1.0
1,1,0.17629968021892195,0.8234666305760265,0.00023368920505149012
0,0,0.9719157382172838,0.02808015451953132,4.107263184733604e-06
0,0,0.8886317255094207,0.11136284178254459,5.432708034591199e-06
1,1,0.20862518634312252,0.7913141994433677,6.0614213509810695e-05
0,0,0.522246826588907,0.47772920366318705,2.3969747905952702e-05
1,1,0.1528928911972513,0.8470608541159761,4.625468677257781e-05
1,1,0.04197818241670254,0.9563563584504321,0.0016654591328652516
0,0,0.8631383128231952,0.13685456356791717,7.123608887798821e-06
1,1,0.204640337114507,0.7952730259968236,8.663688866929149e-05
0,0,0.7414856396771194,0.25851410374356204,2.565793184290463e-07
1,1,0.13152828377147138,0.8592770756590502,0.009194640569478435
1,2,4.523466594455256e-06,0.0991454019923508,0.9008500745410547
0,0,0.6987964850205011,0.3012021131537527,1.401825746332976e-06
0,0,0.941710451322602,0.058243418392559206,4.613028483865036e-05
1,0,0.5574283000008283,0.44256947133851904,2.2286606526524923e-06
1,1,0.44542079780127103,0.5545435926461298,3.560955259923209e-05
0,1,0.264301985578628,0.7346401126572376,0.0010579017641344076
0,1,0.0928672548945696,0.9068760841524415,0.0002566609529887907
1,1,0.02003691356460816,0.9675049304617416,0.012458155973650359
0,0,0.5071634032083261,0.4927270818007435,0.00010951499093036303
0,0,0.8388419003352753,0.16115408997409236,4.009690632454632e-06
1,0,0.8350764592309332,0.16492168394958237,1.85681948445084e-06
0,0,0.8321510676391031,0.16784772788540725,1.2044754897539256e-06
2,2,1.2114428712703568e-11,0.031523186079925006,0.9684768139079606
1,1,0.10331582558332948,0.8869807571465064,0.009703417270164175
0,0,0.6058377930359854,0.39416043181573146,1.7751482831731618e-06
1,1,0.48827957336644784,0.5116792424948706,4.1184138681478855e-05
0,0,0.9935091758601641,0.006490619895102705,2.0424473321481737e-07
2,2,1.6696953864180116e-10,0.09223038859041326,0.9077696112426172
0,1,0.31181161861740403,0.6876381083127605,0.0005502730698354285
1,1,0.3178703161132215,0.6818617807311894,0.0002679031555890951
0,0,0.9788976665589121,0.021100436466708207,1.8969743797735873e-06
1,1,0.18726667688375062,0.8107775424421075,0.001955780674141917
1,1,0.09640368199923502,0.88892981205759,0.014666505943174837
0,0,0.8008364466346825,0.1991626956830559,8.576822615700286e-07
0,1,0.15699481193700007,0.8348571075778045,0.008148080485195556
2,1,0.061851181281999866,0.9188946437765291,0.019254174941470945
0,1,0.4826988542521325,0.5172901226905819,1.1023057285556531e-05
1,1,0.20113352741633708,0.7981824020555105,0.0006840705281525302
0,0,0.667293797934776,0.332689900511486,1.630155373800975e-05
0,0,0.5571171940480886,0.4428779038430465,4.9021088648771255e-06
1,1,0.26756744596107146,0.7323963020382057,3.625200072293234e-05
1,1,0.01341232431029484,0.8196976751428674,0.16689000054683786
0,0,0.8985253965362915,0.10147233134868032,2.2721150282689276e-06
0,0,0.8918519081424798,0.108147994160227,9.769729301920882e-08
1,1,0.026979815118582117,0.7974552345966928,0.17556495028472516
2,2,3.5043678950436675e-06,0.10211445709763178,0.8978820385344731
0,0,0.7332675383611301,0.2667284258545883,4.035784281463982e-06
0,0,0.9014355284922974,0.09855905225072879,5.419256973946985e-06
0,0,0.67096917600073,0.32903026253813655,5.614611334733493e-07
1,1,0.30100558456053667,0.6988705359557398,0.00012387948372357327
1,1,0.15305141534174158,0.8460425937143903,0.0009059909438680787
0,1,0.1616190297493634,0.8277758241858723,0.010605146064764325
1,0,0.7209513626415625,0.2790443010147623,4.336343675240017e-06
1,1,1.6704959505661514e-07,0.722709980578375,0.2772898523720299
1,1,0.047439182684960134,0.9447391707245527,0.007821646590487171
0,0,0.8798213248318282,0.12017846787447156,2.0729370038204892e-07
1,1,0.4376236701498293,0.5623627820800295,1.3547770141212472e-05
1,0,0.5490428611315148,0.4507999697266344,0.0001571691418508484
1,1,0.4600533056729787,0.5389746751360823,0.0009720191909390682
2,2,2.5894608181999776e-06,0.10486841759240555,0.8951289929467764
1,0,0.6572139813708976,0.34275277218718214,3.324644192020019e-05
1,1,0.289164479418602,0.7107659148747256,6.96057066725494e-05
0,0,0.9928083534567549,0.007191605012581603,4.1530663626673724e-08
0,0,0.5551349478446189,0.4448646128336531,4.3932172809425895e-07
0,1,0.37362995070054494,0.626132432765095,0.00023761653435996032
0,0,0.8970382237628364,0.10296074704088284,1.029196280689181e-06
0,1,0.4782588322319461,0.5217313323679619,9.835400092018421e-06
0,1,0.3783277158741853,0.621638344404094,3.3939721720581676e-05
1,1,0.40382678364336444,0.596024735666805,0.0001484806898305581
1,1,0.061522154245690235,0.9371690071298293,0.0013088386244805308
1,1,0.34005641512977036,0.6598334685086422,0.00011011636158750735
0,0,0.9080906693138221,0.0919043042564323,5.026429745545426e-06
0,0,0.5833891720405341,0.41660802901061444,2.7989488515897296e-06
1,1,0.1323776859604442,0.8662428523369653,0.0013794617025905042
0,0,0.6972130055739943,0.30278672924945044,2.651765551846653e-07
1,1,0.10030279531172688,0.8987583613688054,0.0009388433194677378
1,1,0.10884148383876531,0.8906072082567852,0.0005513079044494588
0,0,0.9191071570605169,0.0808927520557357,9.088374723451198e-08
1,1,0.46758812501300356,0.532406490935028,5.3840519684842946e-06
0,1,0.04816631118319895,0.8849804963849122,0.06685319243188877
0,1,0.49645680812249965,0.5035336320513382,9.559826162220922e-06
0,0,0.702445297768606,0.2975542220871315,4.801442625886013e-07
1,1,0.05830401324735229,0.9413701383460884,0.0003258484065591903
0,1,0.2721191845038859,0.7278094009674638,7.141452865019825e-05
0,0,0.729016917515305,0.27094512291454964,3.795957014538042e-05
1,0,0.6296107626436606,0.3701789765350587,0.00021026082128075278
1,1,0.06493477221058885,0.9214545069236522,0.013610720865758916
0,0,0.7042318177444886,0.29576515857920493,3.0236763065468205e-06
0,1,0.4389594705469845,0.5610099014047993,3.0628048216242446e-05
0,0,0.8203645309598769,0.17963267349923948,2.795540883595222e-06
1,0,0.621119741948687,0.37867201205880385,0.00020824599250913835
0,0,0.9821923599663547,0.017806181360385507,1.4586732597695061e-06
1,1,0.476559010410403,0.5233461739629076,9.481562668944886e-05
1,0,0.6350876971415783,0.3649008991612438,1.140369717792864e-05
0,1,0.45282908728371063,0.5471276341571768,4.327855911253439e-05
1,0,0.5185105090389915,0.48148695677633485,2.53418467367009e-06
2,2,1.431317707805506e-15,8.08102354487741e-05,0.9999191897645499
0,0,0.8845558224351118,0.1154424007116696,1.7768532186103866e-06
0,0,0.6445566632885348,0.3554400871300548,3.249581410433126e-06
2,2,0.0011489487509727054,0.07632026309048205,0.9225307881585452
1,1,0.22130168087405983,0.7785808508569532,0.00011746826898702938
0,1,0.18439014298405215,0.8151078580651704,0.0005019989507775233
0,0,0.9069100450315365,0.09308408510629074,5.869862172809632e-06
1,1,0.049745171330991864,0.9484392203465917,0.001815608322416329
1,0,0.5795844700348255,0.4204118568787002,3.6730864742774366e-06
0,0,0.6007759282963325,0.39921926448102074,4.807222646693466e-06
0,0,0.803400681317053,0.1965341256004402,6.519308250682347e-05
1,1,0.4403726959975373,0.5596084735244811,1.8830477981606597e-05
2,2,3.6736435597793475e-14,0.0006757878843158039,0.9993242121156475
1,0,0.857685448717498,0.1423072736552113,7.27762729059886e-06
0,0,0.7987615949188738,0.20122584047303205,1.25646080943015e-05
1,1,0.42601963749150157,0.5739059143399005,7.444816859792814e-05
2,2,0.0004906856874438261,0.059944948956271504,0.9395643653562846
1,1,0.0550743486735949,0.9440271050816789,0.0008985462447262898
1,1,0.4053247307102141,0.5946602611685184,1.5008121267505287e-05
1,0,0.7854690901813384,0.21452822121905035,2.6885996112590484e-06
1,1,0.4135062764883043,0.5856034139481352,0.0008903095635604722
0,0,0.9882884221083997,0.011711411255378458,1.666362216932882e-07
1,1,0.2784554263899222,0.7214506139220389,9.395968803885427e-05
1,1,0.17304128687018266,0.8252427865173192,0.0017159266124980364
1,1,0.019987360135709745,0.8979378166492444,0.08207482321504597
0,1,0.48766072240718084,0.5123314231144763,7.854478342818792e-06
1,1,0.01757684457134266,0.9791641535304361,0.0032590018982211954
0,0,0.7259398953112153,0.2740592379619582,8.667268264299963e-07
1,1,0.34944989543405397,0.6505388003662649,1.1304199681228936e-05
1,1,0.07491377252502451,0.9248004045461343,0.0002858229288412265
1,1,0.23763309894764706,0.7622991661363918,6.773491596119596e-05
1,1,0.41531883620018023,0.5845402733151381,0.00014089048468165127
0,0,0.7977133506129338,0.2022859903075301,6.590795361623511e-07
0,0,0.5798972870250272,0.42009628313467445,6.429840298381656e-06
1,1,0.15181997949086395,0.8402331193539978,0.00794690115513814
0,1,0.38219208570720126,0.6177659575638446,4.19567289541506e-05
1,0,0.7866720193362504,0.21332786260038727,1.1806336232381656e-07
0,0,0.7318203033487164,0.26817779652178714,1.900129496552102e-06
1,0,0.5785152837393457,0.4214815864390002,3.129821654045968e-06
1,1,0.23795342992416527,0.7617170507776623,0.0003295192981725047
1,0,0.5798165275860963,0.420176289183467,7.183230436700884e-06
0,1,0.3648754260170972,0.6328900271763531,0.0022345468065495537
0,1,0.4294688813995593,0.5705214245821908,9.694018249944818e-06
0,1,0.34978039202826067,0.6501600280710793,5.9579900659932424e-05
1,1,0.06499028419972143,0.9037224288349498,0.03128728696532875
1,0,0.6848346457422385,0.315154679749369,1.0674508392502458e-05
0,0,0.6418591756791984,0.35792781343593527,0.00021301088486633745
0,1,0.17681060767743634,0.8231089799088877,8.04124136760168e-05
1,1,0.039449805121422564,0.9602393363391095,0.00031085853946788335
0,0,0.8039835554738947,0.1960033319622425,1.3112563862805772e-05
0,0,0.9646357783720052,0.03535250035780647,1.172127018841013e-05
1,1,0.14299183937852103,0.8566607693012547,0.00034739132022426486
2,2,1.1821562588709187e-05,0.19472545866528676,0.8052627197721245
0,0,0.7189778099267858,0.2810212358519786,9.54221235567152e-07
0,0,0.9027824913664457,0.0972163771589116,1.1314746426081654e-06
1,1,0.41138017634893725,0.5885987470222527,2.1076628810058923e-05
1,1,0.10959074800981741,0.8898759024121866,0.0005333495779959698
0,0,0.9579567549676768,0.042020022110376934,2.322292194625235e-05
1,2,2.5821966685098064e-05,0.4149121564203172,0.5850620216129977
0,0,0.7205617302559217,0.2794359391742894,2.330569788896108e-06
1,1,0.03688638782777116,0.921908612663277,0.04120499950895181
0,0,0.7929315106112252,0.20706266332680862,5.826061966133084e-06
0,0,0.7874860270294208,0.2125095165723179,4.456398261212403e-06
0,1,0.16402254159076154,0.8345450608771582,0.0014323975320801696
1,1,0.11994180539502865,0.8797892364095233,0.0002689581954481846
1,1,0.3233925596402382,0.6765808616819399,2.6578677821876862e-05
0,0,0.7147244606949531,0.28526753128336396,8.008021683040504e-06
0,0,0.7043671520967272,0.2956283478017177,4.500101555051542e-06
0,1,0.38953052172959124,0.6102821632872688,0.00018731498313990353
1,1,0.2919562278820745,0.7079948345609005,4.893755702507048e-05
1,1,0.10019090106647083,0.8989060460798657,0.000903052853663579
1,1,0.11257248431746265,0.8873189172449274,0.00010859843760983111
0,0,0.7289746910876024,0.2710192621980454,6.046714352187641e-06
0,0,0.6366451665452908,0.36335399580111305,8.376535961385612e-07
1,1,0.08015951856722761,0.9195963258077867,0.0002441556249856066
1,1,0.19236172945637892,0.8075938477568184,4.4422786802745124e-05
0,0,0.6987201719866858,0.301257384495866,2.244351744817004e-05
0,0,0.8862889664463872,0.11371081345979202,2.2009382081355722e-07
0,0,0.7043593546155785,0.295640197712684,4.4767173734965847e-07
1,1,0.18008951919369648,0.8198833857423896,2.7095063913906896e-05
0,0,0.8163668813775761,0.1836273958299205,5.722792503522549e-06
1,1,0.2403312277061512,0.7594140246298441,0.00025474766400474446
1,0,0.6057655701273751,0.3942320230534676,2.4068191573432113e-06
1,1,0.08960493209914643,0.9097639605254708,0.0006311073753827913
1,0,0.7594350500938915,0.24056425808949147,6.918166169178187e-07
1,0,0.8127232369551083,0.18727436332066238,2.3997242292786838e-06
1,1,0.4598015962736709,0.5398811180732409,0.0003172856530881341
0,1,0.40467731751516944,0.595009745517238,0.00031293696759253175
0,0,0.568773669864104,0.43120474829317273,2.1581842723161405e-05
1,1,0.137780516298179,0.8616760858684102,0.0005433978334107379
1,1,0.24163058054145836,0.7582768228884503,9.259657009129707e-05
1,1,0.1708691886979475,0.82894380863807,0.00018700266398239556
0,0,0.6653125837268762,0.33468518912361095,2.2271495130306327e-06
1,1,0.07911500824253567,0.9203043335857851,0.0005806581716791381
1,0,0.5136876769445887,0.4862866952761976,2.562777921371532e-05
0,0,0.8293182620481064,0.17068103312194938,7.04829944180249e-07
1,1,0.10497266687406416,0.8948587636770116,0.00016856944892433329
1,1,0.23287614901176923,0.7659859137562675,0.0011379372319632183
1,1,0.33754154115229285,0.6624218906877579,3.6568159949182195e-05
0,0,0.6659078859078276,0.33408760809118837,4.506000984050951e-06
0,0,0.513281987737065,0.4866591757107079,5.883655222713895e-05
1,1,0.21438797158964407,0.785335795666046,0.00027623274430980954
0,0,0.6361673244303134,0.36381300638202535,1.9669187661234294e-05
1,1,0.07074949193085146,0.929135309352314,0.00011519871683456033
0,0,0.8297831504403526,0.1669613355177954,0.0032555140418521174
0,0,0.9887618592088999,0.01123807562831758,6.516278237133021e-08
0,0,0.7530774502150467,0.24691072584374327,1.182394121003032e-05
0,0,0.9543806411511008,0.045617427969923054,1.930878976387548e-06
0,1,0.39741250236005776,0.6025217916062664,6.57060336757635e-05
0,0,0.9645722550823203,0.03541823032244128,9.514595238597548e-06
0,1,0.49496876170240844,0.5050167817353898,1.4456562201700836e-05
0,1,0.4952443240760494,0.5047401704595376,1.5505464413129513e-05
0,1,0.3804648216206928,0.619479231441439,5.594693786818355e-05
1,1,0.15688679672484213,0.8426318942965513,0.00048130897860658347
1,1,0.04472751117382782,0.9536487688365755,0.001623719989596803
1,1,0.21406754815729212,0.7858104024389736,0.00012204940373413893
1,1,0.1709764081181974,0.8284924631754873,0.000531128706315172
1,1,0.0265060655908671,0.9725376646376955,0.000956269771437414
0,0,0.7065081265576488,0.2932836606798354,0.000208212762515872
2,2,0.00020764235134933205,0.04568543601259269,0.954106921636058
1,1,0.4038043021920271,0.5961229119359939,7.278587197890335e-05
1,1,0.29704243116950246,0.7028839127047279,7.365612576957203e-05
0,0,0.6302088926082413,0.36978873135906754,2.376032690996331e-06
2,2,7.360621327010123e-08,0.00927005574679335,0.9907298706469935
2,2,1.3847126366129555e-05,0.20020694361223318,0.7997792092614007
0,0,0.7342278258831645,0.26576140699878614,1.0767118049420923e-05
0,1,0.33038120866266263,0.6690634821494159,0.0005553091879215809
1,1,0.09275619808393487,0.8189599292076535,0.08828387270841173
1,1,0.46556548025489464,0.5344206013159324,1.3918429172827826e-05
0,0,0.5900953943063739,0.40989806683014696,6.538863479002763e-06
0,1,0.23111060957272345,0.7688590141106485,3.037631662805832e-05
0,0,0.6100610223472817,0.38993273973957926,6.2379131390297854e-06
1,1,8.240845932454712e-05,0.6201065580885015,0.37981103345217404
1,1,0.09657248922388666,0.9029241823449423,0.0005033284311711431
1,1,0.09489500658070552,0.8965284605254868,0.008576532893807698
0,0,0.5330661220731134,0.46693234108571785,1.536841168699552e-06
1,1,0.050981003818172346,0.9484673512740162,0.0005516449078114697
0,0,0.7251144643416089,0.2748742889980263,1.1246660364894051e-05
1,1,0.2443791611790776,0.7555314470152887,8.93918056336168e-05
1,1,0.46544823229482163,0.5344634726587315,8.829504644690492e-05
0,1,0.23756840730712778,0.7623515810112073,8.001168166489854e-05
0,0,0.7479870561384223,0.2520122403397409,7.035218368320243e-07
0,0,0.9301717679316758,0.06982605852241255,2.173545911676e-06
0,0,0.7912606884349045,0.20873742191665773,1.889648437970839e-06
1,1,0.22697407320511281,0.7727827038215535,0.00024322297333379857
1,1,0.03311582900252375,0.966320541304032,0.0005636296934442716
1,1,0.16090142952784556,0.8387392195201712,0.000359350951983306
0,0,0.963610939731914,0.03638899779807531,6.247001061184824e-08
0,0,0.5300834110119516,0.46991284306502373,3.745923024681132e-06
1,1,0.37481525695225615,0.6251484379856996,3.630506204428703e-05
1,0,0.6009253804013484,0.39902501931679074,4.96002818609407e-05
1,1,0.4459853499521326,0.5539918783784717,2.2771669395660168e-05
0,1,0.29422642494428786,0.7042536509034969,0.0015199241522151855
1,1,0.04770162221846693,0.9520690611577919,0.00022931662374109274
2,2,1.57756576923657e-39,1.1103293839780376e-40,1.0
1,0,0.8360264250754539,0.1639721148313845,1.4600931615347921e-06
1,1,0.05053624256034669,0.9489680317459795,0.0004957256936738143
1,0,0.8284403450042828,0.17154884260861114,1.0812387106034852e-05
2,2,2.454759190170216e-07,0.32980269701447706,0.6701970575096039
2,2,1.1641518069538483e-13,0.0007490964153646308,0.9992509035845188
1,1,0.44498047077312874,0.5550155396880531,3.989538818155953e-06
1,0,0.912817213045888,0.08718253577271468,2.511813973858244e-07
0,0,0.9064601557215435,0.09353982584221192,1.8436244505384536e-08
1,1,0.13735173125004635,0.8625799806221415,6.828812781228381e-05
1,0,0.5163882102004871,0.48358814329087135,2.3646508641456113e-05
1,1,0.0955610357241785,0.9023146003085336,0.002124363967287925
1,0,0.5195007880869802,0.48045240048082577,4.681143219413734e-05
0,0,0.6742944781406317,0.3256582431457404,4.727871362790153e-05
1,1,0.15626767686213394,0.843639698055189,9.262508267695795e-05
1,1,0.047374336617451246,0.9523856037514126,0.00024005963113624522
0,1,0.3023253098412304,0.6974015563365881,0.0002731338221815948
1,1,0.0359401573783395,0.8846267635428583,0.07943307907880219
0,0,0.8782258559554653,0.12176237666614419,1.1767378390399506e-05
1,0,0.6175358942130229,0.38240124323901964,6.286254795753432e-05
1,1,0.3876071977350746,0.6123108606051886,8.194165973683116e-05
1,1,0.02688114593794745,0.9721008850635735,0.001017968998479019
0,1,0.13687857245076587,0.8603499134159607,0.0027715141332733608
1,1,0.17775440473100246,0.8221272125904967,0.0001183826785007992
0,0,0.8770805088777451,0.12291905071295608,4.4040929861613606e-07
0,0,0.8683427481334435,0.13165709429459727,1.5757195941808724e-07
1,1,0.10234733032186845,0.8974935497556886,0.0001591199224429127
1,0,0.6492784315351373,0.3507179743944418,3.594070420947339e-06
0,0,0.7800685477373215,0.2199257831756053,5.669087073348088e-06
0,0,0.701489232449635,0.29846372726072395,4.7040289641098795e-05
1,1,0.20433702411583043,0.7949914981741759,0.0006714777099936113
1,2,0.006776378182436323,0.36900802412850603,0.6242155976890575
1,1,0.038430229864140984,0.8871135236446667,0.07445624649119237
0,1,0.25340268015685513,0.7448572997534099,0.0017400200897349828
0,1,0.3460570999464733,0.6534540332890494,0.0004888667644773198
1,1,0.20860400629528572,0.7913065492780551,8.944442665927106e-05
1,1,0.3529121039754279,0.6470366176193204,5.127840525163932e-05
1,1,0.23011380776826518,0.7697975393093379,8.865292239686675e-05
1,1,0.2135022725312804,0.786399347638324,9.837983039558574e-05
1,1,0.36367188429608016,0.6362874110176466,4.0704686273387695e-05
1,1,0.09048534500230429,0.9006753331118721,0.008839321885823547
1,1,0.25689068581547553,0.7420379315197669,0.0010713826647576062
1,1,0.22577919717095973,0.7740491675763912,0.0001716352526490719
0,0,0.710113983651587,0.28988211681631826,3.899532094626481e-06
1,1,0.04817233125710588,0.8957450034495746,0.05608266529331956
1,1,0.23441663937001495,0.7654510685712959,0.0001322920586890888
2,2,8.691592848747274e-09,0.0015239510072467886,0.9984760403011603
0,0,0.6418188470900039,0.35815399359306876,2.7159316927428354e-05
1,1,0.43013549162310055,0.5698575880537313,6.920323168169993e-06
0,0,0.6749164670443559,0.3250818935449305,1.6394107136462145e-06
1,1,0.37099470467441,0.6289946739890796,1.0621336510464309e-05
1,1,0.04631108484486769,0.779988662350066,0.17370025280506626
1,1,0.1079327183312629,0.8918897315227415,0.00017755014599556737
0,1,0.28530665396937466,0.7146135637161966,7.978231442882043e-05
1,1,0.16635241797203387,0.8297124156724013,0.0039351663555649286
0,1,0.4271815060049538,0.5725640884036912,0.00025440559135503886
1,1,0.08500324020157742,0.9143644183186717,0.0006323414797508669
0,0,0.871876809216874,0.12812245786333165,7.329197942953094e-07
1,1,0.11475604088162453,0.8846663980477134,0.0005775610706621129
2,2,1.9540795304227927e-07,0.012847385345211675,0.9871524192468354
1,0,0.804645573944368,0.19535283378723484,1.5922683972624242e-06
1,0,0.5553014085750674,0.444676088372884,2.2503052048720105e-05
0,0,0.7600299428280906,0.2398904845036546,7.957266825485017e-05
0,0,0.557974496805622,0.44202460755562695,8.956387510944042e-07
0,0,0.5573187772984445,0.442671512835589,9.709865966549509e-06
0,0,0.7761430951439046,0.22385650420909284,4.006470026070291e-07
1,0,0.6639834642137923,0.3360147287080451,1.8070781625739915e-06
1,1,0.2091372617535856,0.790174339517003,0.0006883987294113682
1,1,0.39624418338104567,0.6037415843128309,1.4232306123535231e-05
1,1,0.1981116002927273,0.8018652112045179,2.318850275466849e-05
1,1,0.2274511289708812,0.7719763681971661,0.000572502831952695
0,1,0.46599797497091344,0.5338038873848613,0.0001981376442252362
0,1,0.4968280586545676,0.5030372262391214,0.00013471510631090153
1,1,0.010352077686459004,0.9862522581894896,0.0033956641240514194
1,1,0.09227508730682364,0.9019314227418291,0.005793489951347232
1,1,0.08085767527406278,0.9189108528154017,0.00023147191053539426
1,1,0.13887375434946836,0.8610222537011475,0.00010399194938425807
1,0,0.8296143264983807,0.17038372832732535,1.945174293791033e-06
2,2,1.0438190547910359e-08,0.01733175081153285,0.9826682387502766
1,1,0.08530514884121954,0.91436655748974,0.0003282936690404333
0,1,0.2900833970920344,0.7098370730364703,7.952987149541029e-05
1,0,0.5872305591208232,0.41276651725197505,2.9236272018731094e-06
1,0,0.7514394870883895,0.2485149451725536,4.5567739056837e-05
2,2,1.723842181983692e-11,0.017083164110069233,0.9829168358726924
0,1,0.4585893939879204,0.5414077991021822,2.806909897488902e-06
1,1,0.1983873978953022,0.7993312424098284,0.002281359694869208
1,1,0.04395588251239417,0.9556418198860356,0.0004022976015703086
1,1,0.2776136268856019,0.7223202445740896,6.612854030844355e-05
0,1,0.4282433248284301,0.5717344381470932,2.223702447667366e-05
0,1,0.18101523692213986,0.8166292738152079,0.0023554892626522594
1,1,0.048494551319187465,0.9511040972216881,0.00040135145912448326
0,0,0.911927092726656,0.08807179617700202,1.1110963420655632e-06
2,1,0.03178995977190995,0.8415905232145569,0.1266195170135332
1,0,0.663647082024848,0.3362352784981964,0.00011763947695555375
1,1,0.3275394621617739,0.6723977114361699,6.282640205617199e-05
0,0,0.7408524348190308,0.25914603095734745,1.5342236216355198e-06
1,1,0.09518473403047276,0.9037092461777374,0.0011060197917898641
1,1,0.1264727898046606,0.865739791040301,0.007787419155038489
1,1,0.15579891621443792,0.8439847327814575,0.00021635100410469043
1,1,0.10974686361888655,0.8901626199131063,9.051646800712325e-05
0,0,0.9662267377194449,0.03375685048544785,1.6411795107210363e-05
0,0,0.6978782296200204,0.3020567942252047,6.497615477473536e-05
0,1,0.0822411307905771,0.9175685943621129,0.0001902748473098892
1,1,0.21126188293670975,0.7886786288275419,5.948823574849259e-05
1,1,0.26317571426164554,0.7363322971708335,0.000491988567520881
1,0,0.7505208859249974,0.24947825774285914,8.563321433785528e-07
1,1,0.16929437712925843,0.8294756178171757,0.0012300050535659758
0,0,0.9649453945051567,0.035048402440534504,6.203054308785399e-06
2,2,1.7705108392089946e-07,0.020747352875281223,0.9792524700736349
0,0,0.5740006119661841,0.42597009631454186,2.9291719273923382e-05
0,0,0.9222941169772743,0.0777055153991428,3.676235829706067e-07
1,1,0.08412159187360893,0.9156491554180476,0.00022925270834346284
0,0,0.6995933029550302,0.3004050220289058,1.6750160640596242e-06
1,1,0.1796849753989844,0.820162685077187,0.00015233952382856812
0,0,0.8794650696157853,0.12053455048952422,3.7989469039917377e-07
1,1,0.2165079865901361,0.7833092919569425,0.00018272145292118168
1,1,0.3007259770753624,0.698677209556075,0.0005968133685625945
0,0,0.9999973994784533,1.778348438764625e-29,2.600521546520908e-06
1,1,0.0880685870466665,0.9111341131854988,0.0007972997678347161
1,1,0.1722153582165046,0.8277306028310174,5.403895247800249e-05
0,0,0.6517497230079526,0.34824649625147014,3.780740577246444e-06
1,0,0.8578498567315725,0.14214477490863867,5.368359788870712e-06
0,0,0.9409811890517568,0.05901871091314092,1.0003510234638814e-07
1,1,0.030076672861398507,0.9686798557238548,0.0012434714147465731
2,2,5.067620867519666e-09,0.000715169019321514,0.9992848259130577
1,0,0.5019758337990884,0.4979679963177903,5.6169883121219704e-05
0,0,0.8332964836768726,0.16668974085741903,1.3775465708342762e-05
0,1,0.04545093782222699,0.9116398337220087,0.042909228455764135
1,0,0.6799290285658844,0.320065482681312,5.488752803532423e-06
0,1,0.048646774044736774,0.8500739347875534,0.10127929116770983
1,1,0.4706219193789016,0.5293688017501541,9.278870944331849e-06
1,1,0.1077315211677509,0.8919582498636311,0.0003102289686178821
1,1,0.3857603815648455,0.6142265010240456,1.3117411108846982e-05
2,2,0.0024317204934570205,0.23239685951352,0.7651714199930231
1,1,0.24818617061753703,0.7510568708830709,0.0007569584993921776
1,1,0.13342883708019088,0.8664851119231071,8.605099670206431e-05
0,0,0.7318221025794858,0.26816143315093394,1.646426958027986e-05
1,1,0.07713798366254077,0.9222393021554228,0.000622714182036357
0,0,0.5311968003469321,0.46880199675700335,1.2028960644497625e-06
0,0,0.6327838104111541,0.3672139036755317,2.2859133141994235e-06
1,1,0.1122332498621434,0.887406917554699,0.0003598325831575879
1,1,0.13072889834676418,0.8637562505239593,0.0055148511292763755
1,1,0.28600664274833837,0.713877323231024,0.00011603402063767574
0,1,0.23452263327980125,0.7648140272590673,0.0006633394611313686
1,1,0.48493304166465917,0.5150348647055152,3.2093629825651396e-05
1,1,0.49562139587062093,0.5040595921529326,0.0003190119764464059
0,0,0.9579016751080932,0.04209634307489013,1.98181701680387e-06
1,0,0.6574146659291626,0.34250770721833945,7.762685249802288e-05
1,1,0.496795139350337,0.5031698719191954,3.498873046769267e-05
1,1,0.1503391033592759,0.8492695351883377,0.00039136145238635175
1,0,0.759780725241941,0.24020356926197378,1.570549608516078e-05
1,1,0.04662934978009303,0.9529614311552547,0.00040921906465240675
0,1,0.2434063797757289,0.7564967868430821,9.683338118899134e-05
1,0,0.6922181180399314,0.30778143767318006,4.4428688851254266e-07
1,1,0.1683313599797927,0.8312936197544166,0.0003750202657907798
1,1,0.40071934426740036,0.5992442789424003,3.637679019933395e-05
1,0,0.6141587812109198,0.3858387413959222,2.4773931578898156e-06
1,0,0.5768732199559108,0.42222817895899534,0.0008986010850938837
0,0,0.8337399182256671,0.16505072008927282,0.0012093616850601232
1,0,0.6471194295189711,0.3526784896435847,0.00020208083744423358
0,0,0.7068795762825866,0.29311999387153687,4.298458766453561e-07
1,1,0.029171464532559727,0.9702907702460556,0.0005377652213847619
0,0,0.9999767670028192,6.066207348418057e-29,2.3232997180726322e-05
1,0,0.6637041049297847,0.3362946369261787,1.2581440365381657e-06
1,1,0.1403147358368038,0.8592845087342351,0.0004007554289610688
0,0,0.9866955462910999,0.013304158508975763,2.95199924302127e-07
1,1,0.311612687808544,0.6883591452020098,2.8166989446151542e-05
0,0,0.864026372662018,0.1359733292611667,2.9807681531418e-07
1,1,0.03748918943640803,0.9546050317135943,0.007905778849997543
1,1,0.1181681252868126,0.8816505674260658,0.0001813072871215209
0,1,0.45707850514313003,0.5428925415358086,2.8953321061447135e-05
1,1,0.18547814088565506,0.8127015779035736,0.0018202812107712934
0,0,0.9099024821450673,0.09009704135110963,4.7650382286022364e-07
0,0,0.9346491026165835,0.06531632660570132,3.457077771523186e-05
0,0,0.788259514334607,0.21174027416235613,2.1150303688050635e-07
1,0,0.6812171991735929,0.3187803322853287,2.468541078319668e-06
1,0,0.5641176207353298,0.43585887057375183,2.3508690918459085e-05
1,0,0.6376166552300192,0.36237596946418404,7.37530579674514e-06
1,1,0.38560277505681256,0.6143491195188443,4.8105424343175745e-05
1,1,0.14236011315553868,0.8575656663840778,7.422046038350416e-05
2,2,0.006735377964738815,0.3173990749461287,0.6758655470891325
1,1,0.01299320115072581,0.5274590297029087,0.4595477691463655
1,1,0.07569277511130292,0.9239804357608247,0.00032678912787244155
2,2,0.0008063931762741622,0.07830320282123983,0.920890404002486
1,1,0.03814456906798514,0.9057370875227962,0.05611834340921873
2,1,0.0066849461453112645,0.5517116578159311,0.44160339603875753
0,0,0.8604973066069589,0.1395023074509828,3.85942058406201e-07
1,1,0.0342498463316423,0.8785265957625449,0.08722355790581286
0,1,0.39021329807748795,0.6096960611529407,9.064076957126668e-05
1,1,0.11300154730496421,0.8865207622597076,0.0004776904353281836
1,1,0.051522032845772434,0.948241946258181,0.00023602089604654776
0,0,0.6614539482970705,0.33854470297701966,1.3487259097923008e-06
0,0,0.6984605767661365,0.3014970179611717,4.2405272691769506e-05
1,0,0.6582123879810635,0.34178203091268045,5.581106255926532e-06
1,1,0.1650837339551701,0.8348440772108993,7.218883393058363e-05
1,1,0.15091163170013142,0.8487380705578592,0.00035029774200949726
1,1,0.1279308928701886,0.8717141716971262,0.0003549354326852363
1,1,0.04336300684813301,0.9563077186905012,0.00032927446136586647
1,1,0.06631501653760559,0.9052269748407308,0.02845800862166365
0,0,0.8942513919396078,0.1057468463896692,1.7616707231248675e-06
2,2,1.7071355237797616e-07,0.009428458478857099,0.9905713708075905
0,1,0.04213353873984875,0.9577272495665872,0.00013921169356414693
0,1,0.31767726535911583,0.6823058754149337,1.6859225950460032e-05
0,0,0.697365905564302,0.30262667512663083,7.419309067195547e-06
1,1,0.27524984290676796,0.7247327960112574,1.736108197460856e-05
1,0,0.7432185954164399,0.25677924806496416,2.156518595964705e-06
2,2,6.961867207655276e-09,0.11373571965978527,0.8862642733783476
1,1,0.2690800887155998,0.7308170595513638,0.00010285173303650896
1,1,0.006069841037654522,0.9930044639988854,0.0009256949634600281
1,1,0.15881377404256863,0.8405858488425328,0.0006003771148984443
1,1,0.14177486450081125,0.8579390095745861,0.0002861259246025561
1,1,0.05254288674133968,0.9471477333655212,0.00030937989313911365
1,1,0.18151268223123648,0.8182045694381507,0.00028274833061283684
0,1,0.32607580804772485,0.6738650413270574,5.9150625217797315e-05
0,0,0.9106732114665975,0.08932567391003167,1.1146233709364504e-06
1,1,0.4829331783434651,0.5166643466885456,0.0004024749679893437
1,1,0.17667813199269627,0.8231955852235299,0.0001262827837738802
1,1,0.34191652241073694,0.6580566228559288,2.6854733334163953e-05
0,0,0.8871214769045805,0.11216614637557103,0.000712376719848415
1,1,0.04379244420340859,0.9558955434924605,0.00031201230413088017
1,0,0.8199566984673045,0.18003562142978752,7.68010290801209e-06
2,1,0.035358202609103266,0.8718587586080492,0.09278303878284762
0,0,0.9999923934319884,3.5319383788184004e-29,7.606568011577552e-06
1,1,0.025764396542051683,0.8649428109354832,0.10929279252246497
1,1,0.16457513605901128,0.834865859738291,0.0005590042026978416
0,1,0.4817751659980824,0.51820861120503,1.6222796887703914e-05
1,0,0.5092732832077619,0.49071961687876475,7.099913473441828e-06
1,1,0.06366936026798978,0.9362072248823623,0.00012341484964788888
1,1,0.28965765112795305,0.7103261366154182,1.6212256628931572e-05
1,1,0.05342329171699336,0.9445049741262714,0.002071734156735228
1,1,0.21888521028890343,0.7810269605386166,8.782917247988959e-05
1,1,0.3793743671910575,0.6205863650344979,3.926777444455252e-05
1,0,0.7415389192403361,0.25846031114200496,7.696176588015105e-07
1,1,0.19131507147861235,0.808429720262767,0.00025520825862070676
0,0,0.8932326367622174,0.1067656925701963,1.6706675861752127e-06
2,2,2.2794315193964263e-11,0.022488174140981743,0.977511825836224
1,1,0.12519456222722275,0.874468005677503,0.0003374320952742035
0,0,0.7361441485761323,0.26385416276854273,1.6886553249984424e-06
1,1,0.16307939544615757,0.8365607400098322,0.00035986454401031867
1,1,0.17878672294608264,0.8211258469631958,8.743009072151934e-05
1,1,0.3035172196789881,0.6964453441216552,3.7436199356760875e-05
0,1,0.3954830739687135,0.6044813602830766,3.556574820983675e-05
0,1,0.3223830341764279,0.6775869649898494,3.000083372283041e-05
0,0,0.7146163381468612,0.28537546159782307,8.200255315798318e-06
1,1,0.1340420054986877,0.8656625687136829,0.00029542578762964183
0,0,0.9997215251642867,1.9533192695315306e-29,0.00027847483571324624
1,1,0.3922796145330946,0.6077114072376396,8.978229265687387e-06
0,1,0.10062036487304447,0.895518520889364,0.0038611142375916054
1,1,0.18168281390548305,0.818197097375394,0.00012008871912294928
1,1,0.1727144210327515,0.8271385467541289,0.00014703221311947084
1,1,0.020528957151138814,0.8405143480210532,0.13895669482780806
1,0,0.7058691581009756,0.2941225323898254,8.309509198925796e-06
0,0,0.5862191021617543,0.4136554802517015,0.0001254175865441889
1,1,0.14123448620485243,0.8586160613065447,0.00014945248860278421
1,1,0.3994138617100293,0.6005719506459989,1.4187643971863215e-05
0,0,0.5510406401481786,0.4489504573049793,8.902546842182526e-06
1,1,0.4908880381655704,0.5091066339439081,5.327890521462962e-06
2,1,0.028388578847415483,0.9442224602336358,0.027388960918948775
2,2,1.1050561723804693e-06,0.05604012632064258,0.9439587686231851
1,1,0.17234403637318627,0.8274138737791851,0.0002420898476286116
0,0,0.9999938784063797,2.7641899598901553e-29,6.121593620252331e-06
1,1,0.05166430796858088,0.917121244037446,0.031214447993973275
1,1,0.19897772675590955,0.8008087333790717,0.000213539865018739
2,2,0.010239917779832014,0.3531450621597469,0.6366150200604211
0,0,0.5075705836233385,0.4923685990896698,6.081728699170923e-05
1,1,0.44363843855290824,0.5563431720430839,1.8389404007811248e-05
0,0,0.8793265004828942,0.12066841605308849,5.0834640174177845e-06
0,1,0.4542843939573711,0.5457103222602593,5.283782369532705e-06
1,1,0.024555624615096555,0.9605494169079628,0.01489495847694064
1,0,0.5094509870497456,0.4905388439425044,1.0169007749966132e-05
0,0,0.6313749174618043,0.3686062900285186,1.879250967713203e-05
1,1,0.2720798938610509,0.7276501279280864,0.0002699782108627964
0,0,0.6735529692602032,0.3264447081728493,2.322566947351261e-06
1,1,0.10163694346718616,0.8973469702409286,0.001016086291885269
1,1,0.07739712324079316,0.915677541419047,0.0069253353401598
1,1,0.3127822202327235,0.6871552854044006,6.249436287577354e-05
1,1,0.10242280486042914,0.8964257751933491,0.0011514199462217846
1,1,0.07125906832836292,0.9282443166034122,0.0004966150682247702
2,2,2.4713727633708147e-07,0.021832914147505465,0.9781668387152181
1,1,0.04964434830686533,0.8950250469349387,0.055330604758196004
1,0,0.7348316212781155,0.2651630648362934,5.313885590960145e-06
1,1,3.601236115599807e-05,0.531413372498681,0.468550615140163
1,1,0.18010514650619508,0.8197412244915526,0.0001536290022522677
1,1,0.07543062767206948,0.893952725087515,0.0306166472404155
0,0,0.7624426037119317,0.23755729538834858,1.0089971966009805e-07
2,2,8.267401112888014e-06,0.16985891432881986,0.8301328182700672
0,0,0.7799953369504066,0.219904890714472,9.97723351214594e-05
0,0,0.5646865101730392,0.43530626681743856,7.223009522202933e-06
1,1,0.021403073509859517,0.9772167191840037,0.0013802073061369258
1,1,0.3701872518358393,0.629124778663504,0.0006879695006567738
0,1,0.36717166787809297,0.6323669004528404,0.0004614316690667875
0,1,0.179785088244491,0.8198250335216283,0.00038987823388071484
1,1,0.4282531279946232,0.5717134557023613,3.341630301559555e-05
1,1,0.2867392970236427,0.7131800448733979,8.065810295928552e-05
1,1,0.259422610303188,0.7403640804222105,0.00021330927460162008
1,1,0.3568888890988713,0.6430699218034219,4.1189097706844346e-05
1,0,0.5929079377045018,0.40708540216116695,6.660134331211731e-06
1,1,0.10556162640771445,0.8942168065025302,0.00022156708975537226
0,0,0.9275568458026655,0.07244244799452254,7.062028119561213e-07
0,0,0.892029108413632,0.10797026284350301,6.287428648468176e-07
0,1,0.46448514527526386,0.5355069516472711,7.903077465032922e-06
0,1,0.14550077592874952,0.8539265947407799,0.0005726293304704589
0,0,0.7777310177045046,0.22225453965685535,1.4442638640065556e-05
1,1,0.495678111224256,0.5043007963245935,2.1092451150563987e-05
0,0,0.5339250218042484,0.46607083623704354,4.141958708069347e-06
1,0,0.6042365719894347,0.3957551318624886,8.296148076713041e-06
1,0,0.5409585899992153,0.4590264057752206,1.500422556405817e-05
0,0,0.676162286255664,0.32381066711453776,2.7046629798225637e-05
1,1,0.03571267495675232,0.96383085517728,0.00045646986596771424
1,1,0.28616689171236065,0.7134766064418195,0.0003565018458198517
1,0,0.5475828575577356,0.45241270847628123,4.43396598307338e-06
1,1,0.21271196621063612,0.7871461725460531,0.00014186124331074727
0,0,0.9072717157293786,0.09269655051021453,3.1733760406902696e-05
0,1,0.2262854949859428,0.7736836939611027,3.081105295441015e-05
0,0,0.7003619581278452,0.2996320532769985,5.9885951562393185e-06
2,2,3.237069761459216e-07,0.13188202578192232,0.8681176505111016
2,2,1.6436147745489393e-08,0.24988914470889723,0.750110838854955
1,1,0.18457786282132135,0.8153851951790719,3.694199960663007e-05
2,2,1.5551109715084897e-07,0.0092468580280257,0.9907529864608771
1,0,0.6557126877776623,0.34421792561823217,6.938660410545097e-05
1,1,0.4862704676914365,0.5137212431791481,8.28912941533666e-06
1,1,0.2984587676610534,0.7015012707489467,3.996158999975866e-05
0,0,0.6499081730784715,0.3500887834018902,3.0435196383051864e-06
1,1,0.3258523017328477,0.6741105940007194,3.710426643286386e-05
1,1,0.05555418610621494,0.9438546584271431,0.000591155466641926
0,0,0.6835113710332682,0.31634061485926607,0.0001480141074656435
0,0,0.537212899915961,0.4627773466716157,9.75341242331618e-06
0,1,0.47908479618529665,0.5209054775315104,9.726283192988048e-06
1,1,0.012579922820961225,0.9788207424590932,0.008599334719945579
0,0,0.6487333087720478,0.35124189084926244,2.4800378689884104e-05
0,0,0.7594150730955904,0.24057648439900445,8.442505405104996e-06
1,1,0.4982705299062461,0.5017083937167058,2.1076377048016364e-05
1,1,0.1017559184150897,0.8980496624693409,0.00019441911556948054
1,1,0.05139041787254926,0.7729081172065722,0.17570146492087876
1,1,0.020264075625578866,0.823778344288977,0.15595758008544414
2,2,0.008856998214979704,0.41230355688101,0.5788394449040103
1,1,0.01021232392773402,0.9892461952358261,0.0005414808364399955
0,0,0.9035382242161247,0.09646173854944594,3.723442937613591e-08
0,1,0.05672553364896224,0.9414773131698693,0.0017971531811685356
0,1,0.28152553774728256,0.7183406228079625,0.00013383944475500677
1,1,0.3513084543426178,0.6480714925799714,0.0006200530774106978
1,0,0.7776336835680687,0.22236210829337996,4.208138551464054e-06
0,0,0.7963236030449099,0.20366980639894813,6.590556141943568e-06
2,2,0.0007742774912332238,0.11815040920440092,0.8810753133043657
0,1,0.3880367171151451,0.6112965891785469,0.000666693706308159
0,1,0.23558661935952427,0.7643293250701764,8.405557029923971e-05
0,0,0.9300180878252994,0.06998115517345907,7.570012416146276e-07
0,0,0.8758099501939912,0.12417700357912709,1.304622688165212e-05
2,2,4.0685802045959626e-07,0.03625967875210956,0.96373991438987
1,1,0.44146051098308614,0.5584214175662249,0.00011807145068896431
1,1,0.02557070800558158,0.9735143502982677,0.0009149416961505373
1,1,0.1446276214491047,0.855323452795126,4.892575576910335e-05
1,1,0.1050655529887174,0.8906512402868041,0.00428320672447848
0,0,0.8915838988569694,0.10709077415220633,0.0013253269908241182
1,0,0.7285915351533766,0.2714078881139336,5.767326897248437e-07
0,1,0.4447825980355126,0.5552140125125963,3.3894518911342128e-06
0,0,0.5051264072278846,0.49473854236313336,0.00013505040898204496
1,1,0.3512115218640358,0.6487296346077588,5.884352820540362e-05
0,1,0.47842218539445486,0.5214295033171633,0.0001483112883818628
0,0,0.7217601272007997,0.27820669534657483,3.317745262546344e-05
1,1,0.3090412511566973,0.6909249580755776,3.379076772513949e-05
0,0,0.6581083925047224,0.3418891477806012,2.4597146764299906e-06
1,1,0.06563935502460892,0.9342043946504037,0.00015625032498725507
0,1,0.3407692117080112,0.6589219694348742,0.0003088188571144587
0,1,0.3848964089050892,0.6144849223363626,0.0006186687585481873
1,1,0.02142327757793989,0.9779524019566067,0.0006243204654535081
0,0,0.9145957159897369,0.08540024326745767,4.040742805630439e-06
1,1,0.15351131154216274,0.8462693623059888,0.0002193261518484053
1,1,0.04280892825859075,0.8978842335517734,0.05930683818963594
1,1,0.052273193466033124,0.9461555949890438,0.0015712115449231468
0,1,0.384452348342212,0.6153304569229916,0.00021719473479628776
1,0,0.6121790345358104,0.38781837916129175,2.5863028980378525e-06
1,1,0.23465560294927423,0.7651850155065488,0.00015938154417697862
0,1,0.4181621057860588,0.5818022946781307,3.559953581053206e-05
0,0,0.6619591536166995,0.33803992705845326,9.193248473722404e-07
0,1,0.33894445497918296,0.6605086845590017,0.0005468604618153566
0,0,0.8737432389115711,0.1262517901483257,4.970940103130954e-06
1,1,0.05892253598786652,0.8933463247955964,0.047731139216537086
0,0,0.6032696785474336,0.3967286159199318,1.7055326345212025e-06
1,0,0.5216611730459502,0.4783292679017789,9.559052270791746e-06
0,0,0.999924128753653,5.664377454603116e-29,7.587124634716393e-05
1,1,0.260251842184669,0.7368665117027668,0.0028816461125641952
0,1,0.22644832543770183,0.7732972032196193,0.00025447134267889143
1,1,0.043881225033537835,0.9558303928933237,0.0002883820731385267
1,1,0.14947795718948667,0.850486224034336,3.5818776177287504e-05
0,0,0.6884886823206264,0.31151020712105026,1.1105583232607334e-06
1,0,0.6032741677182857,0.3967121789776346,1.365330407967949e-05
0,0,0.703311830788324,0.2966401779006234,4.799131105258452e-05
0,1,0.12649224559073693,0.8659617757245025,0.007545978684760683
1,1,0.055838880808217056,0.9431787845962993,0.0009823345954836683
0,0,0.57003551593911,0.4299626154271678,1.8686337222642981e-06
0,1,0.2620078162452863,0.7376028652448625,0.0003893185098510319
2,2,2.738065650049954e-41,2.0241509197230608e-41,1.0
1,0,0.8075972556973954,0.19239785905484758,4.885247757054079e-06
1,2,0.012341241110997296,0.22427871922828624,0.7633800396607164
2,2,5.244008758830662e-07,0.15855447362608618,0.841445001973038
0,0,0.7185694861700532,0.28132790609889063,0.00010260773105623596
2,2,2.06662179683478e-07,0.3592807457365429,0.6407190476012773
1,1,0.0764443948373033,0.9225074497200265,0.0010481554426701116
2,2,1.5171371654110315e-12,0.009641192490757663,0.9903588075077251
1,1,0.115474691696814,0.8840386523951165,0.0004866559080694625
0,0,0.9238331734867377,0.07616350826788612,3.318245376224617e-06
2,2,8.125961610563842e-11,0.06882005226780935,0.9311799476509312
1,0,0.6318380187365037,0.3679614167766549,0.0002005644868414564
1,1,0.22695426686059153,0.7723999189218705,0.0006458142175380172
0,0,0.9999649646401454,4.1049195325993584e-29,3.503535985457451e-05
0,0,0.5184323442639408,0.4813591012918344,0.0002085544442247669
1,0,0.5847435206513156,0.415185661606569,7.081774211542812e-05
0,0,0.8850291693544758,0.11496311521751203,7.71542801214919e-06
1,1,0.11790777741938253,0.8429451950785933,0.03914702750202419
1,0,0.8408745238591774,0.15912354961075997,1.9265300626078424e-06
1,1,0.011610299588372121,0.5809958418511689,0.40739385856045907
1,1,0.3595208300782421,0.6404709277068484,8.242214909437771e-06
0,0,0.656296697455694,0.3437015947698713,1.7077744348385927e-06
0,0,0.9501556579244305,0.04981665190298685,2.7690172582633467e-05
1,1,0.44810428435459887,0.5517736222989771,0.00012209334642400587
1,1,0.013365193143768375,0.9782976806133831,0.008337126242848596
0,0,0.813789880146467,0.18620500479034724,5.115063185671268e-06
0,1,0.4121499774019808,0.5878387005543922,1.1322043626993946e-05
0,0,0.6125462116236543,0.3874505289772389,3.259399106886038e-06
1,1,0.2028925253014835,0.7970082323171143,9.924238140220016e-05
1,1,0.1788036009893729,0.8210454354588492,0.00015096355177783875
0,1,0.2677345402137005,0.732256599167144,8.860619155413595e-06
0,0,0.9024243527007988,0.09757444638200709,1.2009171940356911e-06
0,1,0.46539903040225855,0.5345980870890754,2.88250866611613e-06
1,1,0.13449238933876545,0.8653213511803096,0.00018625948092503526
1,1,0.026438881322200264,0.6787441167666677,0.2948170019111321
1,0,0.5033550678067616,0.4966391059072749,5.8262859634597725e-06
2,1,2.289053130523786e-06,0.5002434815580696,0.4997542293887999
1,1,0.20118578857033914,0.7987635726406562,5.063878900457398e-05
1,1,0.12250030997674775,0.8622865002675639,0.015213189755688323
0,0,0.7027186637849342,0.29727812232276707,3.213892298702272e-06
1,1,0.3152638935579726,0.6846007523186074,0.00013535412342005523
0,0,0.8441591063461409,0.15584069873676484,1.949170941623843e-07
1,0,0.7674541387167231,0.23254231257932712,3.54870394984875e-06
0,0,0.7655612009109716,0.22824327451898044,0.006195524570048001
0,0,0.988354306348233,0.011645159687404366,5.339643628023079e-07
1,1,0.03881331632392163,0.9584455264106865,0.002741157265391861
0,0,0.766604432692979,0.23337275571910643,2.281158791473849e-05
2,1,5.337825338483351e-09,0.6314762299995481,0.3685237646626267
1,1,0.2577454590247215,0.7389723956555974,0.003282145319681036
1,1,0.07463056573658255,0.9251175516298292,0.00025188263358823953
1,1,0.1010443582961705,0.8985093626641286,0.00044627903970070496
0,0,0.927383368225424,0.07261553942270901,1.092351866988326e-06
1,1,0.08836628399707215,0.9019796481966977,0.009654067806230066
1,2,4.8473061875070505e-05,0.47676948691535975,0.5231820400227652
1,1,0.02640676622760797,0.940250413690576,0.03334282008181592
2,1,0.05686392770338389,0.9077024096192688,0.03543366267734739
0,1,0.04052070451055207,0.9592156355266238,0.00026365996282408496
1,1,0.1503939301029495,0.8373207330594248,0.012285336837625734
0,0,0.7800354429736266,0.2199605243048051,4.032721568307285e-06
1,1,0.1640891116386726,0.8358344387149568,7.644964637070776e-05
1,0,0.5588864488145378,0.4409662937735173,0.0001472574119449667
1,0,0.6787697537340399,0.32110085625650997,0.00012939000945009048
0,1,0.3257255059064722,0.6739457544458678,0.00032873964766007107
0,0,0.6555933148978396,0.34415950541448503,0.00024717968767526654
1,1,0.06714927254616987,0.9328344348413121,1.6292612518114953e-05
1,2,3.904040264321568e-05,0.14059550049516073,0.8593654591021961
1,1,0.40799945280068056,0.5919675345791329,3.301262018661826e-05
1,1,0.14081114431878367,0.8585601785295867,0.0006286771516296481
2,2,4.883937776556268e-07,0.023674784095829966,0.9763247275103923
0,0,0.8318336237683092,0.1681658044597307,5.717719601524276e-07
1,1,0.44321959585257364,0.5567540984817191,2.6305665707367174e-05
1,1,0.27757335657093823,0.7223503625343475,7.628089471437974e-05
1,0,0.7568177180681913,0.2431813052893875,9.766424211837536e-07
1,1,2.7577664684720178e-09,0.5325312384210492,0.4674687588211843
1,1,0.19508909215807535,0.8048536982424511,5.7209599473530705e-05
1,1,0.29889317722218406,0.700984812773002,0.00012201000481395265
1,1,0.13393743013806933,0.8646430307834403,0.0014195390784904527
1,1,0.09998389826834955,0.8987478966591764,0.0012682050724740076
1,1,0.02297858622677494,0.9718554269930906,0.005165986780134611
0,0,0.8247003966623395,0.17529470044496742,4.902892692838415e-06
1,1,0.10518288982185989,0.8947244019762223,9.270820191791561e-05
1,0,0.8612947636407818,0.13870353334633,1.7030128881446237e-06
0,1,0.49282641371129604,0.5071436240258608,2.9962262843359286e-05
0,0,0.5720616735518284,0.4279359702274184,2.3562207532896135e-06
0,0,0.9034660149039277,0.09652771363661818,6.271459454113169e-06
1,0,0.8030712524948714,0.19692643674050603,2.310764622525602e-06
1,1,0.08898880758168383,0.9108100271158704,0.00020116530244573336
0,1,0.2740562430788137,0.7252064096532287,0.0007373472679576072
0,0,0.670749832182553,0.329243867536,6.300281447044448e-06
1,1,0.11525661347139951,0.8846121955409084,0.00013119098769194578
2,2,1.5820289936258765e-07,0.006086658333498648,0.993913183463602
2,2,1.744708655392681e-06,0.03988257373111649,0.9601156815602282
0,0,0.9274044913776779,0.07234289911250803,0.0002526095098139499
0,1,0.09739970915239553,0.9022267655474967,0.00037352530010794076
0,0,0.6529905965280394,0.34700686126337016,2.5422085905465654e-06
1,1,0.06673458076764223,0.9328626299599135,0.0004027892724442216
2,2,1.4457299262722582e-08,0.021960241885932243,0.9780397436567685
1,1,0.053541097114630336,0.9381169883787069,0.00834191450666276
1,0,0.7258008598727779,0.2741532940678213,4.584605940082573e-05
0,0,0.9999486619252329,5.686616223624858e-29,5.133807476711145e-05
1,1,0.018571731217771736,0.8225961569228103,0.1588321118594181
1,1,0.1564562537675468,0.8434077253793699,0.0001360208530833022
1,1,0.026683470603895657,0.9727650797195988,0.0005514496765056017
1,1,0.02240027035073978,0.9733431264715133,0.004256603177746922
0,1,0.24172126548594622,0.7573544537633006,0.0009242807507532624
1,1,0.2813393757629135,0.7186339280915667,2.669614551983728e-05
1,1,0.007425373688519451,0.9918693210373463,0.0007053052741342198
2,2,0.00021124649161827588,0.04012208011983104,0.9596666733885507
1,1,0.3749830160005609,0.6249910045945147,2.5979404924265433e-05
1,1,0.3460251249668657,0.6539593952235333,1.547980960095936e-05
0,0,0.6918114641138108,0.30818760647126237,9.294149267207977e-07
1,1,0.3368072006340894,0.6631315865652058,6.12128007047959e-05
2,2,6.194742519061942e-12,0.008648211867361033,0.9913517881264442
0,0,0.6832599736169509,0.3167375375121787,2.488870870226767e-06
1,1,0.45565611928771843,0.5443299306226659,1.3950089615641466e-05
1,1,0.16124055676322363,0.838667260920906,9.218231587030615e-05
0,1,0.3840838887324161,0.6157601834622705,0.0001559278053133388
0,0,0.6958350844635034,0.30416106096348733,3.85457300912435e-06
0,0,0.9011755615783926,0.09882440637636615,3.2045241160153986e-08
1,0,0.7008805310798982,0.29911657744028375,2.8914798179748974e-06
1,1,0.25729170493080766,0.7425395565417413,0.00016873852745088877
1,1,0.3406735333771216,0.6590008448120745,0.0003256218108039501
1,1,0.06519220063149347,0.9344893130250254,0.00031848634348106134
0,1,0.4528915348632431,0.5470834448147659,2.5020321990964024e-05
1,1,0.2972801803205543,0.7026829172351607,3.690244428497298e-05
1,0,0.8599232488886774,0.14007208162990897,4.669481413587247e-06
0,0,0.5377021736638866,0.4622912341113377,6.592224775628177e-06
2,2,9.556392126727242e-08,0.08208382295313381,0.9179160814829448
0,0,0.7054939746627357,0.2945029354737852,3.0898634790642047e-06
1,1,0.09321270798798888,0.8959340794976307,0.010853212514380397
1,1,0.15206374341843906,0.8475036992079161,0.0004325573736447589
1,1,0.34130958380481546,0.6585111440461079,0.00017927214907676044
1,1,0.26698174839729955,0.7329783621856397,3.9889417060762245e-05
0,0,0.671345664094218,0.3286530862969993,1.2496087827147122e-06
1,1,0.061528373849509904,0.9358185514040653,0.002653074746424906
0,0,0.7313477448797617,0.2686357410199067,1.651410033150584e-05
2,2,9.807996439722013e-08,0.00578166751666589,0.9942182344033698
1,1,0.30152764780929814,0.698119337451813,0.00035301473888894874
1,0,0.6445364856918421,0.35536066178948345,0.0001028525186744249
0,0,0.8962275937992338,0.10363536825645803,0.00013703794430821751
1,1,0.40538504565274597,0.5945908900231791,2.4064324074915153e-05
0,0,0.6105732278308148,0.38932098821248967,0.00010578395669541259
0,1,0.323387478401873,0.6762451624462448,0.00036735915188219876
0,1,0.05718468928174245,0.8888964768158891,0.05391883390236841
1,0,0.9139454780685565,0.08605306687888659,1.4550525568141858e-06
0,0,0.5502820483223825,0.4497128504092655,5.101268352087028e-06
1,1,0.4349155221770178,0.5629699871530087,0.002114490669973516
0,0,0.5692275954214316,0.43076939706898504,3.0075095833562643e-06
1,1,0.13549802618199702,0.8644146582774614,8.731554054138306e-05
0,1,0.12278287509240135,0.8767718091808095,0.0004453157267890226
1,1,0.2591499958142845,0.7399407995648304,0.0009092046208851004
1,1,0.044233660138101046,0.8210416754433276,0.1347246644185714
0,0,0.6124892102197178,0.38749890262481945,1.1887155462808332e-05
0,0,0.7527542014335241,0.24710560106381374,0.00014019750266218388
1,1,0.3128251287614572,0.6870919848704075,8.288636813550967e-05
0,1,0.32619964279373853,0.6737513471364283,4.901006983310292e-05
0,0,0.7579621051507691,0.24203512796108204,2.7668881489639776e-06
0,0,0.7902632456448032,0.20972963435626568,7.1199989312518755e-06
1,1,0.2670974410473947,0.7327488317156433,0.0001537272369619318
1,0,0.5068781304832813,0.49310909353830656,1.2775978412190492e-05
0,0,0.75487303804474,0.24511639295433996,1.0569000920083008e-05
0,1,0.1348224467279583,0.8649685415872458,0.00020901168479608138
1,1,0.05512784441969112,0.9192395537090459,0.025632601871262865
0,0,0.8266758324861899,0.17332291332998356,1.2541838264439556e-06
0,0,0.9195770703306162,0.08042288652179119,4.3147592652466415e-08
0,1,0.14165349038596461,0.8582496764460988,9.683316793642906e-05
0,0,0.7270332880691333,0.2729510581006554,1.5653830211320037e-05
0,0,0.8616818086645609,0.1383170134821177,1.177853321414819e-06
0,1,0.16639329461815353,0.833333380961506,0.000273324420340514
0,1,0.18997556091615062,0.8088920135026688,0.001132425581180688
1,1,0.10341548860423404,0.885352496372299,0.011232015023466976
1,1,0.0207032501121899,0.9781996492387318,0.0010971006490781753
0,0,0.8060162665634432,0.1939826484874067,1.0849491502629721e-06
0,0,0.9044144081334617,0.09558552445575817,6.741078006069762e-08
1,1,0.39484184482916823,0.6038424345870916,0.0013157205837399466
1,0,0.5048400628338812,0.4951577113524904,2.2258136282546006e-06
1,0,0.6099685218263415,0.3899368765507942,9.460162286429065e-05
1,1,0.3068734752526436,0.693114591340382,1.193340697443061e-05
1,1,0.10820941739100616,0.8914072402169219,0.000383342392071937
1,1,0.06499048491580381,0.889267342848967,0.04574217223522904
1,1,0.28728004103806576,0.7126717596907409,4.819927119325159e-05
0,0,0.6212255125780728,0.3787740340053307,4.534165963880993e-07
1,0,0.5005483988817389,0.49942745576371994,2.414535454123876e-05
1,1,0.20660322775909498,0.7922904655394792,0.001106306701425873
1,1,0.2976728932867557,0.7017841248442226,0.0005429818690217852
0,0,0.545603344791015,0.45437799474893376,1.8660460051263233e-05
0,0,0.5812862654134813,0.4186541049369671,5.962964955170382e-05
1,1,0.0229075184624482,0.8837204536763674,0.09337202786118451
1,1,0.3329472520280994,0.6662940932347007,0.0007586547371999688
1,1,0.10732675362457134,0.8918935607881336,0.0007796855872950231
0,0,0.594443372975763,0.40555303776036955,3.5892638674940697e-06
0,1,0.22492152224064657,0.7749597774267707,0.00011870033258276517
0,0,0.8315697090484715,0.16837843638857783,5.185456295082639e-05
1,1,0.30074027101736334,0.6975418699387871,0.0017178590438495706
0,0,0.6440477125878806,0.3559484539302012,3.833481918231088e-06
0,0,0.6357256816934831,0.36400613302075807,0.0002681852857588422
1,1,0.22745684978239913,0.7725144192831762,2.873093442465786e-05
0,0,0.5904042664121374,0.4095940890411811,1.6445466814313682e-06
1,0,0.6537096030159834,0.34625328027882185,3.71167051948314e-05
1,0,0.8552942670687761,0.1447045355834398,1.197347783995126e-06
1,1,0.3043731590090779,0.6951816713069664,0.0004451696839555375
2,2,5.070450774303508e-13,0.002786472191394034,0.997213527808099
1,1,0.09789757167001804,0.9020467778204558,5.56505095263689e-05
0,0,0.5223377059211312,0.47760367567661716,5.8618402251719266e-05
1,1,0.035053269907388176,0.8848516616889477,0.08009506840366425
2,2,0.00783690836411097,0.3841160596261875,0.6080470320097016
1,1,0.3740757665916582,0.6258997052798928,2.4528128449078196e-05
1,1,0.2798097068964994,0.7201290133934888,6.127971001185142e-05
0,1,0.4547308381827884,0.5452428549696814,2.6306847530110243e-05
1,1,0.13682947224254108,0.8630988863535412,7.164140391771435e-05
1,0,0.8488254165791789,0.15117405408238307,5.293384379118713e-07
0,1,0.48499980105244805,0.5149895324926109,1.0666454941072872e-05
1,0,0.8036005907664027,0.19639657849651976,2.8307370775278027e-06
2,1,6.30928621541944e-05,0.5256680140706305,0.4742688930672153
0,1,0.48220914947123916,0.5177684526349832,2.239789377771949e-05
1,1,0.41398983127160005,0.5859110900685195,9.907865988053267e-05
2,1,0.035904610414384766,0.8928245731153837,0.07127081647023162
2,2,1.1444466027301545e-05,0.2071812730780856,0.7928072824558872
1,1,0.4128102037710083,0.5871618605963203,2.793563267156106e-05
2,1,0.02899781594725549,0.6264638808489832,0.3445383032037613
1,1,0.20575556008068116,0.7942117341341212,3.270578519769925e-05
1,1,0.26085327534682307,0.7390823162034965,6.440844968046022e-05
0,1,0.4901230555911219,0.5098761786017882,7.658070898484974e-07
0,0,0.9998806345233344,1.4152712318217156e-29,0.0001193654766656994
1,1,0.014325091769531523,0.9823495747060778,0.0033253335243906977
1,1,0.030401384654175686,0.9691880233980215,0.00041059194780286476
0,0,0.739593960207754,0.26039971029508224,6.329497163637784e-06
1,0,0.8483804683081195,0.1516175567787873,1.9749130932546413e-06
1,1,0.3088465005526529,0.6910681682273906,8.53312199565658e-05
1,1,0.3673643095494673,0.6326166394593657,1.9050991167056564e-05
0,0,0.9042441849397478,0.09529784952641498,0.000457965533837263
1,1,0.2588151489818467,0.7404499130385017,0.000734937979651558
1,1,0.3384874494169255,0.6614950347664472,1.7515816627181805e-05
0,0,0.7952352327652594,0.2047579949171439,6.7723175967790774e-06
1,1,0.13250704694321966,0.8674161851380329,7.67679187476295e-05
1,1,0.2790567551791415,0.7209273082409557,1.5936579902668e-05
1,1,0.18513396241949195,0.8146770483826415,0.0001889891978666328
1,1,0.061323465569024696,0.9284227066519578,0.010253827779017559
1,1,0.2837433835262702,0.7161720714769232,8.454499680657166e-05
1,1,0.36117248147085174,0.6387762693892746,5.124913987363139e-05
0,0,0.9013789824868984,0.09862091210410684,1.0540899483768088e-07
1,1,0.01766710044767117,0.9821997598114541,0.0001331397408748357
0,0,0.7272604118898301,0.2727382936887546,1.29442141517738e-06
0,0,0.7974102496851957,0.20258701001114676,2.7403036574786023e-06
0,0,0.6761180499322685,0.3238737478975533,8.202170178209305e-06
0,0,0.5700137277714852,0.42957890505283275,0.00040736717568209464
0,0,0.5362152231094467,0.4637831121220961,1.6647684571180694e-06
1,2,2.4826336863999416e-06,0.09444475841676525,0.9055527589495483
1,0,0.6878585400122131,0.3121412723962712,1.8759151572183874e-07
2,2,1.8563292814456393e-12,0.006710102026368651,0.993289897971775
1,0,0.5844873739767511,0.4155082130344729,4.412988776034652e-06
0,0,0.6230094819328984,0.376989193483503,1.3245835985098429e-06
1,1,0.43544880635461913,0.5645242072774649,2.698636791596872e-05
2,2,3.2684203885242887e-08,0.0037604511376262634,0.99623951617817
0,0,0.7282447158436046,0.27168325622754297,7.20279288522862e-05
2,2,9.891049902131733e-12,0.01938824316285846,0.9806117568272505
0,0,0.5161225078042962,0.48387463055057045,2.8616451334338126e-06
1,1,0.17419732110882566,0.8255536441240915,0.00024903476708274
0,1,0.3489154642109908,0.6510008697510051,8.366603800415756e-05
0,1,0.19016000304158343,0.8097462015323282,9.379542608818563e-05
0,1,0.21175609788217525,0.78821815102823,2.5751089594649277e-05
1,1,0.0452269291293014,0.9533935393789464,0.0013795314917522286
0,1,0.39356707787892836,0.606268623866919,0.00016429825415267783
1,1,0.050774311712961366,0.9489002272681235,0.0003254610189152357
1,0,0.7835754586524533,0.21642347270102938,1.0686465172555838e-06
1,0,0.5473821183905302,0.45261591268595625,1.968923513491907e-06
0,0,0.7805801382295364,0.21940547875776603,1.4383012697525825e-05
1,1,0.03414445752578996,0.9632558341650812,0.0025997083091288003
1,0,0.7175746598217133,0.2824063890178034,1.8951160483326185e-05
1,1,0.11869594489333854,0.8812021728091656,0.00010188229749580556
0,0,0.7270312447797056,0.2729666239120899,2.131308204544597e-06
0,0,0.6842534919651259,0.31574384451232934,2.66352254476467e-06
2,2,8.437309780668458e-10,0.29701619532908885,0.7029838038271803
0,0,0.5538355303635277,0.4460101221614753,0.00015434747499711458
2,2,4.1856887680646026e-08,0.008624145304844262,0.991375812838268
1,1,0.41988802827389216,0.5799959841608677,0.00011598756524006482
1,1,0.23895324010973898,0.7609836163005698,6.31435896912529e-05
0,0,0.6333180380707732,0.36668052781870936,1.4341105174362972e-06
1,1,0.1860598941102972,0.8128172445208821,0.0011228613688206769
1,1,0.3805357627788393,0.6194583283874947,5.908833665900124e-06
1,1,0.4221755772611659,0.5778141089911083,1.031374772589534e-05
1,1,0.15712497510531973,0.8418545069097094,0.0010205179849706958
1,0,0.7105006465570238,0.28949353506378056,5.818379195653067e-06
1,1,0.43274647865274296,0.5672497344574012,3.7868898559080094e-06
1,0,0.6042357235050836,0.39576189968839803,2.3768065184965387e-06
0,0,0.6967123891647486,0.3032794324229374,8.178412313829443e-06
0,0,0.8312657745859485,0.1687334887984215,7.366156299719036e-07
0,1,0.29589220217375933,0.7036320999712746,0.00047569785496589525
0,0,0.7891661745763299,0.2108240574451606,9.767978509582978e-06
1,1,0.12261921942958053,0.8760070041071736,0.0013737764632459346
2,2,2.469418236867911e-12,0.00832576628730906,0.9916742337102216
1,1,0.46634653609718757,0.5336327226289693,2.07412738430052e-05
0,1,0.48991585871008925,0.5100763533596417,7.787930269071104e-06
0,0,0.7788211323553659,0.22116684799663622,1.2019647997984882e-05
0,0,0.9431164198087238,0.05686493769006014,1.8642501216108882e-05
0,0,0.8385544185586332,0.16144538691072538,1.9453064139932453e-07
1,1,0.3871935274177152,0.6127732376681129,3.323491417202853e-05
1,1,0.1710390585506988,0.8287106265106432,0.00025031493865790755
2,2,1.6813774500997035e-06,0.2752988872694908,0.7246994313530591
0,0,0.8716585197347255,0.12834134166387523,1.386013990696022e-07
0,1,0.3536026186884871,0.6463795297429811,1.7851568531800155e-05
0,1,0.05502555593666334,0.9447812654337866,0.00019317862955011894
1,1,0.12180148679718017,0.878142663390049,5.5849812770886625e-05
0,0,0.7726129245747849,0.22731717843126925,6.989699394581898e-05
0,1,0.3856901733584322,0.6142370291671304,7.279747443743065e-05
1,1,0.048531998123943404,0.9491223673317378,0.0023456345443189234
2,2,7.740120569911326e-08,0.005697181461701726,0.9943027411370925
2,2,2.101789300301659e-05,0.17028790449448997,0.8296910776125072
2,2,1.1739182380233374e-06,0.24994563511413628,0.7500531909676257
0,0,0.5570626889391845,0.4429346842575196,2.626803295858248e-06
0,0,0.9892631791687504,0.010736633151437044,1.8767981267037452e-07
0,0,0.8583041066756817,0.14169100184743003,4.891476888360183e-06
0,0,0.8383995976480167,0.16159913575949064,1.2665924926967076e-06
0,0,0.7341902895996675,0.26578466167473935,2.5048725593182148e-05
0,0,0.5663314336161556,0.43353998996253634,0.0001285764213081607
1,1,0.17551510336621992,0.8222650985901482,0.0022197980436318553
0,1,0.24372031157145765,0.7553497570568236,0.0009299313717186863
0,0,0.7310756592239354,0.2689225902974543,1.750478610215617e-06
2,2,5.705865037512925e-07,0.06582891029931029,0.9341705191141858
0,0,0.8339696459840412,0.16603010977449922,2.4424145947041205e-07
1,0,0.5443590665279353,0.4556370436622998,3.8898097648212635e-06
0,0,0.7230058668311299,0.2768921419149888,0.0001019912538812818
0,1,0.41709664318562223,0.5828864981557994,1.6858658578364207e-05
1,1,0.10436237417294826,0.8951325890366868,0.0005050367903647934
0,1,0.1592475423677429,0.8391822546174251,0.0015702030148318342
1,1,0.37340293982084155,0.6263046434898455,0.0002924166893129622
1,1,0.3577370463094738,0.6421475613306575,0.00011539235986864115
1,2,0.006459566380402,0.31925691883113577,0.6742835147884623
1,1,0.08482916863527222,0.8900732256252225,0.025097605739505213
1,1,0.04134391316121304,0.9584008105730224,0.0002552762657647032
1,1,0.3437624987162127,0.6560931454952825,0.00014435578850485877
1,1,0.07052439733107588,0.923581474132418,0.005894128536506178
1,1,0.012795342889307589,0.9848864413941198,0.002318215716572628
1,1,0.07015931417804955,0.929603994470646,0.00023669135130435047
1,1,0.08089522587688897,0.9137517459073399,0.005353028215771196
1,0,0.7286517386593315,0.2713474788728315,7.824678369978052e-07
1,1,0.15305730453187405,0.8460405806866089,0.0009021147815169508
1,1,0.2290750090392264,0.7708035143661885,0.00012147659458502476
1,1,0.05103622668085297,0.9484760438475526,0.00048772947159431157
0,0,0.9582438429097948,0.04174681365854435,9.343431660863533e-06
0,1,0.42235730984900655,0.5776245424803557,1.814767063787623e-05
2,1,0.014454114967970413,0.5008986734340074,0.48464721159802215
1,1,0.45850832417620035,0.5414835924442039,8.083379595781513e-06
1,1,0.09944851264574064,0.8950226473658841,0.00552883998837525
1,0,0.7422471527316832,0.25773762108819537,1.5226180121385417e-05
2,2,3.85227151832594e-08,0.00482086530728881,0.995179096169996
0,1,0.4268586489851596,0.573131744657629,9.606357211469975e-06
0,1,0.45419821423027235,0.5457851404475613,1.664532216639033e-05
1,1,0.11596188226528378,0.8839872144246571,5.090331005892902e-05
1,1,0.11053230080354183,0.8892176786813946,0.00025002051506361426
1,0,0.6112676765940522,0.388729585381463,2.738024484886895e-06
1,1,0.17504219435883964,0.823962166000938,0.000995639640222452
1,1,0.15479161624976276,0.8450973572156559,0.00011102653458124416
1,0,0.7481447262425508,0.2518547716246978,5.021327514710306e-07
2,2,1.024076061337874e-06,0.0394179411404545,0.9605810347834841
0,1,0.3603691807313008,0.6392940135442955,0.00033680572440369455
1,1,0.3061559322973355,0.6934615454153876,0.00038252228727690837
0,0,0.6618977563671118,0.33810076632321817,1.4773096700414239e-06
1,0,0.6819894627346893,0.3180093825949151,1.1546703956357493e-06
0,0,0.6879724232875576,0.31201865901153336,8.9177009089992e-06
0,0,0.9715406935086206,0.028455838443723624,3.4680476556339765e-06
1,0,0.8048103181877567,0.19518940597663806,2.758356051940901e-07
0,0,0.5948801227869207,0.40511580644007267,4.070773006737232e-06
1,1,0.09506014385489943,0.9044453525569494,0.0004945035881512464
0,1,0.26111746810699693,0.7382884289618548,0.0005941029311482976
1,1,0.04852056571970921,0.9391209310401991,0.012358503240091682
0,0,0.856845711360093,0.14315390891022314,3.797296837562656e-07
0,0,0.6868531383991773,0.31314013895587806,6.722644944561284e-06
1,1,0.25711799907251764,0.7427670914064148,0.0001149095210674885
1,1,0.011938849187841072,0.9876396005739436,0.0004215502382153749
1,0,0.5112617966666105,0.4887224879408219,1.571539256748103e-05
1,0,0.5197807928806822,0.48016967745624345,4.952966307425148e-05
0,0,0.8878644284013857,0.11213245774229723,3.1138563169281536e-06
1,1,0.12777606018898308,0.8721476101510897,7.632965992728291e-05
1,1,0.01811157419390134,0.818027655492032,0.16386077031406657
1,1,0.07616132533251149,0.9231523383794429,0.0006863362880454709
0,1,0.46203963884495025,0.5376808488404723,0.0002795123145774864
0,0,0.9149093513376673,0.08502941085571013,6.123780662255889e-05
1,1,0.3835091251986047,0.6164727058956101,1.8168905785234323e-05
0,0,0.9002917261815605,0.09970381805299855,4.4557654409358754e-06
0,0,0.8806745942989134,0.11932489362866132,5.12072425359107e-07
0,1,0.3807461011449092,0.6192242037880574,2.9695067033425004e-05
1,1,0.21449470127996553,0.7853939734881344,0.00011132523190011635
1,1,0.31960426232753736,0.6803649560974818,3.078157498082902e-05
1,1,0.10664312557667316,0.8920687587522605,0.0012881156710661816
0,0,0.6351375957972397,0.3648610690078178,1.3351949425290178e-06
1,0,0.567468183389358,0.43251062695801906,2.1189652622916713e-05
1,1,0.41281943796510684,0.5871440350677912,3.652696710192879e-05
0,1,0.46436799415107305,0.5356241495225573,7.856326369590444e-06
1,1,0.015934874102633678,0.9820451053439421,0.00202002055342431
1,1,0.34887673008738374,0.6507588151414614,0.0003644547711548851
1,1,0.3163522556444862,0.6835466367315328,0.00010110762398110829
0,0,0.6653206471125774,0.33467096218449854,8.390702923989908e-06
0,1,0.296199580974868,0.7032169369567675,0.0005834820683647398
1,1,0.15193677559313157,0.8479812445170567,8.197988981183097e-05
0,0,0.7233801014633536,0.2766182451466577,1.6533899885849125e-06
1,1,0.16254659026501686,0.8356191962624688,0.0018342134725143752
0,0,0.9388682971700999,0.0608856096364792,0.00024609319342086224
1,2,1.1102587458743751e-06,0.04970199304961722,0.950296896691637
0,0,0.9861741195422166,0.013825098079360562,7.823784230508988e-07
0,0,0.9999987049512149,1.7943799050118242e-29,1.2950487849825055e-06
0,0,0.6084639244599346,0.39151210532849295,2.397021157240588e-05
1,1,0.05276613220828447,0.9468600169313537,0.0003738508603617535
0,1,0.34022354468185134,0.6597421694533198,3.428586482894385e-05
1,1,0.0210921123599418,0.9555662549943469,0.02334163264571138
0,0,0.6899166135787445,0.31008085373444944,2.5326868061707344e-06
1,0,0.7002290355948905,0.29974180474724965,2.9159657859879862e-05
0,0,0.8639727205495088,0.13602652486030062,7.545901905396007e-07
1,1,0.3703711639874867,0.6295679207440104,6.091526850292206e-05
1,1,0.07696037052280635,0.8896626242316185,0.0333770052455752
1,1,0.33512098580320565,0.664817948527608,6.106566918625849e-05
0,0,0.5183634675711426,0.48162321268984576,1.3319739011681344e-05
1,1,0.4102693899186213,0.5897236428075878,6.9672737909101845e-06
0,0,0.9582567857746244,0.04174311662589547,9.759947994860668e-08
1,1,0.11090050626892708,0.88902925173498,7.024199609302946e-05
1,0,0.6834228167751246,0.3165713221649633,5.8610599121438295e-06
2,2,1.0688891944485797e-08,0.01675574862909563,0.9832442406820123
1,1,0.369514402483106,0.6304683691629313,1.7228353962679715e-05
0,1,0.4106047563900722,0.5893577224356251,3.752117430262579e-05
1,1,0.09508601712712568,0.9016567870044514,0.0032571958684228506
1,0,0.680984487396706,0.31901089544252464,4.617160769312951e-06
0,0,0.9652377758943118,0.03471106815983255,5.115594585575085e-05
1,1,0.10872046077206504,0.8912061573353027,7.338189263239542e-05
0,1,0.16873606294778598,0.8272347669102215,0.004029170141992488
1,0,0.5051718488378625,0.4947542739752233,7.387718691420673e-05
1,1,0.01515364055098257,0.9652050941819502,0.019641265267066957
1,1,0.14486832068960645,0.8549618977039671,0.00016978160642636364
0,0,0.8165019116948805,0.1834967794290111,1.3088761085463261e-06
0,1,0.10210162486309124,0.8780212444492471,0.019877130687661688
0,0,0.7129582905975397,0.28704095940583846,7.499966218382986e-07
1,1,0.09980786445226975,0.8990287702741379,0.00116336527359239
1,1,0.14888932271956848,0.8508254775719413,0.00028519970849024843
1,1,0.13038085894642892,0.8694917632594931,0.00012737779407792754
1,1,0.3344837269734253,0.665501642033611,1.4630992963811332e-05
1,1,0.010943571841616737,0.9874552455562596,0.0016011826021235006
1,1,0.42441466441590303,0.5755647867215581,2.054886253883621e-05
0,0,0.9715483453988507,0.02844832420253523,3.3303986140278654e-06
0,0,0.6101462383714209,0.38983807644797147,1.568518060780012e-05
1,0,0.6048668168255843,0.394701224003681,0.0004319591707346155
1,0,0.5224995811698171,0.477497281775036,3.1370551469112293e-06
1,1,0.26943868138867366,0.7305059963721955,5.5322239130868397e-05
0,0,0.563433638846005,0.43655843677525663,7.924378738550371e-06
0,0,0.6192813033057976,0.3807181497475455,5.469466569606394e-07
1,1,0.2806279113276408,0.7176891475192482,0.0016829411531111699
0,0,0.5730657896937149,0.42689375760462267,4.045270166251915e-05
0,1,0.38890931953653296,0.6110822500956146,8.430367852445204e-06
1,1,0.13333588121173812,0.8520460714485736,0.014618047339688427
0,0,0.5830097001616956,0.41694044507185113,4.985476645333818e-05
0,2,0.0065693774427706365,0.47452749986437526,0.518903122692854
1,1,0.22263871073050126,0.7725776282077843,0.004783661061714471
0,0,0.533409511464995,0.46654651719256135,4.397134244369741e-05
0,0,0.51823826425269,0.48175667453249704,5.061214812901644e-06
1,0,0.8729092583017446,0.12708484557541913,5.896122836342903e-06
0,0,0.5859262928937484,0.414072310903692,1.3962025596026723e-06
1,0,0.5226357945506563,0.47735795455832,6.250891023602834e-06
0,0,0.7099864827839724,0.28998167174452133,3.184547150628078e-05
1,0,0.5514280233052926,0.4485474808156388,2.4495879068607683e-05
1,1,0.10590122837175679,0.8936772817460198,0.00042148988222339193
1,1,0.28908555575023503,0.7108567868712322,5.7657378532867805e-05
0,1,0.18793492008879042,0.8116038454851546,0.0004612344260548977
0,0,0.5704058752172511,0.42958929041934396,4.834363404911848e-06
1,1,0.37420936481538797,0.6257641751379532,2.6460046658873902e-05
1,1,0.3096794975780373,0.6902616608366811,5.884158528166305e-05
1,1,0.05408226791276282,0.9448574836531513,0.0010602484340859523
0,0,0.7645468157430471,0.23544775799215245,5.426264800384239e-06
1,1,0.4393421436418933,0.5606433616848236,1.4494673283050433e-05
0,0,0.783323429708368,0.21667630554140244,2.6475022960074787e-07
2,2,3.710399785509419e-05,0.457355443442751,0.542607452559394
1,1,0.3108416355394809,0.6886173956392001,0.0005409688213191315
1,1,0.23953105433041358,0.7598378115670612,0.0006311341025250566
0,1,0.36807790185373274,0.6317400282783245,0.00018206986794271649
0,0,0.9361651617105206,0.0638322167774045,2.6215120747951896e-06
1,1,0.08198259381661593,0.9175956769974538,0.0004217291859302697
1,2,6.590097051117407e-05,0.4997627967509951,0.5001713022784936
2,1,0.016105532257987706,0.7453668014831766,0.23852766625883584
1,1,0.16058428980238665,0.8392689206030661,0.00014678959454729996
1,1,0.05811157430124259,0.941689934443478,0.0001984912552792829
0,0,0.595723254981247,0.40427364083387274,3.104184880207352e-06
1,1,0.06277281247444914,0.9369158849012004,0.0003113026243503784
0,1,0.4764078872487556,0.523500373149888,9.173960135640251e-05
2,2,6.416211217845895e-37,6.03324790970001e-39,1.0
0,0,0.8531833148666244,0.14681624107005672,4.440633189563581e-07
0,0,0.9014928746305094,0.09850703410454047,9.12649499976228e-08
0,0,0.9232659912536602,0.0767338424366578,1.6630968199256964e-07
0,0,0.8134828740212907,0.18651080307786286,6.322900846407411e-06
1,1,0.2223028559178399,0.7776294337842138,6.771029794637206e-05
2,2,7.951080077270343e-08,0.003118973664681808,0.9968809468245174
1,1,0.3158143153259306,0.6841562703215917,2.9414352477939e-05
2,2,0.004786883547226434,0.2958481476527276,0.699364968800046
1,1,0.3004339872326226,0.6994577986213929,0.00010821414598452535
1,1,0.02142882364991625,0.9754759894848416,0.003095186865242185
2,1,0.0519629083791519,0.7696566312099057,0.17838046041094235
1,1,0.21601666010346038,0.7836392359008805,0.0003441039956590601
1,1,0.4905584183174507,0.5094169392685957,2.464241395367967e-05
1,1,0.06304990896761388,0.9356517766600997,0.0012983143722865413
0,0,0.92997109056466,0.07002850336613972,4.060692003440885e-07
1,1,0.425305603894175,0.5746412922501815,5.310385564350664e-05
1,1,0.18185670331042644,0.8179131352641622,0.00023016142541135747
0,1,0.31263770586584555,0.6871450312422335,0.00021726289192095682
1,1,0.02558592009137573,0.9736538317455111,0.0007602481631131218
1,1,0.19122323271469177,0.807062122606719,0.0017146446785891915
0,0,0.9382252262703255,0.061774273687400454,5.000422740169553e-07
0,0,0.6065289473863791,0.3934653296903193,5.722923301718294e-06
0,0,0.6878471209903195,0.3121504936171082,2.3853925723217724e-06
1,1,0.02853775157162578,0.9682147092702679,0.003247539158106541
0,0,0.7705603105354276,0.2294224419406628,1.7247523909530643e-05
1,1,0.23001794307666304,0.769908690283112,7.336664022493042e-05
1,1,0.26838539884844226,0.7311089985009778,0.0005056026505799551
0,0,0.722824681471288,0.2771745893190973,7.292096146210954e-07
0,0,0.8750793764381629,0.12491968661600435,9.369458326708615e-07
1,1,0.16107127730684376,0.8385438508870244,0.00038487180613181187
1,0,0.5978233202431478,0.4021087859207762,6.789383607601893e-05
2,2,0.00036843349244181913,0.0648535308908927,0.9347780356166654
1,1,0.2793743421013796,0.7205534720274617,7.218587115872795e-05
1,1,0.08894654346551127,0.9109224117876448,0.00013104474684405036
0,0,0.9997688999955116,1.8023112551773906e-29,0.00023110000448854865
1,1,0.24261235314881965,0.7566516240640816,0.0007360227870986678
0,0,0.9413514002610288,0.058646401772900335,2.197966070707136e-06
1,1,0.13880699621396228,0.8611100295641726,8.29742218651502e-05
0,1,0.30238884197037297,0.6975975089207783,1.3649108848662677e-05
1,0,0.707977839043082,0.29201616163632904,5.999320588936211e-06
1,1,0.3205267828356778,0.6794701208399232,3.0963243990206308e-06
1,1,0.12684316554430008,0.8729482875621009,0.00020854689359915826
1,1,0.021320548821588754,0.816371104829671,0.16230834634874028
1,0,0.6434828424332488,0.3564966774879557,2.04800787952943e-05
1,0,0.7759565002202604,0.22404316832380772,3.314559318670484e-07
0,0,0.6345655297328933,0.365432514033841,1.956233265644331e-06
1,1,0.05382086728361227,0.9429674636580917,0.0032116690582961274
1,1,0.13420961180326574,0.8653513913248702,0.00043899687186392083
1,1,0.08288743844072503,0.9169146676218355,0.00019789393743944504
1,1,0.11847654578446466,0.8807029149798108,0.0008205392357244856
1,1,0.030989681368961172,0.9613494286084201,0.007660890022618598
1,1,0.05229158897580902,0.9474911704614324,0.00021724056275855587
0,0,0.5876489770767032,0.4123503605620644,6.623612324589947e-07
1,1,0.08977163972438425,0.909728740602306,0.0004996196733097396
1,1,0.04941687174239937,0.9282207308038289,0.022362397453771592
1,1,0.02394556835264293,0.9732694541240912,0.0027849775232658826
1,0,0.9003460465199749,0.09965367167276167,2.8180726358146e-07
1,1,0.09134941297055948,0.8730830112491585,0.03556757578028201
0,0,0.6913135768853288,0.3086849217749053,1.5013397658921231e-06
1,0,0.5548835743787038,0.44511119504801533,5.230573280874295e-06
0,0,0.8552621737834984,0.1447353615530509,2.4646634506464603e-06
0,0,0.8622264346909598,0.13721011070011682,0.0005634546089233748
1,1,0.19178740739808287,0.8078882350858013,0.0003243575161158161
0,0,0.938418188054222,0.06146932282031197,0.00011248912546596677
1,1,0.1156927187159732,0.8819004039857861,0.0024068772982405715
0,1,0.45131706376222025,0.5485612986528364,0.00012163758494330792
1,1,0.10229971443007985,0.8970350187367527,0.0006652668331672597
1,1,0.2301569273492557,0.7691038569944654,0.0007392156562790299
0,1,0.46960583943603584,0.530264521149202,0.00012963941476201875
1,1,0.1846107428646443,0.8150878356802276,0.00030142145512814384
1,1,0.19434569668299267,0.8055779238447368,7.637947227043083e-05
0,0,0.980077694949716,0.019914949459912134,7.3555903719925755e-06
0,0,0.675423086500097,0.324564558711184,1.2354788718976032e-05
1,0,0.8192086533592174,0.18079030449931582,1.0421414666846887e-06
0,0,0.5607591198488804,0.43923500818058936,5.87197053015726e-06
0,0,0.9590522282258627,0.04092063836836732,2.7133405770090728e-05
0,0,0.6172072912365054,0.38279067812484247,2.0306386520834193e-06
1,1,0.40813398603648626,0.5918538818013751,1.213216213859829e-05
0,0,0.8317725326331395,0.16822526889681627,2.1984700443085758e-06
0,0,0.7362251774596764,0.2637747045570479,1.1798327571961612e-07
1,1,0.17601196790151893,0.8239170287135259,7.100338495518642e-05
0,0,0.7662897946011931,0.23369884079507575,1.1364603731091121e-05
0,0,0.7222502165803889,0.27762442773486995,0.0001253556847412295
0,1,0.4847365710048023,0.5152596287709893,3.8002242084309295e-06
0,0,0.7317020961872418,0.2682972017999968,7.020127615406439e-07
1,1,0.3214111027596052,0.6785176588374097,7.123840298509149e-05
1,1,0.1784809241149794,0.8213801668944,0.00013890899062063013
0,0,0.5850698283903425,0.4149128936369355,1.72779727219614e-05
1,1,0.1253920183875449,0.826607999259175,0.04799998235328
1,1,0.17338514156075913,0.8263597777641429,0.0002550806750979201
0,0,0.9192730533372376,0.08072277375549644,4.172907266011394e-06
1,1,0.03769933470916849,0.7149834787565391,0.24731718653429235
1,0,0.562228054468817,0.4376354966788596,0.00013644885232347463
1,1,0.054768384800653526,0.9448410143679399,0.0003906008314064954
0,0,0.7535055287662498,0.24646941973918257,2.5051494567643845e-05
1,1,0.21482236103628605,0.7851131311443885,6.450781932543252e-05
1,1,0.15129737491300477,0.8486051842929531,9.74407940421681e-05
1,0,0.8959086818387945,0.10409048845979633,8.29701409164223e-07
0,1,0.4812014774947756,0.5187891024895944,9.420015629920961e-06
0,0,0.7211905981786668,0.2788061546376589,3.2471836743429957e-06
0,1,0.28258596719525036,0.7174032111357346,1.0821669014984794e-05
0,0,0.8611177267400543,0.13888063888145472,1.6343784911215054e-06
0,0,0.72385697222935,0.27613534328289935,7.684487750647786e-06
1,1,0.12252644359903446,0.8773039100695286,0.00016964633143691865
0,0,0.6516767102229429,0.3483218352030289,1.4545740281842418e-06
0,0,0.5084520852317381,0.49151362110109564,3.429366716621962e-05
1,0,0.8962721688847999,0.10372744066470767,3.9045049245422167e-07
1,1,0.0885989045759876,0.9110190459505754,0.000382049473436916
0,1,0.2460819924390848,0.7537395391687486,0.0001784683921665263
1,1,0.05002083410147125,0.9495586166313241,0.0004205492672046654
0,1,0.4738417884957345,0.5261411273822071,1.7084122058394436e-05
1,1,0.4487570041729368,0.5511269060134704,0.00011608981359294375
0,0,0.8949991039378457,0.10499931680828997,1.5792538643925009e-06
1,1,0.16084716056616882,0.8386571184225076,0.0004957210113236488
1,1,0.10744710076056041,0.8924887831257657,6.411611367388971e-05
1,1,0.08266855125000733,0.9171910895682918,0.00014035918170108788
0,0,0.7515756618774437,0.24842302288998996,1.3152325662241917e-06
0,0,0.6028009064629752,0.39719822059352905,8.729434956681945e-07
1,1,0.33339711345863643,0.6665353437612452,6.75427801182466e-05
0,1,0.3801393885815633,0.6195241401830794,0.00033647123535714927
0,0,0.8011788085276395,0.19881578893332288,5.402539037753646e-06
1,1,0.04589811793007104,0.9537793306869803,0.00032255138294865843
1,1,0.4065475064433591,0.5933927847226287,5.970883401228031e-05
1,0,0.6242025044230217,0.37577966124383316,1.783433314509352e-05
0,0,0.8878484096562185,0.11215143792209989,1.5242168144972216e-07
1,1,0.33400349551980035,0.6657827876049552,0.00021371687524438898
0,1,0.07935760698312899,0.9202531962332008,0.00038919678367039135
0,0,0.7926206351712284,0.20737911114445298,2.5368431860086805e-07
0,0,0.6312079490597954,0.3687886948439802,3.3560962243770256e-06
0,0,0.8971948232695615,0.10278348541978057,2.169131065795157e-05
