true_label,pred_label,prob_class_0,prob_class_1,prob_class_2
0,0,0.7363738664004589,0.2629176395545158,0.000708494045025314
1,1,0.324973411347755,0.6667160252682741,0.008310563383970898
1,1,0.16569944838949122,0.8273477659610489,0.006952785649459951
0,0,0.8192967720980847,0.18015413091155266,0.0005490969903627694
1,0,0.5441740260641008,0.4546989701233128,0.0011270038125864264
0,0,0.8976587319667317,0.10223721042735634,0.00010405760591191916
0,0,0.9269213594753628,0.0729070135820178,0.00017162694261941931
0,0,0.8794496679562877,0.12030602929819888,0.00024430274551360404
1,1,0.196416469034171,0.7807777596661983,0.02280577129963068
0,0,0.8610204411148438,0.13878915952907198,0.00019039935608419526
1,0,0.5266126719028297,0.4708905241792662,0.002496803917904094
0,0,0.5006743411833287,0.49681439061806176,0.0025112681986095868
1,0,0.7338835927630714,0.2655953202333147,0.0005210870036139832
1,1,0.2971452843771902,0.694417063892285,0.008437651730524853
1,1,0.18671559923916947,0.8049586290277001,0.008325771733130545
1,1,0.21020617310215414,0.7806024098339354,0.009191417063910414
0,0,0.6361390720738453,0.36262411350726453,0.0012368144188901079
1,1,0.24332932182508182,0.7479521096602091,0.00871856851470915
1,1,0.06762985601404344,0.9124284768397778,0.019941667146178815
1,1,0.3318542916283348,0.6536051560146277,0.014540552357037566
0,0,0.6471936972376684,0.3508513471825804,0.0019549555797512596
1,1,0.3152677109860425,0.6768432756735362,0.007889013340421261
1,1,0.3882495711227302,0.6062329660233717,0.0055174628538981136
0,0,0.8980264363376265,0.10177541271819672,0.0001981509441767504
1,1,0.35562567469892126,0.6325631717608445,0.011811153540234154
1,2,0.002937057583641767,0.271569048154331,0.7254938942620273
0,0,0.6990116113427425,0.30048892398212396,0.0004994646751335503
1,1,0.1261762468882626,0.8594100682212122,0.014413684890525297
0,1,0.14644612503437968,0.8307231980660527,0.022830676899567727
0,0,0.6946263580763452,0.30464088098307124,0.0007327609405836325
0,0,0.6008565192322819,0.3979849489494534,0.0011585318182648395
0,0,0.8177012445856912,0.1819865725882324,0.0003121828260763808
1,1,0.27228910485063834,0.721168390423643,0.00654250472571864
0,1,0.3896674131858349,0.6064758133683441,0.0038567734458209773
0,0,0.5366337431942751,0.45966903345124815,0.0036972233544766645
1,1,0.11848221331202304,0.8276432014311671,0.05387458525680987
1,1,0.09460285591568703,0.8889275789538493,0.01646956513046362
0,0,0.5479719249282744,0.450300408917572,0.001727666154153637
1,0,0.650222746212363,0.3485419427618463,0.001235311025790777
1,1,0.11117008880107333,0.8479658773232426,0.040864033875683985
0,0,0.6080015727826455,0.39037423001350374,0.0016241972038506366
0,0,0.8111766470577526,0.1885432618980422,0.0002800910442052552
1,1,0.26069343911028087,0.720815862512673,0.018490698377046002
0,0,0.890325163193185,0.10938505941892114,0.00028977738789382943
2,2,0.007717042689741978,0.28007911397206087,0.7122038433381971
0,1,0.2480219804485952,0.7315432374013828,0.02043478215002191
1,1,0.331806994210048,0.6627801655082387,0.005412840281713263
1,1,0.4275666551014388,0.5694005560161203,0.0030327888824409365
1,1,0.16609369476944605,0.8276640489322381,0.006242256298315968
0,0,0.6398473870508364,0.35691707737132267,0.003235535577840952
0,1,0.35570658487114276,0.6415908610111155,0.002702554117741695
1,1,0.18018603315055134,0.7834802907011813,0.03633367614826724
1,1,0.08693701263626498,0.8679378134489317,0.04512517391480324
1,1,0.4319222441573671,0.5615849689194327,0.006492786923200361
1,0,0.7630694887206102,0.23629289221122599,0.0006376190681638375
1,1,0.42769241538794783,0.5688310521534425,0.0034765324586095918
1,1,0.05178996771289079,0.929735013354996,0.018475018932113223
1,0,0.8119873913901513,0.18749420412219825,0.000518404487650546
0,1,0.4037172564945817,0.5944678597198693,0.001814883785549034
1,1,0.061503245662067274,0.8855511592250448,0.05294559511288791
2,2,0.00019169801341012614,0.07717377616495473,0.9226345258216351
0,0,0.5499967070281317,0.44672734259952124,0.003275950372346992
1,1,0.25162619277858916,0.7419076179143635,0.006466189307047201
0,0,0.7198479297314664,0.2793362939188849,0.0008157763496485528
0,0,0.5822156285439577,0.4167320323595577,0.0010523390964846694
1,1,0.03703716562349056,0.9376000347146287,0.025362799661880663
1,1,0.33461903608799126,0.656839912505532,0.00854105140647679
1,1,0.18987553477921798,0.8010085367175281,0.009115928503253944
1,1,0.4944091011888147,0.502674243061408,0.0029166557497772166
1,1,0.24347202296614967,0.7489301813103798,0.007597795723470495
1,1,0.1975103132628367,0.7967048705744099,0.005784816162753443
0,0,0.5501396665468368,0.44570895465067123,0.0041513788024918645
1,1,0.4075451977889167,0.5906966180595264,0.0017581841515569672
0,0,0.7025585189901693,0.2971774252541527,0.00026405575567786346
1,1,0.48105359233991246,0.5167797199734617,0.002166687686625741
0,0,0.7904308324467139,0.20899981190271882,0.0005693556505673586
1,1,0.34124321123498247,0.6533235473653773,0.005433241399640125
1,1,0.3387875988992607,0.6513918714388341,0.009820529661905244
1,1,0.09756605952421851,0.8852533387530757,0.017180601722705753
0,0,0.8459797065624133,0.1537238766119937,0.0002964168255929916
1,0,0.5144659804419021,0.4836226631730496,0.0019113563850483792
0,0,0.8178903349192581,0.1817394717500025,0.00037019333073938526
1,1,0.12977060771950277,0.8447929186562426,0.02543647362425454
2,2,0.014733978993925425,0.3722241546119148,0.6130418663941598
1,1,0.44323276791513927,0.5543119524329292,0.002455279651931498
1,1,0.2588138763234333,0.7279274647624161,0.013258658914150654
0,0,0.9035908710188874,0.09626062181646061,0.00014850716465217363
1,0,0.7005777538300588,0.29826009502999273,0.0011621511399483697
0,1,0.25895776878144633,0.7356104837275443,0.005431747491009388
0,0,0.752407392619405,0.2467965839617102,0.0007960234188847083
0,0,0.8402501740472781,0.15929960517626074,0.0004502207764612063
1,1,0.23345257015154208,0.7517721903035166,0.014775239544941327
1,1,0.19622566883413198,0.7843507538344435,0.0194235773314244
1,1,0.27929567838983693,0.7175054974801283,0.003198824130034828
0,1,0.2464778019293816,0.7473394527174582,0.0061827453531601495
1,1,0.1941503096616884,0.7898689284009563,0.015980761937355294
1,0,0.5380845834646402,0.45950641953474064,0.002408997000619204
1,0,0.6122613757316786,0.38630637605623686,0.0014322482120845844
1,1,0.38793556123520373,0.6067925302141975,0.005271908550598653
1,1,0.11665927137845596,0.8690499673064369,0.014290761315107054
0,1,0.08968015745397187,0.89003048839333,0.020289354152698058
1,1,0.042132365535612656,0.9164123517303905,0.04145528273399688
1,1,0.03310226565419013,0.8682689234690713,0.09862881087673867
1,1,0.1828328477074393,0.8005412090206634,0.016625943271897297
0,1,0.28632361461102057,0.7058715995707651,0.00780478581821433
0,1,0.387994368672637,0.6074295678121833,0.004576063515179734
1,1,0.20241928356380837,0.7778692014577651,0.019711514978426676
1,1,0.3415507974668444,0.6523187409936819,0.006130461539473674
0,1,0.28061676601635305,0.7152069013230195,0.0041763326606274334
2,2,0.017010226831563842,0.3729433355308676,0.6100464376375685
1,1,0.4527305625293165,0.5454475268360444,0.0018219106346391537
0,0,0.8329209081335194,0.16666452055084743,0.00041457131563313223
1,0,0.6713214503342119,0.3274897419996234,0.0011888076661645786
0,1,0.4236407258426122,0.5734552327356969,0.0029040414216909335
1,0,0.5387494108481228,0.4594992639960405,0.0017513251558367061
0,1,0.2195268632074897,0.7746327218576575,0.005840414934852703
2,2,0.01089554119234004,0.3561598175671372,0.6329446412405227
1,1,0.13253332281016783,0.859716075065914,0.007750602123918221
0,0,0.6649797685134005,0.33434480565766705,0.0006754258289324149
0,0,0.7293763793574273,0.2700629349281684,0.0005606857144043281
1,0,0.5815738488295523,0.4176792005710141,0.0007469505994336652
0,1,0.4324389093197388,0.5639282963751965,0.0036327943050648
2,2,0.0010820513028086895,0.15875968336101193,0.8401582653361794
1,0,0.6097202449965942,0.38017657334628535,0.010103181657120368
2,1,0.009881324045999106,0.6697542153104783,0.32036446064352264
0,0,0.5762112283824,0.4227849826851265,0.0010037889324734006
1,0,0.6960201975627504,0.30293031722602815,0.0010494852112214828
0,0,0.763716450742179,0.2351606776464741,0.0011228716113469018
2,2,4.214966758934041e-05,0.03160385067819708,0.9683539996542136
2,2,0.00024255871281720257,0.04433682900407625,0.9554206122831066
0,0,0.8329434410416406,0.16657264909129885,0.00048390986706057897
0,1,0.49508542574841324,0.4975484323572386,0.007366141894348162
1,0,0.8019695022073218,0.19711577735555666,0.0009147204371216071
1,0,0.6267009947756136,0.37298324917420816,0.0003157560501783209
0,0,0.6473624804490034,0.3515988372932297,0.0010386822577668423
1,1,0.16480503982171962,0.8269388642061769,0.008256095972103398
0,0,0.7977620964961928,0.20178023879364354,0.00045766471016373477
0,0,0.6189954901804214,0.3785080992890582,0.002496410530520315
1,1,0.1407430438959988,0.8475579897637909,0.01169896634021043
2,2,0.010689959344955815,0.32832718371469793,0.6609828569403462
0,0,0.8108713386725456,0.18858731495689715,0.0005413463705572293
2,2,0.009532119551624687,0.29420261586544527,0.69626526458293
0,0,0.7614185115926229,0.23830547667090643,0.00027601173647081505
1,0,0.543566816047908,0.45504092998287,0.001392253969222039
0,0,0.739444965660616,0.26020419595622063,0.00035083838316332617
2,2,0.029649269297393553,0.4440192702170356,0.5263314604855709
0,0,0.7233167565037019,0.2761287918912077,0.0005544516050905136
0,1,0.32708141892916576,0.6691145223420578,0.003804058728776417
2,1,0.027782830572110298,0.8835858948727937,0.08863127455509594
0,1,0.45121302496330484,0.54230888016538,0.006478094871315173
1,1,0.062075325225799116,0.8700812536090978,0.06784342116510292
1,0,0.5183400639058544,0.47871462899371175,0.0029453071004337133
1,1,0.06625745894088092,0.8619059860068767,0.0718365550522423
1,0,0.6325748746668586,0.365964221450791,0.0014609038823504476
0,0,0.6225369090942028,0.37480208048108454,0.0026610104247127004
0,0,0.7844852970393963,0.21508637390645086,0.0004283290541528205
0,0,0.7749054027881422,0.2242767586915216,0.000817838520336285
1,1,0.17929455293040236,0.8083270123125997,0.012378434756997873
0,1,0.24695399394955445,0.7454269622551104,0.007619043795335287
0,1,0.35338384199243955,0.6418435726300257,0.004772585377534623
1,1,0.10006997501188607,0.8781083537203112,0.021821671267802684
0,0,0.8663151091788268,0.1332724534780079,0.00041243734316522284
1,1,0.24610764470409383,0.7483327064197912,0.005559648876114903
0,0,0.850858677245572,0.14841003366839195,0.000731289086035972
1,1,0.3152828531852946,0.6710862886268175,0.01363085818788794
1,1,0.09362040136561067,0.8652341049858482,0.0411454936485411
1,2,0.011172645793179028,0.2762199534322841,0.7126074007745368
0,0,0.8801125870175774,0.11963920939820569,0.00024820358421698307
1,1,0.1990897498813636,0.7926803765982184,0.008229873520417999
1,1,0.3735531069887837,0.6228662371444366,0.0035806558667798114
1,1,0.10235511350185854,0.8905592642070939,0.007085622291047482
1,1,0.4743366845010112,0.519918868005462,0.005744447493526805
0,0,0.6130721571616689,0.38136608456996124,0.005561758268369785
1,1,0.21520898815948666,0.7776586857762695,0.007132326064243901
0,1,0.2939963635321478,0.6986880990919866,0.007315537375865497
1,1,0.1526273833242028,0.8422928245211965,0.005079792154600608
1,1,0.3175353027634549,0.6790107084260866,0.003453988810458538
1,1,0.20200410168135677,0.7904762086184571,0.00751968970018611
1,1,0.28249528413456193,0.7093959075067804,0.008108808358657687
1,1,0.07466713625339971,0.8386696833212557,0.08666318042534453
1,1,0.3231937594018044,0.6716164957510726,0.005189744847123159
0,0,0.5808166113965276,0.41751978601078676,0.0016636025926855301
1,0,0.5496299527278932,0.4461739202130603,0.00419612705904651
1,0,0.5126334858906982,0.48024650624183896,0.007120007867462865
0,0,0.6795306034334399,0.3193513137525983,0.001118082813961842
0,1,0.2934691864264035,0.6860743925223709,0.02045642105122562
0,1,0.48051474255353777,0.5143374740245026,0.005147783421959531
0,1,0.4804906903498575,0.5182144617589006,0.0012948478912418618
1,1,0.2460778132600777,0.7499943949969136,0.003927791743008816
0,0,0.7486055009263577,0.2503422158691879,0.0010522832044543595
1,1,0.09990290244609791,0.8881911023784981,0.011905995175403998
0,0,0.7719318852923701,0.22722375807094788,0.0008443566366820154
1,2,0.003263729081136381,0.23817224812958868,0.7585640227892748
0,0,0.6996963747671429,0.29940876687008977,0.0008948583627674018
0,0,0.9151213099434901,0.08474079747300563,0.0001378925835043924
0,0,0.6673426862708116,0.3311327349614809,0.001524578767707606
1,1,0.07176543855655924,0.873986921946236,0.054247639497204805
1,0,0.5987518036647388,0.39817869674090617,0.003069499594355027
0,0,0.7805846271197149,0.2190437547501112,0.00037161813017396757
1,1,0.45697627948289987,0.5395580185783129,0.0034657019387872526
1,0,0.694480355002749,0.30490982688784296,0.0006098181094080125
0,0,0.505315927648686,0.49336032307016536,0.001323749281148571
1,1,0.17441927189511838,0.7996489101943768,0.025931817910504876
0,0,0.6798123224958976,0.3185747808265293,0.0016128966775730922
1,1,0.14166746471333375,0.833520160011213,0.024812375275453262
0,1,0.27851918405787646,0.718467344588872,0.0030134713532516417
1,1,0.14553919465447648,0.8138286427731835,0.04063216257234012
0,0,0.8347159779224043,0.16498076655908117,0.0003032555185146282
1,1,0.43264393895012965,0.565169583160656,0.0021864778892141832
1,1,0.337897601218948,0.6543074443478453,0.007794954433206685
1,1,0.15230329896429753,0.8321448330703901,0.015551867965312315
1,0,0.519399761119288,0.4781216273971163,0.0024786114835956166
0,0,0.8194316452194386,0.18044229255117541,0.00012606222938605784
1,1,0.28820629179719154,0.7075230994897077,0.004270608713100763
1,1,0.18280668592476737,0.7969679036367623,0.02022541043847038
0,1,0.3829744965932714,0.6133313718309569,0.0036941315757718063
0,0,0.8636583556200591,0.13609653756227905,0.00024510681766190073
0,0,0.5832164245914236,0.41262527499635293,0.004158300412223417
1,1,0.30315593725516754,0.690893223113079,0.005950839631753527
0,0,0.840108865719611,0.15956467746373015,0.00032645681665880344
1,1,0.4210590479211226,0.5712902778736866,0.007650674205190908
1,0,0.7714792869718946,0.22817736034429043,0.00034335268381504035
2,2,2.9003131085998847e-05,0.029305565415272985,0.970665431453641
1,1,0.29097834819676704,0.7020536142901699,0.006968037513063025
1,1,0.049547908111258955,0.8844525988464159,0.06599949304232522
1,1,0.0885678182968225,0.890716214476944,0.020715967226233506
0,1,0.4247312654675349,0.5725149629390626,0.0027537715934025523
0,1,0.4499180248032547,0.5486197467702378,0.0014622284265074803
0,0,0.9128390275511744,0.08706123211970238,9.974032912313962e-05
1,0,0.5590594939048746,0.44016942823246435,0.0007710778626609992
1,1,0.16160794261213324,0.7880992668500949,0.050292790537771796
1,0,0.7168826863040633,0.28275414787262015,0.00036316582331666206
2,1,0.0837104686677727,0.5326681252509733,0.3836214060812541
1,0,0.5272511360764132,0.4705261700474407,0.0022226938761462076
1,1,0.16064512905244502,0.8260138589901862,0.013341011957368868
0,0,0.5262746219001068,0.471893538137729,0.001831839962164256
1,0,0.5208525434319602,0.4782069448863607,0.000940511681679228
1,1,0.4800556114516813,0.5167999707881604,0.0031444177601582424
1,1,0.2768880918856229,0.7182999653118178,0.004811942802559208
1,1,0.41879616383001167,0.5795129740088455,0.0016908621611427667
0,0,0.7286973841674573,0.27055933164040985,0.0007432841921327129
1,1,0.4024023401307816,0.5946832922051098,0.0029143676641085617
0,1,0.22492247234084697,0.7559595440888895,0.019117983570263553
1,1,0.2564033289375434,0.7401788672938148,0.003417803768641889
2,2,0.0013002594004858374,0.16964239803767872,0.8290573425618354
1,1,0.03684484007948551,0.8904974021002157,0.0726577578202987
1,1,0.017336114956574222,0.6833371076105316,0.2993267774328941
2,2,0.0018443071185728732,0.20975963166145833,0.7883960612199689
0,0,0.9094482464611288,0.0904320175457509,0.00011973599312045976
0,0,0.6713608447105185,0.3283464922758588,0.00029266301362274884
0,0,0.6610527747455524,0.33800081419164224,0.0009464110628053866
1,1,0.023125544712840857,0.9322980747689702,0.044576380518189074
1,1,0.3890830084601096,0.6092635146586056,0.0016534768812848718
1,1,0.3621708638259823,0.6151949311720017,0.022634205002015965
1,1,0.27666482591595754,0.7159741992273588,0.007360974856683635
1,1,0.29496134153251374,0.6975998314014246,0.007438827066061815
0,0,0.7936055558616679,0.2058498269970276,0.0005446171413045664
1,1,0.161665711560575,0.8303753471394055,0.007958941300019397
1,1,0.32214400258438874,0.6726512481238478,0.005204749291763307
1,0,0.6662896230008517,0.33240849382849497,0.0013018831706534868
1,1,0.0991079305844635,0.8796648415278251,0.021227227887711423
0,1,0.41980414997362275,0.5767617862702293,0.003434063756147834
0,0,0.6166790493730163,0.38209117120988867,0.0012297794170950318
1,0,0.5883529563020826,0.40993219961738414,0.0017148440805332742
0,0,0.7184623756063331,0.280278655851632,0.0012589685420349827
1,1,0.24090775340824958,0.7446842675526166,0.014407979039133883
1,0,0.7849287439892877,0.2144776938675454,0.0005935621431671082
0,0,0.5329941479055351,0.46219790841939834,0.004807943675066441
1,1,0.04150634096239868,0.9160412966636673,0.042452362373933974
0,1,0.4460814875843752,0.552046316586793,0.0018721958288317822
1,1,0.03292231467779386,0.9073616028072725,0.05971608251493357
0,0,0.6975056447762248,0.30084470805846836,0.0016496471653067758
0,0,0.8718077560446337,0.12802816814007567,0.00016407581529065426
0,0,0.6603989221889488,0.33793441766301224,0.0016666601480390113
1,1,0.19702277341304925,0.7963755399483554,0.006601686638595363
0,0,0.8178437329374341,0.1817206686080891,0.0004355984544767999
1,1,0.1656613555487009,0.8073254314883604,0.02701321296293877
1,1,0.29434049704879234,0.6984250900806943,0.007234412870513413
0,1,0.22513552621705304,0.7595045304971303,0.015359943285816635
0,0,0.6570635623271819,0.34207153237675214,0.0008649052960660168
1,1,0.09818986533518434,0.8943079136606523,0.0075022210041633276
1,1,0.06497788065956245,0.9160612403493331,0.018960878991104463
1,1,0.4959247139857341,0.4980291494171771,0.006046136597088694
1,0,0.6079667561930978,0.3901467057200718,0.001886538086830467
1,1,0.3267373665444002,0.6639100690598538,0.009352564395745885
0,0,0.824657770199084,0.17490735676834526,0.0004348730325708771
0,1,0.13485942110738242,0.8534012285850168,0.011739350307600843
1,0,0.519692176318204,0.4784365800406303,0.0018712436411656205
1,1,0.15388171710888804,0.8009490310362728,0.04516925185483927
0,1,0.38480514176427233,0.6117487028232668,0.0034461554124608487
0,0,0.5002768997442198,0.4979936580123523,0.0017294422434278162
0,0,0.4985415726826685,0.4982565389641384,0.0032018883531929557
1,1,0.03388743267441055,0.894088293335475,0.07202427399011455
1,0,0.684652128564797,0.314718741725137,0.0006291297100662042
0,1,0.20647163442827995,0.7864490110172598,0.007079354554460267
0,0,0.7835283791622368,0.21521804926789265,0.0012535715698705823
2,2,0.007809989630304923,0.2197460663364331,0.772443944033262
0,0,0.8767368882039255,0.12311557873581219,0.00014753306026243175
1,0,0.5484941422382602,0.4506075249364922,0.0008983328252476669
0,1,0.47561405045446936,0.5214242719144101,0.002961677631120557
1,1,0.12638793627103603,0.8579682192390689,0.015643844489895198
1,1,0.23869762819836374,0.752826370995841,0.008476000805795202
0,0,0.5479342743130498,0.4499735944517658,0.0020921312351845195
1,0,0.7538548799877419,0.24508743690650403,0.0010576831057541034
0,1,0.47629840526518163,0.5211900079929705,0.0025115867418478337
0,0,0.7438109227444195,0.25597809213218403,0.0002109851233964911
0,0,0.6945325021559073,0.304782261644075,0.0006852362000176192
1,1,0.2600576288123879,0.7339022493107117,0.006040121876900312
1,0,0.6609309950350456,0.337799408298778,0.0012695966661764872
0,1,0.4123087235710647,0.5845140324250698,0.00317724400386546
1,1,0.40091415910392864,0.5955745301673643,0.0035113107287069903
2,2,7.938940958075765e-05,0.04919082169094694,0.9507297888994724
1,1,0.29288166076351785,0.7024680346158525,0.004650304620629603
0,0,0.6855029927400003,0.31375053546218185,0.0007464717978180152
1,1,0.10672186385867279,0.8784405985064585,0.014837537634868718
0,0,0.8353622073704827,0.1645040362497339,0.00013375637978334603
0,0,0.5304951832120425,0.46731253653437094,0.0021922802535865055
1,1,0.015836829826387108,0.8807209819758456,0.10344218819776708
0,0,0.6795656613199615,0.3189465242032427,0.001487814476795714
1,1,0.30751560400009903,0.6888390301943448,0.0036453658055562296
1,1,0.1816523128007229,0.8063722128384404,0.011975474360836815
0,0,0.8024938892636463,0.19714925200554212,0.0003568587308116982
0,0,0.6023752201133886,0.3964879663571382,0.0011368135294733195
1,1,0.163302527142259,0.8316420917326292,0.005055381125111906
2,2,0.003707012274130206,0.2935152075909558,0.702777780134914
1,1,0.2779480242505869,0.7154711219192709,0.006580853830142139
1,1,0.3169153335744951,0.6771782424105068,0.005906424014997964
1,1,0.15196640508333112,0.8420698688247211,0.005963726091947829
0,0,0.7514971409982534,0.24749098265120706,0.001011876350539553
1,1,0.21143659706709161,0.7736950018887618,0.014868401044146622
1,0,0.6711429334205512,0.32809467829332006,0.0007623882861288239
1,1,0.17923687850397818,0.8108704725071975,0.00989264898882436
0,0,0.8628983983423,0.13686053493903527,0.00024106671866466783
0,0,0.7422630076931818,0.2571850109895851,0.000551981317233134
1,1,0.24534295268345938,0.7392578557661945,0.015399191550346105
0,0,0.8320592264037205,0.16726654423930123,0.000674229356978249
1,1,0.19636806057008482,0.7986302988629201,0.005001640566995105
0,0,0.5788441187744394,0.419236924838436,0.0019189563871245146
1,0,0.5393810175892075,0.4591650148537728,0.0014539675570196954
2,2,0.01623288137779767,0.360454842563154,0.6233122760590484
0,0,0.8885824230858209,0.11132076145918723,9.681545499182101e-05
0,0,0.5565685445078159,0.440969862905782,0.0024615925864021476
1,1,0.12757594496694913,0.8512025554243063,0.02122149960874457
1,1,0.08339853081903932,0.8617803837658325,0.05482108541512813
1,1,0.37290465488199737,0.6254568172288243,0.0016385278891784053
1,1,0.3277531127667662,0.6598074216741683,0.012439465559065539
1,1,0.30524143503780893,0.6901057266492359,0.004652838312955091
0,1,0.4829504273663621,0.5150146339719438,0.0020349386616940455
0,0,0.7962513228545984,0.2033773146497022,0.00037136249569929143
0,1,0.477215124354129,0.5201646197251102,0.0026202559207608596
1,1,0.03950679611353185,0.923700232737708,0.036792971148760165
0,0,0.9415905025794133,0.05835797080870911,5.152661187762083e-05
1,1,0.2491404792039069,0.7458197464618029,0.0050397743342901705
0,0,0.8436599867217552,0.15599856745449783,0.000341445823746862
0,0,0.9014788397539131,0.09793870615495005,0.0005824540911369427
1,1,0.03150152110033146,0.9102913846486353,0.05820709425103308
1,1,0.24906187978422936,0.7389169706039628,0.012021149611807825
2,2,0.007680357956701408,0.25505097252279085,0.7372686695205077
1,1,0.1205888200336855,0.8709799298973808,0.0084312500689337
0,0,0.8203532394281353,0.179109285628934,0.0005374749429306107
1,1,0.15993305386303852,0.8271024451357846,0.012964501001176873
0,1,0.3692877015067278,0.6254817227063613,0.005230575786910981
1,1,0.25368707094327664,0.7410925056892682,0.005220423367455164
1,0,0.7337999841630239,0.26583034754153867,0.00036966829543728577
0,0,0.5514761792596509,0.4468646706040167,0.0016591501363324831
1,0,0.5581199615081991,0.43840387763697786,0.0034761608548231036
1,1,0.4681611116542412,0.5297589477340368,0.0020799406117220733
1,1,0.45176512001263314,0.5442689565137847,0.003965923473581985
1,1,0.3160859809462047,0.6793690782544186,0.004544940799376725
0,1,0.30328376227513487,0.6912084240540537,0.005507813670811407
0,0,0.67830553492197,0.3196114105025433,0.0020830545754866544
0,0,0.515555630326527,0.4801369789672574,0.004307390706215732
1,0,0.6168366323647948,0.38145154732490044,0.0017118203103048079
1,1,0.22654110536569017,0.76478402789172,0.008674866742589861
1,1,0.49892632241326207,0.49895502565964456,0.002118651927093295
0,1,0.3487482991607267,0.6446617306432068,0.006589970196066507
0,0,0.7655262534975473,0.23385471310196,0.0006190334004926169
0,0,0.6353434744481374,0.3634756234689437,0.001180902082918814
0,0,0.6973793292317021,0.3021187477889575,0.0005019229793404434
0,0,0.8448592474319225,0.1546106652319628,0.0005300873361148078
1,1,0.10690246126894844,0.8869980081832615,0.00609953054779005
0,0,0.666243210603839,0.3330735957439613,0.0006831936521997661
1,0,0.5481180601062808,0.4502846029173026,0.0015973369764164388
1,0,0.7646065392583016,0.23431048203408691,0.001082978707611509
1,1,0.43725786590992405,0.5612692404638336,0.0014728936262423265
1,1,0.14520895883659382,0.8376962520705634,0.017094789092842913
1,1,0.08093865474139789,0.8732611037723681,0.045800241486234024
2,2,0.012837011833147078,0.35273749766619017,0.6344254905006628
1,1,0.09610524785445788,0.8844227950572998,0.01947195708824231
1,1,0.32841995090185294,0.6653625417592052,0.006217507338941792
0,1,0.1973393225973687,0.7976788550100132,0.004981822392618158
1,1,0.0804146677267083,0.8514961885273843,0.06808914374590727
1,0,0.8325877685644693,0.1671253373637534,0.00028689407177751703
0,1,0.45789762047548693,0.540438785560339,0.0016635939641741113
0,0,0.8607209791993687,0.1390422443642056,0.00023677643642556725
1,1,0.4029198166718058,0.593319121087773,0.0037610622404212705
1,0,0.6570358412702139,0.3422243625259731,0.0007397962038130323
2,1,0.07236189654738864,0.6692050164403031,0.25843308701230827
0,0,0.6119490104131088,0.38535582143253816,0.002695168154353187
0,0,0.5046808576500872,0.4895206306595792,0.005798511690333663
1,0,0.5424054755621069,0.4570711620757772,0.0005233623621158654
1,1,0.09381254403214888,0.8915053257398619,0.014682130227989353
1,1,0.26521048005685344,0.7228951105544125,0.01189440938873395
0,0,0.9634850516729371,0.03642262911190183,9.231921516118304e-05
0,0,0.5931490251605469,0.4060205085536512,0.0008304662858018369
1,0,0.5749881655299162,0.4235510587092339,0.0014607757608499717
0,0,0.5490897579210111,0.44668174930630666,0.0042284927726822345
1,1,0.2052871630227291,0.7882450331592942,0.006467803817976783
1,0,0.5418013127548601,0.4550826100591652,0.0031160771859746724
1,1,0.31591221821113946,0.6771432157407692,0.006944566048091274
1,1,0.19867287669181805,0.7820674720830132,0.019259651225168786
1,1,0.18148272601343082,0.8027462072157052,0.015771066770863908
0,0,0.6393479672179483,0.3598792645175198,0.0007727682645320188
0,0,0.7742455541446563,0.22539676239674908,0.00035768345859451086
0,0,0.726337351876528,0.2726313098222,0.0010313383012720886
0,0,0.5697990258781145,0.428491578306201,0.0017093958156845625
0,0,0.6999499261861128,0.2990740045267667,0.000976069287120416
1,1,0.17041152747935157,0.8252904037465636,0.004298068774084881
0,0,0.6999099662572743,0.29892202146984953,0.0011680122728760514
1,0,0.6895681399325411,0.30906446101085217,0.0013673990566067135
0,0,0.6007057242307194,0.39680210993395015,0.0024921658353305076
1,1,0.33564467590200736,0.6585423995601082,0.00581292453788446
1,1,0.16189101530126881,0.8320358143647721,0.006073170333959049
0,0,0.566570858791563,0.4315896999070361,0.0018394413014008282
1,1,0.08391723867906424,0.8952113083216128,0.020871452999322904
1,1,0.4180605757779303,0.5782362010902611,0.0037032231318087066
1,1,0.027654187306678187,0.8851591401913774,0.08718667250194433
1,0,0.6495494898004576,0.34715315971464217,0.0032973504849004155
0,1,0.4649872272158156,0.5302062595899837,0.0048065131942008005
1,1,0.23695092803741916,0.7563440102277972,0.006705061734783665
1,0,0.7739707925747497,0.2253956512898367,0.0006335561354135998
1,1,0.14674491651572844,0.846326556976136,0.006928526508135536
0,0,0.8534611260861291,0.14615123484967885,0.00038763906419196794
2,2,0.004587561623885148,0.2339297641403888,0.7614826742357261
2,2,0.0005563433950541217,0.13399635140772626,0.8654473051972196
0,0,0.6627296364520141,0.33659425567251433,0.0006761078754715712
1,0,0.7748961464315243,0.22446661591774947,0.0006372376507262769
1,0,0.5030740001250578,0.4878027750608421,0.009123224814100163
1,1,0.2506898275977114,0.7409593054348186,0.008350866967470056
1,1,0.37537580175424295,0.617846511988775,0.006777686256981849
1,1,0.20583394142566266,0.7884023988353146,0.00576365973902269
2,2,0.00023445756528815137,0.050703971389340796,0.9490615710453711
0,0,0.5206522150193658,0.4747577829997589,0.004590001980875425
0,0,0.6770015859495665,0.3222438201538763,0.0007545938965572833
0,0,0.802307621286606,0.19727712544689807,0.00041525326649592383
1,1,0.08109544727581196,0.9045754849933837,0.014329067730804406
1,1,0.024118112704888846,0.8947194750341183,0.08116241226099284
0,1,0.33005698770166714,0.667412207043112,0.0025308052552207977
1,1,0.22200436130312184,0.7696599922034753,0.00833564649340282
0,0,0.7516834242214558,0.24761800723175154,0.0006985685467924907
1,0,0.5855851425099304,0.41313904279149194,0.0012758146985774937
1,1,0.019780428542390864,0.9093285898652941,0.07089098159231498
1,1,0.2041773703394698,0.7903094082113751,0.005513221449155033
0,0,0.7580635027358071,0.2414280594419398,0.0005084378222529851
0,0,0.783730118096236,0.21599127415763994,0.00027860774612408455
1,1,0.24893013641451234,0.7428856436926788,0.00818421989280875
0,1,0.39951401351501464,0.5937898574319467,0.0066961290530387
0,1,0.2241428867470634,0.769529480155874,0.006327633097062595
1,1,0.12169245798192557,0.860136785769211,0.018170756248863294
1,1,0.05075021390458004,0.9262710520529929,0.02297873404242714
1,0,0.5460009228182092,0.4491614066041627,0.004837670577628043
0,1,0.364922818237767,0.6331642622047793,0.0019129195574537881
1,1,0.17327982444521314,0.8012312693704063,0.025488906184380506
0,1,0.2998338085868104,0.6938933793919103,0.006272812021279423
0,0,0.9044273400478114,0.09538198916833937,0.00019067078384924348
0,0,0.5453719559377386,0.45325748969958257,0.001370554362678854
1,0,0.5087542767442925,0.4895641213716316,0.0016816018840759878
0,0,0.8099377232518957,0.18936269325836508,0.0006995834897392655
1,0,0.661952602448311,0.3370692096374766,0.0009781879142123516
1,1,0.3586094521630798,0.6344077500468169,0.006982797790103278
1,0,0.7018240015050273,0.2975096670394376,0.0006663314555351465
1,1,0.20528445675111326,0.5766572847471343,0.21805825850175245
1,1,0.05099965493074686,0.8944691182781301,0.05453122679112307
0,0,0.8950459037194217,0.10471078099754393,0.0002433152830342127
1,1,0.28059562631581547,0.713652051646864,0.005752322037320565
1,1,0.1125233461664663,0.8612485279801438,0.02622812585338993
0,1,0.33214615987627066,0.6622063424769498,0.005647497646779604
1,1,0.1108053648880993,0.8701382703110748,0.01905636480082592
0,1,0.11112358233010577,0.8762666992364854,0.01260971843340887
1,1,0.02443746501209447,0.9441493832032394,0.031413151784666055
1,1,0.13522362759392484,0.8068068062340014,0.057969566172073855
1,1,0.03386690503716525,0.8905165821864018,0.07561651277643289
2,1,0.021116628997576024,0.8571847296378002,0.12169864136462366
0,1,0.41422313157288426,0.5810147258116576,0.004762142615458078
1,0,0.545755183314239,0.4525537586607713,0.001691058024989676
1,1,0.28154829037074836,0.7136142560185359,0.00483745361071573
0,0,0.5365221367237746,0.45804621006162843,0.00543165321459702
1,0,0.7481758410330903,0.2511981680826614,0.0006259908842482008
1,1,0.4262099543516678,0.5672202754488258,0.006569770199506404
1,0,0.570876151269374,0.4271398123232424,0.0019840364073837034
1,1,0.11092556478665065,0.8670055044317231,0.022068930781626337
1,1,0.06816808890113514,0.8454426310106506,0.08638928008821424
1,1,0.21675854545985532,0.7780746381667871,0.005166816373357705
0,0,0.7382735732460016,0.26139538590993977,0.0003310408440585261
0,0,0.7006234801796662,0.29809557067842307,0.001280949141910648
1,0,0.5939236809969688,0.405385308112702,0.0006910108903292701
1,0,0.6383830334571566,0.36100161425556143,0.0006153522872818158
1,1,0.1172024238533821,0.8649563747195916,0.017841201427026276
0,0,0.5057575989288725,0.49273610229021536,0.0015062987809120792
0,0,0.7858890466880587,0.213606811577377,0.0005041417345644104
1,1,0.0697009196695011,0.911887755802082,0.018411324528416716
1,1,0.18306036064740994,0.8054134955011106,0.011526143851479403
0,1,0.37425465187900236,0.619826069262213,0.005919278858784569
1,1,0.18880864524428242,0.8011072855513257,0.010084069204392044
1,0,0.7262601387852298,0.27288680177445046,0.0008530594403199083
1,0,0.5328197625177501,0.4649511570094171,0.002229080472832736
0,0,0.707250029135637,0.2908085557982826,0.001941415066080509
1,1,0.27776758043299404,0.7172927620282633,0.0049396575387426565
1,1,0.27651269630681746,0.7183076796136051,0.005179624079577337
0,0,0.8045114960061315,0.1949406648622094,0.0005478391316590655
0,0,0.7156196070850355,0.28404165046762064,0.00033874244734380756
1,1,0.1542198458938413,0.8332623854121529,0.012517768694005846
1,1,0.21460458755271328,0.7795439702976438,0.0058514421496427774
1,1,0.12317463045172143,0.8629589882443851,0.013866381303893388
1,1,0.061491180169528446,0.9045195781527411,0.033989241677730465
0,0,0.7783623523440425,0.2210381213914056,0.0005995262645518319
1,0,0.8190882946261319,0.18015866761600757,0.0007530377578604538
1,0,0.5543403487473746,0.443990792278861,0.0016688589737643836
0,0,0.8374911724738926,0.16194500200245318,0.0005638255236542297
1,1,0.02054918764205723,0.8754638842114821,0.10398692814646068
1,1,0.11683316478265347,0.8681743430871796,0.014992492130167016
1,1,0.26545231046555545,0.7199956240988423,0.014552065435602281
1,1,0.048033219963955244,0.9266824586707078,0.025284321365337058
1,1,0.1772640989246632,0.7998196990200739,0.022916202055262763
1,1,0.13086192082838588,0.8495408576845893,0.01959722148702488
0,0,0.9184658848099475,0.08135909125000912,0.00017502394004346048
1,0,0.5348950945947577,0.46306870398318656,0.002036201422055767
1,1,0.41582587216630407,0.5790490096697167,0.005125118163979088
1,1,0.145836709206891,0.8438599115426377,0.010303379250471267
1,1,0.4043879469770517,0.5934219183811211,0.0021901346418271295
2,1,0.0160051062851741,0.7982886859013104,0.18570620781351552
1,1,0.36596880135809684,0.6295750460198641,0.004456152622039052
1,1,0.36291149584187055,0.6336791129956031,0.003409391162526221
0,0,0.7365660909562731,0.26289169759427816,0.0005422114494487157
1,1,0.43660740758590805,0.5600128961431602,0.003379696270931756
0,0,0.5352197908976093,0.46213296614137245,0.002647242961018206
1,1,0.13944561174890316,0.8181381881012635,0.042416200149833466
0,1,0.1866661455748067,0.8018232344212095,0.011510620003983668
2,2,0.002394473381640258,0.17763363705327764,0.819971889565082
1,1,0.10344307823634366,0.8718978542522627,0.024659067511393573
1,0,0.6471287031523428,0.351005483108154,0.0018658137395031595
0,0,0.801490005970861,0.19777408820197753,0.0007359058271614005
0,0,0.5778338940401602,0.4207981984325275,0.0013679075273122171
1,1,0.4378469686347468,0.5556675576736186,0.00648547369163453
2,2,0.0005074986679788136,0.03893816912520118,0.9605543322068201
1,1,0.17786221499236685,0.8043115212639546,0.017826263743678676
1,1,0.44438510185508734,0.5514261349882473,0.004188763156665497
0,0,0.6869497463367619,0.31040665069058326,0.0026436029726549467
1,1,0.47460166556912126,0.5232407488205661,0.002157585610312565
0,0,0.5371057159688651,0.46170554553618826,0.001188738494946502
2,2,0.010881412734955817,0.3393314196504597,0.6497871676145843
0,1,0.3373798455168969,0.6566079134461951,0.006012241036907984
0,0,0.9331110360996692,0.06677395823214667,0.00011500566818415014
1,1,0.04865785450464583,0.921517820028896,0.029824325466458173
1,1,0.07230096991009297,0.8993276247525979,0.02837140533730926
0,1,0.26984541939717915,0.7132526168149352,0.016901963787885582
0,0,0.5762916315670231,0.42234546090609887,0.00136290752687805
1,0,0.6985886949283602,0.30083017883301727,0.0005811262386225001
2,2,0.00027926759290395253,0.03872379202767388,0.9609969403794221
0,0,0.5594521456180893,0.4390243557579588,0.0015234986239518428
2,2,0.0016517108295887675,0.16580685881679844,0.8325414303536127
0,0,0.6115806204771623,0.38676605799584574,0.0016533215269920198
2,2,0.00012939202143042472,0.011543567988480184,0.9883270399900893
1,1,0.11119932604183831,0.878647437771193,0.010153236186968636
1,1,0.2925339891838775,0.6974292921023754,0.010036718713747174
1,1,0.13895378903478334,0.8527410129294805,0.008305198035736186
0,1,0.47631734931033176,0.5197031499532101,0.0039795007364581
0,0,0.5330507920811824,0.4655527848498281,0.0013964230689893376
1,1,0.1980379924296937,0.7921193736952552,0.009842633875051058
1,0,0.7300775751162679,0.2695884047755893,0.00033402010814286324
0,0,0.8888936596767206,0.11093721356925677,0.0001691267540225198
0,0,0.5094575891115082,0.4887436479117289,0.0017987629767630224
1,1,0.14848573876616455,0.8279730851977485,0.02354117603608693
1,1,0.13571405269411965,0.8423100249954362,0.02197592231044412
1,0,0.7485866040747176,0.25057576041384566,0.000837635511436685
1,1,0.3371183229648864,0.6595321948747083,0.003349482160405265
1,0,0.6281346758347683,0.37113677218364555,0.000728551981585971
1,1,0.07361336145390482,0.8606369347867863,0.0657497037593089
1,1,0.02521533645232074,0.7307584813286415,0.24402618221903777
1,0,0.6431124866353992,0.3559709991861654,0.0009165141784354242
1,1,0.21247696893037177,0.7642799751165161,0.023243055953112067
1,1,0.08364923736762132,0.8419119120586779,0.07443885057370067
1,1,0.20449692286819318,0.7785515935544253,0.016951483577381517
1,1,0.22019348351255083,0.7714781568134903,0.008328359673958879
0,0,0.6045863163015655,0.3923187193022299,0.003094964396204714
1,0,0.50522690809012,0.49342989213054606,0.001343199779333872
1,1,0.4130429500030588,0.5845560503815965,0.002400999615344603
1,1,0.05044713418930737,0.903847215020735,0.04570565078995773
1,1,0.47234256692668375,0.5251431901333599,0.002514242939956385
0,1,0.4285644313953717,0.5695102203240036,0.0019253482806248568
1,1,0.20027800016401137,0.7924804697989993,0.007241530036989261
1,0,0.5651115560728289,0.4327338562358497,0.0021545876913214718
0,0,0.895959275464358,0.10375281367760487,0.0002879108580370156
1,0,0.6272921057200628,0.3720671712600044,0.0006407230199327377
0,0,0.730423437861862,0.2693181148392591,0.0002584472988787822
0,1,0.3108053961599069,0.6833218095174659,0.005872794322627215
0,0,0.5378849093087705,0.45708589214432793,0.0050291985469015695
1,1,0.1751267044669122,0.8190278950120383,0.005845400521049593
0,0,0.8885001763495132,0.11129372803368615,0.00020609561680065168
0,0,0.6147204551049982,0.3842250791116742,0.0010544657833276197
2,2,0.00031655716900437503,0.08465682910599337,0.9150266137250023
1,1,0.08084318970596877,0.8930204394484267,0.026136370845604537
0,0,0.8858124198206782,0.11404608869358984,0.00014149148573190052
1,1,0.3504812951959732,0.647682156494744,0.001836548309282899
0,0,0.8658822405925156,0.13377465087765023,0.00034310852983430746
1,1,0.2575016422164534,0.7133662262762198,0.029132131507326724
0,0,0.8248208792973423,0.1747883380050528,0.0003907826976049669
1,0,0.7077640471205189,0.29132320070318124,0.0009127521762997986
0,0,0.8228107381767595,0.17666834272677143,0.000520919096468963
2,2,0.008523714490337817,0.30494539177206614,0.686530893737596
1,1,0.3370124633142622,0.6491805535550882,0.013806983130649595
0,1,0.41773983127309994,0.5765833452902587,0.0056768234366413855
1,0,0.7888185016948589,0.21081806489278304,0.000363433412358099
1,1,0.040051059590316025,0.8632839787164965,0.09666496169318742
1,1,0.42696242046387595,0.5717672549439136,0.0012703245922103918
1,1,0.23268154779801378,0.760899642149261,0.006418810052725227
0,0,0.7018890845289284,0.2969580543665057,0.0011528611045658309
0,0,0.9294451305762724,0.07046319477823913,9.16746454884967e-05
1,1,0.06312339724857248,0.9176040389968024,0.019272563754625008
1,0,0.7283356346094743,0.27115967493727794,0.0005046904532477648
0,1,0.3650612406360134,0.6309157081567243,0.004023051207262289
0,1,0.4197206708758454,0.57712864188317,0.003150687240984467
1,1,0.418281861598521,0.5792511749117367,0.0024669634897422584
2,1,0.05501677218668313,0.5569713114731376,0.3880119163401793
1,0,0.5987163982856896,0.39983817490345125,0.0014454268108592078
0,0,0.7870820613368704,0.21204153377235974,0.0008764048907698312
0,0,0.9227723348293293,0.07703203197392708,0.0001956331967435417
1,1,0.31435456749953405,0.6810640248013708,0.004581407699095053
2,2,0.0005036796110621282,0.08440867656956212,0.9150876438193757
1,1,0.46733610184039587,0.5283971047587528,0.004266793400851356
1,1,0.4291148926171991,0.5633923756662239,0.007492731716577029
1,1,0.46865938158320314,0.5286074617307711,0.0027331566860258096
0,1,0.47707548901665886,0.5161116363118453,0.006812874671495787
1,1,0.08109078129788425,0.8656077635197076,0.05330145518240807
1,1,0.24903398632594773,0.7455030424199642,0.005462971254088115
1,1,0.036368536719038204,0.936983251157819,0.026648212123142754
0,0,0.724116733359143,0.2754141453035407,0.00046912133731653616
0,0,0.7965250390861716,0.20269150212758139,0.0007834587862471229
0,1,0.2810486589505928,0.7094466741044322,0.009504666944975107
1,1,0.3621430069912215,0.629761113358608,0.008095879650170695
1,1,0.25686452053850173,0.7273830756137073,0.01575240384779099
0,0,0.5082622492901716,0.4868070232190491,0.0049307274907793
1,1,0.05390997856010309,0.9034575202638646,0.04263250117603243
2,2,0.00042968744330161096,0.08321911159620211,0.9163512009604964
0,0,0.5286351376198893,0.4705102762886816,0.0008545860914291207
1,1,0.25446466046221794,0.7375270328431806,0.008008306694601366
0,0,0.8198605019613731,0.17985502410368157,0.0002844739349453321
2,2,0.0004175301266806171,0.1531317351289617,0.8464507347443576
0,1,0.4942261018553779,0.5014000473823356,0.004373850762286544
1,0,0.6470817020839589,0.34991953895306055,0.002998758962980627
0,1,0.4198032930395985,0.5771692903191822,0.003027416641219401
1,1,0.02795806894461255,0.910441839382849,0.06160009167253839
1,1,0.432759263609739,0.5614291355614691,0.0058116008287919865
0,1,0.4669299807271592,0.5283843736374699,0.004685645635370914
0,0,0.8180159838788379,0.1816997956552428,0.00028422046591946454
0,0,0.704506949757411,0.2945856436868059,0.0009074065557831113
0,0,0.86601170710141,0.13373560045455557,0.0002526924440343597
1,1,0.45087545698951775,0.5479376650661038,0.0011868779443784396
1,0,0.5604489552694064,0.4381975745528024,0.0013534701777911278
0,0,0.8050593978181501,0.19447402095949884,0.00046658122235104934
1,1,0.13444561790606982,0.8341450176754207,0.03140936441850951
1,1,0.1464455699405008,0.8459660486138715,0.007588381445627765
1,0,0.5862942777414224,0.4115088565169391,0.0021968657416384586
0,0,0.863839686129058,0.1360279648833666,0.0001323489875753625
0,0,0.708782530003286,0.29042496762739994,0.000792502369314108
0,0,0.6521059629268064,0.3475982762872279,0.00029576078596557783
0,0,0.6171314136364798,0.38210210988977444,0.0007664764737456305
1,1,0.04595355066282528,0.9068894154175945,0.047157033919580066
1,0,0.6830923215107411,0.31572223958556184,0.0011854389036971612
1,0,0.6987760961148227,0.3000247967718163,0.001199107113361073
1,1,0.24730613151061398,0.7464435617552999,0.006250306734085953
0,0,0.9100557779672624,0.0897680941433048,0.00017612788943266466
1,0,0.5854699815766274,0.41211605893036557,0.002413959493006851
1,1,0.0763752849590899,0.9022504751084461,0.021374239932463925
1,1,0.02691939341356226,0.8810130150190822,0.09206759156735543
0,0,0.7514548146989104,0.24765141300142754,0.0008937722996620826
0,0,0.8381639926876365,0.16153345282621714,0.000302554486146282
0,0,0.5562488279335726,0.44256686181375715,0.0011843102526701977
0,0,0.8424762700078217,0.15724803270447144,0.0002756972877069583
1,1,0.21645382102762212,0.7710716194681111,0.012474559504266883
0,0,0.5654802394598966,0.4328269415511581,0.0016928189889452653
1,1,0.09290157425764954,0.8917437696564197,0.015354656085930653
1,1,0.4648224643225647,0.5319904423548676,0.003187093322567722
1,1,0.10094364230667895,0.8695046874236786,0.029551670269642442
1,1,0.42258291952546645,0.5734123223489512,0.004004758125582333
1,1,0.2391036457711608,0.7526222434470996,0.008274110781739556
1,0,0.5913659267548047,0.406439251874771,0.0021948213704242416
1,2,0.0034705986648506915,0.3103839689439126,0.6861454323912367
0,1,0.23150506678539626,0.7584987080667989,0.009996225147804821
1,0,0.7899680233745402,0.20967950860561926,0.00035246801984063195
1,1,0.02932062195172657,0.9151195843763016,0.05555979367197185
0,0,0.788171437136944,0.21162596618299598,0.00020259668005999213
1,1,0.29353005002057503,0.689619474734907,0.01685047524451795
0,0,0.6975248634958927,0.3010328204345908,0.0014423160695164602
1,1,0.09181258725514298,0.8665974663219266,0.04158994642293032
0,0,0.7456010488909552,0.2529615582607,0.0014373928483447603
1,0,0.5827778952122931,0.41551253137809857,0.0017095734096083254
1,1,0.20783405165930527,0.7860380163491504,0.006127931991544419
1,0,0.5618478646882831,0.43663090768138013,0.0015212276303368142
1,1,0.13307794281769023,0.8526616693283197,0.014260387853990093
0,0,0.6401371885920804,0.3583948320382504,0.001467979369669292
1,1,0.19043522361285806,0.7821070837599025,0.027457692627239495
1,0,0.5792725177305149,0.41865278998552385,0.002074692283961238
0,1,0.40770405961557366,0.589845541370583,0.0024503990138434496
1,1,0.35728296981757607,0.6382188886014937,0.0044981415809302325
2,1,0.016476698814592797,0.843314080556024,0.14020922062938337
0,0,0.793573662565559,0.20577720302925195,0.0006491344051891575
0,0,0.7842153477046834,0.21562329371573266,0.00016135857958385116
1,1,0.024667824475837877,0.9152307603653493,0.060101415158812725
0,1,0.25692698729504954,0.72584510299755,0.01722790970740053
0,0,0.9613074427561423,0.03867673927764186,1.581796621587401e-05
0,1,0.40201002431012584,0.5946355020592831,0.0033544736305911767
0,0,0.5155847502911693,0.48042158002547725,0.00399366968335333
1,0,0.6177955956968879,0.3815500492327313,0.0006543550703808466
0,0,0.9088237957923313,0.0910307397081447,0.00014546449952397773
1,1,0.30695404398042203,0.6878045372788296,0.0052414187407482165
1,1,0.07735853773603533,0.885832872994464,0.03680858926950058
1,1,0.20090321623840057,0.7940702320797002,0.005026551681899242
1,1,0.0630340622884582,0.9192013974006252,0.017764540310916576
1,1,0.2684328394221761,0.7214452024407381,0.010121958137085791
1,1,0.17180654050082522,0.8196430429707258,0.008550416528448915
0,1,0.4215227756959304,0.56919603215749,0.00928119214657954
0,0,0.5963343568666938,0.4016002166118847,0.002065426521421491
0,0,0.6906946190094866,0.3088811316496509,0.0004242493408625112
0,0,0.790405766064378,0.2083042406488033,0.0012899932868189149
2,2,0.0008971928806557384,0.1561084129004068,0.8429943942189374
0,0,0.6278541644762412,0.370780382481894,0.0013654530418649277
0,0,0.8317903290622679,0.16770468152041546,0.00050498941731651
2,2,0.0055644899881355184,0.2282688607169086,0.7661666492949558
0,0,0.7229780953055116,0.2766472418991552,0.0003746627953332278
0,0,0.8978755128622778,0.1020380953742906,8.639176343161421e-05
0,1,0.07113910952081647,0.914378972459268,0.014481918019915321
0,0,0.8422106256496356,0.15742812623842645,0.00036124811193799164
1,1,0.2355337822747057,0.7587892445391591,0.005676973186135278
0,1,0.4135228694568842,0.5822488962995513,0.004228234243564321
1,1,0.07616190363192055,0.8529658175088887,0.07087227885919083
1,0,0.7513339928073918,0.24789545010090586,0.0007705570917023667
1,1,0.3865872970077196,0.6092304226302061,0.004182280362074289
0,0,0.70293847692006,0.2965478001240856,0.0005137229558543459
0,0,0.8644218634884245,0.13524862935769097,0.0003295071538844884
1,1,0.2365216176644873,0.7566736719212687,0.006804710414244207
1,1,0.06674541614430873,0.8900957274175503,0.04315885643814088
1,1,0.35816300809196183,0.6362545991364005,0.005582392771637702
2,2,0.009335628234414462,0.29996245893924023,0.6907019128263452
1,1,0.16406241340870203,0.8308732672997817,0.00506431929151617
0,0,0.7248132175639526,0.2736652090415786,0.001521573394468842
0,0,0.8240910912905667,0.17551627598299663,0.00039263272643683285
0,1,0.4550685870983761,0.5407352393395596,0.004196173562064198
1,1,0.03323963590772447,0.8759333308571146,0.09082703323516089
0,1,0.3112325040208962,0.6829571268733949,0.0058103691057089365
0,0,0.5026617353803947,0.4918386892023486,0.005499575417256659
1,1,0.10838629052085194,0.8792204266813174,0.012393282797830767
0,0,0.8568638485727176,0.14297891563742485,0.00015723578985752545
1,1,0.19095749933670508,0.8064925055562523,0.0025499951070425187
0,0,0.7830932803100121,0.21613092862527034,0.0007757910647174306
1,1,0.02686813384076854,0.8226558622166444,0.15047600394258692
1,1,0.04404587073573449,0.9300684647952637,0.025885664469001812
2,2,0.00011163181117565117,0.05908308989875112,0.9408052782900733
0,0,0.861169937093504,0.13846452976437248,0.0003655331421234435
0,0,0.8303115294470149,0.16931490616900494,0.00037356438398001245
1,1,0.13061074341288742,0.8440934034434271,0.02529585314368542
1,1,0.13640451674262982,0.8443590754496155,0.01923640780775471
0,1,0.38720984170204853,0.6066548320140572,0.006135326283894305
0,0,0.6831580095853123,0.31599625944633786,0.0008457309683499399
2,2,9.08935359347782e-05,0.05069023251397934,0.949218873950086
2,2,0.0001973930238419989,0.05691061271690547,0.9428919942592525
1,1,0.026561345679769796,0.9103160587323397,0.06312259558789048
2,2,0.0010179599794766351,0.17369626573361466,0.8252857742869087
0,0,0.5729902320158524,0.4246087872061097,0.0024009807780378456
0,1,0.40994160840205995,0.5825873201497289,0.007471071448211014
1,1,0.43044616947853515,0.5622189050541085,0.007334925467356489
0,0,0.7252362390220598,0.27404302784706247,0.0007207331308777719
1,1,0.09677321519812206,0.8931049860561457,0.010121798745732128
0,0,0.5624612713249459,0.435860089437935,0.0016786392371189586
1,1,0.2020967566525364,0.7837389856929895,0.014164257654474084
1,0,0.7072585528713898,0.29227742931843487,0.0004640178101753383
1,1,0.30960153600603835,0.6822870264261155,0.008111437567846274
0,0,0.9045905743239082,0.09518198599191398,0.0002274396841778389
1,1,0.27519092410224416,0.7134816551359184,0.011327420761837452
1,1,0.32513602299896127,0.6705717061387924,0.004292270862246372
0,0,0.8258255724140455,0.17342558765687965,0.0007488399290747983
1,1,0.2077055040950469,0.787669937514859,0.004624558390094061
1,0,0.5741004852244032,0.42516177933899385,0.00073773543660302
1,1,0.3193148346919222,0.6719061915605095,0.008778973747568274
2,2,0.013220829015970645,0.36980444878138896,0.6169747222026404
0,1,0.24187073406837284,0.7552494740435673,0.00287979188805967
0,1,0.3885134522888791,0.608635275120898,0.0028512725902229983
0,0,0.9633867243187785,0.03654541620620311,6.785947501852681e-05
1,1,0.18905644656246556,0.7901847179215323,0.0207588355160022
2,2,0.0047520829496571475,0.2381819804899635,0.7570659365603792
1,1,0.1273050286687189,0.8378819113753575,0.03481305995592358
0,1,0.36802762512287207,0.6160120773693986,0.01596029750772941
1,1,0.21080129107318377,0.7847830862780538,0.004415622648762383
1,0,0.5162384434231355,0.4818926177479367,0.0018689388289276857
1,1,0.3372526578670649,0.6596431041972531,0.0031042379356820944
1,0,0.8967309177385929,0.10311226729712653,0.00015681496428048775
1,1,0.1200478781076727,0.8609380226215144,0.01901409927081292
0,0,0.8317852294048755,0.16771644412555609,0.0004983264695684615
1,2,0.021676951777285333,0.3399897527095682,0.6383332955131464
1,1,0.3064984212892733,0.6892136560391243,0.0042879226716023
1,1,0.0828386074466547,0.8954105984913465,0.021750794061998643
2,2,0.0004518143431597553,0.057857548629063664,0.9416906370277767
1,0,0.5635215032164985,0.4347244395907195,0.0017540571927819007
0,0,0.8470573629190327,0.1526535311480737,0.0002891059328936417
0,1,0.23631849318653153,0.7419476325452568,0.021733874268211575
1,1,0.17544686994688252,0.81704819880416,0.007504931248957331
1,0,0.7280447083168367,0.27057988276864187,0.0013754089145215013
0,0,0.7360229686430678,0.2634005782420124,0.0005764531149198382
1,1,0.0662096060091379,0.8491932262539543,0.08459716773690772
0,1,0.21018275398707392,0.7794524724719072,0.01036477354101877
1,0,0.8188031115510864,0.18090570211797133,0.0002911863309422329
1,1,0.09640626347017373,0.8864015038473035,0.01719223268252263
2,2,0.0013542642495588285,0.1275922604728552,0.871053475277586
1,1,0.06470540054711701,0.9269978400383047,0.008296759414578327
0,1,0.4403958989207511,0.5562348106060462,0.003369290473202693
1,1,0.11512903587487806,0.8512784605747397,0.033592503550382326
1,1,0.43331090226243224,0.5638430236493428,0.002846074088224976
1,0,0.6678137153996357,0.3303765172845717,0.0018097673157924671
1,1,0.11649429696761125,0.8607013272321887,0.022804375800200116
1,1,0.11403278903600454,0.8788470018906365,0.007120209073359155
1,1,0.030028688514126572,0.9219088605275478,0.04806245095832561
0,0,0.794716714373146,0.20510983229265792,0.00017345333419601885
0,0,0.8567699231796987,0.1430374433806826,0.00019263343961874294
0,0,0.5052633965734202,0.4935122386290319,0.0012243647975478758
1,1,0.15404530453383436,0.8379491639742943,0.008005531491871365
0,0,0.5324806037011179,0.46479987933915684,0.002719516959725244
1,1,0.24847670791684912,0.7330931962699025,0.01843009581324841
1,1,0.4327393788531187,0.5636139419476467,0.003646679199234647
2,2,0.009407758095053806,0.29742642953608267,0.6931658123688635
1,1,0.17832652262513876,0.806607771065672,0.015065706309189072
1,1,0.025815134092383514,0.9130745558944158,0.06111031001320064
0,0,0.7412047591149247,0.2584957880886781,0.00029945279639714015
1,1,0.3565110706484483,0.6225490788786738,0.020939850472877917
0,0,0.6484148336608587,0.3501298343732677,0.0014553319658736222
0,0,0.6274456129541914,0.3722044572558428,0.0003499297899658163
0,1,0.34446127618543276,0.6501972239795537,0.005341499835013426
1,1,0.19006860447368532,0.8047873771448794,0.005144018381435232
0,0,0.8406104296486276,0.15917404510636426,0.00021552524500805076
1,1,0.28567196043736326,0.7055007065048282,0.008827333057808544
0,0,0.558708514256037,0.440458067660481,0.0008334180834819647
1,1,0.2557962258051851,0.7388292475143817,0.00537452668043318
0,1,0.4784792315715224,0.5207342531755278,0.0007865152529498051
0,0,0.6397830190561429,0.3585030419955294,0.001713938948327737
2,2,0.0010540150840996848,0.14261100260503407,0.8563349823108664
1,1,0.4254214758378593,0.5712221525746131,0.003356371587527595
1,0,0.6558828890652685,0.3433275023246452,0.0007896086100862647
0,1,0.18368035159671384,0.802227077354565,0.014092571048721084
1,1,0.1370039559028837,0.8473055554217984,0.015690488675317863
2,2,0.0003451130364325731,0.08831124688069256,0.9113436400828748
0,0,0.8175378564364953,0.18212106203934356,0.00034108152416108343
1,1,0.27533297297449283,0.7219667209185981,0.002700306106909027
0,1,0.2172738486255013,0.777194918979746,0.005531232394752707
0,0,0.5868576544019968,0.4108149973495516,0.0023273482484515934
2,2,0.013173363744390027,0.3432168470086585,0.6436097892469514
2,2,0.0009262065349391875,0.09904037488325644,0.9000334185818043
1,1,0.07760070704388625,0.8979587458641755,0.024440547091938297
0,0,0.7404506426637381,0.25929398473159776,0.00025537260466422317
1,1,0.1643423136208608,0.7533988476740883,0.08225883870505091
0,0,0.6156524692424385,0.38322317476858264,0.0011243559889787982
1,1,0.36589032268621086,0.6237131736507994,0.010396503662989673
1,1,0.3668264870328934,0.623840254151992,0.00933325881511464
1,1,0.07189559322331138,0.9082051199586496,0.01989928681803913
1,1,0.19759461672699521,0.7953615204878562,0.007043862785148606
1,1,0.20257347424051148,0.7816038992444931,0.015822626514995445
1,0,0.6419016585719556,0.35695507843997354,0.0011432629880708048
0,0,0.5692912597619458,0.42832565408733053,0.0023830861507236796
1,1,0.23886148560336595,0.755675322708178,0.005463191688455979
0,0,0.7210710017003449,0.2781621171337145,0.0007668811659406628
1,1,0.26056132438657387,0.7327677882646202,0.006670887348805907
1,0,0.608950938144042,0.3895581427530747,0.0014909191028831853
1,1,0.07418754680964085,0.9064971823675386,0.019315270822820512
1,1,0.07877821254883303,0.7546425172229945,0.16657927022817265
1,1,0.48667274207983385,0.5119143581205395,0.0014128997996265995
1,1,0.35944691862556627,0.6375910684711442,0.002962012903289464
0,1,0.08625507023230324,0.8995691872176748,0.014175742550022024
1,1,0.24228917772211928,0.7535882145096766,0.004122607768204261
1,1,0.12403435919477504,0.8423439542161086,0.03362168658911631
0,1,0.34577778172789225,0.647879234892693,0.006342983379414681
0,0,0.7946103865488436,0.20429416103553005,0.0010954524156262903
0,0,0.6976528962241959,0.3018071214978913,0.0005399822779127598
1,0,0.5648674831610485,0.43378835554568856,0.0013441612932628686
0,0,0.641372228520007,0.35780999504096483,0.0008177764390282176
1,1,0.35139708890969634,0.6435605985810194,0.005042312509284143
1,1,0.36484068291405913,0.6312136770852068,0.003945640000733966
1,1,0.14484485805922492,0.8469987694260469,0.00815637251472807
0,0,0.6854854430397053,0.3131387070201236,0.001375849940171188
1,1,0.2499012219015817,0.7285050631750752,0.021593714923343218
2,2,0.00035142843730137164,0.07263533830477834,0.9270132332579204
0,0,0.5528942590287711,0.44344999183317896,0.0036557491380499753
1,1,0.4236937761847483,0.574287101065159,0.0020191227500926745
1,1,0.36510411949132227,0.6274661478403712,0.0074297326683065105
0,0,0.7181314005789494,0.2807435428379653,0.0011250565830851446
0,0,0.5913553364070704,0.40522467580455734,0.0034199877883721724
1,1,0.27923198302660535,0.7167170174122303,0.004050999561164471
1,1,0.08040458490073012,0.8744385157390088,0.04515689936026108
0,1,0.2650664942001008,0.7292330762787672,0.005700429521131996
0,0,0.7811482530135382,0.21842450271736513,0.0004272442690966673
1,1,0.019240018740076126,0.8803220735313977,0.10043790772852633
1,0,0.6054660798187942,0.3917778700099476,0.002756050171258116
0,0,0.6678676399764665,0.33188555174512513,0.0002468082784082877
0,0,0.5679482312508424,0.43026928421079036,0.0017824845383673357
0,0,0.6958442438645025,0.3036759691210992,0.00047978701439825697
1,1,0.3428149265510498,0.6398954726681455,0.017289600780804812
0,0,0.6221173595907291,0.3750249368347794,0.002857703574491359
1,1,0.19904108245264668,0.7890598174548096,0.011899100092543732
0,0,0.506854677109267,0.49030338799840456,0.0028419348923284255
1,1,0.06652613443747006,0.9115590302824602,0.021914835280069735
0,0,0.560568612383033,0.43693015129387985,0.0025012363230870233
1,1,0.3373267693502173,0.6598186029163364,0.002854627733446166
0,0,0.6370465683932999,0.36157670016947147,0.001376731437228584
1,1,0.13292636193103072,0.8442219270074416,0.022851711061527707
1,0,0.7089440735830043,0.2900259583005815,0.0010299681164142281
1,1,0.12555812738382602,0.8564241732526607,0.018017699363513193
1,1,0.2083707776727484,0.7829580047739063,0.008671217553345373
0,0,0.7482643881768228,0.2500943638986277,0.0016412479245494747
1,1,0.27993238252656305,0.7095490880870035,0.010518529386433514
0,1,0.47164305390106115,0.5235280104528963,0.004828935646042564
1,1,0.11456427870915557,0.8457858132308091,0.03964990806003531
1,1,0.08575922011989577,0.897191890016801,0.017048889863303197
0,1,0.38937312240731886,0.6027884490199023,0.007838428572778855
1,1,0.47594511271572,0.5201786800969918,0.0038762071872881776
1,1,0.05553425579576947,0.9155159889311285,0.0289497552731021
1,1,0.0629203706302491,0.9200363783682605,0.017043251001490324
0,0,0.5748708293737816,0.42392182797300254,0.0012073426532157668
0,1,0.27609037543074266,0.7198533005188997,0.004056324050357657
1,1,0.1925073554809308,0.7939891446529946,0.01350349986607461
2,2,0.004748090475335682,0.3023756152988341,0.6928762942258302
1,0,0.6306926651025381,0.36801310886119837,0.0012942260362635378
1,0,0.8499717980951716,0.14988800598825466,0.00014019591657375499
0,0,0.8968374061110165,0.10292189070285847,0.00024070318612506576
0,0,0.868025744441085,0.13171274020410673,0.00026151535480822846
2,2,0.0001566356964294588,0.01385310587152384,0.9859902584320467
0,1,0.45597122633110393,0.54124453666163,0.0027842370072660447
2,1,0.04352077469755922,0.7812351274058837,0.17524409789655704
0,0,0.6009736146883488,0.3973351440301025,0.0016912412815487424
0,1,0.19465761291971537,0.7936692446881025,0.011673142392182107
0,0,0.6954153003827654,0.3038521202429787,0.000732579374255856
0,0,0.8072994100728789,0.19256644819939908,0.00013414172772213998
1,1,0.2819867939322989,0.7145571542275012,0.0034560518401999807
0,1,0.34981012165224423,0.6478952038784122,0.002294674469343667
1,1,0.07983042644504834,0.8960394672288343,0.02413010632611743
1,1,0.05809522458667594,0.9048451016351985,0.03705967377812561
0,1,0.4957313555830725,0.5013123878940148,0.0029562565229126277
0,0,0.8022215544409076,0.19753153390797398,0.00024691165111836956
1,1,0.4746219293096638,0.5227056293753087,0.002672441315027413
1,1,0.37292337255368413,0.6223301903556608,0.004746437090655036
1,1,0.14467381193466305,0.8516138948715404,0.0037122931937964977
0,0,0.8150980539156493,0.18477749943835992,0.00012444664599081093
0,0,0.808016785470794,0.19116953128105788,0.0008136832481480446
1,1,0.2519170538357096,0.7417307862544463,0.006352159909844135
0,1,0.4984412718291005,0.5002885008259151,0.0012702273449842743
0,0,0.5776033372350899,0.42075718425296604,0.0016394785119440453
2,2,0.0019042043889952276,0.20863805702780586,0.7894577385831989
1,1,0.2802084538381843,0.7107468892913145,0.009044656870501164
1,1,0.2483223735728074,0.7289598267302783,0.022717799696914308
0,0,0.7537875822158497,0.24554196743601786,0.0006704503481324603
0,0,0.533503201436911,0.46454191246495463,0.001954886098134395
1,0,0.7934318881912892,0.2059472288355693,0.000620882973141448
1,1,0.16164565370727849,0.8142923326802488,0.02406201361247273
2,1,0.11069928507437407,0.6310784756986467,0.2582222392269793
0,0,0.6095083378743057,0.3891818229994641,0.001309839126230245
1,1,0.12690955986362834,0.581002120517295,0.2920883196190766
2,2,0.00012070305400227306,0.06847653140948547,0.9314027655365124
0,1,0.35750666052188573,0.637692306853535,0.004801032624579361
1,1,0.413995807224525,0.5766588836950586,0.009345309080416473
1,1,0.3634351752973165,0.635608471600563,0.0009563531021205632
0,0,0.9371266295506185,0.062795547341528,7.782310785343529e-05
1,1,0.34400337232216055,0.6485083450767142,0.007488282601125362
0,0,0.6348792478561722,0.3643871616418176,0.0007335905020101717
0,0,0.6333661968100543,0.364473780032855,0.0021600231570906023
1,1,0.11112764398222248,0.8267603932476162,0.06211196277016146
1,0,0.6582733597162086,0.34055650086951905,0.001170139414272375
1,1,0.2547850456768254,0.7370927200679175,0.00812223425525718
1,1,0.09972727995110961,0.8941608537605737,0.006111866288316605
0,1,0.38916976146699267,0.6072385241354384,0.00359171439756892
1,1,0.20687036586789811,0.772481712910353,0.020647921221748806
1,1,0.168981158615835,0.8251366059305539,0.005882235453611164
1,1,0.4307679640616867,0.5666049895716699,0.0026270463666432623
1,1,0.1329749448343238,0.8403424113088678,0.026682643856808495
1,1,0.08556042779590242,0.8708439639836507,0.04359560822044676
1,1,0.2647923389411459,0.7310023498745793,0.00420531118427465
1,1,0.3799082714783564,0.6162767601801141,0.003814968341529506
1,1,0.4157251406720197,0.5813647641973613,0.002910095130618999
0,0,0.5817356783168873,0.4129395234632375,0.005324798219875287
0,0,0.6179272099650588,0.3807517597742262,0.0013210302607150047
1,0,0.6289109658645566,0.3702493555805855,0.0008396785548577755
0,1,0.4751714757789985,0.5239098811926471,0.0009186430283543952
1,1,0.3175693630488254,0.6725738200086571,0.009856816942517513
1,1,0.2780659664343689,0.7138888470519452,0.008045186513685828
1,1,0.04717401828971878,0.9168196403729166,0.036006341337364585
0,0,0.8103795627584802,0.18900343278128012,0.0006170044602396178
1,1,0.21301446207126795,0.7818798614327741,0.005105676495957855
1,1,0.3554518189892624,0.6394178125706768,0.005130368440060867
1,1,0.15502952923178037,0.8373570211294743,0.007613449638745322
0,0,0.8781211286031738,0.12160842473530505,0.00027044666152100175
1,0,0.7498490830743618,0.2495427800226301,0.0006081369030080978
1,1,0.33086149794384034,0.6611643551166569,0.007974146939502783
0,1,0.26075805589969697,0.734986278938881,0.004255665161421857
0,0,0.5305347969303478,0.46847814931700144,0.000987053752650712
0,1,0.47427803215082925,0.5201093488449452,0.005612619004225472
1,0,0.8923635316363675,0.10741921527552134,0.00021725308811114475
0,0,0.5376798860913945,0.45976591327757405,0.0025542006310313808
0,1,0.49383058501568944,0.5048962951376134,0.0012731198466973412
1,1,0.11330604878281045,0.8699242785892662,0.016769672627923362
1,1,0.08616735470668281,0.8937001599690169,0.02013248532430047
0,0,0.8590824977848166,0.140726828909885,0.0001906733052983308
1,1,0.06226449818798083,0.8823878538361655,0.05534764797585371
1,0,0.7743350268059838,0.2246936346782496,0.0009713385157666435
1,1,0.22296637254814597,0.7681346899320484,0.008898937519805774
1,1,0.1615658239867188,0.8329634284045728,0.005470747608708484
1,1,0.32064407634209985,0.6704892420007292,0.008866681657170913
1,0,0.6884540251195097,0.3107584012322062,0.0007875736482841604
0,0,0.7857010942298164,0.21373726730668519,0.0005616384634983968
0,1,0.3780369681959173,0.6160059744468274,0.005957057357255176
2,2,0.00016638371115341636,0.07529494608194869,0.9245386702068978
1,1,0.059974826104402225,0.888885872843526,0.05113930105207169
1,1,0.3767271087988261,0.6186744618819355,0.004598429319238301
0,0,0.8412177496874275,0.15819940356166812,0.0005828467509043845
1,0,0.5563858959817429,0.43792413219691906,0.005689971821337924
1,1,0.3428346470789068,0.6516916242299379,0.005473728691155198
1,1,0.23313390563529018,0.7606854886818378,0.006180605682871815
0,0,0.8629268187069448,0.1369104097080782,0.0001627715849770807
1,1,0.04621715658528736,0.8805001527255873,0.0732826906891254
1,0,0.8298300006594131,0.16954368423981192,0.0006263151007750599
1,1,0.06464243826841196,0.5733199044468259,0.36203765728476206
0,0,0.8391135929850501,0.1603733491400505,0.0005130578748994087
1,1,0.4182592040859513,0.5768525930315627,0.004888202882485933
1,1,0.4879359839561106,0.5112532201234842,0.0008107959204052856
1,0,0.5871666764881271,0.41083953364804016,0.0019937898638325417
0,0,0.8513120464714091,0.14819723638613744,0.0004907171424533286
2,1,0.01310535764005373,0.7470336771465441,0.23986096521340208
1,1,0.19111794800467471,0.8003081406048617,0.008573911390463517
0,0,0.688951255773114,0.3106937994674118,0.0003549447594741435
1,1,0.2544915710551267,0.7308352556036346,0.014673173341238768
0,0,0.6990134612194698,0.3000168133390037,0.0009697254415265197
1,0,0.6969738161990706,0.30202955185314945,0.0009966319477799964
1,1,0.32053686495552447,0.6712844362716301,0.008178698772845303
1,1,0.22673427783869302,0.7640580137663263,0.00920770839498077
1,0,0.7326672069678528,0.2664293866627656,0.0009034063693815284
1,1,0.025069542962438122,0.8856370053353264,0.08929345170223556
1,1,0.30478628352413123,0.690945847453026,0.004267869022842897
1,1,0.1530204779552925,0.8023306589172495,0.04464886312745801
0,0,0.6760767981978482,0.32322472165720617,0.0006984801449457161
0,0,0.8749434904726802,0.1249380285969961,0.00011848093032368479
1,1,0.014394719520088844,0.6764621097768895,0.30914317070302166
1,1,0.29980335380042844,0.6925239097575681,0.0076727364420033925
1,0,0.8539879218360319,0.1457414895380751,0.00027058862589310096
0,0,0.7903863609625859,0.2090897165731754,0.0005239224642386011
0,0,0.640602975173,0.35649574018340324,0.0029012846435967424
0,0,0.6513305801751097,0.34645089040601734,0.002218529418872919
1,0,0.6465246931031678,0.3516782632719947,0.001797043624837473
2,2,0.0006048229688874255,0.11503746099160589,0.8843577160395066
0,0,0.5741845623194883,0.42491223719139937,0.0009032004891122068
1,1,0.030467605988622585,0.9320284383290118,0.03750395568236537
0,0,0.868309252822049,0.13159777040184575,9.297677610525199e-05
0,0,0.77772437017783,0.2216875538540752,0.0005880759680946787
1,1,0.40788409846649,0.5792210247800217,0.01289487675348842
1,1,0.3757619428834191,0.6174253654478865,0.006812691668694375
1,1,0.26542532327089335,0.7255651063508414,0.009009570378265221
2,2,0.003240761403771568,0.17858650007264112,0.8181727385235872
1,1,0.29044329986205464,0.7012778968528282,0.008278803285117268
0,0,0.7863487068327639,0.21322478066912665,0.0004265124981095216
1,1,0.3562413872724807,0.6393630895487962,0.004395523178723213
1,1,0.04127815140819589,0.89593203716504,0.062789811426764
1,1,0.05311540916460633,0.9271341691867022,0.01975042164869147
0,0,0.5617600061089916,0.43631172752550984,0.0019282663654986466
1,1,0.42768794778323377,0.5680184113475394,0.0042936408692268325
0,1,0.44976864033482833,0.5452249085324385,0.0050064511327330965
1,1,0.18058943644058242,0.8084064790682615,0.011004084491156278
1,1,0.18253568358213912,0.8115143735899178,0.005949942827943035
0,0,0.9110058753549017,0.08876690321522143,0.00022722142987685953
1,0,0.5096120773782162,0.48892749572958744,0.0014604268921962896
2,1,0.13374747541331067,0.8461437366158006,0.020108787970888775
1,1,0.45492567501563225,0.5426696584836369,0.00240466650073087
1,1,0.25755546336084834,0.7400678386379393,0.002376698001212368
0,0,0.7243460387528209,0.2745887616949083,0.0010651995522706545
1,1,0.12218179900813014,0.8684166407062602,0.009401560285609437
1,1,0.36258475643489113,0.6298333133688229,0.007581930196286064
0,0,0.8957077971879908,0.10408652897937143,0.00020567383263782712
1,1,0.1801837705667994,0.8041936750013451,0.015622554431855402
1,0,0.6145862507530448,0.38440162538881933,0.0010121238581357432
0,0,0.5258032334505841,0.47066121631770597,0.003535550231709994
0,1,0.4551440769037419,0.5418603066677706,0.002995616428487436
0,1,0.052636741432581576,0.9171460959879387,0.03021716257947974
0,0,0.6769557115610499,0.3223114242443434,0.0007328641946067267
2,2,0.002796088242303066,0.34031444910975195,0.6568894626479449
1,1,0.06441062352190821,0.8666377395782757,0.06895163689981604
1,1,0.09960167563808046,0.8567148489955008,0.04368347536641873
1,1,0.44926114029696673,0.5466881470703963,0.004050712632636989
0,2,0.04201047875005943,0.47141439683646286,0.4865751244134777
1,1,0.30538085293498723,0.6910813918696693,0.003537755195343361
0,0,0.9569662311578934,0.04300433595292745,2.9432889178984537e-05
1,1,0.3258462447534471,0.6724779139355488,0.0016758413110040849
1,1,0.16255847497726528,0.8180321567326758,0.01940936829005889
0,1,0.47444559294150734,0.5236708361375404,0.0018835709209521667
1,1,0.04199393364033877,0.9315029468400764,0.026503119519584804
2,2,0.00017416821056118317,0.06248857717665271,0.937337254612786
0,0,0.6337060777856736,0.3644990930814747,0.0017948291328517365
1,1,0.25516596133353386,0.7300738606450807,0.014760178021385469
0,0,0.8187213810027202,0.1809526343646761,0.00032598463260366165
1,1,0.2968422825400899,0.6971404317849333,0.006017285674976724
2,2,7.174939245953089e-05,0.033539488200985366,0.9663887624065551
0,0,0.9425776747749066,0.057290185697299975,0.00013213952779356108
1,1,0.16510213453889094,0.8022288242413218,0.032669041219787344
1,0,0.7214985619878244,0.2771417035879226,0.001359734424252966
1,1,0.14203657327958524,0.8421363585261131,0.01582706819430154
1,1,0.01322134330204154,0.8884419339499533,0.09833672274800498
1,0,0.6894719136169299,0.3092074218139272,0.001320664569142814
1,1,0.06336934048781763,0.9040041870224278,0.03262647248975457
1,0,0.7614465284850543,0.23794971440100976,0.0006037571139359473
0,1,0.32664705416913387,0.665841535359093,0.007511410471773223
1,1,0.27170890567051836,0.7178748557495057,0.010416238579975987
1,1,0.25842720041972,0.7353498795491675,0.0062229200311124475
1,1,0.16553306848698493,0.8191397656555339,0.015327165857481192
1,1,0.26266477251632314,0.7307618244144043,0.006573403069272508
0,0,0.574819449087575,0.42369768425619353,0.0014828666562314576
0,0,0.630403549494609,0.36872617508944466,0.0008702754159463141
0,0,0.6181455561098083,0.37936109322625106,0.0024933506639407015
0,0,0.8812478155112816,0.11844521192532588,0.0003069725633924094
1,1,0.17464649712011163,0.8002028924798451,0.025150610400043228
0,0,0.8499841228352097,0.14983100181188425,0.00018487535290614447
1,1,0.09523366969930884,0.8785013038364403,0.02626502646425078
0,0,0.7878236050572908,0.21148981116326135,0.0006865837794479253
0,0,0.8823259374256427,0.11750743869304288,0.0001666238813143308
1,0,0.5550131403778079,0.4439958316937924,0.000991027928399629
1,1,0.03507848778508539,0.9132356431302155,0.05168586908469908
0,0,0.6734425144765089,0.3248592357789777,0.0016982497445133925
1,1,0.11152832683170527,0.8541587332289937,0.03431293993930093
1,1,0.36786764707310127,0.6290253570472321,0.0031069958796667175
2,2,0.0012367158529942174,0.13912957205306525,0.8596337120939405
1,1,0.2575783581251131,0.734884607401533,0.007537034473353671
0,0,0.8020591085291932,0.19759111390393477,0.0003497775668722071
1,1,0.1611995624541209,0.8300404098513383,0.008760027694540845
1,1,0.30747875726237633,0.6872788759663477,0.005242366771275821
1,0,0.6411685802976773,0.35745791646490666,0.0013735032374160188
0,0,0.5299191216419716,0.46884864598737336,0.0012322323706549841
0,0,0.723719367614836,0.2745498611903809,0.001730771194783119
2,2,0.00033173168084168526,0.05696752668308209,0.9427007416360762
1,1,0.19279582094367995,0.7778827360773979,0.02932144297892218
1,1,0.27405849795122034,0.7208405516484939,0.0051009504002856
0,0,0.6272134277453084,0.37142650759178486,0.001360064662906616
1,1,0.1821047732084773,0.8103487908031709,0.00754643598835194
1,1,0.3149457455030851,0.665624655005006,0.019429599491908922
2,2,0.0032441594780490825,0.23506585272797417,0.7616899877939768
1,1,0.05417421205905681,0.9086200542187997,0.03720573372214344
0,1,0.13963916003309762,0.8392202882351878,0.021140551731714606
1,1,0.2514675070485543,0.7437505280289126,0.004781964922533148
0,0,0.6256551803414705,0.3734848969182027,0.0008599227403268906
0,1,0.4245611512173637,0.571127680013962,0.004311168768674335
1,1,0.0880303230955944,0.8628468194464483,0.04912285745795735
2,2,0.00013857741870361025,0.008637136459674802,0.9912242861216216
0,0,0.7174132832840865,0.2819675445017491,0.0006191722141644021
1,2,0.010787664535752653,0.379187890827599,0.6100244446366483
1,1,0.34833825319737,0.6499656854878795,0.0016960613147505715
1,1,0.4477754654917167,0.5480416983934008,0.0041828361148824955
1,1,0.3595650581966476,0.6287819448857956,0.01165299691755661
1,0,0.6137652335889571,0.3850993293277193,0.0011354370833235809
0,0,0.6121633714804686,0.38522590806878076,0.0026107204507506737
1,1,0.3873959183812186,0.6071418965509521,0.005462185067829299
0,1,0.4718783966599826,0.5257820230263596,0.002339580313657772
0,1,0.38979055170777704,0.6024187803885719,0.007790667903650975
1,1,0.06306757813979556,0.9081325085133221,0.028799913346882488
1,1,0.09622130835606255,0.8896846799458352,0.01409401169810216
0,0,0.6144596158634664,0.38335823940797575,0.002182144728558007
0,0,0.6021462460613084,0.3953963228090948,0.002457431129596812
0,0,0.610452717962166,0.3874618889522747,0.002085393085559148
0,1,0.23607180940967012,0.7487333530161885,0.015194837574141487
2,2,0.027520963551033416,0.43582327277855637,0.5366557636704102
0,1,0.4917594096446108,0.5062427727559092,0.0019978175994799807
1,1,0.04874083453604589,0.8981200817882381,0.05313908367571603
2,2,0.0005446974312500025,0.07045854699702135,0.9289967555717287
1,1,0.3100263210526442,0.6847995059151823,0.0051741730321734625
0,0,0.591498927755926,0.40560457709073855,0.002896495153335482
1,2,0.009094969445364778,0.3292008683350825,0.6617041622195529
1,1,0.16414018697690683,0.8046647056411418,0.03119510738195128
0,0,0.8151664469559238,0.1846385724570871,0.000194980586989141
0,1,0.34248104175362404,0.6494505367505682,0.008068421495807726
1,1,0.04844851618708435,0.9011895924782407,0.0503618913346749
0,0,0.750767832297337,0.2489086876352569,0.00032348006740619316
1,1,0.19271247502520722,0.798983702497329,0.008303822477463741
0,1,0.3972878535489855,0.6015752681192575,0.0011368783317568965
0,0,0.5746096570889935,0.4236061920066656,0.001784150904340861
1,1,0.03941499943739568,0.9207178154320002,0.03986718513060417
1,1,0.23583560832203654,0.7484771886399105,0.015687203038053057
0,0,0.6079672033895454,0.3908642072638086,0.001168589346646046
1,1,0.08477165888581781,0.8971022316572749,0.01812610945690741
0,1,0.47932857446676536,0.5186220267977006,0.0020493987355339983
0,0,0.860406526600525,0.1392872711242779,0.0003062022751971231
1,1,0.4044317163087092,0.5941262520067536,0.0014420316845372427
1,1,0.13291951929863222,0.8451235859053882,0.021956894795979738
1,1,0.10747617034843004,0.8720416674229627,0.02048216222860721
1,1,0.10643829002941567,0.8655505721850171,0.02801113778556728
0,0,0.5883947977928897,0.41029812160169205,0.001307080605418294
1,1,0.07996200806330514,0.8879348497281884,0.03210314220850648
0,0,0.866960821034491,0.13284892936207676,0.0001902496034323029
0,0,0.686212631963981,0.3126278524022846,0.0011595156337344747
2,2,5.153838403007592e-06,0.006625919063186377,0.9933689270984107
0,1,0.2535919162997575,0.7365442174094374,0.009863866290805006
0,0,0.82541937871142,0.17401104048142435,0.0005695808071557507
1,1,0.2873184704822448,0.6968214655404628,0.0158600639772925
0,1,0.42603078585263365,0.5709838594396286,0.0029853547077378444
0,0,0.9593908090929555,0.04056909350651638,4.009740052828524e-05
1,1,0.26674814643129424,0.7276284353992657,0.00562341816944008
0,1,0.13204115278080236,0.83577590858117,0.03218293863802758
0,0,0.7344822492376665,0.2650018166799601,0.0005159340823734387
1,1,0.10082944823253953,0.8844008173002228,0.014769734467237738
1,1,0.08782690265102185,0.6039121566353115,0.3082609407136666
1,1,0.2189090010478533,0.7752559859298054,0.005835013022341413
0,1,0.4650867090805576,0.5318562145803836,0.003057076339058787
1,1,0.360546636674149,0.6337248569465733,0.0057285063792776175
1,0,0.7472256350678815,0.2521000855732348,0.0006742793588837013
1,1,0.12532258412179795,0.845038337812569,0.029639078065632984
1,1,0.19316874343652884,0.7835358497221351,0.0232954068413361
0,0,0.7000574452064164,0.29913777546832837,0.0008047793252551201
0,1,0.16925219953706416,0.7983686549752659,0.03237914548767005
1,1,0.26812748523767743,0.7277858884241918,0.004086626338130738
0,1,0.3582387319549441,0.6388255177256749,0.002935750319380992
1,1,0.2640929251492772,0.7146287378969202,0.021278336953802546
1,1,0.2588367655518898,0.7367624759428232,0.0044007585052870625
1,1,0.18447829158448875,0.7905409477295643,0.0249807606859469
1,1,0.41194688343242314,0.58549986873995,0.0025532478276269126
1,1,0.2686241562558115,0.7264562345698996,0.004919609174288999
1,1,0.08721771260077829,0.785550003709026,0.1272322836901958
1,1,0.20297472266571173,0.7713490394719266,0.02567623786236169
0,0,0.6827565939560416,0.3162625053299625,0.0009809007139958944
0,1,0.08512513330627529,0.8733545420198967,0.04152032467382794
0,0,0.8645059737330586,0.13493127265869356,0.0005627536082478456
1,0,0.5335554995149749,0.4647453461804376,0.0016991543045874948
0,0,0.7822203868842419,0.21758580404878913,0.00019380906696888565
0,0,0.8663492196892051,0.13347966585240256,0.0001711144583923458
0,0,0.7856597698741399,0.21393411323148565,0.00040611689437449497
0,0,0.8892152058467363,0.11056162438553253,0.0002231697677309771
1,1,0.06587279126224745,0.9070101581495256,0.02711705058822708
0,0,0.8464260465598941,0.15348105425461717,9.289918548891258e-05
1,1,0.2817644178209087,0.7082116769678407,0.010023905211250513
0,1,0.3461847909084573,0.6427370313135474,0.011078177777995302
0,0,0.551919476557091,0.44693730994613057,0.00114321349677855
1,1,0.12271092317829882,0.8436016846427322,0.03368739217896895
1,1,0.04065285159394514,0.9379680813323101,0.02137906707374466
1,1,0.3381042385159498,0.6561040600709388,0.005791701413111295
0,0,0.5744258490323572,0.42466568560093726,0.0009084653667056476
0,0,0.6197588085723261,0.3792063628826887,0.0010348285449852035
1,1,0.06447519786822686,0.9196269845739348,0.01589781755783836
1,0,0.6058466728141797,0.3920136820366151,0.0021396451492052015
1,1,0.3602465410905922,0.6313542753887502,0.008399183520657627
0,1,0.20631904860201145,0.7797918631110402,0.013889088286948346
2,2,0.0001473134444412057,0.04958665519293021,0.9502660313626287
1,1,0.4264755287813424,0.5713274372102704,0.002197034008387303
0,1,0.14870337686758694,0.836845930039726,0.014450693092687037
1,1,0.3634413710103157,0.6329258841391876,0.003632744850496679
1,1,0.34316951034412657,0.6521889235269797,0.004641566128893574
1,0,0.6428443133942329,0.3550077704750005,0.0021479161307666364
1,1,0.15172269124369644,0.8380909084668494,0.010186400289454129
1,1,0.49027971824013455,0.5084444961484752,0.001275785611390257
1,1,0.2539873707286937,0.7270778082009439,0.018934821070362363
1,1,0.2657859599180626,0.7321944212469002,0.0020196188350373786
0,0,0.7147990723458857,0.2843543437263531,0.0008465839277612638
2,2,0.012825121381072727,0.32174838690338214,0.6654264917155452
1,1,0.4463852792520322,0.5519836770952393,0.00163104365272848
2,2,0.0006227309627815353,0.051482286648222464,0.9478949823889959
1,1,0.061267542219062145,0.9030011143348484,0.035731343446089386
1,1,0.19714685545691477,0.7958166277137728,0.007036516829312306
1,1,0.04519818258096183,0.8930093200380469,0.0617924973809913
0,1,0.17040752487809627,0.8242755294103938,0.005316945711509763
0,0,0.6274732889004511,0.37202698729048006,0.0004997238090689417
1,1,0.0769686069997241,0.8797804326568387,0.04325096034343722
1,1,0.16081454625712788,0.8318159344628355,0.007369519280036713
1,1,0.15382039091709046,0.8404339123290575,0.005745696753852174
1,1,0.07160593310310914,0.9002923646504645,0.028101702246426226
0,1,0.474625083788095,0.5234413783987468,0.001933537813158286
1,1,0.32678756231072714,0.668947034794288,0.004265402894984917
1,1,0.15281020880538201,0.8123813397423245,0.03480845145229339
1,1,0.2515301953450436,0.743748626888917,0.00472117776603944
0,0,0.7868115427328978,0.21283941967105652,0.00034903759604565664
1,1,0.08677747298871732,0.9039170711235328,0.009305455887750022
0,0,0.7632309006600982,0.23622140724998258,0.0005476920899191319
0,0,0.5264817296271758,0.47077207115545205,0.00274619921737211
0,0,0.5349735936407153,0.46395839761203217,0.0010680087472525344
1,1,0.0360081373904834,0.9341381142361277,0.02985374837338897
0,0,0.7819266852237091,0.21757558435393995,0.0004977304223510434
1,1,0.4244928807429571,0.5704470987436265,0.005060020513416335
0,0,0.8046888958472778,0.1948093494098073,0.000501754742914821
1,1,0.07741224918838885,0.8805049310319001,0.04208281977971112
0,0,0.6734181289805725,0.325623063197209,0.0009588078222185412
1,1,0.20102757676756441,0.7874639026189009,0.01150852061353475
1,1,0.43427768904175035,0.5590268877403312,0.006695423217918448
1,1,0.16401160682454174,0.8047967594113858,0.03119163376407249
0,0,0.8006211642787409,0.1990140844476729,0.00036475127358624916
1,1,0.20485813231991049,0.7840009707367972,0.011140896943292459
0,0,0.522588513068136,0.47599792513618355,0.0014135617956803756
2,2,0.03200523417293799,0.45024107820611103,0.517753687620951
1,1,0.48974172965721463,0.5083122849682472,0.0019459853745380866
1,1,0.18100179455347615,0.7994470982868832,0.01955110715964075
1,1,0.2842727776122598,0.7090538436377555,0.006673378749984821
0,1,0.3287238084537632,0.6596129223103334,0.011663269235903335
1,1,0.2319814863302059,0.7607990559287179,0.007219457741076119
1,1,0.09853453699410032,0.865419706327463,0.03604575667843658
0,0,0.8715348112490253,0.12821501950076397,0.0002501692502106561
0,1,0.2504275098523973,0.7453747903247201,0.004197699822882608
0,0,0.6906541695856494,0.30895820451364214,0.0003876259007083512
0,0,0.7366813967166205,0.26273618719390274,0.0005824160894767681
0,0,0.8972964152482955,0.10237902919358419,0.0003245555581202866
1,1,0.12514744704722855,0.8661128812952271,0.008739671657544423
1,1,0.06801196124746837,0.909284728079736,0.02270331067279573
1,1,0.2549085162670604,0.7398349690466834,0.0052565146862562015
0,1,0.4970771128879083,0.5011523670243356,0.0017705200877560598
1,1,0.34241042319633314,0.6524387909926594,0.005150785811007362
0,1,0.3811853429314912,0.6127635796024208,0.006051077466087948
1,0,0.8657625152195239,0.13399020121268349,0.0002472835677927225
1,1,0.19872087028337632,0.7876482316832021,0.013630898033421667
2,2,0.002368343380712016,0.21504723699038847,0.7825844196288996
0,0,0.9656314410000444,0.03432231750152673,4.6241498428969234e-05
1,1,0.014817980979635988,0.8338237667783016,0.15135825224206234
1,0,0.7770497741876337,0.2218869305271105,0.0010632952852558722
0,0,0.5282452702196286,0.4693349141783335,0.00241981560203784
0,1,0.3389142089840414,0.6576905230763568,0.003395267939601946
0,0,0.7636648907603999,0.23581184531974886,0.0005232639198512695
0,0,0.7295589707735296,0.2697307648137214,0.0007102644127490613
1,0,0.6115255743660524,0.3852293548176701,0.003245070816277561
0,0,0.5294419579112357,0.4687360605852476,0.001821981503516687
0,0,0.9014481024718702,0.09847193552856814,7.996199956168981e-05
1,1,0.07704294825161472,0.9040481190632282,0.018908932685156952
0,1,0.3944084831436824,0.6015714527066407,0.004020064149677034
0,0,0.7100316370696622,0.2890045188699084,0.0009638440604293096
1,1,0.05831656150528378,0.9043243540276732,0.03735908446704304
2,2,6.867014104356885e-05,0.0367273633068832,0.9632039665520732
1,0,0.6647234020062615,0.33457742880112085,0.0006991691926176035
1,1,0.31076471868581557,0.685397997486197,0.0038372838279873886
2,2,9.667803272908081e-05,0.06211511917634048,0.9377882027909303
1,0,0.7157158255207334,0.2839315362328914,0.0003526382463751632
1,1,0.05707223442843579,0.9035196948150552,0.03940807075650912
0,0,0.7410138795337696,0.2572437248170248,0.001742395649205641
0,1,0.476960815523782,0.519284098719805,0.0037550857564130954
0,0,0.784739872416622,0.21489262547227841,0.00036750211109951746
1,1,0.23967522220574822,0.7535684102005445,0.006756367593707349
0,1,0.27931318302980424,0.7180262986039799,0.002660518366215698
1,0,0.5446500806165974,0.4525969886528601,0.002752930730542562
1,1,0.15130356465391964,0.8308497455725581,0.01784668977352219
0,0,0.643662914955229,0.355271993581852,0.0010650914629190273
1,1,0.14994917080730089,0.6353273100588719,0.21472351913382717
0,0,0.6482868072291867,0.35100621723349196,0.0007069755373211914
1,1,0.1683348440446592,0.8174368390468533,0.014228316908487412
1,1,0.08688213157470329,0.8948235597657735,0.018294308659523154
0,1,0.1516010325701198,0.8442294684871431,0.004169498942737025
0,1,0.38388878477103655,0.6129427768650534,0.003168438363910132
0,0,0.5438401910676917,0.4544463526937934,0.0017134562385149312
0,1,0.44362019199598984,0.5499433529114052,0.006436455092605056
1,1,0.44326032917787994,0.5544069669761388,0.0023327038459811595
1,1,0.21846658655798668,0.7615950094542909,0.019938403987722536
0,0,0.8065381486416322,0.19322110036220902,0.00024075099615880025
0,0,0.9172095455354898,0.08271989456099285,7.055990351741026e-05
0,0,0.9097767378349886,0.09006526793967932,0.00015799422533205627
0,0,0.6880270005235015,0.3106472014712523,0.0013257980052462552
0,0,0.5928338851455502,0.4055133515839833,0.001652763270466494
0,0,0.9066983140303491,0.09315428780697374,0.0001473981626772264
0,0,0.869902227258515,0.12987452022366777,0.00022325251781722013
1,0,0.7526304359369903,0.24653602825407506,0.0008335358089348176
0,0,0.5970067066756608,0.4016870800105175,0.0013062133138216222
0,0,0.947196153741698,0.05272790354004633,7.594271825575896e-05
0,0,0.7656724815526995,0.23378339318081592,0.0005441252664846085
0,0,0.7257932177346124,0.2736277700571913,0.0005790122081963834
0,0,0.8600038950662979,0.1397316061098672,0.00026449882383492557
1,1,0.29767923486629394,0.6971256175424435,0.005195147591262425
0,0,0.7684677154535889,0.23108540359277505,0.0004468809536362
0,0,0.9184919327053427,0.08130896965507749,0.00019909763957972902
1,1,0.3062883380682295,0.6910759095310589,0.002635752400711673
1,0,0.5567453727217696,0.4411532513896017,0.002101375888628706
1,1,0.0174832465830518,0.8778116278476054,0.10470512556934294
0,0,0.5772551718658823,0.4188186802809778,0.003926147853139952
0,0,0.6638326302376565,0.33539583611404106,0.0007715336483025475
0,0,0.7454949362006595,0.2539525235864088,0.0005525402129316244
0,1,0.44297378957195876,0.5513264019176535,0.005699808510387727
0,1,0.1827929987409939,0.7887891661773986,0.028417835081607477
0,0,0.7397241706495026,0.25987873502839043,0.000397094322106969
0,0,0.6345129189697394,0.36202914198148994,0.0034579390487706778
0,0,0.8191386487998189,0.18058691211852176,0.00027443908165935513
1,0,0.5392946944252063,0.45624373937171714,0.004461566203076629
1,0,0.744770262992015,0.2545098556887806,0.0007198813192042917
1,1,0.45932370775004544,0.5337884944556446,0.006887797794309815
0,0,0.75701302628628,0.2427837712481219,0.0002032024655982007
1,1,0.18591019735804493,0.8016049481730121,0.012484854468943004
1,0,0.7168494746877635,0.2815594746717623,0.001591050640474076
1,0,0.57792087389839,0.4207094455831822,0.00136968051842787
1,1,0.12917713386241977,0.8558232532722093,0.014999612865370816
1,1,0.07403816106995978,0.8588809108292985,0.06708092810074155
1,1,0.3251179653369711,0.6704642971869013,0.004417737476127561
1,0,0.6896844276248302,0.3099362803846839,0.0003792919904858906
1,1,0.08954253742325231,0.8712490256270583,0.03920843694968944
1,1,0.07993727994925473,0.8594940551046735,0.06056866494607181
0,0,0.7235161777275294,0.27591610275441025,0.0005677195180603731
1,1,0.1094575819937681,0.8674863638394594,0.023056054166772585
1,1,0.1706746820254599,0.8227107128827394,0.006614605091800595
1,1,0.12983680126800873,0.5943747780062897,0.27578842072570176
0,0,0.5808992771641162,0.4181978347125945,0.0009028881232893087
1,1,0.11231650672435016,0.8742472586109552,0.013436234664694641
1,1,0.47801772908239143,0.519397424041099,0.002584846876509633
1,1,0.12046304717822551,0.8549176305261854,0.024619322295589177
0,0,0.6875289979072794,0.31183210108790715,0.0006389010048133359
1,0,0.6115701354327654,0.38786026067023555,0.0005696038969991252
0,0,0.8160599829912334,0.183441456587179,0.0004985604215877212
0,0,0.7361846491095428,0.2632585931999501,0.0005567576905070548
0,0,0.797411635535388,0.20209501119835596,0.0004933532662561296
0,0,0.7551312796404512,0.24376044867583113,0.001108271683717649
1,1,0.4567651775899577,0.5409638691088271,0.0022709533012150603
1,1,0.2557776253657454,0.7354605292851716,0.008761845349083005
0,0,0.5841909952642819,0.41516997321551485,0.0006390315202032505
1,1,0.30593693231386326,0.6843644086199007,0.009698659066235992
1,1,0.19268179785436917,0.8021870094530733,0.005131192692557452
2,2,0.005940845483893999,0.33073118735549056,0.6633279671606155
0,0,0.5113599001850105,0.4841258647334808,0.004514235081508697
1,1,0.023631978222526426,0.8190401010925131,0.1573279206849605
0,0,0.7096086396699331,0.28958905885514247,0.0008023014749244403
1,1,0.03748664242042423,0.8893354437863441,0.07317791379323153
0,0,0.535249639559971,0.4618992000047336,0.002851160435295359
0,1,0.19871410630523784,0.7878290553916267,0.013456838303135358
0,0,0.767634626431629,0.23210362154600636,0.0002617520223646411
0,0,0.7308405964213137,0.26827124305019523,0.0008881605284911597
1,1,0.20367304153536048,0.7935366900513756,0.002790268413263945
1,0,0.6858162395437122,0.3138805029971899,0.00030325745909788154
0,1,0.43363929584723504,0.5638666778970706,0.002494026255694392
0,0,0.5685905007540564,0.43050707091812696,0.0009024283278167037
0,0,0.7802852819768322,0.21913481266337018,0.0005799053597974939
1,1,0.3102902186969657,0.6839154534515199,0.005794327851514323
0,1,0.17369763173960728,0.8195099068549713,0.006792461405421486
0,0,0.5275130170742391,0.47023217547375695,0.0022548074520038807
1,1,0.04520306452986729,0.9290164093497221,0.02578052612041062
1,0,0.6534280493962262,0.3448384079475716,0.0017335426562021885
0,0,0.7753918917878667,0.22387444952351856,0.0007336586886147244
1,1,0.07144633675461239,0.9111450450483416,0.017408618197045905
1,1,0.3508679717486575,0.6464830479581108,0.0026489802932317444
1,1,0.4554040193346182,0.5416409618502221,0.002955018815159556
1,1,0.41591026635594436,0.5823464425258773,0.0017432911181783127
1,1,0.32218554255316584,0.6731497287758202,0.004664728671013921
1,1,0.2680637229972727,0.7258350520073226,0.006101224995404679
0,0,0.5087238041211072,0.4899621507154411,0.0013140451634517094
0,1,0.3865578117826724,0.6106934801238146,0.0027487080935128757
1,1,0.30609389839128964,0.6885210357475294,0.005385065861181016
0,0,0.8581918839959002,0.14162017415826753,0.00018794184583234222
2,2,0.003524144492650142,0.3290927408243744,0.6673831146829754
2,2,0.006641210673993185,0.3392769701880525,0.6540818191379544
1,1,0.38009689041375344,0.6125648780010913,0.007338231585155315
0,0,0.6013253994354074,0.3977922340391803,0.0008823665254124243
0,1,0.42953589462361036,0.5661459912351212,0.004318114141268387
1,1,0.03093901060315407,0.8963387205657846,0.07272226883106128
1,1,0.33371864429657433,0.6581462829549475,0.008135072748477998
0,0,0.745182006051405,0.2546340461592302,0.00018394778936474488
1,1,0.3422542285023571,0.6506954604400572,0.007050311057585783
0,0,0.756329472641664,0.24236046467145492,0.0013100626868811907
1,1,0.08580674011661436,0.8911727199224384,0.023020539960947217
0,0,0.9532517006326485,0.04673824567909276,1.0053688258679199e-05
0,0,0.8225484876197408,0.17691517392534886,0.0005363384549105579
1,0,0.663771240031894,0.3348842867435438,0.0013444732245621984
2,2,0.002423090520346321,0.19546419561694298,0.8021127138627108
0,0,0.8269591390153923,0.1728828021133526,0.00015805887125516712
0,0,0.6813305534182753,0.31759600282651934,0.0010734437552052222
0,0,0.8663892738329423,0.13329573142529882,0.0003149947417590293
0,0,0.9366324316681365,0.06325441226442585,0.00011315606743759223
1,1,0.06311712956172653,0.9073801337256207,0.0295027367126528
1,1,0.05714028594876778,0.9240247957797532,0.018834918271479026
1,1,0.18990085184353264,0.8063799329712108,0.0037192151852565966
0,0,0.5627704133875351,0.433002967362167,0.004226619250297854
0,0,0.5791921166857731,0.4181159169275497,0.0026919663866772137
0,0,0.7800261841853426,0.21974956961021078,0.000224246204446448
0,0,0.5308409990767495,0.4672538983103254,0.0019051026129250515
0,1,0.2337942942720687,0.7588278047636792,0.007377900964252137
1,1,0.08949750412772259,0.8918694791727255,0.01863301669955174
0,0,0.8972452591774364,0.10259434206281763,0.00016039875974585078
1,1,0.18473809482396222,0.8102148055329327,0.005047099643105089
0,0,0.9148452451144532,0.08505601117780508,9.874370774186578e-05
0,0,0.6976160081916614,0.3019667372970919,0.0004172545112468286
1,1,0.015606743929874978,0.8670338215752398,0.11735943449488516
0,0,0.6993381396447255,0.30044143242651944,0.00022042792875511303
1,1,0.4173685578353495,0.5763980656913719,0.006233376473278639
1,1,0.07963456926771058,0.8779855338920817,0.042379896840207876
1,1,0.11787851329239388,0.8256838723304252,0.05643761437718101
2,1,0.15150844885870368,0.5942982265199551,0.25419332462134125
2,2,7.836487236035553e-05,0.012106480810870474,0.9878151543167691
1,1,0.17379257815620935,0.8038119263719402,0.02239549547185043
0,0,0.6269603530510174,0.37044593486192084,0.0025937120870618167
1,1,0.0627825660678464,0.9128081855555106,0.024409248376642934
1,0,0.5814137140575509,0.41612011033272234,0.002466175609726789
1,1,0.26061271665176394,0.7311773938501516,0.008209889498084455
1,1,0.15587713105869871,0.8353258015137114,0.008797067427589796
1,1,0.011625131033918953,0.8824130615518926,0.10596180741418859
1,1,0.08002493615577981,0.8986126567206856,0.021362407123534464
0,0,0.6855585568698084,0.31250576512665074,0.001935678003540793
1,0,0.8058447237901973,0.19376202461807346,0.00039325159172907975
1,1,0.06281616172964172,0.910342588794671,0.02684124947568739
1,1,0.04888526084084027,0.8271027887669611,0.12401195039219867
1,1,0.3999884038807014,0.5959838177805685,0.004027778338730135
1,1,0.13626478497902653,0.8411620159496433,0.022573199071330173
1,1,0.24273616814445373,0.7506739720394472,0.006589859816099082
0,0,0.5657597655202368,0.4303455219539521,0.003894712525811214
1,1,0.11443089959454456,0.8388175364087654,0.046751563996690136
0,0,0.8828353713642304,0.1169153868486136,0.0002492417871559127
0,1,0.4696055939717788,0.5284594795976543,0.001934926430566886
0,1,0.38210901765377253,0.6144943611625958,0.0033966211836316917
1,1,0.3143927769591313,0.6820988428094078,0.0035083802314608754
0,0,0.6800959111586016,0.3194307005641448,0.00047338827725350514
1,1,0.33879453265077847,0.6531951496234217,0.008010317725799788
0,0,0.8837374837222116,0.11599504683279613,0.0002674694449921317
1,1,0.11720911633627253,0.8700768035090778,0.012714080154649745
1,1,0.34988356646600915,0.6407079355402613,0.009408497993729503
1,1,0.05540194802042349,0.5549529407860687,0.38964511119350775
1,1,0.14383291709304122,0.8417030668382818,0.014464016068677027
0,0,0.7421020327411402,0.256806722356782,0.001091244902077895
0,1,0.08849704593779363,0.8708148756041558,0.040688078458050655
0,0,0.8920986423559638,0.10779342874608283,0.00010792889795337804
1,1,0.3403015504842098,0.6560338727463424,0.003664576769447778
0,0,0.7381442248290125,0.26131650625718666,0.0005392689138008153
0,1,0.35945329713753876,0.6274891691347579,0.013057533727703343
1,0,0.7252001787752775,0.2744366526494822,0.00036316857524033223
0,0,0.7388643970965684,0.2603271763063757,0.0008084265970559426
0,0,0.8842576475825784,0.11522641740272475,0.0005159350146969294
1,1,0.3278002129577725,0.6660597720683918,0.006140014973835529
1,1,0.46526008820869796,0.5319173647949462,0.00282254699635577
0,1,0.21981481759132382,0.7751284172773301,0.005056765131346072
1,1,0.4594892350887315,0.5384502763541525,0.0020604885571159945
1,1,0.02897962632055191,0.9330891591986632,0.03793121448078503
2,2,4.776184122513962e-06,0.002512260408672089,0.9974829634072054
1,1,0.14954319590801518,0.8426562351418904,0.007800568950094309
1,1,0.2665811677223688,0.7220792764612419,0.011339555816389377
0,1,0.19375094775089263,0.7879111589226836,0.01833789332642388
0,0,0.6469817336196647,0.35170960101578563,0.001308665364549724
2,1,0.009516825774958658,0.5679010067189607,0.42258216750608063
1,1,0.3103652955311062,0.6837833037041093,0.005851400764784617
1,1,0.45825754880356345,0.5384792769344318,0.0032631742620048707
1,1,0.4745673631022038,0.5228674669261979,0.0025651699715982836
1,1,0.270185560877853,0.7198264867733097,0.009987952348837292
1,1,0.3618864072602344,0.6338680861303534,0.004245506609412266
1,1,0.3293854664367478,0.6666684316789516,0.003946101884300616
0,0,0.6787387197968762,0.3208248899407115,0.0004363902624123501
1,1,0.2772201688830696,0.7126705307683024,0.01010930034862795
1,0,0.8244540917293139,0.1752579291959601,0.0002879790747258953
0,0,0.8448651240502406,0.15490340201255026,0.00023147393720906304
0,0,0.8324498813457843,0.16728417945768242,0.00026593919653323454
1,1,0.1077084381478843,0.8444445653775751,0.04784699647454057
1,1,0.13048155577445827,0.8583091053935947,0.011209338831946946
1,1,0.04491621232113254,0.919981897494697,0.03510189018417044
1,1,0.4805350621041936,0.5181464673316312,0.0013184705641751473
1,0,0.6590003061210986,0.33864507140430655,0.0023546224745948944
1,0,0.6135501569607748,0.3857402312008004,0.0007096118384248637
1,1,0.2056185968880601,0.7832612338883334,0.011120169223606608
1,1,0.18353827589928745,0.8089606958741923,0.0075010282265201055
1,1,0.1755701562403551,0.8071818483404801,0.01724799541916481
1,1,0.41117748335049237,0.5801643231834447,0.008658193466062808
0,0,0.7537204197572728,0.24553985690113087,0.0007397233415962936
0,0,0.6362584948233002,0.3620134517394025,0.0017280534372971967
2,1,0.07853579086655017,0.9068560477161844,0.014608161417265361
0,0,0.7500655123251071,0.24930998057822776,0.0006245070966651438
0,0,0.6896008572413027,0.30966814975872703,0.0007309929999703332
1,1,0.38916515204926916,0.6076818739461282,0.003152974004602612
1,1,0.21963488133908543,0.7627566117147896,0.01760850694612495
0,0,0.5684020356655982,0.43038739168907186,0.001210572645329932
0,0,0.6135164054517931,0.38573112830134165,0.0007524662468651516
1,1,0.44227213670573035,0.5514272628722295,0.0063006004220401415
2,1,0.093221698186981,0.5450404086707535,0.36173789314226545
1,1,0.15534101376488843,0.8342395711658351,0.010419415069276383
1,1,0.13562296698774468,0.8482125948612866,0.016164438150968796
1,1,0.0956291345581354,0.8217439721676898,0.0826268932741749
0,0,0.832738459349141,0.16673210353014783,0.000529437120711141
1,0,0.6199644992633842,0.37897746285140804,0.00105803788520779
0,1,0.23983100399396087,0.7491878794555924,0.010981116550446703
0,0,0.8136697062454953,0.18585569783498487,0.0004745959195198362
0,1,0.31097003182891103,0.6864036621022594,0.002626306068829531
1,0,0.6680135090904398,0.33129342793125577,0.0006930629783044194
0,0,0.8875108336204346,0.11238294962515115,0.00010621675441411592
0,0,0.82688930305618,0.17299809524066886,0.00011260170315123196
1,0,0.6389389531925961,0.3590275482107957,0.00203349859660817
0,1,0.14292697480150754,0.8193468181514733,0.037726207047019164
0,0,0.8291220333375564,0.17028570619629518,0.0005922604661485922
1,1,0.020905878176839508,0.8824875794946755,0.09660654232848503
1,1,0.15021566589647947,0.8391865319074642,0.010597802196056343
0,0,0.7603384979481597,0.2387226294804062,0.0009388725714340195
0,0,0.5902287126283032,0.40834273392746157,0.0014285534442352078
1,1,0.2516497117609845,0.7435214449287213,0.004828843310294104
1,1,0.2179743276099343,0.7746329167910563,0.007392755599009402
1,1,0.1697555841876688,0.82070009208649,0.009544323725841271
1,0,0.5795092497416002,0.41903163558721074,0.0014591146711891254
2,2,0.00030794868902669274,0.08554768650897285,0.9141443648020006
0,1,0.42701552843112195,0.5685960889103812,0.004388382658496952
1,1,0.11582116984154507,0.8744480124701532,0.009730817688301707
1,1,0.2976446111113607,0.6836517100888848,0.018703678799754455
1,1,0.0638216414752043,0.9121114895523212,0.0240668689724745
2,2,2.6266667139246182e-06,0.0011080286785048695,0.9988893446547812
1,1,0.23844104461961352,0.7460021386456686,0.015556816734718093
1,1,0.46199162521814735,0.5350772691047228,0.0029311056771299305
1,1,0.056934440797045856,0.9035334170558461,0.03953214214710791
2,2,0.0027003397971670606,0.14886436201684727,0.8484352981859856
0,0,0.6606093206377118,0.3372883492683194,0.0021023300939687142
1,1,0.02554405513717406,0.8763445543271107,0.09811139053571546
0,0,0.8443310249637899,0.155149013026944,0.0005199620092660471
1,1,0.13935045156828632,0.8477626657850754,0.012886882646638165
1,1,0.1945763622754143,0.7949763807630842,0.010447256961501502
1,0,0.6013799959445819,0.39800029016342603,0.000619713891992
2,2,0.0005611522456870415,0.07548431029090132,0.9239545374634116
2,2,0.0034013705117447437,0.2106563554760957,0.7859422740121595
0,0,0.5992556135283907,0.39915787064933483,0.0015865158222744902
1,1,0.22545001342029117,0.7661718332206944,0.008378153359014618
0,0,0.5360639240216302,0.46186960385284526,0.0020664721255244964
0,1,0.36861258060154717,0.6262562504380214,0.005131168960431487
1,1,0.025892344910194535,0.8634388178005592,0.11066883728924615
1,1,0.1660750469317685,0.8278604225368769,0.006064530531354593
0,0,0.701131506914666,0.29748504079322957,0.0013834522921046292
1,1,0.423043073206128,0.5733745344621688,0.0035823923317031808
1,1,0.4320441364933645,0.5634590996221652,0.00449676388447024
1,1,0.294820825549683,0.6995871663363915,0.005592008113925639
1,0,0.7725991420776487,0.2267777640390994,0.0006230938832518612
0,1,0.3477553938572537,0.6448234510079522,0.007421155134793923
2,2,0.0006508623682900651,0.13079010213169776,0.8685590355000122
0,0,0.715980020080594,0.2836880531180112,0.00033192680139478297
0,0,0.7146488513753346,0.2841799523568453,0.00117119626782005
1,1,0.283014502642506,0.710159534240265,0.006825963117229084
0,0,0.52779079180011,0.46878423175136563,0.00342497644852434
0,0,0.5575400268493881,0.4413212159694996,0.0011387571811124395
1,1,0.26762989423687406,0.7196788789513483,0.012691226811777659
0,0,0.8059198354731073,0.19363309327334285,0.00044707125354984237
0,0,0.8807623599069708,0.11901073088089872,0.000226909212130416
1,1,0.1889420706713888,0.8053147599081051,0.005743169420506164
1,1,0.29956425681101484,0.6951909390728805,0.005244804116104658
1,1,0.20688529646354395,0.7766262520798206,0.016488451456635408
0,0,0.6921139701579362,0.30712979783910244,0.000756232002961344
1,1,0.3806885337773551,0.617394058750252,0.0019174074723928747
1,1,0.047400779261440464,0.9199733113633572,0.03262590937520228
1,1,0.1777580365266765,0.8125437057437841,0.009698257729539566
1,1,0.3034027089449891,0.6905957042040665,0.006001586850944421
1,1,0.20782303833714294,0.7732357621589616,0.01894119950389541
1,0,0.6910433052363402,0.30835180020385794,0.0006048945598019566
0,0,0.7260791295565164,0.27336404520756674,0.0005568252359168109
1,1,0.15235127035301824,0.814185526918333,0.03346320272864868
1,0,0.763032966968066,0.2365425264236828,0.0004245066082512327
1,1,0.057734192818741197,0.8814559575869769,0.06080984959428169
1,1,0.20338913039618092,0.7732462217286173,0.023364647875201743
0,0,0.7479368612462439,0.25145922264912635,0.0006039161046298578
1,1,0.4147626393615528,0.5794913968189002,0.005745963819547032
1,1,0.137841864039934,0.8568532696442259,0.005304866315840015
0,0,0.8639231250664903,0.13584517106236155,0.00023170387114812536
1,1,0.12576143174113433,0.8656951180252407,0.008543450233625176
0,1,0.2956807544624546,0.6980731179974796,0.006246127540065839
1,1,0.30221687671609926,0.6946778508627623,0.003105272421138394
0,0,0.870790993166103,0.12894055458294218,0.0002684522509547505
1,1,0.057584171968931126,0.9037131866786232,0.03870264135244583
0,0,0.6635401027303616,0.33372123459813835,0.00273866267150002
1,1,0.39962963066120527,0.5986508409847932,0.0017195283540016226
0,0,0.7002205337033705,0.2985761697911627,0.001203296505466887
2,2,0.00012028293371011397,0.08360968362591761,0.9162700334403723
1,1,0.32039548656134953,0.6751736467894499,0.004430866649200408
1,0,0.8423099330277924,0.15712722392542128,0.0005628430467861349
1,1,0.05117881921458112,0.9102652681536303,0.03855591263178852
0,1,0.3811804895662419,0.6088208974928351,0.0099986129409229
1,0,0.6487508061028662,0.3506726551801752,0.0005765387169587168
1,0,0.6696902533636843,0.32926632617833423,0.0010434204579815678
1,1,0.16772461566834534,0.8118486324221422,0.020426751909512503
1,0,0.6665425247365656,0.33261884307428197,0.0008386321891523987
0,1,0.05572445542253849,0.8735307495968887,0.07074479498057298
1,1,0.4680391673160541,0.5282874024969493,0.0036734301869966483
1,1,0.033145858243456956,0.9266919037489628,0.040162238007580196
1,1,0.17099520927940837,0.8178297495869161,0.011175041133675628
0,0,0.7235612413972531,0.2750086763974508,0.0014300822052961328
0,0,0.7445812465081495,0.2549810121528858,0.0004377413389646443
0,1,0.4140861511912272,0.5796462730770224,0.006267575731750465
1,1,0.18049099917701136,0.7997826964513185,0.019726304371670042
1,1,0.2882591026536481,0.7061518545140579,0.005589042832293979
1,1,0.1374786082005246,0.8550815660285132,0.007439825770962368
0,1,0.24293691832361397,0.7412603457372483,0.01580273593913778
0,0,0.6837825848109907,0.31533285752028495,0.0008845576687243531
0,1,0.33149799993212475,0.6561918040803637,0.01231019598751148
1,1,0.36463047557291406,0.6321963647922738,0.0031731596348122336
2,2,0.0019707009230160843,0.21603108251161285,0.781998216565371
1,1,0.35510437035147824,0.6401556698301849,0.004739959818337013
0,0,0.6353686434037547,0.360802064311243,0.0038292922850023683
1,1,0.3665783426893208,0.6228049762269635,0.010616681083715713
1,1,0.27695098080875113,0.7192688916116502,0.0037801275795987877
1,0,0.6500982702920379,0.3479336596138906,0.0019680700940714587
1,1,0.12375362703523032,0.8583348026292648,0.017911570335504928
0,0,0.5966090208347622,0.40241739108713287,0.0009735880781049475
1,1,0.40963831170037057,0.5826166579212134,0.007745030378415882
0,1,0.4714268980736526,0.523871885215827,0.004701216710520351
1,0,0.8083528339122605,0.1911286960446666,0.0005184700430728838
0,0,0.5039510694478746,0.49435413568478237,0.001694794867343035
0,0,0.9089607646087989,0.0909480647629275,9.117062827358125e-05
0,0,0.8503790338451465,0.14924813217307628,0.00037283398177713695
2,2,0.03242985049560527,0.4431209378462095,0.5244492116581853
0,0,0.5050755449154986,0.4916286777080342,0.0032957773764671484
0,0,0.7961082320905786,0.20314321125491797,0.0007485566545033698
1,0,0.5022565904232442,0.4938095591925691,0.003933850384186643
1,0,0.7316962355054611,0.26793736877738883,0.00036639571715008735
1,0,0.5299123622676367,0.4689871762554927,0.0011004614768704492
0,0,0.8156176856221306,0.18399126766731635,0.0003910467105530993
0,0,0.8263230197964373,0.1733523470536755,0.00032463314988716703
1,1,0.3799192661277991,0.6090917681007728,0.01098896577142821
0,0,0.9729965493021685,0.026969849908690932,3.360078914065591e-05
1,1,0.0630831510791898,0.9186039019644168,0.018312946956393423
0,1,0.38255986744698584,0.6140888278458047,0.0033513047072095217
1,1,0.24880357758806138,0.7440510671016084,0.007145355310330204
1,1,0.23488167943867386,0.7576323960079271,0.007485924553399085
0,1,0.27712455505059425,0.7052577565560235,0.0176176883933823
2,2,0.003802765920529666,0.25134239576487927,0.7448548383145911
1,1,0.0855336738311919,0.8699707890120654,0.04449553715674281
0,0,0.6099135352378422,0.3885017423082687,0.001584722453889092
2,2,0.00016830791389232065,0.07424340047961343,0.9255882916064941
0,1,0.375773969696052,0.6131293710168023,0.011096659287145713
2,1,0.0803595693284879,0.8894866515063247,0.030153779165187394
0,1,0.330131976178571,0.666595698920087,0.003272324901341989
1,0,0.6384027688572914,0.35874381031271063,0.0028534208299980384
2,2,0.001203634434785081,0.09852016049924804,0.9002762050659668
1,0,0.8700523193085399,0.12979223039448157,0.00015545029697852484
1,1,0.11374656335653187,0.875988503704611,0.010264932938857229
1,1,0.051984572376495494,0.9224042906147732,0.025611137008731195
0,0,0.7275628538289406,0.2710870317726594,0.0013501143984001025
2,2,0.0288509681161626,0.4840458242321968,0.4871032076516407
1,2,0.011039369807900122,0.3521782425936178,0.636782387598482
1,0,0.6275503483957036,0.3702986262321028,0.0021510253721937524
1,1,0.22959850190368375,0.7489237439393199,0.02147775415699628
0,0,0.5397693820365673,0.45927505239099276,0.0009555655724398669
0,0,0.6150107328980686,0.3837173128863108,0.0012719542156206754
1,1,0.08976209518357216,0.8915516046675256,0.0186863001489023
0,0,0.5372042522676775,0.46112373775137144,0.001672009980950991
1,1,0.279950098781194,0.7042189209665913,0.015830980252214695
0,0,0.6141248321439546,0.3854842652418323,0.0003909026142129766
1,1,0.21082861170768408,0.7804708959975973,0.008700492294718492
1,1,0.2599334721089936,0.7365435637894693,0.003522964101537191
1,1,0.09253506491333334,0.8926047027216558,0.014860232365010988
1,1,0.36381624383542827,0.6289201972050796,0.007263558959492026
0,1,0.45487484701747977,0.5422443744356567,0.002880778546863525
1,0,0.6481622264961875,0.3506089516293085,0.0012288218745040423
1,0,0.5265660222840289,0.47124556346142854,0.0021884142545424965
0,0,0.6292722565930637,0.36851280178940626,0.002214941617530056
1,1,0.20379044468627347,0.7885581080663064,0.007651447247420109
2,2,0.006532026035475254,0.27976699245604597,0.7137009815084788
0,0,0.8093362570643493,0.19004539122616287,0.000618351709487718
1,1,0.25540372881465156,0.728451678730369,0.01614459245497942
0,1,0.3632188282838942,0.6321424809664257,0.004638690749680017
0,0,0.817229853874729,0.1823734480700894,0.00039669805518153037
1,1,0.10624298500391458,0.8658180183471054,0.027938996648979864
1,1,0.2837763971850423,0.7112146434548012,0.005008959360156389
1,2,0.003619000578363047,0.20633725445564005,0.7900437449659968
0,0,0.6486377949222568,0.3496556161224771,0.0017065889552659841
1,1,0.38257716273575526,0.6121980389402448,0.005224798323999931
1,0,0.5963800024179331,0.40190648144905167,0.001713516133015185
1,1,0.14312530228623468,0.8499379919015839,0.006936705812181389
0,1,0.3723353437655639,0.6232219186735789,0.004442737560857231
1,1,0.4840397716249797,0.5136913402753697,0.002268888099650548
0,1,0.22331773371794336,0.773064998854048,0.0036172674280087096
0,0,0.9236974920474218,0.0762536576022598,4.8850350318382736e-05
1,1,0.17517423125456807,0.8199585552325085,0.004867213512923465
1,1,0.16305885351452526,0.7920349191363183,0.044906227349156426
1,1,0.30367862983054217,0.6931015734556082,0.0032197967138495025
0,0,0.5303364967025458,0.46757908111333246,0.0020844221841218313
0,1,0.4663878514417288,0.5324188302753613,0.001193318282910004
1,1,0.15897279776344161,0.8295232791018182,0.01150392313474016
0,0,0.6224228465877457,0.37648031202650056,0.0010968413857538309
0,0,0.7935488108795848,0.2055989879201492,0.0008522012002658786
2,2,0.0015993022336582743,0.18007457258971943,0.8183261251766222
1,1,0.45137721594428026,0.545268243324122,0.0033545407315976397
1,1,0.39355309432898866,0.6017814467134414,0.0046654589575699755
0,0,0.7569861728485381,0.24240636136791247,0.0006074657835494149
0,0,0.5974308920005991,0.40157718983885565,0.0009919181605453971
0,1,0.3265954579610759,0.6687313641915642,0.004673177847359774
1,1,0.0345979922107009,0.903020075217547,0.06238193257175205
0,0,0.7761487916771436,0.22263816607295167,0.0012130422499046904
2,2,0.00042629163367431975,0.10092903491181476,0.8986446734545109
1,1,0.2644466779077753,0.733396042274599,0.0021572798176256224
0,0,0.7322043053050074,0.26737862283136654,0.00041707186362608377
1,1,0.47401582935784253,0.5238257312171681,0.0021584394249893973
1,1,0.06461199492372377,0.8869123516785071,0.04847565339776904
1,1,0.3528117353886142,0.6364803629415726,0.010707901669813233
0,1,0.3176889912358051,0.6688892958451274,0.013421712919067578
2,2,0.0038491649683231144,0.3737400617503826,0.6224107732812942
0,0,0.5621857338893823,0.4361799041023401,0.0016343620082775775
2,1,0.018537359828262243,0.6670600342370839,0.31440260593465397
1,1,0.035053588557062317,0.8632893995467422,0.10165701189619557
0,0,0.5138068802774818,0.48446705608244095,0.0017260636400772736
2,2,0.00255943694331076,0.23024676777079583,0.7671937952858935
1,0,0.8803109646456013,0.11948736776393011,0.00020166759046860884
1,1,0.019013551088337063,0.6764867179035866,0.3044997310080763
0,1,0.4888368730909279,0.5055325621273257,0.005630564781746546
0,0,0.5378695506626613,0.4610933777460355,0.0010370715913032456
0,1,0.18856384813955154,0.7956234106354642,0.01581274122498427
2,2,0.017863392676136257,0.3496729749333025,0.6324636323905612
0,0,0.8859006728379621,0.11398524442003775,0.0001140827420001593
2,2,0.009505141680567965,0.2878590810866571,0.702635777232775
0,0,0.7768856041124012,0.2228315358245679,0.00028286006303098257
1,1,0.2858587452093574,0.709115118429637,0.0050261363610056425
1,1,0.46258033634362333,0.5331714698522205,0.004248193804156135
0,1,0.09837368053980483,0.8607804410704146,0.040845878389780675
1,1,0.03167595036623282,0.9115704076708835,0.05675364196288373
1,1,0.08574274250314565,0.862770607032909,0.051486650463945446
2,2,0.00013145156212180514,0.012136068288539484,0.9877324801493388
0,0,0.7269774768110278,0.2724310444327411,0.0005914787562312763
1,0,0.7278332630530286,0.2716600113692661,0.0005067255777052447
1,0,0.5011409657738412,0.497542207839962,0.0013168263861967904
1,0,0.7312588025881396,0.26767791036235017,0.00106328704951027
0,0,0.5414180514547882,0.45691153334521845,0.0016704151999934497
1,0,0.5034734069607815,0.4930424849216061,0.003484108117612314
0,0,0.6373510788760147,0.36052267550373707,0.0021262456202481386
1,1,0.4457951348719376,0.5528320380213908,0.0013728271066716826
1,1,0.35661095463834624,0.6374179115989793,0.0059711337626745025
1,2,0.005734856168140844,0.2274020871130751,0.7668630567187841
0,0,0.7361703304118801,0.2633764170510522,0.0004532525370678698
1,1,0.3032753463203939,0.6926007980700964,0.004123855609509725
1,1,0.2736366364506803,0.7220374687778993,0.00432589477142044
2,2,0.005182004117143577,0.33146270865819594,0.6633552872246605
2,2,0.005018645790764809,0.2555960227563842,0.739385331452851
1,1,0.3168662266161603,0.6804952525473752,0.0026385208364643805
0,0,0.5844631760738631,0.41490616437526784,0.0006306595508689724
1,1,0.10226786013669292,0.8483815973602409,0.04935054250306625
0,0,0.6303383466731798,0.3684734865989201,0.00118816672790016
1,1,0.46344704067175824,0.5355550211988777,0.000997938129364162
0,1,0.2674142136719021,0.7236431501038493,0.008942636224248481
1,1,0.07163439820538668,0.8810581036868049,0.047307498107808356
1,1,0.05623880533722032,0.9147416718965021,0.029019522766277457
1,1,0.3361045387904548,0.6545723267831498,0.009323134426395341
1,1,0.30695989926418515,0.6875546973030165,0.005485403432798391
0,0,0.49919249458657994,0.4982732613550317,0.0025342440583882857
1,0,0.581826782090454,0.4172185229624732,0.0009546949470728918
1,1,0.12691757422462005,0.8338376722375231,0.039244753537856746
2,2,0.02446515217554744,0.4281936042102276,0.5473412436142249
1,1,0.41688156557864703,0.5707839100507329,0.012334524370619994
1,1,0.1743541775980357,0.8180107252928992,0.0076350971090651115
0,0,0.8416751422797987,0.15803679163752404,0.00028806608267733385
0,1,0.3047830959363895,0.6901403765452364,0.005076527518374117
1,1,0.3492443512202955,0.6390290193886469,0.01172662939105761
1,1,0.3392523231135565,0.6573219628001054,0.0034257140863381713
0,0,0.7705315793792307,0.22848175019143008,0.0009866704293391947
0,0,0.8672421316110561,0.13245789502732236,0.0002999733616216786
1,0,0.6028185877739253,0.3967038010103501,0.00047761121572464287
1,0,0.517524938350825,0.47960003638976434,0.002875025259410685
0,0,0.8404524111438044,0.15908689452236394,0.00046069433383151033
1,1,0.0691780235475542,0.8747277282523198,0.05609424820012585
0,0,0.7947389270994024,0.20468091948026718,0.000580153420330498
1,1,0.1747010238829387,0.8134326310258317,0.011866345091229741
0,0,0.7323715665416662,0.2667231241426679,0.0009053093156657978
1,0,0.6272380349089693,0.3709864374141321,0.0017755276768984683
0,0,0.6761960248038564,0.32277573319632374,0.001028241999819921
2,2,0.000956789287412138,0.09887602296637026,0.9001671877462176
0,0,0.6012957935440476,0.3966432867724293,0.0020609196835230923
1,1,0.11138681836298249,0.5885370817595325,0.300076099877485
1,0,0.6826849151941135,0.3165124688673525,0.0008026159385340211
1,1,0.28290790986964187,0.7119711918831585,0.005120898247199665
0,0,0.5484174593286859,0.4490409204875058,0.0025416201838083076
0,0,0.8932360405512128,0.1067114111548529,5.2548293934207654e-05
1,1,0.44280326685482624,0.5507149881430201,0.0064817450021536355
1,1,0.45977447194444626,0.5361815972420405,0.004043930813513232
0,1,0.26630364591196976,0.7282732245335192,0.005423129554511023
0,1,0.34150221932818753,0.6523963681012078,0.00610141257060458
0,1,0.2070748261715349,0.7889138326994186,0.004011341129046499
1,1,0.30868689000327565,0.6870263469370285,0.004286763059695915
1,1,0.3929854709756231,0.6057119478715204,0.0013025811528565125
1,1,0.36299105661803843,0.6293326482658949,0.007676295116066635
1,1,0.307942885596272,0.6871544431131923,0.004902671290535642
0,0,0.6767863449276378,0.32188136985212723,0.0013322852202349014
0,0,0.7582405201407573,0.24149753279038155,0.00026194706886123356
0,0,0.9091472257008627,0.09076460417820947,8.817012092780555e-05
1,1,0.3792056534123169,0.6115962626147047,0.009198083972978418
0,0,0.8285113265355205,0.1703288027857813,0.0011598706786982976
1,1,0.07680859591936759,0.9034163039404878,0.01977510014014455
0,0,0.9413436112422091,0.058553056039887724,0.00010333271790314904
1,1,0.10069205868107012,0.815630576724073,0.08367736459485667
1,1,0.018859603889999646,0.9029186043102482,0.07822179179975204
0,1,0.3478856269810714,0.6500681070283032,0.0020462659906254157
0,0,0.7903820159409994,0.20904526816351124,0.0005727158954892381
2,2,0.008015336902083257,0.29902388728499607,0.6929607758129207
1,1,0.36653575483268813,0.6287674334337705,0.004696811733541377
1,0,0.7665432274573725,0.232564494631698,0.0008922779109296353
1,1,0.20115675533646707,0.7866878893578682,0.012155355305664708
1,1,0.26994482969599987,0.7248905802441593,0.0051645900598407445
0,0,0.640442324308556,0.35738824102287603,0.002169434668568077
1,1,0.13157798193724354,0.8625021481074654,0.005919869955290925
0,1,0.23653040906233597,0.759077080205122,0.004392510732541997
1,1,0.2657217255375448,0.7304459660581321,0.003832308404322997
0,0,0.7581907352777888,0.24148996263309616,0.00031930208911512217
1,1,0.26254641141680873,0.7194921339690518,0.017961454614139376
2,2,9.648688619181887e-05,0.05079827302500053,0.9491052400888076
2,2,4.248400527713646e-05,0.018522060359017982,0.981435455635705
0,0,0.5377687670552683,0.4608740658881384,0.0013571670565933737
1,0,0.5845387735469807,0.4139334836778816,0.001527742775137743
1,1,0.2371023196290588,0.7465174319535564,0.016380248417384818
1,1,0.34302009647997145,0.6550691934379224,0.0019107100821061913
0,0,0.5234125320962727,0.4713730569982885,0.005214410905438731
2,2,0.007613819808842314,0.2894450302079684,0.7029411499831894
2,2,1.3257637436870003e-05,0.02506102636463861,0.9749257159979244
1,1,0.43621409818311446,0.561444195771255,0.002341706045630445
1,1,0.08110544289748396,0.8684698499129875,0.050424707189528455
0,0,0.7053498747549446,0.29381943958434664,0.000830685660708694
1,1,0.398098547200061,0.5995454706420907,0.002355982157848225
0,0,0.8003142902211839,0.19949976035039946,0.00018594942841670598
0,0,0.8417600645770281,0.1579854522564188,0.0002544831665531291
0,0,0.6375646130945277,0.3606450447650991,0.001790342140373172
0,0,0.711692716176451,0.28739805357804243,0.0009092302455065944
1,1,0.429534360403541,0.5653250066687544,0.005140632927704608
1,1,0.06094390092885235,0.9181540120026571,0.0209020870684905
1,0,0.6875638941350511,0.3107025906131527,0.0017335152517961754
1,1,0.4749579030238376,0.5226699865462487,0.002372110429913711
0,0,0.6767275132147672,0.32203200793177295,0.001240478853459849
0,1,0.2779821628224641,0.712252966946885,0.009764870230650995
1,1,0.48597660741934545,0.5118089541746195,0.0022144384060350107
2,2,0.0003413039935286962,0.04127578888086809,0.9583829071256031
1,1,0.27231563981875007,0.7248565239947036,0.002827836186546461
1,1,0.3536031057029637,0.6396668844695382,0.00673000982749807
0,0,0.7674117000998392,0.23227684099182683,0.0003114589083340934
2,2,0.010348038607863633,0.3268529470952638,0.6627990142968726
0,0,0.7490038670653045,0.24994124308377402,0.001054889850921485
0,0,0.5678749327284188,0.4296061439644498,0.0025189233071314238
0,1,0.3072659470949021,0.6849366559508353,0.007797396954262598
0,0,0.8407197074558992,0.15888173735908737,0.0003985551850133383
1,1,0.2795360725488776,0.7037292758527428,0.016734651598379613
2,2,0.0001330254343548008,0.06897336223218928,0.9308936123334559
1,1,0.24433306487074136,0.744361752699818,0.011305182429440588
1,0,0.5148363014336578,0.4830079281270352,0.0021557704393069615
1,0,0.5622366293632519,0.4351431196366895,0.002620251000058526
0,1,0.4924604926309476,0.5044492367132596,0.003090270655792803
1,1,0.17109451928322772,0.8245501822799753,0.004355298436797036
0,0,0.7905527793314227,0.20905302079487253,0.0003941998737047721
0,0,0.7860213493489846,0.21372045406940884,0.00025819658160649363
0,0,0.8928869420226957,0.10702528471023373,8.777326707038702e-05
0,0,0.874713784240361,0.12504235341396122,0.00024386234567767698
0,1,0.24923986562752376,0.7374490573124386,0.013311077060037743
0,1,0.4913436082725646,0.5075881595971021,0.0010682321303331313
2,2,0.01107417323713095,0.33058174922475875,0.6583440775381102
1,1,0.18485948174619668,0.809198912410044,0.005941605843759252
1,1,0.2811410461408683,0.7121841329481787,0.0066748209109530185
0,0,0.8208774620549114,0.17887496543088513,0.00024757251420339324
1,0,0.5179292930784369,0.48125487226461816,0.0008158346569448682
1,1,0.411833748216848,0.585492581572583,0.002673670210568975
0,0,0.6533005587246143,0.3454786783387293,0.0012207629366563094
0,0,0.80217720683158,0.19767144713974008,0.00015134602867983933
1,1,0.10199366689836183,0.8755289336773808,0.02247739942425733
1,1,0.12730271809292476,0.8486820113689986,0.024015270538076502
1,1,0.2473633451119804,0.7458003106321758,0.006836344255843724
0,0,0.8356380734890299,0.16397315391458728,0.0003887725963828178
1,1,0.3250623287889917,0.6644054884901972,0.010532182720810924
0,0,0.720741398897193,0.2790544654999132,0.00020413560289391883
0,0,0.5938748165639112,0.40471642969469473,0.0014087537413941776
0,1,0.4609980062747043,0.5376819928003518,0.0013200009249439892
0,0,0.8794161457676033,0.12023040543570383,0.00035344879669281
0,1,0.16614568148614528,0.8190656386928212,0.014788679821033443
2,2,0.00010534592824952628,0.04551182779013173,0.9543828262816189
1,0,0.5979464728972725,0.4012885340992912,0.000764993003436297
0,0,0.7858216667295134,0.21313884073959577,0.001039492530891008
0,0,0.8784000784580985,0.12140585746999336,0.00019406407190810106
1,1,0.2759429895274971,0.7204414368315534,0.003615573640949636
0,1,0.1518604596691598,0.8334651211701427,0.014674419160697524
1,1,0.42032086731254,0.5755268560963687,0.004152276591091369
0,1,0.23248140137155968,0.7559020433716941,0.011616555256746252
2,1,0.03325706672706543,0.7347222194064117,0.23202071386652293
1,0,0.6136315073348924,0.3854833859308392,0.0008851067342684665
1,1,0.47140291151644387,0.5272635293545361,0.0013335591290199787
1,1,0.24998061900739443,0.732758272483007,0.017261108509598767
1,1,0.26063268392554817,0.7302778980383223,0.009089418036129377
1,1,0.1367176999495918,0.8476928688373031,0.01558943121310498
0,0,0.898678217654739,0.10115721781389679,0.00016456453136421526
0,0,0.780295886761263,0.21911221706647993,0.00059189617225721
0,0,0.5598137502117942,0.4393067711099548,0.0008794786782508709
1,1,0.1826910600910408,0.7485645483851248,0.06874439152383446
1,1,0.3824512834342066,0.6126648367775768,0.004883879788216737
0,0,0.7796478239512461,0.21988900703715733,0.00046316901159648846
0,0,0.8794787606795849,0.12013623483189632,0.00038500448851894675
1,1,0.15665031918180677,0.8188526808200475,0.024496999998145773
1,1,0.13188699471256607,0.8522502124816381,0.015862792805795854
1,1,0.4698388223045028,0.523590854825163,0.006570322870334245
1,1,0.19657037443347702,0.7887962182506653,0.014633407315857695
1,1,0.1490100907738907,0.8390038268136494,0.011986082412459841
2,2,3.860018337217621e-05,0.008877124760932033,0.9910842750556957
0,0,0.8389414938938744,0.16075450286965925,0.0003040032364663526
0,0,0.8736249191160076,0.12619285280534748,0.00018222807864505446
0,1,0.3231402093668535,0.6748371297111811,0.0020226609219653256
1,1,0.09077384567384125,0.8670547797843445,0.04217137454181401
1,1,0.33679602574441975,0.651008627927632,0.012195346327948222
0,0,0.7514756724846885,0.2478165068397645,0.0007078206755469375
1,1,0.21545811362984582,0.7698086941002508,0.014733192269903583
0,0,0.6547214634978268,0.3445572200806973,0.0007213164214759545
2,2,0.0027320606788427703,0.18311668736006015,0.8141512519610971
0,1,0.3801696494661214,0.6178276926905805,0.0020026578432979546
2,1,0.05266824537244516,0.8702429564083434,0.07708879821921162
1,1,0.04187686183388628,0.9038894186158337,0.0542337195502801
1,1,0.15983873360031356,0.8364780539501195,0.003683212449566816
1,0,0.5374708984635469,0.45734364010936596,0.005185461427087076
2,2,0.0029618160968033075,0.13211036883122013,0.8649278150719765
1,1,0.35327743657008526,0.6450794347705577,0.0016431286593570225
1,1,0.025336371896264382,0.9193989924492686,0.05526463565446698
0,0,0.6430722994481916,0.35617503920966104,0.0007526613421474552
1,0,0.5126853034666851,0.48602109415819655,0.0012936023751184632
1,1,0.059173567420924625,0.8811018892604385,0.05972454331863682
0,0,0.7337751337590719,0.2647456465006968,0.0014792197402312209
1,0,0.770935409206927,0.22873023853600025,0.0003343522570726398
1,1,0.046538108054169726,0.9161119986040736,0.0373498933417568
0,0,0.8649818556618977,0.13481757339860692,0.00020057093949534574
1,1,0.2466904342797142,0.7390214590515334,0.01428810666875244
1,1,0.27877389626065746,0.7136897665345161,0.00753633720482643
0,0,0.8642723404649187,0.13541196302712583,0.000315696507955492
2,2,0.003133009616421355,0.21763543520277912,0.7792315551807996
1,1,0.041829041240822325,0.9146293876306019,0.04354157112857565
1,1,0.17353257904954583,0.8186191414571184,0.007848279493335594
1,1,0.45902389926848514,0.5328288458868414,0.00814725484467342
1,1,0.18980846070414972,0.796593039763625,0.013598499532225108
0,1,0.4921391789593447,0.5038037010215346,0.004057120019120706
2,2,0.003067589967802965,0.1959804825040359,0.8009519275281611
2,2,0.00260706031371777,0.18929901196597618,0.808093927720306
1,1,0.38772203731029337,0.6024340168645245,0.009843945825182073
1,0,0.6651977922008203,0.3341015755846006,0.0007006322145792367
1,0,0.5559031391583819,0.4431900925789825,0.0009067682626355831
1,1,0.3113980228730061,0.6835631505565275,0.00503882657046636
1,1,0.4149312245170273,0.577218490266706,0.007850285216266814
1,1,0.2034178448474098,0.7902572134662209,0.006324941686369247
2,2,0.0060999266722133625,0.251574085049385,0.7423259882784016
0,0,0.5633610117588358,0.4354311068015393,0.0012078814396249533
0,0,0.6939932899817067,0.304976703295085,0.0010300067232083135
1,1,0.10086677292170708,0.8655417624706826,0.03359146460761025
0,1,0.19829752088637007,0.798022150668534,0.003680328445095863
1,1,0.0535698940220176,0.8932039471319888,0.05322615884599341
1,1,0.1402086007870947,0.837614935154619,0.022176464058286088
0,0,0.5625962156226617,0.4343307167262922,0.0030730676510460717
1,1,0.15641076001517504,0.8307561995041102,0.012833040480714718
1,1,0.2330590859585208,0.761390939259411,0.00554997478206812
1,0,0.7890502012262394,0.2105346718311812,0.0004151269425792727
1,1,0.14244884830318888,0.8463619772994887,0.011189174397322373
1,1,0.466578690783692,0.5306762038537126,0.002745105362595435
0,0,0.5363474141039,0.46181849395395635,0.0018340919421436282
1,1,0.22293549716261138,0.7666640064174357,0.010400496419952943
0,1,0.2750271107819991,0.7195557854851914,0.005417103732809623
1,1,0.3355098503330503,0.6560871482763027,0.008403001390647034
1,1,0.21500047587967516,0.774583700163199,0.010415823957125836
1,0,0.5121404988484837,0.4861536060404031,0.0017058951111132063
0,0,0.7601043402796294,0.2391567699286224,0.0007388897917483034
1,0,0.8328290685793913,0.16675531225448426,0.0004156191661244716
1,1,0.3007259127766971,0.6910021076688937,0.00827197955440935
1,1,0.21296963090988721,0.7829810425541847,0.004049326535927997
1,0,0.8193534058840987,0.18040205323189695,0.0002445408840044516
1,1,0.16382071346121205,0.8297148499748319,0.006464436563956055
0,0,0.8218635051891854,0.17757958603159488,0.0005569087792199057
2,2,0.00012413482599062022,0.05849515365472969,0.9413807115192797
1,1,0.26490075470551355,0.730781938294759,0.004317306999727493
0,1,0.28403834863758964,0.7108634949952667,0.005098156367143557
2,2,0.001837820901686591,0.1257082191401379,0.8724539599581755
0,1,0.09116854663106254,0.895188702413894,0.013642750955043496
2,2,0.008666529155955923,0.2847718792275218,0.7065615916165223
1,1,0.34945853032652924,0.644984849627706,0.005556620045764914
1,0,0.904275030880791,0.09559591908355534,0.0001290500356536359
0,1,0.3457878237000504,0.6501505427035527,0.004061633596396826
1,1,0.20378560890950279,0.7892658546959885,0.00694853639450866
1,0,0.6715485366013728,0.3270723906131875,0.001379072785439634
1,1,0.28470028490160754,0.7123110318372349,0.002988683261157543
0,0,0.5947967824402137,0.4023681229384647,0.002835094621321473
0,0,0.5014008227320101,0.4974802866217979,0.0011188906461920736
0,0,0.6005320133843018,0.3981310314411638,0.0013369551745343572
0,1,0.39775648212184855,0.596243867528878,0.005999650349273338
1,1,0.0446772888781327,0.7346535011819698,0.2206692099398975
0,1,0.4692395550742682,0.5285073451965104,0.0022530997292214204
2,2,0.009450448833417942,0.3914360840499821,0.5991134671166
2,2,0.0020470290302721655,0.2068969135020615,0.7910560574676664
0,0,0.7632555737872577,0.23612198724640146,0.0006224389663407892
0,0,0.8978545676128512,0.10192509506025248,0.0002203373268963237
0,1,0.38163954223920377,0.6123805390603463,0.0059799187004499176
0,0,0.6645485420455446,0.3349210478798299,0.0005304100746255384
0,1,0.3538425133946581,0.6359725786309006,0.010184907974441377
0,0,0.5529410281776502,0.4451713105187871,0.0018876613035625812
1,0,0.5198085736374951,0.4782225860524266,0.0019688403100782976
1,1,0.040337642463031786,0.8845392782377401,0.07512307929922812
1,1,0.4235435207342735,0.5696344832897559,0.006821995975970661
1,1,0.16802345051495104,0.8272599759294256,0.0047165735556233945
2,2,0.00037257123831542765,0.088063123962752,0.9115643047989326
1,1,0.11076596429677325,0.870844612618207,0.018389423085019792
0,1,0.2493483762621748,0.7357100302425424,0.014941593495282807
0,0,0.884561617895667,0.11515877864907363,0.0002796034552593063
2,2,0.002258978107931294,0.281610665592975,0.7161303562990937
1,1,0.1438620996314171,0.8469812286248048,0.00915667174377817
1,1,0.14131257982497922,0.8501609792452631,0.008526440929757666
1,0,0.5341621542640405,0.46099698635467734,0.004840859381282144
1,1,0.1924012282511353,0.7996901185817008,0.007908653167163934
1,1,0.16670533604557242,0.8147455198838711,0.018549144070556498
1,1,0.35833703498739067,0.6321662478778899,0.009496717134719468
1,1,0.2157641696034826,0.7794733798332499,0.004762450563267455
2,1,0.015691300220250504,0.6398248281447322,0.3444838716350174
1,1,0.4124426709813717,0.5856865514957964,0.001870777522831781
1,0,0.693856046582571,0.3055528917363095,0.0005910616811193771
0,1,0.1643766099922031,0.8153359199593448,0.02028747004845206
1,1,0.0411200988379205,0.9158909518114742,0.042988949350605384
0,0,0.8950470387753522,0.1047556121779338,0.0001973490467141006
0,1,0.3637617916142968,0.6293723767557641,0.006865831629939215
0,0,0.7589706686504151,0.24050110448225379,0.0005282268673310195
1,1,0.3380624014658318,0.6573536099159627,0.004583988618205442
1,1,0.35160908345712605,0.6428372525014919,0.0055536640413820695
1,1,0.395747768117867,0.5960114203990632,0.008240811483069882
1,1,0.08615430703278053,0.8933034192299389,0.02054227373728063
0,1,0.09422635012717603,0.8867966669044421,0.01897698296838171
0,1,0.40659214589209275,0.5903045854982868,0.0031032686096203552
0,0,0.6129290174134833,0.38463277665237544,0.0024382059341413365
0,0,0.7748219160950935,0.2246518889029791,0.0005261950019274696
0,0,0.8972068206698904,0.10256684878564008,0.00022633054446957398
0,0,0.5654791847506875,0.43180302038483764,0.0027177948644748033
0,1,0.4223752953299384,0.5714823916229334,0.006142313047128171
0,1,0.3549475313517405,0.6378013136653822,0.007251154982877364
0,0,0.9383686460693096,0.06150233531816049,0.00012901861252988606
0,1,0.4729462840673256,0.5247449285191889,0.002308787413485606
1,0,0.6692225121725321,0.3295154304436291,0.001262057383838742
0,0,0.8699334762469034,0.12982111420328304,0.00024540954981342833
1,1,0.3529515742233655,0.6418032197816502,0.005245205994984321
2,2,0.02329404396656463,0.43798194840852384,0.5387240076249116
1,1,0.02941626224375933,0.9146671862707371,0.055916551485503674
0,1,0.2755569961534877,0.7075550709896993,0.016887932856812844
1,1,0.07565020451446813,0.9039534065217448,0.02039638896378695
0,1,0.05452101424824979,0.8699466360347093,0.07553234971704094
1,1,0.10316841003291904,0.882519786981577,0.014311802985503998
1,0,0.6121555504705725,0.3869725844888249,0.0008718650406028121
1,0,0.6082409527586757,0.38932006081356324,0.0024389864277610676
1,1,0.10612803493164116,0.8773374921874265,0.016534472880932415
1,1,0.1016178170344505,0.8847480724869322,0.013634110478617156
0,0,0.6150723825323778,0.3827851316032854,0.002142485864336729
1,1,0.07535160998856001,0.8854996859128721,0.03914870409856791
0,0,0.7110843968987806,0.2877815138092691,0.0011340892919503886
1,1,0.23709670496963775,0.7528315479764667,0.010071747053895554
2,2,0.00807634088610973,0.3192482807034334,0.6726753784104569
1,0,0.5160560183041845,0.481943055967828,0.00200092572798751
0,0,0.5095597914157958,0.4886812846117557,0.0017589239724484903
1,1,0.2060444832243392,0.7638748515367682,0.03008066523889276
0,0,0.5710476100824876,0.42638325268040644,0.0025691372371060305
0,0,0.6917934530282245,0.3066591250790313,0.001547421892744127
1,1,0.20617111686525513,0.7740639632547592,0.0197649198799856
0,1,0.4436439855993348,0.5491152929325285,0.007240721468136852
0,1,0.19797150871426045,0.7915333569332159,0.010495134352523763
1,1,0.2185541463038763,0.7725542080846731,0.008891645611450576
0,0,0.8757145257135382,0.12409857264981644,0.00018690163664540697
0,1,0.42306499071999965,0.5733736997800711,0.0035613094999293092
1,1,0.11330683073903709,0.8639632894692658,0.022729879791697126
0,0,0.5904328673104163,0.40842417426734984,0.0011429584222339534
0,0,0.8018522713983275,0.19784596604382382,0.00030176255784861806
2,2,6.877892005610973e-05,0.04127456669931014,0.9586566543806337
0,0,0.6746449262441595,0.32449701041984363,0.0008580633359967966
1,1,0.06529566146069687,0.8972345573512273,0.037469781188075826
0,0,0.8960854732910184,0.10376837619963418,0.0001461505093474143
1,1,0.11805710055603386,0.8773954682507781,0.004547431193187997
1,1,0.16938969531493142,0.8234212813395084,0.007189023345560067
0,0,0.6850188671451019,0.313656820093602,0.0013243127612961223
1,1,0.4932230956230355,0.5055629495589027,0.001213954818061873
0,0,0.7393748163974202,0.26036208430223173,0.00026309930034805376
1,1,0.30971729227798606,0.6814124610464911,0.008870246675522827
0,0,0.8561369885205493,0.14373181418472325,0.00013119729472751529
1,1,0.2056909100675576,0.790091057235337,0.004218032697105348
1,1,0.17837066413638278,0.8148994766496401,0.00672985921397707
1,1,0.2665333777797266,0.7274861129247839,0.0059805092954894916
1,1,0.2533806094097059,0.7431512099328225,0.003468180657471623
0,1,0.19288925099154983,0.776258118578204,0.030852630430246112
1,1,0.32604344938800445,0.6603862497827268,0.013570300829268883
1,2,0.009791655599075666,0.42046258562073047,0.5697457587801938
0,0,0.6446597605735991,0.35434590528678206,0.0009943341396189463
1,1,0.08323803421001698,0.9006275574502298,0.01613440833975329
0,0,0.6439795873061341,0.3543797861469594,0.0016406265469064557
1,0,0.7389051236459978,0.2604104410136329,0.0006844353403693826
0,0,0.673187217265616,0.3247561049016178,0.002056677832766118
0,0,0.68989686499602,0.3096150122643402,0.0004881227396398102
1,1,0.07149513068007358,0.904915146009503,0.023589723310423534
0,0,0.6645161462666384,0.33483411129190693,0.0006497424414548539
1,1,0.28450727768097717,0.7123329942930559,0.0031597280259671222
1,0,0.7006012668508681,0.2987862517862174,0.000612481362914349
1,0,0.5994691388028512,0.3996120215736528,0.0009188396234959557
0,0,0.8030708953268919,0.19674789556267053,0.00018120911043761976
1,1,0.2877664510091185,0.7063791198894657,0.0058544291014157165
0,0,0.7464245236363385,0.25264907033196127,0.0009264060317002938
1,1,0.04280646595245166,0.8691662365216357,0.08802729752591248
1,1,0.13219314937558094,0.8541409170752848,0.013665933549134278
0,0,0.7375911841693902,0.26198725191799993,0.00042156391260995
0,0,0.7454522787900684,0.2542568373881223,0.00029088382180925734
1,1,0.4587846989621274,0.5351133527105996,0.0061019483272730865
1,1,0.21182145897934634,0.783745104414912,0.004433436605741617
1,1,0.3249530606912769,0.6689702564623724,0.006076682846350773
1,1,0.26479658624979985,0.7277813003713949,0.007422113378805221
1,1,0.2656497224980018,0.7262079867861717,0.008142290715826509
0,0,0.7315089604560541,0.2677446124691952,0.0007464270747507693
1,1,0.2114963864920733,0.7734008522620535,0.015102761245873191
1,1,0.23149442605921527,0.7607754438616829,0.007730130079101649
0,2,0.030385675272979827,0.44127853003409356,0.5283357946929266
0,0,0.7130463570371112,0.2856494846473357,0.0013041583155532033
0,0,0.745511930738396,0.2539730708258798,0.0005149984357242445
1,1,0.03788532775608271,0.8666773122776968,0.09543735996622045
1,1,0.36245466422832945,0.6323380573313658,0.005207278440304734
1,1,0.4851949472671765,0.5140225787932379,0.0007824739395855133
0,0,0.5655109282388141,0.4334731060706387,0.0010159656905471205
1,1,0.06747242679567818,0.9139937236972632,0.018533849507058636
1,1,0.07937520090700213,0.8891958998261911,0.031428899266806636
0,0,0.7271206156052086,0.2722434695994182,0.0006359147953732087
2,1,0.09125221394604784,0.8792969519593192,0.029450834094633047
0,0,0.6140868662078711,0.3848681222569835,0.0010450115351453267
1,1,0.45513681633185793,0.5426908522552926,0.0021723314128493745
0,0,0.7595402814361341,0.24000987933841075,0.00044983922545524144
1,0,0.6772246147324615,0.3224240491326648,0.00035133613487360463
0,0,0.5716994760566216,0.4273607167023615,0.0009398072410169294
1,1,0.339004454588246,0.6552365374259598,0.0057590079857941495
1,1,0.13804671890671952,0.8399824433879791,0.021970837705301314
0,1,0.37130403920440014,0.6263548503738576,0.0023411104217422513
1,1,0.25950720875021593,0.7303538737681461,0.010138917481637914
2,2,0.006258806392789429,0.3620474767970135,0.631693716810197
1,1,0.20122852411627623,0.7929480806495924,0.005823395234131371
1,1,0.10240336687347797,0.8799935199836904,0.017603113142831577
1,0,0.5947374116376967,0.4020457659516571,0.0032168224106462247
1,0,0.5413618524754489,0.4571892240156561,0.0014489235088950652
0,0,0.6214691353448173,0.3770751312350999,0.001455733420082764
1,0,0.7068083352867632,0.2924031194031768,0.0007885453100599667
1,0,0.8870642020599803,0.11269523971642113,0.0002405582235985077
1,1,0.34968541447359897,0.647509200870327,0.002805384656074032
0,0,0.8348900917829235,0.1647275837963333,0.0003823244207433442
1,1,0.07517543589390849,0.8850810231566489,0.03974354094944255
0,0,0.5405265234721298,0.45842403200970816,0.001049444518161948
2,2,0.0014711844270322721,0.1394056070324614,0.8591232085405064
1,1,0.030320998234280794,0.9299799609102193,0.03969904085549989
0,0,0.8765402803091915,0.12324840457463429,0.00021131511617432047
0,0,0.6888402070541466,0.31090712472397536,0.000252668221877923
0,0,0.9294000319273531,0.07044055325807753,0.0001594148145692908
1,1,0.36273625567112877,0.6308856854656478,0.0063780588632234595
1,0,0.6542512757391169,0.3433490382830974,0.0023996859777857993
0,0,0.5312454541691908,0.4653918454473724,0.003362700383436755
1,1,0.2759656251207755,0.7179434492331814,0.006090925646043099
1,1,0.3691419404740255,0.6299409592616614,0.0009171002643131809
0,0,0.7055573277190264,0.29386983052667276,0.0005728417543008715
1,1,0.09207186866538306,0.8857396993602578,0.02218843197435921
0,1,0.4681119730863424,0.5267900230744663,0.0050980038391913104
2,2,0.0046144330826167375,0.26566146541820895,0.7297241014991743
0,0,0.5922663717886147,0.4065215574300272,0.0012120707813581691
0,1,0.23786545541651663,0.7555884366111643,0.006546107972318908
1,1,0.17798790885910068,0.6385536052734472,0.18345848586745228
1,2,0.01199533589813958,0.3793302779422098,0.6086743861596506
0,0,0.729880114771199,0.26926538568723296,0.0008544995415681294
1,1,0.09978820047115097,0.8809367640589058,0.019275035469943295
0,0,0.5761123270636453,0.4233370717713042,0.0005506011650504363
0,0,0.6798234355677995,0.31884606493606443,0.0013304994961361553
0,0,0.5837358239816953,0.41500037597931955,0.0012638000389850368
1,1,0.02249381420207896,0.8864018681769232,0.09110431762099773
1,1,0.2178710209693468,0.7758175580135324,0.006311421017120984
1,1,0.1624532253138398,0.8208818865137053,0.01666488817245482
0,1,0.2534769081762042,0.7416701464810772,0.004852945342718663
0,1,0.26752255930840557,0.7282370105922404,0.004240430099353977
1,1,0.19882774482754698,0.7849553982142896,0.016216856958163505
1,1,0.3256960656753294,0.6705456297036521,0.003758304621018528
0,0,0.5802009485825586,0.4166790943328751,0.0031199570845663227
0,0,0.9024555457813915,0.09739633180655273,0.00014812241205572807
0,0,0.5813964701787084,0.4174237560235385,0.0011797737977530308
0,0,0.8261147672421388,0.1735879225586118,0.00029731019924955073
0,0,0.8089146106687636,0.19044058443671524,0.0006448048945211224
1,1,0.20547906466546217,0.7735422787262176,0.020978656608320108
1,0,0.5153226058085368,0.476795688100017,0.007881706091446278
1,1,0.4574960005007097,0.5394302977588407,0.0030737017404496403
0,0,0.5888373531417446,0.4090200143599215,0.0021426324983339702
1,1,0.058016360547331995,0.926719391227882,0.015264248224785828
1,1,0.16235738551707968,0.8288221214526729,0.008820493030247505
0,1,0.41513352398661557,0.5779511100294028,0.00691536598398171
1,1,0.12587060613279452,0.8480763088881207,0.026053084979084654
0,0,0.5347204346151282,0.4634906709142378,0.0017888944706339295
1,1,0.09345217737919916,0.8679955012790141,0.03855232134178657
1,0,0.8943305242818985,0.10547487775857915,0.0001945979595224017
1,1,0.13402505973458387,0.8402419699799542,0.025732970285461915
1,0,0.7673406565207149,0.23237522747638534,0.000284116002899684
1,0,0.5799049235337579,0.4186049318234664,0.00149014464277574
2,2,5.376929931636106e-05,0.03612801116406954,0.9638182195366141
0,1,0.32743147828132535,0.663916743234211,0.00865177848446362
2,1,0.131644635841276,0.8395744158133334,0.02878094834539068
1,1,0.33347440660969335,0.6618230154760909,0.00470257791421572
1,0,0.674570085110443,0.3248807673513803,0.0005491475381767407
1,1,0.09713651571100697,0.8652042025041866,0.037659281784806466
2,2,3.0331437245654686e-06,0.0015161904189307817,0.9984807764373447
0,1,0.13666973306209976,0.8458334372820054,0.017496829655894875
2,2,0.002878235571693553,0.29240333853700246,0.7047184258913041
0,0,0.5805271938831214,0.41586232620093816,0.0036104799159404643
0,0,0.9613663903685734,0.038572414329104895,6.11953023217164e-05
0,0,0.6805670055469679,0.3186239105629638,0.0008090838900682159
0,0,0.8307587356951073,0.16895529509361604,0.00028596921127657546
0,0,0.5479229372417067,0.44935445320082523,0.0027226095574681415
1,0,0.5623386394130416,0.43704625007522596,0.0006151105117323026
0,0,0.8284297117607561,0.17129676458571777,0.0002735236535260827
1,0,0.7692082823088717,0.23014270719885335,0.0006490104922749354
1,1,0.244002944588434,0.7403488692270547,0.01564818618451122
1,0,0.5550090622434797,0.4431024228150952,0.0018885149414251256
2,2,0.0013687376680958717,0.16616818399405792,0.8324630783378462
0,0,0.7465968519379382,0.2529755628576603,0.0004275852044014043
2,2,0.0008210615986488236,0.08402319645520082,0.9151557419461503
2,2,0.0013026035083817402,0.1874408585202363,0.8112565379713819
1,1,0.1318843730780507,0.8513491423918116,0.01676648453013764
1,1,0.27332569422974834,0.7212185517374992,0.005455754032752593
1,1,0.14337289526594915,0.8305790304555033,0.026048074278547585
0,0,0.5626637103754715,0.4357743393859655,0.0015619502385630544
1,2,0.021632808824462717,0.36200240476038453,0.6163647864151528
1,1,0.37735151066228023,0.6153019355603081,0.007346553777411648
1,1,0.257150738893957,0.7384784943780139,0.004370766728029114
1,1,0.03187619509826776,0.9031987834300974,0.06492502147163479
1,1,0.24029514261604398,0.7526532852268641,0.007051572157091917
1,1,0.05077656671081082,0.908711776468417,0.04051165682077216
1,1,0.20102177398269974,0.7871112223349631,0.011867003682336962
0,0,0.6857080601203582,0.3133629805539165,0.0009289593257251834
1,0,0.6094424377870179,0.38929265006324454,0.001264912149737578
1,1,0.18133037044922723,0.5657361142573735,0.25293351529339936
0,0,0.6371730071592547,0.3616755746777089,0.0011514181630363012
0,0,0.7521433640236858,0.2465941510542865,0.0012624849220278182
0,0,0.5573034979301216,0.43825935963578994,0.004437142434088394
1,1,0.2780911481939164,0.7168179080960366,0.0050909437100470105
0,0,0.5403450342415076,0.4583985490939634,0.0012564166645290364
1,1,0.18798356987268702,0.7941234076555439,0.017893022471769167
0,1,0.26465524336570384,0.7279469565480293,0.007397800086266937
1,1,0.04138676258261407,0.86026450802745,0.09834872938993584
0,0,0.9742968561526291,0.025692737643496853,1.0406203874185226e-05
1,1,0.441252709278219,0.5560377685111657,0.002709522210615158
0,1,0.17688675672440557,0.8107675275016301,0.012345715773964292
1,1,0.3332675933810012,0.6630020551931731,0.0037303514258257052
1,1,0.031762205930751734,0.9049761310562283,0.06326166301301983
1,1,0.08319025663694445,0.5911791773295166,0.3256305660335389
1,1,0.3597901983537785,0.6376547669003856,0.002555034745835911
0,0,0.826012737813135,0.17334494713222567,0.000642315054639224
0,1,0.3573354713021824,0.6283365552812681,0.014327973416549553
0,0,0.7528578029098753,0.24611344957954356,0.0010287475105811186
1,1,0.16550896303419005,0.8179355875453761,0.01655544942043378
2,1,0.0396506160243612,0.9056037576855324,0.05474562629010647
2,2,0.011210701676434665,0.25195591833324343,0.736833379990322
0,0,0.9120724802242967,0.0877572991144472,0.0001702206612562763
1,1,0.039431429867819494,0.8992065293697046,0.061362040762476054
1,1,0.11853903956904276,0.8698349707665701,0.011625989664387167
0,0,0.5568137008291444,0.44107984516601273,0.00210645400484287
0,0,0.6585432716262193,0.34067803748082326,0.000778690892957386
1,0,0.5010377216161944,0.4960233094350857,0.002938968948719739
0,1,0.46018950941118975,0.5370893791803336,0.0027211114084767563
0,1,0.19028822398186832,0.7986172381208131,0.011094537897318488
0,0,0.6132133980330212,0.38568256125271105,0.001104040714267697
0,1,0.21154780976240925,0.7781336174632247,0.010318572774366045
0,0,0.7361705463671886,0.2633286923336301,0.0005007612991813282
1,0,0.5546360111884953,0.44358569373309115,0.0017782950784136315
0,0,0.6652316129101152,0.33418869934297796,0.0005796877469067007
1,1,0.12155609069560133,0.8532435998952012,0.025200309409197527
1,1,0.20256348335013,0.792269513528848,0.005167003121021887
1,1,0.3106660797777305,0.6796563575419444,0.009677562680325057
0,0,0.7288492904213844,0.27015982949211675,0.0009908800864988165
1,0,0.5585833807898057,0.43755418480294966,0.003862434407244509
1,1,0.05076218347834614,0.8300028138866384,0.11923500263501542
0,0,0.7309928923396761,0.26731291374741284,0.0016941939129110155
1,1,0.0755099655895435,0.9072815463839177,0.017208488026538765
1,1,0.0880662419964707,0.8981181733791165,0.013815584624412748
1,0,0.7956408598272793,0.203953372067949,0.0004057681047717583
1,1,0.18383819134623103,0.8119188659205053,0.004242942733263698
0,0,0.8819206547543789,0.11776792238446082,0.00031142286116044493
1,0,0.8489573881068727,0.15089381060421125,0.00014880128891604162
0,0,0.527423538706681,0.4704033216937298,0.002173139599589241
0,0,0.6833447897019228,0.3130076656991202,0.003647544598956944
0,0,0.8068229770970913,0.1926696748090009,0.0005073480939078354
0,1,0.4503625233878111,0.546693831345376,0.002943645266813031
1,1,0.3024114915971471,0.6832065845529947,0.014381923849858232
1,1,0.028114528281663533,0.4973499670540898,0.4745355046642466
1,1,0.08818089066528653,0.8650962569302856,0.04672285240442789
0,1,0.3822898483085614,0.6132474948076162,0.004462656883822552
0,0,0.5628089335095812,0.43388919342298327,0.0033018730674355106
0,1,0.39864225888878646,0.5975500658133832,0.0038076752978303944
1,1,0.3399444917418807,0.6568194078922988,0.003236100365820494
1,1,0.13881115126326443,0.825943857121342,0.0352449916153935
1,1,0.13587102056991746,0.8516876536058933,0.012441325824189314
1,0,0.5098242204440269,0.48685428796287733,0.0033214915930957936
1,1,0.171368027717201,0.8196206158643438,0.009011356418455269
1,1,0.03659926987275382,0.8880839931510599,0.07531673697618631
1,1,0.4679761175598854,0.5297183206248466,0.00230556181526808
1,1,0.19084316223377107,0.7994535349593537,0.009703302806875255
1,0,0.5006341747587479,0.49738043002689186,0.001985395214360228
0,0,0.804875549762502,0.1947317335643612,0.0003927166731368254
2,2,0.02015044836175706,0.4137216827485694,0.5661278688896735
1,0,0.6302023376734928,0.3689664507726213,0.0008312115538860377
0,0,0.7637572492868197,0.2354629542504306,0.0007797964627497701
1,1,0.20748422495184796,0.7870440500036543,0.0054717250444976965
1,1,0.3589027841671954,0.6299284077193306,0.01116880811347397
0,0,0.8149500115209815,0.18436872829949486,0.0006812601795237054
2,2,0.008310644109770799,0.29533719958676613,0.696352156303463
1,1,0.26444232635125586,0.7334343449689142,0.0021233286798298997
1,0,0.573868718536565,0.42447680783818625,0.001654473625248788
0,0,0.8879703346372901,0.11191573923174963,0.0001139261309603201
0,0,0.7239683995764167,0.2749273186328075,0.0011042817907758087
1,1,0.3219827221236845,0.6694384036980127,0.00857887417830285
0,0,0.5045264464868492,0.49217829541436453,0.0032952580987862675
2,2,0.035442067494267,0.34221179593200035,0.6223461365737326
1,1,0.09251602455324992,0.8696023117032599,0.03788166374349033
0,0,0.8216734924561324,0.17814505548643822,0.0001814520574293331
2,2,0.002091813411660347,0.21656001783930423,0.7813481687490353
1,1,0.4568632394687443,0.5398306669209713,0.0033060936102844345
1,1,0.05808219629969416,0.9057016820619437,0.03621612163836202
1,1,0.19810959797074176,0.7954277061204749,0.006462695908783297
1,1,0.06282195886391856,0.9112406666066661,0.025937374529415188
0,0,0.573779683131095,0.42480528534013595,0.0014150315287690524
1,1,0.4044825491380409,0.5859187186104442,0.009598732251514891
0,1,0.12555139064642806,0.8494417089088961,0.02500690044467583
0,1,0.4258451962275843,0.5692557292700114,0.004899074502404271
0,0,0.6070689287076089,0.3917263386715303,0.0012047326208608313
0,0,0.7171289296268532,0.28191764223619964,0.0009534281369471349
0,1,0.27992298799625687,0.7035395906678085,0.016537421335934683
1,1,0.2193655181147662,0.7727771952404371,0.007857286644796525
0,0,0.7907412090372369,0.20837933936234557,0.0008794516004174618
1,1,0.41356642376294567,0.5824752953221308,0.003958280914923651
0,1,0.07215193362641226,0.8680021220729246,0.059845944300663104
1,1,0.3616899711789244,0.6317079793823579,0.006602049438717747
0,0,0.5796022407608381,0.4172675874040688,0.0031301718350932126
0,0,0.5393236107500716,0.45701977399386046,0.0036566152560678408
1,1,0.1545907091473052,0.8136774228229268,0.03173186802976794
2,2,0.0029772638266723464,0.17652537667342064,0.8204973594999071
1,0,0.7341974473151327,0.2652201798463904,0.0005823728384769471
0,0,0.8259087169254037,0.1737909012843679,0.0003003817902284427
0,0,0.7789223755624394,0.2201653972411726,0.0009122271963879585
0,1,0.3445841763135388,0.6418233120862914,0.01359251160016979
1,1,0.29162406573754895,0.7046026722388856,0.0037732620235653414
1,1,0.3115306219490721,0.6831260008266906,0.005343377224237322
0,1,0.4073536972553376,0.588502811229888,0.004143491514774382
1,1,0.25779983594589345,0.7333424569719678,0.008857707082138904
0,1,0.2727474384977142,0.7127818758970562,0.014470685605229445
0,0,0.6178181271099218,0.38106428799284126,0.0011175848972368346
0,0,0.6166017559585003,0.382954693855831,0.0004435501856686671
1,1,0.18175845489980866,0.8104938393172901,0.007747705782901202
1,1,0.32517390615955377,0.6703412873674798,0.004484806472966499
1,1,0.036489570500625255,0.9401686417839226,0.023341787715452172
2,2,0.002429972732607873,0.16786740158201333,0.8297026256853787
1,0,0.6105984177111559,0.3870598095817112,0.002341772707132934
0,0,0.7270748479820955,0.2717350154067384,0.0011901366111660224
0,0,0.4979433668253821,0.49627046401797426,0.00578616915664374
0,0,0.9113158538266626,0.08855225878061121,0.00013188739272626085
1,1,0.08879270146928753,0.8422703806024487,0.06893691792826373
1,1,0.3957609993567219,0.6012844480531948,0.0029545525900833854
2,1,0.009321262782342705,0.789518226153029,0.2011605110646282
1,1,0.3987999513395827,0.5988458129395166,0.0023542357209006396
1,0,0.6212263402607409,0.37796215251859433,0.0008115072206646944
1,1,0.19816845224977195,0.796279560320465,0.0055519874297632115
1,1,0.23109081531034545,0.765198398562881,0.003710786126773607
0,0,0.7892024398535604,0.2094328737407767,0.0013646864056628381
0,0,0.8952793908103474,0.10433473265347577,0.0003858765361769099
1,0,0.5584982089187083,0.4392776907871069,0.0022241002941848892
1,1,0.4713041572167964,0.5268901784806467,0.001805664302557024
0,0,0.6469990045590658,0.35249283035443935,0.0005081650864948438
1,1,0.2515322818366741,0.7424399704739324,0.006027747689393504
1,1,0.3919890153214965,0.6034797922860288,0.0045311923924746846
0,0,0.6728099504416608,0.32551146686231974,0.0016785826960194795
0,0,0.8106818323532172,0.1884968132879045,0.0008213543588782203
0,0,0.5125302270388661,0.48496409431509435,0.00250567864603951
1,1,0.19821438586973938,0.7981447215781777,0.003640892552082828
1,1,0.23607660272908715,0.7607838525867298,0.0031395446841830173
0,0,0.717554127792123,0.2818687895552484,0.000577082652628615
2,2,0.006797235483121509,0.2818826251984565,0.7113201393184221
0,0,0.7522510738827602,0.24751743570460844,0.0002314904126313228
0,0,0.8392776090029986,0.16049508944732183,0.00022730154967961878
1,1,0.2519079547412258,0.7399252589424692,0.008166786316304978
2,2,6.358596778140735e-05,0.007954304785912622,0.9919821092463059
2,2,0.017665284429224295,0.4374923225212954,0.5448423930494803
0,0,0.6636263072604908,0.3344037961952595,0.001969896544249628
1,1,0.3989037243817632,0.5989186269185504,0.0021776486996864463
1,2,0.013893536796058164,0.37858431489020417,0.6075221483137376
1,1,0.3588851590774026,0.6351915391153882,0.00592330180720924
1,1,0.05931669042346381,0.8945626009307796,0.04612070864575663
0,0,0.5758428876818323,0.42317345889318503,0.0009836534249827473
0,0,0.7591693614712585,0.24021484681359417,0.000615791715147304
0,0,0.5759537080070024,0.42317005270039004,0.0008762392926074836
0,1,0.31361025865604425,0.683636019533544,0.0027537218104118216
0,0,0.6644544427336205,0.33491853055348786,0.00062702671289165
1,1,0.4070229270708742,0.5905167738003946,0.002460299128731261
1,1,0.17386605002754285,0.8125633311838494,0.013570618788607734
1,1,0.19123658988997919,0.8021843536846716,0.006579056425349307
1,1,0.07461241422513926,0.8610746671458712,0.06431291862898961
0,1,0.4734608178490591,0.5200647332088242,0.006474448942116614
0,0,0.7162548460598734,0.28280254849480524,0.0009426054453213425
0,0,0.6759891288093527,0.32316975666219677,0.0008411145284504919
0,1,0.4822767363282231,0.5158780148631382,0.001845248808638622
1,1,0.2687312453483156,0.7179801708434399,0.013288583808244561
0,0,0.7555871008972208,0.243875019598424,0.0005378795043551836
1,1,0.11960501901483085,0.832602640033486,0.04779234095168309
2,2,0.020670815942977067,0.3828534846828184,0.5964756993742046
1,1,0.2898538160025343,0.7019829773001375,0.008163206697328246
1,0,0.5606604622717486,0.43883057573364104,0.000508961994610283
1,1,0.07911183294819595,0.538292620123517,0.38259554692828707
1,1,0.19626098294000002,0.7977089891306988,0.006030027929301294
0,0,0.6360388884824356,0.36046802673971634,0.0034930847778480165
1,1,0.052944738471563224,0.9119455245409952,0.035109736987441686
0,1,0.48365990785945007,0.5143637065920874,0.0019763855484625083
0,0,0.6745920471315119,0.3245491313578354,0.0008588215106527339
1,1,0.05932203144532343,0.9153479220955513,0.02533004645912536
0,0,0.7699578738184109,0.2290291668043354,0.0010129593772536358
0,0,0.5727666888537172,0.42573224718320707,0.0015010639630756574
1,1,0.43169239800818066,0.5639320744043227,0.004375527587496579
0,0,0.7304317473756663,0.26900965850196246,0.0005585941223711372
1,0,0.6813226379997478,0.31804770621547906,0.0006296557847731623
1,1,0.14830231562832863,0.832883927491418,0.018813756880253295
1,1,0.4093208855654803,0.5878878195713092,0.0027912948632104985
0,1,0.15497275127742566,0.8164296117842895,0.028597636938284713
1,1,0.17061109287395074,0.8157328650305918,0.013656042095457382
1,1,0.2811836971729952,0.7007126009679155,0.01810370185908929
0,1,0.47129124797628125,0.5272976878165447,0.0014110642071740874
0,1,0.4583378542642091,0.5409121913167799,0.0007499544190109782
0,0,0.8551695332027012,0.14439127444571304,0.00043919235158591184
1,2,0.011147130502585948,0.4440834204276993,0.5447694490697148
1,1,0.4117844043658838,0.5833502293874617,0.004865366246654478
1,1,0.4609213339038501,0.5361245755248288,0.0029540905713209774
2,1,0.07534741410953999,0.5175949707203047,0.4070576151701553
0,0,0.5905865719914271,0.4087953345992641,0.0006180934093088864
1,1,0.2756202917525093,0.717733899850758,0.00664580839673286
1,1,0.3028251990229234,0.6951779542578792,0.001996846719197321
0,0,0.6416216144848848,0.3564335516381552,0.0019448338769600703
0,0,0.7460310433733599,0.2528068917199598,0.0011620649066802853
0,1,0.3535337131630809,0.6379412904209002,0.008524996416018992
0,1,0.1906241794314579,0.797306803935281,0.01206901663326104
2,2,0.002354780355512202,0.1955494619707243,0.8020957576737634
0,0,0.8205066593005266,0.17926089587183014,0.00023244482764333535
0,0,0.7817213018104238,0.21793264461006343,0.00034605357951284697
0,1,0.25172081410808417,0.7229805811913678,0.025298604700548073
0,1,0.29874252549174735,0.6889816965369567,0.012275777971295828
1,1,0.06581251198913371,0.8683594979751678,0.06582799003569861
1,1,0.47271784894297963,0.5264463797098857,0.0008357713471346088
2,2,0.0003164788237770416,0.044750438893586424,0.9549330822826365
1,1,0.25277159478693917,0.7417201534010622,0.005508251811998518
1,0,0.5645434030183423,0.43474167767651456,0.0007149193051430735
2,1,0.04198071695072271,0.8300021305236877,0.12801715252558976
1,1,0.27130482187728067,0.7235635800212087,0.005131598101510791
0,1,0.42950852609552825,0.5649481352985674,0.005543338605904398
0,0,0.5004923163020565,0.4963290785375492,0.003178605160394275
0,1,0.32653668731346086,0.6657711044366307,0.007692208249908544
1,1,0.03626834850846742,0.9345174644406958,0.029214187050836785
0,0,0.5997236915922642,0.3977847164453101,0.002491591962425551
1,0,0.5478477517978628,0.44973890394586874,0.00241334425626845
0,0,0.8882371110000824,0.11135504030394498,0.00040784869597258717
1,1,0.08053417694694356,0.9030682347276602,0.016397588325396166
0,0,0.9659180806712563,0.03403210606198775,4.981326675613097e-05
1,1,0.23494247797960024,0.7576013026754133,0.007456219344986338
0,0,0.5538632950774665,0.4413624201342705,0.004774284788263039
1,1,0.19812365207237725,0.789163081648481,0.012713266279141737
0,1,0.2775136667132431,0.7190495673518593,0.003436765934897658
1,1,0.07004295363260044,0.9097806491832544,0.020176397184145115
1,1,0.10391481877569,0.8603988924151854,0.0356862888091247
0,0,0.8954305829570264,0.10446035981413931,0.00010905722883408204
1,1,0.04782789674504789,0.8894288976119585,0.0627432056429936
1,1,0.4295421685258511,0.5697114694370932,0.0007463620370558568
1,1,0.07082595559784569,0.8851369033960518,0.04403714100610252
1,1,0.025766094350459626,0.8818624161521269,0.09237148949741346
0,0,0.7611441983958733,0.23731175344166927,0.001544048162457363
0,1,0.34123580051497715,0.6546071209301649,0.004157078554857899
1,1,0.12033198778019469,0.856485665290909,0.023182346928896196
1,1,0.2628940255241538,0.7307172830245231,0.006388691451323197
1,1,0.1989416078846811,0.7705606891740543,0.03049770294126456
1,1,0.2778756041945845,0.7052888831074055,0.016835512698009987
1,1,0.42080798335506864,0.5716202354096588,0.007571781235272594
1,0,0.6963792326277574,0.3031381951013359,0.0004825722709067008
1,1,0.16890455683791583,0.8156196035733311,0.015475839588753124
0,1,0.06816284465244772,0.8860817963173669,0.04575535903018532
1,1,0.4199896381024418,0.575656275695673,0.004354086201885166
0,0,0.7711587645754098,0.22845012079014926,0.0003911146344410546
0,1,0.27196138751214466,0.7244392561057963,0.003599356382059019
0,0,0.6807060184405161,0.3187314772672346,0.0005625042922492528
1,1,0.36010098757503517,0.6337325962212896,0.006166416203675237
0,1,0.30338824428474576,0.6852856845188495,0.0113260711964048
1,1,0.22980317730648278,0.7626844503797503,0.007512372313766921
0,1,0.2670974656655293,0.7253848083547748,0.007517725979695921
0,1,0.3512671352059752,0.6431804659446207,0.0055523988494038945
1,1,0.18641377076158772,0.807122801421082,0.006463427817330326
1,1,0.08061726628494778,0.8884436051337702,0.030939128581281863
0,0,0.5941868235434045,0.4038198336849101,0.0019933427716855097
2,2,0.005470043941461845,0.26924125817063493,0.7252886978879032
2,2,0.00481787916650112,0.20507956115767137,0.7901025596758274
1,1,0.23726241356564984,0.7536030492148891,0.009134537219461157
0,0,0.5898130675910412,0.4088008524645315,0.0013860799444271495
0,0,0.9462005392505496,0.05371438534363431,8.507540581591873e-05
0,0,0.8659476256634709,0.13317674506815458,0.0008756292683743852
0,0,0.7416534792058518,0.25782794308109896,0.0005185777130492713
1,1,0.18064187755919842,0.8076613288852508,0.011696793555550852
1,1,0.17707867880482672,0.8157853001705037,0.007136021024669523
1,1,0.17069862444500286,0.8105914935792085,0.01870988197578848
0,1,0.06447575751538812,0.9172948884498386,0.01822935403477325
0,0,0.8906913633088034,0.109164318287267,0.0001443184039296183
0,1,0.47083658764716024,0.5233306336512865,0.00583277870155327
1,1,0.08514041395980058,0.8866300034975574,0.028229582542641903
1,1,0.06318371848293723,0.9061464272014221,0.03066985431564063
1,1,0.3117034180257191,0.6817922146926277,0.006504367281653233
0,1,0.16808848929238163,0.8208495684839078,0.011061942223710599
2,2,0.0050303260955220745,0.23219013131526672,0.7627795425892112
0,0,0.6056770225710464,0.38613162096975173,0.008191356459201958
0,0,0.8402759845167018,0.1593936491174006,0.0003303663658975165
1,0,0.6248992095810456,0.37402710026298375,0.001073690155970627
0,0,0.8605306567943154,0.1392402014463288,0.0002291417593558605
0,0,0.7660737681169012,0.2334547873652567,0.00047144451784194056
1,0,0.5091788227227317,0.48855735644287934,0.002263820834388945
0,0,0.8526546172642785,0.14725407525505513,9.130748066646979e-05
1,1,0.025936938624778517,0.9256507059917386,0.04841235538348287
0,0,0.5776539601351798,0.4203266874413059,0.002019352423514361
1,1,0.19944344831928817,0.7873259491241071,0.013230602556604706
1,1,0.3888539647333357,0.6079521038104689,0.003193931456195437
1,1,0.0641928766279374,0.9151335181532373,0.020673605218825407
0,0,0.8484146182363543,0.15144109767761182,0.00014428408603365077
1,1,0.2151680300992608,0.7772400972162263,0.007591872684512882
1,1,0.29622576495239017,0.6996280004242403,0.004146234623369362
1,1,0.38767409080359283,0.5992883015666176,0.01303760762978953
0,0,0.8851700827630335,0.11463629796961322,0.00019361926735320063
2,2,0.0032382951615054925,0.1694926185755125,0.827269086262982
1,1,0.026977349386022545,0.8813439866420708,0.0916786639719067
1,0,0.7598666709477148,0.239693505274865,0.00043982377742022986
1,1,0.09362212156818657,0.8894487138575323,0.016929164574281112
0,0,0.4978401406267434,0.497486241698489,0.004673617674767726
1,1,0.098652268581621,0.864540005416101,0.0368077260022781
1,1,0.18363702707322008,0.8085668335509648,0.007796139375815258
1,1,0.19049494593237468,0.8011185620006069,0.008386492067018286
0,1,0.17792782726018452,0.8027556350878023,0.019316537652013167
0,0,0.7007682827477557,0.29709651324377667,0.002135204008467642
1,1,0.20855204895170404,0.7875798880281635,0.0038680630201324787
0,0,0.7581398996831317,0.24116549815154353,0.0006946021653247931
1,1,0.28726845744153473,0.7024371634223536,0.010294379136111545
0,0,0.7417241716466068,0.2569591909469895,0.0013166374064038312
1,0,0.5149184112341408,0.4826819647846793,0.0023996239811798752
0,0,0.6000832279854678,0.39876063422640506,0.0011561377881270775
0,1,0.35610289404939893,0.6395595741108633,0.004337531839737781
0,0,0.7198286974848392,0.27954898621857827,0.000622316296582481
1,0,0.651034723027488,0.3483718985244647,0.0005933784480474065
1,1,0.06913225443298866,0.9063909881801683,0.024476757386843174
2,2,0.00124640194245502,0.2101342618998449,0.7886193361577
1,1,0.2687605277497343,0.7217449251280857,0.009494547122180117
0,0,0.5836244686696627,0.4148133778094365,0.0015621535209009178
0,0,0.6786134457733177,0.31954372563331834,0.0018428285933639725
1,1,0.25234135235822636,0.7418842113447401,0.005774436297033462
0,1,0.2519445127677299,0.7320020556744234,0.016053431557846703
0,0,0.6999233733507719,0.29938214575101746,0.0006944808982106833
0,0,0.7008572647476862,0.29836681903692325,0.0007759162153905291
0,0,0.5539165916230466,0.4427308008582586,0.003352607518694748
2,2,0.002045626789079279,0.14421549585267088,0.8537388773582498
1,1,0.23706164469588273,0.738306734382601,0.02463162092151623
0,0,0.7613466270102687,0.23806390369319683,0.0005894692965344054
0,1,0.2674256229644061,0.7234842397945107,0.009090137241083249
1,1,0.29770654375111527,0.6942182903109781,0.008075165937906428
1,0,0.5652966754594054,0.43386336972163303,0.0008399548189615256
1,1,0.3850874155228356,0.6056045000094284,0.009308084467735959
1,0,0.5805726052667745,0.41756175321216704,0.0018656415210585428
1,1,0.17109370628076698,0.821205875948477,0.007700417770756005
1,1,0.28553831978630145,0.708342081063555,0.006119599150143468
0,0,0.8953061749446192,0.10450338133060945,0.0001904437247711975
1,1,0.3077933078803682,0.688167826712938,0.004038865406693859
2,2,0.0012070041179459146,0.1830769361496624,0.8157160597323918
0,0,0.8657264869050796,0.1341447608473428,0.00012875224757743557
1,1,0.13682470142339118,0.8591022631192994,0.004073035457309522
2,2,0.0028285851327247715,0.2063994094900028,0.7907720053772724
0,0,0.6577856668483815,0.34102029438415177,0.0011940387674668112
0,0,0.9032946908595638,0.09646715001685804,0.00023815912357823908
1,1,0.07967903031147155,0.8505262915457087,0.0697946781428196
0,0,0.6134307465438119,0.38594563724425324,0.0006236162119349525
1,0,0.552975837605362,0.4446735054704525,0.0023506569241854985
1,1,0.29747961402391776,0.6885830204067256,0.013937365569356696
1,0,0.5359459940597717,0.46196509516874396,0.002088910771484354
2,2,0.03230994962284794,0.43704854494443496,0.530641505432717
0,0,0.819929920258973,0.1797557925115498,0.00031428722947708274
1,1,0.1834891615112475,0.8062133957350524,0.010297442753700183
2,2,0.00018658526019839375,0.07434848271124316,0.9254649320285585
1,0,0.7316998777977334,0.267868603322818,0.0004315188794486532
1,1,0.37152056919108395,0.62464210370186,0.003837327107056004
0,0,0.541185895341467,0.45713995626784526,0.0016741483906876021
1,1,0.3731582538723183,0.6190142801514695,0.007827465976212046
1,1,0.3770657434481136,0.6188719998124258,0.004062256739460466
0,1,0.457872440300329,0.5358839345851683,0.006243625114502765
1,1,0.3153685143886615,0.6722975012657397,0.012333984345598759
1,1,0.03470805060465673,0.9081275502956037,0.057164399099739666
1,1,0.10351539104181866,0.8814135871911091,0.015071021767072309
1,1,0.2964240529738285,0.6978008769910209,0.0057750700351506725
2,2,0.0001509538697848469,0.014502469544076971,0.9853465765861382
1,1,0.467463061981706,0.5259083457773249,0.006628592240968995
1,1,0.29390898876931804,0.7012847319815507,0.004806279249131334
1,1,0.38062686304536886,0.6110423518832092,0.008330785071421955
0,1,0.42472122598046086,0.5704064365293551,0.0048723374901840436
1,1,0.0630989454358435,0.9188937985528967,0.018007256011259937
1,1,0.06891162567088076,0.9010929639457619,0.029995410383357363
1,0,0.6968302455380332,0.30254032227711103,0.0006294321848555847
2,2,0.00013751948884509356,0.056005020738996374,0.9438574597721585
0,1,0.0953241715578149,0.8658880504450804,0.03878777799710457
2,2,0.0013483408347983626,0.12810189449028755,0.8705497646749142
1,1,0.038563105408183855,0.8857608715482926,0.07567602304352353
1,0,0.6530943683290785,0.34613563492421506,0.000769996746706435
0,0,0.8084048629765003,0.19109392630629818,0.0005012107172014666
1,1,0.213985852649828,0.7549010219595139,0.031113125390658268
0,1,0.45703889259950625,0.5407650279770891,0.002196079423404535
0,1,0.417371208624777,0.58059000724663,0.002038784128593115
1,1,0.3529745381080019,0.6403828686809484,0.006642593211049531
1,0,0.8108364213359729,0.18868244513955085,0.00048113352447631065
1,0,0.6043207638962477,0.39381774933366054,0.0018614867700917344
0,0,0.6959660436849381,0.30286063560354326,0.0011733207115187238
0,1,0.16309019196148108,0.8146935036177442,0.022216304420774817
2,2,0.005236787963368274,0.3194449048276343,0.6753183072089974
1,1,0.09245692363125238,0.8614091939720345,0.04613388239671309
1,1,0.22415500768692645,0.7501598229619224,0.025685169351151026
0,0,0.9137889442464538,0.08609196412635489,0.00011909162719117679
0,1,0.3187412637019899,0.6758159397489909,0.0054427965490192
1,1,0.21130547728935772,0.7779527225858408,0.010741800124801582
0,0,0.6418939753793841,0.3560307692255197,0.0020752553950962567
1,0,0.5414452207742861,0.4544562991969295,0.004098480028784361
1,0,0.5196852643853855,0.4787479359621077,0.0015667996525067479
1,1,0.21058564618241796,0.7802591436087227,0.009155210208859342
1,0,0.769538340332613,0.23012227500936025,0.0003393846580266821
0,1,0.0855565638552106,0.8632516709386906,0.051191765206098874
0,0,0.920108960732336,0.07977625184191295,0.00011478742575100391
0,0,0.7126663373358006,0.287129616431812,0.00020404623238728616
0,0,0.8976823605702282,0.10227481482934302,4.282460042886848e-05
1,1,0.18119264347172584,0.813143010860371,0.0056643456679031645
1,1,0.11551696316437687,0.8514557132510204,0.03302732358460269
0,1,0.1919905120009675,0.8030890030271804,0.004920484971852162
0,0,0.901325458541337,0.09833783224362576,0.00033670921503725187
0,0,0.7941722235145278,0.20566680305222515,0.00016097343324713152
0,0,0.9339173754179635,0.06598031320341245,0.00010231137862398559
0,1,0.23913180107837248,0.7549271079989726,0.005941090922654818
1,1,0.17385262988105504,0.8137354975061264,0.012411872612818425
0,1,0.4688337420072463,0.5270776468714055,0.004088611121348301
0,0,0.8866009642160438,0.1131845103282639,0.0002145254556922787
1,0,0.6043203654783662,0.395062197056336,0.0006174374652978266
0,0,0.6807134991576371,0.3180133586543875,0.0012731421879754123
0,0,0.658124761129319,0.34140230763770835,0.00047293123297272244
0,0,0.9069534733285848,0.09292388713746966,0.00012263953394543262
1,2,0.0010354239415363044,0.02045655259921317,0.9785080234592505
0,0,0.5119998189141537,0.4866595839545459,0.0013405971313004516
1,1,0.29976345396745757,0.6925903177511448,0.007646228281397558
0,0,0.5868931737646252,0.41194908753673604,0.0011577386986387009
1,1,0.0813139785528731,0.8802434677951748,0.038442553651952004
1,1,0.19122933655000382,0.8047536741470777,0.004016989302918609
0,0,0.5700237792981391,0.42866929736537307,0.0013069233364878085
1,1,0.0829887458638082,0.9007311315915664,0.016280122544625547
0,0,0.5109923335594536,0.4882739380289251,0.0007337284116213252
0,0,0.7347118252683699,0.2639709391588389,0.00131723557279135
0,1,0.37151182267958605,0.6201226329607684,0.008365544359645571
1,1,0.20390271703926768,0.7712615905824707,0.0248356923782616
1,1,0.06189428488209223,0.8972094663881086,0.040896248729799245
0,1,0.2508377954435684,0.7417980990706485,0.007364105485783086
1,1,0.05212389964408997,0.9091033410336451,0.03877275932226489
1,1,0.014294872067897453,0.8908210818965745,0.09488404603552812
2,2,0.001412330974896283,0.16061262889922667,0.8379750401258771
0,1,0.4124781457031168,0.5810188348050132,0.006503019491870084
0,1,0.1405209872205059,0.8496416684894743,0.009837344290019822
1,1,0.25408413034545047,0.7337953286515725,0.012120541002977029
0,0,0.6723035845687927,0.326793777799007,0.0009026376322004151
1,1,0.3635604750308339,0.6347009245113004,0.0017386004578657235
1,1,0.2036110768032846,0.7814041113255078,0.014984811871207615
1,0,0.6553544407210297,0.3441216901139526,0.0005238691650177758
1,1,0.18115003659939974,0.801455461309163,0.01739450209143714
1,1,0.3551382519169238,0.6357932272921031,0.009068520790973108
0,0,0.9132737610887864,0.08656861350134708,0.00015762540986664222
1,0,0.7751732696744906,0.22412635229020078,0.00070037803530843
0,1,0.058607269361596395,0.8843601091423466,0.05703262149605697
1,1,0.45142736788280124,0.543226838972679,0.0053457931445198064
1,1,0.19845130755804707,0.7973598846616377,0.004188807780315306
1,1,0.3559655341768264,0.6412941690218521,0.0027402968013214607
2,2,0.0027791329181758207,0.2673548814880053,0.7298659855938189
0,1,0.2633762300262976,0.7254589706643129,0.011164799309389555
1,0,0.6586337241362967,0.3407782786858981,0.0005879971778052142
0,0,0.756896393027074,0.2425395364187155,0.0005640705542104424
0,1,0.22233948404179513,0.7575886572783005,0.020071858679904405
1,0,0.6253035343807435,0.37363596707814806,0.0010604985411084482
1,1,0.2897347016163103,0.7063441169613871,0.003921181422302658
2,1,0.062334631784360175,0.878373264918219,0.05929210329742069
1,1,0.2866335159177266,0.7026885371014757,0.010677946980797827
1,1,0.07202287851266341,0.8315249702153757,0.09645215127196088
0,0,0.6983011089691289,0.3007221558938301,0.0009767351370408449
0,1,0.179271181711954,0.7935045739606267,0.027224244327419225
1,1,0.13643725606140086,0.8581832237566989,0.005379520181900437
1,1,0.36804173194722045,0.6275404132553217,0.004417854797457843
0,0,0.8309382859824193,0.16869403906979843,0.0003676749477821895
1,1,0.28723943636685256,0.7078401715545718,0.0049203920785755575
1,1,0.33520146353170316,0.6595302666243994,0.0052682698438974674
0,0,0.8684909033516689,0.13134977210195822,0.00015932454637293094
1,1,0.04897263250072334,0.8991063456754435,0.05192102182383329
0,1,0.1815461905455609,0.8036420747039292,0.014811734750509816
1,1,0.16715417579509195,0.8034143141766712,0.029431510028236775
1,1,0.3220685096396439,0.6739099675676332,0.004021522792722797
0,0,0.7068853606185279,0.2919086447334243,0.001205994648047804
0,1,0.270478896631288,0.7192197541936065,0.010301349175105425
0,0,0.5752376841522746,0.4228370411925137,0.0019252746552117308
1,1,0.08916925434727167,0.8964406194243746,0.01439012622835373
1,1,0.4688241898141435,0.5291602492623546,0.0020155609235019078
1,1,0.2712971863178813,0.7239986938431276,0.0047041198389910785
0,0,0.5769681262719518,0.42155818841182713,0.0014736853162210161
1,0,0.5644923647333914,0.4345710078853437,0.0009366273812649434
0,0,0.5535330439162914,0.4437264961701546,0.002740459913553991
2,2,0.0003923816639623087,0.06945389884632906,0.9301537194897087
2,2,0.00900372026584537,0.30600472184870103,0.6849915578854536
1,1,0.19667432359624606,0.7936002418831889,0.009725434520564982
1,1,0.1549136550656761,0.8329133895222397,0.01217295541208409
0,0,0.8163188120183981,0.18331420564891454,0.00036698233268734254
0,0,0.7318966758150817,0.267721666278043,0.0003816579068753635
0,0,0.705965570706519,0.2938217565872692,0.00021267270621179516
1,1,0.288078660634864,0.7006429252966989,0.011278414068437253
1,1,0.25802072912202506,0.736057543012088,0.005921727865886915
1,1,0.4308842938645196,0.5627660961742401,0.00634960996124038
0,1,0.40469315779968806,0.5923209407452046,0.0029859014551074474
1,1,0.2506170304456802,0.7395671470579711,0.009815822496348785
0,1,0.1662792708337865,0.8228425092807224,0.010878219885491062
1,0,0.7859023105114801,0.21347528344274505,0.0006224060457749227
0,1,0.4576715885830242,0.541143060373655,0.0011853510433207602
1,1,0.21037629787538553,0.7840893720584144,0.005534330066199944
0,0,0.6909890100608925,0.3077810423916841,0.0012299475474233513
0,0,0.8092841406158852,0.19039476068580274,0.00032109869831208857
1,0,0.6267783617939394,0.3720763579778735,0.0011452802281871465
1,1,0.09356556821923713,0.8698728083905806,0.03656162339018248
1,0,0.5206998040956331,0.4778521705916274,0.0014480253127395035
1,1,0.279215546872278,0.7156062488235616,0.0051782043041603545
0,0,0.6051386949675459,0.39168771930364726,0.0031735857288067906
2,1,0.07082462978647407,0.8932439062055796,0.03593146400794631
0,0,0.7972768460263698,0.20214524150902932,0.0005779124646008512
1,1,0.09461167988628866,0.8379999481603527,0.06738837195335858
1,1,0.23295015311814263,0.7572881167646454,0.009761730117212118
1,0,0.5963437447390334,0.4009647228026891,0.0026915324582776107
0,0,0.9409065058840242,0.05904589003689378,4.7604079081958986e-05
1,1,0.468586747626983,0.5286824571671184,0.0027307952058985333
1,1,0.28379838412468394,0.7055307875950294,0.010670828280286619
0,0,0.8156643692341745,0.18396450939585837,0.0003711213699671774
1,1,0.242255063528229,0.7525754709715492,0.005169465500221758
1,1,0.44763172475576124,0.5492986378085266,0.003069637435712175
1,1,0.1386947151882567,0.8517769828273112,0.009528301984432008
2,2,0.0001888803010336986,0.06950181794598659,0.9303093017529798
1,0,0.7567474559407414,0.24289117395885876,0.000361370100399685
0,0,0.6596007779684135,0.3388996794756894,0.0014995425558971464
2,2,0.00022491929294417417,0.06162099779198819,0.9381540829150676
1,1,0.27804619907937217,0.7148629792000779,0.007090821720550031
0,0,0.6999350006750064,0.2989182304426284,0.0011467688823653035
1,0,0.7931409004422739,0.2061252911371651,0.0007338084205610042
0,0,0.9257867952702671,0.07412120763226449,9.199709746858863e-05
1,0,0.5324456226243905,0.4664887356824014,0.0010656416932080617
1,1,0.08925569994063176,0.8913079583700254,0.019436341689342874
1,1,0.2290252434442783,0.765961231995158,0.005013524560563783
1,0,0.591097125206732,0.4076824028928605,0.0012204719004075574
1,0,0.85385980682224,0.14591146936420046,0.00022872381355944115
0,1,0.4179617320182266,0.5758235207976566,0.0062147471841167215
0,0,0.7254399306100254,0.27359626888428557,0.0009638005056890295
1,1,0.09515863286333383,0.8707883809151694,0.034052986221496814
0,0,0.8608421753517548,0.13885532555906796,0.0003024990891772753
0,0,0.9089185366553731,0.0909538754463241,0.00012758789830269834
1,0,0.5269920450430924,0.4690161893333401,0.003991765623567463
1,1,0.07798120783465945,0.829309104861137,0.09270968730420348
0,0,0.8468186662058518,0.15264549059508603,0.0005358431990621557
0,0,0.8005954371469889,0.19890350556048547,0.0005010572925256326
0,1,0.28126669868827414,0.7133334945827435,0.005399806728982271
1,1,0.47742129215341683,0.5157762675934391,0.006802440253144126
1,1,0.20626522587111124,0.7849557647342141,0.008779009394674664
1,1,0.17303859022931745,0.8198756342686468,0.007085775502035725
2,2,0.009312821763568749,0.40148929371077796,0.5891978845256532
0,1,0.3188757550924779,0.6743827925252808,0.006741452382241309
1,1,0.3047541895780484,0.6898576857990961,0.005388124622855581
0,1,0.32003020816851396,0.6746413609993221,0.005328430832163944
2,2,0.00583209090680269,0.33251089974091075,0.6616570093522866
0,1,0.1574444650811138,0.8376263645290725,0.004929170389813704
1,1,0.0801166325198424,0.8869160291885654,0.03296733829159207
1,0,0.5451137469160096,0.45142011641935875,0.003466136664631683
0,1,0.3493830091737694,0.645228349106905,0.005388641719325583
0,0,0.8599678693727311,0.13980237909185222,0.000229751535416684
0,1,0.47824796461026464,0.5184157227251607,0.003336312664574609
1,1,0.2208111399878735,0.7724083106296669,0.0067805493824596675
1,1,0.06740643306486171,0.9162510077729088,0.01634255916222962
0,0,0.7392558026493,0.2600647097458697,0.0006794876048303058
1,1,0.16644210717614724,0.7916220084476674,0.0419358843761854
1,1,0.14430191665267497,0.8388135080860722,0.016884575261252737
1,0,0.769731641577946,0.22937319419957874,0.0008951642224752335
1,1,0.09497440648446862,0.8634784267719706,0.04154716674356063
1,1,0.4583755005260871,0.5361026368107438,0.005521862663169124
2,2,0.01202658773682499,0.3364942074876054,0.6514792047755696
0,1,0.48261232666309756,0.5159048810082361,0.0014827923286663753
1,1,0.1869808175570372,0.8062479810693395,0.006771201373623232
1,1,0.01742275326164055,0.8711703402614693,0.11140690647689017
1,1,0.15008946434689643,0.8360281449084406,0.01388239074466301
1,1,0.3077861667952086,0.6763685355049583,0.015845297699833002
0,0,0.888713522637534,0.1111758396991611,0.0001106376633049311
0,1,0.05594941966551554,0.8720578808494028,0.07199269948508177
0,0,0.9125422993044566,0.08735774540525032,9.995529029299816e-05
1,1,0.2375329011278962,0.7467469989754105,0.015720099896693224
2,2,0.003104733621010813,0.2566203908710065,0.7402748755079827
1,1,0.4257976174582504,0.5689654526336436,0.005236929908105978
0,0,0.6709507159641421,0.3285338337897596,0.0005154502460981892
1,1,0.14249755224013916,0.8451296114498107,0.012372836310050124
0,1,0.28230039696843956,0.705114423198659,0.01258517983290144
2,2,0.00011818183163286125,0.055299045822118434,0.9445827723462487
0,0,0.5425794588814058,0.45502307415513127,0.0023974669634629414
0,0,0.5469190658205988,0.45110948443174986,0.0019714497476513884
1,1,0.4775251861171008,0.5213701757448177,0.0011046381380814534
0,1,0.33686541736595094,0.6514860157038227,0.011648566930226414
2,2,0.00010615402733346252,0.0659301188902225,0.9339637270824441
0,0,0.7587233275479375,0.24021331879431104,0.0010633536577513718
1,1,0.36125733374032765,0.6346091571900585,0.004133509069613755
0,0,0.8735628523297397,0.1260970413732071,0.00034010629705306873
1,0,0.7753588674465219,0.2243023122450325,0.0003388203084457187
0,0,0.7456071079916455,0.2540996352992289,0.0002932567091254045
0,0,0.6544478579998082,0.34528241469792315,0.0002697273022686512
0,0,0.898157104960138,0.10171463184274612,0.00012826319711585705
1,0,0.589966307323034,0.4075545458299882,0.00247914684697781
0,0,0.6618713698895913,0.3366629953081171,0.0014656348022915116
0,0,0.7020817689687763,0.2973671455670387,0.0005510854641851403
1,1,0.06824714865972623,0.9060045262438728,0.025748325096400973
1,1,0.3784147081986207,0.6171388400932378,0.004446451708141359
1,1,0.05493975626825016,0.9219504890696889,0.023109754662060864
0,0,0.7590312817553089,0.2407729100286114,0.00019580821607962252
1,0,0.56531629550041,0.4339151381609806,0.0007685663386093287
1,1,0.42834111460268876,0.5647139214064119,0.00694496399089943
0,0,0.7093864697963561,0.2893585783837704,0.001254951819873487
1,1,0.2070641728243626,0.7884937368103812,0.004442090365256331
0,0,0.7367723519784853,0.2621841495804004,0.0010434984411142468
1,1,0.33200742935260363,0.6628441973245698,0.005148373322826603
2,2,0.0006470009664326166,0.09664672423107423,0.9027062748024931
0,0,0.7590815584016994,0.2404399004206728,0.00047854117762764976
1,1,0.29131000338698976,0.7030447781994312,0.0056452184135790855
0,1,0.2670093087051435,0.7260112825004805,0.006979408794376042
1,0,0.6852291458050985,0.3141620208354415,0.0006088333594598934
0,1,0.2889874069197686,0.7029835052885965,0.008029087791635033
1,1,0.13562116922576728,0.847933719069506,0.016445111704726692
1,0,0.5695514876989679,0.4298028191434247,0.0006456931576074427
1,0,0.7106013130759037,0.2888414721464114,0.0005572147776848543
0,0,0.8766587636053815,0.12305147511528304,0.00028976127933540494
0,1,0.3179524000547109,0.6739397540809882,0.008107845864300935
0,0,0.7829703697071958,0.21611075577324376,0.000918874519560537
2,2,0.0003956708180852801,0.16300853400759766,0.8365957951743171
1,1,0.05710912644384858,0.827404089385476,0.11548678417067541
0,0,0.7970446991810072,0.2022691852543123,0.0006861155646804969
0,0,0.7065580532978084,0.29260224963461157,0.0008396970675799556
1,0,0.6330776133433077,0.36585857225973967,0.0010638143969525873
0,1,0.1949905299638306,0.7923568709358735,0.012652599100296055
1,1,0.11879920578566176,0.8665504286113261,0.014650365603012154
1,1,0.440245602159649,0.5555089800840957,0.004245417756255302
0,1,0.41761700149071895,0.5758225917144799,0.006560406794801167
1,0,0.6415710121175676,0.3578905122639189,0.000538475618513561
2,2,0.002560265851286723,0.20207261336871699,0.7953671207799963
1,1,0.4306107864637579,0.5672095756175425,0.0021796379186996553
0,0,0.6453941220987489,0.3538989423697548,0.0007069355314963893
1,1,0.31542080603618794,0.6793052290511188,0.005273964912693282
0,0,0.8092691252071454,0.18972477631230317,0.0010060984805513899
1,1,0.05437182413581117,0.8572098207359539,0.08841835512823504
1,2,0.006351272655028112,0.32884452981617085,0.6648041975288012
1,1,0.08376535787956634,0.8953163179953508,0.02091832412508282
1,1,0.22496388594399155,0.7511454815405639,0.023890632515444626
1,1,0.12455410062976031,0.8595901311521985,0.015855768218041306
0,0,0.8570251758498931,0.14241907087522895,0.0005557532748779264
1,1,0.30082715082935113,0.6954505384538848,0.003722310716764044
2,2,0.002479300327954787,0.17036906229666476,0.8271516373753806
0,0,0.6762117124596505,0.3232855798281279,0.0005027077122216789
1,1,0.15868788167830647,0.8307264916144291,0.010585626707264408
1,1,0.2685429020144078,0.7287572786053819,0.002699819380210219
1,1,0.07981664770705066,0.9004233822158609,0.01975997007708837
1,1,0.14018805705213094,0.8398871832759875,0.0199247596718816
1,0,0.7004322461616987,0.298396966084406,0.0011707877538952042
0,0,0.7353081950086113,0.2640990830576936,0.000592721933695024
1,1,0.17313583169696312,0.821621427451071,0.005242740851965789
1,1,0.054082542354822266,0.783974114449376,0.16194334319580173
0,0,0.7730234314170139,0.2263794374638129,0.0005971311191731429
1,1,0.02907202860599273,0.8974946873015149,0.07343328409249247
0,0,0.5890009631137175,0.40993723821469685,0.0010617986715855939
0,0,0.8573459239662915,0.14235814947171788,0.0002959265619906639
0,0,0.8641792698999246,0.13565663343150536,0.0001640966685700804
1,0,0.7577015826762451,0.2414848311250215,0.0008135861987334406
0,1,0.3650483008315587,0.6315648373674568,0.003386861800984406
2,1,0.04676293791250832,0.886092704832828,0.06714435725466374
1,0,0.505223880352521,0.4935386594509765,0.001237460196502456
1,1,0.23030869182329983,0.7588384438237037,0.010852864352996473
0,0,0.6348849983005557,0.3627959520034657,0.002319049695978568
0,0,0.9513217385187795,0.048625318366427944,5.294311479253861e-05
1,1,0.1525835521991482,0.8409937649152903,0.006422682885561574
0,1,0.1945388623199541,0.7984770657920984,0.006984071887947488
1,2,0.010431043552054181,0.417882781110637,0.5716861753373088
1,1,0.2745783148700552,0.7193872016878227,0.006034483442122091
0,1,0.3209218217503109,0.6673342091630714,0.011743969086617678
1,1,0.33056286489780634,0.6626103091925138,0.006826825909679696
1,0,0.7002437581961419,0.29929918932953214,0.00045705247432603765
0,0,0.6087753515500293,0.38892062607977806,0.0023040223701927707
1,1,0.19856582602991735,0.7849280334571332,0.016506140512949404
1,1,0.1656952614510829,0.8001578016722148,0.034146936876702276
0,0,0.737799042683686,0.2616240479402582,0.0005769093760558066
0,0,0.5436033799442129,0.4510130665778561,0.005383553477931039
1,1,0.12171334904418137,0.8688247575843956,0.009461893371423018
0,0,0.5723691373613102,0.42448741731557316,0.0031434453231165512
0,0,0.8698601738017133,0.12993707105167077,0.00020275514661596892
0,0,0.8968159559592837,0.10298791928220803,0.00019612475850843135
1,1,0.48913313482547444,0.5057446602222309,0.005122204952294752
1,1,0.3655186258786368,0.6263078283877586,0.008173545733604718
0,0,0.7532001587906018,0.24629038780685075,0.0005094534025474983
1,1,0.16089333366624234,0.8320350897350431,0.007071576598714505
1,1,0.09394657512486346,0.8387306245368947,0.06732280033824171
1,1,0.3616515026126891,0.634161120933846,0.004187376453464756
0,0,0.6019611254825497,0.3971956345625502,0.0008432399549001436
1,1,0.04561638790353792,0.9139629881280987,0.04042062396836326
1,1,0.03716219843179931,0.9251115595531684,0.03772624201503241
1,0,0.7182375825698739,0.2806361924243332,0.0011262250057930356
1,1,0.28154663957036136,0.7132308463238036,0.005222514105834995
0,0,0.645003249527735,0.3544159879031002,0.0005807625691648327
1,1,0.3165849150949699,0.6733111569501055,0.010103927954924668
1,0,0.7173244597950368,0.2815580540213223,0.0011174861836408406
1,0,0.723006171313458,0.2755768661598854,0.0014169625266565596
1,1,0.3096727346701813,0.6881971337523717,0.002130131577446902
1,1,0.026196786431031373,0.9078318951401703,0.06597131842879839
0,1,0.18457003881369696,0.8006552154296424,0.014774745756660684
2,2,0.0006380157146495174,0.10074335432442497,0.8986186299609256
0,0,0.7728338561534847,0.2268210246042825,0.0003451192422328715
0,1,0.4062463450422429,0.5878758466316447,0.0058778083261124174
1,1,0.24748293190151363,0.7479154593100845,0.004601608788401885
0,0,0.5056082696492781,0.4896077483931514,0.004783981957570524
0,0,0.6119203085414116,0.38718567669394116,0.0008940147646472382
0,0,0.5677227055168755,0.43056327909556347,0.0017140153875610461
1,1,0.19089862547572573,0.8036519757964661,0.0054493987278082705
0,0,0.7030577399177376,0.2966736022937909,0.00026865778847153204
0,0,0.7974713681665118,0.20230384829763604,0.0002247835358520988
1,1,0.3360010244495775,0.6545727270822366,0.009426248468185822
1,1,0.36553007533851545,0.630664952945593,0.0038049717158916796
1,0,0.7388300693448074,0.2608681872996166,0.0003017433555758825
2,1,0.0859769065004872,0.8748274263609295,0.039195667138583315
0,0,0.5306863622711806,0.46452785192976254,0.004785785799056935
1,1,0.45033214671376265,0.5470231478734464,0.002644705412791072
2,2,0.004892887327123324,0.43331417496027935,0.5617929377125973
1,1,0.1420427906107291,0.8088161501940796,0.04914105919519133
0,0,0.8133638915748183,0.18608142767411415,0.0005546807510675875
1,1,0.27131995737406533,0.7138349854394281,0.014845057186506451
1,1,0.13304058350349596,0.8498342241353719,0.017125192361132077
1,1,0.38739266492996416,0.6101356932370554,0.002471641832980401
1,1,0.028593758003759785,0.8642514676398471,0.10715477435639317
0,0,0.5708921913392506,0.4282844012614869,0.0008234073992624686
1,1,0.23598079853343387,0.7564016529206458,0.007617548545920185
0,1,0.2444979509555581,0.7403634440117494,0.015138605032692586
1,1,0.15436089431193564,0.8380705595616713,0.0075685461263929445
1,1,0.11616128537948857,0.8704823810691064,0.013356333551405112
1,1,0.0882549270990564,0.8941011892818744,0.017643883619069132
2,1,0.01365007473268083,0.6793347592251356,0.3070151660421836
1,1,0.05948116072374091,0.8042242475119278,0.1362945917643312
0,0,0.6618260324207168,0.3375628645499664,0.0006111030293167543
1,1,0.2521984765829024,0.7388869005760391,0.008914622841058387
1,0,0.5022718331957714,0.49539216965187116,0.002335997152357398
1,1,0.41333400241215185,0.5817893376148632,0.004876659972984924
0,1,0.39573204731886635,0.6023659156773543,0.0019020370037793686
0,0,0.6453932723008964,0.35118579241995224,0.003420935279151368
1,1,0.015361157343601278,0.8852325272960092,0.09940631536038949
1,0,0.6036872317743186,0.3949520684167316,0.0013606998089498211
1,1,0.27533961731255235,0.713665643368423,0.01099473931902463
0,0,0.8080237374231756,0.1909408723752658,0.0010353902015586172
1,1,0.16568927083363041,0.8237894525503136,0.010521276616056093
0,1,0.07126246469017312,0.8702540453209645,0.05848348998886244
1,1,0.20719667740341646,0.774771124382503,0.018032198214080527
1,0,0.8021851039306681,0.1975335727370827,0.00028132333224937167
0,1,0.42188298555765497,0.5755437073995681,0.00257330704277693
1,1,0.44655005111092383,0.5504900558333934,0.0029598930556827235
0,1,0.300097101317161,0.6935271164195945,0.00637578226324453
1,1,0.3721729494075222,0.6252756906845003,0.002551359907977571
1,1,0.06333392675732263,0.9173166842439032,0.019349388998774218
1,1,0.12898671419768518,0.8615203450179162,0.009492940784398744
1,1,0.20478568306295683,0.7855748736154777,0.009639443321565515
0,0,0.896208521373648,0.10357763738324058,0.00021384124311132056
0,1,0.3031188176093882,0.6919901000727869,0.004891082317824976
0,0,0.7037711273258629,0.29523733499534655,0.0009915376787905316
1,1,0.0445707072027404,0.7315032671929106,0.22392602560434893
0,0,0.579448887072063,0.4191209775887041,0.0014301353392327943
0,0,0.5440865032015451,0.45441664133345594,0.0014968554649990343
0,0,0.7595319376096751,0.23994733373637211,0.0005207286539527655
1,0,0.5805199473202128,0.4191018197439021,0.00037823293588505483
0,1,0.34054969542610275,0.6570630298478729,0.0023872747260243253
0,0,0.7646134855761691,0.23504709347349548,0.0003394209503353492
1,1,0.29334092239645804,0.6967789457905014,0.009880131813040597
1,1,0.2284678944399867,0.7663059147723974,0.005226190787615919
0,1,0.4648801180153883,0.5332730171979313,0.0018468647866802513
1,1,0.18564837450204988,0.8073989852295335,0.006952640268416543
1,1,0.19752917219763488,0.7846174030574082,0.01785342474495701
1,1,0.18435423222208708,0.8117778100844388,0.0038679576934740273
1,0,0.577504272945735,0.419444918279443,0.0030508087748219405
1,0,0.8183932699686947,0.18114828984508735,0.0004584401862179851
1,1,0.23219524315614948,0.7449819902830814,0.022822766560769054
1,1,0.154444626054847,0.8395676659331652,0.005987708011987851
0,0,0.5583522414150749,0.4364994408009264,0.005148317783998811
1,2,0.012915997014035823,0.41298684802323304,0.5740971549627312
1,1,0.09744098414649921,0.8639041221421807,0.03865489371132002
0,1,0.0854158357672938,0.8721935812508729,0.042390582981833354
0,0,0.8595024516634795,0.14016530891843645,0.00033223941808400656
0,0,0.5904099743566366,0.4083702104249562,0.0012198152184072985
1,1,0.26502089467897394,0.7297713586463664,0.00520774667465951
0,1,0.10929388544015343,0.8757958885867719,0.014910225973074516
0,1,0.17597081065389183,0.8203986647811028,0.003630524565005451
1,1,0.03590412774888646,0.8973304210640568,0.06676545118705682
1,1,0.118554907816922,0.8567837540000462,0.024661338183031793
1,1,0.3935500417164307,0.6044975634015001,0.0019523948820693309
1,1,0.267088892522924,0.718842007290329,0.014069100186747029
0,0,0.8525935735765031,0.14694132295333984,0.00046510347015692356
0,0,0.6885018112345888,0.31083771256086246,0.0006604762045487946
1,1,0.26473035779071,0.7231125033219888,0.012157138887301189
0,0,0.5785795160310124,0.41962389256154553,0.0017965914074419438
0,0,0.5511922531234191,0.44462059247200875,0.00418715440457212
0,0,0.827648483032818,0.1719346444286212,0.00041687253856082966
0,0,0.790806142899883,0.20875093227768518,0.0004429248224316681
0,0,0.9064452068359683,0.09343447036252812,0.00012032280150353045
1,1,0.19536790413424235,0.8003146265717762,0.004317469293981369
1,1,0.10924178527664676,0.8573386725065447,0.03341954221680846
1,1,0.2645198859264804,0.7221997645480476,0.013280349525472185
0,0,0.7237796809744519,0.2755169924178436,0.0007033266077046433
2,1,0.04773246178671591,0.4911809821738134,0.46108655603947074
1,1,0.06615339953019304,0.9100354964645333,0.023811104005273667
1,0,0.6523651832878977,0.34626513299417405,0.0013696837179281184
0,0,0.6919911851132173,0.30665599485074313,0.0013528200360396053
1,1,0.340756123563793,0.6547967895605543,0.004447086875652659
1,1,0.01515373101504827,0.9120452036744081,0.07280106531054381
0,0,0.640837936843538,0.358326419465953,0.0008356436905090568
1,0,0.5798052712325257,0.4184482707818414,0.0017464579856329438
1,1,0.3387921679201501,0.656017267258438,0.005190564821411906
0,0,0.7056688409299803,0.2936000323396134,0.0007311267304063225
1,0,0.6773763183520319,0.3219288624242244,0.0006948192237436273
1,1,0.07379592488009268,0.8933716061973812,0.03283246892252616
1,1,0.016402448420337532,0.686049492182446,0.2975480593972164
2,2,0.01645533120049756,0.4049886801818038,0.5785559886176987
0,0,0.5802900587662972,0.4185916067106982,0.0011183345230045523
2,2,0.0001052414762757424,0.012571094442170997,0.9873236640815533
1,1,0.05043381805722899,0.8510508613786394,0.09851532056413158
0,1,0.43397359754703224,0.5632995856137639,0.0027268168392037898
1,1,0.44384492081789195,0.5529631920001511,0.00319188718195704
1,1,0.2646115316178638,0.7302660706654958,0.005122397716640358
2,2,0.001150905157199279,0.08087665566989385,0.9179724391729069
1,1,0.01786143887044739,0.9284123558734431,0.05372620525610937
1,1,0.21725696492264368,0.7774019660006672,0.005341069076689123
1,1,0.35049256335458057,0.6466718571544597,0.0028355794909597997
1,1,0.3597356451812079,0.6366171877845989,0.003647167034193252
1,0,0.8075550193706078,0.19186772878618766,0.0005772518432046144
1,1,0.05812295876469773,0.8920348814079069,0.04984215982739543
2,2,0.014477023383937797,0.3517310201761658,0.6337919564398964
1,1,0.3235175493365155,0.6656417495525622,0.010840701110922302
1,1,0.2468697848290921,0.7500460661094178,0.003084149061490188
0,0,0.6827269158920015,0.3150475894205648,0.002225494687433673
2,2,0.0004649611376911761,0.08887316327720862,0.9106618755851001
0,0,0.5422024784286529,0.4498724077144319,0.007925113856915356
0,0,0.8506166156092637,0.14899092147922507,0.0003924629115112027
1,1,0.24275795135197295,0.749080038155199,0.008162010492828144
0,0,0.8989772292086465,0.10068987847735171,0.0003328923140016503
0,1,0.4402911254159855,0.5544183944456792,0.005290480138335437
1,2,0.006875486184333104,0.4150562047367518,0.5780683090789152
1,1,0.1694320706039935,0.8100809748343436,0.020486954561662822
1,1,0.12019290056831611,0.867477509834733,0.012329589596950925
1,1,0.26766432239163995,0.7266454118553526,0.0056902657530075035
1,1,0.3444221057586576,0.6506543162634636,0.00492357797787876
1,1,0.28009204655236203,0.7134119511004141,0.0064960023472238615
2,2,5.705050661001822e-05,0.008859625168962132,0.9910833243244278
1,0,0.5941242706683464,0.4052390041177042,0.0006367252139493899
1,1,0.16807554355926355,0.8129940635347664,0.018930392905970025
0,0,0.8875552475878358,0.11217831278164715,0.00026643963051707295
0,0,0.8707389642999714,0.1289650225935554,0.00029601310647324843
1,1,0.41179707634740653,0.5848868898753359,0.003316033777257728
0,0,0.926750823679935,0.07316433478313782,8.48415369270997e-05
1,0,0.8779613008736668,0.12179719374567659,0.00024150538065655658
1,1,0.04287038574181671,0.9326600840184331,0.02446953023975016
1,1,0.19558477943925454,0.7906579563531604,0.013757264207585022
0,1,0.40224653165041124,0.5947791376299133,0.002974330719675509
1,1,0.07056364715747727,0.9163833164299019,0.013053036412620903
1,1,0.1969563400068564,0.7858516659448109,0.017191994048332684
0,0,0.762642010265497,0.2365209734258675,0.0008370163086354368
1,0,0.7575311463018314,0.2415126981668404,0.0009561555313282465
0,0,0.6551039804510458,0.34300737026936534,0.0018886492795887225
1,1,0.04529626564071229,0.9179352550771612,0.036768479282126336
1,0,0.599510296805107,0.396759067243171,0.003730635951722036
1,1,0.10053005757658678,0.883569307973579,0.015900634449834167
0,0,0.842910031195502,0.15671537061678112,0.00037459818771680366
1,1,0.16448328298969145,0.8198096312277348,0.01570708578257378
0,1,0.1472627601834183,0.8382455476715672,0.014491692145014458
1,1,0.22997344956866173,0.7616190333983313,0.00840751703300687
0,0,0.5733341119698171,0.4235482460350073,0.0031176419951755895
1,1,0.15723141700604207,0.8359895699044994,0.006779013089458609
1,1,0.022126387491277922,0.8855338686119999,0.09233974389672224
0,0,0.9156057465808728,0.08429395313203343,0.00010030028709379122
0,1,0.38774822496323985,0.6080143074862593,0.004237467550500916
1,1,0.06412860631343338,0.9262773667892112,0.009594026897355376
1,1,0.06911200072971166,0.8973633753258181,0.033524623944470165
1,1,0.44087957635672753,0.5546332535572015,0.004487170086071012
1,1,0.1177544896889624,0.8617344608868684,0.020511049424169134
1,1,0.1650950803895307,0.8209839320931038,0.01392098751736557
0,1,0.37292525590345615,0.6231166735166467,0.003958070579897238
1,1,0.18070017272921834,0.810718520575364,0.008581306695417595
0,1,0.4966123583724222,0.49799030983655085,0.00539733179102702
0,0,0.8400974375762063,0.15945178808731497,0.0004507743364787236
1,1,0.16333488609849892,0.8289977773741499,0.00766733652735114
1,1,0.13854020755103993,0.8270784746215452,0.03438131782741499
1,1,0.07037692772045626,0.9114293587865023,0.018193713493041306
1,1,0.13955246390503973,0.852382990409815,0.008064545685145261
1,0,0.8188207189656349,0.18090052331191078,0.0002787577224544576
0,0,0.8260972385147216,0.173543287628174,0.00035947385710453813
1,1,0.43208121742759265,0.5654456873606604,0.0024730952117471344
1,0,0.5292116924629631,0.4692725750029705,0.0015157325340663743
1,0,0.4989175828916001,0.49731033097495103,0.003772086133448868
0,1,0.4358840164349287,0.5617273483073822,0.0023886352576890472
0,1,0.43885680203623756,0.5584537973971985,0.0026894005665639535
1,0,0.7934819737350735,0.2056312807399325,0.000886745524994098
0,0,0.6364766369831631,0.3624660835040544,0.0010572795127824256
1,0,0.8384861444963349,0.16134942519266485,0.00016443031100018716
0,1,0.15540281040038825,0.8306870838728059,0.013910105726805932
1,1,0.1366023892208918,0.8431769739370963,0.020220636842011887
0,0,0.6792710269467396,0.31960835345465305,0.001120619598607304
0,1,0.3466313303330667,0.6405970929829252,0.012771576684008136
1,1,0.08959247715914731,0.8938376127346425,0.016569910106210298
0,0,0.7743122170994816,0.22537495180720704,0.00031283109331137275
2,2,0.0004720258896129532,0.07121458149675587,0.9283133926136312
1,0,0.7489523773799575,0.2504594805567526,0.0005881420632900933
1,2,0.009281779166228936,0.4236358186492373,0.5670824021845338
1,1,0.2503597171691594,0.7362186774390709,0.013421605391769727
2,2,8.712628842811786e-05,0.04860243422652521,0.9513104394850467
0,0,0.6384242289825239,0.35971202596874247,0.0018637450487335705
0,0,0.5966280185428051,0.40245852409056926,0.0009134573666256297
1,1,0.3453618948354031,0.6500239923824483,0.004614112782148542
1,1,0.0761145987688458,0.8945326074380795,0.029352793793074795
1,0,0.5644336958029689,0.429837281558014,0.005729022639017181
1,1,0.10717992314349183,0.8624515093915367,0.030368567464971574
0,0,0.6933372876118197,0.30588771914473706,0.0007749932434432537
0,0,0.6060471144237173,0.3924201168174913,0.0015327687587914456
0,0,0.5225688321090175,0.47670320642525577,0.000727961465726695
1,1,0.10400986451349956,0.8807256504223531,0.015264485064147409
1,1,0.40067612424850885,0.5986364740973176,0.000687401654173541
0,0,0.6776977431807644,0.32063764035734255,0.0016646164618932268
1,1,0.0729425531208669,0.8964566782279476,0.030600768651185516
0,0,0.7223755243320903,0.27697006918203265,0.0006544064858771519
1,1,0.051072628079751395,0.9220205657393699,0.026906806180878744
0,0,0.6935663709384303,0.30579911736593696,0.0006345116956328095
1,0,0.5390708789687813,0.45940307041827266,0.0015260506129460684
0,0,0.587969053972077,0.41055307997341556,0.0014778660545073648
0,0,0.6683118107239592,0.3305304602824569,0.001157728993583913
0,0,0.6734267214837071,0.3254147863973706,0.0011584921189223053
0,1,0.34625009945267454,0.6492740040712331,0.004475896476092265
0,0,0.8652420917245494,0.13454292214214353,0.0002149861333070921
0,0,0.600739572830681,0.3978958364663946,0.0013645907029244822
0,0,0.7786884936935174,0.2205672622743204,0.0007442440321620144
1,1,0.20408682095253153,0.7854625061265891,0.010450672920879265
0,1,0.4263530034939333,0.5692658853752776,0.004381111130789076
1,1,0.3613292176906672,0.6358532909230227,0.0028174913863100227
1,1,0.07987689852059093,0.9008177145278112,0.019305386951597777
0,1,0.28514966622500565,0.7105270220409491,0.0043233117340452844
1,1,0.4833293576676786,0.5147351187745636,0.001935523557757853
1,1,0.4002550576250527,0.5951110510060765,0.004633891368870848
1,0,0.7523092767978031,0.24725006369930227,0.0004406595028946782
2,2,0.0016208545112557794,0.19218857416641916,0.8061905713223251
1,1,0.11566443413403854,0.8759390858714132,0.008396479994548236
1,1,0.4608101425221035,0.5358949956096545,0.0032948618682420465
1,1,0.1406005910451862,0.8507084568563554,0.008690952098458295
1,1,0.06796411504652156,0.8865634044478632,0.04547248050561502
1,1,0.1435094402106828,0.8458270258030378,0.010663533986279469
1,2,0.00910934578618253,0.42249743822316904,0.5683932159906485
0,0,0.5903012684960414,0.4084146098961961,0.0012841216077624418
0,0,0.6537337632027047,0.3451447958386811,0.001121440958614164
1,1,0.22748904522185492,0.7703910148073385,0.0021199399708065688
0,1,0.4184901815044742,0.5744424905430214,0.007067327952504361
1,0,0.7994415367705031,0.19998681357240686,0.0005716496570900492
1,1,0.35101246782952555,0.6458594584851451,0.003128073685329304
1,1,0.2689398818241783,0.711282163921727,0.01977795425409472
0,1,0.2399467632875586,0.7383682286865987,0.021685008025842657
1,1,0.285703034385083,0.705970221357624,0.00832674425729322
0,0,0.7913387291691162,0.20790418255733242,0.0007570882735512931
1,1,0.23215338552551895,0.7487172366577227,0.019129377816758303
0,0,0.792522832630402,0.20668789384789887,0.0007892735216991517
0,1,0.3490372427113942,0.6447796984732092,0.0061830588153966885
0,0,0.708535929936008,0.29014168785227434,0.0013223822117176683
0,0,0.9679062084647441,0.032083227793736534,1.0563741519508941e-05
0,0,0.754198049928468,0.24561303411072155,0.00018891596081050706
0,0,0.5014401629019358,0.4970793586089735,0.0014804784890907043
0,1,0.21673848140730406,0.7776514793573367,0.005610039235359245
1,0,0.8661126339753599,0.13328929500214315,0.0005980710224969668
0,1,0.21175037093938948,0.7649662989499066,0.023283330110703843
2,1,0.04959426019983173,0.8411446253105475,0.10926111448962081
1,1,0.07777406619239703,0.9022988270190303,0.019927106788572856
1,1,0.23726421029030215,0.7551154240061098,0.007620365703588071
1,1,0.18192345479071165,0.8068277254074147,0.011248819801873694
0,0,0.5521043463253,0.44391293962694306,0.003982714047756873
0,0,0.539546858969453,0.45840637812946516,0.0020467629010818816
1,1,0.048877019634255205,0.8672269240494294,0.08389605631631539
2,2,0.001606135296071408,0.16363899446399927,0.8347548702399293
1,1,0.18730580551688208,0.798313141567333,0.014381052915784722
0,0,0.8193036401318721,0.1803605412352678,0.0003358186328600535
1,1,0.22487415278692444,0.7608376422948896,0.01428820491818588
1,1,0.08309218063821476,0.8827808534154383,0.034126965946346934
1,1,0.14180887577946985,0.839547997632053,0.018643126588477076
0,0,0.9090184525208527,0.09073652872627365,0.0002450187528738514
0,0,0.6396155210460066,0.3596190300670709,0.0007654488869226185
0,1,0.402762519945185,0.5934342318866056,0.0038032481682093613
0,0,0.6979647980279605,0.30115860072135403,0.0008766012506853315
1,0,0.6057909465631856,0.39203761303635226,0.002171440400462267
0,0,0.542119745156795,0.45350754540550997,0.00437270943769503
0,1,0.05606008062625325,0.8848148492159573,0.0591250701577894
1,1,0.4270243776475443,0.5700426615913438,0.0029329607611118308
0,0,0.81460264310217,0.1848818865276607,0.0005154703701692163
0,0,0.6829364472631829,0.31562106562032544,0.0014424871164916144
2,2,4.154838880765801e-05,0.025216352667116426,0.974742098944076
1,1,0.055490720419857184,0.889811934551289,0.054697345028853865
1,1,0.045274253207606883,0.9024303158590582,0.05229543093333482
1,1,0.3155815879562061,0.6799832174182189,0.004435194625575002
0,0,0.6890269077416873,0.30964093145849586,0.0013321607998169796
0,0,0.869958296456728,0.1298535351294453,0.00018816841382669105
1,1,0.32897305586513875,0.6603817731571879,0.01064517097767332
1,1,0.05264338982814707,0.9394560121775928,0.007900597994260213
1,0,0.5258846625647529,0.47260291525831666,0.0015124221769305525
0,0,0.5164268865998994,0.48242708137425805,0.0011460320258425282
1,1,0.25180554867959987,0.742395103458039,0.005799347862361024
0,0,0.9075250632550125,0.09231440084266504,0.000160535902322588
1,1,0.2708198513930708,0.7273016044265962,0.0018785441803330163
2,2,0.0036382110629984816,0.2407587057837071,0.7556030831532944
1,1,0.0824083434343507,0.9059013471347745,0.011690309430874585
0,0,0.7779994992555123,0.22102730660728065,0.0009731941372070293
0,0,0.5982923460392724,0.4005653044824147,0.0011423494783130265
1,0,0.6119171136653803,0.3875215703982736,0.000561315936346226
0,0,0.7324062096758359,0.2671583622868004,0.00043542803736378315
0,1,0.4320990572583696,0.5655052733287667,0.0023956694128637102
0,1,0.3987824656732354,0.5964277677378041,0.004789766588960422
1,1,0.2911445616904089,0.7004724138312455,0.008383024478345637
1,0,0.6716149455096359,0.3279558680946075,0.0004291863957566137
1,1,0.05677423308053753,0.907275968695745,0.03594979822371736
0,0,0.6574514597943062,0.3404200765183394,0.0021284636873542965
1,1,0.22000555299191074,0.774178198665997,0.005816248342092236
0,1,0.48834055546615796,0.5102523658029947,0.0014070787308474925
0,1,0.4065723669248156,0.586604387632359,0.006823245442825444
0,0,0.8700481487015794,0.12976818261787867,0.00018366868054181906
0,0,0.8147956652880392,0.18458046603429454,0.0006238686776663549
0,0,0.8018999819359827,0.19793602168016441,0.00016399638385281997
1,1,0.4780290554485441,0.5117114485941214,0.010259495957334414
0,0,0.7754169378504622,0.22419239991345602,0.00039066223608202763
1,0,0.4999525156939322,0.49745732398027165,0.0025901603257962023
1,1,0.05285537248943331,0.9181252503368199,0.029019377173746787
0,0,0.5327539093611477,0.46494423538264407,0.002301855256208153
1,1,0.13893695613753457,0.8313340300902258,0.029729013772239594
1,1,0.16536032618680407,0.8251671290501489,0.009472544763047005
1,1,0.017296291785409645,0.9066548466361781,0.07604886157841233
0,0,0.7572323330066713,0.24238636606207967,0.0003813009312490182
0,0,0.6149852378581586,0.384099284778004,0.0009154773638374514
1,1,0.4666748610685201,0.5299632180134273,0.0033619209180527085
0,0,0.61608759561633,0.38209667873496517,0.0018157256487048112
0,1,0.4576223535796928,0.539424218177904,0.0029534282424032356
0,1,0.35913611968876913,0.6369534712380864,0.003910409073144428
0,0,0.5339640251442289,0.4646349137852097,0.0014010610705612707
0,0,0.5620133723241905,0.43667347108938936,0.0013131565864202624
1,1,0.09669133003066924,0.8774995045643772,0.025809165404953777
1,1,0.10539318789571006,0.855956221088695,0.038650591015595114
1,0,0.8286774111240496,0.17118561844282307,0.00013697043312737819
0,0,0.7073416574945962,0.2918575954595002,0.0008007470459036143
1,0,0.6117088912752551,0.38645434062598166,0.0018367680987632425
0,0,0.58539862919216,0.41382015614671325,0.0007812146611268167
0,0,0.9335922215101282,0.06626903202275351,0.00013874646711840605
0,1,0.3423403898673016,0.6529647909224364,0.004694819210261912
2,2,0.003965474695867859,0.23387474623907065,0.7621597790650616
1,1,0.23371768805808374,0.7518429630297516,0.014439348912164625
1,1,0.230264098595977,0.7635064003041798,0.006229501099843095
0,1,0.3663811282773931,0.6287637107272785,0.004855160995328501
2,2,0.009927994947668536,0.3490372111177006,0.6410347939346308
0,0,0.8392024637118126,0.1606598690405405,0.00013766724764695373
1,1,0.3693717695969962,0.6185924769071873,0.012035753495816509
1,1,0.14189834381672564,0.8474873810311664,0.010614275152107888
1,1,0.06557846909743004,0.8725915004036914,0.0618300304988787
1,1,0.18063284164654478,0.8078177492448336,0.011549409108621617
2,2,0.0008427675705544687,0.06238297265769817,0.9367742597717474
1,0,0.6164831658276685,0.38106345890035176,0.002453375271979797
0,1,0.3314309897894916,0.6536895573241125,0.014879452886395887
0,1,0.4757797547192569,0.5227127415043651,0.0015075037763780394
0,0,0.7836744319167962,0.2161268045259843,0.00019876355721963048
1,2,0.005752914956502671,0.22751822924243198,0.7667288558010653
0,0,0.7992270165047908,0.20023128280831426,0.0005417006868949823
2,2,0.004987249890532861,0.22222436776342705,0.7727883823460402
1,1,0.32113284754970545,0.6702993658000133,0.008567786650281229
0,1,0.11926432991367221,0.8722250979478301,0.008510572138497673
0,0,0.6133764744012907,0.3858723049222759,0.0007512206764333883
2,2,0.006248526588045798,0.23922194080932818,0.7545295326026261
0,0,0.6101700972550921,0.388174219826659,0.0016556829182489926
1,1,0.14724122087541666,0.8122406941859738,0.04051808493860962
1,1,0.06788160473874778,0.9116411884587979,0.020477206802454063
1,1,0.07637639410736961,0.8795655915769741,0.04405801431565634
0,0,0.742002104452825,0.25728995875280036,0.0007079367943744685
1,1,0.3581926617451565,0.6330515734136274,0.008755764841216068
1,1,0.027994968278145144,0.9156665387470442,0.05633849297481072
1,1,0.05412104722733431,0.9090124679647673,0.03686648480789847
0,1,0.40467978086016887,0.5916006699569084,0.003719549182922753
1,0,0.5706601796404674,0.4274703521415541,0.0018694682179785222
1,1,0.13070825983305562,0.8558857835483797,0.01340595661856446
1,0,0.521667400628421,0.4763497203111633,0.0019828790604156585
1,0,0.6669373883134115,0.33249035391597703,0.0005722577706115665
1,0,0.6966019591185705,0.3028801501456432,0.0005178907357862521
0,0,0.8141465493458265,0.18533653933496913,0.0005169113192042983
1,1,0.05663163484328278,0.9237157536853084,0.019652611471408815
1,1,0.30021744029861236,0.6947536634710276,0.005028896230359976
0,0,0.5969095901777751,0.4015089352151478,0.0015814746070770599
0,1,0.2641740482359758,0.7243948247969397,0.011431126967084586
2,2,7.696477989952075e-05,0.022421274089692505,0.977501761130408
1,1,0.05482960741015983,0.9219512206031355,0.023219171986704732
0,0,0.6166507310792227,0.3799362141222394,0.003413054798537845
0,0,0.6741658623797111,0.3251137586771763,0.0007203789431126543
1,0,0.7539896217068245,0.2453139990239765,0.0006963792691990976
2,1,0.015563673052931206,0.6100418447381125,0.3743944822089563
1,0,0.6692099060304139,0.33021162810456767,0.0005784658650184787
1,1,0.391429468025511,0.5970107352087148,0.011559796765774162
1,1,0.2049244723276047,0.7891781399672058,0.005897387705189582
1,0,0.5390802643292896,0.45605407005379267,0.004865665616917784
1,1,0.3622653589997429,0.6332094628368409,0.004525178163416406
0,0,0.7115497015408103,0.2872508847597527,0.0011994136994371487
1,1,0.21014879228841285,0.780439274305798,0.009411933405789172
1,1,0.21716598254923447,0.7642234689854194,0.018610548465346283
0,1,0.16383586756594518,0.8215926780913689,0.014571454342686009
1,1,0.34418685107548386,0.6514290436012518,0.004384105323264357
0,0,0.8457771497841973,0.15389580872331587,0.00032704149248690095
0,0,0.6765149413246304,0.3223957608663437,0.0010892978090258512
0,0,0.5663005958244673,0.43236431810982257,0.0013350860657100785
1,1,0.310495994089975,0.68176578665065,0.007738219259374881
1,1,0.1893976496541503,0.8001692108898448,0.010433139456004912
1,0,0.543754911820734,0.45429899639537996,0.0019460917838860666
0,0,0.6260854815741735,0.37217819538707153,0.0017363230387547931
1,1,0.06747098041683892,0.9173264722550851,0.015202547328075983
0,0,0.9197841885970947,0.08010707909489717,0.00010873230800819465
0,0,0.7509411553854339,0.24862598225139648,0.000432862363169446
0,0,0.831496679207759,0.16827591004433362,0.00022741074790737066
2,2,0.0020232217280950686,0.16518439564339826,0.8327923826285067
1,1,0.16154515209899575,0.8313121083251214,0.007142739575882902
0,0,0.7904140253259705,0.20941281949194118,0.0001731551820883662
1,0,0.7690923260344237,0.23021675682197498,0.0006909171436013455
1,1,0.17053951938491443,0.815461973811358,0.01399850680372765
1,1,0.09616774807987352,0.8616564592537892,0.042175792666337246
1,1,0.22726294978540365,0.7670947994070516,0.0056422508075447
1,2,0.006719206122654679,0.25032137122147097,0.7429594226558744
1,1,0.153616487885486,0.8324743315808231,0.013909180533690928
1,1,0.37668371041958915,0.6165625753636791,0.006753714216731747
1,1,0.26074710732996453,0.707531231743728,0.03172166092630734
0,1,0.28992706475472513,0.6941936247901989,0.015879310455076016
1,0,0.6810427616603841,0.3176816278039358,0.001275610535680004
1,1,0.3524257559986953,0.644202750093376,0.003371493907928665
0,1,0.42917866108766084,0.5651927664707004,0.005628572441638683
0,0,0.5467339761806197,0.45182198265230844,0.0014440411670718562
1,1,0.025233244959506275,0.9091131125432654,0.06565364249722828
1,1,0.32000860975167944,0.6737852951810803,0.006206095067240183
1,1,0.18167981720854753,0.8109494401479111,0.007370742643541255
1,1,0.3595230029743764,0.6332039450980611,0.007273051927562476
1,1,0.4903498599565759,0.5083222951782972,0.001327844865126974
1,0,0.7143861300036753,0.285386028076104,0.0002278419202205698
0,0,0.6477676940644936,0.3510959420101625,0.001136363925344074
0,0,0.8146371199809292,0.18468982864579364,0.0006730513732771453
1,1,0.09193254888176243,0.8686300282628987,0.039437422855338834
1,1,0.22922450949412543,0.7660326217677043,0.004742868738170214
0,0,0.7171508612819577,0.28132697521873135,0.0015221634993109157
1,1,0.24545752677235516,0.7423779447716372,0.01216452845600752
1,1,0.4377673007414031,0.5594774891835794,0.0027552100750174576
0,1,0.149952425526653,0.8326669906147566,0.017380583858590492
1,1,0.4337056537232187,0.5653224222197711,0.0009719240570102232
1,0,0.6187665050104365,0.37995076252276416,0.0012827324667992934
1,1,0.3662930033302043,0.6273371970728977,0.006369799596897919
0,0,0.643130573541996,0.35591788110042305,0.0009515453575810147
0,0,0.8091682097978066,0.19050532960652303,0.0003264605956703796
0,1,0.04467481661641024,0.8700049714800113,0.08532021190357847
1,1,0.08369900798148934,0.6112778282758183,0.30502316374269234
1,1,0.34177065648079585,0.652637966083766,0.005591377435438063
1,1,0.21775864778231088,0.774284470609275,0.007956881608414151
0,0,0.5983838580573557,0.4009331721660266,0.0006829697766176684
0,0,0.6011945830365806,0.39613766463359323,0.0026677523298261506
2,2,0.003031787614624432,0.21830415203103884,0.7786640603543368
0,1,0.22694114123182751,0.7612355042567778,0.011823354511394761
0,0,0.6770483556018707,0.3211177460778965,0.0018338983202327028
1,1,0.23382920474112237,0.7588200079051216,0.007350787353756066
0,0,0.6708776773812627,0.32837873608634754,0.0007435865323897742
0,0,0.5915994580109895,0.4049823019469839,0.0034182400420265705
0,0,0.7157724110927045,0.2838696793390321,0.00035790956826350765
0,1,0.36005882727082156,0.6378659474731397,0.002075225256038612
1,1,0.27068155525454135,0.7086449638837068,0.020673480861751872
1,0,0.6021654278958491,0.3961555950317865,0.0016789770723643618
0,0,0.7636997246863114,0.23608609948295955,0.00021417583072898933
1,0,0.6408863837319442,0.3586633167669152,0.0004502995011406178
2,2,0.0012799294532273235,0.15310876234005394,0.8456113082067187
1,1,0.399658772532069,0.5954837220932769,0.004857505374654002
1,1,0.31672074720143634,0.6702987581735033,0.012980494625060375
1,0,0.5497287759205481,0.4472714385902121,0.0029997854892397082
1,1,0.32354662631443437,0.6726865255333413,0.0037668481522243726
1,1,0.3710808940435428,0.6170791880328723,0.011839917923584891
0,0,0.5672014234471254,0.4312756194220454,0.0015229571308291224
1,1,0.4153303057059311,0.5775886170130529,0.007081077281015959
1,1,0.3750928816348262,0.6222232011146028,0.002683917250571029
1,1,0.24513501736829754,0.750702194953613,0.004162787678089476
1,1,0.1141975116209405,0.8652412168587077,0.020561271520351882
1,1,0.4042375604161736,0.5933842261939104,0.0023782133899160965
1,1,0.3950522619335118,0.5981865537148406,0.006761184351647595
1,1,0.38401176510388185,0.6103649135442112,0.005623321351907037
0,1,0.18606549072609413,0.7994971888655655,0.01443732040834034
2,2,0.0009903121416318357,0.0876189970113584,0.9113906908470097
0,0,0.6446986619665468,0.35432887548311337,0.0009724625503398065
0,0,0.6200835459540062,0.37937294685189965,0.0005435071940941919
0,0,0.5522572628722782,0.44666529627480195,0.0010774408529199248
1,1,0.35906054754606204,0.6379517829234822,0.0029876695304557727
1,1,0.18114007660084075,0.8132495382835218,0.005610385115637341
0,0,0.6447338366969713,0.35413672551575226,0.0011294377872765379
1,1,0.28627014659133576,0.7060064274110396,0.007723425997624595
1,0,0.5945564390691463,0.4042927507760543,0.0011508101547994228
1,1,0.09562517551385294,0.8956064287392315,0.008768395746915472
0,0,0.7634482516820913,0.2356917274612864,0.0008600208566222203
1,1,0.20564584659115212,0.7895090688490704,0.0048450845597774895
1,1,0.2909291529854896,0.7027785921997909,0.006292254814719512
1,0,0.6906232762527197,0.30810980408570227,0.001266919661577977
2,1,0.02527177200168544,0.8515005142048938,0.12322771379342083
0,0,0.6887202901097763,0.310773367551484,0.0005063423387397326
1,1,0.31566033209809635,0.6754192438027483,0.008920424099155297
1,1,0.4158259932198495,0.5802952225241397,0.0038787842560108286
2,2,0.0007143014935438636,0.10317892521104807,0.8961067732954081
1,1,0.279678060024754,0.7138891389739593,0.006432801001286688
0,0,0.7261673877355072,0.27317553539645606,0.00065707686803668
0,1,0.3805024566605072,0.6175209907456092,0.0019765525938837242
1,1,0.0885934233657148,0.883942105756958,0.027464470877327327
0,0,0.7456437079718888,0.25372184573206585,0.0006344462960453168
1,1,0.17947973734649292,0.7888676756196026,0.031652587033904514
2,2,0.006328721699569302,0.3439573841308857,0.6497138941695451
1,1,0.49249652078828515,0.5025098491605442,0.0049936300511706265
1,1,0.10281005343421888,0.8805502547670129,0.01663969179876814
1,1,0.08260984899605012,0.9079771867762302,0.00941296422771975
0,1,0.42457970741244566,0.5696737524061487,0.00574654018140554
0,1,0.4016914274353458,0.5910116633119464,0.007296909252707782
1,1,0.40345578535675664,0.5919560623754121,0.0045881522678311755
0,1,0.39293756240983746,0.6012374472374828,0.005824990352679742
1,1,0.0586306819850896,0.8931650978561477,0.04820422015876267
1,1,0.2587561946710691,0.7288633707742775,0.012380434554653298
0,0,0.6057443548713989,0.3930218681185906,0.0012337770100105878
1,0,0.5377637750258428,0.46102670411305585,0.0012095208611012072
0,0,0.9002519875228192,0.09956547254113117,0.0001825399360495616
0,1,0.26568214633050147,0.7277449100091641,0.006572943660334376
1,1,0.3394801455434081,0.6520879054422081,0.008431949014383825
1,0,0.5956288279612761,0.4031609744887538,0.0012101975499699152
0,1,0.4288743873611407,0.5613990242955508,0.009726588343308355
0,1,0.4496977186457042,0.5492719023014848,0.0010303790528110237
1,1,0.20247676277635984,0.7839161315237586,0.013607105699881562
0,1,0.40600644901070315,0.5911353569853494,0.0028581940039475806
0,0,0.7258803099474472,0.2731689838600385,0.0009507061925141621
1,0,0.6959674350799113,0.30302589923749285,0.0010066656825958177
0,0,0.5714783336480215,0.42782015736450246,0.0007015089874760529
1,1,0.12335433247995398,0.8567511004026019,0.019894567117444004
1,1,0.4727758843997093,0.5243550433773787,0.002869072222912006
2,1,0.06035473520556696,0.9083426900278195,0.031302574766613446
1,1,0.11117838674603321,0.8806939733976595,0.008127639856307172
1,1,0.11041250310361327,0.8651803653682336,0.024407131528152957
0,0,0.8518661835507984,0.1476229391598643,0.0005108772893374297
1,0,0.6210651596522963,0.37798555235284403,0.0009492879948597715
1,1,0.4394081614681937,0.5559000244252749,0.00469181410653143
2,2,4.340750086509269e-05,0.03326186114672396,0.966694731352411
1,0,0.6750902426909137,0.3241489345869152,0.000760822722171184
1,1,0.3719831837672688,0.6228748830094206,0.005141933223310628
0,1,0.4339169744035264,0.5563413820432181,0.009741643553255425
0,0,0.5628559731918015,0.43591763891478036,0.0012263878934182008
1,1,0.06128397511257142,0.916608771945369,0.022107252942059466
0,0,0.9027503654628184,0.09719905120818138,5.0583329000282706e-05
0,0,0.7259971022358727,0.2726730930780154,0.0013298046861119751
1,1,0.2952235978198549,0.698888254445324,0.005888147734821024
1,1,0.23672226597244267,0.7576471604623617,0.005630573565195738
0,0,0.829605837972239,0.17001491695762833,0.000379245070132576
1,1,0.19707937601478734,0.7841656982250419,0.018754925760170762
0,0,0.6690633634388026,0.3301777545912115,0.0007588819699858402
1,1,0.20006728397950413,0.7922408227132025,0.007691893307293331
0,0,0.8472712245822975,0.1524449978811265,0.0002837775365761015
0,0,0.8401113896873671,0.1592009030828026,0.0006877072298303097
1,1,0.06452667505441312,0.9111440956311044,0.02432922931448241
0,1,0.2673447275354348,0.7203595157510414,0.012295756713523722
1,1,0.2932938049672898,0.7002061381120127,0.006500056920697406
1,1,0.07003802810273557,0.9072913223280247,0.02267064956923987
1,1,0.1915770936768275,0.8007415952514341,0.0076813110717384656
0,1,0.34324380333569826,0.649094799652397,0.007661397011904761
0,0,0.9219048093145731,0.07799414152338759,0.00010104916203936454
1,1,0.21166188208904407,0.780964412074023,0.007373705836932926
1,1,0.127194369056472,0.8552107536854415,0.017594877258086478
0,0,0.6474551185511849,0.3518266896202121,0.0007181918286030225
1,1,0.21405905155711558,0.7762192842914464,0.009721664151437985
0,0,0.788587915089186,0.2112037029970444,0.00020838191376936567
0,0,0.8694522549211824,0.130333990310426,0.00021375476839168066
1,1,0.23927354168289777,0.7547323039338976,0.005994154383204523
0,0,0.6051401783659701,0.39148761323832404,0.00337220839570575
1,1,0.14522097469068285,0.8197047806595752,0.03507424464974192
0,1,0.3246607433171004,0.6606997996318041,0.014639457051095458
1,1,0.09692768489409058,0.8889037008621592,0.01416861424375023
1,2,0.007354483199958012,0.32811917985819755,0.6645263369418445
1,1,0.2946689974382975,0.7020428136613216,0.003288188900381011
1,1,0.204671973299338,0.789645245909451,0.005682780791211043
1,1,0.3624729102530543,0.6323244660571695,0.005202623689776101
0,1,0.3063255805444739,0.6803148182946357,0.013359601160890343
1,1,0.11440450694091635,0.8633237643387655,0.02227172872031813
0,0,0.5653186494087753,0.43323190921654275,0.0014494413746819063
1,1,0.1413160069809298,0.8437018886247812,0.014982104394288877
1,0,0.5104047085957432,0.486000875175243,0.0035944162290138673
0,1,0.20533427426365872,0.7784576899407979,0.01620803579554344
0,0,0.8691944532950692,0.1305659384049906,0.00023960829994021447
1,1,0.2706586500934527,0.7235309509193859,0.005810398987161409
0,0,0.9009794248886813,0.09886326418773851,0.00015731092358020572
0,0,0.6311717312026938,0.368049130182816,0.0007791386144904059
1,1,0.3291012038857542,0.6643359796165619,0.006562816497683986
1,1,0.025919015554590544,0.9393783272790002,0.03470265716640921
0,0,0.8581731213337623,0.14135810913933256,0.00046876952690500006
0,1,0.396181808395277,0.601403559618621,0.0024146319861020147
2,2,0.007475042309299621,0.3136845966184065,0.678840361072294
2,2,0.004468468264286871,0.3447891934400226,0.6507423382956906
1,1,0.2264746563319043,0.7608356046793977,0.01268973898869803
1,1,0.382218948738471,0.6124049163902073,0.005376134871321635
0,0,0.6781432740051965,0.3209866666741529,0.0008700593206507503
0,1,0.4137966333511462,0.5833580047685939,0.0028453618802600474
1,1,0.042504464301262736,0.9226670170245495,0.03482851867418784
1,1,0.2107770833031698,0.7844017589301774,0.004821157766652733
1,1,0.23803191895418388,0.7508367033342906,0.011131377711525415
1,0,0.520450173828619,0.47819632160405384,0.00135350456732725
1,1,0.4311073008339312,0.5638889360873328,0.0050037630787359635
2,2,0.0028286671158712267,0.20696533272630283,0.790206000157826
0,0,0.7786061997262944,0.22077013351954214,0.0006236667541634508
0,1,0.269670950729067,0.7104196382440422,0.019909411026890714
0,0,0.88365872323018,0.1162013508882131,0.00013992588160704624
0,0,0.5083667974357902,0.48976006586143733,0.0018731367027724835
1,1,0.13285978133951212,0.8395474137564023,0.027592804904085583
1,1,0.059726796786502695,0.9183259277856286,0.02194727542786861
1,1,0.03517143409648006,0.8817823789291835,0.08304618697433647
1,0,0.5332762262901997,0.46393646852604153,0.0027873051837587425
1,1,0.04279806533637586,0.7949517530983762,0.162250181565248
1,1,0.037737958837657064,0.8020148285349067,0.16024721262743621
0,1,0.4752431388258852,0.5208637763836611,0.00389308479045376
1,0,0.8101889253502543,0.18960422630051676,0.00020684834922889912
0,1,0.48264171363056524,0.5154650187052103,0.001893267664224491
0,1,0.0832394382680869,0.897389504110132,0.019371057621781082
1,1,0.0557884515798099,0.9248449393730401,0.019366609047149947
1,1,0.05503693989287889,0.918704321774257,0.026258738332864226
1,1,0.04755595637809855,0.8478761081807215,0.10456793544118008
1,1,0.32901908569731464,0.6682646205286875,0.002716293773997943
1,1,0.2389500248699174,0.7444695328814921,0.01658044224859043
1,1,0.02076555930821183,0.9283043748589894,0.05093006583279865
0,1,0.43126460309104464,0.5648400135993134,0.003895383309642012
1,1,0.33736557730908356,0.6576470265336127,0.004987396157303689
0,1,0.31959847789795404,0.6734606769508158,0.006940845151230142
0,0,0.5409225705421389,0.45632735508782785,0.002750074370033205
2,2,0.00923862684565829,0.3231403504001969,0.6676210227541448
1,0,0.5403930216295614,0.457277467149526,0.0023295112209126547
0,0,0.6215246294916801,0.37627805829431776,0.002197312214002154
1,1,0.06847193806475171,0.8893883364782984,0.042139725456949974
0,0,0.5449378506739725,0.4531995359947242,0.0018626133313033172
0,1,0.269001937294953,0.7235790583335279,0.007419004371519135
1,1,0.17775245963065087,0.8084818197345903,0.013765720634758987
1,1,0.06651570779107602,0.8879811781683309,0.04550311404059308
2,2,0.0023669143169755555,0.1301477959359655,0.8674852897470589
2,2,0.017159626949872327,0.3530975425961507,0.6297428304539769
0,0,0.774739429447474,0.22430860784280607,0.0009519627097200608
1,1,0.16263634364592913,0.8092899102158899,0.02807374613818092
0,1,0.3216734850061412,0.67467335509952,0.003653159894338883
1,0,0.7999136295805251,0.19930520845719582,0.0007811619622790326
1,1,0.46870456242457476,0.5283761288494226,0.0029193087260026432
0,1,0.14855056461308289,0.8307413010526714,0.02070813433424568
1,1,0.26071114315079863,0.7284854113822832,0.010803445466918181
1,0,0.676398983619185,0.3221958042796193,0.0014052121011957782
0,0,0.8678169996566795,0.13200576472265826,0.0001772356206621018
0,1,0.4444732854972086,0.5506398887112054,0.0048868257915859695
1,1,0.06743297204636826,0.8619062607880762,0.07066076716555554
0,0,0.9373200114260312,0.0626684291918917,1.155938207702987e-05
1,1,0.05813539984213668,0.9066938419934529,0.03517075816441041
0,1,0.2821718947031708,0.7131808525296941,0.004647252767135171
1,0,0.5813960752714051,0.4149104005249738,0.003693524203621007
0,0,0.9580349166814744,0.041883071990298455,8.201132822720147e-05
0,0,0.7927185591487548,0.20609270793750661,0.0011887329137386328
0,1,0.32678285443277144,0.6693247526306068,0.003892392936621836
1,1,0.2024175921721556,0.7927118488223112,0.004870559005533269
1,1,0.06808457812929415,0.895572373463383,0.036343048407322893
1,1,0.3023401201883779,0.6883139820336904,0.009345897777931668
0,0,0.5825978383506133,0.4159150032618903,0.001487158387496301
0,0,0.671545850862651,0.3266902803194828,0.0017638688178662927
1,1,0.3246441415131845,0.6711268806637989,0.004228977823016556
1,1,0.4212057931153433,0.5763601550112954,0.002434051873361269
1,1,0.2969253885601433,0.691903574185134,0.011171037254722734
1,1,0.11158582149778935,0.8397126462074241,0.04870153229478639
1,1,0.25476544395302086,0.7325318913200312,0.012702664726948054
0,1,0.4933972553677648,0.5021502217634991,0.004452522868736132
1,1,0.2091285456102396,0.7864587731818986,0.004412681207861772
1,1,0.021972860382442557,0.8759433603432957,0.10208377927426177
0,0,0.5437146334626388,0.45383334435487266,0.0024520221824885302
0,0,0.519835547074082,0.4760138885798641,0.0041505643460539934
1,1,0.395940928358135,0.6008145290771997,0.0032445425646652876
1,1,0.39201048968055924,0.6047277593703962,0.003261750949044528
0,0,0.6180653976736876,0.38132907037738806,0.0006055319489243233
1,1,0.17096328886542805,0.8204767949099635,0.008559916224608445
1,1,0.08200058761225287,0.9016034701545891,0.016395942233158014
1,1,0.0725960233603358,0.9061511182912099,0.021252858348454355
1,1,0.16117382544647926,0.8176820134677472,0.021144161085773695
0,0,0.7868155028608365,0.21299166046474546,0.00019283667441805094
1,0,0.578624851469412,0.4185978409710762,0.0027773075595117877
1,1,0.21444562941311487,0.7779674174513703,0.007586953135514762
0,1,0.46377454124651213,0.5337586455544524,0.0024668131990353863
0,0,0.7717177168135813,0.227764467011986,0.0005178161744328297
1,0,0.6570272620063423,0.3418896937848276,0.0010830442088301344
1,0,0.6154666101004033,0.38349661194987,0.001036777949726834
0,0,0.752856926500235,0.24602884204010717,0.0011142314596577943
1,1,0.3444417866128286,0.6526572399589886,0.002900973428182845
1,1,0.42824603723327936,0.5645111857438627,0.007242777022857773
0,0,0.6680560235213225,0.3313130312299378,0.00063094524873974
1,1,0.19975011469887066,0.792447928713217,0.007801956587912431
1,1,0.03824932991926361,0.9236406349427365,0.03811003513799974
1,1,0.03886250199168062,0.937981350558874,0.02315614744944539
0,0,0.7332448184318489,0.2654076075315527,0.0013475740365984019
1,1,0.4140639727467772,0.5790041350621559,0.00693189219106685
1,1,0.09728991053328183,0.8831676240641853,0.0195424654025329
0,1,0.23241951631452282,0.7576141886155697,0.009966295069907396
1,1,0.2387547458244527,0.7569466388060223,0.004298615369524949
1,1,0.07463240468013596,0.8948824495973562,0.030485145722507833
0,1,0.48432103178478075,0.5125230061131322,0.0031559621020870996
1,1,0.10666158201200023,0.8791845382302406,0.014153879757759133
1,1,0.02141674683667765,0.9348536291067525,0.043729624056569834
0,0,0.5182813834930604,0.479123253513281,0.0025953629936585464
0,0,0.8350012217435233,0.16468180335954186,0.000316974896934878
1,1,0.09806203581249318,0.8767981794869921,0.025139784700514686
0,0,0.522340215907478,0.4757424127173406,0.0019173713751814343
0,1,0.2062184735667382,0.7904589520493881,0.0033225743838737375
0,0,0.8394337012951792,0.1600820872947925,0.0004842114100281273
0,0,0.6680407141063718,0.3317016285695733,0.0002576573240548081
2,2,0.00017724799930476476,0.05315020018220718,0.946672551818488
1,1,0.43263934195550774,0.5595885056665557,0.007772152377936592
0,0,0.5634873323395826,0.4346488418974719,0.0018638257629455775
0,0,0.5096352090233744,0.48897602751070773,0.0013887634659178825
0,1,0.456704513768916,0.5412596733138684,0.0020358129172155506
1,1,0.308153169928443,0.6787803772901694,0.013066452781387634
1,1,0.4076898159067689,0.5889363033432337,0.003373880749997574
1,1,0.28214037571190276,0.7117124909869771,0.006147133301120237
1,1,0.20515114124764222,0.7903798516966616,0.004469007055696202
1,1,0.22866726897350428,0.7564103826130125,0.01492234841348332
0,0,0.6113171244830199,0.3860417190462941,0.002641156470686046
0,1,0.4340395085260098,0.5625776483469745,0.0033828431270156206
1,1,0.38567683442435335,0.6052342529220265,0.009088912653620168
0,1,0.49271803384772567,0.5056793918510439,0.0016025743012304256
1,1,0.11801225334728124,0.8650937610712637,0.01689398558145511
2,1,0.03408599636226615,0.8889763634605281,0.07693764017720575
1,1,0.13364562318199774,0.8343064999271417,0.03204787689086062
0,0,0.5581360110366336,0.4405754092756375,0.0012885796877290454
0,1,0.22172435823011608,0.7714505724645745,0.006825069305309467
1,1,0.07563266501903891,0.8776647937688821,0.046702541212078945
2,2,0.013693283802504517,0.31543518178930996,0.6708715344081855
1,1,0.20273271324272454,0.7645494566356723,0.03271783012160312
1,1,0.2843868638537193,0.7032428998081603,0.012370236338120304
1,1,0.4058703851277044,0.5903324189870999,0.0037971958851956214
0,0,0.6890976636715586,0.31036965232392094,0.0005326840045204656
0,0,0.5584175289580996,0.4377695816354943,0.0038128894064062085
0,0,0.8146565658548532,0.1848104083631656,0.0005330257819811941
1,1,0.164927533299483,0.8247050178165967,0.0103674488839203
1,1,0.21064795448171494,0.7850203799138082,0.004331665604476804
0,0,0.632383205640333,0.36700177366212505,0.0006150206975419727
0,0,0.808345971779918,0.19105131001520445,0.0006027182048775861
1,1,0.2734452888518336,0.7208127879206101,0.005741923227556195
1,1,0.347801138930025,0.6401119660376263,0.01208689503234855
1,0,0.6545071055989523,0.34499248379300207,0.0005004106080456957
0,0,0.8896108383051362,0.11019317290976814,0.0001959887850956397
1,1,0.10517712279021416,0.8791809866900359,0.015641890519749943
0,1,0.07774488881315586,0.8975590556819574,0.024696055504886662
0,0,0.6830602142310863,0.31633138393444293,0.000608401834470854
1,1,0.32492966818584434,0.6688238980114418,0.006246433802713839
2,2,5.1848847165599575e-06,0.0026600310027001363,0.9973347841125834
1,1,0.11321118127717737,0.8524954225284106,0.034293396194411935
1,1,0.1650717645858669,0.822484352625012,0.012443882789121133
1,1,0.031367992242139264,0.9426642820574602,0.025967725700400332
1,0,0.6789005005719622,0.32046512574789365,0.0006343736801441885
1,2,0.0126320626535789,0.3714682760719984,0.6158996612744227
1,1,0.08325604899295892,0.8684108597106639,0.048333091296377244
0,0,0.6347090183940488,0.36492427317742004,0.00036670842853109563
0,1,0.34061277466868645,0.6534375612160084,0.0059496641153052535
0,0,0.588125744983016,0.41094812468497105,0.0009261303320129878
1,1,0.1611753977692187,0.8241122571494102,0.014712345081371122
0,0,0.5824393389255917,0.4165519514646301,0.001008709609778133
0,0,0.5626711439487304,0.43305781380097796,0.004271042250291599
0,0,0.6748372828411187,0.3244491743545405,0.0007135428043407278
1,1,0.42005583543400354,0.5759329100489995,0.004011254516997
1,1,0.14162258862623156,0.8512520346762755,0.007125376697492982
1,0,0.6678440306402623,0.33020765973513183,0.0019483096246058229
0,1,0.4460115890067609,0.5509111743278111,0.0030772366654279347
0,1,0.1807988013792842,0.8036861619880252,0.015515036632690571
1,1,0.19706203255938884,0.7813852587322209,0.021552708708390256
0,0,0.6777361345590566,0.3215141666076099,0.0007496988333336664
1,1,0.31996224618278185,0.665725339581642,0.014312414235576056
0,0,0.6623515056209126,0.3356779659726804,0.0019705284064068375
0,1,0.1568577171285834,0.8275844681668187,0.015557814704597987
2,2,0.011631105285077605,0.29220394131471766,0.6961649534002047
1,1,0.35367999849698784,0.6300344907335529,0.016285510769459218
1,1,0.05249269314929084,0.874571920138694,0.07293538671201522
1,1,0.39160653155129155,0.6005507215030613,0.007842746945647096
1,1,0.09664338252148545,0.8610319487348758,0.042324668743638834
0,0,0.6655779771725219,0.33335181724265883,0.001070205584819237
1,1,0.4851355117355544,0.5120151181933108,0.002849370071134789
1,1,0.04140286492301111,0.9061387161906869,0.05245841888630201
0,0,0.9052008675119257,0.09473393943466821,6.519305340605711e-05
0,0,0.7455432821024554,0.2538570859181031,0.000599631979441649
0,0,0.7364785525189363,0.263251913690139,0.00026953379092456295
1,1,0.20995619568867208,0.7767408927771501,0.013302911534177696
0,0,0.9097506862550843,0.08995453930794232,0.00029477443697339565
1,1,0.10431078427504738,0.860686292583931,0.03500292314102146
2,2,0.0006861748158023129,0.10610066415523584,0.8932131610289618
0,0,0.6149160459750721,0.3837804059242981,0.0013035481006296978
0,0,0.8060045515717896,0.19366517510480458,0.0003302733234058437
1,1,0.47557221085424056,0.5233648683780221,0.0010629207677373548
0,0,0.5561974526529011,0.4421447134749631,0.0016578338721357372
1,0,0.6885156815973053,0.31058145641893253,0.0009028619837621914
0,1,0.28259685821721486,0.7144569225097017,0.002946219273083438
1,1,0.4153832356132904,0.5769065950346833,0.007710169352026348
1,0,0.5500218612194638,0.44839670889613464,0.0015814298844014757
0,0,0.9274965168203131,0.07238729352283069,0.0001161896568561824
1,1,0.0757118814267705,0.8653682554197081,0.058919863153521324
1,0,0.798099447822556,0.20125408679953713,0.000646465377906794
0,0,0.6501842408081758,0.34676913655577063,0.003046622636053506
1,1,0.3080900418144549,0.6795203185543034,0.012389639631241733
1,0,0.587535298519045,0.40970178459772155,0.0027629168832335065
0,0,0.6361926549892027,0.360847584567766,0.002959760443031206
1,1,0.13670778336589734,0.8556009715954235,0.007691245038679036
1,0,0.7305035694519265,0.2690651842258395,0.00043124632223403756
0,0,0.615058993409704,0.382590551462127,0.002350455128168856
1,1,0.13873945550644975,0.8060149614236028,0.05524558306994734
0,0,0.8563665045717226,0.1433539243652489,0.00027957106302857585
0,0,0.7401030466501411,0.2592858944043182,0.0006110589455407179
1,1,0.014458862823815472,0.9054813857630103,0.08005975141317415
0,1,0.11512114222016245,0.8712570529642429,0.013621804815594723
1,1,0.2767415509043794,0.7149130845549646,0.00834536454065599
1,1,0.3778642944665569,0.6198528976451435,0.00228280788829947
0,1,0.280628118462532,0.7074131792917631,0.011958702245704913
0,0,0.7433038963938521,0.25603972356505234,0.0006563800410954743
2,2,5.432081530625431e-05,0.044815690510356485,0.9551299886743373
2,2,0.00918300141217468,0.3223246467741515,0.6684923518136738
0,0,0.8129486385283193,0.18647708708948893,0.0005742743821917925
1,1,0.4421347760254743,0.5550344681702992,0.002830755804226577
1,1,0.016667405557249555,0.6126340470643729,0.3706985473783776
1,1,0.24737260514621615,0.7472689327916937,0.005358462062090051
0,0,0.8376015691264609,0.16216521380364707,0.0002332170698921667
1,1,0.22609041122249313,0.7638574399689404,0.010052148808566445
0,0,0.5700779685353954,0.4285441673551043,0.0013778641095002289
1,0,0.577645976949198,0.4215235139824037,0.0008305090683984191
1,1,0.23112899003011783,0.7615658254026979,0.007305184567184259
0,0,0.8041722835703078,0.19521367352744412,0.0006140429022480492
1,1,0.2873430927179442,0.7097394156366995,0.0029174916453562337
0,0,0.6576444439671345,0.3410882510018512,0.0012673050310144313
0,0,0.5389210853643001,0.45890241864247416,0.002176495993225727
0,0,0.6252608669710255,0.37216561563434497,0.002573517394629458
1,1,0.27143449380431056,0.716248225372978,0.012317280822711394
1,1,0.2294457254995823,0.7672966901981649,0.003257584302252745
0,0,0.6090977379440008,0.3895275029718641,0.001374759084135197
1,1,0.1980341404668618,0.789775061495448,0.012190798037690373
1,1,0.27182979508786465,0.7185871749243281,0.009583029987807253
0,0,0.6681284128039303,0.3302255362197356,0.0016460509763340893
1,1,0.07574923276567558,0.8945108891209639,0.029739878113360648
1,1,0.09526647396097525,0.8534945527943931,0.05123897324463165
1,1,0.2927491754998021,0.6937722038849087,0.013478620615289361
0,0,0.7531646701886127,0.2463649945219768,0.0004703352894105939
1,2,0.008632618454662417,0.4407332116287326,0.550634169916605
0,0,0.9308403279349612,0.0691029942876903,5.667777734870158e-05
1,1,0.22670258352431133,0.7649299993233719,0.00836741715231672
0,0,0.7193929157444848,0.28024213437877254,0.0003649498767425313
1,0,0.5359686426984352,0.46061690327973065,0.0034144540218339816
1,1,0.06965690622731709,0.5833025030155168,0.34704059075716615
1,1,0.2979780624104888,0.6943943166607571,0.007627620928754088
1,1,0.4113288312136836,0.585789530435991,0.002881638350325467
1,1,0.31111087217902117,0.6789675279725859,0.009921599848392809
0,0,0.5607290451707113,0.4365780880116881,0.002692866817600631
1,0,0.7741434261207234,0.22502994152574332,0.0008266323535331629
0,1,0.07241328025696353,0.8733428896693581,0.05424383007367812
0,0,0.8408726151134531,0.15888470324124204,0.0002426816453047863
0,0,0.666124497034724,0.33294884016255455,0.0009266628027214869
1,1,0.41127677446832905,0.5860072254683132,0.0027160000633578317
0,0,0.8024031189967981,0.19719175646672174,0.00040512453648022405
1,1,0.11283148772238645,0.8385577921031625,0.048610720174451165
0,0,0.870050535982121,0.12965025560197616,0.00029920841590271534
0,0,0.6405582773547526,0.3586191202901469,0.0008226023551006289
2,2,0.008655641009221206,0.2545976821365347,0.736746676854244
1,1,0.09494836628044866,0.868009605659319,0.037042028060232296
1,0,0.8271800404004097,0.1726263080907851,0.00019365150880527044
1,1,0.2754140986870214,0.7173112988641634,0.0072746024488152435
0,1,0.43698032232465345,0.5591642522087865,0.003855425466560133
1,1,0.4574015020432808,0.535881649549614,0.0067168484071052125
0,0,0.6671439367548216,0.33225155142933444,0.000604511815843975
1,1,0.2335985610410579,0.7614382498019852,0.004963189156956983
1,0,0.6592390665126202,0.34018391476887416,0.0005770187185055661
0,0,0.5666017645107151,0.42856769819759427,0.004830537291690643
0,0,0.6826247348217503,0.31715337361523827,0.00022189156301138694
1,0,0.5477845391450115,0.45029443510160816,0.0019210257533804852
0,0,0.5178851024335429,0.4806508630612174,0.001464034505239658
1,1,0.19428595118892988,0.7884890075221352,0.01722504128893502
1,1,0.32091730474279057,0.6722873171439148,0.0067953781132945555
1,1,0.2716985463875945,0.7206679135339809,0.007633540078424745
1,1,0.20035280325462235,0.7951242675507366,0.004522929194641171
1,1,0.47002734272432317,0.5226833877263312,0.007289269549345706
0,1,0.4978194158715109,0.5001305253260117,0.0020500588024774152
0,0,0.5126239959404267,0.48550561495938577,0.0018703891001875489
0,0,0.55519602727038,0.44402879188940836,0.0007751808402116669
0,0,0.6865720726620015,0.3118063593177419,0.0016215680202564318
1,1,0.33024703103129543,0.6616555267002439,0.008097442268460686
0,0,0.7287632702177187,0.26935933126265443,0.0018773985196269118
0,0,0.6106440095221577,0.3883961343597578,0.0009598561180845008
0,1,0.2923985493653031,0.6997391296478627,0.00786232098683426
2,2,0.0008436238838027784,0.12222765807167309,0.8769287180445241
0,0,0.625767751510366,0.37304136852354747,0.0011908799660864363
1,1,0.18196737447731956,0.8119130997401243,0.006119525782556347
1,1,0.1800907403283689,0.8134198339395183,0.006489425732112706
1,1,0.0213681777937955,0.8894440197178483,0.08918780248835623
1,1,0.21156931036125862,0.7817430972443287,0.006687592394412798
1,1,0.22635060922929465,0.7694040922877302,0.004245298482975179
1,1,0.0565349488426113,0.9133120469708942,0.030153004186494387
1,1,0.24126020384436958,0.7457233180817282,0.013016478073902302
1,1,0.2051367978637441,0.7895659795913985,0.005297222544857261
0,1,0.402239518008484,0.5879919420198334,0.009768539971682649
1,2,0.00794636664939432,0.31461165462596263,0.6774419787246431
1,1,0.34746910742205733,0.640621552622396,0.011909339955546622
1,1,0.31217277277280975,0.6723536519835828,0.01547357524360737
1,1,0.15504077886076115,0.8220913512451352,0.022867869894103558
1,1,0.24363602527538578,0.7455815742053407,0.01078240051927346
0,0,0.8724119392781406,0.12732477959025423,0.00026328113160526106
1,1,0.2165084099291147,0.7731776268058794,0.01031396326500586
1,0,0.56123273363696,0.4376692644045713,0.0010980019584685965
0,0,0.750181712021948,0.24950772717852351,0.00031056079952846186
1,0,0.5054133776397214,0.4923408729666141,0.0022457493936645576
0,0,0.8300809688876392,0.16919475488552746,0.0007242762268334836
0,0,0.7851727531885119,0.21452538170486818,0.0003018651066198843
1,1,0.14659416453624086,0.8432524548486883,0.010153380615070944
0,0,0.8063469936071427,0.19344437975487425,0.00020862663798317478
1,1,0.10063030377709416,0.8472582594994884,0.0521114367234175
1,0,0.710377462500803,0.28906225872271313,0.0005602787764837907
1,1,0.18848761180414994,0.8062838818772947,0.005228506318555375
0,1,0.43130376993905684,0.5625954869663182,0.006100743094624934
1,0,0.5791895213133742,0.4201580406121076,0.0006524380745182889
0,1,0.4059595237177177,0.5920896862659963,0.0019507900162860211
0,0,0.5946383611448005,0.4043938416723298,0.0009677971828696625
1,1,0.04996079176520917,0.8939335226168036,0.056105685617987115
1,0,0.5980399751514097,0.4000662854704695,0.001893739378120847
0,0,0.8456977644481734,0.15412975683413457,0.0001724787176921255
0,0,0.8484180224860447,0.15144717330489493,0.00013480420906042536
0,0,0.5736191015472887,0.42518913543801473,0.0011917630146965948
1,1,0.26408018451964904,0.7160149188718647,0.019904896608486284
0,0,0.7805321155976362,0.2190614424709308,0.0004064419314330859
1,1,0.0702459931080831,0.8936725817582241,0.03608142513369279
0,0,0.6765841875156801,0.32293556968886217,0.0004802427954577213
1,1,0.09026961742424246,0.8735882481912832,0.03614213438447444
1,1,0.08141131224646136,0.9041353433118363,0.014453344441702298
0,0,0.7969920735860011,0.20277910981356861,0.00022881660043040788
0,0,0.5654137530818784,0.43371093092755925,0.0008753159905623663
0,0,0.7378018828156774,0.26103012493847766,0.001167992245844939
0,0,0.838842258873619,0.16069482603452903,0.00046291509185202853
0,0,0.7037078378527784,0.2957739395834498,0.0005182225637717922
0,1,0.4434184432773095,0.5532695579048702,0.0033119988178203336
1,0,0.5095240178748083,0.48974931085280116,0.0007266712723906499
0,0,0.866706804066656,0.13292213675109465,0.0003710591822493178
0,0,0.837734876731178,0.16175119773057026,0.0005139255382516468
1,0,0.5688768781708263,0.42931105670790104,0.0018120651212726593
1,0,0.6192235869520889,0.3788699235678995,0.0019064894800115922
0,0,0.5317910926009405,0.46623806934109846,0.001970838057960987
1,1,0.20053362004275246,0.7920541668237782,0.007412213133469376
0,0,0.8886134195968053,0.11113758732395185,0.0002489930792428532
1,1,0.19357941374028803,0.7994604064870945,0.006960179772617525
0,0,0.911596294328495,0.08827151808338564,0.00013218758811937178
1,1,0.3391520923460528,0.6562520238613994,0.004595883792547911
0,1,0.128545575926246,0.8571110570501834,0.014343367023570546
1,1,0.015539103637209804,0.6768809875050147,0.30757990885777553
1,1,0.2812719139554074,0.7123640167683059,0.006364069276286685
1,1,0.1211422063109218,0.864425786985391,0.014432006703687151
1,1,0.15569686444246916,0.8392364232008878,0.005066712356643137
1,1,0.13271514659634784,0.8567280371808806,0.010556816222771461
1,1,0.48302340064290594,0.5141293457657773,0.0028472535913168086
1,1,0.3175178213684996,0.6760827035429499,0.006399475088550518
2,2,0.0008850689226070807,0.13775594081311518,0.8613589902642779
0,1,0.24362926554220882,0.7519117721882658,0.004458962269525319
0,0,0.8320937577469667,0.16745507091875894,0.0004511713342742959
1,1,0.1830193382280112,0.7867400927584072,0.030240569013581742
1,1,0.21906975257918113,0.7707899863651675,0.010140261055651297
1,1,0.2211079609973753,0.7683910325655663,0.010501006437058504
0,0,0.8406359361034542,0.15909411873338802,0.0002699451631577593
1,0,0.7633923757691443,0.23582681938257485,0.0007808048482808815
0,0,0.8242425583916799,0.1752459538435461,0.0005114877647739664
1,1,0.02727247101197516,0.7813260367082466,0.19140149227977832
0,1,0.2032924648058935,0.791003726702903,0.005703808491203639
1,0,0.8021067721853098,0.19747488499444013,0.0004183428202501753
0,1,0.29568931398323867,0.7015242353164979,0.002786450700263417
0,0,0.8405275951829319,0.1591170360374563,0.00035536877961190905
0,0,0.7925469560112337,0.20677119404413913,0.0006818499446271727
1,1,0.0532563077463734,0.9215134205988865,0.025230271654739986
2,2,0.0012458197327122088,0.11413943712695163,0.8846147431403362
2,2,5.1830647314997635e-06,0.003002790562214145,0.9969920263730543
2,2,0.0015051276296544815,0.25400879290201994,0.7444860794683256
0,0,0.5887955341403945,0.4082379194931422,0.002966546366463283
1,1,0.051750223836481604,0.9206249943828841,0.02762478178063438
1,1,0.07652625290656774,0.899717316636389,0.023756430457043228
1,1,0.025335069543505187,0.9170101384638174,0.05765479199267738
1,1,0.12197095033540188,0.8680926342163886,0.009936415448209383
1,1,0.08451925944297489,0.8944119884787957,0.02106875207822936
0,0,0.6149553254773913,0.38373664846055666,0.0013080260620521246
2,2,1.6183824051773664e-05,0.023414779770807564,0.9765690364051407
0,0,0.7846579243626828,0.21502077656702448,0.00032129907029265954
0,1,0.34038252349564335,0.656464987256834,0.0031524892475226413
1,1,0.10092389259249832,0.8719553806457847,0.027120726761717055
2,2,0.012739149846032515,0.3188211702325874,0.6684396799213801
1,1,0.02305656806660373,0.9308658234997634,0.04607760843363276
1,1,0.051209808549873954,0.9248705276482043,0.023919663801921575
1,1,0.16040887856394914,0.812399172909588,0.027191948526462898
0,0,0.7177786991623184,0.281030682060902,0.001190618776779573
1,1,0.13926725948651522,0.848606723149345,0.012126017364139787
1,1,0.11136502029757495,0.8806000746818625,0.008034905020562566
2,2,0.0013660244244388794,0.17681776385192957,0.8218162117236315
1,1,0.11433233243225199,0.8794272171216058,0.0062404504461423425
0,0,0.7651900561799259,0.23433821441015198,0.0004717294099222983
1,1,0.3288277129495494,0.6542173858692407,0.016954901181209854
0,1,0.31235355445602925,0.676787395147643,0.010859050396327848
0,1,0.4142151786155091,0.5824476883858668,0.003337132998624195
1,1,0.1843029041203215,0.8084132176710309,0.00728387820864765
2,2,0.00010890615107897099,0.0449889792133022,0.9549021146356189
0,0,0.7004398320054438,0.29850383451383655,0.0010563334807196863
1,1,0.02745683241641139,0.7477724558447232,0.2247707117388653
1,1,0.24731044447079734,0.7361398213461643,0.016549734183038255
0,0,0.8289872711595909,0.170765246851836,0.0002474819885729748
0,0,0.5283067205515894,0.4698422607154331,0.0018510187329773664
0,0,0.8853766618808787,0.11439270925178172,0.0002306288673396583
1,0,0.7515837942526528,0.2481194982669991,0.0002967074803482703
1,1,0.03602829461013127,0.8828782529199061,0.08109345246996276
0,0,0.7766552232347895,0.2226800091810881,0.0006647675841223426
1,1,0.47998135083656124,0.5185258071915902,0.0014928419718484589
1,1,0.4675453366703334,0.5301418672563283,0.0023127960733382797
1,1,0.15039756400581833,0.8361940716579633,0.013408364336218457
0,0,0.7421647212877136,0.25727851933630363,0.0005567593759828683
1,1,0.029931004582057476,0.8923426998594163,0.07772629555852643
1,0,0.5077925887881644,0.49099647463339047,0.0012109365784452408
1,1,0.04655773595810434,0.880626472953359,0.07281579108853652
0,0,0.7164213495692174,0.2831638620894003,0.00041478834138227377
0,0,0.580852881864521,0.4163808205964064,0.0027662975390726307
0,0,0.5977622528453086,0.3988106603273358,0.003427086827355663
1,1,0.3425479073014554,0.6505500124211995,0.006902080277345129
1,1,0.21872752049791458,0.7763939083746456,0.004878571127439818
1,1,0.07627309161492969,0.9062915639714536,0.01743534441361674
0,0,0.5775385310593587,0.42046513434963384,0.0019963345910075196
1,0,0.5464691077500318,0.45252473102801155,0.0010061612219566614
0,1,0.4559132768120841,0.5409353818891616,0.003151341298754319
1,1,0.16144803311705683,0.833260835021563,0.005291131861380276
1,1,0.3667914632888169,0.6255215722474713,0.007686964463711872
0,0,0.7620814912468463,0.23636130802629685,0.0015572007268569769
0,0,0.5698459932796083,0.42827535667848793,0.0018786500419038503
0,0,0.7739508811802258,0.2258173488551649,0.0002317699646092539
0,1,0.35489065418700555,0.6376807932117652,0.007428552601229214
1,1,0.2229070324066361,0.7675061630348803,0.009586804558483627
0,0,0.8963758752639555,0.10342487886372034,0.00019924587232418648
1,1,0.4182249040813484,0.5782530961228636,0.0035219997957881342
1,1,0.15579008962911509,0.839796932315232,0.004412978055652926
0,1,0.4598622419333684,0.5378790548013899,0.002258703265241828
2,2,0.004923465456090556,0.22998287420297536,0.7650936603409341
0,0,0.5193127164891417,0.4795006129448797,0.0011866705659785868
0,0,0.9252870329821893,0.07457270271581427,0.00014026430199650248
1,1,0.2595587832153981,0.7297133528646799,0.010727863919921941
1,0,0.5030393440101735,0.492866846824254,0.00409380916557256
1,1,0.09712292391018454,0.858567664187976,0.044309411901839256
1,1,0.18269232385121362,0.8098221414291488,0.007485534719637608
1,0,0.5907552796894198,0.407890227297062,0.00135449301351826
0,0,0.7242844496244754,0.27532575498597256,0.00038979538955206716
1,1,0.3721995152286781,0.6249309809242214,0.002869503847100585
1,1,0.3771171896760437,0.6159612551218214,0.006921555202134729
0,1,0.07402643992087105,0.908959836561157,0.01701372351797205
1,1,0.32487553815578,0.666363962345783,0.008760499498436897
0,0,0.8728270997340988,0.126923973744924,0.0002489265209771432
0,0,0.8799203948302549,0.11972687711629791,0.00035272805344723065
0,0,0.8585466461356059,0.1410283353791121,0.0004250184852819804
2,2,0.002566155300552604,0.20327989697934062,0.7941539477201067
0,0,0.6907951233308897,0.30876484452287856,0.00044003214623179244
0,1,0.4901291265637032,0.5084792675080788,0.001391605928217985
1,1,0.24673231820455074,0.7460944669335766,0.007173214861872693
0,1,0.34686407272387815,0.6478758716449987,0.005260055631123014
1,0,0.6514278614268184,0.34739456176388284,0.0011775768092987385
1,1,0.3653917251167858,0.6242330805785835,0.010375194304630637
1,1,0.30044695596967685,0.6947950645271852,0.004757979503137887
0,1,0.26852007678277007,0.7255312550538304,0.005948668163399601
0,0,0.5153522549992979,0.48330210607432356,0.0013456389263785198
1,1,0.4517911503988383,0.5427953930483239,0.0054134565528377
0,0,0.7261473674110825,0.2729578449873751,0.0008947876015425099
1,1,0.15680672040362093,0.8314264145287962,0.01176686506758276
0,0,0.7839169705661325,0.21566134188948377,0.00042168754438364164
1,0,0.6128033262013691,0.3863758987543591,0.0008207750442717884
1,0,0.5431440205473099,0.4521739256731413,0.004682053779548817
0,0,0.7437624638519409,0.2542336009034149,0.002003935244644327
1,0,0.8364065739841889,0.16322647920573485,0.00036694681007612217
1,1,0.17096482841613547,0.8028523052722432,0.02618286631162128
1,0,0.5865376222919857,0.4109967708174865,0.0024656068905277834
1,0,0.8263870876903552,0.1733321894192849,0.00028072289035996356
1,1,0.28699324556690303,0.7082195816638972,0.004787172769199865
0,1,0.3990064921271046,0.5960181960755265,0.00497531179736881
1,1,0.23045797849773006,0.7622850641665212,0.00725695733574879
0,0,0.5441686144342691,0.45145871597865894,0.0043726695870719146
2,2,0.00363452927078436,0.26127481820251097,0.7350906525267046
1,1,0.3563988685263093,0.6408872313660982,0.0027139001075926613
0,0,0.6044116558048579,0.39510683026162535,0.0004815139335169015
0,0,0.7840504137898435,0.21495155851204106,0.0009980276981153835
0,0,0.6743177829862312,0.3246666446447857,0.001015572368983054
1,1,0.14001224843895996,0.8514075968715181,0.008580154689521962
0,1,0.3039886138476168,0.6827023454189967,0.013309040733386462
1,1,0.14605326481536215,0.8420409258198195,0.011905809364818217
0,0,0.6429902475042661,0.3553288571161865,0.0016808953795471708
1,1,0.24005497356590816,0.7359278285852459,0.024017197848846098
0,0,0.6278900396762227,0.37082278208752745,0.0012871782362498356
0,0,0.6479911716809833,0.3513067463917019,0.0007020819273146731
0,1,0.3938945065051669,0.6028012428764714,0.0033042506183615693
1,1,0.30221290193575495,0.6877398380136811,0.010047260050563977
0,0,0.8558579430989763,0.14387927654200477,0.00026278035901873136
0,0,0.8344426482388745,0.1652760634778749,0.0002812882832505779
1,1,0.3231659540487155,0.6733263896231493,0.003507656328135192
1,1,0.06977260691902548,0.8960960755290278,0.034131317551946636
1,1,0.08874907159887985,0.8736508891190109,0.03760003928210923
0,0,0.7234298471748163,0.2762605707835046,0.0003095820416790167
0,0,0.7993441972165913,0.20036964269798885,0.0002861600854199421
0,0,0.6774789562376933,0.321339404504333,0.0011816392579737207
2,2,0.0033028267890693806,0.32797704471000655,0.6687201285009242
0,0,0.8950604951718891,0.1047453630366528,0.0001941417914582021
2,2,0.0022311499253543916,0.19859078113480713,0.7991780689398384
1,0,0.6796579915076152,0.31979770444069755,0.0005443040516872489
1,1,0.22596579378584358,0.7646871568252529,0.00934704938890346
1,0,0.7167415531687746,0.28250492043116626,0.0007535264000591399
1,1,0.2314692248340307,0.7579044986763656,0.010626276489603736
0,0,0.7311245439794496,0.2682610928549165,0.0006143631656339202
0,1,0.06956746267236295,0.9027421948247663,0.027690342502870918
0,1,0.48341902254658325,0.5139748500888413,0.0026061273645755128
1,1,0.27199588562095073,0.720382165325959,0.007621949053090182
1,1,0.441620260437363,0.5562717500600323,0.0021079895026046725
1,0,0.9104420009808387,0.08943834348450892,0.00011965553465223673
1,1,0.044708689625340255,0.9129519152559704,0.042339395118689394
1,1,0.11278475621434675,0.8399112505055194,0.047303993280133926
1,1,0.3499536364783905,0.64006789353938,0.009978469982229432
0,0,0.8586660168905048,0.14111494518266318,0.0002190379268320208
1,0,0.5703955765439133,0.4291028214797456,0.0005016019763410907
0,0,0.503306840518802,0.4945709281644978,0.0021222313167000764
2,2,0.003169965667224918,0.2382696298282487,0.7585604045045263
0,0,0.7642398695750579,0.23495987304034147,0.0008002573846005613
1,1,0.16927211902250258,0.8099343240587679,0.020793556918729562
1,1,0.034275849303139136,0.8948407904353795,0.07088336026148158
2,2,0.0012236157146898526,0.12768587048477448,0.8710905138005357
1,1,0.10720398416542573,0.8800089810135056,0.012787034821068785
0,0,0.5420544584784676,0.4559315033639077,0.002014038157624629
1,1,0.3274645431449431,0.6675350130823597,0.005000443772697053
1,1,0.018349877182243877,0.8764658542291504,0.10518426858860565
1,1,0.36608500182842585,0.6314404416545462,0.0024745565170278356
0,1,0.43248785882580953,0.5625701566783675,0.004941984495823042
0,0,0.882595827068025,0.1172400130445588,0.00016415988741613392
1,1,0.26059125022950685,0.7350970932097269,0.004311656560766199
0,0,0.7044336966741688,0.29462219434145626,0.0009441089843749535
0,0,0.8025809297721569,0.19706926134487204,0.0003498088829710927
1,1,0.4320515172351047,0.5622397470890005,0.005708735675894712
0,1,0.36002200348300406,0.6354909124979543,0.0044870840190416065
0,0,0.9168223168791834,0.08299805172227646,0.00017963139854023565
1,1,0.03091206711655641,0.7120165819096527,0.2570713509737909
0,1,0.1601236195283511,0.8272453375001924,0.012631042971456506
1,1,0.45934259982217623,0.5390220441619366,0.0016353560158871062
1,1,0.07498110165084024,0.8852635343220472,0.039755364027112584
0,0,0.624840800464485,0.3732788338604963,0.0018803656750187637
0,1,0.36652593431697317,0.6285565678448001,0.00491749783822669
0,0,0.8247248717721354,0.17489509089446084,0.00038003733340380186
0,1,0.29955064675145193,0.6920058169651593,0.008443536283388717
0,0,0.679467882502658,0.3198863151417698,0.0006458023555721455
0,1,0.4308024472234901,0.5666933779090186,0.002504174867491285
2,1,0.031758949849957446,0.8601175313606703,0.10812351878937224
0,0,0.7928938372292511,0.2067998058211771,0.000306356949571772
1,1,0.1116479641044448,0.8830438739637774,0.005308161931777881
1,1,0.017006720983112157,0.9134589882518136,0.06953429076507424
1,1,0.02388657700114951,0.8395102531255324,0.13660316987331808
0,1,0.27440818264522715,0.7191529740435194,0.0064388433112534125
0,0,0.834814858168525,0.1649365926649783,0.0002485491664967633
1,1,0.37710637757870397,0.6154227237654247,0.007470898655871441
1,1,0.06263850297899186,0.9228063191764856,0.014555177844522581
1,0,0.6763115098059899,0.32260619098232646,0.0010822992116836022
1,1,0.3352144247033932,0.6597599605674658,0.0050256147291409484
1,1,0.2722047881785652,0.7184398769808584,0.009355334840576325
1,0,0.8045154448610508,0.19524440560629425,0.00024014953265498985
0,1,0.23904924846258455,0.7484175238639138,0.012533227673501672
0,0,0.6151415606825206,0.3812818206665265,0.0035766186509529714
0,0,0.6768195004466976,0.3225180079658574,0.0006624915874449265
2,2,8.23286219801454e-05,0.04231216338255699,0.9576055079954628
0,0,0.8894122183646563,0.11034285314284166,0.0002449284925019696
1,1,0.4750190444836783,0.5186502783826565,0.0063306771336651855
0,0,0.7421563887541637,0.25717330298483126,0.0006703082610051279
1,1,0.24951582935862107,0.7418329274017519,0.008651243239627054
1,1,0.1846567328285347,0.8117944592484156,0.003548807923049731
0,0,0.8132128919862343,0.18629811192301113,0.0004889960907545854
2,2,0.0009454879138331235,0.12638991994948037,0.8726645921366866
0,0,0.7485595162042619,0.2508360374824252,0.0006044463133127735
1,0,0.5719316037519752,0.42692145804087334,0.0011469382071514465
1,0,0.7032944683271746,0.2962816025759757,0.0004239290968496435
1,1,0.18877996971869207,0.7958282189932027,0.01539181128810511
0,1,0.22083057431169226,0.766570228731496,0.012599196956811652
1,1,0.36326820575586516,0.6327219500410721,0.004009844203062681
1,1,0.41871332901424985,0.5798395642873762,0.0014471066983739796
1,1,0.055729376117609086,0.8705327027193452,0.07373792116304562
1,1,0.15607846511762455,0.8285206132020579,0.01540092168031743
0,0,0.7926000766355452,0.20686164112186645,0.0005382822425883627
0,1,0.4921717914195239,0.5042441292066296,0.003584079373846392
1,1,0.13357688126463846,0.8580559463122627,0.008367172423098918
0,0,0.6080651573167858,0.3881984275756569,0.003736415107557175
0,1,0.15077280209867075,0.8177502508074092,0.03147694709392018
0,0,0.7221554221843902,0.2774014908176424,0.0004430869979673399
1,1,0.38623975516725056,0.610866389165449,0.002893855667300555
1,1,0.2868268530605935,0.7091235643957129,0.004049582543693591
1,1,0.1783021242260866,0.8175110836061242,0.004186792167789065
0,1,0.3496880226842038,0.6446798910984546,0.0056320862173416565
0,1,0.3314090451842494,0.6636304950643029,0.004960459751447485
1,1,0.07923637372120342,0.8623767514259041,0.05838687485289262
0,0,0.7785772906838676,0.2208022845495876,0.0006204247665446081
1,1,0.4514074292451923,0.5440793395016258,0.004513231253181904
0,1,0.12412192417188174,0.5594719545529522,0.316406121275166
1,1,0.24983168349445337,0.7308167700829817,0.019351546422564824
0,0,0.6016530574921242,0.39708232917540204,0.001264613332473742
1,1,0.3800386298649078,0.6168851981571295,0.003076171977962744
0,0,0.6495833015997566,0.34937273157699705,0.0010439668232461853
2,2,0.0002575507256418449,0.10570369879566939,0.8940387504786887
1,0,0.7524258236423329,0.24692489433934803,0.0006492820183190478
0,0,0.5696511025291755,0.4273887987795412,0.002960098691283155
1,1,0.4284752056131594,0.5614758872062061,0.010048907180634399
0,0,0.6851245784901164,0.3142406229880646,0.0006347985218189363
0,1,0.11860469063607475,0.8687658894384627,0.012629419925462551
0,0,0.8335457882551548,0.16603794451859538,0.0004162672262499059
0,0,0.8413362365761998,0.1579233928663787,0.0007403705574214009
0,0,0.8050247759698347,0.1947729906541165,0.00020223337604877384
0,0,0.8438045000497699,0.15598908442554998,0.0002064155246801016
0,1,0.48980416387120257,0.5081892688905063,0.0020065672382910673
1,1,0.34198090554318394,0.6502235494234205,0.007795545033395506
0,0,0.9156081237745215,0.08413216476255142,0.0002597114629270261
0,0,0.7315109049688848,0.26809018852711186,0.00039890650400335357
1,1,0.22755304706054813,0.76623135978443,0.006215593155021849
1,1,0.3078381214025777,0.6869287456466308,0.005233132950791526
1,1,0.4076154612266712,0.5863731828994195,0.006011355873909278
1,1,0.15197249983640082,0.8322024516002261,0.01582504856337315
1,1,0.19974938979821846,0.7843398881198189,0.015910722081962692
1,0,0.5184530272002115,0.48031462086009374,0.0012323519396946947
0,1,0.41198118965162916,0.5844092347557764,0.0036095755925944426
2,2,0.008272049606356914,0.28381774757831246,0.7079102028153306
1,1,0.23854579573254356,0.7465923089814658,0.0148618952859906
0,0,0.5715665513324034,0.42713945812593607,0.0012939905416603954
0,0,0.922467349767075,0.07742784294266772,0.00010480729025725134
0,0,0.7931033065006289,0.20612184800664152,0.0007748454927294806
1,1,0.17539982559264847,0.8200404262481265,0.004559748159225075
0,0,0.7578540773409624,0.24183267454397403,0.00031324811506363843
2,2,0.00394842298089911,0.19107981173969182,0.804971765279409
1,1,0.11880127555604199,0.8657291635612333,0.015469560882724814
1,1,0.22509155579971352,0.7703444855201019,0.004563958680184539
1,1,0.29379667330613374,0.6971169723228178,0.009086354371048483
1,1,0.04978484905795431,0.9239193418625284,0.026295809079517323
1,1,0.31062774459999554,0.6853573564177522,0.004014898982252344
0,1,0.23726241254318176,0.7444587074708577,0.018278879985960426
1,1,0.2114345883031049,0.7828630739939068,0.005702337702988423
0,0,0.8004187533637093,0.19923836240864573,0.00034288422764516894
0,0,0.735515598959008,0.2635528444649999,0.0009315565759921464
0,0,0.791622581098225,0.20808833047477637,0.0002890884269986504
0,0,0.6753866450784817,0.32278722519656755,0.0018261297249509178
0,0,0.9633069479658113,0.03666954176657721,2.3510267611536846e-05
1,0,0.7051521991189693,0.29348748401130426,0.0013603168697263967
1,1,0.02643079465184504,0.8706504091218216,0.10291879622633329
1,1,0.07980105625389562,0.9030696326614277,0.017129311084676718
0,0,0.6597211499338516,0.34001167189798415,0.00026717816816424617
1,2,0.009766976608961156,0.3796438869752016,0.6105891364158371
0,1,0.25988993957231293,0.728521732372713,0.011588328054974095
0,0,0.7164346587414142,0.2826496469505819,0.0009156943080039097
1,1,0.015836619405052245,0.493650796954186,0.4905125836407617
0,1,0.47069750928287335,0.5238363123917155,0.005466178325411194
1,1,0.15040836192261542,0.8430852605877021,0.00650637748968262
0,0,0.917250214873979,0.08262071199411707,0.00012907313190388774
0,1,0.23963053206948087,0.7565646074819268,0.0038048604485923943
0,0,0.7402065152797299,0.25876437929504614,0.0010291054252238737
0,0,0.5156680007627438,0.4809806038588966,0.0033513953783595066
0,0,0.6902111753078991,0.3079262424122121,0.0018625822798888523
0,0,0.7837714289085423,0.2156029195642192,0.0006256515272384003
0,0,0.6324973811464878,0.36433784713411005,0.0031647717194021817
1,1,0.12357181675351957,0.8643124514049892,0.012115731841491104
1,1,0.4005128644316803,0.5975524484243719,0.001934687143947809
1,0,0.849178596019346,0.15043028886254894,0.0003911151181050206
1,1,0.11565344881633983,0.8675881712875773,0.01675837989608286
1,1,0.1882420040135824,0.7890038986310519,0.022754097355365765
1,1,0.2001463378574209,0.795228195948051,0.0046254661945279545
1,1,0.263732934707864,0.7299169863179695,0.006350078974166629
0,0,0.6789762139200526,0.3197876310523454,0.0012361550276019518
0,0,0.5489746694888179,0.4501583746747366,0.0008669558364453997
0,1,0.37653452768557955,0.6129343144643943,0.010531157850026058
1,1,0.3141947607379399,0.6805161733332706,0.005289065928789498
1,1,0.2626924377093821,0.7312469780858015,0.006060584204816536
2,2,3.7479367309785816e-05,0.00584587325092756,0.9941166473817626
0,1,0.40710091617490474,0.5890725365687791,0.003826547256316069
1,1,0.03784965718772063,0.8909014138781346,0.0712489289341449
1,1,0.06585764000426082,0.9085709797875775,0.02557138020816155
2,2,0.0007145538460247814,0.1769239466863616,0.8223614994676136
1,1,0.05605276755734292,0.9042990894934347,0.039648142949222205
1,1,0.36032233326256974,0.6362426439576192,0.003435022779811
0,0,0.8659068129796981,0.1338621129895204,0.0002310740307814385
1,1,0.10365297903423297,0.8785207089433535,0.017826312022413464
1,1,0.08536870509239515,0.8672558316111817,0.0473754632964232
1,1,0.07898928772455378,0.8971044020928707,0.02390631018257547
1,1,0.14814595467838418,0.8215139826591655,0.03034006266245014
0,1,0.116211128651237,0.869391002106475,0.014397869242287918
0,0,0.7339563060871487,0.26550517949618435,0.0005385144166670066
0,0,0.7013524316195011,0.29816373565872534,0.0004838327217736307
0,0,0.7164645433707221,0.28193603984417787,0.0015994167851000871
0,0,0.8865455421013271,0.1131091003063876,0.0003453575922852127
0,1,0.2984304568105867,0.6981382146133411,0.003431328576072217
1,1,0.05196578520408624,0.9304491594747212,0.01758505532119248
0,1,0.07161329562600333,0.9059237970758643,0.022462907298132315
1,1,0.07047158617711036,0.8145301021665811,0.1149983116563086
0,0,0.7662818435344612,0.23262942544194937,0.001088731023589548
1,1,0.20077417763243,0.7963689499637742,0.002856872403795843
0,0,0.5850896835967783,0.41406780883477146,0.0008425075684502604
0,1,0.28700796163027215,0.7092901255783366,0.003701912791391265
2,2,0.0015277442516696761,0.20139897260217893,0.7970732831461514
0,0,0.5891051030420964,0.40990457735829644,0.0009903195996072778
1,2,0.031393511119290896,0.4106399834220306,0.5579665054586784
1,1,0.19327383335331905,0.7849057050531525,0.021820461593528302
1,1,0.048939188962478106,0.9290297901018442,0.022031020935677638
0,0,0.5705500485910789,0.4270212212821182,0.0024287301268028348
2,2,8.30153846211475e-05,0.006442762470786043,0.9934742221445928
1,1,0.1374764710268373,0.8487692443944274,0.01375428457873538
1,1,0.23949175122514696,0.7525907111854623,0.007917537589390943
1,1,0.1717423199222191,0.8157749190342524,0.012482761043528546
1,1,0.1591668203509093,0.8203168937631661,0.02051628588592467
1,1,0.0900720527221729,0.8940831770160569,0.01584477026177016
1,1,0.26655413530121813,0.7258310621359169,0.007614802562864923
2,2,0.004429265901640086,0.15643366535459824,0.8391370687437617
0,0,0.6422158443277715,0.3568565723340888,0.000927583338139687
1,1,0.058527144930985014,0.9056088726258773,0.03586398244313778
1,1,0.16820596878096813,0.8120673935525318,0.019726637666500048
0,0,0.9204658134254016,0.07944434015749427,8.984641710424824e-05
0,0,0.6954560679516084,0.3034596505883567,0.0010842814600347673
1,1,0.2818742003001625,0.7103020687094639,0.007823730990373621
0,1,0.4120772088359554,0.5831358922662989,0.004786898897745753
1,1,0.1906674197729474,0.7857216082678408,0.023610971959211833
1,1,0.22676663961772453,0.7542577993131269,0.018975561069148564
1,1,0.18931156191839832,0.8027146665773476,0.007973771504254098
1,1,0.1259447513126771,0.8421407032484189,0.03191454543890406
1,1,0.10823972483209601,0.8763755610401902,0.0153847141277138
1,1,0.245668673050778,0.748967837482189,0.005363489467032913
0,1,0.2551399284424146,0.7350834101483943,0.009776661409191265
1,1,0.20443401158654967,0.7796476796208204,0.015918308792629895
0,0,0.7020976802138237,0.29698900028568914,0.0009133195004870409
1,1,0.2246356710165464,0.7715370226353623,0.0038273063480912116
1,1,0.05998881337392223,0.8624619401570965,0.07754924646898115
0,0,0.689887362200828,0.3085907427953701,0.00152189500380185
0,1,0.4898585024466677,0.5058596235488778,0.004281874004454579
0,0,0.9043955315841056,0.0955338908335088,7.057758238543436e-05
0,0,0.6780718806720207,0.321049358813653,0.00087876051432626
0,0,0.8245023076102046,0.17516382369292594,0.00033386869686948304
1,1,0.04461984736255333,0.9243748519265857,0.031005300710860963
0,0,0.7262361360896843,0.2735597318161846,0.0002041320941311176
0,1,0.2908853512365136,0.7055808974292803,0.0035337513342059068
0,0,0.7306865708006013,0.2684451273345468,0.000868301864851823
1,1,0.051359588024862346,0.8686363315964385,0.08000408037869912
1,0,0.8585510946820744,0.14118960816835513,0.0002592971495704456
1,1,0.10237729573385504,0.8681975212022822,0.029425183063862867
0,0,0.713904625634461,0.28540301695189335,0.0006923574136456341
0,0,0.7836885836362842,0.21569401702758098,0.0006173993361348382
1,0,0.6043388552656089,0.39473366825980666,0.0009274764745845058
1,1,0.2785038551481129,0.7169423092007808,0.00455383565110631
0,0,0.5662679636230838,0.43241775813522887,0.0013142782416872014
0,1,0.3322773147901425,0.6620195546043953,0.005703130605462161
0,1,0.3574293770942588,0.636809005650723,0.005761617255018265
1,1,0.09362356511028673,0.8815773125707282,0.024799122318985133
0,0,0.552097962210798,0.44689736633416877,0.001004671455033161
0,1,0.17651854431695654,0.8153178953237181,0.008163560359325195
1,1,0.46544698588483174,0.5321387027448501,0.0024143113703181526
1,0,0.6153927509142386,0.3834641572431674,0.0011430918425938566
1,1,0.28322048106810443,0.7059448625774452,0.010834656354450243
1,1,0.2583537192385295,0.7383864384502938,0.003259842311176646
1,1,0.06401519334824465,0.9141922127101411,0.021792593941614192
0,1,0.14305115705102406,0.8450006129292708,0.011948230019705146
2,2,8.580472901289774e-05,0.06425069537136173,0.9356634998996253
1,1,0.38276636486297155,0.6126404776217427,0.004593157515285688
1,1,0.060272671999942525,0.9026346016500696,0.03709272634998782
0,0,0.7865475489055451,0.21327026335739335,0.00018218773706164934
1,1,0.2270308971431465,0.7688810777127322,0.004088025144121305
1,1,0.3618599043568281,0.6340940834707807,0.00404601217239114
0,1,0.23844845415337432,0.7571053098464844,0.004446236000141267
0,0,0.633124651128113,0.3653163441952428,0.0015590046766441666
0,0,0.8822510255092854,0.1174929401319889,0.0002560343587258102
1,1,0.19987027443352992,0.7831824690647818,0.016947256501688324
1,1,0.31039796927779234,0.6817125994287052,0.007889431293502325
1,1,0.04616977577057474,0.8990475359146789,0.05478268831474632
0,1,0.1707787933736525,0.8256899354078041,0.003531271218543303
1,1,0.031986756716445304,0.89547903291924,0.07253421036431473
2,2,0.00021544269046961767,0.07647522207345503,0.9233093352360754
1,0,0.6243629273629264,0.3749101272154,0.0007269454216735255
2,2,0.0021842373874517676,0.2018899959552951,0.7959257666572531
1,1,0.03640357645511841,0.8732006918709572,0.09039573167392434
1,1,0.11196020807066694,0.8548103895676886,0.03322940236164445
1,0,0.7374286559711363,0.2619048562608638,0.0006664877679998683
0,0,0.5507419595225761,0.44724468700457054,0.0020133534728533995
2,1,0.05346898015605335,0.889427168018299,0.057103851825647624
1,1,0.23662221468344724,0.7536767550451463,0.009701030271406523
1,1,0.17238204306317467,0.8221978716874097,0.005420085249415721
0,1,0.46492700142726134,0.5343447752308872,0.0007282233418515701
1,2,0.01983425236132134,0.4030467904830724,0.5771189571556062
1,1,0.4706996932504153,0.526391565024446,0.0029087417251388832
1,1,0.4513864986216018,0.5466712796111001,0.001942221767298257
1,0,0.7568166086355813,0.24232521381743893,0.0008581775469797915
0,0,0.7147831033330552,0.28488298164270515,0.0003339150242395924
2,2,0.002664144995728753,0.3113379104205706,0.6859979445837007
1,1,0.1436590138944061,0.8348352555026157,0.021505730602978102
1,1,0.3249842306778556,0.6687068529101066,0.0063089164120378755
1,1,0.23003043558383476,0.7565870746732034,0.013382489742961893
1,1,0.19073113511685125,0.790733942515033,0.018534922368115634
1,1,0.4356884651695562,0.5592457658805521,0.005065768949891757
0,0,0.6886832766651275,0.30871472027620533,0.0026020030586670594
1,1,0.10595832637517241,0.8794756132312614,0.014566060393566222
0,0,0.653206099946325,0.34560706485620235,0.0011868351974728092
1,1,0.30781104461273684,0.6806802842109612,0.01150867117630187
2,2,0.0018543802445707019,0.16632739989026668,0.8318182198651625
0,0,0.6165081029182499,0.38254134039902776,0.0009505566827223595
1,1,0.3442741154153073,0.6508169148788029,0.004908969705889823
1,1,0.17692610746771678,0.8118155323820632,0.011258360150220015
0,1,0.48600137471915555,0.5102828695997145,0.0037157556811300762
1,1,0.22899108073161556,0.7614289457216968,0.009579973546687784
1,1,0.036217110703261474,0.8899574180935755,0.07382547120316293
0,0,0.8060331314969637,0.19349735009371036,0.0004695184093260446
0,0,0.7712520309224119,0.22787200281283645,0.0008759662647514733
1,1,0.029344963368520712,0.9331686828072966,0.03748635382418272
1,1,0.45480129921339024,0.5397553085654359,0.005443392221173924
1,1,0.1850835980589776,0.804119035440524,0.010797366500498512
1,1,0.035670403511496196,0.9069711579394623,0.057358438549041504
1,0,0.684577695059561,0.31442205327285094,0.001000251667588026
2,2,0.002110174187827677,0.20114790340341152,0.7967419224087608
0,0,0.8268495384065313,0.17299418354852658,0.00015627804494217453
1,0,0.572846039042633,0.4257283692352337,0.0014255917221334033
0,0,0.7147153785382572,0.2844108120557481,0.000873809405994893
1,1,0.024509953531776273,0.9342304408609012,0.04125960560732255
1,0,0.7660735082386209,0.23339816697466587,0.0005283247867132614
1,1,0.24630165654156203,0.746876835721846,0.0068215077365919976
0,1,0.47562750412772375,0.523267929640414,0.0011045662318621304
0,0,0.8940593327452799,0.10578375998910021,0.0001569072656199076
0,0,0.8160421916632378,0.18341168361947152,0.0005461247172905894
1,1,0.24349227258136058,0.7522120623469525,0.004295665071686893
1,1,0.2383624830596202,0.7557128992932336,0.00592461764714623
0,0,0.870791792630802,0.12898330711329692,0.00022490025590110718
1,1,0.3161014829949213,0.6785677049848288,0.005330812020249979
0,1,0.3207984839385234,0.6717353714039758,0.00746614465750071
0,1,0.46898705103886823,0.5271598086098611,0.003853140351270618
1,1,0.23945852368727202,0.7528944089932327,0.007647067319495276
2,2,0.0033378418245069196,0.1921117078418526,0.8045504503336405
1,1,0.12781747365649762,0.8562313186281532,0.015951207715349327
0,0,0.8391529997062781,0.16046314102640613,0.00038385926731583447
0,0,0.7644047017145388,0.23471870253920504,0.000876595746256209
0,1,0.17254554687491797,0.814295172690064,0.013159280435018062
1,1,0.16916669097792533,0.8236951098939158,0.007138199128158833
1,1,0.27189998190173653,0.7247185617651265,0.0033814563331368863
1,1,0.32091358205441484,0.673913776234749,0.005172641710836184
1,1,0.09999176098537362,0.8621461270815961,0.03786211193303025
1,1,0.07561877468930293,0.6346003061995519,0.2897809191111451
2,2,4.581536221084516e-05,0.048162024675288344,0.9517921599625008
0,1,0.3425279299499308,0.6517288019411591,0.00574326810891004
1,1,0.32142927236524066,0.6734257711595234,0.005144956475235977
1,1,0.07009945947579792,0.8836540844401656,0.046246456084036436
0,0,0.8679768192259788,0.13181447888503234,0.0002087018889888554
0,0,0.6291531905258136,0.3680443995091024,0.0028024099650839395
1,1,0.30677371870521214,0.6877903900756581,0.0054358912191296745
1,1,0.4464494492259703,0.5503635657437349,0.003186985030294868
1,1,0.4091615299964583,0.5873214584004227,0.003517011603118979
1,1,0.19574121182844764,0.7904237283077179,0.013835059863834563
2,2,0.0010579243022077267,0.15811475555347493,0.8408273201443174
2,2,0.004853075938940193,0.15349657455971624,0.8416503495013437
0,0,0.7388950347243143,0.2604616097331267,0.0006433555425589358
0,0,0.5462477555897294,0.4518278333672051,0.0019244110430655151
1,1,0.07482661930102016,0.9113249376040671,0.013848443094912889
1,1,0.13149339336368765,0.8386364328807036,0.029870173755608846
0,0,0.7482666828940754,0.2501523659316294,0.0015809511742950397
1,1,0.25655078975794154,0.7333376131302408,0.010111597111817767
2,2,0.009340358419965217,0.35770720084777297,0.6329524407322619
1,1,0.09249149771764574,0.8814459381914839,0.02606256409087043
1,1,0.48556117598984005,0.5115726464017238,0.0028661776084360634
2,2,0.0005796116157777586,0.09253601686269898,0.9068843715215233
0,0,0.8235420910749466,0.17611055651091273,0.00034735241414073336
0,1,0.2959371584171534,0.7004433232735616,0.0036195183092850064
0,1,0.4160783430427573,0.5814716573028262,0.0024499996544164833
1,1,0.1269137445731121,0.8520671632570407,0.021019092169847084
1,1,0.10452614150609967,0.8746692764373772,0.020804582056523024
1,1,0.11961589773788697,0.843092695954,0.03729140630811308
0,1,0.33134318276215247,0.6614850110347218,0.00717180620312577
1,1,0.48395973862229585,0.5105273851041106,0.005512876273593522
0,1,0.43949483317999327,0.5574260233962542,0.0030791434237525126
0,0,0.501653080868391,0.4964510388755304,0.0018958802560786712
0,1,0.48718730449141295,0.5112837336855796,0.001528961823007444
0,1,0.46033801751064396,0.5348710808793937,0.004790901609962379
1,1,0.1522143534485633,0.8393953741078841,0.008390272443552576
1,0,0.6089489323557472,0.3903473370059192,0.0007037306383335999
1,1,0.07054333094542091,0.888619284241127,0.040837384813452005
1,1,0.3673238130974185,0.6264066687490206,0.006269518153560944
1,1,0.48195619689381636,0.5165877453933919,0.0014560577127918045
1,1,0.45933247563868357,0.5341101791007787,0.006557345260537665
0,1,0.20473457402491427,0.7855946797499089,0.009670746225176788
0,0,0.8536228012414943,0.14600821585900453,0.0003689828995012013
0,0,0.9369819201455118,0.06292281716290936,9.526269157875203e-05
1,1,0.1954778031581993,0.798082757627547,0.006439439214253659
1,1,0.34801394930770124,0.6390211290934257,0.012964921598873039
0,0,0.6564820908155772,0.3422108325009859,0.0013070766834370885
0,0,0.8680154133500465,0.1316741506516015,0.0003104359983518738
0,1,0.47291824820883516,0.5261737721382522,0.0009079796529126755
1,0,0.6008383747980048,0.3986613877322935,0.0005002374697015368
1,1,0.22202672143019417,0.7541878328953616,0.02378544567444435
0,0,0.7357084164824499,0.2637617226457193,0.0005298608718307056
0,1,0.146387796966551,0.8337054004987022,0.019906802534746703
0,0,0.7036479799149661,0.2954942193134394,0.0008578007715944807
1,1,0.2073978687586332,0.7786081224164503,0.013994008824916538
1,1,0.03971814834062041,0.8689032407699371,0.09137861088944235
0,0,0.5478311193874834,0.4510218491789261,0.0011470314335903994
1,1,0.4145741478576351,0.5846457527856709,0.0007800993566939925
1,1,0.4567100712084299,0.5422814542502699,0.0010084745413003493
1,1,0.325634495590128,0.6647584013641343,0.009607103045737532
0,1,0.3580299679563334,0.6398344938399567,0.0021355382037098617
1,1,0.1421039156513643,0.840305303109149,0.017590781239486798
0,1,0.3825932687288403,0.6100710291342712,0.007335702136888454
1,1,0.4174262962999108,0.5802111142824921,0.002362589417597057
1,1,0.2344762681180038,0.7586219635831047,0.006901768298891387
1,1,0.06343433978238458,0.9008630008134688,0.03570265940414666
1,1,0.14861193784591964,0.8402183098077584,0.011169752346322106
1,1,0.3145031354788352,0.6807005903883899,0.0047962741327747934
1,1,0.1974673728384874,0.7976550005178603,0.004877626643652151
1,1,0.4292260968619204,0.5690528830172971,0.0017210201207824912
1,1,0.13329611046065445,0.8312955351307546,0.03540835440859085
1,1,0.22041794582126745,0.7719219615986579,0.007660092580074626
1,1,0.1581466291640427,0.8042053460327268,0.037648024803230457
0,1,0.34633323606006783,0.6507902352028836,0.002876528737048704
0,0,0.6841474973323419,0.31484835673107575,0.001004145936582154
0,0,0.8132731617360628,0.18640070133716463,0.00032613692677258775
0,0,0.5741741721432797,0.42265862277928457,0.003167205077435744
1,1,0.04905341408970718,0.9082139651096476,0.042732620800645105
1,1,0.0760454937047587,0.8571169215709985,0.06683758472424285
1,1,0.2635304767619688,0.7260779263143231,0.010391596923708162
0,0,0.7151460184759105,0.2830845623805611,0.0017694191435283048
1,1,0.20378160694554243,0.7845128178321563,0.011705575222301274
0,0,0.8669083990863468,0.13275546393249074,0.00033613698116242963
0,0,0.7315017813736961,0.2680278685911129,0.00047035003519098903
0,0,0.8042140462408125,0.19563949786845033,0.0001464558907371673
1,1,0.43011187304619447,0.5661729595506895,0.00371516740311616
1,1,0.2531475566146742,0.7415718683228073,0.005280575062518469
1,1,0.39325829811611734,0.6027852862934197,0.00395641559046293
1,1,0.205429048778539,0.7848403274445959,0.009730623776865094
1,0,0.5157196071566255,0.4811248607831898,0.003155532060184875
1,1,0.2840105958762281,0.6930127713543611,0.022976632769410626
1,1,0.2939512492710661,0.695774686883999,0.010274063844934902
1,1,0.4498335165303225,0.5468054911216287,0.0033609923480487462
1,1,0.07830810780948626,0.892422018036838,0.029269874153675938
0,0,0.6694825857114565,0.3299879685981871,0.0005294456903565805
0,0,0.6418693621102909,0.35755032203871484,0.0005803158509942645
1,1,0.2068104325314938,0.7860348110687503,0.007154756399756042
1,1,0.1008225586936551,0.837445002323084,0.06173243898326086
1,1,0.15571372761334054,0.8181804710325264,0.02610580135413296
1,1,0.41187385581372105,0.5826181007285665,0.005508043457712469
0,0,0.7247800604403722,0.2743456473222376,0.0008742922373901439
0,1,0.1667581791982931,0.8146574758163982,0.018584344985308664
1,1,0.28112025784460026,0.7104494141467702,0.008430328008629426
0,0,0.5303199085522311,0.4676560056095293,0.0020240858382396896
1,0,0.6370365193927847,0.36233895250802556,0.0006245280991895803
1,1,0.36084629033059296,0.6293231767723734,0.00983053289703369
1,1,0.023586229079660424,0.8768041001874025,0.09960967073293707
1,1,0.4154492299367486,0.5821486053578118,0.0024021647054396455
0,0,0.8877365501529542,0.11209339410760909,0.00017005573943665688
1,1,0.1669352116866199,0.8236902464062041,0.009374541907176046
1,1,0.3727328255680489,0.622682838886312,0.004584335545639083
0,0,0.7534309139419663,0.246131708111319,0.0004373779467147319
0,0,0.5892467714652591,0.40922136387180597,0.0015318646629350439
0,0,0.5946686781143405,0.4020640231985987,0.0032672986870606745
1,1,0.2739978983275787,0.7070459525856648,0.018956149086756434
1,1,0.12744465143540204,0.8588040115991993,0.013751336965398714
1,1,0.17599892635469905,0.8186011975067564,0.005399876138544562
0,0,0.8186313919108236,0.18111101477815392,0.0002575933110225273
0,0,0.560376638784086,0.43788326700054847,0.0017400942153655591
1,1,0.08294133104756442,0.8576189675952106,0.05943970135722488
1,1,0.09346425226705439,0.843764583855824,0.06277116387712177
1,1,0.2122974540075059,0.7786513362675535,0.009051209724940655
1,1,0.35591489059524056,0.6386478547953001,0.005437254609459468
0,0,0.5689598008098076,0.4294392020167632,0.0016009971734292142
1,1,0.09478994367681669,0.8591641490679045,0.04604590725527884
0,0,0.8210132669012369,0.17780549624708053,0.0011812368516826456
1,1,0.14864241316528942,0.8393627719739879,0.011994814860722573
1,1,0.48928487795828207,0.5089279216015824,0.001787200440135471
1,1,0.19643364550785297,0.7968944403206862,0.006671914171460615
1,1,0.12539055599641796,0.8470135270344142,0.027595916969167883
0,0,0.9180392240962713,0.08187559257164756,8.518333208131451e-05
0,1,0.22089045989945427,0.7725194645556828,0.006590075544862946
2,2,0.0001099549306584761,0.0417383887260516,0.9581516563432899
0,1,0.3031436164645032,0.6829444191983131,0.013911964337183688
0,1,0.2778910014764626,0.7125910504059014,0.00951794811763594
0,1,0.4285961463785641,0.5657153649943105,0.005688488627125493
1,2,0.011338687714390247,0.23420078293827143,0.7544605293473383
2,2,3.334291620332218e-05,0.016165740866348643,0.983800916217448
0,0,0.5129475312173277,0.48411685869925136,0.0029356100834209385
0,1,0.1461367345515166,0.846005892220722,0.007857373227761432
1,0,0.5194802018719971,0.4798250241394175,0.0006947739885853709
1,1,0.4569566042118356,0.5410673806970989,0.0019760150910654826
1,1,0.21529827049835512,0.7760995241129023,0.008602205388742545
0,0,0.6683468610158678,0.33036603015893623,0.0012871088251960095
1,1,0.2355798650154912,0.7543178968705001,0.010102238114008698
1,1,0.051926922314602,0.9173761184650185,0.030696959220379533
1,1,0.10775926828108237,0.8794535840888883,0.012787147630029343
1,0,0.5800837020058657,0.4185043266461118,0.0014119713480224257
1,1,0.11262245258134317,0.8726083295158773,0.014769217902779578
1,1,0.2579124567569614,0.7320354530980083,0.010052090145030338
0,1,0.2075202313428265,0.7776498081262605,0.014829960530912905
1,1,0.366125782054612,0.6275402928242405,0.006333925121147541
0,1,0.2330120895230805,0.7621185351562504,0.004869375320669278
1,1,0.1364117372594757,0.8456019042377005,0.017986358502823763
1,1,0.19700513914341564,0.7955190624027396,0.007475798453844781
0,1,0.3135236647171266,0.6729267877250387,0.013549547557834721
1,1,0.12576433013625815,0.8596116178744226,0.014624051989319296
0,0,0.6674524980086158,0.3317014122211412,0.0008460897702429567
1,1,0.16142606299110707,0.8329978228704225,0.005576114138470388
0,1,0.4329560075103533,0.565044687019491,0.001999305470155777
1,2,0.00894809690448653,0.2673477310226288,0.7237041720728847
1,1,0.2024868763204351,0.7833888077754264,0.014124315904138377
1,0,0.5042073213324307,0.49147559819690273,0.004317080470666535
0,0,0.5177816216158077,0.4811912206021646,0.0010271577820276173
1,1,0.05328101795379582,0.9044457582692176,0.04227322377698658
1,0,0.6826220109635033,0.3158086834803274,0.0015693055561693445
0,0,0.6406305331924285,0.35856276065248827,0.0008067061550832649
0,0,0.5983327291199863,0.39710034090171925,0.004566929978294559
1,1,0.4515032463942086,0.5434496324483425,0.005047121157448864
1,1,0.4291351617123533,0.5628690533842998,0.007995784903346985
0,0,0.6438738583922154,0.3546264266329616,0.001499714974822846
2,2,4.434948220683956e-05,0.008607001392999216,0.9913486491247939
1,0,0.5529115441525019,0.44292801504545554,0.004160440802042566
2,2,9.186551550729789e-05,0.07326570556074227,0.9266424289237505
1,1,0.09954029178042474,0.6147496187013983,0.28571008951817695
2,2,0.000390215506433469,0.06445429837879352,0.935155486114773
0,0,0.8921298955827404,0.10768790388247365,0.0001822005347860638
1,1,0.16584148233305576,0.8265478782002036,0.0076106394667405895
1,1,0.1983808880965046,0.7930439201309,0.008575191772595534
0,0,0.7372287561939009,0.26189153632247747,0.000879707483621602
0,0,0.7477757233120998,0.2514153851526374,0.0008088915352627063
0,0,0.561470557872498,0.4370098931878314,0.001519548939670644
2,2,0.0003906361867585007,0.07514622743582644,0.9244631363774151
0,0,0.8983132964610586,0.10146436855421187,0.00022233498472939802
1,1,0.08240300052178019,0.9020870434459334,0.015509956032286413
0,0,0.7831319302355143,0.2163885442259693,0.0004795255385163828
0,0,0.8504408406818831,0.14915764458465958,0.00040151473345746995
1,1,0.2505973941922496,0.7391813770613612,0.01022122874638922
1,0,0.7518855121291541,0.24761370161389842,0.0005007862569475716
1,1,0.38402649330956307,0.613177461602623,0.0027960450878138947
2,1,0.033745641081745915,0.8913277449287151,0.07492661398953894
1,1,0.014725668735895692,0.8689387189234093,0.11633561234069485
0,0,0.7115430344495017,0.28620788448274653,0.0022490810677516285
0,0,0.9230825122986624,0.07685053767348789,6.695002784970078e-05
0,1,0.33802765082027747,0.6556299410604547,0.006342408119267912
1,1,0.07074071886923627,0.8977524730978071,0.031506808032956565
0,0,0.8489336796692569,0.1507914706533371,0.00027484967740611414
0,0,0.6372778764257426,0.36084727517436743,0.0018748483998899394
1,1,0.13155432785873344,0.8567402497847384,0.011705422356528168
1,1,0.3207959374261284,0.6749775120540682,0.004226550519803447
1,1,0.34331555893068777,0.6513043811753769,0.005380059893935231
1,1,0.3554421148603481,0.6367052859854079,0.007852599154244048
0,0,0.7100810473954802,0.28943306850898826,0.0004858840955314418
1,1,0.1328723295956821,0.8572632509186646,0.00986441948565311
0,1,0.46873535600418337,0.5291937069673971,0.002070937028419526
0,0,0.8357389161062787,0.16387422764485476,0.0003868562488666596
1,1,0.15900739257573632,0.8134926126278156,0.027499994796448154
1,0,0.7294993860841081,0.2697742117620676,0.0007264021538243757
1,1,0.10633273321728386,0.8784551469586699,0.015212119824046287
1,0,0.7565152837159643,0.2430790351611538,0.00040568112288179797
1,1,0.3039769519166112,0.6925625712323679,0.0034604768510209816
1,1,0.39010435711112335,0.6081628966726428,0.0017327462162339067
1,1,0.27950050324474435,0.7134554568644498,0.007044039890805847
1,1,0.31860022590131853,0.6716240037550448,0.009775770343636669
0,0,0.8790353948830342,0.12064566188387268,0.00031894323309312203
1,0,0.7733782987197693,0.22582633544755532,0.0007953658326754817
0,1,0.3858680120083779,0.6102948664176734,0.003837121573948784
1,1,0.47045683647900366,0.5242280572109941,0.005315106310002225
2,2,0.0017185325695823958,0.16159224458213517,0.8366892228482825
0,0,0.5791628533821761,0.4199827832534964,0.0008543633643275556
1,1,0.09675031884167508,0.8927730448943854,0.010476636263939403
0,0,0.7179289435401067,0.2813598122622883,0.000711244197605051
0,0,0.754562186461807,0.24494530881844925,0.0004925047197437165
0,0,0.5418414641168467,0.4567503478969559,0.001408187986197323
1,0,0.6256458260251347,0.3739739626975183,0.00038021127734694796
0,0,0.8816320074935488,0.11817418533235333,0.0001938071740979045
0,0,0.7486019867157688,0.25033934009419795,0.0010586731900332359
0,0,0.9059669190861862,0.09384549666350253,0.00018758425031130022
0,0,0.8016123281847709,0.19808457508897825,0.0003030967262507632
0,0,0.5786543997134037,0.41947407668388026,0.0018715236027161293
0,0,0.6742354966968034,0.3250685533181926,0.0006959499850038758
0,0,0.5292940832599135,0.46691008069755247,0.0037958360425341476
1,1,0.4166946532134674,0.5801962614282244,0.003109085358308295
0,0,0.5462894817695088,0.4501211548382199,0.003589363392271435
1,1,0.25875457407371494,0.7218255938331554,0.019419832093129568
1,1,0.31665856780582397,0.6780826220723489,0.005258810121827117
1,1,0.20921798489533316,0.777815711759581,0.012966303345085929
0,1,0.39660320455310105,0.599964744040611,0.003432051406287975
0,0,0.7329707437897823,0.2666982721619525,0.00033098404826508425
0,0,0.8136370900522548,0.18593948981562683,0.0004234201321182613
1,1,0.07474296775089818,0.8965290597367535,0.028727972512348262
0,0,0.7159618368715421,0.2826368104262905,0.0014013527021672907
1,1,0.1840280435971583,0.8005769252948495,0.015395031107992336
0,0,0.8788832573449955,0.12100552957326832,0.00011121308173615442
0,0,0.6768672309671553,0.3226578770654204,0.0004748919674242759
0,1,0.1507344350331649,0.8118244068895395,0.037441158077295575
2,2,3.665266267162611e-05,0.029897151380364362,0.970066195956964
0,0,0.7491839330140407,0.25033852309042637,0.0004775438955329529
0,1,0.37066085746211486,0.6175261991388273,0.011812943399057762
1,0,0.5186561893811676,0.47933014892652126,0.0020136616923110053
1,1,0.27056806943541345,0.7207915044995202,0.008640426065066232
0,0,0.6284040890410503,0.3684062559589621,0.003189654999987563
0,0,0.751764245529956,0.2480176589541015,0.00021809551594253071
1,1,0.09475369755782585,0.8779269587070481,0.02731934373512597
1,1,0.09133897654273787,0.8362601752300909,0.07240084822717112
1,1,0.08225802647648589,0.9011638600614318,0.016578113462082152
1,1,0.030954783910405327,0.9380440279832084,0.031001188106386437
0,0,0.8161211252517847,0.18352000027511445,0.00035887447310092884
0,1,0.22294414046712652,0.7594258019563157,0.017630057576557813
0,0,0.5105239796733886,0.4883677691964071,0.0011082511302042321
1,0,0.749977937691418,0.24938193849870863,0.0006401238098734586
1,0,0.5670080053210711,0.43184373392792735,0.001148260751001528
1,1,0.2635314337229982,0.7278118184435738,0.00865674783342798
1,1,0.11614124958437248,0.8734507832275169,0.010407967188110637
1,1,0.12467854077431792,0.8500806232480328,0.025240835977649208
1,1,0.20016898175803444,0.7954512029450586,0.004379815296906885
1,0,0.5785641811069275,0.4195710019015499,0.0018648169915226472
1,0,0.6107899615081783,0.38727624192745924,0.001933796564362429
1,1,0.3129567222881314,0.6818737947784363,0.005169482933432266
1,1,0.07161774368392347,0.913487916826503,0.014894339489573532
1,1,0.19263305972129577,0.7807964499273176,0.0265704903513868
0,0,0.8212648897917119,0.1784396048259826,0.000295505382305535
1,1,0.27415476542486056,0.7213115375112413,0.004533697063898089
0,0,0.5555369653176475,0.44157816757676166,0.0028848671055908552
2,2,0.00020860728334235718,0.010955039850529117,0.9888363528661286
2,2,2.098883732090834e-05,0.0045044278542469085,0.9954745833084322
1,1,0.13541132571249143,0.8446380656005077,0.01995060868700073
2,2,0.006597584278516364,0.2642084511726685,0.7291939645488151
0,0,0.7747072401370819,0.224964752253647,0.00032800760927092457
0,0,0.5690120589628523,0.4290574659792095,0.001930475057938101
2,2,0.0061862759039424614,0.285479739857369,0.7083339842386887
1,1,0.4392946043657199,0.5596219238142027,0.0010834718200772894
0,0,0.8868896400992041,0.11296189852487294,0.00014846137592299866
1,0,0.6221569143633527,0.376861431316458,0.0009816543201893865
0,1,0.37173959569310555,0.6244642601526692,0.003796144154225233
0,1,0.4002400239063968,0.5924094074851969,0.007350568608406408
1,1,0.21802449597395687,0.7772704720723504,0.004705031953692643
1,1,0.29096222468410304,0.7001345393460092,0.008903235969887935
1,1,0.4962615676816337,0.502582426392021,0.0011560059263453384
2,2,0.00035886435874109203,0.1050755580287661,0.8945655776124928
0,0,0.8086117517794471,0.19080391028761895,0.0005843379329339067
0,1,0.30003337334819424,0.692486689004325,0.00747993764748083
1,1,0.051974045567238836,0.8901042994155728,0.05792165501718829
0,0,0.7554147859923533,0.24409631837714826,0.0004888956304983244
1,0,0.49906961787664916,0.49676924259084865,0.004161139532502032
0,1,0.49045357763507297,0.5051828427461622,0.004363579618764827
1,1,0.05385176489797476,0.9086001566681495,0.03754807843387572
0,0,0.8675003176751913,0.1322954562792901,0.00020422604551858736
0,0,0.5700096760571147,0.42881212583126715,0.0011781981116180827
1,0,0.7015935764571215,0.297667696367546,0.0007387271753324636
1,1,0.494387064180809,0.5024723214599341,0.0031406143592569162
0,0,0.7504680187863707,0.24831013966114077,0.001221841552488584
1,1,0.40230848131810315,0.595470096450234,0.002221422231662785
1,1,0.19244451110680239,0.7970723217586163,0.010483167134581162
0,1,0.26766587605136355,0.7205816250152556,0.011752498933380841
0,0,0.915242364773249,0.08461716068522641,0.00014047454152461012
0,0,0.8434930966680406,0.15615826326115906,0.00034864007080022977
1,1,0.03783196102673375,0.9102743625042387,0.051893676469027525
1,1,0.39367661424016887,0.5996120580383782,0.006711327721452747
0,0,0.6661534461780836,0.3325154203420707,0.0013311334798456426
1,1,0.22128897975977033,0.7717644506094242,0.0069465696308054345
2,2,0.0036957514336368445,0.29132967545610455,0.7049745731102587
0,0,0.5215381239702765,0.47439515177825353,0.0040667242514699125
1,1,0.0792217408371444,0.8956970797217225,0.02508117944113314
1,0,0.5075583350567132,0.4896425389383864,0.0027991260049004423
2,2,0.00038435865728951514,0.12642118774689728,0.8731944535958133
1,1,0.024253066569969298,0.8820320587127547,0.093714874717276
0,0,0.6304029189314481,0.3669999894859437,0.0025970915826081875
0,1,0.30014378649010437,0.6895093232374147,0.01034689027248087
1,1,0.2788704975388159,0.7174904822509126,0.003639020210271434
0,0,0.7548064580691366,0.24397988416894326,0.001213657761920179
1,1,0.09763114971078353,0.8841002614419774,0.01826858884723891
1,1,0.3223053149613953,0.6706381483714706,0.007056536667134069
0,0,0.8275197423926561,0.17216160462122335,0.00031865298612050925
1,0,0.730017025643702,0.26849098789243264,0.0014919864638653119
2,2,0.001854520726108236,0.1435323876278635,0.8546130916460283
0,0,0.5150640245233811,0.48332259596282956,0.0016133795137893365
1,1,0.17963800008013067,0.8150052145857997,0.005356785334069654
1,1,0.4133209470195938,0.5768332254506167,0.009845827529789635
1,1,0.3961720422638344,0.6004083649405286,0.0034195927956371234
0,0,0.8086315514462351,0.19099799261377984,0.00037045593998507573
1,1,0.40007633055384556,0.5950810977971781,0.004842571648976383
0,1,0.24197591075206717,0.7447359606865942,0.013288128561338621
1,1,0.4318190013133001,0.565106780535196,0.0030742181515038026
1,1,0.23803865955762515,0.749562646593553,0.012398693848821796
0,0,0.5703808330849113,0.4275163197163561,0.002102847198732571
1,0,0.5963096830372411,0.4023688011765647,0.001321515786194267
0,1,0.04570953560010472,0.8901048840338137,0.06418558036608163
0,0,0.5008759472965795,0.4926379769590371,0.00648607574438349
1,1,0.4065913107847819,0.591004717128071,0.0024039720871471115
0,0,0.5918045614091381,0.4065052337654605,0.0016902048254014736
0,0,0.7358300404712943,0.2634246564552841,0.000745303073421467
0,0,0.5339079046255181,0.4643221978936872,0.001769897480794778
1,0,0.7892154547594384,0.21041351375228579,0.0003710314882757182
0,1,0.4275128038761219,0.5711819931205333,0.0013052030033448203
1,1,0.052541340433814435,0.8534268338299711,0.09403182573621446
0,0,0.8305457281945359,0.1690623218481071,0.00039194995735702953
1,2,0.008263987895579935,0.41938958888245953,0.5723464232219605
1,0,0.5547031017259033,0.4448305445866557,0.00046635368744103294
1,1,0.12261408360080164,0.8619608161103697,0.015425100288828783
0,0,0.8442590196865352,0.15563364696239315,0.00010733335107160009
0,0,0.8975058125076544,0.10229160156636535,0.00020258592598020806
0,0,0.7949856205983347,0.20476989065475584,0.00024448874690946457
0,0,0.7009848680082724,0.29759535236366086,0.0014197796280666678
1,0,0.7883048358360767,0.21091580457441014,0.0007793595895132219
1,1,0.20949405642180582,0.7714004056839551,0.019105537894239234
1,1,0.3125121155712754,0.6766882545657561,0.01079962986296856
2,2,0.0038686344317845323,0.2543413636603136,0.7417900019079019
0,0,0.7604064124330415,0.23911948892058327,0.0004740986463752213
1,1,0.45173594395636923,0.5462725402268438,0.001991515816787051
1,1,0.20890781096224378,0.7713949783071844,0.019697210730571835
1,1,0.38749066004917904,0.6048643748056681,0.007644965145152852
1,0,0.5336358210158836,0.4640024344548396,0.002361744529276856
0,0,0.5150827375202511,0.482718764157114,0.0021984983226347944
1,1,0.1024913844286689,0.8558825937481405,0.04162602182319064
1,0,0.6320975224568781,0.36707348931861555,0.0008289882245062537
1,1,0.1413741322940741,0.8533416622782758,0.005284205427650024
1,1,0.15280475936204455,0.8214482315264401,0.025747009111515465
0,1,0.3754246662600684,0.6212667786184074,0.0033085551215241973
1,1,0.05204921805920611,0.8974810326411907,0.05046974929960319
0,0,0.8959230066446957,0.10380641091884305,0.00027058243646119873
1,1,0.22313316779444203,0.7614517527871374,0.01541507941842065
1,0,0.5407345303520739,0.4553224002902344,0.003943069357691643
1,0,0.5129787365896925,0.4822068651439681,0.004814398266339456
1,1,0.19746197824761216,0.7823290339525607,0.02020898779982717
0,1,0.41419858794476216,0.5816393557415969,0.004162056313641144
0,1,0.26019068472822104,0.7354756836512473,0.004333631620531636
0,0,0.763272828511878,0.23614678358727637,0.0005803879008457303
0,0,0.5803160130094088,0.4168321825519126,0.0028518044386785886
0,0,0.7484289538160521,0.2506248502170248,0.0009461959669229658
1,1,0.40505642518378454,0.5922494661836669,0.00269410863254846
1,1,0.1513187736009748,0.8318823349914116,0.016798891407613575
1,0,0.5067493546101899,0.4912424827477946,0.0020081626420155488
1,1,0.17983559029035168,0.7965594653924142,0.023604944317234228
1,1,0.2752862424864994,0.7155531142328346,0.009160643280665874
0,0,0.7018022045335515,0.29677996016484104,0.0014178353016073943
1,1,0.2223749870866118,0.7659041672885131,0.011720845624875029
1,1,0.31932127114911235,0.6652973706459673,0.015381358204920436
0,0,0.621844472165384,0.3771354664281005,0.0010200614065155624
1,0,0.5944473167609162,0.4048017197936274,0.0007509634454563093
0,0,0.9400605555936634,0.05985436560550614,8.50788008304742e-05
1,1,0.0408359229248539,0.9354397170402093,0.02372436003493684
0,0,0.5379300242985248,0.4580116983739531,0.004058277327522137
0,1,0.44313721709416626,0.5526992889883325,0.004163493917501191
1,0,0.5657105403209706,0.43334050439306265,0.0009489552859668466
1,1,0.10048686102590859,0.8478651950344828,0.051647943939608726
2,2,0.0008909981116826151,0.1997915447509318,0.7993174571373856
0,0,0.9271938987163006,0.0727114928358046,9.46084478948417e-05
1,1,0.044465313363553347,0.9178893785922776,0.037645308044169094
0,0,0.6915564546732897,0.30815088592286893,0.00029265940384130487
1,1,0.20954895480045724,0.7796783859621846,0.01077265923735808
2,2,8.902150408502066e-05,0.008334645284709641,0.9915763332112054
1,1,0.09818812961151809,0.8492716541184242,0.05254021627005772
1,1,0.04206258979638788,0.932244278669377,0.02569313153423516
1,0,0.7770494809046243,0.22179458736277066,0.001155931732605107
2,2,0.0006508424595793253,0.06373736608176854,0.9356117914586521
1,1,0.15032928765241158,0.8403530775475423,0.009317634800046173
1,1,0.03525906220430474,0.720545694824266,0.2441952429714294
1,0,0.734481187121794,0.2647225229030056,0.0007962899752003838
0,1,0.310037495926579,0.6845859490202405,0.005376555053180437
1,1,0.3009144638368717,0.695034332544277,0.004051203618851071
1,1,0.43333279771813743,0.563334378920319,0.003332823361543563
0,0,0.9218304089889493,0.0780242434321696,0.00014534757888123287
1,1,0.44511538306466913,0.5432132040581995,0.011671412877131325
0,1,0.42500857705001044,0.5704832414782982,0.00450818147169137
1,1,0.36257977428677435,0.6263129533608093,0.011107272352416417
0,1,0.4452330356123579,0.551191939351007,0.003575025036635256
0,0,0.8731926192725519,0.1266995030458212,0.00010787768162696547
0,1,0.40614784449439106,0.5888044989116017,0.005047656594007153
1,1,0.09228279841031667,0.852201143292219,0.055516058297464414
0,0,0.7823479331164717,0.21672873381731625,0.0009233330662121469
1,1,0.09589381211616943,0.8529170000704325,0.05118918781339801
0,0,0.6126536457096532,0.3856144574309,0.001731896859446794
0,0,0.7263149646408277,0.2730172609603617,0.0006677743988105945
0,0,0.6534263660373931,0.3456449528624376,0.0009286811001692662
0,1,0.15846834411441488,0.7987304730131,0.042801182872485175
1,1,0.19905358167116052,0.7820257746729549,0.01892064365588454
1,0,0.6939181259844819,0.3054831452832809,0.0005987287322371694
0,0,0.8496183753863427,0.15001150095269913,0.0003701236609581178
1,2,0.003356901632507107,0.1931156662825793,0.8035274320849136
0,0,0.5966537555389323,0.40147639541731917,0.0018698490437484964
0,1,0.4225778508640581,0.5746229165558194,0.0027992325801224826
1,1,0.24639686280310072,0.7378564388839863,0.015746698312913004
2,1,0.018943901930356718,0.8455339267500382,0.13552217131960514
1,1,0.10935392294381457,0.8699898526014843,0.020656224454701142
1,1,0.18289650790987105,0.8060161445297223,0.011087347560406823
1,1,0.24432222035607445,0.7496076603435514,0.006070119300374221
0,1,0.2912603488676308,0.7038148325213662,0.004924818611003056
1,0,0.6679078526851246,0.33099988360144034,0.001092263713434976
0,0,0.5800327341671198,0.4164837006751905,0.0034835651576896457
0,0,0.7561649374149914,0.24308581628860293,0.0007492462964057368
1,1,0.2995332955629449,0.6956766961802514,0.004790008256803813
1,1,0.43058776019170975,0.5682971605376717,0.0011150792706185774
1,1,0.024844201961576544,0.919326737446179,0.05582906059224435
0,0,0.5310138218629887,0.46758434431404744,0.0014018338229638918
0,0,0.75531458900006,0.2435006605741734,0.0011847504257666366
1,2,0.0010238444260168716,0.10899061286379483,0.8899855427101884
1,1,0.15441717397949897,0.8233099215748094,0.02227290444569159
1,0,0.5547070603453808,0.44437151204665276,0.0009214276079666003
1,1,0.2730433554535844,0.7230928107485132,0.003863833797902366
1,1,0.387682175387383,0.6090339895689136,0.003283835043703392
1,1,0.23488558807775423,0.7558391963838073,0.009275215538438486
1,1,0.2780491278346735,0.7166324947629459,0.005318377402380537
2,2,0.001247842786289321,0.15243478075131695,0.8463173764623938
0,0,0.814212566574386,0.1854346357662377,0.000352797659376141
1,1,0.15304381207653292,0.8263103247857075,0.02064586313775953
0,0,0.5068846368838936,0.49008986268022725,0.003025500435879142
1,2,0.03414886463220121,0.4492407429652649,0.5166103924025339
0,0,0.7715102498363963,0.22825660721282803,0.00023314295077578724
0,0,0.8422472196959772,0.1573468090854046,0.00040597121861831587
0,0,0.7923959151499338,0.20691067555197445,0.0006934092980917863
0,1,0.28691378397869655,0.7025905646708234,0.010495651350480015
1,1,0.16882015736450826,0.81955005292361,0.011629789711881658
0,0,0.7058572126173732,0.2936126381484981,0.0005301492341287715
2,2,0.02361651517575986,0.38949239003055813,0.586891094793682
1,1,0.24189276109376673,0.7534471412849234,0.0046600976213099325
0,0,0.5984651823158399,0.40060864222223985,0.0009261754619202227
0,1,0.48396649513118944,0.5145494943148076,0.001484010554003007
0,0,0.9095912531945772,0.09028982358136911,0.0001189232240537021
1,1,0.3449140034016919,0.6415086725796801,0.013577324018627776
1,0,0.6896563961847348,0.309804559902128,0.0005390439131370525
0,1,0.46191108868635233,0.5359570428215988,0.0021318684920487376
1,1,0.15887013870032485,0.8334421200465135,0.007687741253161607
1,1,0.2742996681687391,0.7204383750415729,0.005261956789688047
1,1,0.39022017847206564,0.6019171970446916,0.007862624483242885
0,0,0.6708677198411995,0.328305938242207,0.0008263419165935418
0,0,0.829993445451091,0.16947867719489032,0.000527877354018664
1,1,0.33586516566311314,0.6599771277946095,0.004157706542277337
0,1,0.3558512527451612,0.6394661563366316,0.0046825909182071496
0,0,0.7060109319485244,0.2936451232101796,0.0003439448412960642
2,2,0.0006623812870639172,0.1399229593184091,0.859414659394527
1,1,0.3008173190272836,0.6925554520664589,0.006627228906257525
0,0,0.5717344494562797,0.42525387248698615,0.003011678056734123
0,0,0.7459551657850013,0.25343058972010973,0.0006142444948889508
1,1,0.2734423635699668,0.7097574349068733,0.016800201523159898
0,1,0.4401252309430353,0.555749018647352,0.00412575040961267
0,0,0.822066429698088,0.17780405322766768,0.00012951707424430602
1,0,0.5320030719817495,0.4666787613149194,0.0013181667033310563
1,1,0.037567903994645824,0.8171067887099084,0.14532530729544574
0,0,0.6893252629355184,0.3101102465973509,0.0005644904671306724
1,1,0.4375790840491854,0.5592095803682116,0.0032113355826029906
1,1,0.2820105281528476,0.7101168580810979,0.007872613766054507
1,1,0.04522188340940626,0.9312522725222045,0.023525844068389166
0,1,0.35400588459493,0.6412698390264938,0.004724276378576078
0,0,0.7689278445367446,0.23026265764485188,0.0008094978184035234
1,1,0.3005761372190276,0.6929251550039409,0.0064987077770315045
1,1,0.16624992124183474,0.7922155689578425,0.04153450980032279
1,1,0.4349703786651756,0.5630444742496737,0.001985147085150602
1,1,0.40748219239209793,0.5907322762373909,0.0017855313705111404
0,0,0.5538789354306773,0.4442435377898311,0.0018775267794916804
0,0,0.5281546775314346,0.468445066012258,0.003400256456307501
1,1,0.1502908951543993,0.835047137202497,0.014661967643103766
1,1,0.22336709316584907,0.7701616995890423,0.0064712072451086795
0,1,0.4582457206772276,0.5378861774751806,0.0038681018475918596
0,0,0.5131153889725903,0.48474277325855725,0.002141837768852309
1,1,0.03214624288544344,0.8856562064695372,0.08219755064501943
1,1,0.33664861241485455,0.6540974776248428,0.009253909960302639
0,1,0.12645648624731873,0.8319998904205524,0.04154362333212885
1,1,0.3894043727712116,0.6062844805696892,0.004311146659099177
0,0,0.7712524038441079,0.22776493114794283,0.0009826650079493512
1,1,0.19673549182522646,0.7947731096559,0.008491398518873627
1,1,0.2920396417077058,0.6957707060893131,0.012189652202981004
0,1,0.4509345677274463,0.5453946419114118,0.003670790361141838
1,1,0.11877581044744542,0.8771480971559912,0.004076092396563492
1,1,0.4098106961055634,0.5877150878591949,0.002474216035241727
0,1,0.08133941394418512,0.8694683378320385,0.04919224822377631
0,1,0.2830563036943088,0.7021020001721551,0.014841696133536192
0,0,0.8129662674530932,0.18633028219543712,0.0007034503514697539
0,0,0.8729237802145012,0.12681965538724174,0.0002565643982570331
2,2,0.003870727122885521,0.2298923123132844,0.7662369605638301
1,1,0.11319100305106611,0.8441858914685949,0.04262310548033907
1,1,0.24349498329534125,0.739633865352715,0.01687115135194384
0,0,0.7970271373752503,0.20260858687905375,0.00036427574569583077
1,1,0.034161415557626584,0.9405124031529021,0.02532618128947137
1,1,0.19310743945272282,0.7850407715803277,0.02185178896694947
0,0,0.7511178129919523,0.24833051775601803,0.0005516692520295956
1,1,0.4804896131812342,0.5189155334772046,0.0005948533415611885
1,0,0.7207546743323129,0.278914104538395,0.0003312211292920703
0,1,0.38717192120414595,0.6071807496060015,0.005647329189852531
2,2,0.0001103844216523601,0.011251767586505966,0.9886378479918416
0,0,0.6095311973334291,0.38780455582521306,0.0026642468413578583
0,1,0.34446884441761044,0.6500281214475628,0.005503034134826759
0,0,0.5035997152863366,0.4948961218651629,0.0015041628485004612
0,0,0.8067042545067724,0.19312402380591204,0.0001717216873155835
0,0,0.5268677331411624,0.47136767872266594,0.0017645881361714759
1,1,0.024584973465045123,0.9086285787240325,0.06678644781092234
0,0,0.6412551268494734,0.35784990288653173,0.0008949702639947822
0,0,0.9025210246767166,0.09720060113144374,0.0002783741918395789
2,2,0.00018333895290015718,0.09060915056541516,0.9092075104816846
0,0,0.5738957407784169,0.4249319106615402,0.0011723485600429189
0,1,0.1061961492840141,0.878421345906946,0.015382504809039814
0,0,0.9071949698401186,0.09267634624227299,0.00012868391760838832
0,0,0.5312869394559201,0.4679614838991183,0.0007515766449616119
0,0,0.9136767428997211,0.08618405632564799,0.00013920077463092413
1,1,0.4110498285096948,0.5772130833101263,0.01173708818017881
1,0,0.6382301276629896,0.3606572332094105,0.0011126391275999596
1,1,0.2881569521456527,0.7070226829807637,0.004820364873583631
1,1,0.14880196045484273,0.8335464666002022,0.017651572944955084
0,0,0.549927169811783,0.44805858010429267,0.00201425008392429
1,1,0.08265676948727799,0.8893521848014894,0.027991045711232555
1,1,0.029478652499586432,0.9049771573291739,0.06554419017123957
1,1,0.06732923927239919,0.8719164693443394,0.060754291383261286
1,1,0.30929553726843534,0.6848660248177411,0.005838437913823615
1,1,0.16885331407102008,0.8230431280131639,0.00810355791581598
0,0,0.7013902117418698,0.298110543791216,0.0004992444669143399
0,1,0.49857717169801585,0.49985132618104855,0.00157150212093558
2,2,0.000551110842624788,0.06439414005327833,0.9350547491040968
0,0,0.6833937244079004,0.3158713821768111,0.0007348934152885112
0,0,0.5705819756604882,0.4274851644871186,0.0019328598523932075
1,1,0.05796743604762696,0.9078301365784607,0.03420242737391243
0,0,0.6765487000023662,0.32279438965802126,0.0006569103396125739
0,1,0.23850880868045427,0.7537462475231687,0.007744943796377104
0,0,0.5309353369655055,0.46801078384275463,0.001053879191739766
0,0,0.7787497012048484,0.22096202079463612,0.00028827800051540103
1,1,0.17400292590877486,0.8212473630271807,0.004749711064044426
0,0,0.9015271889559936,0.0981836169806693,0.0002891940633370338
0,0,0.7399218617529717,0.2595416105390917,0.0005365277079365048
0,0,0.7393224651227444,0.2597684558697309,0.0009090790075248355
1,0,0.6872731441100501,0.31201667304624947,0.0007101828437004278
0,0,0.6678302363422168,0.3311929170425785,0.0009768466152045628
0,0,0.8529256331891945,0.1466104765424078,0.00046389026839757685
0,1,0.4157491706500032,0.5806521481741307,0.0035986811758659783
1,1,0.20163816456491987,0.7936697952030736,0.004692040232006546
1,1,0.48574309952801253,0.5123427891366082,0.0019141113353790995
1,1,0.11156207768594563,0.8558004799533487,0.032637442360705704
1,1,0.26081410814584854,0.7358292935325542,0.0033565983215971796
2,2,0.00018106084543422583,0.09271111567965677,0.9071078234749089
1,1,0.486822626401108,0.506198802554418,0.006978571044474064
1,0,0.5917259274575583,0.40733263786017015,0.0009414346822715336
0,0,0.9118134318306101,0.08808776836671982,9.879980267010146e-05
0,1,0.4840125100174836,0.5139537423147484,0.0020337476677679254
0,0,0.8637378272237806,0.1360997450759582,0.00016242770026127579
1,0,0.5055211707942137,0.4926529186392645,0.0018259105665219052
0,1,0.3639445933127066,0.6319109680564302,0.004144438630863204
1,1,0.2172485208314587,0.7720667105555017,0.010684768613039622
1,0,0.5038584933380107,0.49308568436563216,0.00305582229635708
1,1,0.10153707002278088,0.8459962687789285,0.05246666119829057
1,1,0.1623299174036181,0.8261948956209554,0.011475186975426465
0,0,0.6817522600220189,0.31653915383851516,0.0017085861394658627
1,1,0.05372808619015992,0.8669807934236223,0.07929112038621768
1,1,0.2028358578014809,0.7868440831430943,0.010320059055424824
1,1,0.30163773639589303,0.6931958351338053,0.005166428470301687
1,1,0.30607896836684334,0.6872817247568882,0.006639306876268404
1,0,0.7209470683778633,0.2786610184550171,0.0003919131671196726
0,0,0.8453200221526204,0.15427891174496158,0.00040106610241805624
1,0,0.5248870693196162,0.4742671420319113,0.0008457886484725205
1,1,0.2844747816005039,0.7069088973626544,0.008616321036841663
0,0,0.5896938905207284,0.40843938625497006,0.0018667232243014759
1,1,0.18142289544320234,0.8144799347598295,0.004097169796968188
0,1,0.3309801261827498,0.6665382381112839,0.0024816357059664097
0,0,0.7547157628644582,0.24465342999963532,0.0006308071359064442
1,1,0.11423759005922086,0.8292261048087236,0.0565363051320557
1,1,0.05353999214722808,0.9287387754574918,0.017721232395279996
1,2,4.531594502782699e-05,0.007678042492537271,0.992276641562435
0,1,0.142950973553107,0.8466891097480685,0.010359916698824505
1,0,0.5882631605030694,0.4105080418134213,0.0012287976835093197
0,0,0.5644617492975059,0.43325713010335504,0.0022811205991390736
1,1,0.34852774131756603,0.6456435724001572,0.005828686282276696
1,0,0.5104442437994511,0.48690137885035795,0.002654377350190948
1,1,0.12369246258205668,0.8603437141522271,0.015963823265716267
1,1,0.3593837948865432,0.6349797177818305,0.0056364873316262784
1,1,0.31200462280204433,0.6810519370633471,0.006943440134608598
0,1,0.13857204774707588,0.8457029287552974,0.015725023497626667
0,1,0.1480430701059077,0.836500508092034,0.015456421802058432
1,1,0.11413368846259843,0.8655325504065,0.020333761130901528
0,0,0.7559488967942237,0.24382192387690632,0.0002291793288698764
1,1,0.3454100363972022,0.647674834600776,0.0069151290020217455
1,0,0.7512784732358425,0.24752046346848633,0.001201063295671068
0,1,0.2997175087738581,0.6884261505002408,0.01185634072590115
0,0,0.9500909626878015,0.0498954349810041,1.3602331194315511e-05
2,2,0.00013221936928694192,0.05366402518810491,0.9462037554426083
0,0,0.860930055145323,0.1385006125609734,0.0005693322937036949
0,1,0.3514145155437293,0.6452937639954551,0.003291720460815649
0,0,0.9215471640036288,0.07836825758581406,8.457841055716224e-05
0,0,0.9248504562411006,0.07506520070654092,8.434305235852884e-05
1,0,0.735423380734767,0.26422743853733416,0.00034918072789881304
1,1,0.290403131007097,0.6980105088760409,0.011586360116862012
1,0,0.5289790101083475,0.4665748822952832,0.00444610759636933
1,0,0.6203350344195214,0.3787601192934658,0.0009048462870127103
2,2,0.008936778060545679,0.3386269671051952,0.6524362548342592
0,0,0.762161162161775,0.23740336939670537,0.00043546844151975625
1,1,0.21259746393727288,0.7830324469496409,0.004370089113086145
0,0,0.7196781271699704,0.27961433333264074,0.0007075394973887839
0,0,0.7043378296676027,0.29495705282715384,0.0007051175052434723
1,1,0.4027096149311301,0.5936216042687816,0.0036687808000882872
1,0,0.8813671434008453,0.11847349945293074,0.00015935714622382008
2,2,0.0003326126699398616,0.03562809250518713,0.9640392948248729
2,2,0.0027725016844686707,0.18134629781480685,0.8158812005007244
0,1,0.3002840128956307,0.6946263907549051,0.005089596349464193
0,1,0.19129021514517391,0.7799760673273516,0.028733717527474542
0,0,0.6866758471259026,0.3124294442477312,0.0008947086263660116
1,1,0.23046695454700786,0.7627545768304769,0.0067784686225152374
1,1,0.13520025118349152,0.8441331495882285,0.020666599228280003
2,2,0.0008722294320896339,0.14737061642659882,0.8517571541413115
1,1,0.18782156092841332,0.7952958477018496,0.016882591369737132
0,1,0.2979022571992557,0.6947012074786822,0.007396535322062142
1,1,0.22720026371021426,0.764869151207292,0.00793058508249365
2,2,0.004206915913151205,0.31073902117869084,0.6850540629081581
0,0,0.5889614329720685,0.4097104045951913,0.0013281624327402067
1,0,0.7033185636935884,0.29591092226731686,0.0007705140390946946
1,1,0.09229148238706436,0.8538062063948418,0.05390231121809383
0,1,0.09531333493035389,0.888433927610596,0.016252737459050086
1,1,0.32447264940571185,0.6575847540315869,0.0179425965627013
2,2,0.00010275392771144575,0.039651332497882046,0.9602459135744065
0,0,0.8905972957487079,0.10921539047001216,0.0001873137812799869
0,1,0.3862374147458598,0.610819776219639,0.0029428090345010984
1,1,0.30048397776709634,0.6962589763385266,0.0032570458943770777
0,0,0.779310239531037,0.22029468300523264,0.00039507746373042263
1,0,0.5038072047501896,0.4922989052607195,0.003893889989090944
0,0,0.8695432813314322,0.13026559010330033,0.00019112856526743398
1,1,0.06726979172562651,0.9012117718459927,0.03151843642838071
0,0,0.7775700881214872,0.22218013231845105,0.00024977956006177424
1,1,0.1323857225002268,0.8544008479697078,0.013213429530065445
0,1,0.49632319187440743,0.49972140928782705,0.0039553988377654635
0,1,0.43268948798152074,0.5647030539970631,0.0026074580214161883
1,1,0.36646327696192693,0.6292168413457718,0.004319881692301206
2,2,5.718679661578357e-06,0.006566533356914974,0.9934277479634236
1,1,0.2956269681278716,0.6850410705338552,0.01933196133827337
0,1,0.18026732183057928,0.8149475193002297,0.004785158869190971
0,0,0.8636881960875346,0.13601548128363297,0.00029632262883254887
1,1,0.2900925916858335,0.7015731723688693,0.008334235945297312
2,2,0.005205452696854464,0.23751796885901894,0.7572765784441267
1,1,0.40981844975984094,0.5854373175664214,0.004744232673737622
0,0,0.8099329743043093,0.1895984664872991,0.00046855920839153733
0,0,0.6724325561999224,0.3270267687001043,0.0005406750999733222
1,1,0.3993018540835514,0.5978352940202183,0.0028628518962303226
0,0,0.7205558608676963,0.27906524297209934,0.00037889616020444204
0,1,0.4663466714329475,0.530170461357217,0.003482867209835475
0,1,0.4928643177617064,0.5055003234555341,0.0016353587827594661
0,1,0.2676850930883928,0.7268483592750973,0.005466547636510019
1,0,0.5766537891535471,0.42198162360006913,0.0013645872463837372
1,1,0.48535563591338954,0.5138964469724483,0.0007479171141620792
0,0,0.722535192054878,0.27658391495823414,0.0008808929868877016
1,1,0.2535398565168917,0.7403933652734822,0.006066778209626142
1,1,0.12970936577770117,0.8554051793703166,0.014885454851982246
1,1,0.3936144061116976,0.6021997602645284,0.004185833623773846
0,0,0.5899823141138882,0.4091052228516566,0.0009124630344551609
1,1,0.04666044284038056,0.9094319548939799,0.04390760226563958
0,1,0.45593278537403525,0.5411654245044083,0.002901790121556431
1,1,0.021344074828012923,0.9103057198557973,0.06835020531618963
1,0,0.5142263372083934,0.48447245178861426,0.0013012110029924314
2,2,0.0005361472070178147,0.13836611834862372,0.8610977344443586
1,1,0.14156386209193372,0.8458008212298792,0.012635316678187179
0,1,0.38288082561395875,0.6127791157182015,0.004340058667839624
1,1,0.3362771134845773,0.659502901693313,0.004219984822109689
1,1,0.23805112301294365,0.7460485407990196,0.01590033618803679
0,0,0.8103871613337801,0.1893428324638503,0.0002700062023696085
0,1,0.09992394562364935,0.885559241835088,0.014516812541262442
1,1,0.23097794244031924,0.7640132044793739,0.005008853080306801
0,0,0.5891943923584855,0.4097602261836662,0.0010453814578483963
1,1,0.10189731401748876,0.8711300770785686,0.026972608903942697
0,0,0.5431809417130765,0.4549866818833917,0.0018323764035317845
0,1,0.13650457457913145,0.8373857900618578,0.02610963535901063
0,0,0.7472637920803283,0.2518006879429143,0.0009355199767572991
1,1,0.43273485866924605,0.5630824638160914,0.004182677514662544
1,0,0.4989886814586227,0.49842754888990454,0.002583769651472725
0,1,0.4375571284273969,0.5567503349414966,0.005692536631106541
1,1,0.11261664180061577,0.8661308519497614,0.021252506249622806
1,1,0.35977533276300416,0.6375627572181751,0.0026619100188207258
0,0,0.827100053887055,0.1725224290620258,0.00037751705091921916
1,1,0.442262802348568,0.5566731138075456,0.0010640838438863633
1,1,0.24670560271099026,0.7373097232348024,0.015984674054207414
2,2,0.00034087743962678404,0.060495533718458734,0.9391635888419145
0,0,0.9044774750759182,0.09535693012594243,0.00016559479813916088
0,0,0.7719209782855071,0.2274252221892098,0.0006537995252830777
0,0,0.5642375771175413,0.43413898126543254,0.001623441617026156
1,0,0.7012159320473718,0.29824904154574755,0.0005350264068806731
2,1,0.02990288805099426,0.8688628281504389,0.101234283798567
0,0,0.8781153616980344,0.12172391864284758,0.00016071965911822284
0,0,0.8726392349331863,0.12702880966265478,0.0003319554041590453
0,0,0.8186430374353667,0.18083568336094474,0.000521279203688615
1,1,0.26048445412059124,0.7331951359641337,0.00632040991527517
1,1,0.2898400370191959,0.7048602270791476,0.005299735901656319
0,0,0.7341788437692843,0.26420483567409114,0.0016163205566245714
1,1,0.41007519430221284,0.5813993669360366,0.008525438761750754
2,2,0.003111843481846744,0.1958401541694084,0.8010480023487448
0,0,0.7217636096584829,0.27694254130287443,0.001293849038642692
1,1,0.16275334503161284,0.832073213019737,0.005173441948650193
1,1,0.315358167235855,0.6780535509808072,0.0065882817833377684
0,0,0.8192243335991788,0.18054711264129875,0.00022855375952246005
2,2,0.008568281445541852,0.30707396340291626,0.6843577551515418
1,1,0.062433940790711476,0.9178483241403491,0.019717735068939327
0,0,0.7368514047917287,0.2627863205352118,0.0003622746730595237
0,1,0.11340747704406788,0.8654325708609084,0.021159952095023592
1,1,0.07920507868955173,0.48626215283325064,0.43453276847719763
1,1,0.37370332127908706,0.6220433832561839,0.00425329546472896
0,1,0.352805694257827,0.6433213842211309,0.0038729215210420594
0,0,0.636670420272772,0.36232247812457735,0.0010071016026507171
1,0,0.6334355325726181,0.3632071760550062,0.003357291372375675
2,2,0.0009794372285178551,0.1914673167135089,0.8075532460579732
0,0,0.542298313175978,0.4565700568616534,0.0011316299623686495
1,0,0.7216381032576364,0.2776821605631022,0.0006797361792613974
0,0,0.8424642987624639,0.15678826994539283,0.000747431292143325
1,1,0.33890497798760205,0.6559185336801726,0.005176488332225337
0,1,0.3597227426765543,0.6384756151763139,0.0018016421471317126
1,1,0.21856718512488751,0.7682549794593831,0.013177835415729427
0,0,0.7920229100642074,0.20775755852544053,0.00021953141035199741
1,0,0.6517605277612198,0.34491882633606447,0.003320645902715731
1,1,0.2006388168361652,0.7841161744542833,0.015245008709551547
0,0,0.5852648847692765,0.41366407822553214,0.0010710370051913525
1,1,0.2831735134901401,0.7081906572735087,0.008635829236351148
1,1,0.2382277261092585,0.756827964105047,0.004944309785694485
0,0,0.9180300682634139,0.08186228270164594,0.00010764903493994923
0,1,0.321971892394931,0.6759814829720499,0.0020466246330190846
1,1,0.34986903388594925,0.6400778307738564,0.010053135340194324
1,1,0.018199496157939844,0.7723342326736148,0.20946627116844543
1,0,0.5988039472756133,0.39972259414167927,0.0014734585827075129
0,0,0.6389465562104344,0.35987514964282685,0.0011782941467387053
1,0,0.7436915914215682,0.2559571200586738,0.0003512885197581073
1,1,0.4140590877423994,0.5829687520194183,0.0029721602381822454
0,0,0.5180360690223236,0.4812728474066487,0.0006910835710277685
0,0,0.6920065070590344,0.3062691613308137,0.0017243316101517945
0,0,0.6897168944709908,0.3099007700127969,0.0003823355162123113
1,1,0.18188056159406124,0.8081914335583649,0.009928004847573918
1,1,0.04223955523064232,0.9336350045990687,0.024125440170288934
1,1,0.08530000280691517,0.8628101574967078,0.0518898396963771
1,0,0.6182611294170343,0.37989003557883133,0.001848835004134277
1,1,0.3002029523249487,0.6975183354961558,0.0022787121788954722
0,1,0.1671388774079897,0.7938330122865375,0.03902811030547277
0,1,0.4762530156489776,0.5175412586852405,0.006205725665781878
1,1,0.054024869905043654,0.9250410419660756,0.020934088128880726
1,1,0.12243024848445021,0.871145194202361,0.006424557313188915
0,0,0.5957911056192087,0.39922910329124695,0.00497979108954443
0,0,0.514661703617434,0.48032200828527727,0.005016288097288735
1,1,0.16119059177294678,0.8292266829654539,0.009582725261599409
1,1,0.21160907162819192,0.7813007835975384,0.007090144774269617
1,1,0.12120283507454947,0.8689550360989554,0.009842128826495114
0,0,0.6857068454469533,0.31336852100408674,0.0009246335489599119
1,1,0.24302397426745112,0.738244242723441,0.018731783009107873
0,1,0.4443755324090979,0.5515471112475053,0.004077356343396691
0,0,0.5425675276761456,0.4557611729831693,0.0016712993406851665
1,1,0.3369820450465441,0.658532114817942,0.004485840135513898
1,1,0.38600658797470716,0.6108190602008569,0.0031743518244361506
1,1,0.18349578913885306,0.8117056407899917,0.00479857007115518
1,1,0.04211047534603272,0.8790123186266044,0.07887720602736271
0,0,0.773068618046314,0.22643762909032164,0.0004937528633644517
0,0,0.7568921111187533,0.24261389824766502,0.0004939906335817009
2,1,0.0661769345865807,0.5559076101120936,0.37791545530132586
0,0,0.536391884764291,0.4623858730175541,0.0012222422181548717
0,0,0.7134069550069523,0.28622583221601977,0.0003672127770278535
0,1,0.3103120473426713,0.6829966062125473,0.006691346444781356
0,0,0.9176983790349696,0.0822295133255013,7.210763952903705e-05
1,1,0.45013454130713143,0.5474358652956395,0.0024295933972291258
0,1,0.47683142237178083,0.5137569996203076,0.00941157800791148
1,1,0.25388008094357284,0.7286804698251155,0.01743944923131167
1,1,0.05702332898119729,0.9130142722281536,0.029962398790649082
1,1,0.21015966133709899,0.7718527335867786,0.017987605076122314
1,1,0.38923472976909346,0.6058820611375594,0.004883209093347199
1,1,0.48714055504149983,0.5110993673195089,0.0017600776389913011
0,1,0.35666199585403435,0.6359037863430034,0.007434217802962255
0,1,0.42001583423263555,0.576647587986442,0.003336577780922449
0,0,0.6657004101754158,0.33344462894901067,0.000854960875573541
1,1,0.09470746248947766,0.8601783378985319,0.04511419961199037
0,0,0.8369244039207269,0.16260082911004053,0.00047476696923255836
0,1,0.15347398043572175,0.8337256356618815,0.012800383902396694
1,1,0.30555223462611913,0.6902336646777624,0.004214100696118379
0,1,0.48737188926809166,0.5113662221103279,0.0012618886215804421
0,0,0.7741568490442527,0.22520375944738122,0.0006393915083659803
1,1,0.05067043664702088,0.9044935954915158,0.04483596786146326
1,1,0.02913963792671847,0.7006038923819496,0.27025646969133177
0,0,0.7174257895720846,0.2801795819783041,0.0023946284496112213
0,0,0.8519139345813209,0.14764817130482946,0.00043789411384966107
0,0,0.5170321748502936,0.4815486576295128,0.0014191675201936278
1,1,0.48004214873939677,0.5119273328048122,0.008030518455790977
1,1,0.04832783617055762,0.8631305571755367,0.08854160665390567
1,1,0.2761877196718456,0.7121664718263935,0.011645808501760961
0,0,0.7527456543109322,0.2466610975341005,0.0005932481549671399
1,1,0.06609729160731163,0.904729025986926,0.02917368240576253
2,2,0.0011898262159211637,0.2057926147321578,0.7930175590519211
1,1,0.23420449908815574,0.7595097083077185,0.006285792604125686
1,0,0.6734067677964986,0.3261794026532788,0.000413829550222609
0,0,0.6519613938569445,0.3454780609075326,0.002560545235522972
0,1,0.40102162976233513,0.5964120124810228,0.00256635775664197
0,0,0.8535142319580916,0.1459947851452412,0.0004909828966670768
0,0,0.6023378916227901,0.39706808100777163,0.0005940273694382502
2,2,7.535495053622498e-05,0.07120769477548108,0.9287169502739827
0,1,0.4965274387392858,0.5025804480142138,0.0008921132465004256
2,2,0.0032735436620785425,0.26552230768959667,0.7312041486483248
0,0,0.5682834562290501,0.430584677879008,0.0011318658919420223
1,1,0.48785560546902446,0.5100210511597792,0.002123343371196332
1,1,0.22245294398094098,0.768029702173602,0.009517353845457106
1,1,0.18817849134674525,0.7989387458734254,0.012882762779829339
1,1,0.0866700234032592,0.8919915913315085,0.021338385265232268
0,0,0.9405215647899804,0.05941539943682821,6.303577319145809e-05
1,1,0.07461070353206366,0.8259967648542372,0.09939253161369913
1,1,0.49187078715530175,0.503002171967393,0.005127040877305208
0,0,0.5367243015395698,0.46196826469253865,0.0013074337678916203
1,1,0.11405802836565715,0.8499078454062308,0.03603412622811226
0,1,0.30047570217251335,0.6919784701160319,0.007545827711454665
0,0,0.9308781122411426,0.06900370253736282,0.00011818522149459729
1,1,0.1464875357884725,0.8428188861692568,0.010693578042270883
1,1,0.145258372386964,0.8490219159258441,0.005719711687191901
1,1,0.17493795560763106,0.8147199715015686,0.010342072890800346
0,0,0.7377758495947855,0.260602249513997,0.001621900891217447
1,1,0.21584691802611536,0.7803385304102929,0.0038145515635917694
1,1,0.21168400417716599,0.7825970912706881,0.005718904552145837
1,0,0.6577973924542838,0.3412655998323428,0.0009370077133734141
0,0,0.5526493454098268,0.4454018355122051,0.0019488190779680874
1,0,0.7409562986178725,0.2587155747915217,0.00032812659060590656
0,0,0.7386407121660812,0.2609314450249657,0.0004278428089531088
1,1,0.06108876046189755,0.904539392698399,0.03437184683970362
0,0,0.7129005908155983,0.2868462103813297,0.00025319880307201687
0,0,0.8381205009475793,0.16142903193057223,0.00045046712184852164
1,1,0.4859066133685779,0.5081770745213824,0.005916312110039751
0,0,0.6485469990160755,0.3476959714690359,0.0037570295148885153
1,1,0.1779916105044972,0.8169126727255521,0.005095716769950627
1,1,0.12603326357122507,0.8394105603960048,0.03455617603277001
0,1,0.2136598611134339,0.7827922432216854,0.0035478956648807157
0,0,0.6590251119035149,0.33955346205537157,0.001421426041113552
1,0,0.6385001960387199,0.3600367877103477,0.0014630162509324245
1,1,0.2809367395691361,0.709306432771296,0.009756827659567882
1,1,0.0240468397394948,0.8606241102771935,0.11532904998331163
1,1,0.11522938582461903,0.8526622059985416,0.0321084081768395
1,1,0.47180032824444057,0.526862129820852,0.0013375419347075113
1,1,0.07387842844331191,0.88931937909107,0.03680219246561812
1,1,0.11535675558290742,0.8466165145941785,0.03802672982291393
0,1,0.08396508160414044,0.86787521435259,0.048159704043269504
1,1,0.12420994895378039,0.8674700694770056,0.008319981569213937
0,0,0.6105697733380827,0.3879507304183089,0.0014794962436083525
1,0,0.5647362177254135,0.4306494357015415,0.00461434657304493
0,0,0.6454283095110656,0.35235072296381675,0.0022209675251177014
0,0,0.8159441913394966,0.1838438909261582,0.0002119177343453436
1,0,0.6192328757121784,0.3775589188266359,0.0032082054611856474
1,1,0.26357209174018076,0.7241869185803517,0.012240989679467622
1,1,0.22792436233856084,0.766985496467638,0.005090141193801157
0,0,0.5476637938386372,0.4499253072890646,0.0024108988722982396
0,0,0.6581333863156792,0.34078322109002346,0.001083392594297324
0,0,0.9044559941542195,0.09527927794902252,0.00026472789675805933
0,0,0.6333055916220343,0.3654416879369359,0.0012527204410297105
1,1,0.02699349645268782,0.9223313645570435,0.05067513899026866
1,1,0.2038900092554576,0.7829815963238611,0.013128394420681238
0,0,0.768753401986351,0.22913180865593716,0.0021147893577118503
0,0,0.6587226573136832,0.340868537242037,0.0004088054442797955
0,0,0.8031118889399544,0.19638106008926434,0.0005070509707811403
0,0,0.7439568267674848,0.2556040967377225,0.00043907649479281197
1,1,0.033504168856028756,0.8719328861173788,0.09456294502659238
1,1,0.18285261454511081,0.8065239817202217,0.01062340373466752
1,1,0.4138105738671831,0.5795066450126617,0.0066827811201551094
0,0,0.6842126108514859,0.31497675222290583,0.000810636925608257
0,0,0.7882701480219335,0.21115382225621923,0.0005760297218473349
0,1,0.11353917419857151,0.8689366296338914,0.017524196167537094
0,0,0.5993238585171403,0.40002276528016273,0.0006533762026968811
0,1,0.46803123869835245,0.5285273480137929,0.003441413287854567
1,1,0.43568619821780075,0.5624368837433965,0.0018769180388027388
0,0,0.8166698185434259,0.18286472547578997,0.0004654559807841774
0,0,0.5056041075416727,0.49044390299602825,0.003951989462299043
1,1,0.03548477679873548,0.8711419053481161,0.09337331785314859
2,2,0.0004698052554159802,0.11134857233037652,0.8881816224142075
1,0,0.7122111899052783,0.28610758313730233,0.0016812269574194038
2,2,0.0003312907658761633,0.028935876569910753,0.9707328326642132
1,1,0.454098825703978,0.5419290079437106,0.0039721663523113295
1,0,0.866448803589051,0.13345536992828902,9.58264826600189e-05
1,1,0.42946868467063115,0.5670305589718292,0.0035007563575396965
1,1,0.17285288246460728,0.8109161805184387,0.016230937016953856
1,0,0.682241840024984,0.31704689626160043,0.0007112637134155277
0,0,0.586952148035538,0.411438753993609,0.0016090979708530823
0,0,0.646602270724254,0.3525657460642547,0.0008319832114912023
1,0,0.6235497144833748,0.37292809483571837,0.0035221906809067473
1,1,0.4715371411732902,0.5258205178774404,0.002642340949269327
2,2,0.0005041578264496567,0.138704900067027,0.8607909421065233
0,0,0.9321251220184845,0.06773549562902013,0.0001393823524953209
1,0,0.6754873777165443,0.32373003684771284,0.0007825854357427232
1,1,0.039549189276018595,0.9054358459620022,0.05501496476197923
1,0,0.5703318880606353,0.42606796229292837,0.0036001496464363293
1,0,0.5887480687485219,0.4095351007471384,0.0017168305043395954
2,2,0.004315219377232632,0.18092055101907362,0.8147642296036937
1,1,0.40376586033062406,0.5914240402351103,0.004810099434265675
0,0,0.6020855199256675,0.3963823702943858,0.0015321097799466847
1,1,0.35674798433907084,0.6394945132128513,0.0037575024480779083
1,1,0.021976155001424708,0.9342470818608839,0.04377676313769127
1,1,0.33458859300042465,0.6631481813313604,0.0022632256682149194
1,1,0.26571315809911733,0.7286470377407763,0.005639804160106387
1,1,0.08218338930665334,0.8893519295922456,0.028464681101100977
0,0,0.7286707471923497,0.27059961639433255,0.0007296364133176382
0,0,0.6842082786623922,0.31445515098646487,0.0013365703511430426
0,0,0.6047592290062433,0.3944630685048061,0.0007777024889505171
1,1,0.11910637267208637,0.8592837330320235,0.021609894295890185
1,1,0.3148513991970252,0.6824915974835869,0.0026570033193879265
1,1,0.27803058608750336,0.7128518473013905,0.009117566611106227
1,1,0.2785939336980016,0.713975423453764,0.00743064284823439
2,2,0.00883213891100575,0.2724882166088634,0.7186796444801309
1,0,0.5157543388733193,0.48246138254364673,0.0017842785830339478
1,0,0.806229463338945,0.1935523894819603,0.00021814717909481843
0,1,0.37799228926704237,0.6101778624533655,0.011829848279592105
1,1,0.4969341052469677,0.5012623517233361,0.001803543029696149
1,1,0.18433235314359758,0.8068014169173165,0.008866229939085875
0,1,0.40758552472064646,0.5840186082822431,0.008395866997110592
0,1,0.3873805848091138,0.61051980951081,0.0020996056800761556
1,1,0.43330573528888483,0.5642090071755423,0.002485257535572915
1,0,0.8244022848712157,0.1754250766282103,0.00017263850057402185
1,1,0.05175860255794955,0.923575090643849,0.02466630679820142
0,0,0.6840406436741179,0.314225132259083,0.0017342240667991584
1,1,0.2897918625666337,0.7007447527582839,0.009463384675082528
0,0,0.6335372705005878,0.3656236974689122,0.0008390320304998652
1,0,0.5022823295618244,0.4954097592155638,0.00230791122261187
0,0,0.7091593410238793,0.28834682316799926,0.002493835808121468
1,1,0.08961464497368497,0.8904459518403468,0.019939403185968214
0,0,0.8828737984252898,0.11664103057560761,0.00048517099910249685
0,0,0.890501397951241,0.10910276170759857,0.00039584034116043975
2,1,0.09233676979892856,0.8822419544632168,0.02542127573785461
2,2,0.01213267525712852,0.25570561204795517,0.7321617126949164
1,1,0.22985277023923975,0.7590179257423597,0.011129304018400591
1,1,0.250859941073797,0.7405235943585202,0.008616464567682697
0,0,0.8169034032158659,0.18270791105351644,0.00038868573061773807
1,1,0.20003230269512093,0.7933157261398487,0.006651971165030419
1,1,0.1008229882776817,0.8883851301586151,0.01079188156370312
1,1,0.40247254061676696,0.5903656995085522,0.007161759874680882
0,1,0.33828374775790515,0.6587143449402266,0.003001907301868169
0,0,0.6936302616234385,0.30357865344796287,0.002791084928598526
1,0,0.6758045992352696,0.32315322351251713,0.0010421772522133555
0,0,0.5180277153272633,0.47599805443377574,0.005974230238960909
2,2,0.0023579366057077085,0.25888029628467774,0.7387617671096146
0,0,0.6129167922660674,0.3851127369086972,0.001970470825235301
1,1,0.03494445843800651,0.9324338474895818,0.032621694072411694
1,0,0.5900839063391309,0.4088569119707391,0.0010591816901300024
1,1,0.2561462721034429,0.7318492788305895,0.012004449065967739
1,1,0.12751480148129862,0.8437998655674486,0.028685332951252734
1,1,0.0793201353455046,0.90906824610885,0.011611618545645418
0,0,0.6020843959255521,0.396700405108495,0.001215198965952846
0,0,0.9127349221258783,0.0871754072513446,8.967062277712013e-05
1,1,0.3661940648632265,0.62161516818243,0.012190766954343566
1,1,0.37844461574462707,0.6163661089528412,0.005189275302531811
1,1,0.3646150103382686,0.6339096699638194,0.0014753196979120503
1,1,0.16002739068251667,0.8288058402111395,0.011166769106343902
1,1,0.13609415013980738,0.8556993008676019,0.008206548992590669
1,0,0.7597249307730066,0.23995899737381637,0.0003160718531770057
2,2,0.013555066482578081,0.3861776929775803,0.6002672405398417
0,0,0.8214481325816837,0.1781488615858541,0.0004030058324623418
1,1,0.08864696814544565,0.8647246710168314,0.04662836083772315
1,1,0.06355140478698411,0.8153738633702917,0.1210747318427242
2,2,0.004458669589381157,0.16986530517963253,0.8256760252309864
1,1,0.41663230484723573,0.5754602151661513,0.007907479986612825
1,1,0.05682304688624093,0.8937486644574844,0.04942828865627478
2,2,0.00039993187737602726,0.04037030331406998,0.959229764808554
0,1,0.31133346075190704,0.6817229778871164,0.006943561360976431
1,1,0.039276907702784025,0.8826568025228739,0.07806628977434199
0,1,0.35255943184294614,0.638747926162849,0.008692641994204834
1,1,0.1147838097053998,0.8787570829260463,0.006459107368553984
0,0,0.8506177363000907,0.14869017674188642,0.0006920869580227378
1,1,0.36174834189732447,0.6339136215560259,0.004338036546649547
0,0,0.8871764874251172,0.1126256610843907,0.0001978514904919723
1,0,0.6191077744926062,0.37953328168387207,0.0013589438235216188
0,1,0.16212731452129608,0.8032951695600528,0.034577515918651304
1,1,0.11783787821415978,0.8672538434453244,0.014908278340515875
0,1,0.20937957360580617,0.7675565186428278,0.02306390775136606
1,1,0.0809764314758506,0.90189562738554,0.017127941138609302
1,1,0.3573714502491728,0.634812081907396,0.007816467843431152
1,1,0.19581765403194543,0.7969970363979002,0.007185309570154312
1,1,0.06763142596557724,0.8670541888106655,0.06531438522375718
1,1,0.31520643672925996,0.6790498169745031,0.00574374629623686
0,1,0.12801726635272537,0.8616682714331314,0.010314462214143293
1,1,0.22358213447860958,0.7662111925736976,0.01020667294769275
2,2,0.007608933173985531,0.2732887539635695,0.719102312862445
0,0,0.7821658566051212,0.21706951738036329,0.0007646260145154809
0,1,0.2461379582497812,0.741178729831206,0.012683311919012634
1,1,0.02371645883824284,0.9131028735681791,0.0631806675935782
1,1,0.22489622385659114,0.7681401070214028,0.006963669122006139
0,0,0.6933281661067796,0.3055544396577894,0.0011173942354310035
0,0,0.7078325138266016,0.2912046113469617,0.0009628748264365988
0,0,0.9720875939066095,0.027902334179556752,1.007191383387426e-05
0,0,0.8169539721934704,0.18263545184906316,0.0004105759574664431
1,1,0.20457327948218917,0.6188387848258916,0.17658793569191927
2,2,0.002587053680256265,0.2012706301214328,0.7961423161983109
0,0,0.6479481892952034,0.3504830677298519,0.00156874297494483
0,0,0.8018437981257571,0.19739386905703477,0.0007623328172080912
0,0,0.879726206891163,0.12006019210023282,0.00021360100860430464
1,1,0.31228657207424315,0.6722010401204191,0.015512387805337724
0,1,0.40998251007257563,0.5829607001293571,0.0070567897980672815
0,0,0.7255914517385783,0.2737360473534977,0.0006725009079240118
0,0,0.7231791259360907,0.2753557560475757,0.0014651180163338252
2,2,8.974795823126789e-05,0.0597584177859783,0.9401518342557905
1,1,0.17137102106580201,0.809877057668977,0.018751921265221027
0,0,0.6978822496202663,0.30070854015807424,0.0014092102216592876
1,1,0.26600489921509757,0.728880881166005,0.0051142196188972856
1,1,0.08310383339074812,0.9074125192481604,0.009483647361091667
0,0,0.7713508054592003,0.2274319429374661,0.0012172516033335035
1,1,0.27949320492713303,0.7162230266952365,0.004283768377630428
1,1,0.19216873592139047,0.7931270294520112,0.01470423462659844
1,1,0.3746365609770378,0.6179157288872785,0.007447710135683718
1,1,0.23618950723617116,0.7480561531197024,0.01575433964412634
0,0,0.7714742965956489,0.22837907416108366,0.00014662924326731502
1,1,0.03831082302972683,0.9042756824275976,0.057413494542675435
1,1,0.10628097345930283,0.8557618787202943,0.03795714782040274
1,2,0.012771175419688393,0.44030639568833746,0.5469224288919742
1,1,0.01476740741686691,0.9052489308986846,0.0799836616844484
0,0,0.5402757312897555,0.4581160622839096,0.0016082064263347926
1,1,0.31239004028555883,0.6831450367441507,0.004464922970290461
1,0,0.7084938167856548,0.2911517030622264,0.000354480152118831
1,1,0.05989827905418223,0.8786726094639837,0.06142911148183417
1,0,0.5838120754191347,0.414848847409419,0.0013390771714463577
1,1,0.19191541372297505,0.7613850150273475,0.04669957124967752
0,1,0.17922407953031833,0.8119608926138236,0.008815027855858063
0,1,0.2882395908424769,0.693108530360421,0.018651878797102096
0,1,0.35607373973683915,0.6361192402218954,0.007807020041265518
0,0,0.8928200863246528,0.10697951082425347,0.00020040285109364963
1,1,0.16929958123529926,0.824772889948162,0.005927528816538696
0,0,0.8127894499632957,0.18693363290547027,0.0002769171312340995
0,1,0.4263781945367433,0.568215735913421,0.005406069549835796
1,1,0.12684083265691168,0.8609721217587527,0.012187045584335766
1,1,0.06295919573964609,0.913146097804104,0.02389470645625001
0,0,0.8750904118827089,0.12433393632270742,0.0005756517945835839
1,1,0.4198218859215474,0.576747568406352,0.0034305456721005394
1,1,0.31133276175484426,0.6836501806667472,0.005017057578408502
2,2,0.005037564879317915,0.20653221686381282,0.7884302182568693
2,2,0.0006386418414404678,0.1503612019178203,0.8490001562407392
0,1,0.47946217678386455,0.5163467774713474,0.004191045744788094
1,1,0.12545779581025227,0.8634146939261169,0.011127510263630817
2,2,1.1607628313336934e-05,0.0038583034530431802,0.9961300889186434
1,1,0.46526950840610026,0.5337746692076379,0.00095582238626171
1,1,0.3467858866871042,0.6496450284499379,0.0035690848629578464
0,0,0.7493796705397557,0.25041753681281664,0.00020279264742759884
2,2,0.008513427612880188,0.4056211159917008,0.5858654563954189
0,0,0.75469546065481,0.24428062351332383,0.001023915831866165
1,1,0.27889147143010273,0.7163519073403112,0.004756621229586125
0,0,0.6046211838658674,0.39102713660729144,0.0043516795268412215
1,1,0.15113462583115042,0.842404628978745,0.006460745190104527
1,1,0.3872106485352062,0.60736908182618,0.005420269638613916
0,0,0.7350165255288025,0.26439141877599703,0.0005920556952004604
1,0,0.5798372654119792,0.41934661412358115,0.0008161204644395602
0,0,0.8908287175295865,0.10893869336064646,0.0002325891097670377
1,1,0.1917651991560069,0.7864310195174349,0.021803781326558202
0,1,0.39526525039677274,0.6014512343795496,0.003283515223677609
1,0,0.6131002811296029,0.3855422726489416,0.0013574462214555548
1,2,0.01285047307008641,0.4668044304179652,0.5203450965119484
1,1,0.09801116847287279,0.8741576384919157,0.027831193035211445
1,0,0.5980161804061445,0.4008441998306789,0.0011396197631767598
1,1,0.3152979296385188,0.6786584242189082,0.006043646142572953
0,0,0.902978083094149,0.09687640681125086,0.0001455100946001029
1,1,0.28200496442976697,0.711342433177574,0.006652602392659149
1,1,0.20938214123182936,0.7679445020253921,0.02267335674277851
1,1,0.1784498822857276,0.8157763328688974,0.005773784845375083
1,1,0.15605995677283194,0.8358368129970412,0.008103230230126861
2,2,8.382163015000283e-05,0.04096596542187164,0.9589502129479784
1,1,0.025779436651595523,0.903820901442844,0.07039966190556045
1,1,0.13921577047843073,0.8408645955347004,0.01991963398686901
1,1,0.25949038226802834,0.7371684653941828,0.003341152337788919
0,0,0.5962525895127609,0.40199467521615706,0.0017527352710820046
1,1,0.1319428605646897,0.8476574029049282,0.020399736530382306
1,0,0.6450748515257764,0.35171391955589115,0.003211228918332576
1,0,0.6162042389135889,0.3791527020711329,0.004643059015278097
0,1,0.3195840173623303,0.6740419543757806,0.006374028261889056
0,1,0.3369455562828029,0.6541319690178355,0.00892247469936166
1,1,0.0874371831901475,0.895500644679937,0.017062172129915627
1,1,0.01643679980243434,0.911590159458229,0.07197304073933654
1,1,0.17193837285682267,0.8119154112735941,0.01614621586958324
0,1,0.41429978600782874,0.5829945571459253,0.0027056568462459677
1,1,0.24218026094020206,0.7513570499844392,0.006462689075358755
0,0,0.5240054026383045,0.47089148880553605,0.00510310855615949
1,1,0.12825719626787016,0.8569650584868264,0.014777745245303538
1,1,0.2907643519591413,0.6949115017459765,0.014324146294882224
0,0,0.7562224951030911,0.24264853792880334,0.0011289669681055826
1,1,0.3058044568313239,0.6896671239505353,0.004528419218140725
0,1,0.13879999741537657,0.8338985156827234,0.027301486901899805
1,1,0.38272489608299315,0.6101329247520615,0.007142179164945325
0,0,0.7295874600663833,0.2699170188553077,0.0004955210783090506
1,1,0.37150796328079017,0.6243417931953881,0.004150243523821729
2,2,0.0006352218134202292,0.15132688389960441,0.8480378942869753
1,1,0.08420444372868172,0.8738804133848119,0.041915142886506246
1,0,0.716097222055232,0.2828822098495352,0.0010205680952327665
0,0,0.7292958610377521,0.269613909732846,0.0010902292294019305
0,0,0.706098712633317,0.2926569833633348,0.001244304003348195
1,1,0.40223788820734907,0.5940295130546258,0.0037325987380251602
0,0,0.7662911079328859,0.2335123878953959,0.00019650417171812958
1,1,0.13536081927764768,0.85527701751851,0.009362163203842156
2,2,0.0024891545610095643,0.19506779206966904,0.8024430533693214
1,1,0.09405909159730819,0.8738996129722364,0.03204129543045547
1,1,0.09592868264968307,0.8752547946406336,0.028816522709683438
1,1,0.35165187719157365,0.6446370202659019,0.0037111025425245717
1,1,0.03988119108084362,0.8545576228807302,0.1055611860384263
1,1,0.0673635633595407,0.8782205357900769,0.05441590085038235
1,1,0.31060806006015146,0.6786399876720829,0.010751952267765607
0,0,0.9157447032410891,0.0841148883831078,0.00014040837580319256
1,1,0.15924818207270294,0.8348980136895157,0.005853804237781338
0,1,0.16859992006380167,0.8209814880651355,0.01041859187106282
0,1,0.4864439005706403,0.5128341625690619,0.0007219368602978643
2,2,0.010479007850314978,0.35119272409161617,0.6383282680580687
0,0,0.7417336487037176,0.25792555552818114,0.0003407957681012852
0,0,0.8480869968384924,0.1517643279149175,0.00014867524658999234
1,0,0.840681678094972,0.15918487878226573,0.00013344312276227662
1,1,0.4276159331957345,0.5639009310118018,0.00848313579246368
1,1,0.4747847605558592,0.5214511815915198,0.0037640578526209325
1,1,0.3360430862874092,0.6598204274277651,0.004136486284825673
0,0,0.8479436249414847,0.1518200741396975,0.00023630091881792674
1,1,0.172558452370978,0.8161708224279793,0.011270725201042728
1,0,0.5008551138074153,0.4956822532447031,0.003462632947881655
1,1,0.2589447771261119,0.7268574499961881,0.014197772877699884
2,2,0.0015833597627801135,0.20759039724414738,0.7908262429930725
0,0,0.7034572164561196,0.29509364387625575,0.0014491396676247126
1,1,0.14332337809984672,0.8520053290402901,0.0046712928598631395
1,1,0.03386318878201413,0.9316616772885258,0.03447513392946005
1,1,0.13418653190233912,0.85639979477545,0.00941367332221088
0,0,0.6715697277669322,0.327501334452482,0.0009289377805859046
0,0,0.6796105687776147,0.3191919891239663,0.0011974420984190097
1,1,0.20441120004701713,0.7642595258252729,0.03132927412770994
1,0,0.7381523000244653,0.2611638168199575,0.000683883155577153
1,1,0.25188385295749005,0.7357168445210804,0.012399302521429505
0,0,0.9248422607472903,0.07509019430737107,6.75449453385333e-05
1,1,0.06203150277655861,0.9135295669815273,0.02443893024191407
0,1,0.30911412479843176,0.6874149515418364,0.00347092365973187
0,0,0.6073962049529843,0.39168096587523565,0.0009228291717800306
1,0,0.53872227298476,0.46003335447305965,0.0012443725421803179
0,0,0.7403167830699795,0.25934185539337284,0.00034136153664761647
1,1,0.17598596669643066,0.8198929303005091,0.0041211030030601165
1,1,0.4300991260330598,0.5661135472282425,0.0037873267386977455
0,1,0.1781784616682961,0.8078474665654697,0.01397407176623422
1,1,0.07509664793123504,0.8924650232489663,0.03243832881979857
0,0,0.7203597766477444,0.27829030793867615,0.001349915413579516
0,0,0.8254619948739659,0.1740815542179563,0.0004564509080779054
0,0,0.7918892229682596,0.20786675511313824,0.00024402191860224798
0,0,0.7397134568486956,0.25993811555066376,0.000348427600640833
0,1,0.45604265914937314,0.5410341046757019,0.002923236174925071
1,1,0.16860840961154738,0.8113654360670173,0.020026154321435466
1,1,0.047906012900572,0.8972389561988724,0.054855030900555594
1,1,0.08479453500273579,0.8956768194858703,0.019528645511394
0,0,0.8855972887977711,0.1142580975029685,0.0001446136992605479
2,2,0.01785562994621085,0.33576675391126715,0.646377616142522
1,1,0.29844388562049945,0.6938553411807649,0.00770077319873564
1,1,0.251200257418228,0.7419180984319063,0.006881644149865624
0,0,0.5860973605051194,0.41192156210601477,0.0019810773888659034
0,1,0.19615774450273774,0.7874028506478965,0.016439404849365735
1,1,0.05183351251263234,0.9232780239901209,0.024888463497246622
0,0,0.9157115813258514,0.08420836197494583,8.005669920266226e-05
0,0,0.8300381696591499,0.1696527086456979,0.00030912169515219404
1,1,0.08719602230166489,0.8903168785540725,0.022487099144262643
2,1,0.047493115504331836,0.8239913187226457,0.12851556577302245
1,0,0.6759788149962161,0.323414706900698,0.0006064781030857829
1,1,0.1893570919109782,0.797402321050402,0.013240587038619875
0,1,0.35683233882181603,0.6397390901372085,0.0034285710409753755
1,1,0.21644203360864336,0.7739371233947295,0.009620842996627153
0,0,0.6525983899839867,0.3459626509468624,0.0014389590691510062
1,1,0.23130506484868135,0.755288802337392,0.013406132813926603
1,1,0.39625273971794117,0.5998728395223389,0.003874420759719916
1,1,0.34986772986901576,0.6454929098198845,0.004639360311099724
0,1,0.38063790982426415,0.6161813140116578,0.003180776164078166
0,0,0.7916214151005732,0.20759212840681487,0.0007864564926120614
0,0,0.6142678541162364,0.38471869324043273,0.0010134526433308731
1,2,0.036616298203781594,0.43414144266106175,0.5292422591351565
1,1,0.21064811919039267,0.7705525972101451,0.018799283599462244
1,1,0.380384797802069,0.6150621226879892,0.004553079509941859
1,1,0.4362426746146823,0.5619101586785665,0.001847166706751184
1,1,0.027216802999126186,0.7805577466746411,0.19222545032623295
2,1,0.06279153012769279,0.8815612484806671,0.05564722139164028
1,1,0.20359683895321795,0.7908186451335951,0.005584515913187
1,1,0.24485844745915025,0.7450247005154265,0.010116852025423383
1,1,0.4588709635420889,0.5362913885677643,0.00483764789014679
1,1,0.11355970625223004,0.8614440019979512,0.02499629174981874
1,1,0.05651092675581186,0.8819975011667206,0.06149157207746744
1,1,0.3025802296284888,0.682331288262478,0.01508848210903318
1,0,0.623444280292332,0.3747238088991647,0.001831910808503363
0,1,0.49457549346395185,0.5017286957066703,0.003695810829377664
0,1,0.4549802296700376,0.5425102845787023,0.0025094857512601657
1,0,0.6116416689532519,0.38737421640657393,0.0009841146401739838
1,1,0.07177832649137883,0.9117048111272469,0.01651686238137431
0,1,0.25180220313358903,0.740324776999438,0.007873019866972966
0,0,0.6129421608511427,0.3847742919522498,0.0022835471966073913
1,1,0.26199878992963477,0.7301918047931287,0.007809405277236544
0,0,0.8518125859011584,0.1479244002359921,0.0002630138628494088
1,1,0.4637870014665998,0.5336737201154297,0.002539278417970605
1,0,0.5010129887529337,0.4947125175089712,0.0042744937380951665
0,0,0.909280892967824,0.09049895157766126,0.00022015545451478058
1,1,0.4156002800821108,0.5834678923323989,0.0009318275854901958
1,2,0.013940230800091089,0.2875495381559444,0.6985102310439645
1,0,0.6490760233454528,0.3497033448957928,0.0012206317587544941
0,0,0.7434698426665828,0.25559745791160504,0.0009326994218122087
2,1,0.04705036478438912,0.842431423277283,0.11051821193832785
1,1,0.14720683878103383,0.8246579182958291,0.02813524292313713
0,0,0.6430408480420517,0.3553340063499677,0.0016251456079803832
0,0,0.8652590406474304,0.13393738456686732,0.0008035747857024064
1,1,0.04998275228974345,0.928038437424855,0.02197881028540142
0,0,0.5472546344967847,0.45175293931544225,0.000992426187772995
0,0,0.7282284680601837,0.2705944245743538,0.001177107365462458
2,2,0.0008290054230626121,0.17217000814979058,0.8270009864271468
1,1,0.39118033666773483,0.6019871999278601,0.006832463404405057
1,1,0.08541352367711134,0.894718417951902,0.01986805837098668
1,1,0.36182290886937424,0.6324534198373266,0.005723671293299108
0,1,0.14338809243715325,0.8448387820308669,0.011773125531979836
0,1,0.3490337508824296,0.6453119423158601,0.005654306801710338
1,1,0.47836657287818135,0.5199020094977034,0.0017314176241151832
0,1,0.39159134724696565,0.6047395570521132,0.0036690957009210927
1,1,0.30943762698164046,0.6828259448091496,0.007736428209209883
0,0,0.587279718122487,0.4085100044401788,0.004210277437334021
1,1,0.048049150311005456,0.8929915698763599,0.0589592798126347
0,0,0.7020225138537411,0.2963645621504757,0.0016129239957831402
1,1,0.033107998591138006,0.9188199291635295,0.0480720722453325
1,1,0.1404175829708967,0.8487239231310698,0.010858493898033483
1,0,0.8074651797548701,0.19224238853003062,0.00029243171509936753
1,1,0.2826364019955858,0.7119261550989692,0.0054374429054448595
1,1,0.0561521649307443,0.9175157910446353,0.02633204402462041
1,1,0.08240065509734719,0.8992746082789117,0.01832473662374113
1,1,0.469813120391896,0.5280219519041203,0.0021649277039838756
1,1,0.018159030121734452,0.8801564151602274,0.10168455471803813
2,2,0.000622680489564027,0.10464428894060906,0.894733030569827
0,0,0.6053978006673253,0.39375309640632666,0.0008491029263480664
1,1,0.02897343979924581,0.8802546232979052,0.09077193690284896
1,1,0.016820262160837117,0.6804164742110582,0.3027632636281046
1,1,0.22817161785902082,0.7610332063400227,0.010795175800956498
1,0,0.5174544017521546,0.4802987183682473,0.002246879879598128
1,1,0.06263208927122496,0.8809708696564563,0.056397041072318764
1,1,0.018452342754033763,0.8876546243789168,0.09389303286704927
1,1,0.05879222275924702,0.9160831768190282,0.025124600421724753
1,1,0.10511827196786414,0.8740832376843187,0.020798490347817177
1,1,0.30861251453657707,0.6852720486065229,0.006115436856900074
1,1,0.4113197757287165,0.5862318151017485,0.002448409169535055
1,1,0.20737981253176108,0.7841161932580326,0.008503994210206275
1,1,0.08058562509286542,0.8947480406893156,0.024666334217819032
1,1,0.18097453779241301,0.8134374379701256,0.005588024237461364
1,1,0.1271812522022291,0.8672047062298173,0.005614041567953606
0,0,0.66103371607002,0.33713623265422,0.0018300512757599453
0,1,0.3631875684482351,0.6297827971279748,0.007029634423790243
0,0,0.5454481763091608,0.450530545468121,0.0040212782227182
0,0,0.8567790868627163,0.1431035914581488,0.00011732167913489524
1,1,0.23224996232998774,0.7620823933485145,0.0056676443214978105
2,2,0.0003603524457522302,0.10849945605174667,0.891140191502501
0,0,0.7022665858761955,0.2963303082098856,0.0014031059139189535
2,2,0.0003366886536830052,0.08164101619419832,0.9180222951521186
0,1,0.41589120381847877,0.5798641614880395,0.004244634693481753
1,1,0.27797593710355195,0.7046068610440185,0.01741720185242948
0,0,0.810739136549003,0.18895769998161943,0.00030316346937772154
0,0,0.6029910258142865,0.3958007438790475,0.001208230306665963
0,1,0.046606643974792084,0.9384441555177419,0.014949200507466062
0,0,0.7808393051398412,0.21776182375206532,0.0013988711080933135
0,0,0.5338176994786045,0.46389675728799257,0.002285543233402961
0,1,0.48996887286080243,0.504360280970237,0.005670846168960551
0,0,0.5749274021824702,0.42261905689146806,0.0024535409260617244
2,2,9.626602980930259e-05,0.06934877885707305,0.9305549551131177
0,1,0.4742768184552476,0.5191354888210103,0.006587692723742046
2,2,0.005556917319129246,0.37218798549886223,0.6222550971820086
1,1,0.04575349989293985,0.9146307478190405,0.03961575228801979
0,1,0.3603858154442514,0.6358625893192381,0.00375159523651045
2,2,9.893385969175853e-05,0.05802393283499961,0.9418771333053085
1,1,0.09607200400479371,0.840103979561089,0.0638240164341175
1,1,0.41964567404732595,0.5721013747833518,0.00825295116932231
0,0,0.8899422226754357,0.10993548193980347,0.00012229538476101018
1,0,0.5894774864980434,0.4080445693387316,0.002477944163225042
1,1,0.24239047448155013,0.7548819699293553,0.0027275555890945357
1,1,0.28096572643499923,0.7101749930314202,0.008859280533580559
1,1,0.0919931200610247,0.8929620737154554,0.015044806223519697
0,0,0.8772021069793122,0.1224776923982302,0.0003202006224574765
1,1,0.06064996617717634,0.9210758689493281,0.018274164873495622
1,1,0.17300969962442161,0.8238923367562373,0.003097963619341063
0,0,0.7493682743632099,0.24950816090880365,0.001123564727986659
2,2,0.0018393654155628256,0.12242179608828463,0.8757388384961526
0,1,0.2346157859495856,0.743676215366043,0.021707998684371246
1,1,0.4858222141381656,0.5131585398673661,0.0010192459944682799
1,1,0.3019677824310574,0.6914697527512238,0.006562464817718769
1,1,0.07715398410405436,0.9076088447098858,0.015237171186059816
2,2,0.00036572085838004157,0.059296963736635844,0.9403373154049842
0,0,0.8840613367115077,0.11578620024237848,0.0001524630461138353
1,1,0.11004063421014972,0.8428835900410376,0.04707577574881268
1,0,0.5714000744409832,0.42724432898954096,0.0013555965694758987
0,0,0.8287766690631377,0.17069364086089864,0.0005296900759636726
1,1,0.34227860959015266,0.6539383246093943,0.0037830658004531117
1,1,0.19160557573831066,0.8024127844517336,0.005981639809955745
0,1,0.39432610384670935,0.5982837962247773,0.007390099928513368
1,0,0.6709715660987903,0.3276782215542674,0.0013502123469424057
0,0,0.9185646916100065,0.0813742361484166,6.107224157685776e-05
1,1,0.36127917728031644,0.62682375922899,0.011897063490693426
1,0,0.6344603103370754,0.3648216031378238,0.0007180865251008516
2,2,0.004453158791815564,0.23076588619818542,0.764780955009999
0,0,0.8544788472165749,0.14537945248447343,0.00014170029895154017
0,0,0.6474804137961945,0.35113882286955916,0.0013807633342464278
1,0,0.5099401791582101,0.48664643896261756,0.003413381879172317
1,1,0.3436535285713674,0.6492595257911781,0.007086945637454667
1,1,0.14380751711900677,0.8434326792975556,0.012759803583437663
0,1,0.3226315561096559,0.6738631548651438,0.0035052890252002737
1,1,0.10871935435031183,0.8534357857778974,0.03784485987179084
1,1,0.1912271820669146,0.8044264504236326,0.004346367509452711
0,0,0.860144111449967,0.13939146012463266,0.00046442842540036784
1,1,0.2853581491513705,0.7094599574289652,0.00518189341966437
1,1,0.3701567262376661,0.6215983598927506,0.008244913869583365
0,0,0.9181715127084191,0.08166111653467731,0.00016737075690362283
1,1,0.28753615293046836,0.7086444969177816,0.003819350151749895
1,0,0.6368172436776692,0.3625534579563985,0.0006292983659322933
1,1,0.05797870832846173,0.9128541118909623,0.029167179780575966
0,1,0.2948879188581819,0.6888539220678048,0.01625815907401331
0,1,0.42890580185076527,0.5654778782221248,0.005616319927109823
1,1,0.2034994620580127,0.783748102038385,0.012752435903602356
1,1,0.02674850191587714,0.9434433547892618,0.029808143294860995
0,0,0.7832074689359487,0.21647820376508228,0.0003143272989689145
0,1,0.4102819993164772,0.5869119546591262,0.002806046024396542
0,1,0.23394373700638896,0.7565625075952728,0.009493755398338364
0,0,0.6576394661949253,0.3414277103797498,0.0009328234253248258
0,0,0.698355165855929,0.3012550828566823,0.0003897512873886394
1,1,0.35156386741135515,0.6469553477935838,0.0014807847950611245
1,1,0.043559758966581305,0.8830099691409504,0.07343027189246833
1,2,0.0005490376277565886,0.020456431314895624,0.9789945310573477
0,1,0.2959576005819141,0.6845681939734061,0.019474205444679843
0,0,0.7888183071030735,0.21083244323415348,0.0003492496627731182
1,1,0.23197077969734803,0.7644909075277918,0.0035383127748600347
1,1,0.4040768083058816,0.5887608052088672,0.007162386485251133
1,1,0.31731041473509775,0.6805996424563131,0.0020899428085891097
0,0,0.7650374782798918,0.2344132441482969,0.0005492775718112747
0,0,0.921663788521898,0.07821693365471688,0.00011927782338501412
1,1,0.4007949291285274,0.5971888153904591,0.002016255481013571
1,1,0.07011249679956018,0.8511393021254705,0.07874820107496928
0,1,0.18540321986734404,0.8067523058148104,0.007844474317845481
1,1,0.27464920450822267,0.7187946733880827,0.006556122103694584
1,1,0.06776438458665324,0.8734191090011678,0.05881650641217897
0,0,0.7319975934081826,0.26776302884554826,0.00023937774626909088
2,2,7.89990647686715e-05,0.04411329796633171,0.9558077029688997
1,1,0.025661082223443946,0.9349133823279135,0.03942553544864262
1,1,0.25339364327456315,0.7404722756452684,0.0061340810801684765
2,2,0.0018936426530450424,0.19771093864440636,0.8003954187025486
1,1,0.05253481072462137,0.8868302343059367,0.060634954969442025
1,1,0.3741474818855903,0.6230591411251631,0.0027933769892465256
1,0,0.6252771210499475,0.3737729400778721,0.0009499388721804152
1,0,0.5337029833235114,0.4624504797824329,0.003846536894055691
1,0,0.6235796711245626,0.3758295143177698,0.0005908145576676568
1,1,0.21171658370072846,0.7833484122444406,0.004935004054830983
1,1,0.1290694682352844,0.8556031132133406,0.015327418551374955
2,2,0.0008704780256711673,0.12362713709931374,0.8755023848750151
1,1,0.22218947366378491,0.7650970526969062,0.012713473639308913
0,0,0.7323072604105115,0.266521604043919,0.0011711355455695353
0,0,0.5886868527258009,0.4102361485245055,0.001076998749693618
1,2,0.01143394371178947,0.2770136304522762,0.7115524258359344
0,0,0.7521821274296538,0.2467731083746659,0.0010447641956801033
2,2,0.0001604533129678309,0.03943468638217517,0.9604048603048569
1,1,0.13789689453463055,0.8489414875429473,0.013161617922422202
1,1,0.20128169603757234,0.7764877366911395,0.022230567271288148
1,1,0.4016233738532697,0.5885615389638452,0.009815087182885028
1,1,0.19727987547290138,0.7959468725768248,0.00677325195027392
1,1,0.03946057726890331,0.9345722995682197,0.025967123162877085
1,1,0.35894839884099256,0.6358589043108765,0.0051926968481307316
1,1,0.46221688076030243,0.5307462033609718,0.007036915878725679
1,1,0.19513065747871067,0.7872789619007144,0.017590380620574914
1,1,0.17563060316644488,0.8137595479912962,0.010609848842258887
2,2,0.0007065039710678473,0.08202874314295905,0.9172647528859731
0,0,0.6352762679098137,0.3625044124122599,0.0022193196779264337
0,1,0.3735318014523791,0.6234238672196752,0.003044331327945651
1,2,0.009797742394911426,0.39286386119932687,0.5973383964057616
0,0,0.9019391116029609,0.09789672015265537,0.00016416824438377886
1,1,0.21578444265061092,0.7778849353751286,0.006330621974260602
0,1,0.41872869500736,0.5782379311309732,0.0030333738616667764
0,0,0.9421085271653287,0.0577554180781237,0.0001360547565477212
1,1,0.44238918441939334,0.5540758369030898,0.003534978677516847
1,1,0.11095040528235108,0.8769201650462884,0.012129429671360489
1,1,0.30869966738949617,0.6837815399048628,0.007518792705640963
1,1,0.15623048005555623,0.8352528883188373,0.008516631625606499
1,0,0.7120518290862551,0.28734453017932066,0.0006036407344241688
0,1,0.36941232493259113,0.6224000488703421,0.008187626197066693
0,0,0.6376137592305793,0.3611630182814932,0.0012232224879275915
0,0,0.7111202276055538,0.2869093344670652,0.001970437927381064
0,1,0.06061932963047063,0.917396058520232,0.021984611849297567
1,1,0.2841828139435912,0.7048121754351369,0.011005010621272123
1,1,0.4767879294373115,0.5208735000489151,0.002338570513773454
0,0,0.8452718532377834,0.15441572229252468,0.0003124244696918311
1,1,0.2399884663192369,0.7521601524950859,0.007851381185677159
1,1,0.4756106701364962,0.5200237195336113,0.004365610329892625
1,1,0.21792741395075785,0.7726391497424516,0.009433436306790432
1,0,0.7049627991234845,0.29472452496024787,0.00031267591626773275
1,1,0.05736846967669325,0.9184777240656398,0.024153806257667006
1,0,0.6419142983099981,0.3569963230746336,0.0010893786153682488
0,1,0.20903679039515013,0.7708373181948605,0.02012589140998946
1,1,0.18958949599176406,0.7948678987184368,0.015542605289799106
1,1,0.1627875223359006,0.822620550012315,0.014591927651784404
2,2,0.009200264409710354,0.42876042730780245,0.5620393082824873
1,1,0.06611031776449808,0.5879702971241502,0.34591938511135173
2,2,0.005345295248967589,0.22769342777696094,0.7669612769740715
0,0,0.8555237035297808,0.14416225259689672,0.0003140438733223747
1,1,0.11590449932083388,0.8622639811503944,0.02183151952877189
1,1,0.02885666005518723,0.9231200466817893,0.04802329326302352
1,1,0.2513032387326034,0.7455064799739461,0.003190281293450494
1,0,0.5238640482268606,0.47559536574649275,0.0005405860266465774
0,0,0.6218668043436307,0.3766075941005526,0.0015256015558167328
1,1,0.07403157778258657,0.5288312222914537,0.39713719992595975
0,1,0.37058420654357654,0.6247676391847967,0.004648154271626781
0,1,0.1953905714832089,0.7987426107395542,0.005866817777236758
0,0,0.6211410184620437,0.3763122982830387,0.0025466832549175
1,1,0.18676064624983493,0.8012407406989323,0.011998613051232883
2,2,0.007230630789194741,0.36624067848005853,0.6265286907307468
1,1,0.431839354668553,0.5639191711065614,0.004241474224885464
1,0,0.6000427036385235,0.39797854256793774,0.001978753793538766
1,1,0.4839318602938639,0.5131664648164761,0.0029016748896599233
1,1,0.17860967418654114,0.8053795026297109,0.016010823183747944
0,1,0.29466961107920486,0.7001621769959063,0.005168211924888821
1,1,0.24183962053341918,0.7473382472865904,0.010822132179990505
1,1,0.019474499460015168,0.8825381371335935,0.09798736340639119
1,0,0.5991405101518607,0.3997765919121996,0.001082897935939762
0,1,0.4731280282741473,0.5237780491695048,0.00309392255634799
0,0,0.5762880121867645,0.42299864883956567,0.0007133389736698173
0,0,0.5361021002813668,0.46269771433410234,0.0012001853845308808
0,0,0.8847146428171487,0.11510520135600119,0.0001801558268502216
1,1,0.15014730933602163,0.8318374878323465,0.018015202831631928
1,0,0.5380803450631664,0.46015758962751907,0.0017620653093145043
1,1,0.10417961433934754,0.8563272585774706,0.03949312708318195
0,0,0.7208214076609678,0.2785513489281179,0.0006272434109143054
0,0,0.8647714728779152,0.1348027976729318,0.0004257294491528402
1,0,0.5793904987566696,0.4198402451139779,0.0007692561293524529
1,1,0.452416245047799,0.5455794228494124,0.0020043321027886462
1,1,0.043422706175221294,0.9136634154425399,0.042913878382238785
1,1,0.07305887695583695,0.9081944479375179,0.01874667510664518
1,0,0.5061836879910627,0.4899619742354366,0.003854337773500704
1,1,0.11934961071612868,0.871805599301046,0.008844789982825337
1,1,0.30190491448054296,0.6940415241346065,0.004053561384850569
0,0,0.9205961740471277,0.07923979084276216,0.00016403511011034208
1,1,0.35202472549805963,0.6370886783878278,0.0108865961141126
2,2,0.0012145258572178975,0.12203637652796956,0.8767490976148125
1,0,0.6001548403343512,0.3980767680977589,0.001768391567889906
1,1,0.06310387571070576,0.9098987333608346,0.026997390928459576
0,0,0.6272484695338654,0.37150498959559664,0.0012465408705381455
1,1,0.21346218667433892,0.7697800467933086,0.01675776653235247
0,0,0.5540697128066259,0.44305806931155584,0.002872217881818251
0,0,0.6395281380683918,0.35848497850697736,0.00198688342463069
0,0,0.5058022811655938,0.49311275956353223,0.0010849592708740018
2,2,0.0002235725071959198,0.06337372132423316,0.9364027061685708
1,1,0.20573505316277282,0.7795381148358432,0.014726832001383913
1,1,0.30807303629770527,0.6859113730902966,0.0060155906119981565
1,0,0.651822159845858,0.34690684930112003,0.0012709908530220344
1,0,0.7835294592981652,0.21607930029418876,0.0003912404076460628
0,1,0.49803709211286334,0.500220498984442,0.0017424089026947527
1,1,0.05397794688115265,0.911521344633105,0.03450070848574258
1,1,0.0665513583747877,0.8814997322267732,0.051948909398439116
1,1,0.3523673824761203,0.6460859209168376,0.0015466966070421082
0,0,0.7046486723501568,0.29470590852265355,0.0006454191271896927
0,1,0.3121199669222094,0.6751068849844044,0.012773148093386288
0,0,0.943529228968163,0.056437117519151155,3.365351268564566e-05
1,1,0.2684177156404157,0.7246451138321693,0.006937170527415073
1,0,0.7455124929771999,0.25307549156013487,0.0014120154626651867
0,0,0.5791630493873878,0.41946426765298134,0.0013726829596309095
0,0,0.6359863937555413,0.361202611863266,0.002810994381192528
1,1,0.22919145663467438,0.7623727355129781,0.008435807852347484
1,2,0.012080144594389162,0.34700245064837304,0.6409174047572378
0,1,0.3055971561327127,0.6907632900462579,0.0036395538210293693
0,0,0.8341205839506234,0.1657227722140767,0.00015664383529993765
1,1,0.08896699022859643,0.8241291074417213,0.08690390232968233
0,0,0.546017482483138,0.4531706911787726,0.0008118263380894158
0,0,0.8101084586877025,0.18939364265882355,0.0004978986534738722
1,1,0.13779769407011486,0.8385903959513712,0.023611909978513843
0,1,0.3318139790887724,0.6655674751907766,0.00261854572045085
0,0,0.6705226552152289,0.32730273326931086,0.002174611515460395
1,1,0.22601708731334277,0.7666921460635733,0.007290766623084089
1,1,0.34438791307922484,0.6539008873879136,0.0017111995328615232
1,1,0.08962409556288,0.868965344730256,0.04141055970686385
0,0,0.8580914136664085,0.1415973879253048,0.0003111984082868598
2,2,0.0032920375740065856,0.20663405399129572,0.7900739084346977
1,1,0.22842353096484802,0.7583289267877094,0.01324754224744257
0,1,0.2366644017909762,0.7553177500324947,0.008017848176529058
1,1,0.24389017846062733,0.7474568531058422,0.008652968433530372
1,1,0.3008389654507482,0.6908352775403467,0.008325757008905156
0,0,0.8768950850195175,0.1227598635984352,0.0003450513820472335
1,0,0.6942702449295814,0.30471365048661797,0.0010161045838005622
1,1,0.2596347078439326,0.7318506911483711,0.008514601007696238
1,1,0.021344405869711584,0.8841592360806201,0.09449635804966822
1,0,0.5098515731722705,0.4888153278224311,0.0013330990052984272
1,1,0.17706333850801118,0.8077526908349634,0.01518397065702543
1,1,0.3016438707420435,0.6938506907223431,0.00450543853561329
1,1,0.1569754877226116,0.8294379461370436,0.0135865661403447
2,2,0.007388892364485459,0.2900201701486825,0.7025909374868321
0,0,0.5462018765034302,0.4529292060258234,0.0008689174707463532
1,1,0.14247152934170643,0.8540331245624289,0.003495346095864754
0,0,0.809526400065406,0.19026756134270686,0.00020603859188716644
1,1,0.31187192370905886,0.6799789774108224,0.008149098880118789
1,0,0.5567236020225791,0.441016031417051,0.002260366560369947
1,0,0.5821605060469834,0.4166014656540759,0.001238028298940504
1,1,0.3889529034353121,0.6067566762764425,0.004290420288245399
1,0,0.706772865115764,0.29263062052159056,0.0005965143626454431
0,1,0.33097582969346323,0.6599812919818769,0.009042878324659774
1,1,0.12153061405940063,0.8645581418179891,0.013911244122610432
1,1,0.22162972936463163,0.7451439590660072,0.03322631156936113
0,1,0.2130200773124174,0.769365730270373,0.017614192417209545
0,1,0.4027381486117238,0.587255159637406,0.010006691750870163
0,0,0.7502845045967775,0.24944236525645913,0.00027313014676330925
0,1,0.23520694512005916,0.7585527159213107,0.006240338958630164
1,1,0.057105985903496505,0.9136783670475437,0.029215647048959754
0,0,0.7714874647211594,0.22767273158434595,0.0008398036944947368
1,0,0.8547417649717615,0.14488512638488796,0.00037310864335064097
1,0,0.6223539217343189,0.3756052372233762,0.002040841042304885
2,2,0.0050823699005357725,0.25161171541865196,0.7433059146808123
1,1,0.23027445529755414,0.7652961398199881,0.004429404882457834
0,0,0.8437941458947679,0.15593651444406695,0.0002693396611651102
0,0,0.6027692707817108,0.39652107321114427,0.0007096560071448814
1,1,0.0409495151332999,0.9112709282676995,0.047779556599000475
1,1,0.3377488383277507,0.6533219689351105,0.00892919273713864
1,1,0.1189458172264447,0.856209396872884,0.02484478590067129
1,1,0.03202128003212521,0.8806506435007925,0.08732807646708225
0,0,0.7317354600255749,0.26670031869415095,0.0015642212802742205
0,0,0.83675382085592,0.16285438332230553,0.00039179582177454095
1,0,0.6304902851239431,0.36743206895526387,0.002077645920792875
0,1,0.16913893210000996,0.8044216514026993,0.02643941649729066
2,2,0.00014985524514245124,0.014288687805022392,0.9855614569498352
0,0,0.6907829279421677,0.30703269776255354,0.0021843742952788645
1,1,0.24280145689061655,0.7490891741310841,0.008109368978299326
1,1,0.3571499235084685,0.6368672689959202,0.005982807495611256
1,1,0.05348672897268565,0.9114010805488998,0.03511219047841452
0,0,0.7238785677515757,0.27581710110915214,0.0003043311392721603
1,1,0.14132197516764927,0.8345069619399894,0.024171062892361334
2,2,0.00011274343379541043,0.03567269810468644,0.9642145584615183
0,0,0.8512118946527453,0.14864778604724901,0.00014031930000558228
1,1,0.1836590682649568,0.8093936031905212,0.006947328544521994
0,1,0.1241182447699436,0.8455365384671704,0.030345216762886037
0,0,0.7432210632162874,0.25649387032758286,0.00028506645612979463
1,1,0.09104266317951806,0.8838893274352849,0.02506800938519706
0,0,0.592428359555563,0.40633975267099054,0.0012318877734463834
0,0,0.847627280214037,0.15213547004638836,0.00023724973957471988
0,0,0.6011783143022545,0.3981284749768172,0.0006932107209283906
1,1,0.10475872753553604,0.8640196883995284,0.031221584064935637
0,0,0.8447326734113736,0.1549479597352634,0.00031936685336296484
1,1,0.4764157348299534,0.5205121936732606,0.003072071496785993
0,1,0.2170291519638616,0.7689534819979839,0.014017366038154472
1,1,0.25314374733588924,0.7428041926864557,0.004052059977655024
1,1,0.06703657769667519,0.9068563370816768,0.026107085221647994
1,1,0.20239562107177955,0.7806250659575689,0.016979312970651438
0,0,0.7039890810113367,0.2953975523741495,0.0006133666145138638
1,1,0.4141557241767607,0.5787796314195046,0.007064644403734646
1,1,0.4480149356053852,0.5486596206419578,0.0033254437526570456
0,0,0.507517670359515,0.4870907094386676,0.005391620201817422
0,1,0.4413733751846411,0.5564067258135937,0.002219899001765234
2,2,0.0013373342452164,0.12616953059731534,0.8724931351574682
1,1,0.46118953921342876,0.5356218650803435,0.003188595706227838
1,1,0.2844359396924194,0.6925028427066532,0.023061217600927386
0,0,0.8795927191329594,0.12012671873911647,0.0002805621279241155
0,1,0.4889446332098119,0.5090159518820846,0.0020394149081034763
2,2,0.0031359554883725114,0.2863891102312044,0.7104749342804231
0,0,0.797902070482478,0.2014695379622238,0.000628391555298153
1,1,0.05503558037131181,0.9265660775267724,0.018398342101915727
0,0,0.6544813604157889,0.3445498019887569,0.0009688375954542293
0,0,0.8765429419329874,0.1232457073154104,0.00021135075160216772
0,0,0.7519642689517805,0.24769143822765882,0.0003442928205607085
2,2,0.0013005745189400796,0.13951170817170155,0.8591877173093585
0,1,0.3419872584780426,0.6538793568696882,0.004133384652269184
0,1,0.3109712876824205,0.6812189799391335,0.007809732378446072
0,0,0.5593982898476642,0.4396478400370535,0.0009538701152823592
1,1,0.11638972664269236,0.8712734598433239,0.012336813513983684
2,2,6.492527558659626e-05,0.009274627134601669,0.9906604475898118
1,1,0.025197728364576046,0.9122634472186891,0.06253882441673494
0,0,0.5258905536929486,0.47215393746499357,0.0019555088420578123
1,1,0.05558198111327115,0.8634966898907377,0.0809213289959912
0,0,0.9102744610189365,0.08961006448307911,0.0001154744979844278
0,0,0.8349552479439649,0.16495729411201004,8.745794402496839e-05
1,1,0.19912604307606802,0.7754706547918447,0.025403302132087174
0,0,0.7871748818734063,0.2124940090159081,0.00033110911068572003
1,1,0.29273538835982704,0.7023937478845917,0.004870863755581238
1,0,0.6620700229947365,0.3376850965950828,0.0002448804101806589
1,1,0.12485829499912442,0.6604509812536351,0.2146907237472405
0,0,0.640051619672653,0.35816299662342965,0.0017853837039171537
1,2,0.013551887287526323,0.4596145765070282,0.5268335362054455
1,1,0.11067403850931747,0.8796955496689166,0.009630411821765973
0,1,0.16218312193880863,0.8303441458047089,0.007472732256482279
1,0,0.6030420745785777,0.39558311117739164,0.001374814244030677
0,1,0.10747965848535818,0.8784543076991785,0.014066033815463294
2,2,0.0008227065124391278,0.1115956131305545,0.8875816803570065
0,1,0.16092309742619249,0.8251071174959159,0.013969785077891695
0,0,0.5014320239568396,0.49570989437889634,0.0028580816642640146
0,0,0.736198154574111,0.26308610435757,0.0007157410683190305
0,0,0.5337296118266478,0.4650392862911391,0.001231101882213153
0,0,0.8490366808247567,0.15080154463625858,0.00016177453898468333
2,2,0.0059459896321264185,0.40024461174625886,0.5938093986216147
1,1,0.24266553607365723,0.7527703755392157,0.004564088387127106
1,1,0.15935086020203434,0.8321095964053362,0.008539543392629427
1,1,0.25454611019604756,0.7410098582305289,0.004444031573423519
0,0,0.6842189349455772,0.3150899040486051,0.0006911610058176669
2,2,0.011924235871879267,0.34026745027389954,0.6478083138542212
0,0,0.6257803795658748,0.3716086006486492,0.0026110197854758996
1,0,0.5125526208113177,0.4861485955257357,0.0012987836629465748
1,1,0.07741472755298649,0.9040973166775389,0.01848795576947481
1,1,0.2955806099708936,0.6955992835441848,0.008820106484921668
1,1,0.324292872127256,0.671375481693948,0.004331646178796022
0,0,0.7009743419826032,0.2979396349630397,0.0010860230543569928
1,1,0.44656998289204863,0.5514473767636824,0.0019826403442689097
1,0,0.5901323019801049,0.4086467304602404,0.0012209675596548037
0,0,0.8083313607422467,0.1910879148618574,0.0005807243958959741
0,1,0.45766258185832476,0.53665078802701,0.005686630114665151
1,1,0.19671428132853988,0.7988875584433452,0.00439816022811481
0,0,0.7094983750128113,0.2900282982731709,0.0004733267140178138
1,1,0.4866736791144826,0.5107024040814169,0.0026239168041005813
1,1,0.21361459971282198,0.7793342670504262,0.007051133236752028
1,1,0.36868288590054793,0.6259617418980679,0.00535537220138438
0,1,0.1674088568914726,0.8177626431942395,0.014828499914287823
1,0,0.6601663933405183,0.3394018900075348,0.00043171665194696084
1,1,0.3115117263431021,0.6755674964672489,0.01292077718964902
1,1,0.36683631876393363,0.6268366962836971,0.006326984952369313
0,1,0.3155866163697345,0.6773181939400149,0.007095189690250647
1,1,0.24890033666437678,0.7255595675796442,0.025540095755979066
1,1,0.044770533281075706,0.917311810994483,0.03791765572444132
1,1,0.09728516692290211,0.8730772792099141,0.029637553867183836
1,1,0.17349812356774266,0.8189038928730508,0.007597983559206534
0,0,0.7103388540840705,0.2891433408063119,0.0005178051096175483
1,1,0.3203554979365549,0.6719152035551338,0.00772929850831138
1,1,0.2820843027842945,0.7040198564305998,0.013895840785105562
1,1,0.2647370579150944,0.7245559477819824,0.010706994302923272
0,0,0.8551200906641532,0.14476192839915233,0.00011798093669449805
0,1,0.3434206460621629,0.6517333438615617,0.004846010076275337
2,1,0.05134258277004215,0.915602480422898,0.033054936807059766
0,0,0.8661516388332412,0.13349678057773576,0.00035158058902296744
1,1,0.06441471432345283,0.8776294219694016,0.057955863707145526
0,0,0.7695131822365255,0.2301590458004101,0.0003277719630643215
2,2,0.00881926989098266,0.23020079181111255,0.7609799382979048
1,1,0.07849426365904247,0.8993441503192583,0.02216158602169936
0,0,0.8119973055312611,0.18734981728433744,0.0006528771844013583
1,1,0.08770597190100204,0.8930631932440196,0.019230834854978122
2,2,0.004391376662157422,0.4349478002003804,0.5606608231374622
1,1,0.22348179411474478,0.7687697057120944,0.0077485001731607845
1,1,0.39380662464227995,0.601379521855856,0.00481385350186418
0,0,0.7323961559233316,0.26727663804702567,0.0003272060296427166
1,1,0.03333706988966854,0.9137913867649283,0.05287154334540313
1,1,0.1978572525133813,0.792095782928655,0.010046964557963849
0,1,0.36888755257712846,0.6285760706949174,0.002536376727954237
1,1,0.17515586438635822,0.8104968314269316,0.014347304186710316
0,1,0.47671366872568055,0.5206021889561433,0.0026841423181761044
0,0,0.7538278584244058,0.24556799319557931,0.0006041483800148015
0,1,0.246444665449085,0.7438362472417483,0.009719087309166596
1,0,0.6825465101925827,0.31705106162258545,0.00040242818483180907
1,1,0.19094139809143912,0.8033063389942093,0.005752262914351531
0,0,0.7126361171939838,0.2864999684795216,0.0008639143264946318
1,1,0.07415579859550514,0.9029674240069823,0.02287677739751263
1,1,0.3012209298845895,0.6917267723544251,0.0070522977609852495
0,0,0.787039106255816,0.21255970027377377,0.00040119347041033004
1,1,0.4463503441416738,0.5521968055576355,0.001452850300690614
0,0,0.9033872815540518,0.096428651905358,0.0001840665405900405
1,1,0.48562936489367514,0.5108280656019355,0.003542569504389334
1,0,0.5417232370798788,0.456671207867381,0.0016055550527401797
0,0,0.530999796331373,0.46714884906479687,0.0018513546038302383
0,0,0.7985658299567414,0.2008815876142621,0.0005525824289963983
0,0,0.9219508035114705,0.0778380890409879,0.00021110744754156317
1,1,0.09728798335985832,0.8868743539599746,0.015837662680167095
0,0,0.855216303549836,0.14466550350244137,0.00011819294772280004
0,1,0.3682741414055323,0.6255648547508434,0.006161003843624226
1,1,0.073754025230472,0.8678808718964802,0.0583651028730478
0,0,0.8255726274546361,0.17370579762008476,0.0007215749252790289
0,0,0.5266539068026486,0.47164468713118873,0.0017014060661627091
0,0,0.6257802101390146,0.37346219415126636,0.0007575957097189299
1,1,0.10502444690559831,0.8559859402440108,0.03898961285039086
0,0,0.7583063666549092,0.24094272861508292,0.0007509047300078709
1,1,0.09715902677863704,0.8514428809088794,0.05139809231248349
1,1,0.14968920590147658,0.8369567148647251,0.013354079233798197
1,1,0.03147474989679738,0.9271901304421263,0.04133511966107632
1,1,0.476716956580025,0.52153422033445,0.0017488230855250227
1,1,0.19954840754830167,0.7947447153101126,0.005706877141585772
1,1,0.17574742730410112,0.8165240436153643,0.007728529080534492
0,0,0.8102459199866044,0.18911635041391298,0.0006377295994826422
1,1,0.170186273872827,0.8186061751207957,0.011207551006377253
1,1,0.1071364909776538,0.850183516529757,0.04267999249258904
1,1,0.39782863032750143,0.5964206925145339,0.0057506771579647125
1,1,0.2665240745209959,0.7265700708282734,0.006905854650730795
1,1,0.19188995192374858,0.8018682068553331,0.006241841220918176
1,1,0.2480057861242956,0.7405308864585173,0.011463327417187157
1,1,0.1339099311921226,0.8230212442239626,0.043068824583914755
1,1,0.07162993271718805,0.8713494887487495,0.05702057853406241
1,1,0.3855966023729521,0.6098125690394891,0.004590828587558735
1,1,0.1931753282306649,0.8013914449632523,0.005433226806082745
1,1,0.12087838150785797,0.8694444947489108,0.009677123743231151
1,1,0.22787725347666507,0.7681258686443092,0.003996877879025706
1,0,0.620773238384173,0.37565556998306693,0.003571191632760105
1,1,0.26082209919469984,0.7256754090077397,0.013502491797560353
2,2,0.005747587316635549,0.2965946150202297,0.6976577976631346
1,1,0.4193379287562603,0.5795056876401402,0.0011563836035994625
1,1,0.061049835407773805,0.9073121438775827,0.03163802071464362
0,0,0.7154956655468065,0.2833434294083242,0.0011609050448692698
1,1,0.09996095144824022,0.8750044046997589,0.02503464385200084
1,1,0.20179299703231215,0.7803614660291269,0.017845536938560908
1,1,0.019818860762459235,0.5415406540292407,0.43864048520830007
1,0,0.5437934503386881,0.4521182169466044,0.004088332714707563
1,1,0.23716383871173993,0.7534652286369422,0.009370932651317774
0,0,0.7608486295069298,0.23859122138715522,0.0005601491059149238
1,2,0.025931430302580157,0.3980038004355339,0.576064769261886
0,0,0.54620388025116,0.4511704163195664,0.0026257034292736237
2,2,0.0019352928233780187,0.1594476641778768,0.8386170429987452
1,0,0.6018024296860925,0.394031270914757,0.004166299399150536
0,0,0.896388909417173,0.10343716856944651,0.0001739220133804786
0,0,0.8778204576528411,0.12195791446731158,0.00022162787984724257
0,0,0.6566215345311989,0.34237792422901303,0.0010005412397880444
1,1,0.051108269594112334,0.9227511475046846,0.026140582901203153
0,0,0.6291405540112914,0.3700245056150011,0.0008349403737075387
1,1,0.03368512053588926,0.9262551285545485,0.04005975090956224
0,1,0.37986225641675203,0.6171685051488963,0.0029692384343517394
1,0,0.6569301188712233,0.3402430462019559,0.0028268349268207363
1,0,0.8025009756028101,0.197110765257555,0.0003882591396350567
1,1,0.034329548189216026,0.8954006880652627,0.07026976374552134
0,0,0.6256379197111429,0.3731553431750488,0.0012067371138083833
0,0,0.7639594227992204,0.23541506379958826,0.0006255134011914072
2,2,0.0002842277952036111,0.04825294516939133,0.9514628270354051
0,0,0.7240560407328275,0.275737729005392,0.0002062302617805628
0,0,0.554860823785257,0.44364582535786135,0.001493350856881691
1,1,0.07728356399757563,0.9042248391306792,0.01849159687174517
1,0,0.6147678667269114,0.38473546775376993,0.00049666551931856
0,0,0.7726605466828065,0.22685656746064023,0.0004828858565532968
1,1,0.40257058690240344,0.5959111294692067,0.001518283628389971
0,1,0.44564359493694045,0.5456821781884528,0.00867422687460671
0,0,0.6106638038026873,0.38869947588736303,0.0006367203099497097
0,0,0.5525545298733872,0.44601675491108894,0.0014287152155238198
0,0,0.6088731075860845,0.38832056490290695,0.0028063275110085106
1,1,0.17986103102176174,0.8043005244134628,0.015838444564775577
1,1,0.4840059737968623,0.509088015670037,0.0069060105331006216
1,1,0.04144195388935849,0.8755294844742254,0.08302856163641611
1,1,0.43334352986749036,0.5604610149575481,0.006195455174961571
1,0,0.6860508768504129,0.31345578406461366,0.0004933390849735664
1,1,0.10743365589717785,0.879629124142189,0.012937219960633255
1,0,0.6695814814883919,0.32974952529632157,0.0006689932152865117
1,1,0.21296266543584896,0.7555608234317851,0.03147651113236603
1,1,0.261742413869868,0.7301659866619795,0.00809159946815246
1,0,0.5084330652568271,0.49015055640099214,0.0014163783421808735
1,1,0.14378382819580665,0.840905148368884,0.015311023435309525
0,0,0.7385756979967093,0.26089990760413423,0.0005243943991564574
0,1,0.3879734690994135,0.605055194200179,0.006971336700407548
0,1,0.3272800081398762,0.6571651872520219,0.015554804608101798
1,0,0.5916286690349885,0.40749443780173256,0.0008768931632789316
1,1,0.10597310138534831,0.8774832353278292,0.01654366328682238
0,1,0.17805389677776387,0.796047366625581,0.025898736596655137
0,0,0.876526996167311,0.12310665898829375,0.0003663448443952917
1,1,0.3732546846008077,0.6242726747871068,0.002472640612085476
1,0,0.6165776230943079,0.3822925431080069,0.001129833797685187
1,1,0.06749423103668246,0.9201703134225655,0.01233545554075191
0,1,0.3338942526336094,0.6614285612523648,0.004677186114025722
0,1,0.3371574339838968,0.6571991087707788,0.005643457245324555
1,1,0.08839305704188048,0.8984578275071305,0.01314911545098896
2,2,0.00014107985956798676,0.04603869773263735,0.9538202224077946
0,1,0.38644731843873603,0.6062712126049363,0.007281468956327563
1,1,0.38505543431507744,0.608442375516595,0.0065021901683277195
1,0,0.6276099771722194,0.37139576157800863,0.000994261249772009
1,1,0.33076234740616195,0.6505455470871832,0.01869210550665494
0,0,0.59674663188037,0.40245539299469113,0.0007979751249389061
2,2,0.0059605702087084395,0.3035152973437405,0.6905241324475511
1,0,0.5854724594182641,0.41183658069013307,0.0026909598916029158
1,1,0.1892834933787,0.8048899918973079,0.005826514723992075
1,1,0.04260468458946599,0.8640881962449704,0.09330711916556375
2,2,0.0026378856684161236,0.17396429534062388,0.8233978189909601
0,1,0.23269921717214623,0.7410768110368148,0.026223971791038938
1,1,0.2587262234414286,0.7326859704672753,0.008587806091295997
0,1,0.39577276359821384,0.5995398694933187,0.004687366908467358
1,1,0.027918690178711663,0.9404615058965691,0.03161980392471909
1,1,0.4782387604737134,0.5196242488186992,0.0021369907075874162
1,0,0.6181883340699382,0.37968338659269446,0.0021282793373673
1,1,0.3327687938788971,0.6667969752199644,0.0004342309011385783
1,1,0.35563951211536954,0.6319056954182394,0.012454792466391048
1,1,0.3841951145218271,0.6126838284618767,0.0031210570162961467
1,1,0.4626724167520967,0.535780065849803,0.0015475173981003344
0,1,0.37357915131891767,0.6230151881615906,0.003405660519491696
1,1,0.1636107533443739,0.8291390240387145,0.007250222616911562
1,1,0.12853927644835744,0.8482408992666924,0.02321982428495006
2,2,0.0006817758701101775,0.16722819294703006,0.8320900311828597
0,0,0.7921135063133967,0.20760332075881735,0.0002831729277859599
1,1,0.08475801791354087,0.8921171997007692,0.02312478238568986
1,1,0.31766931279282645,0.6779381665647792,0.00439252064239435
1,1,0.4507889912720319,0.5462886395570528,0.0029223691709152765
2,2,0.015967804959907256,0.28767799210826694,0.6963542029318258
1,1,0.21431431289204508,0.7802920398274509,0.005393647280503978
0,0,0.8939613263985974,0.10594456884449392,9.410475690880035e-05
0,0,0.8061720258189048,0.193498228656717,0.0003297455243782797
0,0,0.5136906752193884,0.4842389524694634,0.002070372311148237
1,1,0.04364623318327923,0.9268620277651434,0.029491739051577294
0,1,0.1573458268055336,0.8214615183169617,0.021192654877504647
1,1,0.10649346834551443,0.8760575090033718,0.017449022651113814
1,1,0.1751627504304118,0.8130305532055394,0.011806696364048748
1,1,0.16919811698977424,0.8115744424749702,0.01922744053525537
0,1,0.2679145190450179,0.7265789335589565,0.005506547396025572
1,1,0.03811300600728067,0.8970781185864503,0.06480887540626896
1,1,0.29904384105401216,0.6965811050647139,0.0043750538812740054
1,1,0.3978487296663588,0.5978731124688077,0.004278157864833353
0,1,0.45459347673595013,0.5430532186512091,0.002353304612840715
1,0,0.8179268396715123,0.18166034683338111,0.00041281349510672184
1,1,0.2995221260088565,0.6893274671709595,0.011150406820183941
0,0,0.6202685053870226,0.37783885622219254,0.0018926383907847896
0,1,0.4853687232756807,0.5106389879729966,0.0039922887513227055
0,0,0.6420878498097551,0.3573197899798272,0.0005923602104178728
0,0,0.7979226659368176,0.20161212926189134,0.0004652048012909193
1,1,0.3190379409737375,0.6714153025854771,0.009546756440785438
1,1,0.04062407112395603,0.8830776447242324,0.07629828415181152
1,1,0.2690899641124155,0.7244620960287271,0.006447939858857366
1,0,0.5440033026291693,0.45414599635154485,0.0018507010192858595
0,0,0.7662683456341015,0.2332165717103948,0.0005150826555035757
1,0,0.7138571523823917,0.28539735065404526,0.0007454969635630708
1,1,0.3371175386661818,0.657033522493726,0.00584893884009221
0,1,0.46622303086372924,0.5319376944888389,0.0018392746474319484
2,2,0.0008542537299396124,0.12564393997881726,0.8735018062912431
1,1,0.20457922523753908,0.7828177096335408,0.01260306512892011
0,0,0.7060313129526915,0.29348131342161843,0.00048737362569009374
1,1,0.38310779954759777,0.6127249187232171,0.004167281729185185
1,1,0.0712151729845758,0.5302585805750285,0.39852624644039575
0,1,0.24031145263419268,0.7383852772925685,0.021303270073238907
0,1,0.43623661951604914,0.5603228401412214,0.003440540342729504
1,1,0.13890412639590363,0.8517956175110464,0.009300256093050017
1,1,0.18633018958866254,0.7850387479038043,0.02863106250753317
1,1,0.2713461155979309,0.7188031520595256,0.00985073234254347
0,1,0.24624408876549622,0.747957389560364,0.005798521674139805
0,0,0.5914938311325065,0.40731241303615356,0.0011937558313398168
1,0,0.6414094563202706,0.35787961733245083,0.0007109263472785454
2,2,0.0001539151289431633,0.06492757171463605,0.9349185131564208
1,1,0.23120481905869716,0.7540844788390562,0.01471070210224669
1,1,0.2867582805853858,0.7076505564524396,0.005591162962174525
2,2,0.01001277291979305,0.3979984790626751,0.5919887480175319
2,2,0.0012552582718249761,0.14373856521500353,0.8550061765131716
1,1,0.38213333603629224,0.6084669524284594,0.009399711535248427
1,1,0.16057601674199687,0.8120275946618803,0.027396388596122832
0,1,0.325641422361419,0.6709406621220815,0.003417915516499525
0,0,0.8597233952394538,0.13988172680039596,0.00039487796015031496
1,1,0.05613700066281563,0.8636118807696236,0.08025111856756069
1,1,0.3109607317680122,0.6784012287884288,0.010638039443558903
1,1,0.03222555547545434,0.9275116804083745,0.0402627641161712
1,1,0.44993602778422925,0.5472330599584795,0.002830912257291262
2,2,0.0030509428768971595,0.2763899015080562,0.7205591556150467
1,1,0.27551764350678176,0.7179041828747841,0.006578173618434225
0,0,0.8239574248234811,0.17556178386594104,0.0004807913105777768
1,1,0.3212082612058157,0.6726622645395737,0.006129474254610785
1,1,0.10055498005173127,0.8606065821449937,0.03883843780327489
0,1,0.2193445426249913,0.7714903897257367,0.009165067649271927
1,1,0.09435613221891201,0.8903227122658922,0.015321155515195759
0,0,0.7473014278918627,0.25209847423515636,0.0006000978729809935
0,1,0.4556308488588333,0.5406747309881562,0.0036944201530103547
1,0,0.5786227115657671,0.42042609518423246,0.0009511932500003283
2,2,0.00014247581795771215,0.0574320711411032,0.942425453040939
0,0,0.868906375093252,0.13088384636963576,0.00020977853711228763
1,1,0.17403001393441994,0.8192193583398901,0.006750627725690004
0,0,0.5374113532831812,0.46087800516314054,0.0017106415536781432
1,0,0.6906723009481743,0.3089112631782941,0.0004164358735315647
1,0,0.5414794075696033,0.4535317772593074,0.004988815171089193
1,1,0.04132502398007334,0.9030547287087819,0.05562024731114499
1,1,0.16760515348518742,0.8177004083064681,0.01469443820834449
0,0,0.6233101496831106,0.3737186413500116,0.002971208966877853
0,0,0.6979611794382194,0.30151750729450244,0.0005213132672781757
1,1,0.3489409628613804,0.6462552064999093,0.004803830638710151
1,1,0.2081150660710192,0.771350672464145,0.02053426146483575
1,1,0.3907013685056787,0.6073280624413145,0.001970569053006697
1,1,0.061499938773167305,0.8890318421484846,0.049468219078348176
1,1,0.23729212866865526,0.7569090783877711,0.005798792943573539
1,1,0.30243607039789583,0.6861104639187946,0.01145346568330955
0,0,0.7157450228346639,0.28355250471987425,0.0007024724454618171
1,1,0.24018084453504834,0.7439349251476197,0.015884230317331903
2,1,0.04227879261434296,0.4968967915261272,0.4608244158595298
1,1,0.4960515905716318,0.502099917824416,0.0018484916039522973
0,0,0.8147258897349323,0.1847457935176972,0.0005283167473704645
0,0,0.7879506904283972,0.2116290700210456,0.00042023955055722805
1,1,0.04334167428444244,0.8672162771994195,0.08944204851613807
0,0,0.605022674739741,0.39416694403951147,0.0008103812207474997
1,1,0.11414511306999801,0.8675424408136528,0.01831244611634904
1,1,0.27114611958777074,0.7225854749479668,0.006268405464262533
0,0,0.7818553404723132,0.21787641136830146,0.0002682481593852795
1,1,0.1570695915632029,0.8250531173170613,0.017877291119735846
1,0,0.8030030234638951,0.19652431585134428,0.00047266068476070584
1,0,0.7013333202726367,0.2978402422307746,0.0008264374965886105
0,1,0.4832008905650848,0.5145210155377165,0.0022780938971986133
1,1,0.11162633594821228,0.8741087132179284,0.014264950833859327
0,0,0.8748696587594446,0.1248097027472989,0.0003206384932565501
1,0,0.5468758158127864,0.4510074721628646,0.002116712024348983
1,1,0.07817259750474287,0.906758310694653,0.015069091800604084
1,1,0.4819305116685754,0.5159407511058167,0.0021287372256078908
0,0,0.6804639328325622,0.31755567893469266,0.0019803882327450732
1,1,0.13989186853985,0.851680984972049,0.008427146488100843
1,0,0.5709933656612298,0.4274625701745043,0.001544064164265988
1,1,0.1300769707158345,0.8551390610490303,0.014783968235135178
1,1,0.41447962898319857,0.5817131065740664,0.0038072644427351353
0,0,0.5470426708526029,0.45048675860951515,0.002470570537882045
1,1,0.050962501469992205,0.8605027673194338,0.08853473121057415
0,0,0.9551842199390337,0.04479906170039178,1.6718360574652708e-05
0,0,0.7976150078919775,0.2016849425448981,0.0007000495631245059
0,1,0.3857959572615631,0.6094180832328853,0.004785959505551583
0,0,0.9043898692196637,0.0954415992452379,0.0001685315350983776
1,1,0.09526894646236866,0.8886336697899976,0.016097383747633708
0,1,0.2301934676700506,0.7552729922034611,0.014533540126488281
0,0,0.5537441452578953,0.4401815163938277,0.006074338348277083
1,1,0.32725972632398154,0.668562320586582,0.004177953089436532
1,1,0.22154612254067207,0.7626228671544779,0.015831010304850082
1,1,0.19314472380346595,0.7937016176678003,0.013153658528733783
1,1,0.12621443075494676,0.8593505045811569,0.014435064663896408
0,1,0.3181074202655609,0.6704691572681332,0.011423422466305939
1,1,0.1808582303102961,0.8076014921055574,0.01154027758414642
1,1,0.28750763343064284,0.7071250792012216,0.005367287368135636
2,2,0.0014373434294246057,0.13131144576388779,0.8672512108066877
0,0,0.6311399087320071,0.3672318199020417,0.0016282713659512874
1,0,0.560492530333442,0.43900294696311964,0.0005045227034382598
1,1,0.10675280347202158,0.8757800116655076,0.017467184862470918
1,1,0.1393795324717679,0.8354972128896105,0.02512325463862161
0,0,0.6698908394344314,0.327667568426227,0.0024415921393415364
1,1,0.046597767913575734,0.9186970793952157,0.03470515269120848
1,1,0.17073163567219019,0.8077276728447106,0.021540691483099297
1,1,0.14214575024154524,0.8386031322004478,0.019251117558006837
0,0,0.7353148456979933,0.2642075971664099,0.0004775571355966858
1,1,0.1756323324548357,0.8204793229298669,0.003888344615297394
1,1,0.21827295903885932,0.7734401410236675,0.008286899937473075
0,0,0.530611516403599,0.46732259788089,0.0020658857155110228
2,2,0.0035406412939566097,0.24186224604231268,0.7545971126637308
0,0,0.5463080527275037,0.4499221370991757,0.0037698101733205183
1,1,0.26073433231805965,0.7218854887741579,0.017380178907782366
0,0,0.6209757754529859,0.3778119555212448,0.0012122690257692225
0,0,0.6814215565196556,0.3159642436533334,0.0026141998270109057
1,1,0.1900043512395552,0.8048621860262939,0.005133462734150952
0,1,0.23090468882664916,0.7648061968330077,0.004289114340343063
0,0,0.5315426645390983,0.46534261731785564,0.003114718143046217
0,0,0.588761244303296,0.4072167565535893,0.004021999143114654
1,1,0.08579722080199195,0.6043650404487125,0.3098377387492955
0,1,0.06454579300615121,0.909144457822709,0.0263097491711397
0,0,0.8187598795687366,0.18102078900796423,0.0002193314232991217
1,1,0.36688741216188897,0.6263574088668058,0.0067551789713052495
1,1,0.25452774415454804,0.7321433742296288,0.013328881615823029
1,1,0.30206191325294546,0.6887885048131659,0.009149581933888583
1,1,0.1255200241222509,0.8574081156591175,0.017071860218631576
0,1,0.26507266090431636,0.729077180791863,0.005850158303820703
0,1,0.36685752395124854,0.6304802696255605,0.0026622064231910094
1,1,0.044697794578082845,0.9193079429237605,0.03599426249815669
1,1,0.48475584356007023,0.5138196978732126,0.0014244585667172289
1,0,0.5122087703142246,0.48605180287425614,0.0017394268115192657
1,1,0.34144299238950604,0.6539431717273814,0.004613835883112574
0,1,0.34907061475808027,0.6380942934888896,0.012835091753030041
1,1,0.17085833086101387,0.814817427344693,0.014324241794293265
0,1,0.2618873215554501,0.7242369795067894,0.013875698937760552
0,0,0.6931351813630147,0.30638223084257105,0.0004825877944142648
1,1,0.25500119890275047,0.7419299324518535,0.0030688686453960792
0,0,0.6271977231993088,0.37177074691330264,0.0010315298873886446
1,1,0.3743093339186835,0.6209880499932597,0.004702616088056744
1,1,0.2619600851526868,0.7342332467158429,0.003806668131470267
1,0,0.7146223686940744,0.2843919098882734,0.000985721417652198
1,2,0.013339302545572789,0.4380116545669286,0.5486490428874987
0,0,0.6178698624972399,0.379352240452795,0.0027778970499651658
0,0,0.6231194985859646,0.3762254907933743,0.0006550106206609891
1,1,0.2934587776433167,0.7021935082562256,0.004347714100457641
0,0,0.5508200350825558,0.44549069735931257,0.0036892675581315323
0,0,0.6539174476217567,0.3451112271142771,0.0009713252639661445
0,0,0.5236025766726435,0.47453719149075135,0.0018602318366051289
1,2,0.0003457514452177876,0.10251274103602899,0.8971415075187533
2,2,5.5634751481442554e-05,0.03356628610536629,0.9663780791431522
0,0,0.9099971910551027,0.08993617686804478,6.663207685231634e-05
0,1,0.40475965146103865,0.5912222601420504,0.0040180883969108735
1,1,0.1859657957135942,0.7994329994698318,0.014601204816573813
1,1,0.33683776632338713,0.6553378680694557,0.00782436560715718
1,1,0.15577695749033077,0.8367154527179289,0.0075075897917402535
0,0,0.6039116228483364,0.3931986654817786,0.0028897116698850455
1,1,0.08187083593979616,0.8834297141998109,0.034699449860392986
1,1,0.32252740348044523,0.6738357870100723,0.0036368095094824054
1,0,0.6595199560432653,0.3397000236331948,0.000780020323539887
1,1,0.1298614014650163,0.837121210973725,0.033017387561258583
0,0,0.8493048886860746,0.1504103254260467,0.00028478588787870086
0,1,0.3806820376411818,0.6119909954438884,0.007326966914929925
1,1,0.1943317104286108,0.8037740377245756,0.0018942518468137005
1,1,0.04758260646173569,0.9030062460691005,0.04941114746916383
0,1,0.37510685082104456,0.619683598405506,0.005209550773449464
1,1,0.4094720814527146,0.5872615581775531,0.0032663603697322767
0,1,0.14747814455487965,0.8422930118366538,0.010228843608466626
1,0,0.8886714524123497,0.1111141565855739,0.00021439100207648273
1,1,0.42160717553995775,0.5754651588656837,0.00292766559435849
1,1,0.05511444637782719,0.9203651801873411,0.024520373434831752
2,2,0.002933514941576354,0.2546963163355136,0.74237016872291
1,0,0.9019090213826768,0.09791209614941099,0.00017888246791221944
0,0,0.8556519748896108,0.14417244807901985,0.00017557703136940564
1,0,0.7353414913943566,0.2638857015578907,0.0007728070477527939
0,0,0.851734306116004,0.14813779521828016,0.0001278986657158886
1,1,0.2036230556072893,0.7911271922098637,0.005249752182847055
0,0,0.6041415203592617,0.39449820914048545,0.001360270500252824
0,1,0.46003185649780104,0.5356379031145536,0.004330240387645395
1,1,0.04296796150866377,0.8355292813690405,0.12150275712229586
0,0,0.5253998991442518,0.46874173742383235,0.005858363431915913
0,1,0.497591416958812,0.49839942538957904,0.004009157651609019
0,1,0.39420348627391355,0.6023801003898726,0.0034164133362138455
1,0,0.5358867615788007,0.46093061711277356,0.0031826213084256913
0,0,0.9194907908015266,0.08037068168857754,0.00013852750989570514
0,0,0.7441107693044751,0.2556086041840568,0.0002806265114680933
0,1,0.3871378325099144,0.6080443664721996,0.0048178010178859835
0,0,0.8301004922096897,0.16964650058937925,0.000253007200931052
2,2,0.002302685635040594,0.1334032342128347,0.8642940801521246
1,1,0.16185896252248033,0.8289317025400741,0.009209334937445666
0,1,0.21069599333044833,0.7776477113275603,0.011656295341991453
1,0,0.6446544193165,0.3541593201079439,0.0011862605755559828
1,1,0.05441616449198794,0.8616157800328634,0.08396805547514855
1,1,0.15536272101743331,0.8365184615576765,0.008118817424890238
0,0,0.6951485874481159,0.3036021173694454,0.0012492951824385192
1,1,0.2993022655758245,0.6930037672204772,0.007693967203698437
0,0,0.6450153459668726,0.3541500023979005,0.0008346516352267967
1,1,0.31434767758481025,0.6727203013408926,0.01293202107429708
0,1,0.46886598320861284,0.5243698817196977,0.006764135071689382
1,1,0.41132946035814055,0.5792007243786612,0.009469815263198305
0,0,0.8149349477752894,0.1846485342743753,0.0004165179503353609
1,1,0.2970802420075817,0.6944892906269214,0.008430467365496875
1,0,0.6631682601977673,0.3364432072420278,0.00038853256020469684
0,0,0.8586041796437186,0.14117796426275533,0.00021785609352618123
1,0,0.8126814976536288,0.18685414052832397,0.00046436181804719595
1,0,0.5804050775512283,0.4184491191603814,0.001145803288390257
0,0,0.6171634133044335,0.3813397007724734,0.0014968859230931727
0,1,0.3640627214510487,0.6319356777722908,0.004001600776660545
1,1,0.3970664335403737,0.5960190358296378,0.006914530629988512
0,0,0.7578403523993523,0.24182959213767377,0.00033005546297387625
1,1,0.05497722416648869,0.883305544682973,0.061717231150538385
1,1,0.02727596208559524,0.9100439780434825,0.0626800598709222
2,2,0.002355764531838335,0.18976860683431382,0.8078756286338478
2,2,0.0008224577570714026,0.08635091088567898,0.9128266313572496
0,0,0.853242662642561,0.14665478348882469,0.00010255386861419036
0,0,0.7226976107691062,0.2755010870011025,0.0018013022297913121
1,1,0.11106783564315992,0.87867897546601,0.010253188890830057
1,0,0.7576594871076638,0.24147683554410063,0.0008636773482355688
0,0,0.7083087842287341,0.29036438044949303,0.0013268353217727106
0,0,0.913216150789801,0.08665983204283695,0.0001240171673619217
1,1,0.12262336308055806,0.8573950351052239,0.019981601814217924
1,1,0.1987342377701161,0.7903483116800589,0.010917450549824827
1,1,0.13657975061178873,0.8528957541225383,0.01052449526567297
1,1,0.4397065242144078,0.5529241600878431,0.007369315697749111
0,0,0.7785176803495719,0.22121870382113623,0.00026361582929176186
1,1,0.48988972123846614,0.5084818641566858,0.001628414604848086
0,0,0.8239740746045351,0.17576803793189566,0.0002578874635693347
1,1,0.09773590832265053,0.8890148174522913,0.013249274225058052
0,0,0.5793242371986046,0.4188505665626334,0.001825196238761946
1,0,0.5946924382581481,0.4047459805793971,0.0005615811624548082
0,0,0.7348016790486457,0.264540814930302,0.0006575060210523574
1,1,0.07625063465629435,0.8996947245645479,0.0240546407791576
0,0,0.6542953064076582,0.3449012073037761,0.0008034862885656613
1,1,0.42088137982394036,0.5773721940610846,0.0017464261149749162
1,1,0.1843550302727322,0.7922025233754308,0.023442446351836912
0,0,0.6063618044791881,0.39263860416248314,0.0009995913583287902
1,1,0.14194602417838634,0.8465045200246294,0.011549455796984248
0,1,0.26611057200300053,0.7267938064773358,0.007095621519663734
1,1,0.017064622456389195,0.8258333733743748,0.15710200416923611
1,1,0.33334918754067955,0.6644682442644516,0.002182568194868831
0,0,0.930545906609848,0.06934646407513856,0.00010762931501325463
0,1,0.1601690264277212,0.8291473260224937,0.01068364754978506
0,1,0.4423347114185934,0.5483661377456513,0.00929915083575513
0,1,0.3165447693323208,0.6703472668041918,0.01310796386348749
0,0,0.506839183355433,0.4919981386639034,0.0011626779806635345
1,1,0.2301415939819191,0.7585796686194212,0.011278737398659668
0,0,0.7712823918571484,0.2281428853771506,0.0005747227657009153
0,1,0.28783785506397724,0.7046591065254336,0.007503038410589052
1,1,0.14768057245656963,0.8372615198396698,0.015057907703760474
1,1,0.20745609930162048,0.7794264480771101,0.013117452621269328
1,1,0.08166223320941986,0.8841037300142321,0.03423403677634812
0,1,0.33749737981985684,0.6580395530381089,0.004463067142034192
1,1,0.07037466018623466,0.8941314224781297,0.03549391733563555
0,0,0.6526155651942772,0.3455849034043697,0.0017995314013531324
1,1,0.20806133251955927,0.7871112396138898,0.0048274278665508845
1,1,0.23317767363328268,0.7572743056238422,0.009548020742875071
1,0,0.6073926590578758,0.3918142913196029,0.0007930496225213613
1,1,0.03238566864593467,0.9306043370494986,0.037009994304566696
1,1,0.43747413953760966,0.5598010588043291,0.0027248016580611865
0,0,0.7358960623407756,0.26305393972303104,0.0010499979361933468
1,1,0.3068480220859528,0.6901316682833204,0.0030203096307268866
1,1,0.04884420812409052,0.9157201146507178,0.03543567722519163
1,1,0.06381440813759016,0.8992286865047108,0.036956905357699
0,0,0.7432767882141039,0.2563487942080314,0.0003744175778646818
1,0,0.5521531714904765,0.44656827297208324,0.001278555537440318
1,1,0.0628641331631368,0.8891662051955422,0.047969661641321104
0,0,0.7391185037266448,0.25991783901575327,0.000963657257601806
1,1,0.1958529303823775,0.7892503520346109,0.014896717583011684
0,0,0.6649428427311315,0.3332982759989499,0.0017588812699187656
1,1,0.059960930593277846,0.8274769995158812,0.11256206989084105
0,0,0.623761972648563,0.37548982098445477,0.0007482063669820983
0,1,0.13205702103782604,0.8533624511561323,0.014580527806041726
0,0,0.5184475764891966,0.4754768154850205,0.006075608025782781
0,0,0.7618985068172629,0.23678058367358026,0.0013209095091566998
0,0,0.8566418520128164,0.142908107442242,0.0004500405449415247
0,0,0.6499920686529546,0.3490328363530771,0.0009750949939684119
1,1,0.41478876030405504,0.5810819359890247,0.004129303706920261
1,1,0.20103540383349988,0.7872131460796628,0.011751450086837421
1,0,0.6245514936854588,0.37321015469048036,0.002238351624060785
0,0,0.9157545967772008,0.08411722349115931,0.00012817973163989027
0,0,0.7721252818028894,0.22682749632008053,0.0010472218770300286
1,1,0.24709115467213227,0.7388413593141416,0.014067486013726095
1,1,0.07801938213699158,0.8808892585776277,0.04109135928538058
1,1,0.18953746634073243,0.7952556713831557,0.015206862276111963
0,0,0.7665885739036515,0.23248132767005666,0.0009300984262919315
0,0,0.8866641225743389,0.1131695364771348,0.00016634094852621413
0,0,0.8957878310205868,0.1040976846259972,0.00011448435341590719
0,0,0.5692475673112213,0.42781552690919017,0.0029369057795885197
1,1,0.06437748255806354,0.9273952360620937,0.008227281379842764
1,1,0.17677278522618692,0.8020094093640284,0.021217805409784646
0,0,0.54833771247044,0.45060636912860336,0.0010559184009565612
0,0,0.7321864518035746,0.267444000305953,0.000369547890472325
1,1,0.16997668314109116,0.6735312409240282,0.15649207593488074
0,1,0.39978254521895673,0.5966155607897413,0.003601893991301821
0,0,0.8577416800489819,0.14196962710019745,0.00028869285082082184
1,1,0.3863089673353422,0.6084753900560607,0.0052156426085971375
1,1,0.2138662682663603,0.781261018569137,0.00487271316450281
1,1,0.01987443897607813,0.9333035743421051,0.04682198668181685
1,1,0.32651893145139516,0.668506688004409,0.004974380544195764
1,1,0.12739032072334391,0.8366385136602172,0.035971165616438934
1,0,0.717752208033348,0.281266869135093,0.0009809228315589577
1,1,0.033174600896439047,0.92569671940133,0.04112867970223103
0,0,0.7881028202310995,0.2112155551735395,0.0006816245953610697
0,1,0.40764988176961664,0.5792337913787621,0.013116326851621316
1,1,0.2902412120165769,0.7043440589574487,0.005414729025974394
1,1,0.2935067857712435,0.696717025526038,0.009776188702718685
0,0,0.6393553954033566,0.35913818532955677,0.0015064192670865787
1,1,0.17999710267947377,0.8123832031391162,0.0076196941814100595
1,1,0.10707555465721459,0.8600707333787433,0.03285371196404214
1,1,0.20494343513203778,0.7633934309486344,0.031663133919327804
1,1,0.47214125763519077,0.5224483315844834,0.005410410780325757
0,0,0.9256561105883182,0.07428580419584592,5.8085215835905454e-05
1,1,0.26728769660736107,0.7241410815367796,0.008571221855859321
1,1,0.2877716599942646,0.702732322271128,0.009496017734607357
1,1,0.26471733156325017,0.7289307877547655,0.0063518806819842745
0,0,0.7562571956654792,0.24317186551807196,0.0005709388164488254
1,1,0.1403556413009493,0.8532907280554128,0.006353630643637771
0,0,0.7303160966557797,0.2692110926528807,0.00047281069133978375
1,0,0.7781692969420475,0.22151228509489965,0.0003184179630527996
1,1,0.31314532546473717,0.6814462604838557,0.005408414051407089
1,1,0.2236276737577475,0.772069471467389,0.004302854774863417
1,1,0.16380863879469526,0.8152888115841412,0.020902549621163453
1,1,0.2381741689631557,0.7525469929278135,0.009278838109030874
0,0,0.7883882554258801,0.2111315809036962,0.00048016367042374156
0,0,0.8353866765269093,0.1644890124857773,0.0001243109873132035
1,0,0.630783649110947,0.3681442655355882,0.0010720853534647954
0,1,0.2827984962366454,0.7028113395707464,0.014390164192608272
0,0,0.7946658624205397,0.20479456185885386,0.000539575720606496
0,0,0.5691287976103375,0.4292288455904492,0.0016423567992132084
0,1,0.2002229251464837,0.7818707863485113,0.017906288505004992
1,1,0.3721149732996931,0.6246066376292848,0.0032783890710220277
1,1,0.03729008968492025,0.9263423365408723,0.03636757377420753
0,1,0.18379430130496,0.8034311079685044,0.012774590726535608
1,1,0.13584783923963195,0.8389611532788712,0.025191007481496767
0,1,0.2529603705949135,0.7419076468126103,0.005131982592476228
1,1,0.4151569331996128,0.5752736170705388,0.00956944972984851
0,0,0.5817373123258913,0.4153710658914282,0.002891621782680497
0,0,0.671478685180477,0.3282272509323059,0.0002940638872169315
0,0,0.8818504544912109,0.11786011338095084,0.00028943212783830857
1,1,0.1114399777246523,0.8703255980142092,0.018234424261138596
0,0,0.9263308957002252,0.07354042119287928,0.000128683106895409
1,1,0.102791614510159,0.8700827822556042,0.02712560323423662
0,0,0.7976971710863818,0.20180767374171324,0.0004951551719048886
0,0,0.6369001039667704,0.3609541501643178,0.0021457458689118033
0,0,0.6981337389649857,0.30002914621590115,0.0018371148191132702
1,1,0.22776645486591754,0.7660174197760949,0.006216125357987537
0,0,0.6085337492661145,0.39107915101262003,0.00038709972126545894
2,2,0.0025838048960452227,0.30523569283177937,0.6921805022721753
1,0,0.8222288869131461,0.17725051277324988,0.0005206003136039514
0,1,0.04842150741664567,0.9045153852921747,0.047063107291179525
0,0,0.599562096746718,0.3988938853996145,0.0015440178536674375
0,1,0.42632674713261043,0.5691792762349129,0.004493976632476474
1,1,0.23064485628254855,0.7509320734385025,0.01842307027894877
0,0,0.6317930687069808,0.36664668562211916,0.0015602456708999324
0,0,0.8191506225621498,0.18067856864401483,0.00017080879383539062
1,1,0.07962386908985031,0.9069075857450134,0.01346854516513622
0,0,0.5372751413807547,0.46128325672398496,0.0014416018952602902
1,1,0.167208869156154,0.8285461317182546,0.004244999125591426
1,1,0.3564029996699568,0.6406730861807073,0.002923914149335914
1,1,0.20084613292532696,0.7930952624424593,0.006058604632213788
1,1,0.11148887399365107,0.865466410634625,0.023044715371723926
0,1,0.4880033143359233,0.5105197906747901,0.0014768949892865766
2,2,0.008777485287075013,0.26395353951329636,0.7272689751996287
0,0,0.6447958282520044,0.35451565362485987,0.0006885181231355749
2,2,0.004642748970457294,0.22153324122301682,0.7738240098065259
1,1,0.17848801174803516,0.8122980288545987,0.009213959397366184
1,1,0.3824585069498909,0.6136629586327396,0.003878534417369508
1,0,0.6631041686152725,0.33597187757680097,0.0009239538079266261
0,0,0.5286119481302632,0.4687283562161112,0.002659695653625512
1,1,0.050329569475577346,0.4817767623546279,0.4678936681697949
1,1,0.23076180214596428,0.7477738553618272,0.021464342492208455
0,0,0.9210830153879244,0.07880679849745946,0.00011018611461608289
0,0,0.6376665096958478,0.35958716115188083,0.002746329152271438
0,1,0.43036127765463417,0.5652837970936736,0.004354925251692191
1,1,0.11488261218435376,0.8719376716287031,0.013179716186943254
0,1,0.3198960009520504,0.6741615112313912,0.005942487816558437
1,1,0.45387464845690817,0.5434764258733055,0.0026489256697864966
0,0,0.6501962499536348,0.3491595460369706,0.0006442040093945951
1,1,0.2761020176258084,0.7152124270868926,0.008685555287298937
0,0,0.6581021077284586,0.33934949735413716,0.002548394917404164
0,0,0.9537516633597586,0.04623078745893483,1.754918130645269e-05
1,2,0.000826170068032271,0.14031694349211493,0.8588568864398528
1,1,0.12594731582483337,0.654554683936721,0.21949800023844554
0,0,0.7542161526581269,0.24515708183515167,0.0006267655067213699
0,0,0.8923351663587036,0.1076015027213773,6.3330919919042e-05
1,1,0.028365885216901934,0.931686997155416,0.03994711762768217
1,0,0.6632010290588575,0.33621201516172655,0.0005869557794159267
0,1,0.16836445098159458,0.8231391591886018,0.008496389829803655
1,1,0.2858619765678537,0.7062482492203888,0.007889774211757627
1,1,0.2549577369984812,0.7391010774573628,0.005941185544156116
1,1,0.3017098197361654,0.689831667792152,0.008458512471682554
1,1,0.17300157643786546,0.8239633701592791,0.003035053402855497
1,0,0.5038984540844079,0.4940624485455619,0.0020390973700301174
1,1,0.44476202591079755,0.5526950920709144,0.002542882018288176
1,1,0.13879797096574265,0.8482822311963932,0.01291979783786418
0,0,0.6597045906281238,0.34002760306636115,0.00026780630551501855
1,1,0.2253116238425006,0.7686054546924155,0.006082921465083877
1,1,0.28526834942357787,0.7087918748088892,0.005939775767532992
0,0,0.592394447677504,0.4042299148482873,0.00337563747420872
0,1,0.37636256562766135,0.6199057701320335,0.0037316642403051278
1,1,0.1896290206156252,0.7999121960762966,0.010458783308078074
0,1,0.06413894677464053,0.9141818220631698,0.021679231162189755
1,1,0.48494618687877983,0.5125591802743521,0.002494632846868123
1,1,0.48596727004536455,0.5127299071262953,0.0013028228283401013
1,1,0.30533862250136246,0.6844466464371721,0.010214731061465452
1,1,0.3069399172462148,0.6897621203168914,0.0032979624368937384
1,0,0.7132027077500022,0.28615158179854383,0.0006457104514539272
0,0,0.8336468278752281,0.16606325724816542,0.00028991487660639983
1,1,0.4224100558346371,0.5712357180709059,0.006354226094457056
1,1,0.26328131789804826,0.7315298366139328,0.005188845488018887
0,0,0.7691400913855343,0.230242808056716,0.0006171005577496998
1,0,0.5377115758768033,0.46087383239003127,0.0014145917331655359
0,0,0.6370542864272056,0.35992825989031396,0.0030174536824804027
1,0,0.5700258768674924,0.42876290037521064,0.001211222757296977
0,1,0.2770210481877279,0.7086082997887788,0.014370652023493352
1,1,0.49239788649399047,0.5062745556859789,0.001327557820030757
1,1,0.15934331380546518,0.8222592674510433,0.01839741874349163
1,1,0.12418181566744378,0.8641860984826911,0.011632085849865166
0,0,0.6705650265401906,0.3276043548199316,0.0018306186398778746
0,1,0.42825464075710873,0.5698423658381198,0.0019029934047715945
1,0,0.8149066185365063,0.18459924134656866,0.0004941401169251059
1,1,0.3443362305514072,0.6469506913026514,0.008713078145941567
0,0,0.6567747140276272,0.34162712131157597,0.0015981646607966973
1,1,0.2082867585528822,0.7775377084359659,0.014175533011151872
1,1,0.21938295168701247,0.7746044233207717,0.0060126249922157465
1,1,0.047348522808294255,0.928090668460925,0.024560808730780797
1,1,0.06550367536362602,0.9022253491821628,0.03227097545421141
0,0,0.7439535446264612,0.25543603753592964,0.0006104178376091611
1,1,0.31429300882578326,0.6743883215748202,0.011318669599396494
1,1,0.25444869514519536,0.7392544633677465,0.006296841487058109
1,1,0.06946917544533608,0.911703032457888,0.018827792096776035
0,0,0.7002344446231763,0.2985622566095629,0.0012032987672606816
1,1,0.16382944753410705,0.8246978931916108,0.011472659274282163
0,1,0.3524105631663602,0.6405962849023261,0.006993151931313648
1,0,0.5382974772257282,0.4579445302037357,0.0037579925705360337
1,0,0.897240560195228,0.10267224484688912,8.719495788279003e-05
1,0,0.788124437354984,0.21144127825183043,0.0004342843931853681
1,1,0.3046533038793372,0.6900133542601037,0.0053333418605590365
0,1,0.12167314585294099,0.8739453889905711,0.004381465156488128
1,0,0.5293453801465164,0.4663758245613322,0.004278795292151392
1,1,0.09651802135131428,0.8893378021167094,0.014144176531976273
1,0,0.6700362819157791,0.3294466788273061,0.0005170392569148365
1,1,0.2721534404308022,0.7069378840484917,0.020908675520706185
1,1,0.10048768993726152,0.8863914205600074,0.013120889502731206
0,0,0.7362290488746341,0.2628917163162751,0.0008792348090907032
0,0,0.5703713636574589,0.4283558614462131,0.0012727748963281386
0,0,0.6873613096605685,0.31199600483878426,0.0006426855006473236
0,1,0.46660758818190856,0.5291003648265741,0.00429204699151734
2,2,0.0026535345809302405,0.14331982785608163,0.854026637562988
1,1,0.26441382347175396,0.7248806386498091,0.010705537878436934
1,1,0.26751705457129166,0.7255745409760381,0.006908404452670171
1,1,0.03212270707311645,0.9251647877738822,0.04271250515300129
0,0,0.7261753805719805,0.2728307395213817,0.000993879906637814
1,1,0.09167055737086752,0.8646306193535662,0.0436988232755664
0,0,0.8047973682919479,0.19442484948810615,0.0007777822199458797
1,1,0.16857566138055957,0.8237234415005676,0.0077008971188728785
1,1,0.15088171643300036,0.8446812940743158,0.0044369894926838205
0,0,0.5028911136904847,0.49519922621710444,0.0019096600924108419
2,2,0.009355572636231112,0.2366172073530418,0.7540272200107271
1,1,0.020569005724185283,0.8906165456439967,0.08881444863181795
0,1,0.3533981250678719,0.6418961569521966,0.004705717979931609
1,1,0.16890913951173764,0.8240793819536695,0.007011478534592986
1,1,0.09686950010811284,0.8730259471967686,0.03010455269511846
1,1,0.32866384535888765,0.6674367609506058,0.0038993936905065067
1,1,0.4901617213462903,0.50757252351736,0.002265755136349623
0,0,0.5512816315797395,0.44517526667962015,0.003543101740640245
0,0,0.7036734298746713,0.2952595564605825,0.0010670136647461762
1,1,0.4120004927064027,0.5853328395746359,0.002666667718961375
0,1,0.14087034877592278,0.8468501853618469,0.012279465862230315
1,1,0.22551821289045906,0.7653774786905817,0.009104308418959246
2,2,0.005589782634211104,0.3526331536098549,0.6417770637559339
2,2,0.00016368227795921826,0.06190885316013666,0.9379274645619041
0,1,0.09643367556745708,0.8825615627359229,0.021004761696620106
1,1,0.45899502430969996,0.5403251587946367,0.0006798168956633455
1,1,0.4007213273857572,0.5969571258086545,0.0023215468055884747
1,1,0.08635348181702489,0.8922603562873989,0.021386161895576166
1,1,0.02896291374364107,0.8723626689121785,0.0986744173441804
0,0,0.7956934979572918,0.20391847722245185,0.0003880248202564746
2,2,0.008281229048619991,0.28201913976009835,0.7096996311912817
1,1,0.4483541911541509,0.5494518488350969,0.0021939600107522277
1,1,0.292849562256152,0.7019984507964512,0.005151986947396881
1,1,0.19730060858499468,0.7980912756299894,0.004608115785016041
0,0,0.7945963318979867,0.2051659723538193,0.00023769574819402424
1,2,0.004678457986482008,0.22270610251952222,0.7726154394939958
0,0,0.8337675886481761,0.1658978217123727,0.00033458963945123257
0,0,0.8479949999653499,0.15177798624527866,0.00022701378937146346
1,1,0.05877983392917099,0.9133494395293567,0.027870726541472376
1,1,0.1568950361906339,0.8385976843406441,0.00450727946872191
0,0,0.8381685655159272,0.16168023314910376,0.00015120133496907958
1,1,0.11456879892722051,0.8258614152130048,0.059569785859774585
0,0,0.6083752711775559,0.3879411306366629,0.0036835981857813284
0,1,0.2991386027990592,0.6941614245489508,0.006699972651990121
1,1,0.1746835402293332,0.802726783679199,0.022589676091467788
1,1,0.18660250578130574,0.8050693242789119,0.008328169939782297
0,1,0.2653577068958705,0.7272614260701366,0.00738086703399286
0,0,0.5742117746977834,0.422553152376789,0.0032350729254276
1,1,0.3928283533619341,0.6043652341206739,0.0028064125173919915
0,0,0.6731639424317982,0.32610239217206455,0.0007336653961372843
1,1,0.21367627969113365,0.7705085023858831,0.015815217922983325
1,1,0.4194328446185328,0.5783776783011562,0.002189477080310998
0,0,0.798225910458088,0.2002583243253279,0.0015157652165840585
1,1,0.456354645663211,0.539025270819147,0.00462008351764201
2,2,0.03226271241386575,0.4180336686397962,0.549703618946338
1,1,0.3668298919404022,0.630016697004937,0.0031534110546607126
1,1,0.2353505000799943,0.7589913810615905,0.005658118858415145
1,1,0.4329886675211271,0.5637132611606707,0.0032980713182023283
2,2,0.024480050604039575,0.32149589341028634,0.6540240559856741
1,1,0.034629180144578414,0.9220068507402183,0.04336396911520326
0,1,0.40956941740729985,0.5839189311200892,0.006511651472610942
1,1,0.12307656437389504,0.8581650610319462,0.01875837459415864
1,1,0.1412194502628997,0.8362716260376565,0.022508923699443694
1,0,0.5708930140920022,0.4260207148992013,0.003086271008796446
1,1,0.22658510705220772,0.7614825826245432,0.011932310323249196
0,0,0.8497417553289205,0.14988676420116687,0.000371480469912624
0,0,0.5395853544349477,0.4572119722599856,0.003202673305066596
1,1,0.06676925587799298,0.8869945323096081,0.04623621181239886
0,0,0.5623407456604492,0.4344293631765589,0.003229891162991858
1,1,0.07804424771587044,0.8932127600674247,0.028742992216704975
2,1,0.009651526254848455,0.809690477946613,0.1806579957985386
0,0,0.7858902790027475,0.21332724763906236,0.0007824733581901362
0,0,0.771682023050737,0.22675273675232666,0.0015652401969365017
1,1,0.04210884260421065,0.8945828974788391,0.06330825991695019
0,0,0.6301297693597844,0.3688724715783337,0.0009977590618819017
1,1,0.27721615724450455,0.7151249427314222,0.00765890002407326
0,0,0.5315999533633131,0.46766056713386933,0.0007394795028175732
1,1,0.3632002217510819,0.6278185349683982,0.008981243280519795
0,0,0.7086140744081003,0.29080617891134,0.0005797466805597086
1,1,0.18885812524544876,0.8073546755741609,0.0037871991803903188
1,1,0.23247767980643336,0.762627371313167,0.00489494888039961
0,0,0.5380553412203649,0.4603831033094477,0.0015615554701874403
2,2,6.789033246178547e-05,0.022134381911546586,0.9777977277559915
1,0,0.8526018394935581,0.1470688475168928,0.00032931298954904113
0,0,0.6605819376028114,0.3384963693929523,0.000921693004236471
0,0,0.8895385126827234,0.11032374039034236,0.00013774692693419474
1,0,0.5985087433635169,0.4007865273859162,0.0007047292505668285
0,0,0.5888451797463208,0.4105781626106172,0.0005766576430619164
1,1,0.4969053419825897,0.4989545521503105,0.00414010586709985
0,0,0.81497826826136,0.1847030627061336,0.00031866903250649673
0,0,0.6913308852287945,0.30758981167437915,0.001079303096826343
0,1,0.17577978249983867,0.8125075802191926,0.01171263728096867
0,0,0.5400372254248632,0.458661539058653,0.0013012355164838563
1,0,0.7502643839161935,0.24879360355204705,0.0009420125317594792
1,1,0.16908919425490473,0.8216128272752531,0.00929797846984228
0,0,0.7051376012878405,0.29361133232248277,0.0012510663896766613
1,1,0.23249166313893843,0.7593517737409904,0.008156563120071252
1,1,0.4150603956071398,0.5830584637056156,0.0018811406872445316
1,1,0.028599555706258186,0.5049378362766372,0.46646260801710454
0,0,0.8701370586792345,0.1296001352732838,0.0002628060474816441
1,1,0.022530982608312156,0.8773176031997393,0.10015141419194863
1,0,0.6214534512402913,0.3773545218408312,0.0011920269188774486
1,1,0.29048713831778794,0.703793717744916,0.005719143937296083
1,1,0.17738818079568347,0.8128536093695986,0.00975820983471784
0,0,0.6054454626922202,0.39353437719855033,0.0010201601092293812
1,1,0.22659662696574143,0.7620338178251945,0.011369555209064094
1,1,0.04553981471383374,0.9206729412557629,0.03378724403040354
0,0,0.5607221800986282,0.43752856023798126,0.00174925966339064
0,1,0.22862126888869558,0.7579358959602636,0.013442835151040848
0,1,0.3989641308144152,0.5944741575219408,0.00656171166364402
0,0,0.712245075967601,0.28694262617961513,0.0008122978527838426
1,2,0.03221772654371997,0.46373132131134065,0.5040509521449393
1,1,0.020266299349588277,0.908674059755086,0.07105964089532563
0,0,0.7980610784311551,0.20149379026500996,0.0004451313038347849
1,0,0.8603039230765122,0.13920599284919463,0.0004900840742932233
1,1,0.4442087031310177,0.5538648673619229,0.0019264295070595089
0,0,0.8558410632735065,0.14385173898972495,0.00030719773676864836
0,0,0.5435403859316209,0.45287598770906934,0.0035836263593097685
1,1,0.20815831459440431,0.7819632163504703,0.009878469055125355
0,1,0.3888658718064196,0.6076672800357142,0.003466848157866151
0,1,0.32337353732307095,0.6660343212074832,0.01059214146944597
0,0,0.8167174998239991,0.18280121248655956,0.00048128768944128206
0,0,0.8462384711612875,0.1536631744707464,9.835436796610202e-05
0,0,0.9309455004253914,0.06894578868415452,0.000108710890454093
1,1,0.13576940370059715,0.8605197612486054,0.0037108350507975116
0,0,0.8439067678073254,0.15550144640524033,0.0005917857874341898
1,1,0.0373431110473945,0.9301878438891014,0.03246904506350403
0,0,0.6328638901627749,0.365515542138693,0.00162056769853214
2,2,0.00012737300188397753,0.010122948429794746,0.9897496785683212
1,1,0.41148691867925474,0.5863408557610877,0.002172225559657546
1,1,0.2600937451376323,0.7267709269482602,0.013135327914107436
0,0,0.575769633057161,0.42134601888880974,0.002884348054029185
1,1,0.366390392395421,0.6303189886475811,0.0032906189569979877
1,1,0.29960741320550494,0.6953662753754989,0.005026311418996125
2,2,5.3661585438020565e-05,0.00644256592482818,0.9935037724897339
1,1,0.2392419501533507,0.7394256877954956,0.021332362051153794
0,0,0.7678771263310471,0.2316017295396796,0.0005211441292732652
0,1,0.3315008410806195,0.665410600211384,0.0030885587079965875
1,1,0.2785560566773543,0.7149280868890551,0.006515856433590535
0,0,0.5976192378267324,0.4018791084793023,0.0005016536939652006
1,1,0.33158367553873874,0.6634841753984547,0.004932149062806676
1,1,0.10667171664831081,0.8583454317063341,0.034982851645355
1,1,0.4486276753079225,0.5483918185264175,0.00298050616565993
2,2,0.00051080968692187,0.06874235589315755,0.9307468344199206
2,2,0.0008127928619938678,0.09002851404989928,0.9091586930881069
1,0,0.82559125863559,0.1740023913784011,0.00040634998600884214
1,1,0.17273957685353872,0.8133008122683822,0.013959610878078944
0,0,0.8487845473276044,0.15057334111462647,0.0006421115577690389
1,0,0.7450050899916488,0.2545838164465649,0.0004110935617864014
0,0,0.6818444802302934,0.3171643962361644,0.0009911235335421833
1,1,0.038042549401683445,0.926144523575208,0.03581292702310861
0,0,0.5594266852256381,0.4395212615063491,0.0010520532680127306
0,1,0.4816704695504963,0.5147734393151076,0.0035560911343961075
1,1,0.16511282377660794,0.816517397627883,0.018369778595508986
1,1,0.07153815555952234,0.8966623825031298,0.031799461937347916
0,1,0.24141555279334434,0.7476337758996002,0.010950671307055451
1,0,0.8682999819167476,0.13147577270824787,0.00022424537500455584
0,1,0.4704419732413417,0.5263689921156981,0.003189034642960313
1,1,0.020263678587389335,0.8119819808787719,0.16775434053383895
1,1,0.10919923076985122,0.8859337925304882,0.004866976699660366
0,0,0.7525685754736452,0.24679140730380947,0.000640017222545399
0,0,0.7715924351019476,0.2280929331994756,0.00031463169857665253
1,1,0.15787287416458015,0.812753728479716,0.029373397355703896
1,1,0.16405617217347826,0.8070813890508408,0.0288624387756809
1,1,0.3768012780429128,0.6066540379678634,0.016544683989223825
1,1,0.2741077246456071,0.7132822845132395,0.012609990841153386
1,1,0.16919821818263486,0.8232311458856737,0.007570635931691425
1,1,0.20895238510309452,0.7778772863960082,0.013170328500897138
0,0,0.6707067165665895,0.328722713758819,0.00057056967459139
1,1,0.05106609071499068,0.8788426459237223,0.07009126336128706
0,0,0.864430238170538,0.13521306763912294,0.0003566941903391476
1,1,0.1600021651231727,0.8342902512427469,0.005707583634080265
1,1,0.11581768459061098,0.8777992742834947,0.006383041125894299
0,0,0.515068995091702,0.48404732608738676,0.0008836788209112257
0,0,0.7302460552087158,0.2691535911039324,0.0006003536873518341
1,1,0.08207406737903118,0.8827703070140239,0.03515562560694497
1,1,0.3316993770835099,0.6613146207113182,0.006986002205172089
0,1,0.4929806622982821,0.5028500237834975,0.004169313918220496
1,1,0.28434273411311856,0.7027765345453671,0.012880731341514306
1,1,0.1761378537385229,0.8132372763207258,0.010624869940751156
0,0,0.622140219541542,0.37661295539348033,0.0012468250649776639
0,0,0.6362218436652208,0.36175796323302345,0.002020193101755714
1,1,0.08366156462773514,0.8892397042466973,0.027098731125567606
1,1,0.1497453918769413,0.8394202503465982,0.010834357776460593
1,1,0.2590107241146284,0.7306189426569021,0.01037033322846954
0,0,0.6121067265554662,0.386134766593922,0.0017585068506118884
1,1,0.17109170186342185,0.594128092230645,0.23478020590593301
1,1,0.21744434375075108,0.7773570753285386,0.005198580920710367
0,0,0.7131335724551257,0.28610617348378053,0.000760254061093776
1,1,0.21811096585229345,0.7694007876525967,0.012488246495109821
0,0,0.807934649230551,0.19172190387859023,0.0003434468908588164
0,1,0.23376930834463297,0.7436510550678689,0.022579636587498057
1,1,0.23359230852301996,0.7456139676996391,0.020793723777341004
1,1,0.16441620964454376,0.8167684859495046,0.018815304405951652
0,1,0.4051522576149247,0.5917896830693933,0.0030580593156820123
1,1,0.2702830316326041,0.7236225500474615,0.0060944183199344
1,1,0.07042577348017337,0.90341694905663,0.026157277463196776
1,1,0.234117035733953,0.7598041237167351,0.006078840549311991
1,1,0.1895123074766133,0.8066129082263424,0.0038747842970442907
1,1,0.4400546272252852,0.5534229186029441,0.006522454171770704
0,0,0.6456699578354587,0.3536564689507299,0.0006735732138113029
1,1,0.29783541938629093,0.697229412570388,0.0049351680433211255
1,1,0.3309372235467723,0.6649538528219368,0.004108923631290934
1,1,0.254915008681042,0.7363556615891148,0.008729329729843227
0,0,0.6124457574527951,0.3864997989808638,0.001054443566341206
0,0,0.7074093171844671,0.29235582449021336,0.00023485832531960966
1,1,0.04737646533286747,0.9154013235897301,0.03722221107740225
1,1,0.12792849115354318,0.8562563577635056,0.015815151082951284
1,1,0.27397773776702145,0.7103313168403511,0.01569094539262743
0,0,0.7539638145081625,0.24500017487701012,0.001036010614827356
1,1,0.4848219166050873,0.5130203125038176,0.0021577708910950886
1,1,0.16459799775548434,0.8220371342678278,0.013364867976687882
1,1,0.20271305590149905,0.7910616768450804,0.006225267253420414
1,1,0.07718274172345867,0.8948037953226166,0.028013462953924855
1,1,0.1663786982787433,0.8286179758637036,0.005003325857553078
1,1,0.20798211317680335,0.7892441185385757,0.002773768284620846
1,1,0.11705240664187797,0.862808186890292,0.02013940646783
1,0,0.6440403229033044,0.35481370149308694,0.0011459756036087305
1,1,0.1422495458011013,0.8468162171339502,0.010934237064948487
0,1,0.48757961465394284,0.510884527319087,0.0015358580269701546
0,0,0.9355938994314514,0.06436213382754494,4.396674100364115e-05
1,1,0.17379035825916236,0.8184867898841947,0.007722851856642968
1,1,0.07519762621194145,0.9086859255893542,0.016116448198704243
1,1,0.18859637325930373,0.7933924665566949,0.018011160184001215
0,1,0.494444309966401,0.5030872747756675,0.0024684152579314976
0,0,0.7292969384216706,0.27047453204095284,0.00022852953737650023
1,1,0.2543725247694262,0.7386073246517846,0.007020150578789377
1,1,0.0632192856491254,0.8870202368314658,0.04976047751940865
0,0,0.7974619550018571,0.20203671689207048,0.0005013281060724159
1,0,0.5225694445999376,0.4746727237673496,0.0027578316327127365
0,0,0.7289909792232604,0.26981720757092287,0.0011918132058167754
0,0,0.7127752218185064,0.28655410182083724,0.0006706763606563191
1,1,0.05496173953447013,0.9243299580592723,0.020708302406257612
2,2,0.003858534241027251,0.1919338485513887,0.8042076172075842
1,1,0.3616234131280236,0.6341374938477069,0.004239093024269438
0,0,0.5137147017509767,0.48404177277557575,0.002243525473447643
0,0,0.7137984671021209,0.2849943391246758,0.001207193773203109
0,0,0.5372307811052569,0.4597371719844396,0.0030320469103034984
1,1,0.03024033442835501,0.9023774066025095,0.06738225896913562
1,1,0.33060656068529,0.6663213471332681,0.00307209218144193
1,1,0.45145368353307536,0.5457226933492513,0.002823623117673315
0,0,0.7339058261171012,0.2656135685112467,0.0004806053716521279
1,1,0.0710495816692719,0.9072874358619393,0.021662982468788665
0,0,0.7390312862103632,0.2602350559968911,0.000733657792745801
0,0,0.8842096895617538,0.11560121857959253,0.0001890918586538699
1,1,0.029619080602212793,0.5116650227849211,0.458715896612866
1,1,0.09766190014862874,0.8827577021236167,0.01958039772775448
1,1,0.33165034155108214,0.6560172028955253,0.012332455553392544
2,2,0.00703098004193414,0.3135488285888684,0.6794201913691974
1,1,0.4325413063185519,0.5644720093684809,0.002986684312967302
1,0,0.7701278258487254,0.22870052624398754,0.0011716479072869657
0,0,0.5231934114647876,0.47494410850165686,0.0018624800335556272
0,1,0.3053403350048021,0.6899194269359227,0.004740238059275097
1,1,0.30221628819969515,0.6942680792144872,0.0035156325858176417
0,1,0.4268537552105937,0.5642735543902039,0.008872690399202268
1,1,0.22889629352514973,0.7648208890292698,0.006282817445580465
1,0,0.6781647384059569,0.32066692637031025,0.001168335223732785
1,1,0.059423651159702384,0.91631562086523,0.024260727975067613
1,0,0.680646736550912,0.31867766001756725,0.0006756034315206826
1,1,0.07265959900379157,0.8982527953796525,0.029087605616555746
2,2,0.0020667144440264643,0.13574417856640006,0.8621891069895735
1,1,0.15685776366033144,0.8328522859262043,0.010289950413464168
1,1,0.051837208385058425,0.8704546893554952,0.07770810225944619
1,1,0.20610465805906442,0.7885613082723457,0.005334033668589835
1,1,0.07853024708571352,0.8620984239653817,0.059371328948904664
0,1,0.08456674152870278,0.8952903529021887,0.0201429055691084
0,1,0.3527860901327733,0.6451361599093146,0.002077749957912198
1,0,0.586044627896985,0.41193969583013523,0.0020156762728797523
0,0,0.7046918945044571,0.2940326023561068,0.0012755031394360964
1,1,0.06256830236411166,0.9117305385501939,0.02570115908569454
1,1,0.046838894841115676,0.9271961234227507,0.025964981736133614
0,0,0.8429747105258619,0.15689305934988096,0.00013223012425708997
1,1,0.034251301369513126,0.5023243726998384,0.4634243259306484
0,0,0.8338744899140772,0.16600874805176186,0.00011676203416090986
0,0,0.6136991476318966,0.3856445150317452,0.0006563373363583251
0,1,0.3060235408801177,0.6860853347290804,0.007891124390801927
1,1,0.3704522650279155,0.62627318785448,0.003274547117604521
1,1,0.47285341893413496,0.5245394590280136,0.002607122037851438
1,1,0.25178069188265056,0.7369518618858304,0.011267446231519202
0,0,0.7495487235928565,0.24961456989518152,0.0008367065119620655
0,0,0.8540744795422675,0.14579411411960255,0.00013140633813001353
1,1,0.33761006221392564,0.6515067040764656,0.010883233709608761
0,0,0.8228201464186659,0.1770896431079742,9.021047335996196e-05
1,0,0.580546980436815,0.418260437878699,0.0011925816844860608
0,0,0.7291498498778896,0.2699649906993104,0.0008851594228000209
1,1,0.16004319679813375,0.8248291069586229,0.015127696243243354
0,0,0.7208667420919453,0.27835043136436527,0.0007828265436893641
1,1,0.2579414769245272,0.7353834084926283,0.006675114582844602
0,0,0.9206508808779941,0.07915801702263553,0.00019110209937029418
1,1,0.16321633112708733,0.8180376441652049,0.018746024707707813
1,1,0.07321284002339197,0.9108637978500459,0.015923362126562174
1,0,0.7406367136978291,0.25907336744449483,0.00028991885767598103
0,0,0.5632971616622242,0.43430366478179766,0.0023991735559781083
1,2,0.010462292858438577,0.41460157900597444,0.5749361281355869
1,1,0.30119850666225784,0.6951876766426559,0.0036138166950863844
0,1,0.33124655962909944,0.6640963361312789,0.004657104239621784
0,0,0.7557796266513324,0.24292892673332184,0.001291446615345781
0,0,0.9200122406333568,0.07978722752765142,0.00020053183899168984
0,1,0.23148386044411384,0.7590554925431653,0.009460647012720914
0,1,0.053835143005166425,0.9149142118298088,0.03125064516502477
1,1,0.33140404152161634,0.6635203930410826,0.00507556543730115
1,1,0.2806609675074451,0.7038749445031887,0.01546408798936612
1,1,0.16816302409993583,0.8260829020246718,0.005754073875392353
0,1,0.06550612401986096,0.9111359212891826,0.023357954690956438
0,0,0.670141566122883,0.32935800599705584,0.0005004278800611039
1,1,0.1920370751970958,0.7884276166411444,0.01953530816175983
0,1,0.2360135138038551,0.7498036078192069,0.014182878376938102
0,0,0.6819099931841993,0.3174285368803217,0.0006614699354790213
1,0,0.5628041343139738,0.43664695573102924,0.0005489099549970625
1,2,0.010801138219201959,0.3763823669928956,0.6128164947879023
0,0,0.620849685448243,0.3774328815269053,0.001717433024851598
0,1,0.36367456805012793,0.6313063960148415,0.005019035935030593
0,0,0.7295729377859094,0.26974081973223624,0.0006862424818543872
1,1,0.12135745021745262,0.8750688898589102,0.0035736599236371206
1,1,0.06235810516810185,0.8964038171125825,0.04123807771931567
1,1,0.4681568690186539,0.5273427891521045,0.0045003418292414955
0,1,0.11282537418904466,0.8733947763942644,0.013779849416690805
2,2,0.000611917286831408,0.10252959506304203,0.8968584876501267
2,2,0.0018708760943761647,0.2598263161488492,0.7383028077567747
1,1,0.4751665717811857,0.5201674551251372,0.0046659730936771115
1,1,0.43211737461550015,0.5644942084278715,0.003388416956628449
0,0,0.7383476929484949,0.2606927433175337,0.0009595637339712727
0,0,0.8809255423653638,0.11870043508109446,0.00037402255354159435
1,1,0.3960393625298842,0.5994825192391766,0.004478118230939124
2,1,0.05487667226053954,0.5880417993744066,0.3570815283650539
1,1,0.14602143267736858,0.8464639277832692,0.0075146395393623595
1,1,0.19601083991547527,0.8006797564310428,0.0033094036534820587
1,1,0.07978915494856301,0.5481976678016692,0.37201317724976785
2,2,0.0007656367596948564,0.21298836924557737,0.7862459939947278
1,1,0.09317878080741826,0.871691104537066,0.03513011465551563
0,1,0.42088646886413633,0.5701453815115141,0.008968149624349631
0,0,0.7076925983120078,0.2916875018268526,0.0006198998611394297
0,0,0.7220194480684541,0.27766122202409727,0.0003193299074485571
0,0,0.7788609813425402,0.22069557881645455,0.0004434398410053874
1,1,0.29695524204772833,0.6970318139610703,0.006012943991201349
1,1,0.049571776187442185,0.9315749817508626,0.018853242061695228
1,1,0.4133312263473505,0.5834340452154154,0.0032347284372339813
1,1,0.24265513627463142,0.7494015145417916,0.007943349183577036
1,1,0.24406038800449767,0.7524836115461477,0.003456000449354601
1,2,0.01430312148425221,0.4356585305808502,0.5500383479348977
1,0,0.5728002514371193,0.42621247134618306,0.0009872772166976843
1,0,0.5473150645551434,0.4484449089276137,0.004240026517242833
1,1,0.3126025692236652,0.6828300463258175,0.004567384450517376
0,0,0.6856860125926133,0.31263723796001514,0.0016767494473716982
0,1,0.33644033866973216,0.6543308321171676,0.009228829213100254
1,0,0.8763284626223932,0.12342028946432887,0.00025124791327796184
0,0,0.9126735205445914,0.08719215909405235,0.0001343203613563713
0,0,0.7369682345516132,0.26211424797987487,0.0009175174685120351
1,1,0.14038698698756066,0.8273707308433782,0.0322422821690612
1,1,0.18874060057544695,0.7897847173511494,0.02147468207340353
0,0,0.8199871207060832,0.17958189457124146,0.0004309847226755319
0,0,0.514646862866048,0.4842512261908312,0.0011019109431207475
1,0,0.6074505340506373,0.39118372077354746,0.0013657451758151697
1,1,0.19767042544005717,0.7875988351114473,0.014730739448495475
1,1,0.19286266624686443,0.8018760913155271,0.005261242437608419
0,0,0.7945380804171364,0.20468026897712419,0.0007816506057394836
1,1,0.32604260218988074,0.6705827963555574,0.003374601454561888
1,0,0.6178697715144656,0.38141836631692455,0.0007118621686098605
0,0,0.5293529991881087,0.4691934865084437,0.0014535143034475283
1,1,0.2899961104693466,0.7002964523046343,0.009707437226019031
2,2,6.564943559430276e-05,0.009782327401719151,0.9901520231626866
1,0,0.8922556408035335,0.10756071410628003,0.00018364509018643736
0,1,0.17737859692543573,0.8007390515936863,0.02188235148087806
2,1,0.020668213165547816,0.7086258727241359,0.2707059141103163
1,0,0.5296561383969095,0.4686537158544729,0.0016901457486175407
1,1,0.4591601312550408,0.537768347401556,0.003071521343403262
0,0,0.6237154633045785,0.3752937020622585,0.000990834633162981
1,1,0.16959643792483037,0.8160653451976372,0.01433821687753241
1,1,0.054682691056739785,0.9191067468601207,0.026210562083139488
1,1,0.42894695704399566,0.5659230478406885,0.005129995115315831
1,1,0.13287411674485755,0.8297887819793685,0.037337101275773964
0,0,0.9033495363738503,0.09649129164316746,0.00015917198298222158
1,1,0.41051336205506517,0.5872404822266297,0.002246155718305046
0,0,0.7557577239995917,0.2437619170031211,0.0004803589972873075
2,1,0.08738773401666834,0.8687407563247042,0.04387150965862764
0,0,0.566548223140223,0.4311370803935707,0.0023146964662062526
1,1,0.1419753017476691,0.8354482376003024,0.022576460652028375
0,0,0.6427648202056494,0.3564810151775916,0.0007541646167589601
1,0,0.6280411086753249,0.3711942591671862,0.0007646321574889035
0,0,0.7443021547543485,0.255084846407769,0.0006129988378825349
1,1,0.12408867783197865,0.8584920366779004,0.017419285490120888
1,1,0.22410382136891047,0.770318948086021,0.005577230545068464
0,0,0.8858234146143988,0.11385997870251233,0.00031660668308903915
1,1,0.17092188865481722,0.8080932885742871,0.02098482277089581
0,0,0.9050549764706426,0.09472240096809471,0.00022262256126276067
1,0,0.5340775918319768,0.4645423429039061,0.0013800652641171574
0,0,0.690219329367295,0.30895626358713046,0.0008244070455744323
1,1,0.2961650313202583,0.6972676492366298,0.006567319443112075
0,1,0.47841749923856247,0.5178245156916149,0.003757985069822623
0,0,0.8428872229417803,0.15668281836291822,0.0004299586953014091
0,0,0.902944576479295,0.0969020128838692,0.00015341063683589257
1,1,0.45201207801530735,0.5460109175052766,0.001977004479416008
1,0,0.7070134911544844,0.2924365028753627,0.0005500059701529572
1,1,0.039480693342003145,0.905925808267585,0.05459349839041194
0,0,0.6214729578604936,0.3761041325871115,0.0024229095523949327
1,1,0.18766336838904307,0.7926756336096876,0.019660998001269202
0,0,0.7053826503565666,0.2939420538774287,0.0006752957660048063
0,0,0.667063946225262,0.33121590604505,0.0017201477296879901
0,1,0.15274991264959792,0.8250831964131426,0.02216689093725949
1,1,0.08487426252110283,0.8959145939996733,0.019211143479223824
1,1,0.4263414064563111,0.5723817981385575,0.0012767954051314829
0,1,0.1765952563686537,0.8088728500230803,0.01453189360826609
1,0,0.6845624394603123,0.3139680263950085,0.0014695341446792011
1,1,0.3039478589974966,0.6865425911581359,0.009509549844367443
0,0,0.9295128730307703,0.07041619371881327,7.093325041650952e-05
0,0,0.6405169338919903,0.35720005317778175,0.0022830129302278644
1,0,0.8335098639110744,0.1658840822661985,0.000606053822727083
0,0,0.684533910026677,0.3142568826213425,0.001209207351980579
1,0,0.740064680897595,0.2595701023644176,0.00036521673798746516
0,0,0.692701427723019,0.3061225638884442,0.0011760083885367925
0,0,0.8220502420781776,0.17777888353564408,0.00017087438617828515
0,0,0.7952416437657418,0.2040097524354174,0.0007486037988408357
1,0,0.5207661257673221,0.4727539966660193,0.006479877566658597
1,1,0.48935293758923903,0.5064688825676626,0.004178179843098338
0,0,0.6830483698022831,0.315628732996766,0.0013228972009507256
0,0,0.7349005704851783,0.2631240074383453,0.0019754220764764195
1,0,0.6294427789314729,0.36941463070673725,0.0011425903617898342
1,1,0.216625866085105,0.77753944720119,0.005834686713704914
1,1,0.24914139969296248,0.7453613407660359,0.0054972595410016966
0,1,0.4076719107875864,0.5814987363119055,0.010829352900507986
1,1,0.061258599051888636,0.9108181239594388,0.027923276988672453
1,1,0.4310308593903436,0.5621630779096352,0.006806062700021264
0,1,0.43632647041048095,0.559393728780345,0.004279800809173935
1,1,0.37295465411373757,0.619160106778254,0.00788523910800844
1,1,0.14867677693776496,0.8107969346817933,0.04052628838044172
1,0,0.8541654104692133,0.1456089019787615,0.00022568755202506178
1,1,0.07245103749153761,0.9024427652314069,0.02510619727705545
1,1,0.3360919736454259,0.6582723553333266,0.005635671021247508
0,0,0.9461815889824118,0.053795426311446286,2.2984706141881888e-05
1,1,0.2868408768320533,0.7081901409426734,0.004968982225273354
1,1,0.24114410397734487,0.7532950995612464,0.005560796461408716
0,0,0.8218036990051604,0.17782513826202295,0.00037116273281666317
1,1,0.2750259487697106,0.7169949535312158,0.007979097699073573
1,1,0.03162260694779792,0.5333554934889657,0.4350218995632364
0,0,0.528386191354217,0.46957716988345233,0.002036638762330597
1,1,0.495914657960835,0.502032251026465,0.002053091012700086
1,1,0.4619140667938438,0.5355184302814429,0.0025675029247133733
1,1,0.16937140886388452,0.8190478331799411,0.01158075795617426
1,1,0.10400563593480776,0.8787479813350332,0.017246382730159025
1,1,0.04259598369950817,0.9021578270406722,0.05524618925981982
1,1,0.20719077868017471,0.7834575535503485,0.009351667769476706
1,1,0.22140268615804592,0.7719566610555312,0.0066406527864229055
0,0,0.7793757673123115,0.2196783856713965,0.0009458470162918951
0,0,0.8699996823122937,0.1296259610998625,0.000374356587843794
1,1,0.023381756498859114,0.8908819760411236,0.08573626746001722
0,0,0.7976752554241084,0.20214447234758903,0.00018027222830245023
0,1,0.3250479916285095,0.6652812206111248,0.009670787760365672
1,1,0.047840054262671385,0.9062546468005467,0.04590529893678197
1,1,0.036077512391806864,0.9047238368169633,0.05919865079122969
2,2,0.00016938329045823884,0.10706183405522914,0.8927687826543126
1,1,0.2003250383078258,0.7859608945058255,0.013714067186348636
0,1,0.483529836090398,0.5151940227644285,0.001276141145173441
1,1,0.19834691626637332,0.7906605121557511,0.010992571577875582
0,1,0.2913595448829794,0.7034570700717482,0.005183385045272446
0,1,0.3378358519242013,0.6570004624391254,0.005163685636673242
1,1,0.11679762804640816,0.8541284911062607,0.02907388084733119
1,1,0.10253469773919911,0.8779179981345304,0.01954730412627052
1,1,0.3998761431984863,0.5952131571253871,0.004910699676126591
0,1,0.42772580929332304,0.5644042645402048,0.00786992616647211
1,1,0.17899526901775953,0.8137154374321494,0.007289293550091082
1,1,0.41650328725886254,0.5810798969495372,0.0024168157916002455
0,0,0.8913705540259597,0.10850870570268152,0.00012074027135888893
0,1,0.4777045555660034,0.5186623439972852,0.003633100436711327
1,1,0.1857453158370453,0.795329708604069,0.018924975558885716
1,1,0.1308525461149375,0.8293839134577685,0.039763540427294054
1,0,0.5790635064589784,0.41766835417103015,0.0032681393699914344
1,1,0.07944363085660071,0.8953096557257847,0.025246713417614645
1,1,0.046014304633579056,0.8766231833572392,0.0773625120091819
1,1,0.18036555303285556,0.8098614578691637,0.009772989097980639
0,1,0.29486885779744954,0.7008858777247743,0.004245264477776087
0,0,0.6562553335208022,0.3427592640798284,0.0009854023993693007
1,1,0.331836342261926,0.6628822609284154,0.005281396809658517
0,0,0.5597058240790058,0.43656899158935164,0.003725184331642477
1,1,0.11898851061143291,0.8651959557478663,0.01581553364070076
1,1,0.19346150945905186,0.7979161510206503,0.008622339520297785
1,1,0.21172766467340642,0.7832067262856466,0.005065609040946948
0,1,0.4626810710994744,0.5353291297112851,0.0019897991892404276
0,1,0.2581572657381026,0.7348038002561429,0.007038934005754611
0,0,0.6011707184722325,0.398313980890216,0.0005153006375515359
1,2,0.010624376273196524,0.41906795854967976,0.5703076651771237
0,0,0.5613539857870212,0.43527307304464374,0.0033729411683349588
0,1,0.4849948514529711,0.5117471803437057,0.003257968203323262
1,2,0.011973214401066095,0.36002996932503745,0.6279968162738965
0,0,0.7663218058577898,0.2333209107992592,0.00035728334295103526
0,0,0.8935459794251879,0.10626646310882104,0.00018755746599101233
2,2,0.004343601641293018,0.2695419483851014,0.7261144499736056
1,1,0.45623264402685587,0.5422438965288989,0.0015234594442452886
2,2,0.03756739603645786,0.341753798664729,0.6206788052988131
1,1,0.4870322214242724,0.5093095803166912,0.0036581982590364686
1,1,0.313351139060141,0.6786441368055112,0.008004724134347815
1,1,0.025766658284883143,0.8677334898304664,0.10649985188465037
1,1,0.11845453733106326,0.8686726212814339,0.012872841387502866
0,0,0.7060010179339347,0.29357731451164065,0.0004216675544246916
2,2,0.000913781342060132,0.1847470923426212,0.8143391263153186
1,1,0.2267381702650331,0.7633978239073304,0.00986400582763664
1,1,0.43863486830504606,0.5541313144244994,0.007233817270454633
1,1,0.344179055264024,0.6490808000936666,0.00674014464230929
1,1,0.3358615427943674,0.6597226944354146,0.004415762770217912
0,0,0.6491087138199845,0.3486957154166355,0.0021955707633799955
1,1,0.12441860824215431,0.8487469354198574,0.026834456337988245
2,2,0.0003886021189940073,0.06404022860713081,0.9355711692738752
1,1,0.22580996820381513,0.7648290509897976,0.009360980806387297
0,1,0.3989344663089421,0.5958382884668126,0.005227245224245245
1,1,0.1480849936787005,0.8481182561445644,0.0037967501767352035
0,0,0.6141411604214306,0.38400151805571725,0.0018573215228521122
1,1,0.2142170837605214,0.7699716889675287,0.01581122727194995
1,1,0.07340360425253067,0.8433885928482726,0.08320780289919671
0,0,0.860770985218356,0.13879792498431778,0.0004310897973261352
0,0,0.7208760665668882,0.2786381118591246,0.0004858215739872606
1,1,0.2766812171474696,0.7210202848453022,0.0022984980072281364
0,0,0.6430926584132695,0.3555785517431448,0.0013287898435858454
0,1,0.4694956660284004,0.5287224395694965,0.0017818944021030817
0,0,0.8280190954567476,0.17143148169580863,0.0005494228474437825
1,1,0.40934623016251687,0.5879629691111024,0.0026908007263807764
0,0,0.49877860012865877,0.4987614153296279,0.002459984541713362
0,0,0.5816729304912555,0.4170526558347077,0.001274413674036872
0,0,0.7628006917074972,0.23661766719215765,0.0005816411003451671
0,0,0.6444333626655102,0.3540431441913158,0.0015234931431739537
1,1,0.3252716207061332,0.6611631530411785,0.013565226252688299
2,2,0.00044705812416907114,0.07592919091793118,0.9236237509578997
2,2,3.101358273009048e-06,0.005959805953475653,0.9940370926882514
0,0,0.9128227625793937,0.08706780798868495,0.00010942943192122978
0,0,0.768453361923205,0.23054656151327868,0.0010000765635163294
1,0,0.9215093483035007,0.07834789618636145,0.0001427555101379449
0,0,0.6673835305895438,0.3318034561464542,0.000813013264001966
1,1,0.18361625129849204,0.8099039311360563,0.006479817565451763
0,0,0.5533591133791143,0.4454394007457321,0.00120148587515365
1,1,0.23150880484198333,0.7629080158198768,0.005583179338139941
0,0,0.5926356651883492,0.4064273545223491,0.0009369802893015817
0,0,0.82951787197898,0.17024170737039868,0.00024042065062130684
1,1,0.042603315608612365,0.9167971241305757,0.04059956026081195
0,0,0.5076017549269777,0.48759712348574163,0.0048011215872807034
0,0,0.8863332418667134,0.11334983292062767,0.00031692521265888407
0,0,0.8591556939170678,0.14060541426360768,0.00023889181932447624
2,2,0.0010890161992947308,0.1468294630915122,0.852081520709193
0,0,0.7688735232483711,0.23060237453304663,0.0005241022185823298
2,2,0.0074276674126633035,0.42810761703177136,0.5644647155555653
0,0,0.6714368048425284,0.3281839959618208,0.00037919919565067913
0,0,0.8159755883192905,0.18340886986184518,0.0006155418188642914
0,2,0.035617925991367934,0.4594429853153671,0.504939088693265
0,0,0.5517445487329565,0.4466898677814474,0.001565583485595994
0,1,0.4630433216264122,0.5335156368158761,0.0034410415577117003
1,1,0.45598119594454434,0.5397672045673362,0.004251599488119488
0,1,0.4673025840411766,0.53078862254857,0.0019087934102535017
0,0,0.7458920667778756,0.2528843858861499,0.0012235473359745706
0,0,0.7502570265148175,0.24863252556302085,0.0011104479221615917
1,1,0.1784308342751653,0.8079862102176684,0.013582955507166398
0,0,0.7644685191043055,0.23453398881083784,0.000997492084856777
1,0,0.6335804723538786,0.3639524845432256,0.0024670431028956854
0,0,0.5085967171136428,0.4902923510926556,0.0011109317937015451
0,1,0.22802886567624758,0.766474221941173,0.005496912382579395
0,0,0.5743356392877442,0.42235733614226023,0.0033070245699954627
1,1,0.20158259051802246,0.7852107532179323,0.013206656264045184
2,2,0.0015020263270033682,0.1538360213139162,0.8446619523590805
1,0,0.5121394392758266,0.48478768982119747,0.003072870902976013
1,1,0.2550747216501541,0.73526500892588,0.00966026942396579
0,0,0.7253968685442438,0.2736664543641647,0.0009366770915915808
0,0,0.7401296768933457,0.25890820081991417,0.000962122286739985
1,1,0.4489691307797982,0.54427532953196,0.006755539688241734
2,2,0.0015482002815416227,0.16645004543812245,0.832001754280336
1,1,0.2066643830098652,0.7859133436554971,0.007422273334637754
0,1,0.3473869200763383,0.6475240030860135,0.005089076837648079
0,0,0.7631470483422953,0.23600610799144264,0.0008468436662620843
1,0,0.8680462370274346,0.13154163784987064,0.00041212512269492833
1,1,0.4679485796192383,0.5297883283301211,0.002263092050640556
0,0,0.9319973063836248,0.06793572679282472,6.696682355062647e-05
0,0,0.5636537160316025,0.4342411087432051,0.0021051752251923755
0,0,0.6688355784364692,0.3289898403977889,0.0021745811657419437
1,1,0.0742149550103223,0.898733095527318,0.02705194946235972
0,0,0.7589741282969877,0.2406586373945057,0.0003672343085065215
1,1,0.21095814606643223,0.7713904787317005,0.01765137520186726
2,2,0.007073360380774415,0.24062247000053913,0.7523041696186864
0,0,0.5925153260806733,0.4042423698614846,0.0032423040578420667
1,0,0.542220481146162,0.454921522154864,0.002857996698974131
0,0,0.6572063520437773,0.34156384922801847,0.0012297987282042123
0,1,0.41638872498226576,0.5792843080954317,0.004326966922302531
0,0,0.7827690424678363,0.21676302260478555,0.0004679349273781909
1,1,0.06725918149281984,0.8951366335935064,0.03760418491367372
1,1,0.03584945377764118,0.9295650441710479,0.03458550205131086
1,2,0.012918802109503635,0.42252364038128976,0.5645575575092067
0,0,0.5972188502750797,0.40136978663100964,0.0014113630939107031
0,0,0.718212545914041,0.28077446627973496,0.0010129878062239918
0,0,0.5628445806791103,0.43440458968979173,0.002750829631097985
0,0,0.6018652711240392,0.3974561992830793,0.0006785295928814512
0,0,0.9303407532538644,0.06957389541610141,8.535133003411767e-05
0,0,0.8199428385653141,0.1796114100419776,0.0004457513927082977
0,1,0.05154665292667035,0.926009248197112,0.02244409887621776
1,1,0.20226095637987643,0.7918427818933166,0.005896261726806894
2,2,0.00583523944053302,0.2609801052331262,0.7331846553263408
1,1,0.24013262759236942,0.7521193244749954,0.007748047932635287
0,1,0.08918771046188415,0.8880568426783363,0.02275544685977942
0,1,0.14017336465910102,0.8540029623236164,0.0058236730172827435
1,1,0.3349528126025606,0.660727180288863,0.004320007108576401
0,0,0.8693747425786161,0.1301512441368753,0.0004740132845086199
0,0,0.6440611177917402,0.35470208468454417,0.0012367975237154462
1,1,0.13680848474076188,0.8438419574409598,0.019349557818278403
1,1,0.17365293316866354,0.8071120571958096,0.01923500963552684
0,0,0.7528383075816218,0.24621679875562258,0.0009448936627554849
2,2,0.0002744600634750665,0.08539977172866448,0.9143257682078605
1,1,0.08144896727323252,0.8946732932786466,0.023877739448120945
0,0,0.5951818879213634,0.4036691350660886,0.0011489770125480514
2,2,0.004310906506480073,0.43038807431269427,0.5653010191808256
2,2,0.032619813099537744,0.4285932906262503,0.538786896274212
1,1,0.06105523521781086,0.8572614714447732,0.08168329333741603
0,0,0.5711533085038474,0.4280461040677588,0.0008005874283938338
1,1,0.3236462158294876,0.6738408721395631,0.002512912030949256
1,0,0.5073665262470654,0.4906996764165404,0.0019337973363942591
1,1,0.1446397210085213,0.8278205374476272,0.027539741543851637
0,0,0.6914976399135893,0.30773377279054054,0.0007685872958703035
2,2,0.00022451670419144503,0.0640606720560038,0.9357148112398047
1,1,0.10512376468604728,0.8669442148395037,0.027932020474448975
0,1,0.04021928248828566,0.9287615631692562,0.03101915434245827
1,1,0.34900303511163966,0.6435852953014883,0.007411669586871914
1,1,0.285126158550567,0.7056031365744887,0.009270704874944455
1,0,0.531847154695596,0.46038281218014343,0.007770033124260704
0,0,0.5121281745496284,0.4865923984748535,0.00127942697551809
1,1,0.05818530351524307,0.854310358756461,0.08750433772829591
1,1,0.06784924801198487,0.9165682157331817,0.015582536254833319
1,1,0.2740107095619356,0.7188769405923112,0.007112349845753162
1,0,0.8296060565092137,0.169928007633565,0.0004659358572213542
2,2,2.833369542842952e-06,0.005624142230222016,0.9943730244002352
1,1,0.14068956173421318,0.8475933464924157,0.011717091773370996
1,1,0.05299931602924181,0.9186735407979721,0.028327143172786118
1,1,0.20022630341870953,0.795097151269746,0.0046765453115443344
1,0,0.7332374690943501,0.2661008576046139,0.0006616733010359669
1,0,0.838395612969626,0.1612580622501423,0.0003463247802318284
1,1,0.3877148779367882,0.6109282989759957,0.0013568230872160832
0,1,0.12494139550394583,0.8602161473143708,0.014842457181683465
1,1,0.0588396306624125,0.8573950802764828,0.08376528906110459
1,1,0.13170112186905628,0.8502537752120589,0.018045102918884826
1,1,0.2717155853901316,0.717375133453671,0.010909281156197532
0,1,0.3787484608181963,0.616338691312551,0.004912847869252625
0,0,0.8642787018663206,0.13539049637171127,0.000330801761968071
1,1,0.32034869103402547,0.672392827547456,0.007258481418518517
0,0,0.5841782029869618,0.41420473907645544,0.0016170579365828795
1,1,0.2767586070954617,0.7178643488137575,0.005377044090780776
1,1,0.032334028664091054,0.9041835648807256,0.06348240645518335
1,1,0.18460105850603925,0.7981939433205149,0.01720499817344585
1,1,0.12814630873980126,0.8418021810842259,0.03005151017597278
1,1,0.016749288567372705,0.6691312787762023,0.314119432656425
1,1,0.3527003387821622,0.6401029534383305,0.007196707779507371
0,0,0.6712181848829312,0.3282659762625761,0.0005158388544928975
1,0,0.6926412446279052,0.306823927005693,0.0005348283664018137
0,1,0.18059323163196583,0.8087723645241895,0.010634403843844637
0,0,0.7839982464128603,0.21546644050819688,0.0005353130789428446
1,0,0.6361302394409817,0.36270795376516995,0.0011618067938483545
1,0,0.5505906721729201,0.44766201440973236,0.001747313417347519
0,0,0.8418278878191726,0.15778298891804302,0.000389123262784384
0,1,0.26014025270474816,0.7360673699398869,0.0037923773553649597
1,1,0.05361141296954578,0.9194371733924595,0.026951413637994772
0,0,0.7237592883363496,0.27584634812990727,0.0003943635337430847
2,2,0.001819508302784009,0.20292293945768552,0.7952575522395304
1,1,0.12905164091046864,0.8527708831258347,0.018177475963696663
0,0,0.7872601848823761,0.2124937105443961,0.0002461045732278802
0,1,0.4807178203462775,0.51578212790981,0.0035000517439125194
1,1,0.32425685196541315,0.6694778224052893,0.0062653256292976335
1,1,0.0865843470628942,0.8806168659265224,0.03279878701058334
1,0,0.882945020763393,0.11697953597308439,7.544326352263456e-05
0,0,0.8489615037252661,0.15065462799164628,0.00038386828308756336
1,1,0.3134522203327152,0.6812916823647328,0.00525609730255197
1,1,0.3767156934755485,0.6169408669772595,0.006343439547192048
0,1,0.44977291174607803,0.5458849820471199,0.004342106206802115
0,1,0.4316761281900283,0.5641087818076548,0.004215090002316885
1,1,0.2769925565855692,0.7193629131767164,0.003644530237714441
1,1,0.3277384735034456,0.6671630437117066,0.0050984827848478045
1,1,0.09613486887194511,0.8846148049991225,0.019250326128932467
0,0,0.8087947166131583,0.19080954993434207,0.0003957334524997843
1,1,0.22789890520460646,0.7645897110789477,0.007511383716445869
0,1,0.060024434748218884,0.9133934897289517,0.026582075522829453
1,1,0.1564431548435498,0.8352115730175709,0.008345272138879218
1,1,0.47653350682283724,0.5196577038108959,0.003808789366266821
0,0,0.678456933186265,0.3204219293245909,0.001121137489144188
0,0,0.7200100775741531,0.2797708926539591,0.00021902977188770968
1,1,0.20385908311189135,0.789720467318687,0.0064204495694218655
1,2,0.01393274367213912,0.36405857276554804,0.6220086835623129
1,0,0.6468144765662246,0.3525112947002963,0.0006742287334790414
2,2,0.00041625591846536163,0.056920566636066566,0.9426631774454681
1,1,0.14633403219396426,0.8198621608480618,0.03380380695797405
1,0,0.5905124537974482,0.4074287068938792,0.0020588393086725014
0,1,0.2683159448745446,0.7251515205770881,0.006532534548367456
0,0,0.8100704399325909,0.18959692517919702,0.00033263488821222686
0,0,0.7118945986328339,0.2874935285660233,0.000611872801142757
1,1,0.3297158990524767,0.6671064523810841,0.003177648566439084
0,1,0.4465288834212887,0.5525797121078884,0.0008914044708228403
1,1,0.11024394889771404,0.8793778024853607,0.010378248616925236
1,1,0.2043710550528066,0.7892174218941087,0.006411523053084666
1,1,0.1692818609730529,0.8100022910366402,0.020715847990306874
0,0,0.5348877170922344,0.46394158648087674,0.001170696426888783
1,1,0.18050003319249053,0.8102722948297848,0.009227671977724576
0,0,0.8730935727580413,0.12655089165751704,0.0003555355844415628
1,1,0.36068294668284795,0.633974407950914,0.00534264536623816
1,1,0.05752860888019011,0.9192870654936465,0.02318432562616349
1,1,0.12667514589808168,0.8412105859582582,0.03211426814366016
0,0,0.8309756548883586,0.16882961566058305,0.00019472945105838504
0,1,0.1651972835730824,0.8182920700162873,0.016510646410630405
0,0,0.7141176196972766,0.2846382933975804,0.001244086905142989
0,0,0.5970871673512684,0.4011006145122259,0.0018122181365056351
1,1,0.2607380202633395,0.7343248242524115,0.004937155484248933
0,0,0.7509749158953898,0.24831796611283605,0.000707117991774193
1,1,0.023605936587543893,0.9151220411201095,0.061272022292346344
0,1,0.41466603586179307,0.5837361484886703,0.0015978156495366992
0,0,0.7918440379878953,0.20792797052406178,0.0002279914880428698
0,0,0.8178594537148074,0.1817317632864274,0.00040878299876525497
0,0,0.7939397842018786,0.2053116669166489,0.0007485488814724965
0,1,0.23764946767005604,0.7563066223292761,0.006043910000667814
0,0,0.7006184481552665,0.29851193881594706,0.0008696130287865003
1,1,0.17356161233713563,0.7668519404851644,0.05958644717770008
1,1,0.173230402241427,0.8101909178140672,0.016578679944505834
0,1,0.22721297497972448,0.7677490404673876,0.005037984552887797
2,2,0.022949443335110998,0.4430508063135414,0.5339997503513476
1,1,0.387582512396615,0.6089838494925797,0.003433638110805195
0,0,0.729976009099973,0.26933104524623985,0.0006929456537871754
1,0,0.6773322557264773,0.3222378110262844,0.0004299332472381873
1,1,0.058237976999018885,0.9147776718631069,0.02698435113787422
1,1,0.1193243122010121,0.8725324357463985,0.008143252052589466
1,1,0.22140609682986476,0.7587519049188558,0.019841998251279504
0,0,0.5212812557197509,0.47489225660727385,0.003826487672975262
1,0,0.7294786790743982,0.2694876822114739,0.0010336387141279023
1,1,0.040560060665414045,0.8695146139355824,0.08992532539900365
1,1,0.22356363453877737,0.7437144268009517,0.03272193866027085
1,1,0.34565084996108314,0.6500110610872096,0.004338088951707111
2,2,0.004037049682924859,0.27972867569695853,0.7162342746201167
1,0,0.5334286709288515,0.4651522877059671,0.0014190413651814205
0,1,0.189479331253347,0.8040214786283508,0.006499190118302154
0,0,0.5149665618263344,0.4817518115203331,0.0032816266533326
1,1,0.4178110105965636,0.5767543231561512,0.00543466624728524
0,1,0.2545317448828667,0.7347277374839317,0.0107405176332016
0,0,0.5247397126535135,0.4712023787010646,0.004057908645421947
0,0,0.5324696633048858,0.46549721548350087,0.0020331212116134257
1,1,0.29801386349429243,0.6832524211472387,0.01873371535846882
2,2,0.0022136778749431143,0.24254297483221648,0.7552433472928405
1,1,0.054650194309112186,0.9102213734899353,0.03512843220095247
1,1,0.17246024752470415,0.8123931699268175,0.015146582548478262
1,0,0.5647416735143277,0.43018131717765506,0.005077009308017371
1,1,0.1721256800454904,0.8027770186700479,0.02509730128446167
0,0,0.5639138291236943,0.4329730563743812,0.0031131145019244423
1,1,0.43401874891463604,0.564189152939667,0.001792098145696923
1,0,0.6724131380521028,0.32685032008041004,0.0007365418674870769
1,1,0.31935609020207034,0.6754681178476382,0.005175791950291414
1,1,0.16447013798717594,0.818539138037317,0.01699072397550709
0,0,0.7466042676620912,0.25225662640036106,0.0011391059375477565
0,0,0.8960662401039757,0.10380153259676847,0.0001322272992557379
1,1,0.21602175122523398,0.7790376291133524,0.004940619661413729
1,1,0.49513717857667433,0.5035181556124936,0.0013446658108321316
2,2,0.010976323231761705,0.3152259993430023,0.673797677425236
1,1,0.015308605478248801,0.6642122723273101,0.320479122194441
0,0,0.8942955766271237,0.10549792187851056,0.00020650149436578328
0,0,0.8353980545866084,0.1642327204646116,0.00036922494878013017
1,1,0.30621765460468875,0.683353702031438,0.010428643363873292
0,1,0.04461907754792882,0.5031871559433242,0.452193766508747
2,1,0.10093688702498574,0.8772335656389717,0.021829547336042462
1,1,0.4578479492238344,0.5411236643869092,0.0010283863892564262
2,2,0.009333285555621035,0.2790231670435317,0.7116435474008472
0,0,0.6646705457340237,0.3345025278858429,0.0008269263801333264
0,0,0.5028017075204195,0.4846069431989152,0.012591349280665336
1,1,0.4331599095075156,0.5644737579288943,0.0023663325635900016
1,0,0.6432689127992494,0.3559937138062298,0.0007373733945208825
0,0,0.859481007538982,0.1402360825163496,0.00028290994466825543
0,1,0.4302290958029881,0.5608996513462465,0.008871252850765409
0,0,0.8003094206742207,0.19938951715400838,0.0003010621717708299
0,1,0.3760075927375959,0.6172661254290212,0.006726281833382942
1,1,0.2694784595807025,0.7251189284431534,0.005402611976144226
0,0,0.7497405900062445,0.24916152712809572,0.0010978828656598254
1,1,0.17538701766969497,0.7997811869437284,0.024831795386576823
0,0,0.8194060867166679,0.18004324028899488,0.0005506729943370842
0,0,0.8209852025868304,0.17887084481735774,0.00014395259581180704
1,1,0.025050312476056234,0.9135045302511824,0.06144515727276137
1,1,0.4333837238463095,0.5638380293201615,0.0027782468335290065
1,1,0.2847766405906752,0.7076144456263231,0.007608913783001823
1,1,0.043182848401156965,0.8592295949442793,0.0975875566545638
1,1,0.10992050910545073,0.8793795209461687,0.010699969948380707
1,1,0.13075826016627418,0.8559295363557297,0.013312203477996021
1,0,0.5800643822166673,0.4177603626936772,0.002175255089655346
0,0,0.6797503312078016,0.3194999037612067,0.0007497650309918907
0,1,0.38864333756851516,0.607358885209379,0.003997777222105907
0,0,0.8066896342826564,0.19300481952794274,0.0003055461894008739
0,0,0.7859270267031022,0.2132128737629639,0.0008600995339338441
1,1,0.13485703965770976,0.8482233268893303,0.016919633452959906
1,1,0.1032943511433955,0.8725287699596286,0.024176878896976027
1,1,0.17943031362893708,0.8080853422742131,0.01248434409684987
1,1,0.1737399043108047,0.7986182988166337,0.027641796872561634
1,1,0.36095090701755145,0.6358158849151528,0.003233208067295772
0,0,0.7201493248674352,0.2794610688591398,0.0003896062734249956
2,2,0.008072807298327489,0.3591811300934677,0.6327460626082049
0,0,0.6066960525217207,0.39087566343441876,0.0024282840438606466
0,0,0.77165640644216,0.22799099752959037,0.0003525960282494238
0,1,0.3259068895601608,0.6682091590724438,0.0058839513673954085
1,1,0.09542202432661437,0.8863811730348918,0.01819680263849378
1,1,0.08924762541724866,0.880085259962174,0.030667114620577397
1,1,0.15087221184746114,0.8365990733181882,0.012528714834350658
2,1,0.05389149770412808,0.846202481530659,0.09990602076521293
1,1,0.08881120808171808,0.8971872929142742,0.0140014990040077
0,1,0.4895877707418567,0.5091157648807498,0.0012964643773933724
0,0,0.7954726283773952,0.20383361347027731,0.0006937581523277056
1,1,0.18628428195556024,0.8022879564471244,0.011427761597315483
1,1,0.3427853099519172,0.64551994368247,0.011694746365612713
1,1,0.29807894233789217,0.6951506457046674,0.006770411957440416
1,1,0.3721322926761412,0.6249832851318996,0.0028844221919591935
1,1,0.15182527325865458,0.8425407872694959,0.00563393947184951
0,0,0.7731295031670226,0.2258456030014871,0.0010248938314902868
1,1,0.14221845760856977,0.8382841978043633,0.01949734458706705
0,1,0.23938621194252124,0.7538613680142571,0.006752420043221675
1,1,0.07464523133776492,0.867425542413146,0.05792922624908921
0,1,0.06500440916896894,0.914632891081784,0.020362699749247083
1,1,0.07124316855335927,0.9005952768623058,0.028161554584334888
1,1,0.015014697165048505,0.9061818680109687,0.07880343482398278
1,0,0.5834824069276336,0.41556786684009434,0.0009497262322721776
0,0,0.6910054156197699,0.30798542783136457,0.001009156548865581
1,1,0.30364394786493937,0.6886635326103233,0.00769251952473739
2,2,0.015270983777089695,0.3466994813152205,0.6380295349076899
2,2,0.0021464565371851537,0.23634759668501615,0.7615059467777987
1,1,0.043700113391809056,0.8881132218525551,0.06818666475563587
0,0,0.8256802453187204,0.17404854639564654,0.00027120828563297056
1,0,0.6421591797727703,0.357067311773614,0.0007735084536156296
1,1,0.14148744421089857,0.8444273003349578,0.014085255454143563
1,1,0.25706730926949406,0.7322740483451985,0.010658642385307376
0,0,0.8709190329760917,0.1288856792834614,0.00019528774044692146
1,1,0.4970236753431753,0.49776717428512296,0.005209150371701773
2,2,0.005928275404374363,0.2752329387390812,0.7188387858565445
0,0,0.6572147435655077,0.34152237767113586,0.001262878763356463
0,1,0.481612538633899,0.5124772620289479,0.005910199337153033
0,0,0.5718419853792023,0.42642438174809655,0.0017336328727012627
1,1,0.16099522733093713,0.8266224882569683,0.012382284412094787
1,1,0.36698475204951164,0.6278737048002656,0.0051415431502227415
0,0,0.7187665354546979,0.2806976249870646,0.0005358395582375704
1,1,0.06731717891395339,0.8996325400994827,0.033050280986563915
2,1,0.07569648969059009,0.8802667772890417,0.044036733020368306
0,0,0.8112009822903694,0.18853520160582676,0.00026381610380395344
0,0,0.8222372302550927,0.17759119907390558,0.00017157067100175499
0,1,0.07051301895214278,0.8709573110663696,0.05852966998148762
1,1,0.25396811951184795,0.7398102192874829,0.006221661200669232
1,1,0.16440550509277688,0.8299512446192299,0.005643250287993206
1,0,0.5055340489799037,0.49383531117680124,0.0006306398432949537
1,1,0.20045202190925118,0.7840691977211371,0.015478780369611655
1,1,0.033111813382171056,0.9110606781003073,0.055827508517521725
1,0,0.7633259129131,0.236232300908824,0.0004417861780760445
0,1,0.35100093227472723,0.6444329500125797,0.004566117712693009
1,1,0.2330383908732747,0.7568744214152843,0.010087187711441013
1,0,0.5491079683279472,0.4487724608773263,0.002119570794726521
1,1,0.22697449503042408,0.7652099097075609,0.007815595262014969
0,0,0.9052667782992089,0.09459660434850224,0.00013661735228909098
1,1,0.18802092865021147,0.8062492398495665,0.005729831500221944
0,1,0.05897237358522223,0.917710549287563,0.02331707712721461
1,0,0.7667501249638273,0.23280221126432396,0.0004476637718487321
0,0,0.6024854832314956,0.39505122483845406,0.0024632919300503356
0,1,0.47005607281385475,0.5248756195543955,0.005068307631749757
0,0,0.5245065164103832,0.47111872458043014,0.0043747590091866816
0,0,0.7299563135736883,0.2694766801071535,0.000567006319158326
0,0,0.716180219589098,0.2826241367286104,0.0011956436822915418
1,0,0.6402652366306982,0.3582068982343086,0.001527865134993328
1,1,0.38461215073085864,0.6086704641742795,0.006717385094861812
0,0,0.6366971767065508,0.36125575685243294,0.0020470664410163334
1,1,0.25509333263724965,0.7260289259047922,0.018877741457958293
0,0,0.9030875684105844,0.0966691857051342,0.00024324588428150016
0,0,0.9067000078906041,0.0931200227438648,0.00017996936553119023
1,1,0.16479539658800835,0.8026711595720033,0.0325334438399882
1,1,0.12756410600618023,0.850200967308534,0.022234926685285875
0,1,0.2591342971471407,0.735936059209064,0.0049296436437951925
0,0,0.6537564102311362,0.3455138296876238,0.0007297600812401087
1,1,0.22650594674520275,0.7669901957656912,0.006503857489105958
0,1,0.288849187694947,0.7050982872075094,0.006052525097543761
1,1,0.1913381844683465,0.7961648693454039,0.012496946186249604
0,0,0.8046341163249414,0.19450401683764593,0.0008618668374126316
1,1,0.1699968721917807,0.8251337007926846,0.004869427015534799
1,0,0.711583342740433,0.2869213035576007,0.0014953537019663649
1,1,0.25967261122709506,0.7303265910652502,0.010000797707654628
1,1,0.2042163403917263,0.7910980569858636,0.004685602622410189
1,2,0.026097825722180445,0.4064120405529107,0.5674901337249089
0,0,0.925303979704933,0.07460487436368939,9.114593137773044e-05
1,1,0.2232335340389868,0.7605572302852585,0.01620923567575492
0,1,0.09762370491924148,0.8802987318418195,0.022077563238938988
1,1,0.13039090139489512,0.8558236638779311,0.013785434727173796
1,0,0.7289814247604077,0.26897807783173916,0.0020404974078530274
1,1,0.14755472351958443,0.8178709847828597,0.034574291697555874
1,1,0.10930987832302594,0.87993251571805,0.010757605958924044
1,1,0.24471998566523798,0.7473004546973657,0.00797955963739622
0,0,0.684131245117824,0.3149803388334274,0.000888416048748563
1,1,0.47530660631311666,0.5234759140287667,0.001217479658116583
0,0,0.812194763173769,0.1870924237451584,0.0007128130810724696
0,1,0.4964720681369681,0.49970199300736434,0.003825938855667452
1,1,0.1453998096266756,0.8364147366958088,0.018185453677515565
2,2,0.0002379446636028119,0.02059914542452994,0.9791629099118672
0,0,0.7481421960028057,0.25132083074634126,0.0005369732508529076
1,1,0.38482157095265074,0.6053655769948428,0.009812852052506356
1,1,0.2633228109034294,0.7308808617600723,0.005796327336498394
1,0,0.6005065426160783,0.39868140440971067,0.0008120529742110294
0,0,0.8439385099088694,0.15577164560729617,0.00028984448383445957
0,0,0.7507512396365543,0.24845132500048875,0.0007974353629569262
0,1,0.16130742102945783,0.8200281924028954,0.018664386567646768
0,0,0.874132075618147,0.1256890571774977,0.00017886720435532135
0,0,0.8312096400160031,0.1682799367510925,0.0005104232329044206
2,2,0.00790573895782772,0.309859266655983,0.6822349943861893
0,0,0.5845186851774032,0.414328907253073,0.0011524075695237878
2,2,8.532354453523588e-05,0.04696546042517792,0.9529492160302868
1,0,0.7056794091779541,0.29330822135629225,0.0010123694657537573
0,1,0.13460211115718662,0.8388988228307371,0.02649906601207619
1,1,0.3265765064216491,0.6693068687364883,0.004116624841862792
1,1,0.3560280091515801,0.6400889591697868,0.0038830316786330867
0,1,0.3368869527207334,0.6580347990027388,0.005078248276527833
0,0,0.6332276593154524,0.3662233762992936,0.0005489643852540245
0,0,0.5892988540632738,0.4101820473705606,0.0005190985661657727
0,0,0.59658688855096,0.4026527822496135,0.0007603291994265602
0,1,0.239251171234778,0.7545454319518768,0.006203396813345153
0,0,0.6722202063388908,0.3272951631756849,0.0004846304854244064
2,2,0.00015252281985537542,0.014850330801118167,0.9849971463790264
0,0,0.7840950148520566,0.21566058684107295,0.00024439830687061047
1,1,0.31886328856563906,0.6738741571890677,0.007262554245293145
1,0,0.579759110256368,0.41929907744508693,0.0009418122985450934
1,1,0.4751348435577736,0.5230696965722514,0.0017954598699750108
1,1,0.23142068096583393,0.7595742312229468,0.009005087811219345
1,2,0.012438678501481509,0.35100343200699635,0.6365578894915221
1,1,0.48854540257718776,0.5082371003917392,0.003217497031073029
1,0,0.5596721842625126,0.43918052560161275,0.0011472901358746802
0,0,0.6528418658149496,0.3449743700923055,0.00218376409274493
1,1,0.3659215438330754,0.6231625747007371,0.010915881466187423
2,2,0.0016846691141102585,0.15355413318602093,0.8447611976998688
0,0,0.6540957910065288,0.34486700333052045,0.0010372056629507664
1,0,0.7185952771090416,0.2809931331532681,0.00041158973769017145
1,1,0.29552423752643564,0.6818179328106982,0.022657829662866086
0,0,0.7482250895749334,0.25060697395245934,0.001167936472607278
0,0,0.5065102819625499,0.49042975487796486,0.0030599631594853097
1,1,0.18193235087954682,0.8005666042634847,0.017501044856968382
1,1,0.10095662907683646,0.890444989869386,0.00859838105377762
2,2,0.008700938157805118,0.2819807867856237,0.7093182750565711
1,1,0.2125090375618381,0.7796305477374004,0.007860414700761556
0,0,0.542800682595233,0.45486426789747375,0.00233504950729315
1,1,0.38115846541421805,0.6066633262673167,0.012178208318465241
1,1,0.07254444085693514,0.8533066641056606,0.07414889503740422
1,1,0.34571161065561384,0.6437114976658367,0.010576891678549423
0,0,0.7171660588920827,0.2824366818446483,0.0003972592632689137
1,0,0.7748748389974047,0.22463933202945524,0.0004858289731401665
0,0,0.8506429777597866,0.14885263760842932,0.0005043846317840766
1,1,0.12834982082992016,0.8428780849845889,0.02877209418549098
2,2,0.006906475231453218,0.278882093752944,0.7142114310156027
0,1,0.379145749742778,0.6140815287406021,0.006772721516619919
0,0,0.7926363869060276,0.20700615201161757,0.0003574610823548578
0,0,0.7894216996888461,0.21002344758487146,0.0005548527262825136
0,0,0.7576756027133039,0.2416428999506474,0.0006814973360485895
0,1,0.36762700436075363,0.6166343756237004,0.015738620015545973
0,0,0.9300179307261324,0.06979475531743962,0.00018731395642809822
1,2,0.001198533224079627,0.12025885358201475,0.8785426131939057
1,1,0.10734990754357797,0.8592657702251273,0.03338432223129469
1,1,0.0683301420929423,0.8981231004323341,0.0335467574747236
2,2,7.718980336214217e-05,0.02776090756085251,0.9721619026357853
2,2,7.851827768185931e-05,0.03648995361797163,0.9634315281043466
1,1,0.10367740713807909,0.8885957332370834,0.0077268596248375706
1,1,0.32886292553691193,0.6652266929588443,0.005910381504243884
1,1,0.18159906774647244,0.7791961683938754,0.03920476385965208
1,1,0.05036520832265028,0.9226341344102301,0.02700065726711963
1,1,0.3068136215391902,0.6849616935952476,0.00822468486556231
1,0,0.5702761515713366,0.42817727351275153,0.0015465749159118123
1,1,0.26325747058634635,0.7300789481628516,0.006663581250801973
1,1,0.18748309520336298,0.8015806997044029,0.010936205092234107
0,1,0.4099418408072442,0.5839838723023095,0.006074286890446312
1,0,0.5208965110268251,0.47759297333415157,0.001510515639023373
1,1,0.3764703789434464,0.6204110670639754,0.0031185539925782024
1,1,0.30449988135754646,0.6903373704430537,0.0051627481993999766
0,1,0.34735931631005756,0.6398337172321382,0.012806966457804221
1,1,0.4378568598676029,0.5580912930095545,0.004051847122842625
1,1,0.15036976177344255,0.8279052635807778,0.021724974645779594
1,1,0.1729505970030319,0.7877569011339803,0.03929250186298783
0,0,0.6855991565728715,0.31377133957223113,0.000629503854897388
1,1,0.10513996669716726,0.8811721228960206,0.013687910406812078
0,0,0.5685561207185924,0.43077098480194376,0.0006728944794638563
0,0,0.8280934338962995,0.17150678783138545,0.00039977827231512086
0,0,0.6761294187912654,0.3228484863795233,0.0010220948292112464
0,0,0.6532214498380938,0.3459004930657245,0.0008780570961816997
1,0,0.8113685036947291,0.18817895731369688,0.00045253899157396145
1,1,0.3967192311935027,0.5985370960446899,0.00474367276180748
1,1,0.148023897188429,0.8352471708112251,0.016728932000345993
1,1,0.06668187056040287,0.5181250148123009,0.41519311462729636
1,1,0.46044667001458284,0.5329558017590775,0.006597528226339614
1,0,0.5007401901759886,0.49593101169426285,0.0033287981297485665
1,0,0.6501457244576296,0.34930036786166224,0.0005539076807080603
1,0,0.6982609358864453,0.30121525433139085,0.0005238097821639008
0,1,0.16305624943546856,0.8216651433189455,0.015278607245586072
1,0,0.49995527907515297,0.49857898208986073,0.001465738834986294
1,1,0.25226545871354383,0.7403584257631489,0.007376115523307237
0,1,0.15626686606647358,0.8130652851393146,0.030667848794211815
1,1,0.2532179352101797,0.7431197424823808,0.003662322307439402
1,1,0.1259093886088681,0.830648260510171,0.04344235088096083
1,1,0.2266501801019747,0.7669203138069988,0.006429506091026617
1,1,0.21508149539775495,0.781212682671814,0.003705821930431006
1,1,0.08474118732491263,0.8902453851324514,0.025013427542636017
0,0,0.7468408328220606,0.2528188332579788,0.00034033391996060087
1,1,0.11192189066732613,0.878421531745672,0.009656577587001915
1,1,0.068820295472735,0.8626201659667546,0.06855953856051049
2,2,0.0009539244847845669,0.18056153657715016,0.8184845389380653
0,0,0.7656819257490207,0.23359138547127334,0.0007266887797058999
0,0,0.7184324908190574,0.28059785903197304,0.0009696501489695775
1,1,0.19147895332007395,0.7954318487689571,0.013089197910969031
1,1,0.10635746064712877,0.8762138151368615,0.017428724216009692
1,1,0.010015018423632126,0.8892998775839998,0.10068510399236802
1,1,0.19753412439893112,0.7947211175289515,0.007744758072117243
0,0,0.5002441874484755,0.4969885306928681,0.0027672818586563838
1,1,0.05135060360385507,0.9269012290857377,0.021748167310407115
1,1,0.22416354742949424,0.7694378622408217,0.006398590329684077
0,0,0.7906041077490761,0.2089773939659075,0.0004184982850164506
1,1,0.06457204876380322,0.9129751118407667,0.022452839395430173
1,1,0.15393769704403962,0.8293856410589124,0.016676661897048025
1,0,0.6137585861260227,0.3855539862695521,0.0006874276044249749
0,0,0.8708627506019531,0.12894757964438724,0.00018966975365958106
1,1,0.046698413583369444,0.9274758969901925,0.025825689426437908
1,1,0.44205199233531156,0.5549453559938985,0.0030026516707899
1,1,0.4895322638766304,0.5086916279457855,0.0017761081775841414
0,1,0.27935929326603204,0.713555676809503,0.007085029924465019
0,0,0.550104272851727,0.4471237733482418,0.0027719538000310962
0,0,0.8116754210969854,0.18818138882006374,0.00014319008295082117
2,2,0.0001414163097817911,0.06878355471562737,0.9310750289745909
1,1,0.3186712524279186,0.6666321159661583,0.014696631605923044
0,0,0.8549381417230558,0.1449145150953148,0.00014734318162927347
0,0,0.9245398902946249,0.07532834581272203,0.0001317638926530477
1,1,0.11014239658617543,0.8688469495211765,0.02101065389264817
0,0,0.7767902977027683,0.22238492218815128,0.0008247801090803708
0,0,0.7825842332328928,0.21681205836721507,0.0006037083998921035
1,0,0.6689035807088384,0.32910336036775084,0.0019930589234107726
0,0,0.8643309789681015,0.13542114862496096,0.00024787240693748875
1,1,0.16302653471284936,0.8280154629543115,0.008958002332839173
1,1,0.1874603831932243,0.8063761028976624,0.006163513909113428
1,1,0.2690469530210573,0.7095219310250738,0.021431115953869047
0,0,0.7912211126830965,0.2082698015950139,0.0005090857218897312
0,0,0.7410160578111497,0.2578077295649465,0.0011762126239036961
1,1,0.4335430753402658,0.5559580240183091,0.010498900641425184
0,0,0.5278701433119942,0.46849089603563815,0.003638960652367612
1,1,0.13437140365746114,0.618613664733642,0.2470149316088968
1,1,0.04593102292155062,0.9118629382312251,0.042206038847224264
1,0,0.5809796721031412,0.41711718428145267,0.0019031436154061797
1,1,0.11753351809329568,0.8699094909205213,0.01255699098618285
1,1,0.254239834413573,0.7406282689943349,0.00513189659209215
0,0,0.7918504065455431,0.20775960729410245,0.00038998616035459824
1,1,0.314042502594669,0.6790621570377702,0.006895340367560734
0,0,0.9283513390306651,0.07160821741617396,4.044355316084802e-05
1,1,0.0947057556922744,0.8872936801873368,0.01800056412038881
1,1,0.09739418586104615,0.8757948364162457,0.02681097772270805
1,0,0.5398856422727362,0.4593181777655332,0.0007961799617306124
1,2,0.00869979696047438,0.29737553382680826,0.6939246692127173
1,1,0.028755730986980532,0.8820586224965977,0.08918564651642162
1,1,0.29453742028572966,0.7003077929837316,0.00515478673053869
1,0,0.5468696407477014,0.4524093853047527,0.0007209739475459692
1,0,0.7990591976228489,0.20035886887583323,0.0005819335013177325
1,1,0.2173988951351755,0.7722204985151342,0.01038060634969021
1,1,0.20992524907602547,0.7777895123510669,0.01228523857290766
1,1,0.14380415779533706,0.8256834775631772,0.03051236464148582
2,2,0.0057259602275049485,0.21426445504230868,0.7800095847301863
0,0,0.6933989464696529,0.3059188957843231,0.0006821577460241219
0,1,0.06330206473977355,0.9061335270155343,0.030564408244692254
1,1,0.13420069013966554,0.855289596175767,0.010509713684567528
0,0,0.6717224839140907,0.32684851214467975,0.0014290039412295104
1,1,0.26869258361090315,0.727003897982031,0.004303518407065862
2,2,0.002568456663084617,0.21330530367763212,0.7841262396592833
0,0,0.8414615115881875,0.1581839995459218,0.0003544888658907785
0,0,0.7952894093741352,0.20406213328049314,0.0006484573453717052
2,2,0.005855848329969041,0.25620109016393844,0.7379430615060925
0,0,0.9631939462928791,0.036783135123880886,2.2918583239934525e-05
2,2,0.0018132878366616486,0.2412863232617113,0.756900388901627
1,1,0.3481249275106894,0.6491120932548876,0.0027629792344230734
0,0,0.9732716552415641,0.026703617648576063,2.4727109859864934e-05
1,1,0.32175329330102936,0.657310435084879,0.020936271614091586
1,0,0.6278737449713461,0.3701540496474141,0.0019722053812397835
1,1,0.48195530071535075,0.5155523496842728,0.0024923496003764287
0,1,0.071372648703106,0.8716394082325142,0.05698794306437977
0,1,0.2765960817481078,0.7168590252486268,0.006544893003265472
0,0,0.7455280649540239,0.2536874571504582,0.0007844778955178522
1,1,0.45606367523047464,0.5390624303905743,0.004873894378950924
1,1,0.15803362850747538,0.8181051166048224,0.023861254887702018
0,0,0.6595497513138108,0.3388032566561968,0.001646992029992299
1,1,0.2011316393817376,0.7927158237233187,0.006152536894943479
0,1,0.40002846787128443,0.5955914299257682,0.004380102202947417
1,1,0.44408634566295163,0.5467094797340046,0.009204174603043768
1,0,0.5659025723980622,0.4315360359877732,0.0025613916141646706
1,1,0.3355259092702248,0.657622863405568,0.006851227324207276
0,0,0.7472448431674124,0.2517947448104093,0.0009604120221784442
1,0,0.5524666958981296,0.44527547586628785,0.0022578282355824666
1,1,0.29773363204585546,0.6896285918089892,0.01263777614515532
0,0,0.7779720063707655,0.2210756325060775,0.0009523611231569672
0,1,0.1720352735834851,0.8125019322967238,0.015462794119791153
0,0,0.6258826515460564,0.371877644298634,0.002239704155309667
0,0,0.8238335206427381,0.17605716021785967,0.00010931913940217253
0,0,0.9015327079017739,0.09840138901760924,6.590308061694316e-05
0,0,0.702309117436221,0.2966709821797519,0.0010199003840270114
1,0,0.688962992981223,0.31063732194211446,0.00039968507666260963
0,0,0.8296664970591019,0.17003078309369718,0.00030271984720090433
1,0,0.7399292042547396,0.2597760553067604,0.0002947404384999419
1,1,0.16855355256968801,0.821590670007941,0.009855777422371129
1,1,0.44073077852435866,0.5581994617009451,0.0010697597746962717
1,1,0.20675502901678366,0.7812633205153039,0.01198165046791235
1,1,0.07573323467693908,0.8958268357996171,0.028439929523443805
1,1,0.28507345625828506,0.707058334729738,0.007868209011977031
1,0,0.7140255505973403,0.28482230530649394,0.001152144096165787
0,0,0.5957274510992079,0.40218301703157705,0.0020895318692150345
1,1,0.11712901350225312,0.8694192016256514,0.013451784872095474
1,1,0.16551111202230595,0.8273915322427807,0.007097355734913289
1,1,0.16126350639823964,0.8337314073867896,0.005005086214970595
0,1,0.082400703082666,0.8559138128630238,0.061685484054310305
0,0,0.7427144450871427,0.2564411070348151,0.0008444478780422569
2,2,0.00011777873500133815,0.08684359171297493,0.9130386295520236
1,1,0.18767114009044328,0.8022477479965955,0.01008111191296128
0,0,0.9240081032426857,0.07595203998919874,3.985676811567666e-05
0,0,0.8774792077547567,0.12221645369462739,0.0003043385506157696
1,1,0.18782379410136782,0.8036750695456645,0.008501136352967866
0,0,0.5255537939622023,0.4736215527836962,0.0008246532541014527
1,1,0.18208159310285107,0.8116854355513646,0.006232971345784369
1,1,0.057515449667685424,0.8841717426116253,0.058312807720689336
0,0,0.8573092684279422,0.1424694911870714,0.0002212403849863726
1,1,0.22449660434139604,0.7707004166721539,0.004802978986450116
0,0,0.6642299000030549,0.33503885464692834,0.0007312453500168389
1,1,0.07432361056915453,0.8736184097300762,0.052057979700769176
1,2,0.003484451204488385,0.23181470835167006,0.7647008404438415
0,0,0.6248056491173255,0.3738687387524672,0.0013256121302073142
0,0,0.8625535451974002,0.13703122736178475,0.00041522744081498494
1,0,0.5715604928375769,0.4268476149073913,0.001591892255031812
1,0,0.5227787568647132,0.47514162164587276,0.0020796214894141115
0,1,0.2692579981442935,0.719043278891744,0.011698722963962457
0,1,0.13668714185722086,0.8533783605417681,0.009934497601011175
1,1,0.05899397025389028,0.9338267695040853,0.007179260242024532
0,1,0.4772093399306602,0.517214713953914,0.005575946115425685
0,0,0.7460214145186936,0.2529236320776678,0.001054953403638481
1,0,0.7981692190409144,0.20137045368515336,0.00046032727393223043
0,0,0.7718418393146423,0.22795316372871205,0.00020499695664561742
2,2,0.0008717101907260412,0.19471530180933194,0.804412987999942
1,1,0.179310303103851,0.802601128545673,0.01808856835047609
0,0,0.5836183599386271,0.4153080114663346,0.001073628595038367
1,1,0.39959728558302604,0.5949264764393443,0.005476237977629625
0,0,0.9703994659520269,0.02956500382248596,3.553022548715562e-05
2,2,0.003144334631788405,0.2285360370687067,0.768319628299505
0,1,0.32180654765746397,0.6715568906466448,0.006636561695891272
1,1,0.35516877196668534,0.6424294462394232,0.0024017817938912717
0,0,0.9351610275845078,0.0646891859365733,0.00014978647891882122
1,1,0.2186777890311126,0.7766721517022959,0.00465005926659148
1,1,0.1506132745235718,0.844545471774172,0.004841253702256217
0,0,0.710944850942825,0.2877467610250352,0.0013083880321398044
0,1,0.19427477945952898,0.787357816495184,0.01836740404528695
2,1,0.10834475284138158,0.8684285678708471,0.023226679287771293
0,1,0.42186579972632443,0.5720431428855153,0.006091057388160158
1,1,0.20097318852843848,0.7737434330466489,0.025283378424912507
0,0,0.5916386280940964,0.40763713022972065,0.0007242416761829313
0,0,0.5929292303234862,0.40671999537651865,0.00035077429999512985
1,1,0.25333938764232955,0.7370684395605211,0.009592172797149356
1,1,0.04688045887869554,0.9013375920844136,0.05178194903689096
0,0,0.8518374349508163,0.1475406310411392,0.0006219340080444012
0,0,0.8161304508310542,0.18331927273362209,0.0005502764353239246
1,1,0.0631844775765585,0.8814618815940946,0.055353640829346844
2,2,0.0033072707000292518,0.29040940727814085,0.70628332202183
0,0,0.6299251252909203,0.36872395134704106,0.0013509233620386271
0,0,0.8230674652068197,0.17586305970173266,0.0010694750914477073
0,0,0.604162056083485,0.3944471678233784,0.0013907760931365935
1,1,0.31361324329161117,0.6792733392485945,0.0071134174597942855
1,1,0.1548881225656071,0.7894431858089457,0.055668691625447166
0,1,0.20600853054956325,0.7799116185071324,0.014079850943304327
1,0,0.6936178933914313,0.3054500465282639,0.0009320600803048117
1,1,0.03137695416985629,0.7175675530860877,0.2510554927440561
1,1,0.07863960062783248,0.8791636922955095,0.04219670707665789
0,0,0.8634356983165312,0.13633245285339238,0.00023184883007634842
1,1,0.4976592414617131,0.4987568426336034,0.003583915904683444
1,1,0.4621899462339397,0.5332465106627644,0.004563543103295839
1,1,0.24927091737408605,0.7388655813393009,0.011863501286612909
2,2,0.000973956527230391,0.1313250010709496,0.86770104240182
1,0,0.5958076454707927,0.4015784255636458,0.0026139289655615766
1,1,0.36358982395906125,0.632848192451603,0.0035619835893358027
0,0,0.9709491815144062,0.029038349383264023,1.2469102329778249e-05
0,0,0.5884606111432776,0.4102322719953504,0.0013071168613720196
0,1,0.4012912654528967,0.5931603589388625,0.005548375608240858
0,0,0.8600664070249892,0.1398469395704961,8.665340451483569e-05
0,0,0.6510714012389982,0.3483306347409876,0.0005979640200143867
0,1,0.37144554082875564,0.6236104326574375,0.0049440265138069464
1,1,0.438756185500521,0.5582376048790648,0.003006209620414112
1,1,0.1358695540857675,0.857497010588115,0.006633435326117541
1,1,0.4139282482354946,0.5839305689363058,0.002141182828199539
0,0,0.899237117807132,0.10064162374441551,0.00012125844845247993
0,0,0.5570419560861348,0.4405994190997773,0.0023586248140878992
1,1,0.11473236548844282,0.816751302138072,0.06851633237348526
0,0,0.6932164683967118,0.30639200589261756,0.00039152571067068055
1,1,0.09803522014602675,0.8519160602407587,0.05004871961321451
1,1,0.11415221991903338,0.8455389756842956,0.040308804396670866
0,0,0.8611997377796928,0.13840655901138596,0.000393703208921173
1,0,0.5236528551218063,0.4737300836173922,0.002617061260801557
0,1,0.07594869990977714,0.8754390753501057,0.04861222474011704
0,0,0.5013121850531738,0.4977994316578159,0.0008883832890103057
0,0,0.6812136704537176,0.31822178436939585,0.0005645451768865315
1,1,0.09447701995422311,0.8892140884849655,0.016308891560811313
0,1,0.32424482947254585,0.6627995564309574,0.012955614096496731
0,0,0.7330339143206269,0.2658667532086147,0.0010993324707583535
1,0,0.519232759238518,0.47160434874022744,0.009162892021254573
1,1,0.12207076165560131,0.8573031795033459,0.020626058841052723
0,0,0.7582714476407528,0.2415207598142713,0.0002077925449759587
0,1,0.44038966828515635,0.554906167638753,0.004704164076090736
0,0,0.7419072912467792,0.2574458061308295,0.0006469026223911303
1,0,0.6818743701058418,0.3170068130021324,0.0011188168920257615
0,0,0.939839241322726,0.06007675963579311,8.399904148082684e-05
1,0,0.6092453021861448,0.39022262906186805,0.0005320687519871187
1,0,0.6008132130811942,0.3981052423655927,0.0010815445532132164
0,1,0.43404336313332154,0.5624886283638086,0.003468008502869827
1,1,0.43381426488299085,0.5626555914771342,0.003530143639875067
2,2,4.54149023008792e-06,0.005573801431390426,0.9944216570783795
0,0,0.8390803982215921,0.16059139479384207,0.000328206984565807
0,0,0.6167987870631418,0.381272545416789,0.001928667520069233
2,2,0.008119839060150964,0.279176889987165,0.712703270952684
1,1,0.3114443046040973,0.6854728101385228,0.0030828852573799707
0,1,0.19479099679914397,0.7919625195105164,0.013246483690339731
0,0,0.8359753087878704,0.16375295121428232,0.00027173999784716363
1,1,0.06445906284203543,0.8981346119023547,0.03740632525560986
1,0,0.5184251295287666,0.4777094787931891,0.003865391678044202
0,0,0.6002609177469705,0.39824720386045276,0.0014918783925765766
0,0,0.7417164156217477,0.25751224588415383,0.0007713384940984093
1,1,0.3422821966161656,0.6520089779166939,0.005708825467140411
2,2,3.0139104543007562e-05,0.03325993281117907,0.9667099280842779
1,0,0.8017598305947017,0.19747330387885106,0.0007668655264473134
0,0,0.7107527915658792,0.2881045907693509,0.0011426176647699757
1,1,0.3988214936268976,0.5957469528095002,0.0054315535636022885
2,2,0.004097396899007538,0.17219521715534303,0.8237073859456494
1,1,0.04999325983228095,0.8794281504936728,0.07057858967404633
1,1,0.4136626382136583,0.582754829789187,0.0035825319971547367
1,0,0.7818572951802355,0.21767972034795782,0.0004629844718066273
1,1,0.2503560771397496,0.7345851755439272,0.01505874731632327
0,0,0.9558528020924035,0.044086848999525335,6.034890807127225e-05
1,1,0.2933136688472691,0.6991074012913961,0.007578929861334688
1,1,0.18257415098836716,0.8042612554531509,0.013164593558482082
1,1,0.03393440022286353,0.8792447590259288,0.08682084075120777
0,0,0.5075213011533315,0.49161000023869406,0.000868698607974531
1,1,0.03160534644120744,0.916124787844508,0.05226986571428445
0,0,0.6575548354672788,0.3415013652469761,0.00094379928574505
1,1,0.3959685172559566,0.5984972300419835,0.0055342527020598095
1,1,0.14954714979136693,0.8354435973376231,0.015009252871010091
1,1,0.32087854494895623,0.6731722177438793,0.005949237307164551
1,0,0.5650331812477569,0.43420837779593996,0.000758440956303063
0,0,0.7375166956899201,0.2618279750939466,0.0006553292161332688
0,0,0.5391582006794049,0.45979322995584676,0.0010485693647484472
1,1,0.22459106639996992,0.7718408514111175,0.0035680821889126704
0,0,0.532508540004658,0.46703692111367456,0.0004545388816674186
1,0,0.7530529328882553,0.246536046423741,0.00041102068800373396
0,0,0.6737884854106444,0.3241946647776903,0.002016849811665361
1,0,0.5492122285733116,0.4494339297048769,0.0013538417218114443
1,1,0.2731681773252553,0.7211870689511883,0.005644753723556358
1,0,0.527351309155799,0.4695078610927922,0.0031408297514088205
0,1,0.33343993346360057,0.6564896815794897,0.010070384956909767
0,1,0.38390420748832543,0.6094345160952176,0.0066612764164569556
0,1,0.3916241804245647,0.6052781031859031,0.0030977163895320415
1,1,0.10609894631430258,0.8615255116262698,0.032375542059427755
1,0,0.6640195020848884,0.3339475935857536,0.002032904329357916
0,0,0.5504228533636862,0.4445367432336039,0.005040403402709846
0,1,0.16609447171480513,0.8031730999993824,0.030732428285812418
1,1,0.061245578816944805,0.9179778649018302,0.020776556281224972
0,0,0.7945009280140415,0.20491580959165995,0.0005832623942984612
0,0,0.9137235641058005,0.08613381997903817,0.00014261591516150863
1,1,0.19668795838445494,0.7963013859263345,0.00701065568921055
2,2,0.0063821107061977495,0.3586684690010238,0.6349494202927785
0,0,0.7159491461849792,0.28328028151892803,0.0007705722960927014
0,0,0.8359838846724077,0.16348603144277332,0.0005300838848191002
1,1,0.3966277854525297,0.5995084170735004,0.0038637974739700004
1,1,0.1604695436019863,0.832138317452685,0.007392138945328777
0,0,0.8981989860433913,0.1017054813052606,9.55326513481217e-05
1,2,0.0058191064824532415,0.3190597219421974,0.6751211715753493
0,0,0.6651194354603717,0.33386451082123136,0.001016053718397024
1,1,0.07166325794112852,0.8823040087104448,0.04603273334842677
0,0,0.7127815488181364,0.28600271925347037,0.0012157319283932152
0,0,0.713469816958394,0.28537337479054226,0.0011568082510637343
0,1,0.19478517718097293,0.7810516046388287,0.024163218180198384
1,1,0.16531501260692968,0.8148709172648821,0.01981407012818815
1,1,0.29345682774330345,0.7000190193000468,0.006524152956649699
0,0,0.612909674549534,0.3858463799416168,0.0012439455088492043
0,0,0.6413080834089487,0.357781118786423,0.0009107978046283
0,1,0.41969587678944675,0.5745748791811771,0.005729244029376179
1,1,0.36148360340237773,0.6367883771929967,0.0017280194046255244
1,1,0.15339074899100286,0.8414621592382505,0.005147091770746649
1,1,0.16643275404663657,0.8285563965291864,0.005010849424176914
0,0,0.6853175089723228,0.3137513127638885,0.0009311782637887487
0,0,0.60484550746782,0.3940609677635029,0.0010935247686770862
1,1,0.10868848346100074,0.8745009660821705,0.016810550456828773
1,1,0.25540495840958155,0.7370363823021978,0.00755865928822063
0,0,0.7311599076016329,0.2681318846334186,0.000708207764948532
0,0,0.8373324376877221,0.16226365915376573,0.00040390315851207087
0,0,0.6094114731313429,0.38906462646359574,0.001523900405061296
1,1,0.20248076251253463,0.7885175833846311,0.00900165410283424
0,0,0.7977274147660475,0.2018551069060116,0.0004174783279408966
1,1,0.25504842702135294,0.7293653316506115,0.015586241328035516
1,0,0.5662265717211237,0.4327059964467682,0.0010674318321083124
1,1,0.1453731115876326,0.827566765332131,0.02706012308023628
1,0,0.7380725372888721,0.2611254614201688,0.0008020012909590627
1,0,0.8270663213886237,0.17257520537031987,0.0003584732410565384
1,1,0.4083091923384245,0.5865252871105401,0.00516552055103527
0,1,0.41760789777566465,0.5782895331336102,0.004102569090725216
0,0,0.6370348619214534,0.3621278614901813,0.0008372765883652723
1,1,0.16083714530727247,0.8172298155878779,0.021933039104849852
1,1,0.31411653919539767,0.6805677175932682,0.005315743211334086
1,1,0.26165447599794756,0.7356420723606402,0.002703451641412329
0,0,0.5426719488784721,0.45325973544557585,0.0040683156759519935
1,1,0.10849353957685208,0.8655504426208658,0.02595601780228204
1,1,0.44981134272758666,0.5436083720377005,0.006580285234712785
0,0,0.790505155554505,0.20904019068918767,0.000454653756307316
1,1,0.14840634121794066,0.8440641447818614,0.007529514000198049
1,1,0.24387810540815885,0.7462818799214744,0.009840014670366595
1,1,0.35092129496286106,0.64383538152011,0.005243323517028957
0,0,0.6161694153656471,0.3832593344176782,0.0005712502166748158
0,1,0.49788124657684124,0.5007400113340023,0.0013787420891564414
1,1,0.22877172177190713,0.7648057402117076,0.006422538016385305
0,0,0.6252925794331899,0.3744712231460746,0.00023619742073540865
1,1,0.08904974003502661,0.8907120846189619,0.02023817534601146
0,0,0.7948402396915236,0.20492337637056282,0.00023638393791359234
0,0,0.9616009419633439,0.03836504950144805,3.400853520786272e-05
0,0,0.6665547359282293,0.3317720685165923,0.0016731955551785433
0,0,0.9078403529746983,0.09206317238099365,9.647464430792133e-05
0,1,0.4160805514843909,0.5789477195217683,0.004971728993840736
0,0,0.9153134303204066,0.08454704586820724,0.00013952381138621742
0,1,0.43795304743109326,0.5555490987402764,0.006497853828630464
0,0,0.5472661094397321,0.4509556903644263,0.0017782001958416519
0,1,0.3918074153952297,0.6046526967930668,0.003539887811703653
1,1,0.1406636587736217,0.8132843928713857,0.046051948354992746
1,1,0.04878362614837946,0.9112409956803861,0.03997537817123442
1,1,0.2032610838315779,0.7797288307588987,0.017010085409523507
1,1,0.1760999599640447,0.8177379333442258,0.006162106691729383
1,1,0.040423473892743075,0.9355581572688765,0.024018368838380287
0,0,0.5897997790342593,0.4094451718444253,0.0007550491213154832
2,2,0.0043062867224573165,0.2261970363605921,0.7694966769169507
1,1,0.46143998738786857,0.5356660882294398,0.0028939243826916214
1,1,0.32393574942086,0.6704524836728851,0.005611766906254863
0,0,0.5724703760578845,0.4256968521506414,0.0018327717914740419
2,2,0.00015911635969194997,0.056330972726981225,0.9435099109133269
2,2,0.0044136742509072666,0.23377011004158602,0.7618162157075067
0,0,0.7047201110754389,0.29412327132499305,0.001156617599568025
0,1,0.35384978592182115,0.6440900404503357,0.0020601736278432355
1,1,0.07444923110745597,0.881524968842894,0.04402580004965001
1,0,0.5030326403384142,0.49592968081290845,0.0010376788486773285
0,0,0.5441236705289104,0.45254835871681776,0.003327970754271928
0,1,0.2771091096669535,0.7184907969970962,0.004400093335950305
0,1,0.4847091676657878,0.5105689337188647,0.004721898615347507
1,2,0.015509843869478413,0.3759424923841521,0.6085476637463695
1,1,0.13765674869874062,0.853146512355724,0.009196738945535406
1,1,0.12366930684448062,0.8442312282894405,0.03209946486607877
0,0,0.5355965035931866,0.4627674187844565,0.0016360776223570202
1,1,0.0740248580839739,0.9144035933188165,0.011571548597209472
0,0,0.6149883634694929,0.3814738486166848,0.003537787913822358
1,1,0.29439958199380406,0.7020483397425785,0.0035520782636175325
1,1,0.4690962377083266,0.5282894537539431,0.002614308537730314
0,1,0.33347033083687283,0.6600019328367737,0.0065277363263534696
0,0,0.7097959084317998,0.28968245533731407,0.0005216362308859705
0,0,0.8817414548481836,0.11804244036968642,0.00021610478212997881
0,0,0.7760377464729915,0.2236364330505672,0.0003258204764413382
1,1,0.2291710569702506,0.7580063193361265,0.012822623693623032
1,1,0.045816891639861336,0.9157569928999713,0.03842611546016747
1,1,0.17614876168446247,0.8095967809464979,0.014254457369039627
0,0,0.9244560249818549,0.0754191183903084,0.00012485662783657856
0,0,0.5379650736761925,0.4606100830587498,0.001424843265057743
1,1,0.44476762530709907,0.5540813942387486,0.0011509804541522434
1,0,0.5546672150842544,0.4408593559118329,0.004473429003912714
1,1,0.43890778623303245,0.5565845948555835,0.004507618911383976
0,1,0.27356428467751676,0.706069990586138,0.020365724736345233
1,1,0.058683403789744085,0.9179964782972293,0.02332011791302659
2,2,0.00048007161493781805,0.07260069992097479,0.9269192284640874
1,0,0.819794106585934,0.17969699997745123,0.0005088934366148482
1,1,0.06330949459178271,0.920611130724912,0.01607937468330514
1,0,0.7870829690630269,0.21244549873394494,0.0004715322030282183
2,1,0.05927413705686143,0.521006946571848,0.41971891637129055
2,2,5.44167425752531e-05,0.031531236888874846,0.96841434636855
1,0,0.5263191924707994,0.47174684923683,0.001933958292370633
1,0,0.8511710276340614,0.1485197881411231,0.00030918422481545987
0,0,0.8701186411654064,0.12974955017538128,0.00013180865921242352
1,1,0.1801200108082166,0.8116523104718805,0.008227678719902935
1,1,0.4017179951057757,0.5883133581005985,0.009968646793625779
1,1,0.139173129269958,0.8552474478260779,0.0055794229039639875
1,1,0.4869201428383464,0.5096219601315547,0.003457897030098848
0,0,0.7465664151623811,0.25285180661875056,0.0005817782188682785
1,1,0.19831979253072812,0.797328968213325,0.004351239255946972
1,1,0.0682435349703812,0.915835356237441,0.0159211087921777
0,1,0.349500601956053,0.6478425396700628,0.0026568583738842445
1,1,0.07930936356472972,0.8963967537669371,0.024293882668333204
0,0,0.7910457764317879,0.20793599242994357,0.0010182311382686045
1,0,0.5622269951439516,0.43566614674318815,0.0021068581128603106
1,1,0.38682337726518823,0.61004558698433,0.00313103575048184
1,1,0.04924252818506164,0.9145423279063863,0.03621514390855193
0,1,0.12182811148757443,0.8193690020598074,0.058802886452618185
1,1,0.2561022788836287,0.7383334780908888,0.005564243025482587
0,0,0.8303732162907741,0.16913836393410484,0.0004884197751209175
0,0,0.8657403235376236,0.13406240855844853,0.00019726790392775442
1,1,0.12268278353586322,0.8615206983925968,0.015796518071539943
1,0,0.6211631590688089,0.37763502704362706,0.001201813887563938
0,0,0.6615761766773403,0.33641864626014323,0.0020051770625164798
0,0,0.6329992509024938,0.3656721101451023,0.0013286389524040096
1,1,0.2617400416029356,0.7331461390667928,0.005113819330271664
1,2,0.023820792170789196,0.471412557741878,0.5047666500873328
1,1,0.0660107460267518,0.8962064159738199,0.03778283799942833
0,1,0.22959582149435598,0.745033041883458,0.025371136622186062
0,1,0.2965677969510342,0.6895700990527244,0.013862103996241507
1,1,0.2526194529928423,0.7407312565157167,0.006649290491441108
1,1,0.27525822180686166,0.7126396666307567,0.012102111562381654
1,1,0.3114088364024057,0.6827953724459852,0.005795791151609154
1,1,0.2733786814136177,0.7199782777328296,0.006643040853552602
1,1,0.34956183494724113,0.6459154651611265,0.004522699891632354
1,1,0.1238375626982399,0.8700564669990933,0.006105970302666587
1,1,0.30072394656536305,0.6949334976576774,0.0043425557769594825
1,1,0.2756863685354794,0.7081657644547138,0.01614786700980679
0,0,0.6997352293319354,0.2999550214601246,0.0003097492079399696
1,1,0.08377441901746052,0.8621465839105182,0.05407899707202129
1,1,0.28833279624623703,0.7071208527676739,0.0045463509860889815
2,2,3.4858186165059216e-05,0.01718644215072864,0.9827786996631062
0,0,0.664322622501351,0.3347422192392179,0.0009351582594310619
1,1,0.4853476260252476,0.5135237661003786,0.0011286078743737494
0,0,0.6366007447901026,0.3621775510007668,0.0012217042091305654
1,1,0.43417800816172325,0.5645027512548311,0.0013192405834456572
1,1,0.06518380435338096,0.5530983647778663,0.3817178308687527
1,1,0.17633166415854648,0.8173367194759463,0.00633161636550732
0,1,0.3321528928035792,0.6650705221024037,0.0027765850940170713
1,1,0.23415608883776934,0.7564453549814512,0.009398556180779437
0,1,0.34795699362060306,0.6463833006254952,0.005659705753901722
1,1,0.11530468496056075,0.8711211134610385,0.013574201578400764
0,0,0.827960252415474,0.1715651699639812,0.0004745776205448109
1,1,0.14508319804265563,0.8265651090152571,0.028351692942087288
2,2,0.0003346229588792816,0.06206967083850415,0.9375957062026166
1,0,0.7423406248067363,0.25712375908964963,0.0005356161036139844
1,1,0.4505638321527633,0.54294797564394,0.006488192203296556
0,0,0.6311172808502119,0.36528320473616205,0.0035995144136260295
0,0,0.6386614181404096,0.36061625878513504,0.0007223230744553749
0,0,0.6419765871745606,0.357329768162521,0.0006936446629183894
0,0,0.7425799379542939,0.25668408940708126,0.0007359726386248815
1,0,0.6116928798836908,0.3873800581155067,0.0009270620008024103
1,1,0.250781977614439,0.7422053645424617,0.007012657843099394
1,1,0.4040841110888616,0.5918652578483103,0.004050631062828105
1,1,0.2228516723216282,0.7696026060858816,0.007545721592490356
1,1,0.25494648302156114,0.7388563282334137,0.006197188745025087
0,1,0.4902557513268634,0.5036057528383467,0.006138495834789888
0,0,0.498266382773898,0.4962071220853141,0.005526495140787902
1,1,0.021340551524700567,0.8982679039093551,0.08039154456594438
1,1,0.11362575651838287,0.8614376952043895,0.024936548277227653
1,1,0.12043364301528436,0.8663807517114849,0.013185605273230793
1,1,0.16418774839677394,0.8295966659794232,0.006215585623802822
1,0,0.8481212097902994,0.15159784669643986,0.0002809435132606985
2,2,0.002515727433389042,0.18708690802623207,0.8103973645403789
1,1,0.15148936966634613,0.8424876741254905,0.006022956208163212
0,1,0.29885451600870117,0.6942510540247546,0.006894429966544266
1,0,0.5614452997214273,0.43639328171310965,0.002161418565463095
1,0,0.7784354816712576,0.2211149659451926,0.00044955238354970744
2,2,0.0017883317440067247,0.20086845632017072,0.7973432119358226
0,1,0.4990653388258033,0.49962622511205984,0.001308436062136764
1,1,0.20946840358586258,0.7791695970679469,0.011361999346190713
1,1,0.06352379952008776,0.9186557234942853,0.01782047698562686
1,1,0.2941621368070196,0.7020116754676479,0.003826187725332598
0,1,0.3742275353514619,0.6183503072074018,0.007422157441136376
0,1,0.21192057894311725,0.7761594456636983,0.0119199753931844
1,1,0.08609969453252382,0.8994555651515329,0.014444740315943163
0,0,0.8757728910112944,0.12387729473011197,0.0003498142585935623
2,1,0.04764788666318391,0.8247796095909772,0.12757250374583903
1,0,0.7102197233655234,0.28932630957735805,0.00045396705711869893
1,1,0.39064921460086327,0.6071340458974187,0.002216739501718024
0,0,0.6589451023982282,0.33910527300267296,0.0019496245990989081
1,1,0.10047353566178541,0.8713359473545708,0.028190516983643787
1,1,0.14635734898805405,0.8402327584057593,0.013409892606186804
1,1,0.189410453557897,0.7958556903268527,0.014733856115250278
1,1,0.147007494489932,0.846939313865419,0.006053191644648911
0,0,0.9113902009389171,0.0884836518340051,0.00012614722707791426
0,0,0.7481903613082665,0.2511866867026461,0.0006229519890873136
0,1,0.0894081176797075,0.8843575638063806,0.02623431851391194
1,1,0.25438862822065095,0.7373629697847404,0.008248401994608578
1,1,0.2660616052165806,0.7246243955757662,0.009313999207653223
1,0,0.6697603592397225,0.3291678668233547,0.0010717739369226688
1,1,0.22533526142623464,0.7677318066093022,0.006932931964463248
0,0,0.9112875042420534,0.08865779471224768,5.4701045698946116e-05
2,2,0.00048452178717233634,0.1499133543324201,0.8496021238804076
0,0,0.5536161097480196,0.444300943400764,0.002082946851216448
0,0,0.876758384449512,0.12291943919728869,0.00032217635319925394
1,1,0.10237145067158009,0.8783360561305853,0.019292493197834625
0,0,0.6154933353546637,0.38298708015880895,0.0015195844865272762
1,1,0.27045900541354145,0.7274961866776488,0.002044807908809668
0,0,0.815034104800899,0.184275717098161,0.0006901781009400033
1,1,0.21858733312488313,0.7656342605615389,0.0157784063135778
1,1,0.3460070277478077,0.649515654553997,0.004477317698195211
0,0,0.8440358784979038,0.15527293107675846,0.0006911904253375121
1,1,0.09401820242748972,0.8557384914270129,0.05024330614549747
1,1,0.20679040877182014,0.7817830007403094,0.011426590487870602
0,0,0.6181301521349172,0.3808951321164466,0.0009747157486361608
1,0,0.7996560520378029,0.19931126395496762,0.0010326840072295979
0,0,0.9096478244305598,0.09024853350552203,0.00010364206391822879
1,1,0.0353932544504281,0.9000849219974485,0.06452182355212334
2,2,5.792609438586136e-05,0.040308862862878735,0.9596332110427355
1,1,0.4332844274305805,0.5606416053270269,0.006073967242392638
0,0,0.8317099691116019,0.16811971745742987,0.0001703134309683342
0,1,0.07684803747581544,0.9028987180180391,0.02025324450614538
1,0,0.7440154454635505,0.255619712915607,0.00036484162084250227
0,1,0.08229792335964033,0.8750734067435577,0.042628669896802036
1,0,0.5307225256634823,0.4668509286699326,0.002426545666585037
1,1,0.08485783895670032,0.8549209689450665,0.060221192098233095
1,1,0.3722714867733089,0.6237117223759165,0.004016790850774583
2,2,0.010395194305202806,0.31770241182070225,0.6719023938740949
1,1,0.2445223779159117,0.7116401021653097,0.04383751991877849
1,1,0.20357518593705645,0.7913048380961611,0.005119975966782439
0,0,0.6216496229352855,0.3756570882001657,0.002693288864548853
1,1,0.09456315718239397,0.8720693666497835,0.03336747616782246
0,0,0.5191083622797742,0.47929722861674556,0.0015944091034803022
0,0,0.6880444223833012,0.31127744574929905,0.0006781318673997092
1,1,0.1550297584127264,0.8336691206069093,0.011301120980364126
1,1,0.17138459257314706,0.8145520107505799,0.014063396676273003
1,1,0.3153228839644339,0.6779807554126297,0.006696360622936401
0,1,0.25870017528798933,0.7331593014634709,0.008140523248539831
1,1,0.392140949100947,0.595913577403883,0.011945473495170155
1,0,0.6127346839442449,0.38624320123958916,0.0010221148161658833
0,0,0.920554145190266,0.07919947730287376,0.000246377506860258
1,0,0.5732525113517402,0.4248417060685376,0.001905782579722226
1,0,0.507176396947699,0.49227243362798845,0.0005511694243125145
1,1,0.15239620869975257,0.8199229424499347,0.027680848850312766
1,0,0.7554901357924138,0.2436943568413825,0.0008155073662038558
1,1,0.05527553658908547,0.9223717001543132,0.022352763256601214
0,1,0.17357849309952195,0.7937396301414857,0.032681876758992444
1,0,0.6778332264941823,0.32126008899760666,0.0009066845082109676
1,1,0.21214276556668998,0.7813661340181114,0.006491100415198691
1,1,0.39347349503531726,0.6011528730957425,0.0053736318689402715
1,1,0.4775854115156311,0.514961122855382,0.007453465628986835
1,0,0.6060879964171652,0.3923654311673129,0.0015465724155219757
0,0,0.7483821502115449,0.2510527254853979,0.0005651243030571837
1,0,0.7070198319816761,0.2921976903518826,0.0007824776664414725
0,0,0.6935591908649597,0.3060646093735005,0.00037619976153983816
1,1,0.04315850349627193,0.9255064335876565,0.03133506291607172
0,0,0.7018014588525726,0.2962177669331222,0.001980774214305125
1,0,0.6168504880875545,0.3821329236572977,0.001016588255147735
1,1,0.1852235790586795,0.8032473096986561,0.011529111242664317
0,0,0.9543975425119035,0.045591494933253984,1.0962554842617895e-05
1,1,0.3882902586587515,0.6082087380414555,0.003501003299792935
0,0,0.8178269272064768,0.18185253283764263,0.00032053995588074993
1,1,0.06188367809332054,0.8875070228554586,0.05060929905122082
1,1,0.1498840319651177,0.8387014877829305,0.011414480251951789
0,1,0.45769162067203684,0.5370639430101538,0.005244436317809337
1,1,0.23559274889079126,0.7598495735412127,0.004557677567996098
0,0,0.8699008300989809,0.12990730445629142,0.00019186544472778706
0,0,0.8728862070604961,0.1269021054096229,0.00021168752988094994
0,0,0.6925508203385323,0.30658218781687396,0.0008669918445937924
1,0,0.6425737311369146,0.35629733249859497,0.0011289363644904928
1,0,0.5845720001341304,0.41440558949205125,0.0010224103738183915
1,0,0.6611783758498805,0.3384744916957708,0.00034713245434853665
1,1,0.4165482045653856,0.581523704351436,0.0019280910831784184
1,1,0.21049508929922245,0.7840885074477171,0.005416403253060524
2,1,0.028930455597208807,0.5075827759849408,0.4634867684178503
1,2,0.031553660511343985,0.43696482774483114,0.5314815117438249
1,1,0.10374538413493047,0.8877434076569242,0.008511208208145505
2,2,0.008946963962651338,0.2901024919375924,0.7009505440997562
1,1,0.06991726890967359,0.887476594955373,0.04260613613495339
2,1,0.00986424178518107,0.8159764518772381,0.1741593063375808
0,0,0.8139447250050599,0.1854041905371593,0.00065108445778085
1,1,0.08194555054191231,0.8930853103988746,0.024969139059213098
0,1,0.3981537320844207,0.5990297766527272,0.002816491262852111
1,1,0.14057621563478062,0.8466957922022629,0.012727992162956583
1,1,0.07562436352196847,0.9093240602566488,0.015051576221382649
0,0,0.655331564725843,0.3434221989376267,0.0012462363365302986
0,0,0.6421573202764844,0.35584227747012476,0.0020004022533907325
1,0,0.5686760619491631,0.42819625130771877,0.003127686743118105
1,1,0.18899585956348514,0.8044698660654218,0.006534274371093079
1,1,0.1863973745899009,0.7904864739436951,0.023116151466404042
1,1,0.13510169046294762,0.8337742947160975,0.031124014820954903
1,1,0.06866154164323852,0.9067137314257852,0.02462472693097635
1,1,0.1472057854008593,0.8402469035097504,0.012547311089390278
0,0,0.8526746163310819,0.14691466153565974,0.0004107221332584788
2,2,0.000344114933981796,0.05285994144812107,0.9467959436178971
0,1,0.06420065589344881,0.9159953147937168,0.01980402931283439
0,1,0.37995002763439856,0.6166974092828531,0.003352563082748419
0,0,0.67504236409736,0.3247072635976661,0.00025037230497389294
1,1,0.3404654484805361,0.6572843135590557,0.002250237960408106
1,0,0.7024978046734262,0.29686031268310514,0.0006418826434686557
2,2,0.005486218564941331,0.43506724949017933,0.5594465319448794
1,1,0.33099568374477545,0.6637993696522703,0.005204946602954283
1,1,0.037674475718415264,0.9299622662766842,0.0323632580049007
1,1,0.16459167331334215,0.8055966926984933,0.029811633988164485
1,1,0.21451739434414302,0.7810320406283288,0.004450565027528172
1,1,0.07544359524344506,0.8971434659118581,0.027412938844696783
1,1,0.2335855769471802,0.761082499874844,0.005331923177975844
0,1,0.33157949232269585,0.6600104024646956,0.008410105212608656
0,0,0.8704558015617129,0.12922469087892588,0.00031950755936124267
1,1,0.27071653732766493,0.7194837492436187,0.009799713428716278
1,1,0.22749669389096294,0.7671100601473392,0.005393245961697858
1,1,0.4060120928382612,0.5922708510899287,0.0017170560718101637
0,0,0.7500457241335325,0.2497453941399094,0.00020888172655810687
1,1,0.06468943280264124,0.9100307430505709,0.025279824146788088
1,0,0.7431863410931845,0.2560517912072262,0.0007618676995894044
2,1,0.049309760924807496,0.8403947976820931,0.11029544139309928
0,0,0.7728880015300509,0.2259895124407555,0.0011224860291936865
1,1,0.05137753776033058,0.8883741803536719,0.06024828188599758
1,1,0.20753204265598985,0.7863542751341892,0.006113682209821001
0,0,0.6200830816236379,0.3796410961059604,0.0002758222704015854
1,0,0.5700786623758173,0.42921452711442626,0.000706810509756416
1,1,0.17219047815519037,0.8162243103921379,0.011585211452671773
1,1,0.3651410357896089,0.6303956460403836,0.004463318170007535
1,1,0.06631254427105782,0.9025462570285169,0.03114119870042532
1,1,0.21531004788074973,0.7713527040745907,0.01333724804465969
1,1,0.3550418405816027,0.6406308684639677,0.004327290954429653
1,0,0.6537809869227081,0.34513352634410815,0.0010854867331836996
1,1,0.19106876799236377,0.7874517406004128,0.02147949140722337
0,0,0.861437976127038,0.13816993138103145,0.00039209249193062473
2,2,0.001139803278617546,0.14022637422865933,0.858633822492723
1,1,0.230670222583004,0.7569365153541617,0.012393262062834302
0,0,0.7039495907146647,0.29532669931856376,0.0007237099667714953
1,1,0.19330641532649578,0.7981075271601695,0.008586057513334678
1,1,0.19837262903840297,0.7868604286120758,0.014766942349521122
1,1,0.38344382697470486,0.613302912244166,0.0032532607811290655
0,1,0.43135749366554593,0.5668561305976094,0.001786375736844597
0,1,0.3203986209837167,0.67428649068896,0.005314888327323524
0,0,0.7997767918588563,0.1999662294999513,0.00025697864119247503
1,1,0.14899118824538196,0.840017412716511,0.0109913990381072
0,0,0.9040257626983782,0.09589315806060957,8.107924101220051e-05
1,1,0.383955183598226,0.6119305531755913,0.0041142632261826975
0,1,0.12419292451087784,0.8576336455955222,0.01817342989359995
1,1,0.27211026571556285,0.7202314125818821,0.007658321702555089
1,1,0.15314275568485983,0.8189024012994232,0.027954843015717133
1,1,0.05752085305066509,0.895860596361771,0.04661855058756398
1,0,0.6758453013994971,0.3235101261373774,0.0006445724631255086
0,0,0.6105757865815357,0.3889151887177522,0.000509024700712011
1,1,0.21777944977961905,0.7763682610899503,0.005852289130430773
1,1,0.3683578293191259,0.6285132056152681,0.003128965065606033
0,0,0.5512043347079343,0.4476468968117416,0.0011487684803242453
1,1,0.48162967373170995,0.5146432382474464,0.003727088020843719
2,1,0.05571272660778006,0.910894728703615,0.03339254468860488
2,2,0.0008975192314406558,0.13653707967406778,0.8625654010944915
1,1,0.22899321987846571,0.7663338510441179,0.004672929077416377
0,0,0.7952495845082926,0.20371889129980947,0.0010315241918978054
1,1,0.09675365297774755,0.8798555893580527,0.02339075766419987
1,1,0.21340427653126512,0.7743802852609915,0.012215438207743321
2,1,0.04608126601800681,0.5668776324776371,0.3870411015043561
0,0,0.665710179962438,0.3339186545984297,0.00037116543913239263
1,1,0.385532119640409,0.6054814700810192,0.00898641027857181
0,0,0.8580545666041401,0.14164049396583003,0.000304939430029689
0,1,0.449804021919054,0.5472200327847933,0.002975945296152802
1,1,0.0733273943273771,0.9167475906556435,0.009925015016979385
1,1,0.4514328106566792,0.5412187975462006,0.007348391797120215
0,0,0.5485089181307958,0.44862095111284245,0.002870130756361673
1,1,0.29014884032683286,0.694561224842498,0.015289934830669035
0,0,0.6459065944296298,0.3523874558557853,0.0017059497145849051
1,1,0.09962157581325558,0.8629007797157057,0.037477644471038685
1,1,0.13821596668313973,0.8463608148987952,0.015423218418065055
1,1,0.3096209005366724,0.684289438174708,0.006089661288619573
1,1,0.16451330390836869,0.8188298206120561,0.01665687547957515
1,1,0.09623832343342799,0.880984617728472,0.022777058838100123
2,2,0.00028269748743669425,0.07179133520840089,0.9279259673041624
1,1,0.09565492970410606,0.8772120536156855,0.02713301668020846
1,0,0.7340005563189056,0.26548997362992915,0.0005094700511653182
1,2,0.007014569068641668,0.34648757502983274,0.6464978559015255
1,1,0.23593182199242874,0.756489152958729,0.007579025048842267
1,1,0.13541540246964015,0.820273687661187,0.044310909869172826
0,0,0.6971499495254939,0.30225850773487917,0.0005915427396268852
2,2,0.0032006360606081563,0.23060032088804586,0.766199043051346
0,0,0.7689604171410499,0.23046092719132,0.0005786556676300613
0,0,0.5137211725039554,0.48347555307196977,0.002803274424074843
1,1,0.028827396753752878,0.9259757299625598,0.045196873283687496
1,1,0.348198568458361,0.6426911288543744,0.009110302687264534
0,1,0.3301716050192638,0.6573776298626272,0.01245076511810906
0,1,0.2134004374855212,0.7787452827185783,0.007854279795900318
1,1,0.40576818576646967,0.5867706441394989,0.007461170094031544
1,1,0.2953894773074768,0.6978136970288764,0.006796825663646827
1,1,0.28802789514996596,0.7044155370141721,0.007556567835861827
1,1,0.3511525789460155,0.6384081390547254,0.010439281999259191
1,0,0.5305558471261155,0.4645095667337557,0.004934586140128794
1,1,0.15856110387607686,0.8280987535320294,0.013340142591893627
0,0,0.8911470273394474,0.10860367749305859,0.0002492951674939268
0,0,0.8498660035933076,0.14985508425067043,0.0002789121560219494
0,1,0.4875175910388773,0.5101725210962641,0.002309887864858576
0,1,0.18416437780015738,0.8079501778883756,0.007885444311466863
0,0,0.7179089687454192,0.2805543499727148,0.0015366812818659948
1,0,0.5762430667989173,0.42280181116868437,0.0009551220323982566
0,0,0.6182149217372559,0.3813898902441508,0.0003951880185933327
1,0,0.5595706839083043,0.43798157757992434,0.002447738511771335
1,0,0.5065359645292582,0.49087619393348986,0.002587841537251949
0,0,0.5657090024047264,0.4307289960028437,0.00356200159242971
1,1,0.052965713666939356,0.9053453729525068,0.04168891338055365
1,1,0.34372463731759745,0.6530776921525466,0.003197670529855947
1,0,0.5072198948243751,0.4902508861811008,0.002529218994524134
1,1,0.24388563421585835,0.7494774627247801,0.00663690305936149
0,0,0.8108113577776772,0.1890623297289936,0.00012631249332910527
0,1,0.30056946804807716,0.696038321935156,0.0033922100167667517
0,0,0.6507346945543545,0.34705966980630365,0.002205635639341929
2,2,0.009734029626228855,0.24452137624559628,0.7457445941281748
2,1,0.010076189695603166,0.6041626682089505,0.3857611420954464
1,1,0.24999983736647852,0.7435582629263514,0.006441899707170093
2,2,0.00029101470580979334,0.05612436914643884,0.9435846161477514
1,0,0.6388147031592184,0.35932225915145205,0.001863037689329576
1,1,0.4529450978731026,0.5429967034816026,0.004058198645294834
1,1,0.3054315017686091,0.6877123756336744,0.006856122597716448
0,0,0.759949632297347,0.23967728050392278,0.0003730871987301127
1,1,0.3237669347545541,0.6704674101229434,0.005765655122502542
1,1,0.09135157895906701,0.8834561754206041,0.025192245620329103
0,0,0.5923714746988108,0.40525539960438495,0.002373125696804183
0,0,0.5012012923400726,0.49722740466207394,0.0015713029978534387
0,0,0.5211275210393886,0.477742573183272,0.001129905777339419
1,1,0.01837838606631925,0.8895055513624719,0.09211606257120891
0,0,0.5758287906052687,0.42130433164415104,0.0028668777505802974
0,0,0.7302116605856129,0.2688943032101026,0.0008940362042845699
1,0,0.5690891582483697,0.4299997723234005,0.0009110694282298374
1,1,0.21714848001614684,0.7772531469926712,0.005598372991182057
1,1,0.07399634805892671,0.5657799779145567,0.3602236740265166
1,1,0.03779337632282835,0.8689500807663999,0.09325654291077166
2,1,0.028274294852442625,0.4909712564196731,0.48075444872788436
1,1,0.01721129085018216,0.894617712230872,0.08817099691894568
0,0,0.8520632589054722,0.14763668391940507,0.0003000571751226632
0,1,0.08056638917720672,0.8950042488432585,0.024429361979534832
0,1,0.31723647606874006,0.677789143128988,0.004974380802271938
1,1,0.34762926142943484,0.6461746161436768,0.00619612242688839
1,0,0.8128593648248177,0.18693975659236375,0.00020087858281851929
0,0,0.7603862143899727,0.23869975751226777,0.0009140280977594753
2,2,0.005896303507463605,0.24022181773819856,0.7538818787543379
0,1,0.3804056244766117,0.6154861530796368,0.00410822244375154
0,1,0.26345739555579584,0.729634207995073,0.00690839644913111
0,0,0.8920425178298728,0.10772199192674953,0.00023549024337760402
0,0,0.8057501048030858,0.19343201544204608,0.0008178797548680935
2,2,0.0009361234129203206,0.15838040592758154,0.8406834706594981
1,1,0.4634968627607772,0.5340478293210899,0.002455307918132892
1,1,0.045091448177966904,0.9205786599924339,0.034329891829599085
1,1,0.20151371349738706,0.791739018084547,0.006747268418066044
1,1,0.09441081951646602,0.8348436171622693,0.07074556332126454
0,0,0.7401124170105764,0.25829726138513837,0.0015903216042853158
1,0,0.7456678049589214,0.2539392428080658,0.0003929522330129049
0,0,0.5617138564259541,0.436778337382197,0.0015078061918488827
0,1,0.4771398931872022,0.5192205746644882,0.003639532148309573
1,1,0.3476092469498439,0.646406377043542,0.005984376006614044
0,1,0.43415753542241403,0.5605845041177748,0.0052579604598110485
0,0,0.6478351653512977,0.3500097269164347,0.0021551077322676123
1,1,0.3207803319979438,0.6683625787887297,0.010857089213326437
0,0,0.6928927704505488,0.30631303014816,0.0007941994012912135
1,1,0.10892737603102412,0.8787706113476653,0.012302012621310561
0,1,0.34951712346496494,0.6450289015531111,0.005453974981923947
0,1,0.3314598869206755,0.6552658245914782,0.013274288487846243
1,1,0.04138351308110889,0.9210651843665218,0.037551302552369256
0,0,0.835986531490616,0.16317853973117746,0.0008349287782065638
1,1,0.22084103069234476,0.7735224756881213,0.005636493619533807
1,1,0.07057679504493684,0.8851330246076041,0.04429018034745913
1,1,0.11119663901993586,0.8844471527615787,0.004356208218485558
0,1,0.40344360861101447,0.5932855480316311,0.0032708433573544306
1,0,0.6108009830105114,0.3880213672086149,0.0011776497808736962
1,1,0.2814648923582681,0.7118354403329603,0.006699667308771457
0,1,0.36774972096344877,0.6204997036333726,0.011750575403178622
0,0,0.746087472530031,0.2534313296361887,0.00048119783378029133
0,1,0.4443822785856226,0.5517611372070694,0.0038565842073078702
0,0,0.8324936779082454,0.16685509505726198,0.0006512270344927464
1,1,0.08378161266911929,0.867998783143316,0.04821960418756473
0,0,0.5523195875473019,0.44612648193505655,0.001553930517641428
1,1,0.4934116784128261,0.5024044930272852,0.004183828559888624
0,0,0.6819198858729354,0.31528933788782415,0.0027907762392404725
1,1,0.3176949161527447,0.6704074680078659,0.011897615839389497
0,1,0.2675243187908838,0.724659968595092,0.00781571261402424
1,1,0.09410430120283154,0.8913079970400872,0.014587701757081135
1,1,0.1722486849986796,0.8201920172370262,0.007559297764294292
0,0,0.6811885344305575,0.31829613334598905,0.0005153322234535077
1,0,0.5721288668148844,0.4270267413075836,0.0008443918775320467
0,0,0.7384541344165441,0.2613196602721073,0.00022620531134866033
0,1,0.17640884199739035,0.8104774038821562,0.013113754120453668
1,1,0.06881295784826735,0.8870728268043455,0.04411421534738713
0,0,0.6008535507895207,0.39816985524827414,0.0009765939622051842
0,1,0.3367424743656572,0.6606960503890942,0.002561475245248786
2,2,4.8452397046541684e-05,0.03850136862950159,0.961450178973452
1,0,0.7332695133335658,0.2656551528289848,0.001075333837449336
1,2,0.03162425320243781,0.25735543173715036,0.7110203150604117
2,2,0.010430547700720194,0.3055335614765672,0.6840358908227127
0,0,0.6029624065705231,0.39458270929645034,0.0024548841330265143
2,1,0.057339779628660666,0.5843206805422345,0.3583395398291048
1,1,0.1418887682946025,0.8434699192300207,0.014641312475376813
2,2,0.00030174431907576326,0.09997959392903497,0.8997186617518893
1,1,0.14838866325821165,0.830192024732103,0.02141931200968544
0,0,0.8597505632615947,0.13979101807593808,0.00045841866246722104
2,2,0.003870385053981309,0.3872216110517031,0.6089080038943155
1,0,0.696388657915261,0.30264697932558704,0.0009643627591521748
1,1,0.2576381155513087,0.7368844678054244,0.005477416643266833
0,0,0.7360889502598067,0.2621054470655489,0.0018056026746444077
0,1,0.46967960521426816,0.526389036214033,0.003931358571698832
1,1,0.4963190455446672,0.5004547336894836,0.0032262207658491993
0,0,0.8299048084073195,0.16906543311120667,0.0010297584814737905
1,1,0.1379713787044467,0.5987113594595348,0.26331726183601856
1,0,0.7345355094272883,0.2641006738205165,0.0013638167521951865
1,1,0.028968403511175043,0.8076000785128503,0.16343151797597452
1,1,0.4857971215216533,0.5123694007235644,0.001833477754782218
0,0,0.7967963348928512,0.20295416831051732,0.00024949679663146466
0,0,0.8782194108858031,0.1216347692076584,0.00014581990653837144
1,1,0.427739973699685,0.5634924842235264,0.008767542076788707
1,1,0.02233406371455811,0.9147669803243645,0.0628989559610774
0,0,0.7369699811648376,0.26196322595176813,0.0010667928833943286
0,1,0.3835663207372343,0.6142000610449942,0.0022336182177713697
0,0,0.5534279580364682,0.443185665805763,0.0033863761577688834
1,1,0.2707544258045332,0.7254198765952726,0.003825697600194286
1,1,0.21989390036086287,0.7694034993329552,0.010702600306182093
0,1,0.41985848077895377,0.5744125040434074,0.0057290151776387375
0,0,0.8637479809087414,0.1359003227525028,0.0003516963387557349
0,1,0.4870478837396253,0.510541879035537,0.002410237224837608
1,1,0.2463448540553768,0.7482817429368591,0.005373403007764049
1,2,0.045027002397311285,0.4744995338222811,0.4804734637804077
1,0,0.5650818757860093,0.4341747768210151,0.0007433473929755947
2,2,0.024240406437985855,0.3795879337276903,0.5961716598343239
1,1,0.22755127668110675,0.7688952361811878,0.003553487137705337
1,1,0.20431326918782083,0.7723556916917552,0.023331039120423978
0,0,0.660673106354169,0.3382259033066166,0.0011009903392143056
1,1,0.3283944574834284,0.661800913839374,0.009804628677197598
0,0,0.7920340925999458,0.2076669188650019,0.0002989885350523641
1,0,0.6736263090431224,0.3242523703671721,0.002121320589705627
0,0,0.5648418928000978,0.4293994485346249,0.00575865866527732
0,0,0.9495675804681715,0.05031882617196281,0.00011359335986565458
1,1,0.043598231624139554,0.9151000032826198,0.04130176509324061
0,0,0.7784762620016479,0.22126789097742047,0.00025584702093167834
2,2,0.021027800158819533,0.4389482914111649,0.5400239084300156
1,1,0.2660636499189667,0.7189302657740042,0.015006084307028959
1,1,0.09523242806629317,0.8871196186360475,0.017647953297659447
1,1,0.10449790680021569,0.8743386891881533,0.021163404011631012
0,0,0.8947071304976009,0.10508775716081678,0.00020511234158222236
1,1,0.13081180163827116,0.8490455051751834,0.020142693186545522
1,2,0.007794558056663263,0.27508314015105956,0.7171223017922772
1,1,0.07020528177405681,0.894080869184941,0.03571384904100219
2,1,0.0887661863172747,0.8785646331741255,0.03266918050859985
0,1,0.05217098302170005,0.9230650941450018,0.024763922833297966
1,1,0.2260653964863227,0.7483705968244052,0.025564006689272015
0,0,0.6796889278232081,0.31922188095775494,0.0010891912190369713
1,1,0.15805176310370084,0.8169586218301128,0.02498961506618645
1,1,0.37509280621704555,0.6176418986712556,0.007265295111698775
1,0,0.7311549885172992,0.26812037654208093,0.0007246349406198743
0,1,0.35077101873256555,0.6472671591349035,0.0019618221325309925
0,0,0.5333319111507833,0.46238719377943327,0.004280895069783474
1,1,0.34894538031265127,0.6502654576856576,0.0007891620016912343
1,2,0.0015201699269419932,0.026731681038580285,0.9717481490344778
1,1,0.4230454449918261,0.5730529377110137,0.00390161729716017
1,1,0.2251613005720395,0.7659701020553312,0.008868597372629312
2,2,0.0005968430892319018,0.0918190241319381,0.9075841327788301
0,0,0.7422665844397368,0.25668872836844964,0.0010446871918135439
1,1,0.44179200923605255,0.5550711951189364,0.0031367956450109842
1,1,0.29670528531790014,0.696485239294698,0.006809475387401809
1,0,0.7521241606348114,0.24746761961915373,0.0004082197460349221
1,2,0.015289530152931722,0.4454595998940149,0.5392508699530534
1,1,0.2269335510751627,0.7690739318506616,0.003992517074175574
1,1,0.3330617942733503,0.6594029324908481,0.007535273235801608
1,1,0.1950830587740543,0.7977255273530257,0.007191413872920057
1,1,0.11214291674841563,0.8354605891217349,0.052396494129849404
1,1,0.05994699672688967,0.9219231681547234,0.01812983511838701
0,0,0.797910921660779,0.20169707984327123,0.00039199849594972135
1,1,0.14414069769473767,0.8478335653192715,0.008025736985990992
1,0,0.7747481576706254,0.2241589975578532,0.001092844771521315
0,1,0.4979393029291311,0.5008751319701806,0.0011855651006883396
0,0,0.5705283460802749,0.4278320789789473,0.0016395749407777294
0,0,0.8374347792790011,0.1618970953137301,0.0006681254072687576
1,0,0.7801841587240976,0.21913192133690135,0.0006839199390009835
1,1,0.11736517734629111,0.8636237782926836,0.0190110443610253
0,1,0.31428326481966906,0.6772145551340277,0.008502180046303176
0,0,0.6854504937897495,0.31411008013089625,0.00043942607935421946
1,1,0.17662417712555392,0.812202536846755,0.011173286027690896
2,2,0.00013371171734178722,0.010313958602651998,0.9895523296800063
2,2,0.0026580685113702742,0.19759735261004926,0.7997445788785805
0,0,0.8849783721364495,0.11490249032476704,0.00011913753878361143
0,1,0.14897676991530961,0.839938364967472,0.011084865117218439
0,0,0.5947628874469764,0.4042278806533202,0.001009231899703329
1,1,0.12023360674782076,0.8692870321611669,0.010479361091012322
2,2,0.0010364995233664472,0.1041349554157044,0.8948285450609292
1,1,0.07536033911042961,0.8715941491969533,0.05304551169261713
1,0,0.6136575922804147,0.38427090140153236,0.002071506318052924
0,0,0.6777829743896305,0.3196748824940602,0.0025421431163090984
1,1,0.043330163951046156,0.8676790897655107,0.08899074628344321
1,1,0.22499176478342578,0.7681394663069805,0.006868768909593642
1,1,0.045969991915106194,0.9326148882190728,0.021415119865820814
1,1,0.04992284839704206,0.9320796931142113,0.017997458488746457
0,1,0.28279337507695906,0.708537434115412,0.008669190807628955
1,1,0.25613081806391613,0.7380769704320469,0.005792211504036838
1,1,0.014332779748999094,0.8989040063369822,0.08676321391401871
2,2,0.004235365337212955,0.2169612651788941,0.7788033694838928
1,1,0.4386681567045742,0.5597402287750826,0.0015916145203431777
1,1,0.3427065729310678,0.6538703605865228,0.0034230664824093883
0,0,0.6105474591898542,0.388421400652909,0.0010311401572369117
1,1,0.36823278098021267,0.62874218420336,0.0030250348164272806
2,2,0.0011282066531514328,0.17699832883785138,0.8218734645089972
0,0,0.7443336682389934,0.25542481594577265,0.00024151581523404375
1,1,0.4051389874667928,0.5902551639852541,0.004605848547953109
1,1,0.17517710807233627,0.8095044150689874,0.015318476858676168
0,1,0.397571993268537,0.6006653629858385,0.001762643745624681
0,0,0.6603008772051702,0.3382204322948603,0.0014786904999695644
0,0,0.84488128153705,0.1548710821362813,0.0002476363266688211
1,0,0.6246890658452465,0.37268973199223077,0.002621202162522745
1,1,0.2550863087181263,0.7352391248043189,0.009674566477554773
1,1,0.30618395402629695,0.6749392162225071,0.018876829751196006
1,1,0.09327661029538353,0.8875325360438534,0.019190853660763115
0,0,0.5501137663070516,0.4491277653195344,0.0007584683734140328
1,1,0.3798457426166205,0.6172799574560917,0.002874299927287672
1,0,0.8449429537829818,0.15469534695414183,0.00036169926287640743
0,1,0.47443717734012386,0.5230843414305868,0.0024784812292894275
2,2,0.006413609116091863,0.30176303021572765,0.6918233606681805
0,0,0.6493915844190749,0.3492486073994005,0.001359808181524605
1,1,0.14185780489842945,0.8339571585937173,0.024185036507853263
1,1,0.17604236359910305,0.8050550855967873,0.01890255080410975
1,1,0.37023471710616335,0.6212066101142161,0.008558672779620642
1,1,0.32673176802130044,0.6664056302672541,0.006862601711445489
0,0,0.6315173709234769,0.36748234978506483,0.0010002792914584357
1,1,0.08696665392745212,0.8541768441912779,0.05885650188126979
0,0,0.6698324646403304,0.32884058160117074,0.001326953758498805
2,2,0.0004976984631046984,0.07221733611482914,0.9272849654220662
1,1,0.3305618774574702,0.6601633983468557,0.009274724195673992
1,0,0.5687446676206522,0.42549139954460685,0.005763932834740818
0,0,0.7970587598555732,0.2025283504044094,0.0004128897400173562
1,1,0.37741028631974277,0.6187363009893887,0.003853412690868563
0,0,0.547896098175804,0.4478233305906546,0.004280571233541507
0,1,0.3343149100854889,0.6636291457563347,0.0020559441581764026
0,1,0.09007097400593553,0.8867080608413102,0.023220965152754295
1,0,0.8821653452261325,0.11762505422527902,0.0002096005485883567
0,0,0.5988368085619552,0.39996220945872857,0.0012009819793162716
1,1,0.27335509628768206,0.7153496084845998,0.011295295227718138
0,1,0.49406307596792715,0.5028461119805454,0.003090812051527409
1,1,0.17128059063563905,0.8171971980612162,0.011522211303144838
0,1,0.16268401245796474,0.8320915835848258,0.005224403957209493
1,1,0.27929991758964257,0.7153747351503177,0.005325347260039754
1,1,0.0745873472513512,0.8702628005514785,0.05514985219717025
0,0,0.5561941453069342,0.4392522801235617,0.004553574569503957
0,0,0.6604899882989747,0.3364634230243149,0.0030465886767104106
1,1,0.2918417916416298,0.6985915992885958,0.009566609069774365
0,1,0.38644552232710755,0.6065621775137711,0.006992300159121437
0,0,0.7771399446277154,0.2226576446016436,0.00020241077064099338
0,0,0.6955974310545145,0.30270409159988254,0.0016984773456029448
1,1,0.27223342914495746,0.7153073270669253,0.012459243788117235
1,1,0.4847254957487817,0.5126287194002161,0.0026457848510021533
0,0,0.70273752037342,0.2959022450979856,0.0013602345285944285
0,1,0.2505888182454846,0.7466684561192125,0.0027427256353029796
1,1,0.10342980445973415,0.8584653759746332,0.038104819565632754
0,0,0.7860332830277412,0.21355484877769743,0.0004118681945614617
0,0,0.8843169587688907,0.11551973092534132,0.00016331030576791807
0,1,0.19440628722619277,0.7898619047395091,0.015731808034298033
0,0,0.7205682500387499,0.2788156911903126,0.0006160587709374906
0,0,0.8248456212095051,0.17504037384048485,0.0001140049500100713
0,1,0.21365498400713726,0.7801726034771685,0.006172412515694162
0,1,0.211067042740406,0.77774089666842,0.011192060591173983
1,1,0.12965780059631796,0.8485934144529261,0.021748784950756047
1,1,0.03170606668792616,0.9400890730008057,0.02820486031126817
0,0,0.8211124148306643,0.1787934026605266,9.418250880913973e-05
0,0,0.8745325969834492,0.12534408867594807,0.00012331434060279504
1,1,0.24826512527464675,0.7417438278145465,0.009991046910806656
1,1,0.49533332983398415,0.5022646478545606,0.002402022311455213
1,0,0.6104636364039382,0.3873512539319038,0.002185109664158103
1,1,0.3483369656890006,0.6478044587589306,0.0038585755520689088
1,1,0.18750812362145877,0.8089683624872092,0.0035235138913319785
1,1,0.127435252107638,0.8626760038262372,0.009888744066124673
1,1,0.29462167416260293,0.6995608863884789,0.005817439448918044
0,0,0.5379708880253478,0.4604334465487902,0.0015956654258620867
1,1,0.4742529922249477,0.5208437482470548,0.004903259527997411
1,1,0.251768346919888,0.7402089831426812,0.00802266993743079
1,1,0.2961522244293744,0.6936625430026154,0.010185232568010218
0,1,0.46635410573931274,0.5271881199834004,0.0064577742772869
0,0,0.5577975336618244,0.4412349713419143,0.0009674949962613607
1,1,0.050388408313758855,0.8944746062280172,0.0551369854582239
1,1,0.3052080178664885,0.6905237438254079,0.004268238308103642
1,1,0.11083712520584628,0.8396548136290817,0.04950806116507192
0,0,0.5581767975809363,0.4392678774416633,0.0025553249774003957
0,1,0.23792413615511915,0.7481254864861929,0.013950377358688008
0,0,0.7489720968104248,0.24937690348733804,0.0016509997022372842
1,1,0.39407183055404227,0.6031984535533135,0.002729715892644267
0,0,0.5895939053760894,0.40805163682109136,0.002354457802819305
0,0,0.6105738553018232,0.3884550405583531,0.000971104139823601
1,1,0.23835867350689982,0.7566308841594322,0.005010442333667889
0,0,0.5266098609921592,0.47073694887062606,0.0026531901372147918
1,0,0.6021688229844706,0.39538949505588383,0.002441681959645506
1,0,0.8031283209598181,0.19640771317334718,0.00046396586683454804
1,1,0.31326905165656227,0.6809618249518747,0.0057691233915630824
2,2,0.0002687645196623418,0.03738162074279342,0.9623496147375443
1,1,0.1539614287161915,0.8386993481034253,0.007339223180383293
0,0,0.49811746606177254,0.49759258558299635,0.004289948355231184
1,1,0.05703827101321502,0.8623317059905354,0.08063002299624952
2,2,0.02145828031561813,0.429172531639639,0.5493691880447429
1,1,0.3572961307080661,0.6378050158229783,0.004898853468955553
1,1,0.2924170470306659,0.7023691510090019,0.005213801960332343
0,1,0.3616308833795551,0.6241584298583581,0.01421068676208662
1,1,0.18159241873101295,0.8137036684448972,0.004703912824089959
1,0,0.8210222868748985,0.17855198287746885,0.0004257302476325489
0,1,0.48035359019874635,0.5176541701777255,0.0019922396235280563
1,0,0.8538046584222491,0.14608296209676666,0.00011237948098426104
2,2,0.007143026439356441,0.2587839159479868,0.7340730576126568
0,0,0.5554488949411079,0.44178507838440495,0.0027660266744871332
1,1,0.3816339298977702,0.6080449475592066,0.010321122543023215
2,1,0.05306615845569933,0.8652574595754655,0.08167638196883532
2,2,0.0037426502601610448,0.24697523331846086,0.7492821164213782
1,1,0.4476979866868054,0.5477996219355082,0.004502391377686413
2,1,0.021816381581718426,0.7796677360236471,0.19851588239463447
1,1,0.28014242688165963,0.7158722780706963,0.003985295047643935
1,1,0.25485010483859627,0.739308489938137,0.005841405223266644
0,0,0.5343225381330281,0.4637541865163627,0.0019232753506092293
0,0,0.9309125845417177,0.06903882152773586,4.859393054641618e-05
1,1,0.02440377528266112,0.9127311072389026,0.06286511747843623
1,1,0.06938705226695484,0.9101753812107354,0.020437566522309762
0,0,0.657713448951539,0.3395486376283682,0.002737913420092738
1,0,0.8131466374523909,0.18649045115066223,0.00036291139694684594
1,1,0.2875410627542959,0.7021711499088532,0.0102877873368509
1,1,0.4545373560373464,0.542455686929251,0.0030069570334026905
0,0,0.7947989637803298,0.20467807190848747,0.0005229643111827869
1,1,0.31322311572732237,0.6832541534106621,0.0035227308620155704
1,1,0.4022026297906048,0.5950207298450457,0.002776640364349423
0,0,0.8145911464633767,0.1847635312540243,0.0006453222825989919
1,1,0.15055470619456585,0.840341555617092,0.009103738188342132
1,1,0.3301601247152588,0.6662538870054197,0.0035859882793216015
1,1,0.19673801766365584,0.7925708912791544,0.010691091057189865
1,1,0.1093887035968937,0.8548333816848687,0.03577791471823769
1,1,0.33072397420153277,0.6613993058299484,0.007876719968518835
1,1,0.3789123061331441,0.6175818240291857,0.0035058698376702353
0,0,0.8361969388392061,0.16347250929873655,0.00033055186205741715
1,1,0.08183921081139359,0.8939558727138567,0.024204916474749802
0,0,0.7283923495469469,0.27096607241695003,0.000641578036103047
0,0,0.7357166211514232,0.26355008291408705,0.0007332959344896903
0,0,0.592975506381094,0.40452047875048763,0.002504014868418496
0,1,0.45089794339797495,0.5432309666302311,0.0058710899717938575
0,0,0.5681806153215853,0.4298933172605411,0.001926067417873756
1,2,0.0010297403063242757,0.13043629168575527,0.8685339680079205
1,0,0.6836987582440538,0.31559030611912214,0.0007109356368240531
2,2,0.00028294993688071743,0.10407098416060714,0.8956460659025122
1,0,0.5752002020136141,0.42257353925280033,0.002226258733585584
0,0,0.5621504248622526,0.4361920042924793,0.0016575708452680543
1,1,0.33095353093803115,0.6563543532005252,0.012692115861443535
2,2,0.00016500745619108545,0.051721237860505254,0.9481137546833036
0,0,0.6187064035363777,0.3792256307502097,0.0020679657134126304
2,2,0.0009969500941369041,0.2142900305188836,0.7847130193869796
0,0,0.5960693366701905,0.4032646649139279,0.0006659984158816778
1,1,0.28395149954634974,0.7124221851555044,0.0036263152981458125
0,1,0.32860467666913273,0.65853579852956,0.012859524801307413
0,1,0.14595386454534515,0.8146677653365931,0.0393783701180617
0,1,0.30517632626147095,0.6914146498412912,0.003409023897237886
1,1,0.09798209696581074,0.8712019043691913,0.0308159986649981
0,1,0.3846521006285362,0.6104677606926602,0.004880138678803492
1,1,0.07655074574558188,0.8961360276709598,0.027313226583458326
1,0,0.7190245768904189,0.27962080416005103,0.0013546189495300658
1,0,0.5955213473051207,0.4035983415861906,0.0008803111086886954
0,0,0.6915580965189451,0.3064843700973596,0.001957533383695434
1,1,0.03793493845002218,0.8934308101086791,0.06863425144129892
1,0,0.7265687769725985,0.272681117390478,0.0007501056369234718
1,1,0.13930689873303934,0.849573204758443,0.011119896508517736
0,0,0.6666858393676929,0.3324764035048945,0.0008377571274127231
0,0,0.6411128540607712,0.35785805037437596,0.0010290955648527807
2,2,0.006286459131986919,0.3408923437612884,0.6528211971067248
0,0,0.5586966454855252,0.4384602950438647,0.002843059470610032
2,2,0.00012944656855704107,0.05970078348110333,0.9401697699503397
1,1,0.4294107629094593,0.5686547306497464,0.0019345064407943113
1,1,0.32647909603171504,0.6706721869728739,0.002848716995411052
0,0,0.5670742133428485,0.43102459938823295,0.0019011872689185918
1,1,0.24461516310329187,0.7485643051230483,0.006820531773659802
1,1,0.4257736474890239,0.5704558061781181,0.0037705463328580285
1,1,0.4240827696237678,0.5696226262413303,0.006294604134901975
1,1,0.16459003044687806,0.8014727604383691,0.03393720911475296
1,0,0.7325689805924461,0.26714052702738533,0.0002904923801686026
1,1,0.45770593604105575,0.5394494412216889,0.002844622737255339
1,0,0.5624190344850614,0.4356424005401187,0.0019385649748199607
0,0,0.5728588977943747,0.42503957828592104,0.0021015239197041385
0,0,0.7726029293714468,0.22641981893302673,0.0009772516955264931
0,1,0.2851090097416825,0.706913549828721,0.007977440429596465
0,0,0.7240095588950155,0.27464586208241104,0.0013445790225735568
1,1,0.12452441545806381,0.8317815547107777,0.04369402983115843
2,2,0.000695490813302133,0.1715185681258654,0.8277859410608326
1,1,0.4501845792366702,0.5462347923740764,0.0035806283892533828
0,0,0.5667371585644977,0.4311111533259675,0.0021516881095347703
0,0,0.6890829704534016,0.30940635566857133,0.00151067387802695
0,0,0.8415157379508945,0.157999693567924,0.0004845684811815876
0,0,0.8163476406223129,0.18339245647487454,0.0002599029028124003
1,1,0.46064289110811524,0.5384299059489012,0.0009272029429835695
1,1,0.18561822616952972,0.8050845616336817,0.009297212196788569
2,2,0.029456514786157066,0.41750555254171196,0.553037932672131
0,0,0.8183752000567568,0.18118108529727425,0.00044371464596900913
0,1,0.3665923654276437,0.6293561573054348,0.004051477266921483
0,1,0.0748622563244674,0.9088120862065012,0.016325657469031394
1,1,0.2108464165387363,0.780578331657417,0.008575251803846736
0,0,0.7448960363365539,0.25435999436955775,0.0007439692938883205
0,1,0.40204541387942344,0.5946174597554984,0.0033371263650781523
1,1,0.09404343043384812,0.8978989135088848,0.008057656057266901
2,2,0.00023025918464372486,0.050769211257067945,0.9490005295582883
2,2,0.005943171607762453,0.20428713130153034,0.7897696970907072
2,2,0.01726164139445715,0.32653273275267336,0.6562056258528695
0,0,0.5456073435361595,0.4532520307570592,0.0011406257067813205
0,0,0.9583765958670748,0.04154908344336716,7.432068955809119e-05
0,0,0.8178057102701859,0.1817804445340355,0.00041384519577865623
0,0,0.7963925405477784,0.20319127849940252,0.00041618095281908816
0,0,0.613335567127902,0.3839987328976045,0.002665699974493381
0,1,0.4886103827706025,0.5051759416729914,0.006213675556406094
1,1,0.2095021812642911,0.7851892465060618,0.005308572229647216
0,1,0.2698364536083987,0.7205563000244113,0.009607246367190007
0,0,0.6977373806913422,0.3014356242013826,0.0008269951072751949
2,2,0.0018327472606341237,0.3299379238170027,0.6682293289223632
0,0,0.7965326525803395,0.2029637324468555,0.0005036149728049919
1,0,0.5697025490281491,0.4293707946945037,0.0009266562773473779
0,0,0.5996200389127975,0.39755350953839547,0.002826451548807041
0,1,0.36199242607220067,0.6312824311024234,0.0067251428253758865
1,1,0.17022228530006367,0.8249702983418811,0.004807416358055293
0,1,0.22910211977376221,0.7657689617139595,0.005128918512278204
1,1,0.3855110896056284,0.6077495526559322,0.006739357738439289
1,1,0.3335978607532431,0.6522496098781206,0.014152529368636315
1,2,0.023352936781896972,0.39529274740812337,0.5813543158099796
1,1,0.04551237936253304,0.8504562803020856,0.10403134033538122
1,1,0.06857657470903988,0.9132533779952096,0.018170047295750467
1,1,0.3909059944086827,0.6064487125567276,0.0026452930345897195
1,1,0.08687078300673477,0.8585384181414203,0.05459079885184496
1,1,0.020906632011300566,0.9240915671849,0.05500180080379929
1,1,0.07942557885359575,0.8981175899881142,0.02245683115829016
1,1,0.13128365266232966,0.8421362437368438,0.026580103600826514
1,0,0.7353978444922429,0.26422627821137457,0.0003758772963825297
1,1,0.20918805854517097,0.7857699496529028,0.005041991801926108
1,1,0.3813984767018902,0.6150595590065115,0.003541964291598206
1,1,0.07693017646991082,0.9049453142034893,0.018124509326600053
0,0,0.8910552920396925,0.10868336481992516,0.00026134314038224276
0,1,0.461277170766347,0.5378511820472935,0.0008716471863594046
2,2,0.027843223651757603,0.39164157086139256,0.5805152054868499
1,1,0.4804621238415498,0.5169088694504366,0.002629006708013577
1,1,0.08469197111717078,0.8804821329103838,0.03482589597244541
1,0,0.6327817064534137,0.3641493209890485,0.003068972557537837
2,2,0.00015616455005274983,0.05055930054477991,0.9492845349051673
0,0,0.6469116729204282,0.35264731017188733,0.0004410169076845779
0,1,0.40524031571714786,0.5916201088580247,0.0031395754248274223
1,1,0.13155919033954835,0.8539115652967296,0.014529244363721997
1,1,0.16691976776074433,0.8281013634780963,0.004978868761159279
1,0,0.5433413820938552,0.4546856545454617,0.001972963360683105
1,1,0.22535359204373856,0.7704765474568426,0.00416986049941879
1,1,0.20826709304813296,0.7841842378113337,0.007548669140533321
1,0,0.7514169409007948,0.24821548536142254,0.00036757373778262856
2,2,0.0013949588323130292,0.16289188859485376,0.8357131525728333
0,1,0.37776465627316624,0.6199361973774148,0.0022991463494191344
1,1,0.3408753205130127,0.6554587231878539,0.003665956299133431
0,0,0.605234227116158,0.3935300902320915,0.0012356826517505048
1,0,0.6117582392400311,0.38724126446823054,0.0010004962917384186
0,0,0.6774886588167873,0.3220604408621277,0.00045090032108485197
0,0,0.9114676103795978,0.0884775311481361,5.4858472266051524e-05
1,0,0.7638786585470613,0.23579281270789565,0.00032852874504308996
0,0,0.5691643669784516,0.42966655539796944,0.0011690776235789356
1,1,0.1208309278303644,0.8567210326735216,0.022448039496114083
0,1,0.25488839028446,0.735367869089881,0.009743740625659034
1,1,0.09788682001071446,0.8732926907211785,0.02882048926810698
0,0,0.7042847162778303,0.29387538201635177,0.001839901705817871
0,0,0.584076463820182,0.4143985768511679,0.0015249593286500323
1,1,0.30282918041781687,0.6930326164858996,0.0041382030962835445
1,1,0.01706476371183042,0.8720612696411886,0.11087396664698097
1,0,0.5329085378181506,0.46641567704090825,0.0006757851409410808
1,0,0.5158541381350779,0.4821692105790352,0.001976651285886876
0,0,0.840238711048623,0.15923203286072998,0.0005292560906470052
1,1,0.19508900766057982,0.79857235329682,0.0063386390426002125
1,1,0.04386914501568049,0.8774387099369959,0.07869214504732355
1,1,0.12457043361943604,0.8686498607850919,0.006779705595472053
0,1,0.494209743314385,0.502062613484861,0.0037276432007540203
0,0,0.805374205625482,0.194312577070711,0.00031321730380693856
1,1,0.418437592394175,0.5783023947481246,0.003260012857700269
0,0,0.8595329758797378,0.14019648355509234,0.00027054056516984365
0,0,0.8155052787519658,0.18392856763745632,0.0005661536105779014
0,1,0.4323662031551944,0.5629475566379549,0.004686240206850668
1,1,0.22423178135473473,0.7645125682418201,0.01125565040344523
1,1,0.3129494784276021,0.6798925964573317,0.0071579251150660885
1,1,0.14933641131382758,0.8440666622941935,0.006596926391978866
0,0,0.6464979377688855,0.3523742108594134,0.0011278513717008973
1,0,0.5686076144244638,0.4296288079857386,0.001763577589797505
1,1,0.4057472025947427,0.584415885206067,0.009836912199190348
0,1,0.44107635442126486,0.5564771810351188,0.0024464645436162603
1,1,0.02646944390666403,0.9354359452872691,0.03809461080606694
1,1,0.3776508366589288,0.618987539870801,0.003361623470270147
1,1,0.30873322889354554,0.6847826879605624,0.006484083145892153
0,0,0.6482300350152486,0.3508463846880129,0.0009235802967385102
0,1,0.3241033595380917,0.6732583691353825,0.0026382713265257103
1,1,0.21752745584473004,0.7747440961408543,0.007728448014415782
0,0,0.6884117353578658,0.31018495727706225,0.0014033073650718644
1,1,0.19028288082431485,0.8020617955366937,0.007655323638991655
0,0,0.8917713769321975,0.10808741544714245,0.00014120762065981325
1,2,0.0006359937462779128,0.09441518205404165,0.9049488241996804
0,0,0.9436445677360425,0.05626245535574401,9.297690821334651e-05
0,0,0.86654317264546,0.13321004571520498,0.00024678163933506
0,0,0.5072013913693136,0.4885276627567971,0.004270945873889328
1,1,0.09122145181615662,0.8977590389248452,0.011019509258998098
0,1,0.34198951185997306,0.6543761039930571,0.003634384146969932
1,1,0.046860087001075246,0.8989475996620276,0.0541923133368972
0,0,0.675103659550138,0.3236545672924638,0.0012417731573983709
1,0,0.6843139750419194,0.31428663179029576,0.0013993931677849134
0,0,0.7744101236964744,0.22488224865802642,0.0007076276454991424
1,1,0.36258938791080875,0.6262805088059239,0.011130103283267304
1,1,0.10796755888520394,0.8380542891661593,0.05397815194863679
1,1,0.3539509539261795,0.6403405929068186,0.005708453167002043
0,1,0.485429963909293,0.5133042631102889,0.0012657729804181092
1,1,0.3653868591203916,0.6289972724964921,0.005615868383116165
0,0,0.9103573306240793,0.08940477962860464,0.0002378897473160841
1,1,0.11344141417158854,0.8660868407764576,0.020471745051953955
1,0,0.7692168883575795,0.2304366027857945,0.0003465088566258455
2,2,0.0011926082423011145,0.1232841279504955,0.8755232638072034
1,1,0.4426787388614633,0.5538577524172373,0.003463508721299409
0,1,0.46358168677785366,0.5332768793253307,0.0031414338968157015
1,1,0.10765140885873282,0.846147038821788,0.04620155231947915
1,0,0.7362332542089612,0.26333875078008623,0.00042799501095262246
0,0,0.9209857371904553,0.07893162918708822,8.263362245659186e-05
1,1,0.20725954647381195,0.7844909364676137,0.008249517058574315
0,1,0.17198842684293228,0.7974283936618396,0.030583179495228076
1,1,0.42227106233843326,0.5712403503327146,0.006488587328852177
1,1,0.03541327679831951,0.903794076268004,0.06079264693367647
1,1,0.16717351411584197,0.8239076591265613,0.008918826757596728
0,0,0.7908323553099649,0.20888763485712142,0.0002800098329136906
0,1,0.14989778102845086,0.8299162102192997,0.020186008752249466
0,0,0.7911350060555076,0.2087627220571493,0.0001022718873430391
1,1,0.10483698948127582,0.8366295260305032,0.058533484488220926
1,1,0.1672240578699955,0.8141716621677263,0.018604279962278224
1,1,0.18754579014441997,0.8057772710059808,0.006676938849599204
1,1,0.32059340959796284,0.6719900272109918,0.007416563191045324
1,1,0.022095297461304727,0.9380188130367121,0.039885889501983164
1,1,0.4321943665216411,0.5646659294736521,0.0031397040047066874
0,0,0.904092763348152,0.09574919300421295,0.00015804364763499345
0,0,0.6044033807211023,0.39375394837553995,0.0018426709033577762
1,1,0.4885691183877783,0.501620518501522,0.00981036311069967
1,0,0.5733059709587671,0.42463515691925074,0.0020588721219821646
1,1,0.29956013326354003,0.693461233070352,0.006978633666107859
0,0,0.5651020587719064,0.4338638038164201,0.0010341374116735606
0,0,0.600609536530216,0.3984327217224112,0.0009577417473728608
1,1,0.26628745932070835,0.724381568474184,0.00933097220510761
0,0,0.660923349094549,0.3385138597811042,0.0005627911243467507
0,1,0.38569006598708416,0.6110719506240758,0.0032379833888400615
1,1,0.22061237565279615,0.7577642181569835,0.02162340619022018
0,0,0.6671596498396047,0.33224291444643467,0.0005974357139605269
0,1,0.027752776875642992,0.8908412418221988,0.08140598130215831
1,1,0.10767294209491048,0.8387315505604092,0.053595507344680555
0,0,0.6640798949364938,0.3356275509590965,0.00029255410440961566
0,0,0.5019650710984663,0.49458631424560684,0.003448614655926864
1,0,0.8757303193558159,0.12394339957037737,0.00032628107380653954
0,0,0.5762226023638569,0.42238573616203984,0.001391661474103198
1,0,0.5066423946136802,0.4899930037213333,0.0033646016649864514
0,0,0.7347993702404955,0.2647052727494621,0.0004953570100424315
1,1,0.44731393950496634,0.5444960875987638,0.008189972896269866
1,1,0.11395664246617823,0.8629438714082402,0.023099486125581697
1,1,0.32365830366818077,0.6715905219971234,0.004751174334695798
0,1,0.21139313120116757,0.7707722633226816,0.01783460547615096
0,0,0.5615666882860207,0.4376534175487387,0.0007798941652405554
1,1,0.3861500329909531,0.6093178942117047,0.004532072797342375
1,1,0.3165872655749475,0.6773068706684473,0.006105863756605142
1,1,0.06515060783931743,0.9118121670352766,0.023037225125406027
0,0,0.7074367819046689,0.2912247552925242,0.0013384628028069482
1,1,0.431169708030843,0.5649958463420943,0.0038344456270627512
0,0,0.8044431700684135,0.1953933500898142,0.0001634798417721791
2,2,0.007695683732646908,0.37617452064628887,0.6161297956210642
1,1,0.33616717432655246,0.6586220181390474,0.005210807534400109
1,1,0.2998619375601519,0.6938756751637806,0.006262387276067596
0,1,0.4093007259339623,0.5884601112774847,0.0022391627885531324
0,0,0.8882476924666782,0.11155207948858997,0.00020022804473167623
1,1,0.1287291077230989,0.8574097298785464,0.013861162398354632
1,2,0.012063602424271359,0.3791634858990961,0.6087729116766325
2,1,0.03582983106669182,0.8842699774082539,0.07990019152505433
1,1,0.17254693869327004,0.8117744117333291,0.015678649573400913
1,1,0.07529182641518316,0.9082195085615431,0.01648866502327362
0,0,0.6415090014720647,0.3575089521670761,0.0009820463608591749
1,1,0.10829300195782036,0.8769535288033081,0.014753469238871407
0,1,0.4906531373660563,0.5068724737131661,0.0024743889207775286
2,2,0.008645934020005274,0.255402320048547,0.7359517459314477
0,0,0.810382352047511,0.1893755123153384,0.00024213563715046814
0,0,0.8532397101188027,0.14653464471203007,0.0002256451691671076
0,0,0.8928637026214358,0.1070018081866813,0.0001344891918827632
0,0,0.7567277782530143,0.2419609535488516,0.0013112681981341445
1,1,0.29573122122253853,0.6993916126158555,0.00487716616160612
2,2,0.00028320240566074044,0.0669213233032405,0.9327954742910988
1,1,0.3428923661275215,0.6517418843704155,0.005365749502063012
2,2,0.016190009836603295,0.366812375031935,0.6169976151314617
1,1,0.3342291260006648,0.6612080813859392,0.004562792613396043
1,1,0.035762158830234876,0.8984195302379582,0.06581831093180715
2,1,0.05202265206968109,0.8927917037921548,0.055185644138164146
1,1,0.24064282557720704,0.7450904038594975,0.014266770563295375
1,1,0.4831891839932452,0.512868592210981,0.0039422237957738296
1,1,0.08071573291479417,0.892762616856065,0.02652165022914081
0,0,0.8810655809108571,0.11864915688988689,0.0002852621992559637
1,1,0.4720313867480138,0.5256601852600989,0.002308427991887208
1,1,0.25069820834854556,0.7461124060276572,0.0031893856237971757
0,1,0.30902241683026754,0.677789524235334,0.01318805893439843
1,1,0.1329950852000722,0.8614324080909803,0.005572506708947383
1,1,0.22208423898871513,0.7665601418199067,0.011355619191378119
0,0,0.9049482772966778,0.09482902973037625,0.00022269297294598702
0,0,0.5413533376303666,0.4564216028737357,0.0022250594958977223
0,0,0.6006335370454015,0.3978878170938301,0.0014786458607686445
1,1,0.03103474392961451,0.8899971233328898,0.0789681327374956
0,0,0.7082556708189153,0.2899484506052828,0.0017958785758018319
1,1,0.24340742117250724,0.7475297974799511,0.00906278134754159
1,1,0.264664299278777,0.712763948578005,0.022571752143217983
0,0,0.6568470579736669,0.34222540333604623,0.0009275386902869165
0,0,0.8535411732075644,0.14616838872753452,0.0002904380649010092
1,1,0.179935327403119,0.8094198884093481,0.010644784187532931
1,0,0.5499705356760984,0.44367005263784665,0.006359411686054897
2,2,0.002265247744040301,0.17108992156768776,0.8266448306882719
1,1,0.277849103610549,0.7109613525836729,0.011189543805778138
1,1,0.21457153451990701,0.7755297644408652,0.009898701039227869
0,0,0.8953975800874657,0.10449979943823308,0.00010262047430112473
1,1,0.3419120833419854,0.6563371056631644,0.0017508109948502076
0,0,0.9180173438211237,0.08186391121086432,0.0001187449680120336
1,1,0.17115990472043158,0.823814792278101,0.005025303001467445
0,1,0.3438624263374285,0.6493461817239351,0.006791391938636285
1,0,0.6524444191493999,0.34698452392485474,0.0005710569257454348
1,1,0.3791431321432928,0.6190050594588237,0.0018518083978836348
1,1,0.15937546827780358,0.8213408958504234,0.01928363587177301
1,1,0.061354361993616,0.8587072293985638,0.0799384086078202
1,0,0.6359060431399817,0.3632230473406622,0.0008709095193561388
1,0,0.71624406368279,0.28272330581985416,0.0010326304973557758
0,0,0.5973788341405603,0.40150132683516837,0.0011198390242712266
1,1,0.06311522938342524,0.8778533129677056,0.05903145764886902
1,1,0.1147065322788739,0.8637561054748714,0.021537362246254778
1,1,0.13712716838078176,0.8461601910494918,0.016712640569726506
1,1,0.16366359488692817,0.8304091729099005,0.0059272322031713506
1,1,0.041938285074845406,0.8969557896348788,0.061105925290275837
1,1,0.06933798270846242,0.9160223768730607,0.0146396404184768
0,0,0.626912302553687,0.37229229744635856,0.0007953999999544426
1,1,0.12539222547877196,0.861898817742033,0.012708956779195032
1,1,0.08289852073420599,0.8895600227500302,0.02754145651576374
1,1,0.03886283787430639,0.8962331164674504,0.06490404565824322
1,0,0.8865551237697782,0.11320384869416374,0.00024102753605807742
1,1,0.04339989993718441,0.836342610817027,0.12025748924578852
0,0,0.6694741523620485,0.3295310886611535,0.0009947589767980828
1,0,0.6069088625315879,0.39232047454576807,0.0007706629226440041
0,0,0.7716379667769954,0.22778901565351822,0.0005730175694864668
0,0,0.7196536342736988,0.2789582329605938,0.0013881327657073997
1,1,0.21750793794854204,0.7718664254515286,0.010625636599929314
0,0,0.802184998082467,0.19705303313311942,0.0007619687844136232
1,1,0.16611634033530012,0.8115280267714079,0.022355632893291857
0,0,0.5691225455506,0.4299313580651373,0.000946096384262619
1,1,0.1359951563966217,0.8503636022286231,0.013641241374755197
1,1,0.26875362356792354,0.7225453662002727,0.008701010231803955
0,1,0.46778570679584597,0.5255219607820094,0.006692332422144619
1,1,0.031478180774265965,0.8960161559224348,0.07250566330329908
1,1,0.26189371986382065,0.7315794899039789,0.006526790232200457
0,0,0.9182680950394968,0.08149785605381712,0.00023404890668605544
0,0,0.6528328582452476,0.3449876569799657,0.0021794847747866825
1,0,0.7317489727443658,0.26684338456313167,0.0014076426925025687
0,0,0.5472980410311302,0.4498510217556777,0.0028509372131921063
0,0,0.8991170471436698,0.100816811205905,6.614165042513801e-05
0,0,0.5886070575963335,0.40995284854218617,0.001440093861480332
1,1,0.49229046052587244,0.5056701446121942,0.0020393948619332803
0,0,0.7598156522018693,0.239297887710582,0.0008864600875486164
0,0,0.7328471125482203,0.26675156642748565,0.0004013210242941227
1,1,0.15506220980067023,0.8174610796395057,0.02747671055982416
0,0,0.7507228373421896,0.24879836167333738,0.00047880098447311613
0,0,0.6571652879171929,0.3415967560659718,0.0012379560168354167
0,1,0.4760662637723378,0.522693145167417,0.0012405910602452802
0,0,0.672760055264368,0.3264152315905344,0.0008247131450976589
1,1,0.33551822849277174,0.6577069031936418,0.006774868313586446
1,1,0.2120855572756548,0.7783500356171931,0.009564407107152048
0,0,0.550563774682819,0.4461320952053565,0.0033041301118243607
1,1,0.14450972473397558,0.6314681336893283,0.22402214157669603
1,1,0.253393136329033,0.7410101921710489,0.005596671499918112
0,0,0.8551998011722738,0.1444257961895937,0.0003744026381324965
1,1,0.07401741573855869,0.6167169537403753,0.3092656305210661
1,1,0.4727343141817277,0.521917329325116,0.005348356493156308
1,1,0.09334308578138173,0.8875229724668426,0.019133941751775813
0,0,0.7036562648927807,0.29475198041228695,0.0015917546949323696
1,1,0.28669975120994173,0.7113838753563392,0.0019163734337190508
1,1,0.1890573515413999,0.80712002218884,0.003822626269759946
1,0,0.8025710916925912,0.19652495535271972,0.0009039529546891184
0,0,0.6932577890252327,0.3064162283409506,0.00032598263381680595
0,0,0.7726421245212529,0.22659059583090657,0.0007672796478403522
0,1,0.3576112067302703,0.6378670666299019,0.004521726639827761
0,0,0.8071369355381556,0.19234720463618352,0.0005158598256609598
0,0,0.6457052457434943,0.3524166181833413,0.0018781360731644793
1,1,0.17628194926397597,0.816286211723,0.007431839013024139
0,0,0.6864858428913461,0.31298779923988773,0.0005263578687661758
0,1,0.4623272744741498,0.5344491398715048,0.0032235856543454218
1,0,0.8412694759608378,0.158426072713294,0.0003044513258681298
1,1,0.17183026111483868,0.8236010581030195,0.004568680782141889
0,1,0.32053131260043216,0.6751751747804439,0.004293512619123923
1,1,0.06915403686871668,0.9145948245145709,0.01625113861671259
0,0,0.5564677417255267,0.44204778224823704,0.0014844760262362497
1,1,0.47350217183876075,0.5240224610631303,0.002475367098108936
0,0,0.8492805973616325,0.1503734438578091,0.00034595878055846877
1,1,0.1934530892769,0.7984523320621365,0.008094578660963622
1,1,0.12745292842063027,0.8625144159570473,0.010032655622322424
1,1,0.19032803249650734,0.803449894433751,0.006222073069741502
0,0,0.711592983929062,0.2870992575651822,0.001307758505755915
0,0,0.587347248090311,0.41105285038710143,0.0015999015225874658
1,1,0.3110881550762482,0.6806877198532709,0.008224125070480783
0,1,0.31966991079069146,0.6754375600694082,0.004892529139900138
0,0,0.8119153094918137,0.1876097856103521,0.0004749048978343245
1,1,0.06044263766923265,0.9161910279429581,0.02336633438780928
1,1,0.32582544136392216,0.6625760710253136,0.011598487610764334
1,0,0.5886590456915298,0.4099735009660634,0.0013674533424069516
0,0,0.8854363720992038,0.11436991272262623,0.00019371517817007045
1,1,0.352618588999599,0.6396375336773574,0.007743877323043622
0,1,0.1249488544588215,0.8603968983329299,0.014654247208248771
0,0,0.7198579775131725,0.27932587966351907,0.0008161428233085015
0,0,0.6169929021335512,0.3823764734391012,0.0006306244273476934
0,0,0.8322278609725422,0.16756645554268548,0.000205683484772302
