true_label,pred_label,prob_class_0,prob_class_1,prob_class_2
0,0,0.7357342728173124,0.26308015806971546,0.0011855691129720855
1,1,0.3226102727027944,0.6674289370988464,0.00996079019835923
1,1,0.16118691939736254,0.8298766793344089,0.0089364012682285
0,0,0.8175416237850642,0.1815846407606386,0.0008737354542971075
1,0,0.5374934159684843,0.46084160915787475,0.00166497487364101
0,0,0.8990503074354544,0.10073181105183641,0.0002178815127091673
0,0,0.9247490832413249,0.0748085457885849,0.0004423709700902149
0,0,0.8808312593770308,0.11875921329932312,0.0004095273236461786
1,1,0.19945090384084407,0.7735999644117407,0.02694913174741531
0,0,0.8628637101408343,0.13678950330604642,0.00034678655311933085
1,0,0.5203529969117665,0.4762035857207612,0.0034434173674724017
0,0,0.5012089028878985,0.4953440496312515,0.003447047480850004
1,0,0.7279165314963385,0.27117566973956947,0.0009077987640920798
1,1,0.29604406113420856,0.6935453349419217,0.01041060392386966
1,1,0.1909117354699154,0.7986622444775413,0.010426020052543315
1,1,0.21471875184273886,0.7738435444714666,0.011437703685794403
0,0,0.6306340843283158,0.3675189284288337,0.0018469872428504388
1,1,0.2444021711082939,0.7446438259195971,0.010954002972108997
1,1,0.06860172310029523,0.9106282716936142,0.02077000520609045
1,1,0.3286683437700037,0.6549085848020412,0.01642307142795515
0,0,0.6505489349838008,0.3466197233720383,0.0028313416441607944
1,1,0.31132644613832233,0.6791814313281067,0.00949212253357096
1,1,0.3874699926112881,0.6054363086889354,0.007093698699776454
0,0,0.8969582277372047,0.10261798671980243,0.0004237855429927464
1,1,0.3554421167554643,0.630488438170446,0.014069445074089647
1,2,0.0029579012817111164,0.27446913527750466,0.7225729634407843
0,0,0.6932114791261301,0.305964817923528,0.0008237029503418377
1,1,0.12805717379907883,0.8556295554421074,0.016313270758813787
0,1,0.14607793588691234,0.829081866915797,0.02484019719729074
0,0,0.6935013017927666,0.30527777477800166,0.001220923429231751
0,0,0.5999074442893242,0.3983359555208686,0.0017566001898073167
0,0,0.8176915871433506,0.1817710548448021,0.0005373580118474655
1,1,0.2730523478261243,0.7180330115641466,0.00891464060972899
0,1,0.38669768972578006,0.608120959356747,0.005181350917472899
0,0,0.5358560690180825,0.4591513243665697,0.004992606615347822
1,1,0.11924637810195021,0.827986943224107,0.052766678673942725
1,1,0.0955086920955518,0.8865688298223413,0.017922478082106938
0,0,0.5492672493419063,0.44795748900756066,0.002775261650533012
1,0,0.6550217124718483,0.3430935758316931,0.0018847116964586443
1,1,0.11270915673251496,0.843603774285717,0.04368706898176806
0,0,0.6113388893565123,0.3861434342579261,0.0025176763855616784
0,0,0.8146340282691256,0.1848601721973316,0.0005057995335428128
1,1,0.27028115761858296,0.7069097453320635,0.022809097049353633
0,0,0.8873458661563892,0.11197049433194417,0.0006836395116666559
2,2,0.008416065999195713,0.30251161794845416,0.6890723160523502
0,1,0.2461085936550357,0.7316537094648121,0.02223769688015219
1,1,0.33105198337557173,0.662207424105191,0.006740592519237417
1,1,0.4214517345047065,0.5742615135121626,0.0042867519831309205
1,1,0.1673628585494695,0.8250786267074759,0.007558514743054622
0,0,0.6413126632827324,0.35435631525292066,0.004331021464346815
0,1,0.345692994303021,0.6505950969807341,0.003711908716244911
1,1,0.18334068726305805,0.7753962179082501,0.04126309482869188
1,1,0.08856611966300659,0.867579800493343,0.04385407984365037
1,1,0.4319177773241447,0.5600529433659026,0.008029279309952704
1,0,0.7607403728959887,0.2382516734134717,0.0010079536905394618
1,1,0.4259846723490644,0.5693668251825265,0.0046485024684091054
1,1,0.05134375863041193,0.9300559036290768,0.018600337740511244
1,0,0.8116829814949142,0.18740315112336617,0.000913867381719765
0,1,0.40060325332594343,0.5968032408213085,0.002593505852747981
1,1,0.061195039464372686,0.8889606579332633,0.049844302602364096
2,2,0.00022997967832575573,0.09224356882648566,0.9075264514951885
0,0,0.5444140825288856,0.45116758474910573,0.004418332722008619
1,1,0.24447737541417242,0.7476000310510118,0.007922593534815784
0,0,0.7232760187025504,0.27550685426070254,0.0012171270367471114
0,0,0.5819095539684489,0.41642660379243035,0.0016638422391208134
1,1,0.03763660231604815,0.9382516518147327,0.024111745869219124
1,1,0.3401808718853916,0.6488402333364434,0.01097889477816499
1,1,0.18840413836158085,0.8009949296919749,0.010600931946444283
1,1,0.49282679558086595,0.5031433756190217,0.004029828800112319
1,1,0.24216356950235707,0.748745607666245,0.009090822831397862
1,1,0.20073001392873968,0.7916199069702362,0.00765007910102418
0,0,0.547740184198911,0.44696128662191026,0.005298529179178627
1,1,0.4004560625921908,0.5969605462778175,0.002583391129991638
0,0,0.6922961085645701,0.3072246666810487,0.0004792247543811094
1,1,0.48565398343858607,0.5111621758050244,0.00318384075638946
0,0,0.7865020726382161,0.2121039602953083,0.0013939670664756564
1,1,0.34054589109566613,0.6524898410336222,0.006964267870711608
1,1,0.3391718755126252,0.6485710862097369,0.012257038277637912
1,1,0.0981714264149163,0.883738087137178,0.018090486447905653
0,0,0.8456275986163213,0.15385459151220654,0.000517809871472137
1,0,0.5065701203849758,0.4906800745991517,0.002749805015872438
0,0,0.8185127038737441,0.1808893902954365,0.0005979058308193839
1,1,0.12950505360063036,0.8435417261447552,0.026953220254614555
2,2,0.013869577173097296,0.3649768849387409,0.6211535378881617
1,1,0.4336452978657898,0.5628815454681038,0.0034731566661063053
1,1,0.25935716409471676,0.7250959095176642,0.015546926387619023
0,0,0.904712222518924,0.09500981114894144,0.00027796633213454593
1,0,0.7013206915823359,0.2970002037463115,0.0016791046713527083
0,1,0.2611426079342195,0.7318421005442193,0.00701529152156124
0,0,0.756847926470877,0.24182190711823928,0.001330166410883843
0,0,0.843614929167142,0.15558888903351506,0.000796181799342936
1,1,0.2351811277951978,0.747409294279825,0.017409577924977153
1,1,0.198801020608194,0.7782213524747463,0.02297762691705962
1,1,0.27705541111073284,0.7186438344486487,0.004300754440618462
0,1,0.244521492687591,0.7480269014198674,0.007451605892541572
1,1,0.19639702361322445,0.7840301735959113,0.019572802790864305
1,0,0.5402520326682886,0.45628224215338153,0.0034657251783297874
1,0,0.6084546712162309,0.3892715052196898,0.0022738235640792455
1,1,0.3922327042200936,0.600882735285352,0.006884560494554373
1,1,0.11939897089581311,0.8649957770531658,0.015605252051021184
0,1,0.09154333338717868,0.8859622142814965,0.02249445233132479
1,1,0.043297514620405736,0.9180472206051015,0.03865526477449286
1,1,0.03352999922914312,0.8799522556585595,0.08651774511229741
1,1,0.18436765163023977,0.7965443745022092,0.019087973867550963
0,1,0.28580815395011033,0.7040250548766716,0.010166791173218235
0,1,0.3865384215773912,0.607162922585352,0.006298655837256704
1,1,0.20300677315310633,0.773401493276849,0.02359173357004464
1,1,0.34097762341238586,0.6511880500141687,0.007834326573445356
0,1,0.27959403049183035,0.7146787160428946,0.005727253465275081
2,2,0.01750524992101005,0.38349491778570044,0.5989998322932895
1,1,0.45164971056485104,0.5457302159726956,0.002620073462453502
0,0,0.8343689373959742,0.16496568712413687,0.0006653754798890586
1,0,0.6784740864304196,0.3196559876623171,0.0018699259072632692
0,1,0.4188981289073234,0.5769855066527562,0.004116364439920475
1,0,0.5405582567095973,0.4566719299270754,0.002769813363327275
0,1,0.21903476832439248,0.7738385338530325,0.0071266978225749495
2,2,0.010497275877686953,0.3559763618772826,0.6335263622450304
1,1,0.1330931493781595,0.8573269938475625,0.009579856774278
0,0,0.6553290397681362,0.34359957167696725,0.001071388554896556
0,0,0.7312933718659826,0.26772923490722417,0.000977393226793258
1,0,0.5791114452840863,0.4196468369337688,0.0012417177821448012
0,1,0.42816906221267576,0.5666485560200958,0.005182381767228444
2,2,0.0011191023928899739,0.1686790928162425,0.8302018047908676
1,0,0.6221095120440566,0.3642423810512233,0.013648106904720009
2,1,0.009959269612367838,0.6728133726153789,0.3172273577722533
0,0,0.5788328580872674,0.4194779689457974,0.0016891729669351683
1,0,0.6909932338646316,0.30744031678612965,0.0015664493492387444
0,0,0.7647420954215938,0.23362680701235794,0.0016310975660483024
2,2,5.659489883476365e-05,0.04154392571564057,0.9583994793855247
2,2,0.00025940431436924816,0.045151669725951145,0.9545889259596796
0,0,0.8312697295573701,0.1679500981755381,0.0007801722670917968
0,0,0.4966085503806997,0.49440632069026685,0.008985128929033385
1,0,0.8056571850769433,0.19298079214873493,0.001362022774321846
1,0,0.6287347846225676,0.3706728851458775,0.0005923302315549684
0,0,0.646513632929968,0.35196184036013684,0.0015245267098951442
1,1,0.16237373538319771,0.8285244838999312,0.009101780716871191
0,0,0.800535219718581,0.1986849612318298,0.0007798190495891201
0,0,0.6184880320396845,0.3780997500401199,0.003412217920195617
1,1,0.13992560198269116,0.8468624970247715,0.013211900992537492
2,2,0.009779021626190234,0.3039494734746196,0.6862715048991901
0,0,0.8132813776847391,0.18582080198878123,0.0008978203264796589
2,2,0.009831781721112863,0.3083745760901852,0.6817936421887019
0,0,0.7593578133192779,0.2401461895301648,0.0004959971505573343
1,0,0.5501605893818159,0.4475362413956577,0.002303169222526494
0,0,0.7396056958998197,0.2597382412022972,0.000656062897883098
2,2,0.02899296308495929,0.43109006211712964,0.539916974797911
0,0,0.7184522032141105,0.2805840619003783,0.0009637348855112296
0,1,0.3295822114218515,0.6652497243534359,0.005168064224712509
2,1,0.028258115369321914,0.8948348799544426,0.07690700467623555
0,1,0.45856892886545925,0.532236120635478,0.009194950499062738
1,1,0.06388670862446626,0.8712034310300556,0.06490986034547809
1,0,0.5233258282419679,0.4723398378461242,0.004334333911907886
1,1,0.06821601890464456,0.8616222371080774,0.07016174398727809
1,0,0.6363164593986272,0.36136988504920803,0.0023136555521647366
0,0,0.6199348033739814,0.37642837551506336,0.003636821110955261
0,0,0.788317848031161,0.21091241991786516,0.0007697320509738993
0,0,0.771846637313582,0.2269074818945868,0.0012458807918310894
1,1,0.180040088080379,0.8049079075914239,0.015052004328196922
0,1,0.2511687669260933,0.739508328363663,0.00932290471024383
0,1,0.3560458480130863,0.637604410868055,0.006349741118858905
1,1,0.10003923308565132,0.8766615696956861,0.023299197218662575
0,0,0.8660750422135578,0.13324999988656616,0.0006749578998759622
1,1,0.2418722654284427,0.7515966242922109,0.006531110279346509
0,0,0.8544526497817264,0.14440852388074205,0.0011388263375314853
1,1,0.32121898601357074,0.6621636061916455,0.01661740779478389
1,1,0.09436693312238156,0.8630117346126784,0.0426213322649402
1,2,0.010966135724851446,0.27844269443887787,0.7105911698362706
0,0,0.8812264200956444,0.11834967747697099,0.00042390242738448445
1,1,0.19535570073563313,0.7949768894377119,0.009667409826654764
1,1,0.3704074357685721,0.6247802687335441,0.00481229549788382
1,1,0.10057769007807152,0.8908295929490692,0.008592716972859302
1,1,0.4754398178479936,0.5171256233443408,0.0074345588076655846
0,0,0.6196003234674594,0.3727520135140349,0.007647663018505797
1,1,0.2118181733294329,0.7793030822394658,0.008878744431101386
0,1,0.2906862721204972,0.699990299616381,0.009323428263121797
1,1,0.15001241265434,0.8433852607694904,0.006602326576169747
1,1,0.31579912527070536,0.6793886662953436,0.004812208433951164
1,1,0.19575390171926813,0.7954141806230235,0.00883191765770854
1,1,0.2849502447403261,0.704612224896548,0.01043753036312588
1,1,0.07649258073839572,0.8380570118795895,0.08545040738201475
1,1,0.32625806015253134,0.6671739141552446,0.006568025692224162
0,0,0.5776708341475095,0.41984721699977146,0.002481948852719062
1,0,0.5523727653658868,0.4417087483601054,0.0059184862740076965
1,0,0.5203608584694954,0.47026684050427936,0.00937230102622522
0,0,0.6796008575416659,0.3187032482795825,0.001695894178751529
0,1,0.296074998415199,0.6796650676480988,0.024259933936702113
0,1,0.4798527348475778,0.5136145604715632,0.006532704680858986
0,1,0.4821711196321534,0.5157748617045769,0.0020540186632696466
1,1,0.24104815588321984,0.7539861166155214,0.004965727501258735
0,0,0.747962499924946,0.25046188730538455,0.001575612769669337
1,1,0.1006439447561444,0.8861020872201498,0.013253968023705888
0,0,0.7725987484226469,0.22607202686665992,0.001329224710693104
1,2,0.0032429644193349896,0.23635623239669457,0.7604008031839705
0,0,0.7022287154090542,0.2964360159958321,0.0013352685951136722
0,0,0.9139751321527274,0.08572050610056937,0.000304361746703126
0,0,0.663527144651394,0.33434760592196217,0.0021252494266439325
1,1,0.07287662453588116,0.8728914142661369,0.05423196119798186
1,0,0.6015906405596081,0.3942346405924571,0.004174718847934778
0,0,0.779206985844083,0.22016049001227878,0.0006325241436382812
1,1,0.45361341992897536,0.5419034857256796,0.004483094345344997
1,0,0.6924399272432571,0.3064493890508905,0.0011106837058523541
0,0,0.5033651705247312,0.49452237681187544,0.002112452663393438
1,1,0.17400306412871905,0.7989405608968383,0.02705637497444265
0,0,0.6773373516786203,0.32034019332439984,0.002322454996979896
1,1,0.142498302235276,0.8306641622258684,0.026837535538855536
0,1,0.27482442567153,0.7209737941258079,0.004201780202662151
1,1,0.14803045147808236,0.8079081381353598,0.044061410386557975
0,0,0.8367953699144637,0.162650530691461,0.0005540993940754368
1,1,0.4310964462715904,0.5660243514963433,0.002879202232066262
1,1,0.3358405156753823,0.6543415876228516,0.009817896701766122
1,1,0.15225116706869019,0.8299091946362133,0.017839638295096466
1,0,0.5224549766581469,0.4736847375041376,0.0038602858377155334
0,0,0.8204148346804953,0.17932416666827516,0.00026099865122956406
1,1,0.28040477190343305,0.7139266635579962,0.005668564538570889
1,1,0.18561920422099953,0.790750174987963,0.02363062079103746
0,1,0.3818516974302777,0.6127424431444076,0.005405859425314718
0,0,0.8585597549207843,0.1410633185045451,0.00037692657467057103
0,0,0.5837946531495207,0.41062037821497116,0.005584968635508119
1,1,0.2966560758933519,0.6959090091521104,0.0074349149545377136
0,0,0.84239445780568,0.15701759842498278,0.0005879437693373478
1,1,0.42474153238170076,0.5645282132686091,0.010730254349690103
1,0,0.7704031016093195,0.22900947576610378,0.0005874226245769221
2,2,4.081689435431769e-05,0.04182712770118522,0.9581320554044604
1,1,0.28940903319973205,0.7014770275103654,0.009113939289902652
1,1,0.049814756695048805,0.8891846616353324,0.06100058166961874
1,1,0.08824758564552118,0.8881219188375691,0.023630495516909673
0,1,0.4276152130095871,0.5682749324003283,0.004109854590084508
0,1,0.4446222736062272,0.552956401741808,0.0024213246519647013
0,0,0.9093344111038375,0.09039946150359544,0.00026612739256699156
1,0,0.554194664507586,0.4445962372724658,0.0012090982199481717
1,1,0.16503521435550925,0.7796945747961734,0.055270210848317264
1,0,0.7128920258981474,0.28646749215799794,0.0006404819438547421
2,1,0.07689942318946885,0.4996480566321829,0.4234525201783482
1,0,0.5275782563226611,0.4692465967374135,0.003175146939925364
1,1,0.15913231601504726,0.8261227270849721,0.014744956899980644
0,0,0.5285067792276609,0.4689315516253301,0.002561669147009018
1,0,0.5224035134643223,0.47614338498021397,0.0014531015554637902
1,1,0.4805524922075361,0.5152701136317068,0.0041773941607570406
1,1,0.26947823378925095,0.7243624170678535,0.006159349142895444
1,1,0.4154420238994962,0.5820029132941873,0.0025550628063165204
0,0,0.731867737832818,0.2670147499284204,0.0011175122387615125
1,1,0.40287945975949474,0.5927459049865635,0.004374635253941713
0,1,0.22379059532309234,0.7548903775936338,0.021319027083273955
1,1,0.25525714616855916,0.7398887008858528,0.00485415294558797
2,2,0.0013155388232094839,0.1743000278294907,0.8243844333472999
1,1,0.03684013146554132,0.8990956018082452,0.06406426672621353
1,1,0.01753620570309788,0.6814744904758478,0.3009893038210542
2,2,0.0018065917261350165,0.204392028323172,0.793801379950693
0,0,0.9098925535315472,0.0898204875916996,0.00028695887675313453
0,0,0.6745655751039185,0.32486811298289947,0.0005663119131821018
0,0,0.6607772968728837,0.33765597643591416,0.001566726691202248
1,1,0.0236402032307431,0.9361746729165213,0.0401851238527355
1,1,0.37928587450541223,0.6182923056183124,0.002421819876275395
1,1,0.36210663005442345,0.6119464383678604,0.025946931577716197
1,1,0.27580173778760386,0.7150012072031899,0.00919705500920628
1,1,0.2933281431631635,0.6978120953502939,0.008859761486542677
0,0,0.7927691112472038,0.2063550670038103,0.0008758217489858581
1,1,0.16279146392737925,0.8278838761656135,0.009324659907007154
1,1,0.32131824181952884,0.6718593692822704,0.006822388898200927
1,0,0.6712054284677174,0.3265828300030831,0.0022117415291994834
1,1,0.0998009053973909,0.8759477084786224,0.024251386123986893
0,1,0.41791381498810565,0.5774237769606024,0.004662408051291848
0,0,0.6166311587619223,0.3815540492911071,0.0018147919469704043
1,0,0.5898843440241724,0.407591923687557,0.002523732288270519
0,0,0.7208191547802832,0.27736875061061034,0.0018120946091063508
1,1,0.24518825057614094,0.7366617559662582,0.01814999345760084
1,0,0.7740045984960833,0.22504534777519003,0.0009500537287265928
0,0,0.5327941140666197,0.4609762801656998,0.0062296057676805685
1,1,0.04173229544990175,0.9164403814629748,0.041827323087123544
0,1,0.4460434357198458,0.551016570586996,0.0029399936931581217
1,1,0.03275558453212975,0.9131853070381273,0.054059108429743076
0,0,0.6996789032994728,0.29798974648140863,0.002331350219118578
0,0,0.8667272546145905,0.1328526545576599,0.00042009082774960337
0,0,0.6656331241447293,0.331695446825656,0.0026714290296147047
1,1,0.19793417204515407,0.7939352556307736,0.008130572324072521
0,0,0.8162590540514748,0.18304015602820428,0.0007007899203208914
1,1,0.1667109237281688,0.8025498905377665,0.030739185734064634
1,1,0.28812642209636835,0.7027353838743474,0.009138194029284211
0,1,0.22341264976381178,0.7590019003314382,0.017585449904750115
0,0,0.6557721774805239,0.34279140630347976,0.0014364162159965302
1,1,0.09884375456857313,0.8922440848136084,0.00891216061781843
1,1,0.06559080910984583,0.9142756034399493,0.02013358745020492
1,1,0.4938488608183086,0.4985469136725629,0.007604225509128715
1,0,0.6088585193607804,0.3881771901811859,0.0029642904580336462
1,1,0.32776322094735716,0.6603432756597865,0.011893503392856285
0,0,0.8262452042495397,0.1730452286700755,0.0007095670803847321
0,1,0.13289207780045653,0.8534696211412797,0.013638301058263977
1,0,0.5156871879081948,0.4814252304930794,0.002887581598725813
1,1,0.15453349954629272,0.7981793981291494,0.047287102324557954
0,1,0.38274257970006753,0.6125368215796301,0.004720598720302406
0,1,0.482368132112863,0.5149491176947603,0.002682750192376758
0,0,0.4982567721160256,0.4970576422352672,0.004685585648707157
1,1,0.03402750401556489,0.9023327220082624,0.06363977397617267
1,0,0.6828638645619564,0.3161313099642055,0.0010048254738380948
0,1,0.2063130822325239,0.7843924683702326,0.009294449397243528
0,0,0.7890164582094946,0.20908190855570424,0.001901633234801101
2,2,0.00816260698753295,0.22437128231041872,0.7674661107020483
0,0,0.8771933946684901,0.12244101564561777,0.0003655896858920591
1,0,0.5462146686869247,0.4523454706362404,0.0014398606768348005
0,1,0.47619183791010233,0.5196253262701744,0.004182835819723232
1,1,0.12905701978666456,0.8535406244677801,0.017402355745555275
1,1,0.23843745448516573,0.7514232026794543,0.010139342835379995
0,0,0.5516805072890612,0.44535316109139994,0.0029663316195388347
1,0,0.752599822246845,0.24582845331195122,0.0015717244412038213
0,1,0.47598678745455875,0.5201727168266109,0.003840495718830398
0,0,0.7455238164236254,0.2540624895057506,0.0004136940706240555
0,0,0.6931773920921708,0.30568562335168914,0.0011369845561401727
1,1,0.2595953153181178,0.7330496645138599,0.0073550201680222934
1,0,0.6581801090240479,0.3399120489900616,0.00190784198589042
0,1,0.41176242900003124,0.5836941970193761,0.004543373980592578
1,1,0.39966936712081735,0.5955842665524163,0.004746366326766424
2,2,0.0001043748778526757,0.0642413676610628,0.9356542574610845
1,1,0.29869105014594194,0.6952449973987442,0.006063952455313942
0,0,0.6846788685594688,0.31420100990636074,0.0011201215341704424
1,1,0.1047215646244419,0.880197781523012,0.015080653852546342
0,0,0.8294225229887588,0.1703275076132931,0.000249969397948072
0,0,0.5322651176616836,0.4644405251513734,0.003294357186942986
1,1,0.016635951515104632,0.8906272648263155,0.09273678365857985
0,0,0.6785861105465485,0.31918174217149264,0.002232147281958884
1,1,0.29786561210434465,0.6973170632970135,0.004817324598641856
1,1,0.185758388420552,0.7991771358771791,0.015064475702268909
0,0,0.8011972533827395,0.19820419598786304,0.0005985506293974781
0,0,0.6064264500627313,0.3916895193269826,0.0018840306102860347
1,1,0.16143430422649288,0.8321770537188765,0.006388642054630687
2,2,0.0036743436615975103,0.29137517889852177,0.7049504774398807
1,1,0.28169221837328345,0.7100655265775185,0.008242255049198078
1,1,0.3202241810829623,0.6718881946999788,0.007887624217058818
1,1,0.15027042767977597,0.8423655156325437,0.007364056687680382
0,0,0.753715776887362,0.2447589305110291,0.0015252926016087064
1,1,0.2151876142500525,0.7667778001797709,0.018034585570176495
1,0,0.6666759930458228,0.33215071385101663,0.0011732931031606289
1,1,0.1782751948361402,0.8100228366187756,0.01170196854508417
0,0,0.8610174931009599,0.13849746929547788,0.0004850376035623373
0,0,0.7470345725994345,0.25208575439036995,0.0008796730101954879
1,1,0.24932219121340835,0.7314263682644281,0.01925144052216358
0,0,0.8338323493157276,0.16509677451882104,0.0010708761654514485
1,1,0.19773035637941117,0.7958476291780219,0.006422014442566959
0,0,0.5820365822444306,0.41498097117573574,0.00298244657983368
1,0,0.5363302213017983,0.4615635892075222,0.0021061894906794563
2,2,0.016942716890659293,0.3753598156546456,0.6076974674546951
0,0,0.8886853738220463,0.11107103586270249,0.0002435903152512699
0,0,0.5574629744374796,0.438756964528273,0.003780061034247326
1,1,0.12831531989026015,0.8471616628030072,0.02452301730673266
1,1,0.08502527599217632,0.8621284343648262,0.052846289642997576
1,1,0.3697026292366684,0.6278948538146213,0.0024025169487103004
1,1,0.3273061108833295,0.6583954244612235,0.014298464655446954
1,1,0.29766699004111785,0.6963262490131449,0.0060067609457373885
0,1,0.4741484058277186,0.5229697399127492,0.0028818542595323436
0,0,0.7922125980299967,0.2071594126826282,0.0006279892873750703
0,1,0.4696994170545352,0.5265728217127281,0.0037277612327367583
1,1,0.04013774476607025,0.9241853634419563,0.03567689179197335
0,0,0.9397537088006083,0.060105762589893544,0.0001405286094981776
1,1,0.25293471552109686,0.7403138166942955,0.006751467784607713
0,0,0.8462663184121805,0.15310665742243848,0.0006270241653809857
0,0,0.906664031934852,0.09227812574896146,0.0010578423161864596
1,1,0.03183174046605202,0.9152885167708008,0.05287974276314733
1,1,0.24968342247629535,0.7360015446937209,0.014315032829983724
2,2,0.008238131323043955,0.2715673127327352,0.7201945559442209
1,1,0.12150435182837808,0.8687553204759438,0.009740327695678128
0,0,0.8216714633675459,0.17745202857312398,0.0008765080593300601
1,1,0.16001295181482686,0.8244613021856981,0.015525745999475036
0,1,0.3695643294304441,0.6235367773986534,0.006898893170902413
1,1,0.2526193703605613,0.7403568012605893,0.007023828378849423
1,0,0.7329555444479734,0.2664125743898442,0.00063188116218232
0,0,0.5514687867382657,0.44602908842515265,0.002502124836581623
1,0,0.5575437499915312,0.4379346913662303,0.0045215586422384805
1,1,0.4693649555842607,0.527609209459547,0.003025834956192282
1,1,0.4485000581542558,0.5462704774434048,0.005229464402339354
1,1,0.31434172453822573,0.6798670959210347,0.005791179540739624
0,1,0.30328826626612543,0.6898663201578173,0.006845413576057242
0,0,0.6767395371067757,0.320345482473917,0.002914980419307437
0,0,0.5177226744908195,0.47651101864508416,0.005766306864096214
1,0,0.6184686444962786,0.37913459344855116,0.0023967620551703294
1,1,0.2219424685241444,0.767743025374338,0.01031450610151747
1,0,0.49983601629754504,0.49684471088450677,0.0033192728179480702
0,1,0.34936968710795624,0.6422785631406284,0.008351749751415458
0,0,0.7645922399600277,0.23442104966820654,0.0009867103717657727
0,0,0.6364818361084695,0.3616887977160627,0.0018293661754676023
0,0,0.6946586166250558,0.30451936347750647,0.0008220198974378157
0,0,0.8468696204741039,0.15230063631138124,0.0008297432145148682
1,1,0.10808380243773655,0.8848461080828113,0.007070089479452187
0,0,0.6595022747739885,0.3393560547679978,0.00114167045801372
1,0,0.547987434105911,0.44943785715273,0.0025747087413589445
1,0,0.773490194477089,0.22457651794251468,0.0019332875803963843
1,1,0.43532252109235275,0.5625235662993799,0.0021539126082673527
1,1,0.14567392206770438,0.8342974178263347,0.020028660105961025
1,1,0.08208052333214268,0.869820748712163,0.04809872795569423
2,2,0.012115085055309666,0.34487271974075484,0.6430121952039356
1,1,0.09633733623145375,0.8840851647140143,0.01957749905453191
1,1,0.3256299714213619,0.6666115706946236,0.007758457884014436
0,1,0.19579226983820305,0.7975168604802527,0.006690869681544334
1,1,0.08283644045716107,0.849709335907262,0.06745422363557686
1,0,0.8376658899031532,0.161797004659221,0.0005371054376259489
0,1,0.4563654582713346,0.5410004469482552,0.002634094780410307
0,0,0.8554899181009006,0.14414151457470484,0.0003685673243945454
1,1,0.4069460701709708,0.5879310982121437,0.005122831616885478
1,0,0.6501576710624755,0.3487235807463093,0.0011187481912152473
2,1,0.07051290539919874,0.6324886397906837,0.2969984548101176
0,0,0.609495398831759,0.3868470976035062,0.003657503564734813
0,0,0.5064084149003206,0.4861838724435254,0.007407712656154021
1,0,0.5473222739525192,0.4518586177753625,0.0008191082721182399
1,1,0.0949714829035714,0.8890019075555192,0.0160266095409093
1,1,0.2647708930930452,0.7211380740327541,0.014091032874200635
0,0,0.9641613094051368,0.03558643124416232,0.0002522593507008227
0,0,0.5920979984328315,0.40655610654773133,0.0013458950194370693
1,0,0.5808844543332604,0.4168334040690317,0.002282141597707929
0,0,0.5542315217876348,0.43977686613092154,0.005991612081443695
1,1,0.20340758730288241,0.7886920645473495,0.00790034814976804
1,0,0.5440888645855907,0.451537419820572,0.0043737155938373
1,1,0.31500048712228107,0.6762274896627197,0.008772023214999335
1,1,0.19957471880784503,0.777330668875365,0.023094612316789973
1,1,0.1834875385206405,0.7973529804379778,0.019159481041381828
0,0,0.6410301368375777,0.35770651005076426,0.0012633531116580817
0,0,0.775522225530378,0.2238517094085344,0.0006260650610876607
0,0,0.7231695617655959,0.27526455116395787,0.0015658870704463618
0,0,0.5764406166176393,0.4209029941088799,0.0026563892734808698
0,0,0.6997895185280983,0.2986594006085605,0.0015510808633411464
1,1,0.17259284188650292,0.8213571499326527,0.0060500081808445
0,0,0.6982956408269818,0.2999503016513851,0.001754057521633133
1,0,0.6888779276243163,0.30910909315458523,0.0020129792210985204
0,0,0.6060966720985942,0.39020725658578126,0.0036960713156245707
1,1,0.334521275035241,0.6577580771919498,0.0077206477728091315
1,1,0.159596428855634,0.8329402137105982,0.00746335743376789
0,0,0.5697218078879062,0.4274471384509957,0.002831053661098126
1,1,0.08495746326465076,0.8940922054683531,0.02095033126699612
1,1,0.4147127703544405,0.58024628988042,0.005040939765139474
1,1,0.028927690554014434,0.89172355618941,0.0793487532565754
1,0,0.6471420477184453,0.3484095772459063,0.0044483750356482795
0,1,0.4627428002468908,0.5312144914357587,0.00604270831735045
1,1,0.23549755414354784,0.7565023167844096,0.008000129072042601
1,0,0.7732321108728936,0.22574635841158344,0.001021530715523042
1,1,0.14805999418047913,0.843629493883169,0.008310511936352006
0,0,0.8541532131977466,0.14522639483687552,0.0006203919653777847
2,2,0.0049741499779604225,0.2543658435660422,0.7406600064559974
2,2,0.0006100176873421628,0.14661052020096665,0.8527794621116911
0,0,0.6642031030342037,0.33472891644038827,0.001067980525408
1,0,0.7753823639380857,0.22364035466587012,0.0009772813960442067
1,0,0.5054412085879063,0.48296416551073695,0.011594625901356853
1,1,0.25121015773242894,0.7383279752425542,0.010461867025016848
1,1,0.3732719290601309,0.6175497354903255,0.00917833544954363
1,1,0.20410460614284243,0.7885687624287812,0.0073266314283764854
2,2,0.0002769066522269441,0.058734954804823464,0.9409881385429497
0,0,0.521976727233988,0.4719175719447918,0.006105700821220269
0,0,0.6705274866523936,0.3279431946411834,0.00152931870642307
0,0,0.8040299554749247,0.195247762770638,0.0007222817544372471
1,1,0.08237373031677882,0.902060702392837,0.015565567290384127
1,1,0.024980465638703854,0.9027842607031829,0.07223527365811314
0,1,0.3288822541429219,0.6676033360262584,0.003514409830819626
1,1,0.2200765692590044,0.7703323883283331,0.009591042412662428
0,0,0.7530104987105927,0.24588005104490707,0.0011094502445003224
1,0,0.5812043289011363,0.41679813362192053,0.0019975374769431705
1,1,0.020354663716469875,0.9185611984961756,0.06108413778735461
1,1,0.2014236885501995,0.7915766758660596,0.0069996355837409
0,0,0.755869569779033,0.24330534042045862,0.0008250898005084589
0,0,0.7808107406409791,0.21869795673213982,0.000491302626881261
1,1,0.24437740100132194,0.7458116098795399,0.009810989119138053
0,1,0.3983443666075513,0.5925112935379916,0.009144339854457027
0,1,0.21884366320972873,0.772965271773154,0.008191065017117156
1,1,0.12216083809352757,0.8567749561114637,0.021064205795008784
1,1,0.05110037017880254,0.9257400949717087,0.02315953484948865
1,0,0.5492751495427097,0.44400963467824994,0.006715215779040355
0,1,0.3597909553593475,0.6375918790763125,0.0026171655643399145
1,1,0.17534725065076048,0.7971320591015452,0.027520690247694456
0,1,0.29917473693814467,0.6923292388965017,0.008496024165353597
0,0,0.9060383630173858,0.09363821483871962,0.0003234221438944934
0,0,0.5493415772014818,0.448305915073275,0.00235250772524321
1,0,0.49975442854430513,0.49790476907783965,0.002340802377855279
0,0,0.8114709431292952,0.1874724945169259,0.0010565623537789409
1,0,0.6636090555961929,0.33482175464467007,0.0015691897591371229
1,1,0.35965183398310097,0.6315426048083262,0.008805561208572841
1,0,0.6983772624967359,0.30055388882452394,0.0010688486787401258
1,1,0.19172381783274958,0.5397420152070199,0.26853416696023047
1,1,0.052929377572285156,0.8945199453057012,0.0525506771220137
0,0,0.8941591945769923,0.10523995535422204,0.0006008500687856734
1,1,0.27856791680636767,0.7139211912135246,0.007510891980107812
1,1,0.11277441847672595,0.8588593066546307,0.028366274868643192
0,1,0.331530608072363,0.6612857130289865,0.007183678898650404
1,1,0.1093801579937496,0.8706508027865808,0.01996903921966966
0,1,0.11220915173805798,0.8734897950502443,0.014301053211697811
1,1,0.024570658304081363,0.9453932332605182,0.030036108435400482
1,1,0.13915782697156345,0.7991763277728731,0.06166584525556363
1,1,0.03500288745601259,0.8942754730395746,0.07072163950441276
2,1,0.021841089793823817,0.8718449521789335,0.10631395802724272
0,1,0.41779762140097626,0.575500936728529,0.006701441870494772
1,0,0.5426676886154153,0.4549008689985181,0.002431442386066544
1,1,0.2741624943752068,0.7196354598656418,0.0062020457591513475
0,0,0.5420895010846333,0.450189498854944,0.007721000060422601
1,0,0.7481965358274395,0.2508143104215271,0.0009891537510333679
1,1,0.42432632122567904,0.567268717992066,0.008404960782254979
1,0,0.5669388559134876,0.43022798816838925,0.0028331559181230667
1,1,0.11056466694168392,0.8658177897744564,0.02361754328385962
1,1,0.06936878091116744,0.8444218435979137,0.08620937549091878
1,1,0.21452101002464483,0.7789832931588064,0.006495696816548699
0,0,0.7320813092444309,0.2673123771158398,0.0006063136397292055
0,0,0.7053059090765615,0.2926922566760443,0.002001834247394065
1,0,0.5947641664944219,0.40395957636820057,0.0012762571373776442
1,0,0.6312417988778145,0.3677732566535338,0.0009849444686516105
1,1,0.11925175486096717,0.8615939408870804,0.019154304251952334
0,0,0.5024261866312992,0.49527367443924436,0.0023001389294564872
0,0,0.7878001154224188,0.2113512094103259,0.0008486751672554277
1,1,0.07016289011772162,0.9110293567760362,0.018807753106242144
1,1,0.17801003537191645,0.8090723607889436,0.01291760383913994
0,1,0.3749009169751753,0.6174497552439802,0.007649327780844377
1,1,0.18746752946264458,0.8003713593719951,0.012161111165360321
1,0,0.7280033448921378,0.2707363639672611,0.0012602911406009757
1,0,0.533254865006919,0.46358152493221366,0.0031636100608674242
0,0,0.6982496780495516,0.29938748037272306,0.002362841577725377
1,1,0.27836354327877094,0.7151506602404414,0.006485796480787726
1,1,0.27330575477028496,0.7200356564180225,0.006658588811692697
0,0,0.8050087833542309,0.19408938459498568,0.0009018320507834163
0,0,0.7236844962454373,0.2757615353552584,0.0005539683993042927
1,1,0.15633329151430114,0.8290215027761744,0.014645205709524576
1,1,0.21443319628696908,0.7785005490527692,0.007066254660261826
1,1,0.12368704519066331,0.8617052019650071,0.014607752844329655
1,1,0.06040025626744593,0.9080492490050546,0.031550494727499524
0,0,0.7826643218469552,0.21635228677883747,0.000983391374207427
1,0,0.8230813114786572,0.17573022487371548,0.0011884636476273405
1,0,0.5611367255093634,0.4362811945298082,0.0025820799608283823
0,0,0.837821544304906,0.1612841121417058,0.0008943435533882854
1,1,0.020966252155393685,0.8889645295395822,0.09006921830502401
1,1,0.11513738573789077,0.8693948862180619,0.015467728044047136
1,1,0.2669081185794532,0.7156260123087707,0.017465869111776236
1,1,0.04863791472447522,0.9265401058211246,0.024821979454400282
1,1,0.18210487154235586,0.7914433627325227,0.02645176572512142
1,1,0.13181662748580458,0.8458505457143661,0.022332826799829276
0,0,0.9202696647770732,0.07942524331450786,0.0003050919084187543
1,0,0.5356819389155247,0.4613953929435472,0.0029226681409280524
1,1,0.4168015838917845,0.5763812284814062,0.00681718762680933
1,1,0.1429338831996133,0.8444319353728771,0.012634181427509711
1,1,0.39847634475762594,0.5983787166912973,0.0031449385510768494
2,1,0.016851245992314193,0.8280004258436522,0.15514832816403357
1,1,0.3648824478026776,0.6292149022324107,0.005902649964911714
1,1,0.35868297239388375,0.6367244047625691,0.004592622843547193
0,0,0.7347876503524928,0.2643233594491567,0.0008889901983503265
1,1,0.4336277793833666,0.5618599793263248,0.004512241290308597
0,0,0.5346115202809029,0.4616770161660543,0.0037114635530428194
1,1,0.1422705127377754,0.8118775254748757,0.04585196178734892
0,1,0.18758964343666892,0.798812490476286,0.01359786608704518
2,2,0.0028635911999870807,0.2133917205383845,0.7837446882616285
1,1,0.10318244020024148,0.8709213429335266,0.025896216866231832
1,0,0.6426492167578963,0.35478455780291024,0.002566225439193446
0,0,0.7990249150280123,0.19984256920267626,0.0011325157693114099
0,0,0.5904519413788802,0.4072959523814248,0.0022521062396950145
1,1,0.4203173600107838,0.5716061390445171,0.008076500944699087
2,2,0.00039953199976167195,0.029400592849645402,0.9701998751505928
1,1,0.18014378722891686,0.7993357552385526,0.020520457532530526
1,1,0.44948907402559585,0.5450544691675474,0.005456456806856752
0,0,0.6775035579843104,0.3193353545938246,0.0031610874218649496
1,1,0.47387776388247876,0.5231130438959657,0.0030091922215556084
0,0,0.5330492789370814,0.4650383906744506,0.0019123303884680373
2,2,0.010665679697500352,0.34386590291322905,0.6454684173892706
0,1,0.338900186127167,0.6529567593529332,0.008143054519899853
0,0,0.9323444346708354,0.06734123392373662,0.00031433140542804774
1,1,0.04831726360638909,0.9244199277037284,0.027262808689882505
1,1,0.07312217131408422,0.898734765712942,0.02814306297297377
0,1,0.2680161255605785,0.7131240425111469,0.018859831928274597
0,0,0.5755553436202633,0.4223698096473715,0.002074846732365131
1,0,0.6999823805565003,0.2989672535932454,0.0010503658502542992
2,2,0.00023668738975135125,0.03202788936720117,0.9677354232430475
0,0,0.5603699504790726,0.4374045139408414,0.0022255355800859895
2,2,0.0018665514694628897,0.19368947198909778,0.8044439765414393
0,0,0.6112732538861375,0.3863088981628874,0.002417847950975038
2,2,0.00011330865244576425,0.010156825820734888,0.9897298655268193
1,1,0.11234001755992917,0.8761645830788739,0.011495399361196975
1,1,0.298273097389923,0.6892209361287303,0.012505966481346617
1,1,0.13662729309992094,0.8531959137423338,0.010176793157745143
0,1,0.4808148679787393,0.5135586609474285,0.0056264710738322225
0,0,0.5258457615356181,0.4721537509231674,0.0020004875412144955
1,1,0.19253772044652492,0.7959129159051593,0.011549363648315793
1,0,0.7287966214850087,0.27062287798036755,0.0005805005346238362
0,0,0.88982654105188,0.10987539098044964,0.00029806796767048433
0,0,0.5080251405320183,0.4893110783303003,0.002663781137681451
1,1,0.14890584056905853,0.8249171890849125,0.026176970346028956
1,1,0.1377192257719107,0.8385390961126907,0.023741678115398658
1,0,0.7448695642743682,0.25382839276031166,0.001302042965320132
1,1,0.33390491677532225,0.6619403299095025,0.004154753315175218
1,0,0.6262819795506256,0.37251800095398035,0.0012000194953940746
1,1,0.07530168454200693,0.860834259182279,0.06386405627571423
1,1,0.025224649876521628,0.7198578897898261,0.2549174603336523
1,0,0.6454412487847379,0.35317572711429085,0.0013830241009712427
1,1,0.21158972935522646,0.7636961026541454,0.024714167990628033
1,1,0.08311715342095129,0.8442050828476735,0.07267776373137518
1,1,0.20551743329072691,0.7742525733398227,0.02022999336945021
1,1,0.21675178398583062,0.77337768447533,0.009870531538839517
0,0,0.6094271784667756,0.3861289801316383,0.0044438414015860175
1,0,0.5026238477311099,0.49540053263559203,0.00197561963329808
1,1,0.40286305963531527,0.5938237702490478,0.003313170115637083
1,1,0.05023419244317925,0.9066300288196012,0.043135778737219514
1,1,0.464020319399208,0.5325269464381892,0.0034527341626027805
0,1,0.41794828982864307,0.5792986618903609,0.00275304828099602
1,1,0.20246883607202076,0.788618573579049,0.00891259034893026
1,0,0.5675513309881403,0.4292625949819766,0.003186074029883136
0,0,0.8937167857091494,0.10558340132154662,0.0006998129693040914
1,0,0.6273635046052408,0.3714411447183938,0.0011953506763652823
0,0,0.7219125591794627,0.27763267759565957,0.0004547632248776283
0,1,0.31525860042474335,0.6771838950710167,0.007557504504239909
0,0,0.5369712011258371,0.45653360387952524,0.006495194994637736
1,1,0.17325099594672713,0.8194875170358881,0.007261487017384797
0,0,0.8854603864853337,0.1140089960128005,0.0005306175018659201
0,0,0.6135756908379586,0.3847739243401471,0.0016503848218944127
2,2,0.00035979341789154777,0.09519520875425705,0.9044449978278514
1,1,0.08233447795305382,0.8908107345934924,0.02685478745345389
0,0,0.8852528837134869,0.11449047810285572,0.00025663818365737756
1,1,0.3469721000012101,0.6501810453932839,0.0028468546055060925
0,0,0.8679090895103156,0.1315352575955278,0.0005556528941565772
1,1,0.26258434606863373,0.7027893029493416,0.034626350982024635
0,0,0.8234490127488155,0.1759207682493579,0.0006302190018265606
1,0,0.7061627692724288,0.2923255298784845,0.0015117008490868062
0,0,0.8247848483524018,0.17436528810192706,0.0008498635456711625
2,2,0.008983360960240093,0.31635506908855077,0.6746615699512092
1,1,0.3367071705939182,0.6472403148728095,0.016052514533272402
0,1,0.4189322358428451,0.5735350143060717,0.007532749851083298
1,0,0.7883528812401516,0.21099349851711532,0.0006536202427331798
1,1,0.04112723457387349,0.8713485950316936,0.08752417039443287
1,1,0.4256128381775234,0.5722539371398835,0.0021332246825932215
1,1,0.2251840774140999,0.7670609520493334,0.007754970536566706
0,0,0.7049001007060574,0.29326676296553844,0.0018331363284042079
0,0,0.9319521694516296,0.06786424953168259,0.00018358101668776742
1,1,0.0637534133359565,0.915988808695378,0.020257777968665323
1,0,0.7224863364928537,0.2766808834906627,0.0008327800164837281
0,1,0.36233972698043065,0.6319349762422619,0.00572529677730733
0,1,0.4161745680059018,0.5793708359159524,0.004454596078145872
1,1,0.4160796883186405,0.580413623730181,0.003506687951178535
2,1,0.05312971117793834,0.5317309553720243,0.41513933345003734
1,0,0.599334748149605,0.39852249004586004,0.002142761804534981
0,0,0.7853182645473888,0.2133594937296966,0.0013222417229145568
0,0,0.9220826440278339,0.07740427771484898,0.0005130782573172396
1,1,0.3164988356712715,0.6776776138848137,0.005823550443914691
2,2,0.0005419942966417657,0.08911549611260919,0.910342509590749
1,1,0.4701817615895203,0.5239655475274849,0.0058526908829947015
1,1,0.4279326534205979,0.5627748834331902,0.009292463146212107
1,1,0.4645127335254435,0.5318391396888592,0.0036481267856973264
0,1,0.48048114412878556,0.5103704616185092,0.009148394252705274
1,1,0.0826169425683298,0.8619438291310507,0.05543922830061942
1,1,0.25396562050971694,0.7388526777814874,0.007181701708795592
1,1,0.037030621026634014,0.9378338658201121,0.02513551315325391
0,0,0.7262263920217318,0.27294884116553925,0.0008247668127289393
0,0,0.797080974795047,0.20170379654047527,0.0012152286644777335
0,1,0.2809289001895283,0.7075327329896439,0.01153836682082792
1,1,0.3595303040696379,0.6305980057697114,0.00987169016065084
1,1,0.257954545735617,0.7229803643840459,0.019065089880337168
0,0,0.5156062813060857,0.4772811249804609,0.007112593713453537
1,1,0.054220675012814995,0.9026687006794569,0.043110624307727975
2,2,0.0003516839368538143,0.06823123607858289,0.9314170799845632
0,0,0.5224957307646021,0.47607618952605074,0.0014280797093471536
1,1,0.2549127243989248,0.735794279679965,0.009292995921110069
0,0,0.8191392510090115,0.18035754997462697,0.0005031990163616148
2,2,0.00047393624278843307,0.17587141678280563,0.823654646974406
0,0,0.5011448358030336,0.4929096660296857,0.0059454981672807045
1,0,0.6439492960188802,0.3519565897026335,0.004094114278486191
0,1,0.42225554826241424,0.573211437210189,0.0045330145273968
1,1,0.028493013050753996,0.9167638509448566,0.05474313600438967
1,1,0.43033256496993216,0.5622804201861171,0.007387014843950702
0,1,0.47045487211802056,0.5231289740342957,0.006416153847683678
0,0,0.8162746115455652,0.1832382846221793,0.00048710383225541326
0,0,0.7085522931627766,0.2900347888919476,0.0014129179452758264
0,0,0.8673311490051051,0.13223767008850867,0.00043118090638628756
1,1,0.4419075518876757,0.5561841186353269,0.0019083294769974043
1,0,0.5572224771945228,0.44074851225726924,0.002029010548207977
0,0,0.8043958584729723,0.19483541066575752,0.0007687308612702316
1,1,0.13418364379492484,0.8320289099963012,0.033787446208773934
1,1,0.14750265038667323,0.8432585158313077,0.009238833782019016
1,0,0.5837279852401934,0.41332757214388743,0.002944442615919124
0,0,0.859933543030795,0.13976640181313021,0.0003000551560748871
0,0,0.7041210585403334,0.29465421202057307,0.0012247294390935728
0,0,0.6418817218467425,0.3575793528217465,0.0005389253315109982
0,0,0.6089836436807975,0.3894621887010413,0.0015541676181611435
1,1,0.04552725608146546,0.9105503028915194,0.04392244102701515
1,0,0.6897776538971918,0.3083669274762795,0.0018554186265286228
1,0,0.6996123326369188,0.29844276858506985,0.0019448987780113414
1,1,0.24585409333367014,0.745998266014312,0.008147640652017802
0,0,0.9101125803478739,0.08957274498442647,0.0003146746676996228
1,0,0.5829507625270394,0.4138672426607255,0.0031819948122349733
1,1,0.07576637096570261,0.9015825881527327,0.022651040881564607
1,1,0.027716887150871235,0.8926302478361087,0.07965286501302003
0,0,0.7500957162262814,0.24855836181507118,0.001345921958647335
0,0,0.8356373156780392,0.1638402999942845,0.0005223843276763937
0,0,0.5538859960211339,0.4442495610163856,0.00186444296248044
0,0,0.8360549428932498,0.163263854338348,0.0006812027684021345
1,1,0.21743009127538812,0.7676623924122817,0.014907516312330147
0,0,0.5680027583460507,0.42935626002881455,0.0026409816251346755
1,1,0.0926484378657316,0.889295678276076,0.01805588385819243
1,1,0.46425302399751084,0.5314206260168429,0.004326349985646259
1,1,0.09986462137998613,0.8691948607728284,0.030940517847185652
1,1,0.4191491638256239,0.5754701072102943,0.0053807289640817515
1,1,0.23944700714877956,0.7499253013666692,0.01062769148455114
1,0,0.5921276267224662,0.40474478896962707,0.003127584307906722
1,2,0.0032629881105767566,0.29372218020143825,0.703014831687985
0,1,0.22811125830419118,0.7602392871604168,0.011649454535392116
1,0,0.7881464051329505,0.2112698055690425,0.0005837892980069211
1,1,0.02958747839441788,0.9207395777805862,0.04967294382499585
0,0,0.7821067477284989,0.21750814278622307,0.0003851094852780418
1,1,0.2985641226284505,0.6805195914360128,0.020916285935536707
0,0,0.6924153653296826,0.304525905412488,0.003058729257829355
1,1,0.09281122808765935,0.8661067258135382,0.04108204609880253
0,0,0.7454650216051515,0.2523959919916743,0.002138986403174302
1,0,0.5840959134926207,0.41322577792806925,0.0026783085793099944
1,1,0.21044871287856837,0.781412549106487,0.008138738014944576
1,0,0.5625161989059172,0.4351196822940445,0.002364118800038227
1,1,0.13362319112900875,0.8490566646665072,0.017320144204484026
0,0,0.6411930829928988,0.35647682257518315,0.002330094431917978
1,1,0.1927945700359304,0.7765511409167172,0.03065428904735248
1,0,0.5784203279545366,0.41859274708834976,0.0029869249571136177
0,1,0.39962272549848243,0.5968496915532924,0.0035275829482252397
1,1,0.3528890582061661,0.6414010022861052,0.0057099395077286385
2,1,0.016986220249177147,0.8608481328822326,0.12216564686859026
0,0,0.7946136761291241,0.2043834889881599,0.0010028348827159311
0,0,0.7814952963212293,0.2181000141365035,0.00040468954226730643
1,1,0.024645650973516172,0.9205345783039914,0.05481977072249237
0,1,0.2584486595831538,0.7205513696284221,0.020999970788424093
0,0,0.9606217086658592,0.039344141612702846,3.414972143807468e-05
0,1,0.39504400463822403,0.6003463775392106,0.004609617822565319
0,0,0.5208116826269599,0.47346571782969565,0.005722599543344474
1,0,0.6155594165400662,0.3833796746271091,0.0010609088328246891
0,0,0.9085204818712453,0.09121211528817375,0.00026740284058070197
1,1,0.30367035506010226,0.6895735569511348,0.006756087988763004
1,1,0.0804802730474908,0.8821704828423368,0.03734924411017252
1,1,0.20301508341336127,0.7906175233762344,0.006367393210404228
1,1,0.06338908145734419,0.9184409082840207,0.018170010258635273
1,1,0.2666153373392833,0.721226284301492,0.012158378359224727
1,1,0.17213852430749207,0.8179009018339208,0.009960573858587039
0,1,0.41795064120494263,0.5708992383498778,0.011150120445179525
0,0,0.6041038461746339,0.39283058020484257,0.0030655736205236262
0,0,0.6828552775353004,0.31645886012694424,0.000685862337755439
0,0,0.7960367497861782,0.20200228933684605,0.0019609608769756487
2,2,0.0009627676527273168,0.16774774591887953,0.8312894864283933
0,0,0.6311188687752125,0.36683863494319036,0.002042496281597173
0,0,0.8316753539278771,0.1675080074702004,0.0008166386019226682
2,2,0.005818385172906816,0.23796181906808322,0.75621979575901
0,0,0.7251772252031129,0.2741992502322517,0.0006235245646353811
0,0,0.8977909629893467,0.10199403416734831,0.00021500284330507583
0,1,0.07188607947108291,0.9119035913463274,0.016210329182589724
0,0,0.8449457290771153,0.15440302644886703,0.0006512444740175582
1,1,0.23721804565995944,0.7555102668924668,0.007271687447573707
0,1,0.4072219304564503,0.587147923325594,0.005630146217955808
1,1,0.0771780610590602,0.8566332148683637,0.06618872407257595
1,0,0.7395389761551819,0.25926091627540465,0.0012001075694135692
1,1,0.38443778600793393,0.6100151584568483,0.005547055535217859
0,0,0.7012800674966503,0.2979107328655449,0.0008091996378048098
0,0,0.8622154176288687,0.13711428628347447,0.0006702960876568471
1,1,0.23734985292709898,0.7535687274606346,0.009081419612266455
1,1,0.06744475833970888,0.8890125295894556,0.04354271207083558
1,1,0.3532248890412112,0.6396275646669127,0.007147546291876113
2,2,0.008605539810512085,0.2738478793097407,0.7175465808797471
1,1,0.15837894086905155,0.8352693112056053,0.006351747925343247
0,0,0.7271374172036728,0.2704761654199122,0.002386417376415167
0,0,0.8250630147488831,0.1743185147748913,0.0006184704762256982
0,1,0.4539267286319037,0.5406739567415338,0.0053993146265624145
1,1,0.03279755463321152,0.8894206562636252,0.07778178910316341
0,1,0.3149017459308717,0.6777452327731339,0.007353021295994415
0,0,0.5025734847318174,0.4903436993914768,0.007082815876705831
1,1,0.10929039268016533,0.8767179806074545,0.01399162671238014
0,0,0.8529773970585501,0.1466266321039737,0.0003959708374761701
1,1,0.1877352183609083,0.8085579319024498,0.003706849736641775
0,0,0.7816615158005955,0.2171525260101153,0.001185958189289123
1,1,0.02827351152173764,0.8364660079648373,0.13526048051342499
1,1,0.04510525558412253,0.9268196698357412,0.028075074580136382
2,2,0.00014511999400344217,0.07599881985887476,0.9238560601471217
0,0,0.8602246898547289,0.1390141411164065,0.0007611690288646001
0,0,0.8306028961461576,0.16879277851056956,0.0006043253432727347
1,1,0.1319172592618878,0.8418582683772866,0.026224472360825684
1,1,0.1379556130525559,0.8414781093345823,0.02056627761286168
0,1,0.38831593858435814,0.6038175179117375,0.007866543503904403
0,0,0.6821067017221678,0.3165927291960339,0.0013005690817982645
2,2,0.0001177412942176317,0.06531314016480873,0.9345691185409737
2,2,0.0002376133143786,0.06741143777431219,0.9323509489113093
1,1,0.02667360436102231,0.9163454473058128,0.05698094833316476
2,2,0.0010841159632136162,0.18258104889720975,0.8163348351395766
0,0,0.5774946662300805,0.41889027707861276,0.0036150566913067663
0,1,0.40752144786093686,0.5832958921699919,0.009182659969071232
1,1,0.42509825510796007,0.5654188032004563,0.009482941691583733
0,0,0.7291759572450491,0.2695917511220424,0.0012322916329085521
1,1,0.09751826190908601,0.890930081578753,0.011551656512160825
0,0,0.5659552405259123,0.4315733890691601,0.0024713704049277325
1,1,0.20213274730216463,0.7816075438226872,0.01625970887514816
1,0,0.6990113317570259,0.30022495944783034,0.0007637087951438067
1,1,0.30797193195876593,0.6818257166988118,0.010202351342422405
0,0,0.9060941431619408,0.09352840196076495,0.0003774548772942126
1,1,0.2749781855842002,0.7112992246551768,0.01372258976062309
1,1,0.3294771437581022,0.6649210533062526,0.005601802935645141
0,0,0.8242782200499142,0.1745747833497303,0.001146996600355367
1,1,0.2063555897609138,0.7880200271917018,0.005624383047384298
1,0,0.5684539024374338,0.43033099297517513,0.0012151045873911239
1,1,0.3176746730709894,0.6712204914187978,0.011104835510212803
2,2,0.013037985948109686,0.36563740128020306,0.6213246127716873
0,1,0.23977807635787285,0.7562956988434728,0.003926224798654296
0,1,0.3856124960500552,0.6103771334239873,0.00401037052595755
0,0,0.9627496051016893,0.03706925459605031,0.00018114030226041645
1,1,0.19165777477791687,0.7835702292823344,0.024771995939748655
2,2,0.004439777887307466,0.22057769654246803,0.7749825255702245
1,1,0.12997140521626982,0.8330985735983033,0.036930021185426994
0,1,0.36650857000798587,0.6149431829934493,0.01854824699856479
1,1,0.2143944164801528,0.7803327950037259,0.005272788516121381
1,0,0.5139564770170765,0.4833188536596214,0.002724669323302036
1,1,0.33442246726053465,0.6616422668548506,0.003935265884614792
1,0,0.899102805287245,0.1006019185262034,0.00029527618655173974
1,1,0.12068684235308252,0.8572559217965169,0.02205723585040058
0,0,0.8313015664492122,0.16790874471372064,0.0007896888370672271
1,2,0.02066638930052521,0.32793106714071774,0.651402543558757
1,1,0.3084612491198948,0.6860456416928998,0.00549310918720526
1,1,0.08394424905109765,0.8936191725174468,0.022436578431455682
2,2,0.0005644848171431811,0.07292759729875306,0.9265079178841038
1,0,0.5631001708524,0.43437849060824424,0.0025213385393557234
0,0,0.8521621575252681,0.14729772094663762,0.0005401215280942498
0,1,0.24097932654889803,0.7329367717212819,0.026083901729820166
1,1,0.17326398935860435,0.8177901572886669,0.00894585335272875
1,0,0.7279403852424355,0.27003081453883626,0.002028800218728262
0,0,0.7315018786065736,0.2672898611227714,0.0012082602706550809
1,1,0.0676972728495282,0.8501602485531631,0.08214247859730874
0,1,0.20409682191253822,0.7838049994171606,0.012098178670301177
1,0,0.820668925787632,0.17881431493266536,0.0005167592797026484
1,1,0.09766654133746781,0.8838692141182831,0.018464244544249206
2,2,0.0013249266795164365,0.12125462913089766,0.877420444189586
1,1,0.06323284676763703,0.9272265757768391,0.009540577455523868
0,1,0.4408098622879414,0.554589492009941,0.004600645702117636
1,1,0.11612570462664136,0.848937348149053,0.034936947224305646
1,1,0.43368837765758483,0.5623357625097392,0.003975859832675975
1,0,0.6644564871356303,0.33301092065734084,0.002532592207028857
1,1,0.11706747202872562,0.8587176583631777,0.02421486960809666
1,1,0.11273499121794717,0.8789994819105686,0.008265526871484147
1,1,0.03079658514692145,0.9235841593570423,0.045619255496036175
0,0,0.7896971258108241,0.20996798510768397,0.00033488908149196227
0,0,0.8551120285316814,0.14445063217283155,0.0004373392954871018
0,0,0.5028225787463368,0.4952521789845178,0.0019252422691453603
1,1,0.14858668408798148,0.8420434248981052,0.00936989101391333
0,0,0.536851504015477,0.45935945720026267,0.0037890387842603977
1,1,0.2579454843017116,0.7192653951345271,0.022789120563761273
1,1,0.4314415558883215,0.5636635656366629,0.004894878475015615
2,2,0.010209381919956679,0.32010924131716856,0.6696813767628748
1,1,0.177972849164562,0.8051057669885672,0.016921383846870842
1,1,0.0266047221731884,0.9202283062440844,0.0531669715827272
0,0,0.7360936718106008,0.2633737077345894,0.0005326204548098506
1,1,0.36658837151611706,0.6067540061377823,0.02665762234610063
0,0,0.6364112399675134,0.36131445246689775,0.0022743075655888467
0,0,0.6261143343693257,0.3732800986105676,0.0006055670201065614
0,1,0.3413029158959474,0.6518588957182458,0.006838188385806677
1,1,0.1879861911566869,0.8055089798210944,0.006504829022218654
0,0,0.8405097129400745,0.15908605595555397,0.00040423110437156875
1,1,0.27266062327813595,0.7164817063977331,0.010857670324131045
0,0,0.5498830166612314,0.448704153525758,0.0014128298130105536
1,1,0.2549834248880303,0.7381125960194714,0.006903979092498296
0,1,0.4776839205135082,0.5209493747768136,0.001366704709678143
0,0,0.6423794498303931,0.354967394016992,0.002653156152614874
2,2,0.0011089988084584752,0.14864496266102564,0.850246038530516
1,1,0.4303125508092272,0.5650634766635021,0.004623972527270778
1,0,0.6557868618627212,0.34291848942673087,0.0012946487105478068
0,1,0.18362412590796007,0.7991873153752966,0.017188558716743386
1,1,0.1375807025938904,0.8446045481964441,0.017814749209665356
2,2,0.00039803322620215727,0.10121455695177817,0.8983874098220197
0,0,0.8189521860947374,0.18050480341616323,0.0005430104890992415
1,1,0.2762356641186255,0.7200921882307673,0.003672147650607207
0,1,0.20953495508699488,0.7834908191457362,0.0069742257672690215
0,0,0.5939101455075484,0.40238875553054326,0.003701098961908334
2,2,0.013860946662596772,0.3581884909720805,0.6279505623653227
2,2,0.0011636068053043804,0.12289072247119756,0.875945670723498
1,1,0.07902075403905853,0.8953553411980213,0.025623904762920053
0,0,0.7427346750067051,0.25677836699389595,0.0004869579993989708
1,1,0.16879690766948316,0.7389604052740257,0.09224268705649119
0,0,0.6162485333774536,0.38202080497955887,0.0017306616429875559
1,1,0.3658193081632225,0.6210143731500483,0.013166318686729352
1,1,0.3630018382966646,0.6255782452879801,0.011419916415355216
1,1,0.07257744461195115,0.9058877410496914,0.021534814338357477
1,1,0.19555889551565087,0.7958875617379462,0.008553542746403013
1,1,0.20504012558248383,0.7755051353561858,0.019454739061330224
1,0,0.6468503606694833,0.35135205108557976,0.00179758824493696
0,0,0.5772417931787704,0.4192645109569158,0.003493695864313777
1,1,0.24230120277309253,0.7506136874479629,0.007085109778944531
0,0,0.711964925009355,0.28674722140016123,0.0012878535904838114
1,1,0.2603645075770813,0.7312931660293478,0.008342326393570928
1,0,0.6015073523225296,0.3963638498495881,0.002128797827882285
1,1,0.0746218088009373,0.905585572740131,0.01979261845893174
1,1,0.07818053984137602,0.7350875511331174,0.1867319090255066
1,1,0.486590736526659,0.5112849560375797,0.002124307435761327
1,1,0.36236615169983594,0.6329432717419056,0.004690576558258482
0,1,0.0871923747460872,0.8968465552497937,0.015961070004119005
1,1,0.24412599472030913,0.750432772112477,0.005441233167213808
1,1,0.12605784697717787,0.8380705437266123,0.03587160929620983
0,1,0.3477968029602956,0.6440309917331472,0.008172205306557299
0,0,0.7986959631567409,0.199666230364255,0.0016378064790042264
0,0,0.6950655506386882,0.3039867071530895,0.0009477422082221369
1,0,0.5575644510813655,0.4404900918175755,0.0019454571010589718
0,0,0.6332048840237241,0.3655291899655445,0.0012659260107314777
1,1,0.3488668383309103,0.6446161260208596,0.006517035648230168
1,1,0.3575087180142365,0.637250105622833,0.005241176362930471
1,1,0.1462464279113355,0.8441478736873509,0.009605698401313817
0,0,0.6818299583659458,0.3162136875430833,0.0019563540909709274
1,1,0.25135623263565504,0.724783606708996,0.023860160655349173
2,2,0.00038323193221902733,0.07700791094063701,0.922608857127144
0,0,0.5566370985611995,0.4382411849484905,0.005121716490309977
1,1,0.4153056938475899,0.5818190191848525,0.0028752869675576953
1,1,0.3672500928759558,0.6231688051618438,0.009581101962200387
0,0,0.7056239696186661,0.29266355052547555,0.0017124798558583209
0,0,0.5883526673518095,0.4070849043508758,0.004562428297314654
1,1,0.2774495104399559,0.7172202727360818,0.00533021682396234
1,1,0.08131365233171325,0.8746293749529067,0.044056972715379984
0,1,0.2627896907554106,0.7301345190159928,0.0070757902285965915
0,0,0.7814867191361192,0.21774992107965466,0.0007633597842260826
1,1,0.02022419581886568,0.8896118554390039,0.09016394874213038
1,0,0.6027334946891597,0.39353628610401437,0.0037302192068259426
0,0,0.657223328181899,0.34231566609153574,0.00046100572656530375
0,0,0.5668366922087678,0.43043071754075396,0.0027325902504781925
0,0,0.6927720149920363,0.30643705265655635,0.0007909323514072763
1,1,0.3434732377039717,0.6365046998187738,0.02002206247725454
0,0,0.6217750654800172,0.3742716050545817,0.0039533294654011805
1,1,0.19700844644338925,0.7892737723091415,0.013717781247469205
0,0,0.5018848767917552,0.4942958865018302,0.0038192367064146604
1,1,0.06736610446197339,0.9096754187072325,0.02295847683079413
0,0,0.5601130081688379,0.43620586690333735,0.003681124927824754
1,1,0.34011348388105705,0.6559047110772253,0.003981805041717632
0,0,0.6236838920720813,0.37415911589467843,0.002156992033240124
1,1,0.13368860912039976,0.8413292504137334,0.024982140465866918
1,0,0.7117435745924569,0.2865950943881329,0.0016613310194101697
1,1,0.1237067782754705,0.8575048778368901,0.018788343887639405
1,1,0.21304402687630997,0.7760834196048709,0.010872553518819002
0,0,0.7505872924369866,0.24707787954629407,0.0023348280167192533
1,1,0.2832536343542368,0.7037940956172293,0.01295227002853379
0,1,0.4741610853898225,0.5189372348502677,0.0069016797599098356
1,1,0.11457666802877015,0.8457223047420066,0.03970102722922316
1,1,0.08636074235555889,0.8954209571989961,0.018218300445445014
0,1,0.389872263824424,0.600260796927539,0.009866939248037006
1,1,0.47358431501316844,0.5212349209708065,0.005180764016025046
1,1,0.056592073879629654,0.9142386459444014,0.029169280175968967
1,1,0.06404425109534106,0.9172534414282619,0.018702307476396934
0,0,0.5736725228124756,0.4243579218009045,0.0019695553866199635
0,1,0.2756444154831963,0.7187472364015427,0.005608348115261001
1,1,0.19384878481098153,0.7902416530438712,0.015909562145147403
2,2,0.004531768112177558,0.29512394993217117,0.7003442819556511
1,0,0.6326009757432327,0.36535371473228495,0.0020453095244822835
1,0,0.8506414920314459,0.14908620760572866,0.00027230036282550787
0,0,0.8983657248950941,0.10123086405089544,0.0004034110540104624
0,0,0.8663398762734994,0.1331246710914,0.0005354526351004483
2,2,0.0001403713741494582,0.01232940924476388,0.9875302193810865
0,1,0.45519121195527973,0.540836682483869,0.003972105560851398
2,1,0.0460629898750789,0.7866955804097578,0.16724142971516326
0,0,0.603826229145097,0.3937052464815259,0.0024685243733771987
0,1,0.19345677788815666,0.7931380903213352,0.01340513179050812
0,0,0.6902658017908403,0.30826520841394583,0.0014689897952137512
0,0,0.8029104694499792,0.19684416595357787,0.0002453645964428717
1,1,0.2789896850885074,0.7163794618077438,0.004630853103748851
0,1,0.34094674486871596,0.6558693536945188,0.0031839014367653503
1,1,0.0814519032926239,0.8933227629977036,0.02522533370967246
1,1,0.05794891034814464,0.904801010088047,0.03725007956380812
0,1,0.4978753012570303,0.49790771948374324,0.004216979259226654
0,0,0.8001135454830591,0.19942842216262693,0.000458032354313797
1,1,0.4680509882682385,0.5282862833183047,0.0036627284134567663
1,1,0.37032848160565895,0.6233562992905194,0.006315219103821581
1,1,0.14513595588489403,0.8497474767913302,0.005116567323775807
0,0,0.8085672438527766,0.19119852629810294,0.0002342298491205883
0,0,0.8084721156116601,0.19023104961358608,0.00129683477475374
1,1,0.25144707464359684,0.7402566768463176,0.008296248510085615
0,1,0.49616982728257636,0.5018010351576203,0.0020291375598032926
0,0,0.5747709430271849,0.4228573634384583,0.002371693534356748
2,2,0.0018785582353407755,0.20414525364215555,0.7939761881225036
1,1,0.2818611539919161,0.7067396274440435,0.011399218564040407
1,1,0.24886024089566397,0.7261016204460898,0.025038138658246233
0,0,0.7563822002253845,0.24256381900922114,0.0010539807653943373
0,0,0.5368447116319904,0.46031325091689895,0.002842037451110667
1,0,0.7929339701674116,0.20611993357106184,0.0009460962615265269
1,1,0.16266456494919526,0.8083333387251067,0.02900209632569794
2,1,0.10417772477223887,0.5957485347320021,0.30007374049575897
0,0,0.6029210034496729,0.39511306059641216,0.001965935953914848
1,1,0.1205040707836256,0.5551113131967471,0.32438461601962726
2,2,0.00014864669409713857,0.08385740976266265,0.9159939435432402
0,1,0.35932982768447647,0.6340216790458724,0.006648493269651168
1,1,0.41553453532740303,0.5726919892376925,0.011773475434904427
1,1,0.35690841456376693,0.6416331076560106,0.00145847778022259
0,0,0.9371576767345268,0.06269796721071316,0.00014435605475998878
1,1,0.34754439692332617,0.6426714688761717,0.009784134200502058
0,0,0.6331898961819322,0.3655165865130346,0.0012935173050331594
0,0,0.6323352675175566,0.36468175410717946,0.0029829783752638767
1,1,0.11465071251277405,0.8188379963380897,0.06651129114913618
1,0,0.6574847671066859,0.3406429808663679,0.0018722520269461953
1,1,0.252699100575408,0.7373055504393725,0.009995348985219477
1,1,0.09818066478935189,0.8941987375727076,0.0076205976379405535
0,1,0.38952518887676274,0.6054822142714866,0.004992596851750608
1,1,0.20565861606698263,0.7718793658637938,0.022462018069223638
1,1,0.1672220628760096,0.8255071162207929,0.007270820903197533
1,1,0.4219066622294157,0.5746081902714141,0.003485147499170234
1,1,0.13562345581821947,0.8345426492080144,0.02983389497376615
1,1,0.08628606827775748,0.8691202635588463,0.04459366816339605
1,1,0.268435131257506,0.725832235502117,0.005732633240376952
1,1,0.3717014181966319,0.6231298047433322,0.005168777060035968
1,1,0.41466351206647784,0.5813605378237632,0.003975950109758928
0,0,0.5855424458970339,0.40733917149572535,0.007118382607240877
0,0,0.607309498837796,0.390604527069913,0.0020859740922910437
1,0,0.6228714499887581,0.37585118279980284,0.0012773672114390247
0,1,0.46934137096060746,0.5291072765099979,0.0015513525293945367
1,1,0.31954065209773175,0.6683091318129329,0.012150216089335234
1,1,0.2784759611589853,0.7109738110889382,0.010550227752076443
1,1,0.04779855073734051,0.9167101189786985,0.03549133028396106
0,0,0.80859400719403,0.19044187173406596,0.0009641210719040476
1,1,0.21344653485179993,0.7796234703408241,0.006929994807375981
1,1,0.35542226438567665,0.6373368613175929,0.007240874296730357
1,1,0.15284397123398874,0.8385755438547038,0.008580484911307444
0,0,0.8786580483124805,0.12088075181212685,0.0004611998753927407
1,0,0.7510999840080482,0.24788999102270226,0.0010100249692495211
1,1,0.3319298975859995,0.6577594571019872,0.010310645312013252
0,1,0.2653486119149443,0.7286008683241629,0.006050519760892736
0,0,0.5290341535925245,0.4694170186602128,0.001548827747262729
0,1,0.4753938315299121,0.5173997640910227,0.007206404379065144
1,0,0.894120345165975,0.10551674885262549,0.0003629059813993338
0,0,0.5383877851981215,0.45792699920200153,0.003685215599876874
0,1,0.4924868596281184,0.5054740624848577,0.002039077887024043
1,1,0.11524035133477747,0.8660500737982086,0.018709574867013953
1,1,0.08574786166406917,0.894569995656088,0.019682142679842866
0,0,0.8577450799905115,0.14180649887677244,0.0004484211327159812
1,1,0.06289640190666378,0.8818279983712792,0.055275599722057
1,0,0.7828556476045645,0.21539119770872822,0.0017531546867072215
1,1,0.2224698594366199,0.7664424970874208,0.011087643475959325
1,1,0.1593596174289758,0.8337113728850906,0.006929009685933664
1,1,0.3213428563794695,0.6674888505317638,0.011168293088766658
1,0,0.685803139817707,0.3129073180617385,0.0012895421205544528
0,0,0.7854045728548926,0.2136773181827133,0.0009181089623941323
0,1,0.37970788705757225,0.6124372636617472,0.007854849280680564
2,2,0.0002160238318922649,0.09936824196930762,0.9004157341988
1,1,0.0606667290405947,0.8913432865552312,0.04798998440417412
1,1,0.3800836660792955,0.6138506720429976,0.006065661877706881
0,0,0.8419630871880529,0.15705708475986668,0.0009798280520803737
1,0,0.5556943407135279,0.43694670973273264,0.007358949553739488
1,1,0.338811349216207,0.6539945376097315,0.007194113174061528
1,1,0.23188827813309257,0.7606624394602893,0.007449282406618148
0,0,0.8614189189293859,0.13829507977406644,0.00028600129654764823
1,1,0.04700949613937942,0.8827542256751693,0.07023627818545133
1,0,0.8291296496185148,0.16938954788774324,0.0014808024937419929
1,1,0.06087292421252252,0.5406069444513949,0.3985201313360825
0,0,0.8394140346020619,0.1597603109564843,0.0008256544414539504
1,1,0.41398174679118366,0.5794798269078681,0.0065384263009482056
1,1,0.4879902440117242,0.5107412745796622,0.0012684814086135086
1,0,0.5888320335131522,0.40823809340830697,0.0029298730785406847
0,0,0.8527621076886799,0.14641463454103296,0.0008232577702871262
2,1,0.01419845266383279,0.7894778609127351,0.1963236864234321
1,1,0.19459009444871925,0.794765594591076,0.010644310960204626
0,0,0.687265382515022,0.3120589661243942,0.0006756513605837322
1,1,0.2584745593408086,0.7235209456568248,0.018004495002366575
0,0,0.7010472750628552,0.2973434032916153,0.0016093216455294423
1,0,0.7009079134697971,0.29755876492960526,0.0015333216005977842
1,1,0.3201287193327128,0.6696662356775396,0.010205044989747586
1,1,0.2258593438552873,0.7621343657069735,0.012006290437739195
1,0,0.7194483766201276,0.27916309153413404,0.001388531845738189
1,1,0.026358542830807966,0.8941045401847374,0.07953691698445467
1,1,0.30662719911999636,0.6878654743889681,0.005507326491035625
1,1,0.15369029740840767,0.8013824551076104,0.04492724748398183
0,0,0.6736156765945763,0.325259297531546,0.0011250258738777351
0,0,0.8745083423716751,0.12527926068434678,0.000212396943978163
1,1,0.015967977729208428,0.7146879854270665,0.2693440368437251
1,1,0.30295492108126715,0.6874062808640643,0.009638798054668656
1,0,0.8507959128703513,0.1486300972565144,0.0005739898731343078
0,0,0.7914597541275691,0.2077006153204402,0.0008396305519906814
0,0,0.6481114939544526,0.3476104323320254,0.004278073713522111
0,0,0.6534222241711574,0.3433184939255365,0.0032592819033060594
1,0,0.6491579189260227,0.34799566636200746,0.0028464147119698522
2,2,0.0006603139997841351,0.12477269101201596,0.8745669949881999
0,0,0.5700697320319955,0.42848556445043184,0.00144470351757267
1,1,0.03100251584090774,0.9325766612654127,0.036420822893679414
0,0,0.8709771007412851,0.12882588290895514,0.00019701634975981632
0,0,0.7801571560897617,0.21885754771530563,0.0009852961949327393
1,1,0.41359971398274414,0.5691070898363939,0.017293196180861923
1,1,0.371750053529723,0.6201147274518135,0.008135219018463426
1,1,0.2653953792166812,0.7234292069265343,0.011175413856784314
2,2,0.003726985149732904,0.20577510081209788,0.7904979140381693
1,1,0.2906432683454075,0.6991935696930641,0.010163161961528418
0,0,0.7871692095804244,0.21206487526362852,0.000765915155947144
1,1,0.35371808117905545,0.6405291740830581,0.005752744737886362
1,1,0.04210541157859365,0.8982907280183037,0.05960386040310274
1,1,0.053625410530593005,0.9260710708729024,0.020303518596504647
0,0,0.5627072153382676,0.4345879289896519,0.0027048556720804793
1,1,0.4337412439185645,0.5597606963655128,0.0064980597159226905
0,1,0.4480675016096365,0.5456102239413311,0.006322274449032394
1,1,0.18382694476103503,0.8031292346863546,0.013043820552610485
1,1,0.18461425496417153,0.8077039004504316,0.0076818445853969256
0,0,0.9089855943333718,0.09045767293114651,0.0005567327354817818
1,0,0.5076549879081759,0.4901151808870318,0.0022298312047923465
2,1,0.13400778922672218,0.8439062177960325,0.022085992977245384
1,1,0.4464984258252701,0.5501082076543752,0.003393366520354666
1,1,0.25455875959798957,0.7420704635324075,0.003370776869603014
0,0,0.7267155873860542,0.27156619523757275,0.0017182173763731082
1,1,0.12396360044596759,0.8650707983326821,0.010965601221350237
1,1,0.36046689513975605,0.6303553624593904,0.009177742400853672
0,0,0.892316461211251,0.10716600656429673,0.0005175322244524064
1,1,0.181116748254079,0.8009613580191397,0.017921893726781237
1,0,0.6063590969039059,0.3920946694548549,0.0015462336412391986
0,0,0.5277222225096481,0.46717556269337956,0.005102214796972384
0,1,0.45240360333508034,0.5434654681559986,0.0041309285089211
0,1,0.05298470665125645,0.9173629912539766,0.02965230209476696
0,0,0.6756637457960281,0.32316657556397627,0.0011696786399957426
2,2,0.0026518709626484546,0.33771836044285386,0.6596297685944976
1,1,0.06595320849476448,0.8642032648189625,0.06984352668627306
1,1,0.10080136635170434,0.8540967359449578,0.04510189770333786
1,1,0.449781616677623,0.5446551308492001,0.005563252473176962
0,2,0.04097003655966654,0.4645748620858403,0.4944551013544932
1,1,0.3018265907539799,0.693338539160674,0.00483487008534614
0,0,0.9566088773465179,0.043331354216039855,5.976843744228153e-05
1,1,0.32257159869373103,0.6749380215457023,0.002490379760566689
1,1,0.16248888377653103,0.8162813089935551,0.021229807229913772
0,1,0.4702707073913041,0.5269169091400567,0.002812383468639146
1,1,0.04250771654113263,0.9303704174861155,0.027121865972751995
2,2,0.00021585645852475793,0.07648589776225423,0.9232982457792209
0,0,0.6352816206758021,0.3620074049531576,0.002710974371040269
1,1,0.2585406063181937,0.7231913960102004,0.018267997671605828
0,0,0.819282052252453,0.18017584723153474,0.0005421005160121692
1,1,0.2945460789654384,0.6979300143757734,0.007523906658788235
2,2,9.26043048461875e-05,0.04333810417071547,0.9565692915244383
0,0,0.9419330114871748,0.05772890464514394,0.00033808386768116074
1,1,0.16959030460631622,0.7941901167517443,0.03621957864193925
1,0,0.723190556714258,0.2748146173801569,0.001994825905585155
1,1,0.14435015620248626,0.8377064037062282,0.017943440091285467
1,1,0.013811206846811065,0.8986948512860458,0.08749394186714322
1,0,0.6900407074311911,0.3079785043794289,0.001980788189379938
1,1,0.06277937070711649,0.9064602976846418,0.030760331608241598
1,0,0.759997878966989,0.23896041250182473,0.0010417085311863576
0,1,0.3194947677839442,0.6714363415533222,0.00906889066273352
1,1,0.2715554030050175,0.7150767196022423,0.013367877392740113
1,1,0.25642075316984925,0.7357200489168613,0.007859197913289456
1,1,0.16558292003954472,0.8172984526866092,0.017118627273846165
1,1,0.2623074066653131,0.7292668634991105,0.008425729835576401
0,0,0.5757176927605276,0.4219573747264505,0.0023249325130218473
0,0,0.6277611509109153,0.37090606497850537,0.0013327841105793162
0,0,0.6136122145892879,0.3830055925808852,0.0033821928298268604
0,0,0.8780261793269036,0.12124309060741073,0.0007307300656855809
1,1,0.17533440684392929,0.7968456904880852,0.027819902667985657
0,0,0.8474495837796074,0.1521274182028369,0.00042299801755572543
1,1,0.09543600197289384,0.8781718355872322,0.02639216243987391
0,0,0.7935813638906886,0.20526962377252445,0.0011490123367870855
0,0,0.8777963828470648,0.1217823693502766,0.0004212478026585933
1,0,0.5515148849934707,0.4469216480012586,0.0015634670052706962
1,1,0.035021813822491914,0.9169529057708526,0.048025280406655504
0,0,0.669841629465344,0.3277391276860049,0.0024192428486512194
1,1,0.11091174070852483,0.8525254921841374,0.03656276710733777
1,1,0.366794347490037,0.6288686152545939,0.004337037255369098
2,2,0.001207549910301527,0.1334971624633345,0.8652952876263639
1,1,0.252262099780855,0.7388130821386407,0.008924818080504299
0,0,0.8045220000834946,0.1948883760465633,0.0005896238699420691
1,1,0.1611933083672537,0.8266028202411541,0.012203871391592241
1,1,0.30427739634094214,0.6890085864360697,0.006714017222988173
1,0,0.6399581025616611,0.3579175041832557,0.0021243932550831695
0,0,0.531069320814863,0.46710943290881135,0.001821246276325672
0,0,0.722794214157132,0.2747253762212266,0.002480409621641447
2,2,0.0003583438739877499,0.06042970040919465,0.9392119557168176
1,1,0.1941975565814014,0.7746619064389071,0.031140536979691547
1,1,0.27617121189223826,0.71718276525498,0.006646022852781769
0,0,0.611525418606392,0.38638552696297446,0.0020890544306334303
1,1,0.17950163185005769,0.812070377445487,0.008427990704455319
1,1,0.31701076902267944,0.6604820825963824,0.02250714838093802
2,2,0.003187123720336676,0.23039344333761333,0.7664194329420501
1,1,0.054512901294633716,0.9102632685925248,0.035223830112841366
0,1,0.14059201559712134,0.8365597145519303,0.022848269850948406
1,1,0.2549553797378113,0.7386376806787568,0.0064069395834319125
0,0,0.6206688974869479,0.3779884527818012,0.001342649731250805
0,1,0.4271994602794085,0.5666382453298916,0.006162294390699889
1,1,0.08811113209273035,0.8638774974526569,0.048011370454612776
2,2,0.00011950421325451625,0.007309169173500081,0.9925713266132454
0,0,0.716294463500083,0.2827052107632434,0.0010003257366736145
1,2,0.009720062937792035,0.341440724514391,0.6488392125478171
1,1,0.34605186603567084,0.6513876457487037,0.0025604882156255037
1,1,0.44760543343913145,0.5467115063955291,0.005683060165339381
1,1,0.35480133094617045,0.6317903926552434,0.013408276398586093
1,0,0.6072780396994818,0.3909772762384847,0.0017446840620334613
0,0,0.6124577201880812,0.3839085993158402,0.003633680496078549
1,1,0.386655389038282,0.6063674452442053,0.006977165717512642
0,1,0.4706878268557917,0.5259756266176149,0.0033365465265934617
0,1,0.3893660478352258,0.600774851397212,0.009859100767562187
1,1,0.062846342607706,0.9069313994249444,0.030222257967349585
1,1,0.09709756061745577,0.8880801007276303,0.014822338654913954
0,0,0.6122336983941392,0.38477818966880006,0.002988111937060765
0,0,0.6011358514359556,0.3955281865684976,0.003335961995546686
0,0,0.6082082048954447,0.3889094397086418,0.0028823553959135212
0,1,0.2340108406447428,0.749545582109244,0.016443577246013124
2,2,0.027495125360244493,0.4378821288242163,0.5346227458155391
0,1,0.48508341086787615,0.5120636077185065,0.0028529814136174
1,1,0.04922413217164431,0.9003194714108793,0.05045639641747652
2,2,0.0005753560596028591,0.0723493310943289,0.9270753128460684
1,1,0.3095046950198636,0.6840992533537612,0.00639605162637511
0,0,0.5955479360430388,0.40029727171912693,0.0041547922378341725
1,2,0.009341585932981768,0.3437479216978952,0.646910492369123
1,1,0.16535623366114813,0.8006598058715123,0.033983960467339654
0,0,0.8094524690509753,0.19021029503249573,0.0003372359165289153
0,1,0.342131301820597,0.6477777632493018,0.010090934930101188
1,1,0.0492085911979203,0.9053754364117633,0.04541597239031644
0,0,0.7483834801989685,0.251057243029584,0.0005592767714475102
1,1,0.18842316675699566,0.8017423424158541,0.009834490827150282
0,1,0.38579875397015173,0.6124048042079404,0.0017964418219077985
0,0,0.5722972894365983,0.4251656915339891,0.002537019029412632
1,1,0.039935929477346255,0.9230163953928233,0.03704767512983037
1,1,0.23697438013860386,0.7435809910835076,0.019444628777888495
0,0,0.6087019318152608,0.38944119016315004,0.00185687802158922
1,1,0.08588911135676683,0.8945249053151082,0.01958598332812502
0,1,0.4709993377247534,0.5261173973110724,0.0028832649641741073
0,0,0.8620479634326159,0.13739249241780488,0.0005595441495792539
1,1,0.40023126563323297,0.5975768457316424,0.0021918886351248008
1,1,0.1339440993219162,0.8421166593298252,0.023939241348258603
1,1,0.1067815911260398,0.8721968507485628,0.02102155812539731
1,1,0.10645090356455002,0.8653144647434386,0.0282346316920113
0,0,0.5790485627521244,0.4190584395908532,0.0018929976570224833
1,1,0.08070936370860671,0.8839842473364604,0.035306388954932794
0,0,0.8680988477556254,0.13155413022672083,0.00034702201765379043
0,0,0.6840414980179711,0.31423464761046815,0.0017238543715606181
2,2,5.851513549490964e-06,0.007318677262535512,0.992675471223915
0,1,0.2508565061785144,0.7369841272140393,0.012159366607446355
0,0,0.8287650397311066,0.1702695523857844,0.0009654078831089588
1,1,0.29307726573470533,0.6868299322890515,0.020092801976243146
0,1,0.4310963347531348,0.5649042308486333,0.003999434398231894
0,0,0.9594442638425782,0.04046692760470005,8.880855272193567e-05
1,1,0.2711901318947787,0.721491962301628,0.00731790580359312
0,1,0.13314095754486496,0.8318666780286411,0.03499236442649404
0,0,0.7314428595450184,0.26769589892098644,0.0008612415339952392
1,1,0.10062582978306436,0.8841599189884239,0.015214251228511612
1,1,0.0842075881140534,0.5765359665918516,0.33925644529409504
1,1,0.22126285928153636,0.7714755416920068,0.007261599026456787
0,1,0.46323859572309384,0.5326452269794812,0.004116177297424815
1,1,0.36809173436895354,0.6241560944810818,0.007752171149964655
1,0,0.7459670178624812,0.25293832161013957,0.0010946605273792168
1,1,0.12594334497925114,0.8432030698144053,0.030853585206343636
1,1,0.19232354535571775,0.7823043556620082,0.025372098982273945
0,0,0.6995895310673306,0.29920201968390797,0.0012084492487615098
0,1,0.16093630274497556,0.8055755971046294,0.03348810015039497
1,1,0.26553174403591473,0.7289380346827697,0.0055302212813155525
0,1,0.34963115527609995,0.6465047332208218,0.0038641115030781294
1,1,0.2684093438865333,0.7054461051569175,0.026144550956549224
1,1,0.2570751315203453,0.7369289460563024,0.005995922423352195
1,1,0.18764491725886723,0.783681125412194,0.028673957328938654
1,1,0.4030569983817166,0.5934201195634997,0.003522882054783719
1,1,0.27374555530296074,0.7193097630897767,0.006944681607262651
1,1,0.08554468612913553,0.7677532158255725,0.146702098045292
1,1,0.20134120134753772,0.7718360586132551,0.026822740039207076
0,0,0.6823807859685576,0.3161032370542565,0.0015159769771858058
0,1,0.08584073656265355,0.8726213882167555,0.04153787522059091
0,0,0.8694627378885952,0.12956436978682281,0.0009728923245821926
1,0,0.5293223721423853,0.4682177912210469,0.002459836636567808
0,0,0.776851562224509,0.22277864853354992,0.00036978924194120576
0,0,0.8651114149739004,0.13458237884404206,0.00030620618205754233
0,0,0.7862073932607636,0.21310722380677857,0.000685382932457882
0,0,0.8907678593137791,0.1088584874878859,0.00037365319833495626
1,1,0.06692270190325733,0.9069492734352277,0.026128024661514974
0,0,0.8415444794126561,0.1582800193729511,0.0001755012143926767
1,1,0.2800572171108702,0.7073503182626669,0.012592464626462768
0,1,0.3458229112552551,0.6418987703562251,0.012278318388519728
0,0,0.5515273077786392,0.4466138812562761,0.0018588109650846982
1,1,0.12312263482356521,0.8405376466520212,0.0363397185244135
1,1,0.04110889543276341,0.9366743563066962,0.0222167482605406
1,1,0.33765517496029396,0.6551873605379813,0.007157464501724692
0,0,0.5720522759991865,0.4264473336972437,0.0015003903035697708
0,0,0.6197628393333647,0.37868577529408887,0.0015513853725464205
1,1,0.06503442035204635,0.9178122254962295,0.017153354151724
1,0,0.6048681526470852,0.392156617535468,0.002975229817446876
1,1,0.36202896916642474,0.6277801139613439,0.010190916872231262
0,1,0.20572995074563252,0.7790875956247734,0.01518245362959405
2,2,0.00017941845296630415,0.05939646731171343,0.9404241142353202
1,1,0.41649122501957897,0.5804119710870529,0.0030968038933680987
0,1,0.14812159817866966,0.8368700309838136,0.015008370837516789
1,1,0.35612768097838476,0.6389352934052851,0.004937025616330171
1,1,0.3419812665014028,0.6518790862007391,0.006139647297858122
1,0,0.6434667683954922,0.3535545618685038,0.002978669736003975
1,1,0.14949714729568186,0.8389923304765846,0.011510522227733614
1,1,0.4796039917037252,0.5184684143711598,0.0019275939251150718
1,1,0.2523742656999462,0.7267321958558001,0.020893538444253693
1,1,0.262467532540827,0.7346004409434637,0.0029320265157093063
0,0,0.7176458308291694,0.28093738903249177,0.0014167801383388118
2,2,0.01208486918548994,0.3109622086975803,0.6769529221169297
1,1,0.4362047150432305,0.5613509982379483,0.0024442867188211276
2,2,0.0004875033440988251,0.039521136612890764,0.9599913600430104
1,1,0.06135056498586005,0.9020450832580164,0.0366043517561235
1,1,0.20065737036966458,0.7907341221255526,0.008608507504782918
1,1,0.04615555879466579,0.8971552652591063,0.05668917594622786
0,1,0.16833177016809225,0.8246240209035126,0.007044208928395133
0,0,0.6221354665261121,0.37694723670227687,0.0009172967716109909
1,1,0.07673448083689716,0.8821225050160794,0.0411430141470234
1,1,0.16088403024714895,0.8304145497649352,0.008701419987915923
1,1,0.1547184466913517,0.837976918692199,0.007304634616449321
1,1,0.07333228636301165,0.8970314497488909,0.029636263888097356
0,1,0.4752303996674605,0.5220119750279967,0.002757625304542868
1,1,0.32928514333559583,0.6651859549584757,0.0055289017059284825
1,1,0.1570816392500547,0.805038146219468,0.03788021453047731
1,1,0.2556547876884731,0.7379410702532663,0.006404142058260583
0,0,0.7867011697638612,0.21269230566387556,0.0006065245722633205
1,1,0.08742288767595592,0.9019050221205501,0.010672090203493998
0,0,0.7653512696484182,0.2338096923109759,0.0008390380406059644
0,0,0.5292300461858226,0.46666531382807025,0.004104639986107122
0,0,0.5390069840986745,0.4593832430491986,0.0016097728521268827
1,1,0.03694321344250959,0.9352495653484497,0.027807221209040806
0,0,0.78034532679492,0.2187908718372441,0.0008638013678359628
1,1,0.4237128237798898,0.5696605679948369,0.006626608225273265
0,0,0.807337610868116,0.19182445648221463,0.0008379326496693788
1,1,0.077187994102338,0.8825990842030588,0.04021292169460313
0,0,0.6681635234871637,0.33037088459843705,0.0014655919143992447
1,1,0.2039620769260503,0.7825700345678994,0.013467888506050294
1,1,0.4327200627834099,0.558825170393899,0.00845476682269107
1,1,0.16365261398419806,0.8027118448888771,0.03363554112692471
0,0,0.8006397145802248,0.19871194152863275,0.000648343891142448
1,1,0.20525885837011493,0.7818224504323998,0.012918691197485111
0,0,0.5185660945454443,0.47930706330804934,0.002126842146506298
2,2,0.03173090547768653,0.44249210992257626,0.5257769845997372
1,1,0.4856943438308361,0.5114642435555248,0.0028414126136391727
1,1,0.18059950080756332,0.7978460523738776,0.021554446818559034
1,1,0.28513496547900186,0.7063896780277718,0.00847535649322633
0,1,0.32919923252852573,0.6571152935458758,0.013685473925598579
1,1,0.23231589369149125,0.7580731997319845,0.009610906576524289
1,1,0.09754375490057778,0.8666138388347486,0.03584240626467368
0,0,0.8689825064177598,0.13048907326216544,0.0005284203200748498
0,1,0.24869512993670959,0.7458773683055488,0.005427501757741463
0,0,0.6827387985890314,0.316624657500697,0.0006365439102713986
0,0,0.7400772100214005,0.25890167730621455,0.001021112672384855
0,0,0.8998595333297392,0.099539818785247,0.0006006478850136685
1,1,0.12627730887678118,0.8631727514823665,0.01054993964085225
1,1,0.066237121028025,0.9094174717314537,0.02434540724052121
1,1,0.25879621400212965,0.734405075721954,0.006798710275916222
0,1,0.4955782237552095,0.501507955863518,0.00291382038127235
1,1,0.34981666955165336,0.6433333166924861,0.006850013755860663
0,1,0.37503537866280257,0.6173661239303376,0.007598497406859675
1,0,0.8673051194724279,0.13224197385040906,0.00045290667716291465
1,1,0.19708630023908605,0.7863837980231595,0.016529901737754503
2,2,0.0022279366437404175,0.2003320187687635,0.7974400445874961
0,0,0.9649144980229003,0.03495184403512165,0.00013365794197804098
1,1,0.015334255182607686,0.8589843622992532,0.12568138251813923
1,0,0.7793840260804613,0.2190524033538569,0.001563570565681668
0,0,0.5267971655989071,0.46983014602328077,0.003372688377812152
0,1,0.33132286359814833,0.6643341171393317,0.004343019262519915
0,0,0.7601832298892208,0.23893174633418915,0.000885023776590058
0,0,0.7304236271921672,0.2684511988688551,0.001125173938977656
1,0,0.6121933906882643,0.3831356528190189,0.004670956492716836
0,0,0.5297379244955309,0.467705487455141,0.002556588049328179
0,0,0.898490281581548,0.1013105249236258,0.00019919349482631335
1,1,0.07737989921150382,0.9031143209673043,0.019505779821191945
0,1,0.3949047108317277,0.5998023074490527,0.0052929817192196235
0,0,0.7109661582200241,0.2875331980132453,0.0015006437667306307
1,1,0.0590245777540549,0.9038650726451872,0.03711034960075786
2,2,8.711651832255524e-05,0.04584345352018266,0.9540694299614949
1,0,0.6701729584446743,0.32852056835830945,0.0013064731970161936
1,1,0.30239490981693956,0.6926723668879956,0.0049327232950647495
2,2,0.00011619101772360026,0.07391831927980543,0.9259654897024711
1,0,0.7140513993383975,0.28532754808839056,0.0006210525732118857
1,1,0.056499686543038524,0.9053413544236036,0.03815895903335778
0,0,0.7432084340324896,0.2542868708637628,0.002504695103747666
0,1,0.4765644068049698,0.5181055487304042,0.0053300444646259566
0,0,0.7800665724499163,0.21928477346743502,0.0006486540826488234
1,1,0.23769606522548112,0.7540944026107558,0.008209532163762936
0,1,0.27749310925910875,0.7188532362461163,0.0036536544947749464
1,0,0.5463889637690188,0.44997657008388076,0.0036344661471004176
1,1,0.15032049286334062,0.829553448038884,0.020126059097775293
0,0,0.6443734141585152,0.353926911599012,0.0016996742424728371
1,1,0.14158626054544157,0.6063592976129569,0.25205444184160164
0,0,0.642858463287092,0.3559299491804023,0.0012115875325057017
1,1,0.17039437196011,0.8134567912123186,0.01614883682757128
1,1,0.08627133593355645,0.8947533372981408,0.018975326768302755
0,1,0.15187651823677997,0.8424599403893154,0.005663541373904658
0,1,0.37420879002599855,0.6215993277996011,0.004191882174400355
0,0,0.5480290327041609,0.4492094268081187,0.002761540487720355
0,1,0.4440508672195595,0.547480414235689,0.008468718544751412
1,1,0.43433188415887225,0.5625378868196267,0.0031302290215009976
1,1,0.22254047561055856,0.7535480237407708,0.02391150064867061
0,0,0.8055413269118045,0.19401166673808828,0.0004470063501071596
0,0,0.9181829083514721,0.08165739878282789,0.00015969286570002573
0,0,0.9084519314217194,0.09120279794912667,0.00034527062915379575
0,0,0.6922621384740499,0.3056692303628051,0.0020686311631450426
0,0,0.5914811896593084,0.4061244193105304,0.002394391030161176
0,0,0.9054506771585088,0.0942017736389867,0.00034754920250444404
0,0,0.8677900177356984,0.13173628478154412,0.00047369748275748
1,0,0.7484376352032069,0.250308026569117,0.0012543382276760664
0,0,0.6003371827123267,0.39762172399943907,0.0020410932882342398
0,0,0.945666817462262,0.05413862690250716,0.00019455563523070886
0,0,0.7658511428963931,0.23325608268616127,0.0008927744174457633
0,0,0.7234414353937291,0.27564259722159756,0.0009159673846732702
0,0,0.8598069503034013,0.1397437234273293,0.0004493262692695154
1,1,0.2984190819904433,0.6947331074123081,0.006847810597248474
0,0,0.770923456922653,0.22828532907863913,0.0007912139987079526
0,0,0.9168769537735854,0.08262088070074938,0.0005021655256652774
1,1,0.3007431134442906,0.6956627585500842,0.0035941280056250974
1,0,0.5545241727438371,0.44227184435223027,0.0032039829039324794
1,1,0.018412437051936563,0.8876669140828386,0.09392064886522487
0,0,0.5765669588351556,0.4183815370948046,0.005051504070039723
0,0,0.6584203087571262,0.3403201976134903,0.0012594936293834394
0,0,0.7486864843783154,0.25042566037139447,0.0008878552502901441
0,1,0.4463447266931259,0.5459996747445746,0.007655598562299605
0,1,0.18348136086261527,0.7864264772601312,0.030092161877253446
0,0,0.7332616146329217,0.26607049975826447,0.0006678856088136975
0,0,0.6436621605143144,0.3512236392296087,0.005114200256076962
0,0,0.8200238092323366,0.17946515387522075,0.0005110368924425201
1,0,0.544949756770753,0.44887844730472354,0.0061717959245235765
1,0,0.7414499254028549,0.25732488064124526,0.0012251939558997698
1,1,0.46204084072621654,0.5284454218378063,0.009513737435977285
0,0,0.7506028525729809,0.2490330709721169,0.00036407645490216825
1,1,0.18378070039323996,0.8025725787404288,0.01364672086633135
1,0,0.7153033365671336,0.2823854797151982,0.0023111837176682053
1,0,0.5695231123229869,0.42841709386767607,0.002059793809337081
1,1,0.12820957008518072,0.8548637265746533,0.016926703340166157
1,1,0.07623098559557591,0.8538755939411623,0.06989342046326175
1,1,0.3199582469582639,0.6739943344163667,0.006047418625369365
1,0,0.6812741922868222,0.31809404492022164,0.0006317627929562354
1,1,0.08952983957352133,0.8713747388536035,0.03909542157287512
1,1,0.08170139882280957,0.8561866598838991,0.062111941293291374
0,0,0.7257429303448234,0.27327634848356697,0.0009807211716096214
1,1,0.11244219348524652,0.862138081287762,0.025419725226991485
1,1,0.16908411320838285,0.8228041346406678,0.008111752150949262
1,1,0.12365146946194984,0.5687269890119717,0.3076215415260785
0,0,0.5826120954383514,0.41594628882499673,0.0014416157366520003
1,1,0.11276040992923568,0.872396091256552,0.01484349881421227
1,1,0.470959829922643,0.5255187038004879,0.003521466276868968
1,1,0.12106613254196766,0.8513578295674503,0.027576037890581953
0,0,0.6787029678166017,0.32028298826245344,0.001014043920944899
1,0,0.60794085281059,0.3911197027045189,0.0009394444848910991
0,0,0.8155476489208681,0.1836661435033306,0.0007862075758013168
0,0,0.7313175981943483,0.267516557653574,0.001165844152077607
0,0,0.7977322361882991,0.20143070545022543,0.0008370583614754207
0,0,0.7553863665048913,0.24291301567252185,0.0017006178225866826
1,1,0.45852351342764053,0.5383031534444846,0.003173333127874722
1,1,0.2552107400390769,0.73401057350913,0.010778686451793076
0,0,0.5830687224032741,0.41585660020393544,0.0010746773927904046
1,1,0.31380261874418014,0.6736315413738523,0.01256583988196765
1,1,0.19114048574935252,0.8023032525499822,0.006556261700665298
2,2,0.0053979658563193065,0.2996882574483644,0.6949137766953163
0,0,0.5148320932132051,0.47890869401232583,0.0062592127744691885
1,1,0.024798331035054695,0.8351756798521004,0.14002598911284508
0,0,0.7103825578401127,0.28836029203865376,0.0012571501212335523
1,1,0.038408790928270334,0.8958568621866518,0.06573434688507773
0,0,0.5363023249339803,0.45969661715564014,0.004001057910379536
0,1,0.2000662367478882,0.7840096271605047,0.01592413609160722
0,0,0.7610398517398482,0.23851563991245844,0.00044450834769337776
0,0,0.7350739011199291,0.26349414283524675,0.0014319560448240469
1,1,0.19957090130799052,0.796766677087141,0.0036624216048684287
1,0,0.6848582833725297,0.314534752812489,0.0006069638149812638
0,1,0.4308316586999772,0.5656435869088762,0.0035247543911465914
0,0,0.5594306729813346,0.43915049339636114,0.0014188336223041086
0,0,0.7789136765046007,0.2201521936980374,0.0009341297973618977
1,1,0.30376527088751193,0.6891744258832218,0.007060303229266368
0,1,0.17575301163828436,0.8157680100881085,0.00847897827360714
0,0,0.5292036429022331,0.4676183212927723,0.0031780358049946747
1,1,0.045415966292710566,0.9293978089711634,0.025186224736125962
1,0,0.6515666953993263,0.3460901453477247,0.0023431592529489175
0,0,0.7719651518936125,0.2269024993938571,0.0011323487125304405
1,1,0.07265750350956837,0.9091193435678935,0.018223152922538236
1,1,0.3471425033441447,0.6493524387659476,0.003505057889907692
1,1,0.45794976285403766,0.5378526953786208,0.004197541767341549
1,1,0.41736723446947854,0.5801787995716643,0.0024539659588571345
1,1,0.31822456130247523,0.675887565108965,0.005887873588559841
1,1,0.27002016268517476,0.7223633874516544,0.007616449863170808
0,0,0.5064163808300519,0.4915188738869868,0.002064745282961241
0,1,0.38362713234105256,0.6125014392665296,0.0038714283924179194
1,1,0.30581898068204943,0.6869802607747059,0.007200758543244742
0,0,0.8545587323118745,0.14503717376606848,0.0004040939220569912
2,2,0.0033615251543846294,0.3244875842446546,0.6721508906009608
2,2,0.0060997550012328915,0.31103289232266346,0.6828673526761035
1,1,0.3633094972765835,0.6276097540890901,0.00908074863432626
0,0,0.5983013215457397,0.40030921232320393,0.0013894661310563136
0,1,0.42546737035301235,0.5685479483413388,0.005984681305648787
1,1,0.031562028499567255,0.9033530537016156,0.06508491779881716
1,1,0.33746641634928043,0.6513883727920138,0.011145210858705778
0,0,0.7470956742210895,0.25254852457157856,0.00035580120733209837
1,1,0.34790811473462047,0.642994990596945,0.00909689466843447
0,0,0.7582161248385785,0.23991250444606418,0.0018713707153574385
1,1,0.0872785675455509,0.8888104443001885,0.023910988154260668
0,0,0.9519876764444017,0.047986407103203906,2.5916452394439185e-05
0,0,0.8206793629571754,0.1784705168600473,0.0008501201827773502
1,0,0.6708182045734139,0.32707133033546026,0.0021104650911258353
2,2,0.002405777527808989,0.19280503353550482,0.8047891889366862
0,0,0.8212988265897382,0.17841722551392078,0.00028394789634102066
0,0,0.6833724959516927,0.31494765582371725,0.0016798482245901998
0,0,0.861488152752979,0.13775346458548154,0.0007583826615393186
0,0,0.9353365757220549,0.06436656793071441,0.00029685634723074477
1,1,0.06165144278164073,0.9081376136278478,0.03021094359051155
1,1,0.05751599290179849,0.9228761136199971,0.019607893478204543
1,1,0.18789720376123786,0.8071924159321431,0.004910380306619063
0,0,0.5678782882410931,0.4258674079017055,0.006254303857201312
0,0,0.577183919928947,0.4190324321924666,0.0037836478785863545
0,0,0.7748571583147847,0.2247566701498289,0.0003861715353863347
0,0,0.5287490144744453,0.4686055956741364,0.002645389851418359
0,1,0.2277154669137158,0.763276145364467,0.009008387721817293
1,1,0.08960366303409605,0.8892036616419352,0.021192675323968777
0,0,0.8979269056042577,0.1018050653349239,0.00026802906081850434
1,1,0.18180734851475755,0.8121288573151311,0.0060637941701112315
0,0,0.9124565928805479,0.08729775267028578,0.00024565444916626754
0,0,0.7037613285051247,0.2954607286519831,0.0007779428428921867
1,1,0.016513536230603146,0.8836857047653918,0.09980075900400512
0,0,0.6904838044868504,0.3091117694460387,0.0004044260671110095
1,1,0.4201936380461737,0.5714978882179167,0.008308473735909625
1,1,0.08054144467809118,0.8774035562284794,0.0420549990934294
1,1,0.11973392371053453,0.8211878468550188,0.05907822943444675
2,1,0.1407206516831312,0.5560926913721709,0.303186656944698
2,2,6.64994886682598e-05,0.010555313856626574,0.9893781866547052
1,1,0.1788040817770159,0.7937023967077403,0.027493521515243667
0,0,0.6253811478124701,0.37103186280502115,0.0035869893825087092
1,1,0.061942719605988565,0.9147266759706727,0.023330604423338914
1,0,0.5826117624985104,0.413717042349912,0.0036711951515774736
1,1,0.25842235842225536,0.7313771585766182,0.0102004830011264
1,1,0.1542231488308801,0.8361609678083454,0.009615883360774439
1,1,0.012235980065291335,0.8932857389627344,0.09447828097197414
1,1,0.08225929737721689,0.8933391844401377,0.024401518182645583
0,0,0.6827967360157031,0.3145263799926315,0.0026768839916653368
1,0,0.810410582121947,0.18890959181932399,0.0006798260587288551
1,1,0.0644243781712609,0.9082831919764912,0.027292429852248046
1,1,0.050838329481025284,0.8327443241571322,0.11641734636184252
1,1,0.39849526416104347,0.5960426862878094,0.005462049551147101
1,1,0.13739360012766863,0.836679993321009,0.025926406551322508
1,1,0.24229675279167145,0.7493935335347068,0.008309713673621795
0,0,0.5739385768673955,0.4201845407754013,0.005876882357203301
1,1,0.11630245890083861,0.8342328729231713,0.04946466817599017
0,0,0.880663959014154,0.1188163264549513,0.0005197145308945667
0,1,0.46500626825201224,0.5322884108670352,0.002705320880952681
0,1,0.38208086872995,0.6130829919371931,0.0048361393328570056
1,1,0.3073263195017442,0.6880912623646273,0.004582418133628518
0,0,0.671179166482435,0.3280349795316057,0.0007858539859591547
1,1,0.3389672827382532,0.6511668744401136,0.009865842821633233
0,0,0.8852108329771968,0.11435204112880033,0.0004371258940026391
1,1,0.1189037052782405,0.8664324258675165,0.01466386885424299
1,1,0.34950033259606533,0.6389549429004756,0.011544724503459183
1,1,0.053155525327510285,0.5264148624820874,0.42042961219040237
1,1,0.14411907463031284,0.839472220898436,0.01640870447125129
0,0,0.741790522228875,0.25657578250765384,0.0016336952634712458
0,1,0.0874369855799235,0.8732744405915996,0.03928857382847697
0,0,0.8930205158263429,0.10678954006836588,0.00018994410529122859
1,1,0.33750866790217376,0.6575894918314018,0.0049018402664244
0,0,0.7410426935324265,0.25803034578733,0.0009269606802436424
0,1,0.36584477028554346,0.6173556855767595,0.01679954413769722
1,0,0.7227427640114149,0.2765883071280448,0.000668928860540246
0,0,0.7419193183495075,0.2567673876667601,0.0013132939837323045
0,0,0.8878466365121824,0.11127763084237674,0.0008757326454407488
1,1,0.32714119151626325,0.6646732317895715,0.008185576694165201
1,1,0.4636923025363574,0.532505328488149,0.003802368975493486
0,1,0.2169175860749941,0.7769853764285918,0.006097037496414069
1,1,0.44997302912533754,0.5470732247967046,0.002953746077957868
1,1,0.029163023992073635,0.9357845470495652,0.03505242895836108
2,2,5.393248895400718e-06,0.00283336052039196,0.9971612462307127
1,1,0.15065896553912794,0.8399668999243257,0.009374134536546525
1,1,0.2657442341787764,0.7206468437985757,0.013608922022647919
0,1,0.19302862130826412,0.7878325405700325,0.019138838121703316
0,0,0.6508097878091477,0.3471229359888396,0.0020672762020127653
2,1,0.00995859678265185,0.5892482570520081,0.40079314616534
1,1,0.30715103075123734,0.6852285845754034,0.007620384673359264
1,1,0.45665771148980633,0.5388769850378653,0.0044653034723283365
1,1,0.4701626015453166,0.526348395755234,0.0034890026994494915
1,1,0.2688209676825099,0.7190373892831793,0.012141643034310855
1,1,0.35724259162559363,0.6371553394970946,0.005602068877311701
1,1,0.3264715276093609,0.668408144983566,0.0051203274070730125
0,0,0.6781190106111347,0.32109004675686226,0.0007909426320031232
1,1,0.27397357560637037,0.7140190252149883,0.01200739917864141
1,0,0.8261986078169845,0.17311585403690566,0.0006855381461098811
0,0,0.8450023747721094,0.15459237703183346,0.0004052481960571953
0,0,0.8321773159335206,0.1673652301976414,0.0004574538688379194
1,1,0.1085994122570065,0.842425536878749,0.04897505086424444
1,1,0.1288680451294308,0.859319624554599,0.011812330315970085
1,1,0.044366984441839695,0.9245557053520039,0.031077310206156332
1,1,0.46946767451379373,0.5285688802942186,0.001963445191987692
1,0,0.6583137622011183,0.33838931142445355,0.0032969263744282956
1,0,0.602916724582576,0.39595159803917523,0.0011316773782488172
1,1,0.2042260521616941,0.7829493314022186,0.01282461643608722
1,1,0.18670325637088306,0.8041138463555803,0.009182897273536777
1,1,0.17639012659643488,0.8036914888287362,0.019918384574828727
1,1,0.41266012524948464,0.5762889987490967,0.011050876001418656
0,0,0.7558659428215426,0.24296873213895775,0.0011653250394996358
0,0,0.6353076073486733,0.36226742916159227,0.0024249634897343434
2,1,0.07607561897758366,0.9078816656531329,0.01604271536928347
0,0,0.7488285746109569,0.2500959215945969,0.0010755037944461877
0,0,0.6970172726509658,0.3017067484501043,0.001275978898929862
1,1,0.3853776578652081,0.6103259352129539,0.004296406921838044
1,1,0.2212464518549565,0.7581358455827065,0.02061770256233705
0,0,0.5692996908227916,0.42877969095165913,0.001920618225549284
0,0,0.6162165650920982,0.3825947403413762,0.0011886945665256364
1,1,0.43739554412000126,0.554813838402481,0.007790617477517714
2,1,0.08465199683492708,0.5111780896475617,0.40416991351751114
1,1,0.15577500626833563,0.8314493627736947,0.012775630957969665
1,1,0.13591659369018355,0.8464227582733356,0.017660648036480934
1,1,0.09859257233527052,0.8176369647595163,0.08377046290521309
0,0,0.833343994023616,0.16579353995378554,0.000862466022598534
1,0,0.614100758807437,0.3842973860667121,0.0016018551258509775
0,1,0.23932172936171803,0.747760841122201,0.012917429516081009
0,0,0.8134364261004041,0.18581033113377252,0.0007532427658234031
0,1,0.3060137225398632,0.6900363751744764,0.003949902285660354
1,0,0.6684789389043649,0.3303467013062826,0.0011743597893524491
0,0,0.887975381623867,0.1118333091476669,0.00019130922846583403
0,0,0.8220533163760311,0.17772096020371408,0.00022572342025490075
1,0,0.6426259806186316,0.35443345935061266,0.0029405600307558307
0,1,0.14324106819431826,0.8188040105656467,0.037954921240034946
0,0,0.8315578416318528,0.16749600336386972,0.0009461550042776577
1,1,0.02131936602532972,0.8932447099412951,0.08543592403337504
1,1,0.14630124294065794,0.8410017844384668,0.01269697262087514
0,0,0.761954402253622,0.23662021571691338,0.0014253820294645584
0,0,0.5878352247493227,0.4098883927750837,0.0022763824755935415
1,1,0.25110977530146344,0.7422805036684421,0.006609721030094458
1,1,0.21660251311014878,0.7740854407149041,0.009312046174946971
1,1,0.17210603211385772,0.8164878971646146,0.011406070721527616
1,0,0.5796141328107134,0.4182082793900142,0.002177587799272448
2,2,0.0003574119666432997,0.09890080957598724,0.9007417784573696
0,1,0.423427271659677,0.5708009518338206,0.005771776506502402
1,1,0.11661616846619592,0.8719892661801613,0.01139456535364282
1,1,0.3042501838281009,0.6725484369896314,0.023201379182267716
1,1,0.06520237470907858,0.9104218578985835,0.02437576739233778
2,2,3.050531118505072e-06,0.001251533386859545,0.9987454160820219
1,1,0.23885621624900788,0.7431026891198664,0.018041094631125562
1,1,0.46551091134074013,0.5301961888512158,0.004292899808043978
1,1,0.05813598920057947,0.9011033830805749,0.04076062771884552
2,2,0.003097328204263697,0.1675176450527088,0.8293850267430274
0,0,0.6597685333299483,0.33720900086327216,0.003022465806779444
1,1,0.026899232917686363,0.8854109412391705,0.08768982584314305
0,0,0.8432648034067936,0.15590956529421066,0.0008256312989957483
1,1,0.13572932673541138,0.849504952616465,0.014765720648123594
1,1,0.19071704317177088,0.7968448531658073,0.012438103662421823
1,0,0.5990542916392173,0.3999407313871627,0.0010049769736200497
2,2,0.0004577986022434774,0.061335657170815,0.9382065442269416
2,2,0.003936349773153542,0.2444870872979947,0.7515765629288518
0,0,0.5975820188082184,0.400097001578696,0.002320979613085606
1,1,0.2262427659995981,0.7631428671628623,0.010614366837539751
0,0,0.5368137210727547,0.4601475514214333,0.003038727505811988
0,1,0.3713751258822186,0.6214574764891677,0.007167397628613504
1,1,0.026207637878395782,0.8786205417895162,0.09517182033208789
1,1,0.16384850183366167,0.8285804263191219,0.0075710718472164545
0,0,0.7065296826694264,0.29129448318364387,0.002175834146929737
1,1,0.41666709475425256,0.578416202437945,0.0049167028078025065
1,1,0.4396984959475456,0.5540934808175425,0.0062080232349118495
1,1,0.2948590588268409,0.6980718841916292,0.007069056981529836
1,0,0.773254533565748,0.22576481813571234,0.0009806482985396593
0,1,0.3497921036007383,0.6400120253556741,0.0101958710435876
2,2,0.0007138997270164469,0.14300931216566576,0.8562767881073178
0,0,0.7135700392429769,0.2858606949126499,0.0005692658443730332
0,0,0.7193951647180976,0.27872670789591786,0.0018781273859844638
1,1,0.28178705560989353,0.7100752186286089,0.008137725761497626
0,0,0.5269596771731053,0.4680508245481412,0.004989498278753505
0,0,0.5480881121106849,0.4502399560620201,0.0016719318272949788
1,1,0.26895141556566066,0.7158275937277647,0.015220990706574587
0,0,0.8049073286258973,0.19435664533922903,0.0007360260348738274
0,0,0.8783564170941897,0.12117385694951412,0.00046972595629638425
1,1,0.18998015239041635,0.8028612012254638,0.0071586463841198855
1,1,0.30434275782210846,0.6884284597755727,0.007228782402318839
1,1,0.20520092886354144,0.7764295365819025,0.018369534554556175
0,0,0.6929971156338655,0.3057173217083358,0.0012855626577987073
1,1,0.3773396175243406,0.6198754903274957,0.0027848921481636777
1,1,0.04843610397849485,0.9193863238013221,0.03217757222018308
1,1,0.17794810525394167,0.8095574155996368,0.012494479146421484
1,1,0.29971475414638865,0.6923225962871613,0.007962649566449846
1,1,0.20963234646330653,0.7683414320569659,0.022026221479727447
1,0,0.6880534254321993,0.3109077422148843,0.0010388323529164451
0,0,0.7241601241924885,0.2748912091282049,0.0009486666793065235
1,1,0.1507362556616894,0.8164200830742736,0.03284366126403716
1,0,0.7646158877155838,0.23465271518809888,0.0007313970963172841
1,1,0.05828035393555946,0.884069334235661,0.05765031182877943
1,1,0.2086497615322045,0.7634320822363507,0.02791815623144466
0,0,0.7479807867682111,0.25105595296853167,0.0009632602632571678
1,1,0.4148775399256755,0.5776359058912187,0.007486554183105766
1,1,0.13547572286117834,0.8577132173393037,0.006811059799517918
0,0,0.8635904165708593,0.13602009566619133,0.000389487762949357
1,1,0.12467942778772072,0.8638470958471591,0.011473476365120147
0,1,0.29385739691083096,0.6982790480733622,0.007863555015806765
1,1,0.3007748488083095,0.6948799979795344,0.004345153212156086
0,0,0.8706693372719532,0.12887821359850823,0.00045244912953851376
1,1,0.05940221516610871,0.9022625920891135,0.03833519274477788
0,0,0.6666046041217843,0.32967601480479386,0.003719381073421875
1,1,0.3901340620842367,0.6073931322186961,0.0024728056970672097
0,0,0.6875554679971926,0.31062356018496545,0.0018209718178419862
2,2,0.0001525314244585228,0.10702295825232337,0.8928245103232182
1,1,0.3214553156391471,0.672997789329169,0.005546895031683909
1,0,0.8431809259013163,0.15594973245570085,0.0008693416429827073
1,1,0.05218364209360745,0.9105048867708719,0.037311471135520524
0,1,0.37584845681507767,0.6124523111903221,0.011699231994600257
1,0,0.6437339019315659,0.35531612373601823,0.0009499743324158751
1,0,0.6716569002044243,0.3266755425021389,0.001667557293436716
1,1,0.17039196592244002,0.8066272965996706,0.022980737477889552
1,0,0.6681790115921834,0.33042659899311094,0.0013943894147057465
0,1,0.0568701878885442,0.8760659798017367,0.06706383230971899
1,1,0.4676019630856327,0.5275294021957467,0.004868634718620532
1,1,0.032985328413880674,0.9274142629902441,0.03960040859587524
1,1,0.17007588951434466,0.8167404149628861,0.013183695522769375
0,0,0.7230535799627468,0.27487094115594557,0.002075478881307793
0,0,0.7406569607396064,0.25825287077108894,0.001090168489304769
0,1,0.41394657992070005,0.5779527834829606,0.008100636596339335
1,1,0.18063385125866002,0.7974983404748787,0.021867808266461362
1,1,0.2809234189145539,0.7124213695268783,0.0066552115585677436
1,1,0.1355601517865736,0.855624163013049,0.008815685200377366
0,1,0.24032906735713586,0.7426517043993899,0.01701922824347432
0,0,0.6849281441255582,0.313626821800792,0.001445034073649802
0,1,0.3308106862623631,0.6542515582476686,0.01493775548996827
1,1,0.35579173027733213,0.6400751285092423,0.00413314121342561
2,2,0.002026501922609364,0.22662942400619326,0.7713440740711973
1,1,0.34726555046250684,0.6467949124921543,0.005939537045338935
0,0,0.6364980876304572,0.35848750920544004,0.005014403164102781
1,1,0.3675239799498944,0.6192210714372103,0.013254948612895378
1,1,0.2768331472204586,0.7182477001931008,0.004919152586440642
1,0,0.6495994817552254,0.34769400471389866,0.002706513530875899
1,1,0.12306799888991508,0.8572024437178732,0.01972955739221181
0,0,0.5962210082003376,0.4022443479807715,0.0015346438188908605
1,1,0.40753003511782937,0.5828619826874074,0.009607982194763172
0,1,0.45681201568508173,0.5369947045515546,0.006193279763363513
1,0,0.807705510979605,0.19146669844587114,0.0008277905745239618
0,0,0.5084639996124934,0.48876289285102303,0.0027731075364835216
0,0,0.9097925911786447,0.09000982700934235,0.0001975818120127957
0,0,0.8490547104348084,0.1501697259964536,0.0007755635687380015
2,2,0.03130577887106049,0.4229480998205068,0.5457461213084326
0,0,0.5091984247948365,0.4859984957087384,0.004803079496425153
0,0,0.7925096389306314,0.20572752112996137,0.0017628399394071302
1,0,0.5055014765095223,0.4888539508312756,0.0056445726592021135
1,0,0.728615134883965,0.2707588777198677,0.0006259873961672951
1,0,0.5266372585723901,0.47163332478935976,0.0017294166382500996
0,0,0.8197147210927331,0.17958135464238487,0.0007039242648818596
0,0,0.8263121157896725,0.1731223140742626,0.0005655701360649483
1,1,0.38275337751462435,0.6034416871854107,0.013804935299964962
0,0,0.9723923146177343,0.02751362635880105,9.405902346453343e-05
1,1,0.0631433058851007,0.9176429413697481,0.019213752745151344
0,1,0.3737336392214937,0.6217924428836169,0.004473917894889413
1,1,0.24992590550409796,0.7409002679812979,0.009173826514604138
1,1,0.23367283752646267,0.7572439817587537,0.009083180714783617
0,1,0.2806002858465673,0.6995024735928795,0.019897240560553132
2,2,0.0035795586419181554,0.2423203420644838,0.754100099293598
1,1,0.08628251080901829,0.8677674552949524,0.04595003389602939
0,0,0.5964758971797247,0.40105698117749167,0.0024671216427835413
2,2,0.00019514399397953144,0.08486850504225452,0.914936350963766
0,1,0.3750705017158323,0.6124792561986219,0.01245024208554576
2,1,0.08035781674996564,0.8878544431159417,0.03178774013409258
0,1,0.3248088452229226,0.671040242104553,0.004150912672524227
1,0,0.6418436146549569,0.3538736270031087,0.004282758341934373
2,2,0.0012149706876534638,0.09547255516826539,0.9033124741440811
1,0,0.8719698086767553,0.12771536914970097,0.0003148221735437028
1,1,0.11420963774109168,0.8740024804453247,0.01178788181358361
1,1,0.05240356087567095,0.9221139441239777,0.025482495000351227
0,0,0.7267687556934559,0.27125012031449486,0.001981123992049237
2,2,0.028404748848458977,0.47829334197765483,0.49330190917388617
1,2,0.01011514445521389,0.3200459109782869,0.6698389445664992
1,0,0.6260108964001655,0.37093917045523284,0.003049933144601649
1,1,0.22887074319286302,0.747809715214791,0.0233195415923459
0,0,0.5406147693986509,0.45793732012969285,0.0014479104716562969
0,0,0.6154981336493652,0.3824141307212887,0.002087735629346133
1,1,0.09114732149338962,0.888764601103428,0.020088077403182296
0,0,0.5363762398456924,0.460957048618254,0.002666711536053554
1,1,0.2874225311870358,0.6928009059534603,0.019776562859503855
0,0,0.6110289354719641,0.38827410605860496,0.0006969584694308412
1,1,0.21495805264241627,0.7747274900365043,0.010314457321079449
1,1,0.25804934860544015,0.7372392778331346,0.0047113735614253425
1,1,0.09378362284194118,0.8898022292936981,0.016414147864360684
1,1,0.36502980031392773,0.6261194606689845,0.008850739017087857
0,1,0.4477714449519227,0.5483836074291348,0.0038449476189423713
1,0,0.6527537609709015,0.34531394549437816,0.0019322935347202506
1,0,0.5192442781241446,0.477682424054841,0.0030732978210143993
0,0,0.633366364052713,0.3631476515950597,0.003485984352227332
1,1,0.1998076633070412,0.7908171603852151,0.009375176307743887
2,2,0.0071141673589669545,0.3054982363102264,0.6873875963308066
0,0,0.8087435055273846,0.19029400781187794,0.0009624866607374444
1,1,0.2530913761298005,0.729319982420465,0.017588641449734498
0,1,0.36138234961317134,0.6325197267665098,0.006097923620318813
0,0,0.820373568791172,0.1789840372121147,0.0006423939967132422
1,1,0.10712022421321538,0.8622163546985501,0.03066342108823456
1,1,0.28079383744581593,0.7125428635409675,0.006663299013216588
1,2,0.003325411946397782,0.18473674777483087,0.8119378402787714
0,0,0.6475330954885141,0.3500726563520978,0.002394248159388206
1,1,0.3794051857648376,0.6137474312884222,0.006847382946740143
1,0,0.5969823626387393,0.40050713657105574,0.002510500790204883
1,1,0.14168784610694551,0.8499774856084193,0.008334668284635085
0,1,0.371317258732306,0.6227779883796283,0.005904752888065766
1,1,0.48118394401683434,0.5156229689799094,0.003193087003256194
0,1,0.21770637733720563,0.7771970250235211,0.005096597639273241
0,0,0.9237047073701485,0.07618239988417533,0.00011289274567605282
1,1,0.17350140780236326,0.8200057630617603,0.006492829135876424
1,1,0.16523976601723553,0.786776506500272,0.047983727482492564
1,1,0.3006147440329894,0.6950387342353257,0.004346521731684828
0,0,0.5288231340067981,0.4679943023331105,0.0031825636600913633
0,1,0.4552122187432428,0.542934719085025,0.00185306217173227
1,1,0.16139400577484136,0.8247778418693605,0.013828152355798035
0,0,0.6221296321543401,0.3761402070730265,0.001730160772633328
0,0,0.7933547010559814,0.20531252719624393,0.0013327717477747058
2,2,0.001646486586415268,0.1850321527153993,0.8133213606981854
1,1,0.4528892505407618,0.5424984908180769,0.004612258641161269
1,1,0.39474526285398653,0.5991486970956026,0.006106040050410953
0,0,0.7559203523374987,0.24303723091111942,0.0010424167513818628
0,0,0.5953683160940919,0.4030759531750658,0.0015557307308422918
0,1,0.32620008866743216,0.6674825399055656,0.006317371427002234
1,1,0.035379076108175415,0.9080271294545478,0.056593794437276766
0,0,0.7809094062424552,0.21727381146879746,0.0018167822887474494
2,2,0.00047676902969913794,0.1136697397704819,0.8858534911998189
1,1,0.2642921456603389,0.7326180183575077,0.0030898359821533664
0,0,0.7275132659211325,0.27175061116194493,0.0007361229169224489
1,1,0.4731190607026407,0.523799771213496,0.0030811680838632874
1,1,0.06533701503178675,0.8856309294136588,0.04903205555455426
1,1,0.3574420981167796,0.6291683634799348,0.013389538403285578
0,1,0.31517711699181694,0.6692583140752292,0.015564568932954019
2,2,0.0035456320969676157,0.35954601448595663,0.6369083534170757
0,0,0.5655228675530187,0.43207287244922343,0.002404259997757839
2,1,0.018791592707260173,0.6679361099742914,0.31327229731844836
1,1,0.03461856803057655,0.8779256594165558,0.0874557725528678
0,0,0.5126294218432614,0.4847706841190735,0.0025998940376650865
2,2,0.0024407941471426913,0.21847105474876627,0.779088151104091
1,0,0.8828800539149881,0.116746368629649,0.00037357745536287213
1,1,0.019293426475918758,0.6726753679382445,0.30803120558583674
0,0,0.49670459080090634,0.4954406280533274,0.00785478114576617
0,0,0.5281715656393885,0.47014562382805974,0.0016828105325516667
0,1,0.19000134406694452,0.7916009692397178,0.01839768669333771
2,2,0.01823947216951744,0.3524411296827286,0.629319398147754
0,0,0.8859751481008961,0.11373728913896823,0.00028756276013572124
2,2,0.009926208782459076,0.29796745654461837,0.6921063346729226
0,0,0.7739088926517208,0.22559263834843618,0.000498468999842962
1,1,0.28424626030586464,0.7088710149694154,0.006882724724720062
1,1,0.46396390322285475,0.5302230551679757,0.005813041609169659
0,1,0.09802953204287264,0.8618877255260692,0.04008274243105814
1,1,0.03273531345205029,0.9135685789375632,0.053696107610386574
1,1,0.08601447218377788,0.8662625203264628,0.04772300748975941
2,2,0.000106351189500708,0.010031529215879386,0.98986211959462
0,0,0.7318208733226435,0.26724026708311105,0.0009388595942454712
1,0,0.7316899320832979,0.2674143064199668,0.0008957614967353997
1,0,0.503501856619316,0.4945760134665201,0.0019221299141640585
1,0,0.731806841164689,0.26658353646312055,0.0016096223721905332
0,0,0.5483575618195553,0.4490392473793266,0.0026031908011181484
1,0,0.5054984495446407,0.48970406883526585,0.004797481620093387
0,0,0.6413078494074475,0.35551439260476175,0.0031777579877907726
1,1,0.4545132662902815,0.5436163377814993,0.0018703959282191517
1,1,0.35648037128486476,0.6361859657964218,0.007333662918713347
1,2,0.0060907346338655525,0.24670152785754468,0.7472077375085897
0,0,0.7330945086894637,0.26614762405172926,0.0007578672588071076
1,1,0.3087866334564668,0.6854265595310616,0.005786807012471722
1,1,0.27745597228966973,0.7169570353366822,0.005586992373648063
2,2,0.00488367771820275,0.3120790514188001,0.6830372708629971
2,2,0.004728559941658374,0.23790421482857455,0.7573672252297671
1,1,0.3186855920216494,0.6776450020367868,0.0036694059415638206
0,0,0.5799205422609172,0.41905135864568505,0.0010280990933978626
1,1,0.10456946630606748,0.8440758940448505,0.0513546396490819
0,0,0.6312067004167736,0.36683134137307966,0.0019619582101467505
1,1,0.45212809510112384,0.5463210151853626,0.0015508897135135295
0,1,0.2672623445623026,0.7219038577925168,0.010833797645180618
1,1,0.07166214925530424,0.8828719447577896,0.04546590598690611
1,1,0.05710171333570942,0.9137737667793446,0.029124519884945986
1,1,0.3381547040218555,0.6500964341631278,0.011748861815016618
1,1,0.3060347283859455,0.6870201344152154,0.006945137198839262
0,0,0.4984747152418128,0.49780587775995283,0.0037194069982342897
1,0,0.5777613741521439,0.42073115657241883,0.0015074692754372325
1,1,0.12690226025620527,0.8328425813314279,0.04025515841236694
2,2,0.02477466363940959,0.4314619235520869,0.5437634128085035
1,1,0.42263151925128173,0.5610707625252407,0.01629771822347763
1,1,0.1762680073463072,0.8145974684495686,0.009134524204124188
0,0,0.8419277794889718,0.15758731737854742,0.0004849031324807938
0,1,0.30384832820456725,0.6888606235721049,0.007291048223328017
1,1,0.34962768223427226,0.635718351514597,0.014653966251130834
1,1,0.3362175899740033,0.6590757518613826,0.004706658164614223
0,0,0.7692974008202648,0.22922165705415662,0.0014809421255786914
0,0,0.8652491868686305,0.13413389896149794,0.0006169141698714255
1,0,0.5911261800700768,0.4080630283615206,0.0008107915684026438
1,0,0.5207449807660189,0.4751056937705699,0.00414932546341113
0,0,0.8382555904989379,0.1607890165911297,0.0009553929099323342
1,1,0.07084086015481307,0.8752920924898654,0.05386704735532149
0,0,0.7853624849098811,0.21368606035322196,0.0009514547368970159
1,1,0.17844411295077875,0.8077536478315794,0.01380223921764184
0,0,0.736987349438003,0.26150373911888347,0.0015089114431135519
1,0,0.628969881123895,0.3685943277023064,0.002435791173798793
0,0,0.6758786878825613,0.3224686745069277,0.0016526376105109714
2,2,0.0009640496614741561,0.09717890788051214,0.9018570424580137
0,0,0.6021950542764826,0.39483058956846034,0.00297435615505725
1,1,0.10637577492502365,0.5636996157000024,0.32992460937497403
1,0,0.6837553904789373,0.31493119079930354,0.0013134187217592249
1,1,0.28140773067110125,0.7121588361247497,0.00643343320414907
0,0,0.5512888681999994,0.4449132737005704,0.0037978580994302356
0,0,0.8947521898799293,0.10513287556701456,0.00011493455305596777
1,1,0.4456007250763854,0.5461623297422233,0.0082369451813912
1,1,0.4596666046837093,0.5349100816740298,0.005423313642260923
0,1,0.26617831886784626,0.7263508742373765,0.007470806894777201
0,1,0.3389758564067961,0.6532560254907942,0.00776811810240969
0,1,0.2045619811305782,0.790466758485452,0.0049712603839698125
1,1,0.31145696400795947,0.6821553255998403,0.006387710392200217
1,1,0.3829294879914336,0.6151377486382977,0.0019327633702686292
1,1,0.3606465573393059,0.6294305286065387,0.009922914054155421
1,1,0.30474669447058605,0.6889407193409484,0.006312586188465613
0,0,0.66431053045078,0.3336375811718601,0.0020518883773599193
0,0,0.7591932322516314,0.2403024935041119,0.0005042742442566855
0,0,0.9089367733409792,0.09087885339229064,0.000184373266730118
1,1,0.385380308213016,0.6020579254327042,0.012561766354279769
0,0,0.8336475099213412,0.16458886917702292,0.0017636209016358394
1,1,0.07757631473312648,0.9020108317711729,0.0204128534957004
0,0,0.9401377139554339,0.05959473639833377,0.00026754964623229956
1,1,0.10396295706527905,0.8084713768848848,0.0875656660498361
1,1,0.019667792754101802,0.9079734566283367,0.07235875061756142
0,1,0.337442855240299,0.6595412265317891,0.0030159182279118355
0,0,0.7949389752717169,0.2040821772010979,0.0009788475271853055
2,2,0.00866845889649768,0.3204737604083541,0.6708577806951482
1,1,0.3661053115224003,0.6276980680847007,0.006196620392899037
1,0,0.7659513431459226,0.23268458379613677,0.0013640730579406687
1,1,0.19909085841858173,0.7867756302567095,0.01413351132470879
1,1,0.26812782831900733,0.7252290426926269,0.006643128988365651
0,0,0.6388375334347943,0.3581516976541459,0.0030107689110598704
1,1,0.13007945367800663,0.861612707048769,0.008307839273224227
0,1,0.23453449165196932,0.7598225456674992,0.005642962680531521
1,1,0.25956346882825865,0.7351388038790835,0.005297727292657917
0,0,0.7560227628777845,0.2434403065641928,0.0005369305580227037
1,1,0.2676593369068256,0.7108849127156478,0.021455750377526516
2,2,0.00011862885917078426,0.06151435869883452,0.9383670124419947
2,2,5.5848639525032504e-05,0.023520030117258575,0.9764241212432164
0,0,0.5337374724935046,0.4642287463787501,0.0020337811277452655
1,0,0.5787334417497895,0.4190099864061247,0.002256571844085776
1,1,0.2381190432867207,0.7424128565958863,0.01946810011739299
1,1,0.3409127262926149,0.6563178842062224,0.0027693895011626575
0,0,0.5225845021678756,0.47072942339189866,0.006686074440225878
2,2,0.007626687891380167,0.2995469662456125,0.6928263458630073
2,2,2.0812514288263526e-05,0.039609292501375515,0.9603698949843362
1,1,0.4344879675518722,0.5621073530324082,0.0034046794157196556
1,1,0.0806923381223126,0.8707261920056041,0.04858146987208334
0,0,0.7037583745821189,0.2949465979681068,0.0012950274497743031
1,1,0.3892827027107253,0.6073063944083598,0.0034109028809148844
0,0,0.7947657200679827,0.2048128184794456,0.0004214614525715638
0,0,0.8397322440293354,0.15984694573860764,0.0004208102320570525
0,0,0.6367007911737922,0.36080361722766663,0.0024955915985411274
0,0,0.7115517716388369,0.2870836057546885,0.0013646226064746372
1,1,0.42491366416048837,0.5683147596924266,0.006771576147084886
1,1,0.061831127589755855,0.9167952236627518,0.02137364874749233
1,0,0.6853876847124216,0.312175420562358,0.002436894725220367
1,1,0.4656193419902567,0.5312003622483326,0.0031802957614108385
0,0,0.6810712036269436,0.3170028042299817,0.0019259921430746848
0,1,0.2743906065037909,0.7135680367470806,0.01204135674912846
1,1,0.4824616529324331,0.514470808456461,0.0030675386111059266
2,2,0.00029848646797861624,0.03537232587401101,0.9643291876580103
1,1,0.27029552148414593,0.7256111369118566,0.0040933416039973716
1,1,0.35200506761967687,0.6397772305506242,0.008217701829698866
0,0,0.7696852764771208,0.22974052531598574,0.0005741982068933936
2,2,0.010478366468183769,0.33513484863877135,0.6543867848930449
0,0,0.7489685396606272,0.2493820284772724,0.001649431862100385
0,0,0.5761896164221818,0.42001187539214907,0.0037985081856690885
0,1,0.3094788571494234,0.680505467680161,0.010015675170415426
0,0,0.8362766415846234,0.16282315314835763,0.0009002052670189333
1,1,0.2765320605538617,0.7048968274787183,0.01857111196741996
2,2,0.0001684063402259634,0.08683319127653774,0.9129984023832363
1,1,0.24154392261668114,0.7453844989497274,0.013071578433591403
1,0,0.5159873142245878,0.4806643046997881,0.0033483810756241377
1,0,0.569511626652795,0.426275297729852,0.004213075617353065
0,1,0.49541260963559436,0.5001620694764631,0.004425320887942474
1,1,0.17190933652517307,0.8223153977880716,0.005775265686755406
0,0,0.7926220152879501,0.20671699942028565,0.0006609852917641245
0,0,0.7807216230270335,0.21880336868305345,0.00047500828991306823
0,0,0.8922975822144462,0.10751857673145283,0.0001838410541011433
0,0,0.8746733971258622,0.12489649286538822,0.00043011000874965995
0,1,0.24971083051619225,0.7346265608970464,0.015662608586761464
0,1,0.48642531192558003,0.5118765158219335,0.0016981722524864935
2,2,0.011450805665995755,0.343659334002462,0.6448898603315422
1,1,0.1828404421689427,0.810125340416845,0.007034217414212339
1,1,0.28277497772829624,0.7087527379678091,0.008472284303894738
0,0,0.8208150593116286,0.17877309408978576,0.0004118465985856807
1,0,0.512861801792953,0.4859154929690991,0.0012227052379479221
1,1,0.4055599151327522,0.5906081119383718,0.0038319729288759903
0,0,0.6520991479468534,0.3459584173761201,0.001942434677026476
0,0,0.8023457637458924,0.19736998951126078,0.00028424674284664784
1,1,0.10431598672906693,0.8711148479567644,0.024569165314168643
1,1,0.1262521432638059,0.8484287130943611,0.025319143641832978
1,1,0.2419747525733223,0.749458061702234,0.008567185724443694
0,0,0.8348453056945565,0.16451693905556006,0.0006377552498834448
1,1,0.3260807139916002,0.6607739577723691,0.013145328236030688
0,0,0.7128562254713796,0.2867752867739852,0.0003684877546350685
0,0,0.5980745105861635,0.3997915620234986,0.0021339273903379597
0,1,0.45134279498366764,0.546604095130695,0.002053109885637332
0,0,0.8830132900357196,0.1163919785095748,0.0005947314547056872
0,1,0.16436593013198156,0.8185784355257939,0.01705563434222447
2,2,0.00012711216299931882,0.053705434505525014,0.9461674533314757
1,0,0.5875052884124341,0.4112850574673959,0.0012096541201700535
0,0,0.7894896449506438,0.20894882321246697,0.0015615318368893915
0,0,0.8788326613737708,0.12082121809335472,0.0003461205328743463
1,1,0.2745558595394031,0.7206565249110688,0.004787615549528022
0,1,0.1550632175103508,0.8283034314551924,0.016633351034456848
1,1,0.41404813654518624,0.5802884255899468,0.005663437864867005
0,1,0.23485393460573234,0.750775073155492,0.014370992238775603
2,1,0.03304979433602389,0.7256634903667707,0.24128671529720538
1,0,0.6112771942402044,0.3873773690235915,0.0013454367362041044
1,1,0.47130948790211336,0.5267223895301304,0.0019681225677562666
1,1,0.25293020560956886,0.7266394767701366,0.020430317620294524
1,1,0.26039935642027684,0.7285185917333614,0.011082051846361704
1,1,0.13934054577665048,0.8430281262925204,0.017631327930829194
0,0,0.8965525267122921,0.10308936503422304,0.0003581082534847818
0,0,0.7792459847618134,0.21982940302479234,0.0009246122133941944
0,0,0.555236979291492,0.443349376497861,0.0014136442106469904
1,1,0.187716098323974,0.7359542541643934,0.07632964751163263
1,1,0.3829589615057397,0.6104912469322652,0.006549791561995028
0,0,0.7842818894455426,0.21496036072360009,0.0007577498308573809
0,0,0.8798998806921666,0.11945617689792781,0.0006439424099055685
1,1,0.155907922989075,0.8173771830148597,0.026714893996065345
1,1,0.13427507941239206,0.8480884652864277,0.017636455301180225
1,1,0.4722316889924494,0.5189764144438441,0.008791896563706521
1,1,0.1959359992694438,0.7862302055944613,0.017833795136094836
1,1,0.15233396169521315,0.8337463352870519,0.013919703017734824
2,2,3.60491353289163e-05,0.008649482165001382,0.9913144686996697
0,0,0.8396386943721932,0.15984842257805204,0.0005128830497547662
0,0,0.8730226280167086,0.12666381403717902,0.00031355794611245174
0,1,0.31372960374798503,0.6832773666000487,0.002993029651966264
1,1,0.09151751332705861,0.8664015242373,0.04208096243564141
1,1,0.3438324845977647,0.6418202371621655,0.014347278240069811
0,0,0.7550407570711165,0.24379182482565223,0.0011674181032314064
1,1,0.2149184524656501,0.7683687943510586,0.016712753183291153
0,0,0.6502848435519569,0.34858988026787063,0.0011252761801723286
2,2,0.0032561305044926203,0.21595572212178282,0.7807881473737245
0,1,0.3700461518384558,0.6270950581500626,0.0028587900114816576
2,1,0.05388090157718219,0.8750858788529418,0.0710332195698761
1,1,0.04157134304934957,0.9083325269786992,0.050096129971951404
1,1,0.15989272935345275,0.8351766745081318,0.004930596138415474
1,0,0.5406368042025281,0.45208017062568406,0.007283025171787772
2,2,0.0028057814710131398,0.1213253188521121,0.8758688996768749
1,1,0.3495543176265882,0.6479475042178741,0.0024981781555377582
1,1,0.025914801184634108,0.9246485388150133,0.04943666000035248
0,0,0.6408716777023287,0.35785164135284125,0.0012766809448301693
1,0,0.5089109415942001,0.4891475638847269,0.0019414945210729842
1,1,0.0597959125197937,0.8819013511500373,0.05830273633016889
0,0,0.7378067376972917,0.2600353478236851,0.002157914479023224
1,0,0.7723386705135222,0.22705900086737965,0.0006023286190980923
1,1,0.04581695667785207,0.9209954491828175,0.03318759413933027
0,0,0.8661986809531951,0.13344880103332526,0.0003525180134796159
1,1,0.24700392921838865,0.7358965388039335,0.017099531977677832
1,1,0.2787586744805813,0.7116466050988145,0.009594720420604204
0,0,0.8597079600024253,0.13953825141171844,0.0007537885858561981
2,2,0.0035570060897622104,0.24508677071136328,0.7513562231988745
1,1,0.04265874345072086,0.9163958751795048,0.040945381369774325
1,1,0.17271958157121708,0.8172374456963073,0.010042972732475472
1,1,0.45970680126977637,0.5301546543064211,0.01013854442380246
1,1,0.19377812250839388,0.7894907411665976,0.01673113632500849
0,0,0.49848367038496655,0.49573533541350107,0.00578099420153249
2,2,0.0030057741235480395,0.18992149947665646,0.8070727263997955
2,2,0.0030000028672011914,0.21457044366152325,0.7824295534712756
1,1,0.38998925140755797,0.5970669845269994,0.012943764065442686
1,0,0.6573161007375836,0.3416145347747747,0.0010693644876416182
1,0,0.5526247619070197,0.4459557408954347,0.0014194971975456702
1,1,0.3148082961898103,0.6785843986383276,0.00660730517186205
1,1,0.41508960241176257,0.5752494556819117,0.009660941906325748
1,1,0.20543404788056158,0.7871063443959663,0.007459607723472042
2,2,0.0064852483666019405,0.2662862666048097,0.7272284850285883
0,0,0.5623511660240336,0.4357635212921138,0.0018853126838527345
0,0,0.6940109005928282,0.3043614303974722,0.0016276690096996358
1,1,0.10144355042313863,0.8645276717442664,0.03402877783259493
0,1,0.20023686449301956,0.794762948521101,0.005000186985879617
1,1,0.05430489224235761,0.891700548686828,0.05399455907081443
1,1,0.14087039262896991,0.8349284845804328,0.024201122790597385
0,0,0.5579720191714156,0.4380269837948107,0.004000997033773699
1,1,0.15324873845431958,0.8314859788581263,0.015265282687554244
1,1,0.23333636509579345,0.7595257425210821,0.007137892383124462
1,0,0.7883686834542059,0.21089012533641385,0.000741191209380313
1,1,0.1417183516747385,0.8451632333552013,0.013118414970060206
1,1,0.4674580877820138,0.528683506719607,0.003858405498379313
0,0,0.5366912397371482,0.4607220404625933,0.002586719800258537
1,1,0.2214493486504567,0.7656486237799905,0.012902027569552818
0,1,0.27293098097733826,0.7202919131850457,0.006777105837616038
1,1,0.34102047729753654,0.6482458209701755,0.010733701732288117
1,1,0.21438459076978103,0.772012489962228,0.013602919267990883
1,0,0.5025641684884483,0.4949117354605827,0.00252409605096893
0,0,0.759566414066731,0.23925679594049776,0.0011767899927710968
1,0,0.8295419255561459,0.16978865891969727,0.0006694155241567398
1,1,0.2982351123935977,0.6916761304667439,0.010088757139658526
1,1,0.21341295408560113,0.781392169774843,0.005194876139555837
1,0,0.818460906347136,0.18106732836034303,0.00047176529252115706
1,1,0.16523575476642016,0.8269112516269739,0.007852993606605931
0,0,0.8245350463750567,0.17454197890488188,0.0009229747200614195
2,2,0.0001582483743236528,0.07524852917368037,0.924593222451996
1,1,0.25788955931047974,0.7366732579751472,0.005437182714373005
0,1,0.28321821807904135,0.7104750202292824,0.006306761691676265
2,2,0.001782278686358682,0.1196468240009489,0.8785708973126923
0,1,0.09191426316197689,0.8928880005352396,0.015197736302783413
2,2,0.00926758709047196,0.30568499405009086,0.6850474188594372
1,1,0.3446824937141964,0.6481833992470594,0.0071341070387444016
1,0,0.9065924111590817,0.0931639609509261,0.0002436278899921292
0,1,0.34543014790351423,0.6488832381356573,0.005686613960828441
1,1,0.20476053492120425,0.7871410564549198,0.008098408623875876
1,0,0.667764036473836,0.330280553898069,0.00195540962809504
1,1,0.2814168617462542,0.714453113371825,0.004130024881920699
0,0,0.5909382816960156,0.4050842742780646,0.003977444025919718
0,0,0.5008375137354779,0.4973912176470357,0.0017712686174863725
0,0,0.6022772662794481,0.39556756249511155,0.0021551712254404055
0,1,0.3994488197518832,0.5927143825099984,0.007836797738118472
1,1,0.044626437019287125,0.7180572107885547,0.23731635219215813
0,1,0.47002118477781135,0.5268246957812416,0.0031541194409470956
2,2,0.008593185106517943,0.36882152645103816,0.622585288442444
2,2,0.00209718924050038,0.21578086981106742,0.7821219409484321
0,0,0.7633658166228117,0.23559490967374014,0.001039273703448129
0,0,0.8947368601343281,0.10472544244372141,0.0005376974219504743
0,1,0.37939207182825174,0.612938595974432,0.007669332197316268
0,0,0.6704174640777611,0.32862968350412214,0.0009528524181167131
0,1,0.3526742244889766,0.6347231149149123,0.012602660596111037
0,0,0.5546139962062426,0.44269554759045165,0.002690456203305728
1,0,0.5152409146319921,0.4819433364181944,0.002815748949813578
1,1,0.0409865145140994,0.8869162520706099,0.07209723341529062
1,1,0.42172968097858016,0.5697696392125007,0.008500679808919295
1,1,0.1662299607441022,0.82756649567454,0.006203543581357812
2,2,0.000421617771731391,0.10373644217246318,0.8958419400558053
1,1,0.11091324805347007,0.8698846674531138,0.019202084493416063
0,1,0.25249265574584623,0.7295742957260699,0.01793304852808382
0,0,0.885206386587623,0.114337858636918,0.0004557547754590148
2,2,0.0022391182213921277,0.2890491490369991,0.7087117327416088
1,1,0.14183899658667462,0.8481571206987792,0.010003882714546258
1,1,0.1401373823608773,0.8492169451781824,0.010645672460940538
1,0,0.5386522735247155,0.4550617078882972,0.006286018586987418
1,1,0.1910472396017918,0.7992313275290163,0.009721432869191905
1,1,0.16670926781237996,0.8127605099448012,0.02053022224281892
1,1,0.3601857627746448,0.6278880251239418,0.011926212101413456
1,1,0.21616096341581312,0.7777896423435168,0.006049394240670123
2,1,0.01606196495347452,0.647262346500366,0.33667568854615953
1,1,0.40932647992883947,0.5878657103329401,0.0028078097382203877
1,0,0.6912082569270778,0.30780810071344256,0.0009836423594795092
0,1,0.16697777361765614,0.8101556945041806,0.022866531878163246
1,1,0.04095544772864067,0.9171178864899469,0.041926665781412506
0,0,0.8928021906049055,0.10676865284160227,0.0004291565534922367
0,1,0.3636781476540392,0.6272439573244003,0.009077895021560386
0,0,0.7588583048179978,0.24023295681752121,0.0009087383644808812
1,1,0.33570638982606615,0.6580834305381608,0.006210179635773053
1,1,0.3458792786319124,0.6467813251983969,0.007339396169690766
1,1,0.3947517055968148,0.5953467581187983,0.009901536284386874
1,1,0.08596738325227972,0.8914915398821327,0.022541076865587553
0,1,0.09279342329883697,0.8887164415469537,0.018490135154209365
0,1,0.4077776826675913,0.5880588186396384,0.004163498692770317
0,0,0.6145937675119951,0.38202830994927756,0.0033779225387273147
0,0,0.775107085774001,0.2240264741747872,0.0008664400512117391
0,0,0.899101439277538,0.10051047166338013,0.00038808905908183577
0,0,0.5703769714954574,0.4255687949073487,0.004054233597193754
0,1,0.4270066081120773,0.5646640764710178,0.008329315416904928
0,1,0.3532912793050149,0.6376902940236662,0.009018426671318884
0,0,0.9376648518938919,0.06198987271414805,0.0003452753919599282
0,1,0.47446603177032415,0.5223505762291825,0.0031833920004933464
1,0,0.6641208798859438,0.33401300201094575,0.0018661181031103607
0,0,0.8688381706064283,0.13060157988215673,0.000560249511415114
1,1,0.35726521275321804,0.6357272584268491,0.007007528819932827
2,2,0.02301392138746881,0.4372368007007516,0.5397492779117796
1,1,0.03000448122522014,0.9202670920207359,0.049728426754043986
0,1,0.27156103559368977,0.7095951786873339,0.018843785718976203
1,1,0.07672109402808909,0.9016216798078075,0.0216572261641035
0,1,0.054888974890250186,0.8764363937177662,0.06867463139198361
1,1,0.10191257081082691,0.8826650452017345,0.015422383987438578
1,0,0.6139239834585646,0.3846138424826732,0.0014621740587621658
1,0,0.6092363989700138,0.3874778646934629,0.003285736336523249
1,1,0.10711171351032488,0.8749211478417845,0.017967138647890627
1,1,0.1002117377719282,0.8858301897947729,0.013958072433298855
0,0,0.6150960549183845,0.3818877275892241,0.003016217492391501
1,1,0.07509365702264423,0.8864378114284613,0.03846853154889432
0,0,0.7121091599152763,0.28625404139385796,0.0016367986908656217
1,1,0.23495980780847867,0.7528358386378577,0.012204353553663666
2,2,0.008580306719299925,0.340332602920202,0.651087090360498
1,0,0.5155445678784686,0.48153784643656167,0.002917585684969806
0,0,0.5041733403362475,0.4933068924932378,0.0025197671705147165
1,1,0.20940892839569772,0.7567742628054861,0.033816808798816184
0,0,0.5737372037567109,0.42251340307333624,0.00374939316995286
0,0,0.6956128286699657,0.30209369534754316,0.002293475982491143
1,1,0.2120965305100323,0.7636720175140793,0.024231451975888295
0,1,0.45017678798732336,0.5401450810395751,0.00967813097310154
0,1,0.19443148256115955,0.7926423756345775,0.012926141804262983
1,1,0.21411791557959634,0.7747927481974612,0.011089336222942493
0,0,0.8755526450919823,0.1241304243383134,0.0003169305697042818
0,1,0.4250519468194789,0.5698711162267,0.00507693695382116
1,1,0.11367363932006161,0.860606981987947,0.02571937869199126
0,0,0.5969997317759147,0.4010793566620563,0.0019209115620289817
0,0,0.8016013473592102,0.19788699714288993,0.0005116554978999612
2,2,8.886505125559207e-05,0.052955985744898584,0.9469551492038459
0,0,0.6730441749936676,0.3255212271246227,0.0014345978817097125
1,1,0.06605447115315569,0.8964903699352779,0.03745515891156634
0,0,0.8971057271581081,0.10261051058680884,0.00028376225508308753
1,1,0.1179963081607779,0.876125864504275,0.0058778273349470375
1,1,0.16818496597849875,0.8235518423440197,0.00826319167748165
0,0,0.6897430145900045,0.3082243360086767,0.0020326494013188276
1,1,0.4884843720725801,0.5095935284778348,0.0019220994495851853
0,0,0.7446053151180192,0.2548665423372717,0.0005281425447092365
1,1,0.31510412871544596,0.673424276903817,0.011471594380737048
0,0,0.8570275090433789,0.14273715426127526,0.00023533669534574997
1,1,0.20782585274538157,0.7866445431942475,0.005529604060370955
1,1,0.1790920813802455,0.8129521006785604,0.007955817941194107
1,1,0.26937514137303065,0.7230073090410102,0.007617549585959156
1,1,0.2507199097445459,0.7445785812875652,0.004701508967888808
0,1,0.19469556964690535,0.7725605855044138,0.032743844848681
1,1,0.33232347169803117,0.6503452394323724,0.017331288869596496
1,2,0.009232635416955312,0.40958711660867264,0.5811802479743722
0,0,0.6446352758165539,0.353781268000452,0.0015834561829941823
1,1,0.08410115772524024,0.8984358903826313,0.017462951892128462
0,0,0.6479283757906309,0.34961102383374365,0.0024606003756254356
1,0,0.7375788847263859,0.2613095261203545,0.0011115891532597363
0,0,0.6730034347972151,0.3241047954332454,0.002891769769539543
0,0,0.6836200421603098,0.31561156848746186,0.0007683893522283275
1,1,0.07201310123500572,0.9050292672369653,0.022957631528029075
0,0,0.6626641316212026,0.3362375292793483,0.0010983390994489996
1,1,0.2825638846191995,0.7131988861507765,0.0042372292300239785
1,0,0.6944616336235389,0.3044940621528825,0.0010443042235786005
1,0,0.6007801812563358,0.39777565487161265,0.0014441638720516033
0,0,0.8035365396512256,0.19610221561083346,0.0003612447379409212
1,1,0.28765733638923946,0.7046370919920875,0.007705571618672913
0,0,0.7512050570205726,0.24732306141914598,0.0014718815602814178
1,1,0.04404534368793041,0.8753856052326403,0.08056905107942937
1,1,0.13403288932220628,0.850611736427485,0.015355374250308803
0,0,0.73709756422288,0.2622267058867638,0.0006757298903562967
0,0,0.7429949664743855,0.25651217151583994,0.000492862009774641
1,1,0.4612374404229125,0.530580849908382,0.008181709668705479
1,1,0.21096796365469536,0.7830132982910598,0.006018738054244827
1,1,0.32166294125909084,0.6707258051692853,0.007611253571623894
1,1,0.2647283638311939,0.7258399354153446,0.00943170075346145
1,1,0.2654585096079357,0.7237502723386765,0.01079121805338762
0,0,0.7310608170361461,0.26778647883185897,0.0011527041319947784
1,1,0.21145962792590722,0.7714095394371593,0.01713083263693346
1,1,0.23139332838340892,0.7587823347344703,0.009824336882120708
0,2,0.03044021791941363,0.4428059799846159,0.5267538020959703
0,0,0.7140488073900665,0.28398625984165615,0.0019649327682773137
0,0,0.7472130699256653,0.2518853217318416,0.0009016083424931433
1,1,0.03854138163192863,0.8777484736851416,0.08371014468292959
1,1,0.3646811996710702,0.6284853207491046,0.006833479579825116
1,1,0.48231081730549236,0.5164410275909994,0.0012481551035082394
0,0,0.5576672138743334,0.44071400658328336,0.0016187795423832567
1,1,0.0691369858857201,0.9128995411163525,0.017963472997927336
1,1,0.0808697378346977,0.8862229714930829,0.032907290672219404
0,0,0.7269173213857891,0.272051883473789,0.0010307951404219188
2,1,0.09134707711450518,0.877062445988092,0.031590476897402874
0,0,0.6145801577907922,0.3837485774255981,0.0016712647836097572
1,1,0.4600875801103734,0.5365502862493035,0.0033621336403232708
0,0,0.7564316163573515,0.24284477316510192,0.0007236104775466813
1,0,0.6669280413539842,0.332444313930676,0.0006276447153397156
0,0,0.5753173751144531,0.42310494694546946,0.0015776779400774048
1,1,0.3379007586009623,0.6544283064888912,0.007670934910146484
1,1,0.13687999451741567,0.8381697112638029,0.024950294218781366
0,1,0.3711595849689772,0.6251783585393345,0.0036620564916882837
1,1,0.2587632928811587,0.7291332641594308,0.01210344295941051
2,2,0.00579564121948158,0.34600730145058806,0.6481970573299304
1,1,0.20324815187154088,0.7893196218967616,0.007432226231697473
1,1,0.10479009842021836,0.8761653675596055,0.019044534020176047
1,0,0.5917153961055411,0.4040058302151393,0.004278773679319628
1,0,0.5412566267257491,0.4565103326543519,0.0022330406198989234
0,0,0.6221495821987731,0.37566679170512324,0.002183626096103645
1,0,0.7106073957936622,0.28805642640956064,0.0013361777967772649
1,0,0.8850582652658172,0.11432110626257407,0.0006206284716088107
1,1,0.35112194109815986,0.6450018450124257,0.0038762138894143363
0,0,0.8357969086178717,0.16353725590931148,0.0006658354728167514
1,1,0.07445850384077497,0.8884568524307308,0.03708464372849442
0,0,0.5354339517657557,0.46287169171569753,0.0016943565185466411
2,2,0.0014300835873389019,0.13147071321690487,0.8670992031957563
1,1,0.03086511560428595,0.9325877583483383,0.03654712604737575
0,0,0.8781243174681215,0.12152929479623276,0.00034638773564579924
0,0,0.6790316155606209,0.3205007439760713,0.00046764046330778945
0,0,0.9282357914864886,0.07135473191474122,0.00040947659877038986
1,1,0.360887472792387,0.6308576455027535,0.008254881704859362
1,0,0.6528035303891094,0.34388752421363283,0.0033089453972578054
0,0,0.533750577134466,0.46173499279064323,0.004514430074890796
1,1,0.269198951547348,0.7233454576913679,0.007455590761284082
1,1,0.364937297201973,0.6336306759583406,0.0014320268396865448
0,0,0.7057704664253149,0.2932111532240356,0.0010183803506495657
1,1,0.09296766017525701,0.8815961909804009,0.025436148844342008
0,1,0.46807546702999836,0.525097625444455,0.0068269075255465855
2,2,0.004335499163877703,0.2448133811399148,0.7508511196962075
0,0,0.5925004550559848,0.4057253954560439,0.0017741494879711828
0,1,0.23719877806148018,0.7544534921505954,0.008347729787924465
1,1,0.16941904745823894,0.6090931314770465,0.2214878210647147
1,2,0.010933747717712532,0.3531892140181326,0.6358770382641548
0,0,0.7165705025332912,0.2820813143251657,0.0013481831415430162
1,1,0.10135137363871426,0.8781776699889223,0.02047095637236352
0,0,0.5733643595593023,0.425668030409642,0.0009676100310556183
0,0,0.6844322188681097,0.3135420033688421,0.002025777763048223
0,0,0.5821163930598435,0.4159956345150259,0.0018879724251306335
1,1,0.023570198043637646,0.8920006955215326,0.08442910643482966
1,1,0.21488764383108863,0.7771950258315835,0.007917330337327808
1,1,0.16599881887559767,0.8145657399016974,0.019435441222704807
0,1,0.25160456403241266,0.7422355431889744,0.006159892778612909
0,1,0.2602892421904844,0.7341076408434892,0.005603116966026305
1,1,0.1985651666434449,0.782381962913984,0.019052870442571174
1,1,0.32337526940336797,0.6716182063333251,0.00500652426330682
0,0,0.5812939929182964,0.41433926373370744,0.004366743347996098
0,0,0.9027264920926529,0.09701727794460842,0.00025622996273854174
0,0,0.5822857528011821,0.4157702559410402,0.0019439912577777381
0,0,0.8261432707639867,0.1733163140239561,0.0005404152120571909
0,0,0.8078399105076534,0.1911386962379298,0.001021393254416619
1,1,0.20494402682896806,0.7717216226800092,0.023334350491022695
1,0,0.5028511168849958,0.4868159219357643,0.010332961179239826
1,1,0.46008758448393683,0.5356482639780266,0.004264151538036664
0,0,0.5924383374485217,0.40445890581609967,0.003102756735378588
1,1,0.05666056570100621,0.9277640165515096,0.015575417747484133
1,1,0.16386909575263095,0.8242887543332613,0.01184214991410787
0,1,0.4109103176547947,0.5808599476530062,0.008229734692199156
1,1,0.12821364811781832,0.8446136833900252,0.027172668492156545
0,0,0.53559136093259,0.46186897734074245,0.0025396617266676158
1,1,0.09414128516021522,0.8631859228222521,0.042672792017532664
1,0,0.8935755968589892,0.10591147220685687,0.0005129309341540744
1,1,0.13566431393050402,0.836349878896074,0.02798580717342199
1,0,0.7645607198121708,0.23491007727798563,0.0005292029098435923
1,0,0.5741349119569844,0.42372639523682937,0.0021386928061862295
2,2,7.281808146339321e-05,0.048607899996400555,0.951319281922136
0,1,0.3293852200630174,0.659707374890521,0.010907405046461614
2,1,0.13340877901669418,0.8352749636253797,0.0313162573579261
1,1,0.33386811982769077,0.6597835567777278,0.006348323394581394
1,0,0.6673609654143865,0.3317798592296895,0.0008591753559239793
1,1,0.09662944079726025,0.8651630175926598,0.03820754161007991
2,2,3.6403125344614988e-06,0.0018221664564587554,0.9981741932310068
0,1,0.13585553615105417,0.8435823727681467,0.0205620910807992
2,2,0.002840981453373262,0.28891960736401123,0.7082394111826156
0,0,0.5777066306013419,0.4174899303785046,0.004803439020153493
0,0,0.9612715731414861,0.038552747100154695,0.00017567975835920557
0,0,0.673473039419344,0.3252729443250598,0.001254016255596155
0,0,0.8303029986314022,0.1691962509042968,0.0005007504643011032
0,0,0.54570593079698,0.4504295065244247,0.003864562678595216
1,0,0.5588428376282037,0.44011247946742765,0.0010446829043686031
0,0,0.8275404018622883,0.17199120143709679,0.00046839670061493374
1,0,0.772658687115277,0.2262878331329988,0.0010534797517243362
1,1,0.24419791966887885,0.737828048812207,0.017974031518914108
1,0,0.5544568225146603,0.44285282929999964,0.0026903481853400853
2,2,0.0014096566773972284,0.17525036294683627,0.8233399803757666
0,0,0.7489209284531422,0.25031103082420114,0.0007680407226567413
2,2,0.0006683825820802619,0.06825678255598032,0.9310748348619395
2,2,0.0013403406504177288,0.19358012921572978,0.8050795301338525
1,1,0.13192710191571677,0.8489694547046135,0.019103443379669828
1,1,0.27096359034536244,0.7219124422630995,0.007123967391538126
1,1,0.14503748884682713,0.8245909858942474,0.030371525258925464
0,0,0.5629655816218385,0.43450903347803976,0.0025253849001217496
1,2,0.020823479250879823,0.35433162296912946,0.6248448977799907
1,1,0.37804636145517445,0.6124123069687473,0.009541331576078163
1,1,0.2560029380456834,0.7380317674148055,0.00596529453951112
1,1,0.031899363234959684,0.910514052380821,0.05758658438421928
1,1,0.24041660030124615,0.750788199942783,0.008795199755970906
1,1,0.05029368820271531,0.9113360837657466,0.038370228031538174
1,1,0.2020746172471862,0.78453634661814,0.013389036134673854
0,0,0.681237497861505,0.3173665798566943,0.0013959222818007257
1,0,0.6077740267236821,0.39034077445639814,0.0018851988199196801
1,1,0.17007690946291998,0.5294235276732333,0.3004995628638467
0,0,0.6365283864060379,0.36176165883034006,0.0017099547636220426
0,0,0.753118704850883,0.2450809546111554,0.0018003405379616786
0,0,0.5560820078816788,0.4380841097219596,0.005833882396361537
1,1,0.2695350431806909,0.7241256355626454,0.006339321256663704
0,0,0.5434161261834985,0.4544433712671285,0.0021405025493728947
1,1,0.1876556432393914,0.7919895204832202,0.02035483627738853
0,1,0.26293664753877294,0.7279972387341309,0.0090661137270961
1,1,0.042638557225033985,0.865456746774015,0.09190469600095094
0,0,0.9739965023381201,0.025979303086633404,2.419457524643296e-05
1,1,0.43953402617876036,0.5565945261399363,0.0038714476813033103
0,1,0.17751867079207836,0.80813214261066,0.014349186597261617
1,1,0.3253084131030555,0.6699641269655356,0.004727459931408806
1,1,0.03198394681596763,0.9100113322441861,0.05800472093984614
1,1,0.0793687177300723,0.5653602608142253,0.3552710214557023
1,1,0.3553068127933164,0.6412956539972438,0.0033975332094398816
0,0,0.8265357671706943,0.17244231262537174,0.0010219202039337997
0,1,0.356777400539991,0.6266131955825021,0.016609403877506923
0,0,0.7553367787137475,0.24311123845793622,0.00155198282831618
1,1,0.16513926066945733,0.8161761341703136,0.01868460516022889
2,1,0.039944266071419,0.9076241167619861,0.05243161716659495
2,2,0.010964386501042702,0.2514040494511336,0.7376315640478238
0,0,0.9085890346355913,0.09115422149409166,0.00025674387031725
1,1,0.039848535497334914,0.9043794068958222,0.05577205760684289
1,1,0.12061027173103275,0.866621026499468,0.012768701769499291
0,0,0.5545760122591753,0.4423580678492908,0.003065919891533812
0,0,0.6577233444207534,0.3409982057087216,0.0012784498705251082
1,0,0.5022943338245138,0.4935049353677307,0.004200730807755419
0,1,0.4609107923669681,0.5348326059163501,0.00425660171668176
0,1,0.1903183981998687,0.7963134192645145,0.013368182535616788
0,0,0.6130096694131719,0.3853485122149915,0.0016418183718366352
0,1,0.20572670663129516,0.7821102215856448,0.012163071783060116
0,0,0.7396593366007818,0.2594242815357275,0.0009163818634907984
1,0,0.5533838851208296,0.4441369442610482,0.002479170618122196
0,0,0.662687315005427,0.33636984013547844,0.0009428448590946089
1,1,0.12259059119395833,0.849834126700638,0.027575282105403574
1,1,0.20393038646585604,0.7897011847502662,0.0063684287838776995
1,1,0.3151147736843455,0.672908673004917,0.011976553310737617
0,0,0.7303264261461619,0.26812896588352825,0.0015446079703098595
1,0,0.5603187359166256,0.4344828839157773,0.00519838016759715
1,1,0.05216380479858177,0.833689431387866,0.11414676381355227
0,0,0.7316029188359924,0.2659298949430072,0.002467186221000285
1,1,0.0760142512946703,0.9062179630302889,0.017767785675040695
1,1,0.08960569775612338,0.8953121026312179,0.015082199612658774
1,0,0.7922160262431642,0.20712365414655523,0.0006603196102806108
1,1,0.18250407717776998,0.8119368595662529,0.005559063255977192
0,0,0.8834834252986787,0.11600841346255737,0.0005081612387638975
1,0,0.8493183139677237,0.15038533304411367,0.00029635298816244206
0,0,0.5357199520400945,0.4611767017783667,0.0031033461815387644
0,0,0.6873325587310799,0.30768432325190137,0.0049831180170186945
0,0,0.8090650345613949,0.1900743968443717,0.0008605685942333459
0,1,0.4434431270217189,0.5525063961103635,0.004050476867917629
1,1,0.3082187250644229,0.6733797014519678,0.018401573483609355
1,1,0.027656214629595506,0.48977515887492623,0.48256862649547816
1,1,0.08999010016063187,0.8625172075242417,0.04749269231512642
0,1,0.3815512509258389,0.6121370070505031,0.006311742023657944
0,0,0.5657941215715346,0.42989221585310355,0.004313662575361768
0,1,0.4029759225089691,0.5914320016739846,0.0055920758170463925
1,1,0.33090499886983615,0.6646291362569919,0.004465864873171798
1,1,0.14125240006706646,0.8207950304275392,0.03795256950539429
1,1,0.1359965453651584,0.8485522403081293,0.01545121432671234
1,0,0.5134226627511066,0.48183846258051877,0.004738874668374656
1,1,0.1730129025461977,0.8160719561160942,0.01091514133770829
1,1,0.03797564138858949,0.8897225408192598,0.07230181779215084
1,1,0.4602365821529942,0.5364882722150708,0.0032751456319350504
1,1,0.19100423672326006,0.7975136983471307,0.011482064929609176
1,0,0.5001750505429733,0.49703933958171037,0.002785609875316261
0,0,0.8054910817280702,0.1938050456331769,0.0007038726387529598
2,2,0.020389722798217238,0.41577648470690204,0.5638337924948806
1,0,0.6265004467599228,0.3721239892615608,0.0013755639785163775
0,0,0.756971284242174,0.24129198098057963,0.0017367347772463393
1,1,0.20651888820837058,0.7867199505858756,0.006761161205753798
1,1,0.3602407697046448,0.625842980635921,0.013916249659434202
0,0,0.815856460944302,0.183070557351691,0.0010729817040069116
2,2,0.008822129372733335,0.3118747230165261,0.6793031476107406
1,1,0.2611671786560145,0.7358136521074747,0.003019169236510695
1,0,0.5748051584491692,0.42267479541578695,0.002520046135043737
0,0,0.88986524832947,0.1099096798578572,0.00022507181267283587
0,0,0.7271764348656772,0.2712589091908297,0.001564655943493177
1,1,0.32197594022493464,0.6669878789870238,0.011036180788041515
0,0,0.501509971639742,0.49398809576515407,0.004501932595103929
2,2,0.03438265100568466,0.3233573284170429,0.6422600205772725
1,1,0.09268638313417009,0.8678031067345723,0.03951051013125764
0,0,0.8258175544096894,0.17385286142019332,0.00032958417011721703
2,2,0.0021130139906535192,0.22424128578428054,0.773645700225066
1,1,0.4610332184641784,0.5339402685642868,0.005026512971534813
1,1,0.05978152568278593,0.9038278406866128,0.03639063363060114
1,1,0.19881456203455933,0.7935244726487073,0.007660965316733352
1,1,0.06320764917865317,0.911536167370209,0.02525618345113786
0,0,0.5733047570980571,0.4246791199773867,0.0020161229245561738
1,1,0.4023889504203711,0.5861435999664494,0.011467449613179482
0,1,0.12479749556283229,0.8488594795662034,0.02634302487096436
0,1,0.4281734410180508,0.5653057821995666,0.0065207767823825
0,0,0.6097017692369007,0.38845722113275055,0.0018410096303487365
0,0,0.7230131878057369,0.275378397816933,0.0016084143773301219
0,1,0.27687452513036875,0.7048842757715232,0.018241199098107924
1,1,0.222102803329378,0.7676099613851979,0.010287235285424048
0,0,0.7937292784276557,0.20489737165660704,0.001373349915737162
1,1,0.4160179833367937,0.5785444431676429,0.005437573495563469
0,1,0.07363392842635921,0.8686097342138421,0.05775633735979865
1,1,0.3660821266357027,0.6250538167183975,0.0088640566458998
0,0,0.5752053439611716,0.42062846280366484,0.004166193235163364
0,0,0.5417989897529413,0.45331070926514744,0.004890300981911401
1,1,0.15555180169416818,0.8102358060459884,0.034212392259843405
2,2,0.0028945124526728633,0.16756437630402402,0.8295411112433032
1,0,0.7311001681779171,0.26793745247540374,0.0009623793466791755
0,0,0.8243335114911883,0.1751457906454028,0.0005206978634089921
0,0,0.7799605120072206,0.21871945017374766,0.0013200378190316923
0,1,0.3438661555173214,0.6410317889494792,0.015102055533199338
1,1,0.2896612975891835,0.7050983348412693,0.005240367569547242
1,1,0.3119845251091537,0.6808005489944585,0.007214925896387793
0,1,0.40600858721197797,0.5883753843381351,0.005616028449887129
1,1,0.2562800533585321,0.7329445972258987,0.010775349415569199
0,1,0.2684240739699392,0.715676315298621,0.015899610731439705
0,0,0.6148907974941881,0.38341976080126344,0.0016894417045485235
0,0,0.6150442801394577,0.38418451047169855,0.000771209388843741
1,1,0.17954193650619857,0.8111334720035219,0.009324591490279418
1,1,0.3239320604342844,0.6700575713191548,0.006010368246560655
1,1,0.03688582511700688,0.9386086376937369,0.024505537189256046
2,2,0.002668373233987997,0.18504092521639431,0.8122907015496177
1,0,0.6113570201237233,0.38548308437166534,0.003159895504611298
0,0,0.7290706862567892,0.2689884494693875,0.001940864273823329
0,0,0.49723040865426915,0.4957598570588496,0.0070097342868813564
0,0,0.9135655975234207,0.0861579700946798,0.00027643238189956483
1,1,0.08988625885458984,0.8428688393350858,0.06724490181032439
1,1,0.3871193330404297,0.6090201526038959,0.0038605143556743795
2,1,0.009927769718209158,0.8368967846122695,0.1531754456695214
1,1,0.3946462584838265,0.6020025406454329,0.0033512008707404757
1,0,0.6136693158118994,0.3850527842481209,0.001277899939979729
1,1,0.2002088541866144,0.7926223351181337,0.007168810695251912
1,1,0.22341470041543002,0.7717424445994084,0.004842854985161552
0,0,0.7824222116540055,0.21580391738358745,0.0017738709624070368
0,0,0.8930304460101989,0.1060641933848949,0.0009053606049062568
1,0,0.5590679083793709,0.43787437706204363,0.0030577145585853217
1,1,0.46470571528180804,0.5326281036819331,0.0026661810362588224
0,0,0.6450455389438547,0.3540369167360614,0.0009175443200838324
1,1,0.25486187309125224,0.7374592060167156,0.007678920892032317
1,1,0.38982447351335897,0.6041705853399187,0.006004941146722312
0,0,0.6747785789508968,0.3226656601896704,0.0025557608594329053
0,0,0.812666052054378,0.18604075343624046,0.0012931945093814842
0,0,0.5142227856021331,0.48206290400798757,0.0037143103898794137
1,1,0.19709941751067298,0.7978285142457201,0.005072068243606906
1,1,0.23334913062743395,0.7626070304636494,0.004043838908916539
0,0,0.71798751925662,0.2810082816012334,0.0010041991421466546
2,2,0.007438640631895532,0.3074383099777458,0.6851230493903586
0,0,0.7457700103086714,0.2538192544873223,0.0004107352040062598
0,0,0.839415516510163,0.16003450850982062,0.0005499749800164997
1,1,0.2459893129171466,0.7438480730014879,0.010162614081365375
2,2,6.094676810975807e-05,0.007527223742488146,0.9924118294894021
2,2,0.017236598251086213,0.4299242184455936,0.5528391833033203
0,0,0.6695072752645213,0.3274977255947326,0.002994999140746234
1,1,0.3961588327565735,0.6006541753842684,0.0031869918591581124
1,2,0.012684422885987503,0.3532108842691154,0.6341046928448971
1,1,0.35659943234458213,0.6355965727175692,0.007803994937848654
1,1,0.05942769105769331,0.8959819018378269,0.04459040710447975
0,0,0.5734001179054888,0.42496734079595727,0.0016325412985538678
0,0,0.7592711372036242,0.23976084722871976,0.0009680155676559897
0,0,0.5666839175722428,0.4319905405188729,0.0013255419088844221
0,1,0.31155530677422044,0.6846087879746439,0.003835905251135755
0,0,0.662905613945821,0.33610625597146865,0.000988130082710344
1,1,0.40514874032170295,0.5916603223240353,0.003190937354261681
1,1,0.17390520967245185,0.8098296956425308,0.01626509468501719
1,1,0.18646974180579068,0.8048893846045224,0.008640873589686758
1,1,0.0755585124713086,0.8654108390338634,0.059030648494827934
0,1,0.4752602741301562,0.516133750236518,0.008605975633325885
0,0,0.7194876717773826,0.2789563539492723,0.0015559742733451851
0,0,0.6822562389681368,0.3163822044165397,0.0013615566153235218
0,1,0.47403394835788154,0.5232616929940891,0.0027043586480293823
1,1,0.26965488949600647,0.7139270859101395,0.016418024593853987
0,0,0.7636632296311224,0.23536689145460907,0.0009698789142683848
1,1,0.12050718076580946,0.8295593722931187,0.04993344694107185
2,2,0.020376827635292583,0.37395941568484026,0.6056637566798672
1,1,0.29220908925443917,0.6976294157480742,0.010161494997486602
1,0,0.5583397170386455,0.4407724092969775,0.0008878736643770773
1,1,0.07686751956043138,0.5192551525683208,0.4038773278712478
1,1,0.19437414087806662,0.7978736302992109,0.007752228822722457
0,0,0.6382526241700524,0.35695812351718964,0.004789252312757947
1,1,0.05244180357637563,0.9159088225886882,0.031649373834936156
0,1,0.4872051849353257,0.5098542134266761,0.0029406016379981493
0,0,0.6813660743822967,0.3172532892469189,0.0013806363707842837
1,1,0.058570326446155965,0.917425201247273,0.02400447230657111
0,0,0.7708251862536731,0.22769429043569273,0.0014805233106342807
0,0,0.5764066525905404,0.42136455687954977,0.0022287905299099987
1,1,0.43548651058654414,0.5586119933485115,0.0059014960649443355
0,0,0.7293706999944307,0.26972336810729136,0.0009059318982777389
1,0,0.6800025574324168,0.319014545534574,0.0009828970330093138
1,1,0.14921292233511574,0.8299352026763801,0.02085187498850417
1,1,0.40720277303658975,0.5888919046564659,0.0039053223069443676
0,1,0.15658852978682877,0.8124698622073351,0.030941608005836115
1,1,0.1719781200733038,0.8120313694189677,0.015990510507728508
1,1,0.28802996668321257,0.6886774112787485,0.023292622038038807
0,1,0.4677657026473125,0.5298815070574824,0.0023527902952050848
0,1,0.45348107026885415,0.5452307374250112,0.0012881923061346572
0,0,0.8539385011764274,0.14518045493493517,0.0008810438886374532
1,2,0.009873689019230053,0.3947484352680965,0.5953778757126735
1,1,0.41090427566392584,0.5827508363996234,0.006344887936450578
1,1,0.46477119199406863,0.5307066277986476,0.004522180207283841
2,1,0.06889251087471457,0.4816190394922667,0.44948844963301865
0,0,0.5794028215217822,0.4195818724372015,0.0010153060410162155
1,1,0.2709152496769143,0.7205186402534521,0.008566110069633535
1,1,0.2958977238796814,0.7013178585362616,0.0027844175840570596
0,0,0.6484405653019405,0.3485518388415316,0.003007595856527802
0,0,0.7455303657878821,0.2528118909040284,0.0016577433080895707
0,1,0.3488301811756807,0.6411951838970106,0.009974634927308747
0,1,0.18872090070103864,0.7967722941136068,0.014506805185354564
2,2,0.002317579074249527,0.19118334942339052,0.8064990715023599
0,0,0.8152257126899972,0.18438180063316667,0.0003924866768360759
0,0,0.7760931712023614,0.22332402312859348,0.0005828056690450371
0,1,0.25477173705191836,0.7158250499555345,0.02940321299254709
0,1,0.30153146253405927,0.6825855318400593,0.015883005625881325
1,1,0.06700473766932254,0.8703396373594617,0.06265562497121578
1,1,0.467455169683136,0.5311575738126759,0.0013872565041880892
2,2,0.00028479604065756404,0.03949997176681973,0.9602152321925228
1,1,0.2494353686398421,0.7440831433070089,0.006481488053148997
1,0,0.555681897589713,0.4432026151669352,0.0011154872433518084
2,1,0.04387324436466898,0.8386954696417738,0.1174312859935571
1,1,0.2752172123489912,0.7181048567063343,0.006677930944674587
0,1,0.4273178007348644,0.565441152749228,0.007241046515907654
0,0,0.5017115702071999,0.49387322094768993,0.004415208845110102
0,1,0.3269070528273157,0.6631762269258515,0.009916720246832744
1,1,0.036690018227515844,0.9341676336636732,0.029142348108811035
0,0,0.6000826088475619,0.3964328698457939,0.0034845213066442195
1,0,0.5449701636553523,0.4516992363372671,0.0033306000073805415
0,0,0.8859727924062881,0.11308326678017099,0.0009439408135408818
1,1,0.08106183689624485,0.9014265086376493,0.017511654466105905
0,0,0.9665892029941303,0.03330378899780413,0.00010700800806558893
1,1,0.22876459549299397,0.762180691750103,0.009054712756903066
0,0,0.5597196271234556,0.4335377584919536,0.006742614384590906
1,1,0.19813608946529068,0.7868264374486856,0.01503747308602371
0,1,0.26890517948060305,0.7265698094396762,0.0045250110797208165
1,1,0.07110016694544218,0.907118216633021,0.021781616421537087
1,1,0.10438256549499847,0.8588579927536716,0.03675944175132991
0,0,0.893733669186159,0.10602044843444011,0.0002458823794008939
1,1,0.048606473543875164,0.8909769814442614,0.06041654501186347
1,1,0.41785030028087666,0.5809416310816995,0.0012080686374238714
1,1,0.07143911793695593,0.8852367568363272,0.04332412522671712
1,1,0.027067551075765296,0.888741118010734,0.08419133091350085
0,0,0.7617669326576587,0.23603641581354376,0.0021966515287975288
0,1,0.34091303541263124,0.6534860027848126,0.005600961802556176
1,1,0.1209890341227922,0.8529183397652698,0.02609262611193799
1,1,0.25741716127725733,0.7350555883908411,0.00752725033190153
1,1,0.2065092190061694,0.7572608313131558,0.03622994968067479
1,1,0.2780717492570027,0.7022955557407318,0.019632695002265662
1,1,0.4220076145535131,0.568923216142881,0.009069169303605828
1,0,0.6894997768148243,0.3095141371602633,0.000986086024912409
1,1,0.16817928888904232,0.8144510534178,0.017369657693157667
0,1,0.06748584244963672,0.8902862375023521,0.04222792004801117
1,1,0.4188170352955702,0.5751836923697611,0.005999272334668715
0,0,0.7780684166799399,0.2211613370764027,0.000770246243657416
0,1,0.2646514940301498,0.7304735842131009,0.004874921756749389
0,0,0.6779435630085973,0.3211359565895815,0.0009204804018211995
1,1,0.35952060576201245,0.6325776479184795,0.00790174631950794
0,1,0.30142266874900175,0.6857669739679989,0.012810357282999256
1,1,0.23422558629457615,0.7560993906580603,0.00967502304736368
0,1,0.2669858876062685,0.7238410528418006,0.009173059551930922
0,1,0.3486033133128569,0.6443166330519847,0.007080053635158397
1,1,0.1887484274608498,0.8031847194934195,0.008066853045730788
1,1,0.08105390736245101,0.8884344194007376,0.030511673236811462
0,0,0.5941994296533711,0.40281989152069586,0.0029806788259331843
2,2,0.005441106820910982,0.27755255841928966,0.7170063347597995
2,2,0.00528759528195008,0.223853211826613,0.770859192891437
1,1,0.24010550424113877,0.7476837827173115,0.012210713041549805
0,0,0.5909921197445368,0.4068011636355959,0.0022067166198674274
0,0,0.9446841528692063,0.055100275856438855,0.0002155712743548498
0,0,0.8704220542712816,0.12816375825386359,0.0014141874748546755
0,0,0.7432786794766545,0.25586418283441154,0.0008571376889341302
1,1,0.18115795762346348,0.8039053685412137,0.01493667383532275
1,1,0.17458601875169347,0.8171388702801947,0.008275110968111803
1,1,0.17051209673608772,0.8088018131547952,0.02068609010911698
0,1,0.06500125763658177,0.915508916961001,0.019489825402417085
0,0,0.8879949093715398,0.11166451831769969,0.0003405723107606833
0,1,0.4700595920961017,0.5221404281112458,0.007799979792652441
1,1,0.08407777242335054,0.8884454038839236,0.02747682369272587
1,1,0.06455725653055724,0.9040658726854938,0.03137687078394895
1,1,0.3101446225535258,0.6816457529593829,0.008209624487091158
0,1,0.16705771978454523,0.820419491462657,0.012522788752797777
2,2,0.005698371545341705,0.26002640540702343,0.7342752230476348
0,0,0.6149773919919932,0.37435749273599656,0.010665115272010299
0,0,0.8375626691193249,0.16174639701217042,0.0006909338685048618
1,0,0.6186297656396545,0.379727751979777,0.0016424823805683488
0,0,0.8615493393043584,0.13806045721466817,0.0003902034809735337
0,0,0.7618481989755578,0.23734427235767622,0.0008075286667660695
1,0,0.506471350030839,0.4903690173971041,0.003159632572056951
0,0,0.8497918275067948,0.15001970220880162,0.00018847028440345144
1,1,0.0263833180566957,0.9291590668149157,0.04445761512838862
0,0,0.5791346697147085,0.41788175317606313,0.0029835771092283636
1,1,0.20073429677813834,0.7834832680882591,0.01578243513360266
1,1,0.38479416956149504,0.6108939128910508,0.0043119175474541655
1,1,0.06181469234754522,0.9163938310117451,0.021791476640709854
0,0,0.8440599821501618,0.15568580413554572,0.0002542137142925082
1,1,0.21484240622527334,0.7760686229230247,0.0090889708517021
1,1,0.2949451510136501,0.6995745467845931,0.005480302201756872
1,1,0.3899941278512365,0.594410047813982,0.015595824334781506
0,0,0.8827424060977381,0.11683912246076647,0.00041847144149531715
2,2,0.0034567426006790734,0.18185870625413483,0.8146845511451861
1,1,0.028338387311802524,0.8875691029149911,0.08409250977320634
1,0,0.7678661107036048,0.23133820284374726,0.0007956864526478776
1,1,0.09471384249118409,0.8872374180206108,0.01804873948820515
0,0,0.5025421619054019,0.49110406447834565,0.006353773616252391
1,1,0.09997901078687522,0.8610819368667847,0.03893905234634012
1,1,0.18185517678203728,0.8088461749787547,0.009298648239208023
1,1,0.1898414836688985,0.7996975591468948,0.010460957184206688
0,1,0.17982130233364296,0.798147864002066,0.022030833664291004
0,0,0.7021633911811148,0.29485610464287876,0.002980504176006431
1,1,0.21003677775518054,0.7849067495119703,0.005056472732849225
0,0,0.7544999631763026,0.24444194770073843,0.0010580891229589324
1,1,0.28453385287368466,0.7035581104900853,0.011908036636230029
0,0,0.7400269412303435,0.2580455377597244,0.0019275210099322095
1,0,0.5154143353098155,0.48112219774863324,0.0034634669415511505
0,0,0.6018697609620935,0.39616323232266154,0.001967006715245002
0,1,0.3537606439005189,0.6405041223522961,0.0057352337471849755
0,0,0.726751573487,0.272151767349752,0.0010966591632480302
1,0,0.6526391237006461,0.34624305587842596,0.0011178204209278196
1,1,0.07048875766334672,0.9042696809377813,0.025241561398872108
2,2,0.0012677635134631404,0.21515642256062206,0.7835758139259147
1,1,0.2674859218793967,0.7208980960102817,0.011615982110321627
0,0,0.5799683385669798,0.41770163267991944,0.0023300287531007407
0,0,0.6850403903644997,0.31199977307045146,0.0029598365650488666
1,1,0.25453292257266774,0.7376824137847535,0.007784663642578833
0,1,0.25464592816339743,0.7268032813377403,0.01855079049886215
0,0,0.699959671311691,0.29894549297773226,0.001094835710576806
0,0,0.7033066331871647,0.29548668096621417,0.0012066858466210986
0,0,0.5601179287657483,0.4349647843566827,0.004917286877569062
2,2,0.001960224895576323,0.133984660011486,0.8640551150929376
1,1,0.24333598792608738,0.7273510568174217,0.02931295525649079
0,0,0.7625829817240113,0.2364715457503412,0.0009454725256473692
0,1,0.26801933834822644,0.7209479692716491,0.0110326923801245
1,1,0.3021442069207196,0.687517555734418,0.0103382373448626
1,0,0.5657569048808765,0.4328069053972789,0.0014361897218446522
1,1,0.382459116818232,0.6064982411537702,0.011042642027997759
1,0,0.5773299789882709,0.4200219158580037,0.0026481051537254703
1,1,0.16869401831037178,0.8222384799018195,0.009067501787808737
1,1,0.2847716086557032,0.7072971738838918,0.007931217460405012
0,0,0.892069000414773,0.10752927681608045,0.0004017227691465003
1,1,0.31058689042654597,0.6832679255316667,0.006145184041787262
2,2,0.0012646832079826588,0.19121192647853122,0.8075233903134861
0,0,0.8689835321207448,0.13075579952335503,0.0002606683559001668
1,1,0.13786761585615442,0.8567658547263787,0.005366529417467035
2,2,0.0028195124907360973,0.2035144666877579,0.793666020821506
0,0,0.6600407393648404,0.33801942343389585,0.0019398372012636184
0,0,0.9000990356284985,0.09930562659562372,0.0005953377758778143
1,1,0.08111451964053033,0.8552308264421572,0.0636546539173125
0,0,0.604149289056121,0.3948279936607254,0.0010227172831536767
1,0,0.5546523877514936,0.44223236686997464,0.0031152453785317927
1,1,0.2959051041947394,0.6883467776544686,0.01574811815079193
1,0,0.5363237269725041,0.46067147395387675,0.0030047990736192273
2,2,0.029916372688292912,0.4179240131437449,0.5521596141679622
0,0,0.8183098025068651,0.1811449792617139,0.0005452182314209666
1,1,0.18310385694141895,0.8041345753517559,0.01276156770682507
2,2,0.00020493327241311634,0.08067915185840861,0.9191159148691783
1,0,0.7249308284808723,0.27434363189886746,0.0007255396202601965
1,1,0.3709162436905891,0.6238099480504592,0.0052738082589516184
0,0,0.54108787780687,0.4563642315174245,0.002547890675705568
1,1,0.3820129129303352,0.6076596404843908,0.010327446585274057
1,1,0.38083639085722915,0.6137816605031011,0.005381948639669676
0,1,0.45629358512714685,0.5359516106267254,0.0077548042461277125
1,1,0.3122831492487356,0.6735924702496813,0.014124380501583133
1,1,0.035861900690808614,0.9094372905817741,0.05470080872741725
1,1,0.10479764197477755,0.8777488852076044,0.01745347281761813
1,1,0.2913073594949036,0.7010124203339548,0.007680220171141567
2,2,0.00014095105189387396,0.01344689347435791,0.9864121554737482
1,1,0.46283598667904413,0.5289231846144739,0.008240828706482035
1,1,0.2932006252723807,0.7006189210491146,0.006180453678504719
1,1,0.38572134894036036,0.6032422255417472,0.011036425517892568
0,1,0.42450289717622347,0.5690706204685327,0.006426482355243814
1,1,0.06488986938150204,0.9176061127463124,0.01750401787218531
1,1,0.06898391237404083,0.8993529399001602,0.031663147725798875
1,0,0.6945230057383598,0.3044402503126617,0.0010367439489784415
2,2,0.00017278874388423668,0.06966458222896768,0.930162629027148
0,1,0.09685731478692416,0.8613067607847749,0.04183592442830095
2,2,0.0015350611477401,0.15039222310609004,0.8480727157461698
1,1,0.039335150035533686,0.8900731570229825,0.0705916929414839
1,0,0.6453013834013325,0.3534924052111089,0.001206211387558537
0,0,0.7987751485382462,0.20040263470287836,0.0008222167588756482
1,1,0.216932195852061,0.7474994544116735,0.03556834973626559
0,1,0.45918773854599,0.5378208607680084,0.00299140068600174
0,1,0.4162145717982692,0.5805716777721821,0.0032137504295485053
1,1,0.34922745225314333,0.6421938060311775,0.008578741715679147
1,0,0.8125689605511207,0.18658625374595308,0.0008447857029261486
1,0,0.6071113780305193,0.3899934185058334,0.002895203463647399
0,0,0.6831736541307033,0.3150391776595976,0.0017871682096991203
0,1,0.16664687831507094,0.8070495398343824,0.02630358185054646
2,2,0.0048953667100212666,0.2988095189926637,0.6962951142973149
1,1,0.09183541840199728,0.8632629934615836,0.044901588136419125
1,1,0.22892911561925763,0.7420334593358562,0.029037425044886288
0,0,0.913967962800512,0.08573864387917134,0.0002933933203167251
0,1,0.3209113995084753,0.6711969778178772,0.00789162267364737
1,1,0.2102761167530571,0.7772705282501793,0.012453354996763595
0,0,0.6402713757426527,0.35685099602475534,0.0028776282325919597
1,0,0.5467316860015256,0.44755737442209387,0.0057109395763806
1,0,0.5203584616261263,0.47737524056231634,0.002266297811557416
1,1,0.20635825056096468,0.782881899957446,0.010759849481589256
1,0,0.7704090116995569,0.228992427827689,0.0005985604727542034
0,1,0.08663125145641659,0.8606874718037992,0.052681276739784066
0,0,0.9173499404572739,0.08234075385215506,0.0003093056905711428
0,0,0.7146606691162602,0.28491850919736483,0.00042082168637488454
0,0,0.8955573945730166,0.10434579912029358,9.68063066897191e-05
1,1,0.17873955768396793,0.8141071354298016,0.007153306886230457
1,1,0.11643509846108475,0.8491153694263331,0.03444953211258215
0,1,0.19305645134962715,0.8006742528795083,0.006269295770864527
0,0,0.9052034545334926,0.09423007659910718,0.0005664688674001729
0,0,0.7972271138673614,0.2024295645080475,0.0003433216245909794
0,0,0.934931743256955,0.06481461688062458,0.00025363986242038614
0,1,0.23675267399425212,0.7558007504976757,0.007446575508072275
1,1,0.1741404252780145,0.8118008635017047,0.014058711220280715
0,1,0.46439814016040143,0.5304331312200644,0.0051687286195342685
0,0,0.8858831866840154,0.11375083111178043,0.00036598220420431214
1,0,0.5989284476128189,0.4000628122425042,0.00100874014467688
0,0,0.6758398035228785,0.32226052336690353,0.0018996731102179113
0,0,0.6496601727315442,0.34950172948657515,0.0008380977818807418
0,0,0.9039164260528134,0.09576357529972025,0.0003199986474663463
1,2,0.0007766349760519944,0.014925592428778178,0.9842977725951697
0,0,0.5087569727286365,0.4889902000879764,0.0022528271833870523
1,1,0.30424538535704493,0.6859601597074227,0.009794454935532338
0,0,0.5892881945360241,0.4088754163839481,0.0018363890800279078
1,1,0.08204040927743493,0.8775111500112637,0.04044844071130155
1,1,0.19120142184644623,0.8035081691391994,0.005290409014354417
0,0,0.5707520231157427,0.42717500916916284,0.0020729677150943906
1,1,0.08179337649972204,0.9008810123601979,0.017325611140080154
0,0,0.5072678866228314,0.49146711650425273,0.0012649968729158611
0,0,0.7367676835947616,0.26133222888491714,0.0019000875203212602
0,1,0.372396660249941,0.6167941094261256,0.010809230323933324
1,1,0.2039610539757903,0.7696000914761981,0.026438854548011623
1,1,0.0627081161036444,0.894862517120473,0.042429366775882556
0,1,0.24833627712474293,0.7425402236903551,0.009123499184901993
1,1,0.05233689047434269,0.9079302062686191,0.03973290325703821
1,1,0.014440540463167265,0.9055277123201195,0.08003174721671326
2,2,0.0014311701548041754,0.1614236822083062,0.8371451476368896
0,1,0.41298672561155436,0.5783480393666784,0.008665235021767062
0,1,0.13723968754636764,0.8518312633944702,0.010929049059162027
1,1,0.25349789827142594,0.7322379098049476,0.014264191923626586
0,0,0.6799138417586903,0.3185662758079997,0.0015198824333100673
1,1,0.36249912578498905,0.6349641032073956,0.0025367710076154818
1,1,0.206895713588639,0.7752807052887839,0.017823581122577013
1,0,0.6460966297535996,0.35305231640632967,0.0008510538400707758
1,1,0.18255348499859242,0.7971574259437021,0.020289089057705528
1,1,0.359538938881071,0.6284126135411104,0.012048447577818623
0,0,0.911316229690075,0.08827640216772942,0.0004073681421957768
1,0,0.7718590099826076,0.22707888034893003,0.0010621096684624211
0,1,0.05840711736257133,0.8887331670473638,0.052859715590064776
1,1,0.4491438180139795,0.544061112270767,0.006795069715253436
1,1,0.1997867352181053,0.794821060999494,0.0053922037824005375
1,1,0.3530749723069811,0.643034745572285,0.0038902821207337595
2,2,0.0027500558252544147,0.26549121258220504,0.7317587315925406
0,1,0.26576993285198014,0.7204261185675666,0.013803948580453206
1,0,0.6584823557984872,0.340497500190417,0.0010201440110956881
0,0,0.7557753993702255,0.2432889025031025,0.0009356981266719815
0,1,0.220919467065488,0.7569999466106436,0.022080586323868272
1,0,0.6271917250065764,0.3711933508178216,0.0016149241756019935
1,1,0.29027659065954464,0.7038703658388303,0.005853043501625041
2,1,0.06285767541638743,0.8803282013522051,0.05681412323140755
1,1,0.27542498657051084,0.7119300510609017,0.012644962368587578
1,1,0.07388659978146331,0.8318558209012281,0.0942575793173087
0,0,0.6982400620826266,0.3002061227924797,0.0015538151248937957
0,1,0.1762394904172106,0.796183777688869,0.027576731893920424
1,1,0.13420935176578896,0.858940938888949,0.006849709345262036
1,1,0.3673887774473041,0.6267134752284506,0.005897747324245265
0,0,0.8305606733265944,0.1688535189483242,0.0005858077250814552
1,1,0.28935598161733633,0.7044394327762976,0.0062045856063660774
1,1,0.33389554743358807,0.6592508552982907,0.00685359726812118
0,0,0.8689183871609488,0.13074942292990321,0.00033218990914800367
1,1,0.05100008873179407,0.8963843029323965,0.05261560833580959
0,1,0.18042256127682205,0.8021336336847393,0.017443805038438724
1,1,0.17008547631114257,0.79714854614183,0.03276597754702752
1,1,0.31428318970699304,0.6803218133031388,0.005394996989868245
0,0,0.7117896164516366,0.28633610468979437,0.001874278858569127
0,1,0.2716202508261485,0.7159124991312601,0.012467250042591492
0,0,0.5755469161684769,0.4214761370399135,0.0029769467916096366
1,1,0.08958198984505152,0.8938192036266606,0.016598806528288032
1,1,0.46736947077915536,0.5297306423186924,0.002899886902152185
1,1,0.2688449648229076,0.7250127545774149,0.00614228059967752
0,0,0.5776716813395031,0.4200899724794263,0.002238346181070719
1,0,0.5612798689460066,0.43728272579640004,0.0014374052575934883
0,0,0.5535283709538558,0.44252099407347667,0.003950634972667575
2,2,0.00044027168430383495,0.07633574058540017,0.9232239877302959
2,2,0.008819005876915533,0.3103858551385189,0.6807951389845657
1,1,0.19052534186432152,0.7983190150817144,0.011155643053963974
1,1,0.15555389247386178,0.8295636399067429,0.01488246761939533
0,0,0.8153557500703992,0.1840172819749345,0.0006269679546663862
0,0,0.7344144579679484,0.26486954613313035,0.0007159958989211908
0,0,0.7046479196723615,0.2949374879928483,0.0004145923347900952
1,1,0.2878573059923996,0.6985058516801363,0.013636842327464047
1,1,0.2548984935707325,0.7374275200707552,0.007673986358512374
1,1,0.43139837346337134,0.5606273052114741,0.007974321325154606
0,1,0.40203580395885824,0.5938147206840056,0.004149475357136147
1,1,0.25055226969793754,0.737499650508409,0.01194807979365347
0,1,0.16487529602437087,0.8228462572682627,0.012278446707366464
1,0,0.7859686695592476,0.21304184068619766,0.000989489754554695
0,1,0.4485199818427527,0.5495911244327855,0.0018888937244619225
1,1,0.21421482712273796,0.7786944479240816,0.007090724953180514
0,0,0.6887572491714921,0.30942129846763283,0.0018214523608751985
0,0,0.810613644971521,0.18881519449052467,0.0005711605379542009
1,0,0.6301347870586099,0.36814885854934437,0.0017163543920457236
1,1,0.09348666435493165,0.8688417201648568,0.037671615480211404
1,0,0.5173185642093309,0.48054525324374375,0.0021361825469253287
1,1,0.27888799060555397,0.7140431650003978,0.0070688443940482015
0,0,0.6032218115785757,0.39251505692985994,0.004263131491564429
2,1,0.07235356699141189,0.892340079379898,0.0353063536286901
0,0,0.7948174846227772,0.20429541013853816,0.000887105238684572
1,1,0.09677039452917777,0.8391222843450513,0.06410732112577089
1,1,0.23481444185730202,0.7533716155745561,0.011813942568141726
1,0,0.602875675419992,0.39306254702267734,0.004061777557330583
0,0,0.9410736132682548,0.058825066512325636,0.00010132021941960594
1,1,0.4643005963738273,0.5319568619283914,0.003742541697781265
1,1,0.2816030200258607,0.7057633994706285,0.012633580503510843
0,0,0.8138753897865891,0.1855156578662665,0.0006089523471443076
1,1,0.24154076774143493,0.7516412110307265,0.006818021227838749
1,1,0.44633118959798235,0.5494918516117557,0.004176958790261885
1,1,0.1372241831968332,0.8524583099841614,0.01031750681900547
2,2,0.00020744178442579398,0.07451726865139534,0.9252752895641789
1,0,0.7556081398936546,0.24378017591311452,0.0006116841932309508
0,0,0.657793446079471,0.33999681847019864,0.002209735450330384
2,2,0.00026686427463250116,0.07196974668906148,0.927763389036306
1,1,0.28293155285651994,0.7081099660626453,0.008958481080834739
0,0,0.7062347462078428,0.2919715137248877,0.0017937400672694752
1,0,0.7927047584976635,0.20616546051014784,0.0011297809921885945
0,0,0.9237127642476051,0.07607624604913557,0.00021098970325943156
1,0,0.5285337232370246,0.4698687906185372,0.001597486144438246
1,1,0.08978972028722755,0.8899537201508994,0.02025655956187316
1,1,0.2304677561084397,0.7630430871817618,0.006489156709798378
1,0,0.5893884308072092,0.4087599752632538,0.0018515939295368367
1,0,0.8553400666620552,0.14423397255651646,0.00042596078142832127
0,1,0.4189996324277589,0.5729526505365221,0.008047717035719042
0,0,0.7226008304846728,0.27591453340691163,0.001484636108415417
1,1,0.09377664329125829,0.8717218217568099,0.034501534951931846
0,0,0.8599778714100685,0.13951528018692846,0.0005068484030029894
0,0,0.9113401816918107,0.08841770744377986,0.00024211086440943254
1,0,0.5330756269859845,0.46118502071491324,0.005739352299102125
1,1,0.07964901928942505,0.8346941224921146,0.08565685821846032
0,0,0.8480124914025872,0.1511315053743386,0.0008560032230742321
0,0,0.7969476705525882,0.20225405614875827,0.0007982732986536227
0,1,0.2783811109288943,0.7147583782879207,0.006860510783185064
1,1,0.4733895808132749,0.5181360251372191,0.008474394049506024
1,1,0.20780830484207147,0.7806834205125603,0.011508274645368233
1,1,0.16725687093165476,0.824408925532485,0.008334203535860264
2,2,0.008462734060338952,0.365361972622144,0.626175293317517
0,1,0.31768166635672634,0.673698469400604,0.008619864242669821
1,1,0.29657810657272177,0.6967789470488674,0.0066429463784107344
0,1,0.32170178668285954,0.6709075843155611,0.00739062900157932
2,2,0.006175175724162746,0.3544556678089283,0.639369156466909
0,1,0.1550584296886984,0.8386096842407404,0.006331886070561157
1,1,0.08080686608458607,0.8834720793231303,0.0357210545922836
1,0,0.5301071916720238,0.46519428087595727,0.004698527452018951
0,1,0.3490677314297819,0.6441144811219197,0.006817787448298274
0,0,0.8598801915983354,0.1397044970548709,0.00041531134679365377
0,1,0.4800225221407365,0.5153502689207126,0.004627208938551011
1,1,0.21534217535085995,0.776402392623978,0.008255432025161978
1,1,0.06796773725198949,0.9150826593285035,0.01694960341950698
0,0,0.741622239211054,0.257252372464822,0.0011253883241240286
1,1,0.16834920661063463,0.7851721777068678,0.046478615682497566
1,1,0.14328029886898117,0.8385029944714378,0.018216706659581097
1,0,0.771270356079584,0.22731279831318546,0.0014168456072304362
1,1,0.09649175053180323,0.8612811773582317,0.04222707210996483
1,1,0.45228104280076387,0.5407531151039056,0.006965842095330568
2,2,0.011467875421474264,0.327348620664368,0.6611835039141577
0,1,0.4806445245849905,0.5170653696585358,0.0022901057564736834
1,1,0.18394029073429563,0.8082752430427218,0.007784466222982702
1,1,0.01833081539700539,0.8842397446436198,0.09742943995937488
1,1,0.14662435066707113,0.8376054340074996,0.01577021532542917
1,1,0.30634306773927455,0.675725820252189,0.017931112008536504
0,0,0.8867244909386935,0.11302744484162924,0.0002480642196771834
0,1,0.056220129711109214,0.8781687591017056,0.0656111111871852
0,0,0.9137286043959538,0.08606195735956551,0.0002094382444807053
1,1,0.23798036552147897,0.7428309744333541,0.019188660045166835
2,2,0.0028414251649677594,0.23159599782478596,0.7655625770102462
1,1,0.4075510112906283,0.5855619310342212,0.006887057675150476
0,0,0.6639067675166447,0.3352649493996237,0.0008282830837316188
1,1,0.14143301334451128,0.8447375598513781,0.013829426804110725
0,1,0.28662522146562336,0.6974265453013948,0.015948233232981727
2,2,0.00014856375516762523,0.06885171583377907,0.9309997204110532
0,0,0.545943334778743,0.45054127177711834,0.003515393444138649
0,0,0.5477859363223477,0.4491038822071065,0.00311018147054588
1,1,0.4756678240300585,0.5226525763271236,0.0016795996428179661
0,1,0.3363529621621644,0.6493036548860963,0.014343382951739373
2,2,0.00013970676979050239,0.08758122179929102,0.9122790714309185
0,0,0.7594719877378225,0.23898197360086115,0.0015460386613162732
1,1,0.35806787586637107,0.6364329957736194,0.005499128360009514
0,0,0.8761147312683819,0.12328474736216113,0.0006005213694570918
1,0,0.7736809716841981,0.22574095274363126,0.0005780755721707316
0,0,0.7441407782046082,0.2553505061660371,0.0005087156293547097
0,0,0.6435852619215986,0.35591902937814496,0.0004957087002565132
0,0,0.8947753727179053,0.10489567983634265,0.0003289474457520164
1,0,0.5862733141284658,0.41045021496476825,0.003276470906766013
0,0,0.6625667769578534,0.33517895917298957,0.002254263869157095
0,0,0.6973329873503278,0.30170722333044825,0.000959789319223984
1,1,0.06824310387521963,0.9058794049964773,0.025877491128303134
1,1,0.37726993652670254,0.6168424888338764,0.005887574639421135
1,1,0.05517322527219888,0.9218770259255314,0.022949748802269725
0,0,0.7534828685675585,0.24617142489195873,0.0003457065404828506
1,0,0.5610423664298064,0.43774684008954123,0.001210793480652358
1,1,0.4237282479237243,0.5679883965930674,0.008283355483208242
0,0,0.7093259528282763,0.28882439099898194,0.0018496561727417513
1,1,0.21079722495710296,0.783463655168386,0.005739119874510966
0,0,0.7354397714542196,0.26297182766881455,0.001588400876965904
1,1,0.32966683146598386,0.6638894753755014,0.006443693158514684
2,2,0.0007049261894248315,0.10383175965752234,0.8954633141530528
0,0,0.7608753800243598,0.23828754882888584,0.0008370711467542639
1,1,0.28908141236016155,0.7036057874348441,0.007312800204994348
0,1,0.26963258023978326,0.7206052290469784,0.009762190713238434
1,0,0.6889107070941086,0.309978171607471,0.0011111212984204384
0,1,0.2937216477519345,0.6962078386057586,0.010070513642306956
1,1,0.13721207931218407,0.844919199863642,0.017868720824173845
1,0,0.5634031255095705,0.4356045738848858,0.0009923006055437065
1,0,0.7176604855243314,0.28133851687809563,0.0010009975975730345
0,0,0.8760125768737667,0.12350766007647403,0.000479763049759363
0,1,0.32088384679409326,0.6693904386309244,0.009725714574982341
0,0,0.7869421458989186,0.21147901918907855,0.0015788349120028963
2,2,0.0004378971251783422,0.1802736675923775,0.8192884352824441
1,1,0.059379671263364915,0.8290991874616066,0.1115211412750283
0,0,0.7946687411372072,0.20424411622269018,0.001087142640102513
0,0,0.710550501845854,0.28808080942519837,0.0013686887289478115
1,0,0.6302878078143659,0.3681033965784955,0.0016087956071387393
0,1,0.1937714023492966,0.7916452388742191,0.014583358776484373
1,1,0.11537828117164294,0.8677098730036579,0.016911845824699265
1,1,0.44131036442042254,0.5529654975442119,0.005724138035365613
0,1,0.4203559389495612,0.5712022449382728,0.008441816112166007
1,0,0.6332076612791516,0.365933140431968,0.0008591982888803116
2,2,0.00254021083468531,0.19935484858508642,0.7981049405802282
1,1,0.4291442928736083,0.5678068776903866,0.003048829436005024
0,0,0.6393525525488585,0.3591669816937779,0.001480465757363596
1,1,0.312008104521312,0.6811051330045637,0.006886762474124371
0,0,0.8025705515131928,0.19610942194227432,0.0013200265445329172
1,1,0.055990790868088926,0.8590411771544332,0.08496803197747797
1,2,0.006035291176489707,0.31339497170275926,0.680569737120751
1,1,0.08488756794224558,0.8931564969102254,0.02195593514752886
1,1,0.22673364835568363,0.7460942323884159,0.027172119255900445
1,1,0.12357907913200604,0.8580816052719278,0.018339315596066087
0,0,0.8608860657765024,0.1382059182805724,0.0009080159429252836
1,1,0.29909106132588587,0.6957817251089627,0.005127213565151327
2,2,0.0023785858885749522,0.1605432557158865,0.8370781583955386
0,0,0.6730013648689859,0.3261705204479703,0.000828114683043764
1,1,0.16082869863936766,0.8269124250267184,0.012258876333913845
1,1,0.2626990849292415,0.7331277332778409,0.004173181792917711
1,1,0.08117336607546134,0.8983132381544775,0.020513395770061154
1,1,0.13915378179882476,0.8374725940847345,0.02337362411644082
1,0,0.7038302279255404,0.2943884320354233,0.0017813400390363908
0,0,0.7401994567349283,0.258710386713701,0.0010901565513705956
1,1,0.1710875190001443,0.8222598755842555,0.006652605415600137
1,1,0.053459453630357257,0.7651473820587701,0.18139316431087255
0,0,0.7773283446916952,0.22169530292820572,0.0009763523800989245
1,1,0.030283564231227893,0.9022461841941027,0.06747025157466942
0,0,0.5735876732337777,0.4246819334017115,0.0017303933645108685
0,0,0.8588888849323867,0.1406132894497637,0.0004978256178497768
0,0,0.8616281911952934,0.13798854552682593,0.0003832632778805991
1,0,0.7592200593297925,0.2395936102376787,0.0011863304325286316
0,1,0.37002949843891064,0.6250240277984054,0.004946473762683869
2,1,0.047726238013576006,0.8908987044911949,0.06137505749522921
1,1,0.49601511327182884,0.502178810451652,0.0018060762765191541
1,1,0.23286831005740544,0.7544715498244262,0.012660140118168402
0,0,0.6339044329058365,0.36281795315819887,0.003277613935964643
0,0,0.95004233035007,0.04982203220111361,0.00013563744881626237
1,1,0.1543006442960301,0.837464094485014,0.008235261218955799
0,1,0.1903258101043917,0.8016243314978606,0.008049858397747748
1,2,0.009479018224830889,0.3920059845681384,0.5985149972070307
1,1,0.2745629373736812,0.7180702218663604,0.0073668407599583405
0,1,0.3241876050928428,0.6616292121685257,0.014183182738631558
1,1,0.32841199802885707,0.6631485060237361,0.008439495947406832
1,0,0.6986800737628127,0.30050121353486037,0.0008187127023269773
0,0,0.6077119633576994,0.3890764659709153,0.0032115706713852638
1,1,0.2004056178405074,0.7801681027180167,0.019426279441475923
1,1,0.16905959369250953,0.7925307635745709,0.0384096427329197
0,0,0.73642450889955,0.26261460544160536,0.0009608856588445757
0,0,0.5331371309581763,0.4609485597681112,0.005914309273712609
1,1,0.12250583875627821,0.8659179770562155,0.011576184187506377
0,0,0.5695515453323934,0.4262595915347628,0.004188863132843956
0,0,0.8721062222342837,0.12754765663125905,0.00034612113445726283
0,0,0.8969129555203786,0.10274582598106483,0.0003412184985564632
1,1,0.4893981762226315,0.503761510491171,0.006840313286197379
1,1,0.36738218843127995,0.6215339790527427,0.011083832515977433
0,0,0.7591664121438587,0.2399383262326109,0.0008952616235304189
1,1,0.1622183141874055,0.8290842072548117,0.008697478557782677
1,1,0.09582799349264946,0.8356161333432065,0.06855587316414402
1,1,0.3657376410988832,0.6283569711329828,0.005905387768134133
0,0,0.5976320615703407,0.40101206363538744,0.001355874794271895
1,1,0.04678001496430924,0.9156032837273838,0.03761670130830704
1,1,0.03676061312048919,0.9268889502364864,0.036350436643024384
1,0,0.7173410616106861,0.28100495906606543,0.0016539793232484793
1,1,0.2781532049213439,0.7150111935361186,0.006835601542537489
0,0,0.6374493478162762,0.3615949509556056,0.0009557012281184089
1,1,0.31524183816943957,0.6724269734266812,0.012331188403879182
1,0,0.7187128201699617,0.27968723761854297,0.0015999422114952291
1,0,0.7274179205662074,0.27049351476949396,0.0020885646642986675
1,1,0.3066915295763232,0.6902388488364123,0.0030696215872646174
1,1,0.026990414773947622,0.9152140941396376,0.057795491086414706
0,1,0.1834545805478856,0.7992488546461017,0.01729656480601268
2,2,0.0006673761266750161,0.10265235530480409,0.896680268568521
0,0,0.7715532592826733,0.22782232743373942,0.0006244132835872821
0,1,0.4057821503448153,0.5866628638379191,0.007554985817265553
1,1,0.25117405071349214,0.742588010196595,0.006237939089912781
0,0,0.5114599572010647,0.4818304408017874,0.006709601997147768
0,0,0.6046861138150472,0.3935286003513624,0.0017852858335903191
0,0,0.5664833317367008,0.4309596619178948,0.0025570063454043133
1,1,0.19096777129413967,0.8022036115362242,0.0068286171696361475
0,0,0.6936706095819691,0.3058381420036805,0.0004912484143504433
0,0,0.7932525560606012,0.20633605167928723,0.0004113922601114735
1,1,0.33377503307899015,0.6547813805765684,0.011443586344441509
1,1,0.36431954262918526,0.6305877164394065,0.0050927409314081625
1,0,0.7323758451444847,0.2671152801891142,0.0005088746664011283
2,1,0.08716214727011247,0.873742238953527,0.0390956137763606
0,0,0.5306604339921283,0.46309615137564225,0.006243414632229459
1,1,0.44780027416287244,0.5485265667308336,0.003673159106293985
2,2,0.005342149151702954,0.4688678667631806,0.5257899840851165
1,1,0.14299221866152437,0.8078212439740365,0.04918653736443919
0,0,0.8159189154425883,0.18315515253857093,0.0009259320188408878
1,1,0.2709409674661933,0.7115646787164339,0.017494353817372802
1,1,0.13265600573591405,0.8480649179215799,0.019279076342506033
1,1,0.37816297876137284,0.6183815992775422,0.003455421961084959
1,1,0.029092255354997813,0.8773281683127552,0.093579576332247
0,0,0.5692129980694318,0.4294585137930266,0.0013284881375415967
1,1,0.23176038526586015,0.7590015606240431,0.009238054110096703
0,1,0.24204786811194348,0.7402869279063314,0.01766520398172506
1,1,0.15505490610167288,0.8360454624945575,0.008899631403769577
1,1,0.11745302506764585,0.8681412303663777,0.014405744565976522
1,1,0.09037666285268062,0.8901928615295043,0.019430475617815156
2,1,0.01376942596735173,0.674967494410031,0.3112630796226172
1,1,0.062266089825006365,0.8051996087883302,0.13253430138666353
0,0,0.6584740880168058,0.34052467096968186,0.0010012410135122943
1,1,0.25031729655818463,0.7388827410979515,0.010799962343863939
1,0,0.503776347810668,0.4928173682097043,0.0034062839796276914
1,1,0.4123880849271988,0.5812894098950864,0.006322505177714849
0,1,0.39859097643150904,0.5986814217480865,0.002727601820404526
0,0,0.6456478749659402,0.3498533782892269,0.004498746744833009
1,1,0.01611318121155976,0.8944420270142325,0.08944479177420767
1,0,0.6036538519191902,0.39429411178773954,0.0020520362930702054
1,1,0.2634633317330648,0.7237293405312382,0.01280732773569695
0,0,0.8106847407648705,0.18773402959517335,0.001581229639956214
1,1,0.1689066456686889,0.8188788328197114,0.012214521511599657
0,1,0.07197943516314498,0.8751112980717545,0.05290926676510068
1,1,0.20755928182184158,0.7708282082877824,0.021612509890376046
1,0,0.8064350904229286,0.19299991163425229,0.0005649979428191692
0,1,0.4194170924413411,0.5769141349678718,0.0036687725907870172
1,1,0.4481571545224155,0.5477826975488884,0.004060147928696081
0,1,0.3013676855270973,0.6899720860858581,0.008660228387044479
1,1,0.36362034517011,0.6327929361478389,0.0035867186820511205
1,1,0.06142354368377818,0.9182586767702166,0.020317779546005388
1,1,0.12658546166888843,0.8624118075383704,0.011002730792741037
1,1,0.20114903038351925,0.7872079757839671,0.01164299383251377
0,0,0.8974263620963894,0.10221721371274302,0.0003564241908674291
0,1,0.30209053348793014,0.6918948992414458,0.0060145672706240745
0,0,0.6989259699648497,0.29955475047314634,0.0015192795620039361
1,1,0.044154459108440645,0.7192710087122092,0.23657453217935034
0,0,0.5805733881659477,0.41726050587878816,0.002166105955264166
0,0,0.5484447085064171,0.44923620641507067,0.0023190850785121645
0,0,0.7587188560186479,0.2403966395334606,0.0008845044478916025
1,0,0.579210560861724,0.42008637321068565,0.0007030659275904873
0,1,0.3381458322714401,0.6584545319357918,0.0033996357927680884
0,0,0.7628922336693149,0.23652282786896114,0.0005849384617239754
1,1,0.2928767274502684,0.6954477295453229,0.011675543004408703
1,1,0.22593418865246542,0.767507896584529,0.006557914763005551
0,1,0.4633228130424843,0.5337119899587311,0.0029651969987846524
1,1,0.18399860955284164,0.8076374270959561,0.008363963351202215
1,1,0.20141343955178825,0.7781046870065155,0.020481873441696215
1,1,0.18507604331334204,0.8097280560260396,0.005195900660618272
1,0,0.5764957308108989,0.4193564777205404,0.0041477914685606986
1,0,0.8198542721960466,0.17933806203212385,0.0008076657718295782
1,1,0.23076762651633106,0.7449577559972187,0.024274617486450146
1,1,0.15798578256812007,0.8344295371901996,0.007584680241680272
0,0,0.5484062791024523,0.44589791064838136,0.0056958102491663255
1,2,0.01169055368959233,0.37357710659535776,0.6147323397150499
1,1,0.09867768387252954,0.8616977210962334,0.03962459503123714
0,1,0.08557109664705245,0.871362541536844,0.0430663618161036
0,0,0.8590201211696362,0.14043703032744892,0.0005428485029149033
0,0,0.5974575128826053,0.4006017944930068,0.0019406926243877084
1,1,0.2660300195899337,0.7275394315095939,0.006430548900472262
0,1,0.10945569693111706,0.8746904805209106,0.015853822547972383
0,1,0.17673310767053474,0.8184099612797684,0.004856931049696911
1,1,0.036557341501078235,0.9055993008709708,0.05784335762795092
1,1,0.11927453350799568,0.8530982711980913,0.02762719529391298
1,1,0.383790291449703,0.6134910491847514,0.002718659365545525
1,1,0.26209414463335234,0.7215477920247015,0.016358063341946068
0,0,0.8555099999206647,0.14370161598799822,0.0007883840913372228
0,0,0.6880703653964656,0.3108486592915284,0.0010809753120058535
1,1,0.26172156865935176,0.7248719733048541,0.013406458035794098
0,0,0.5786602551476532,0.4185537765673535,0.0027859682849933442
0,0,0.5532144160568776,0.44086373679112495,0.005921847151997438
0,0,0.8277925711128225,0.17151190648149112,0.0006955224056864899
0,0,0.7907671375446867,0.2084663628859213,0.0007664995693918458
0,0,0.9027846429033495,0.09688923623495681,0.0003261208616936813
1,1,0.19174507825645695,0.8029279088331007,0.005327012910442355
1,1,0.11004490988413992,0.8512401766012928,0.03871491351456735
1,1,0.2653685466864471,0.7183248021101775,0.016306651203375412
0,0,0.7270503802374936,0.2717534169362538,0.0011962028262525546
2,2,0.04557822854845965,0.4642973762716887,0.4901243951798517
1,1,0.06704144718124076,0.9084244297768436,0.024534123041915816
1,0,0.6542574964144501,0.3436674958181056,0.002075007767444284
0,0,0.6949957180920528,0.30294051810472616,0.0020637638032208494
1,1,0.3360575403083753,0.6582627345158969,0.00567972517572778
1,1,0.015579423652338619,0.9220564582132142,0.06236411813444729
0,0,0.6393464835166399,0.35931321040057196,0.0013403060827881807
1,0,0.5808286307976547,0.4165362676479182,0.002635101554427201
1,1,0.33642418877771413,0.6568392637677168,0.006736547454569087
0,0,0.7047431893504337,0.2940271478970385,0.0012296627525278023
1,0,0.6830414743486569,0.31577926750894486,0.0011792581423982148
1,1,0.07412486678554901,0.8933927013699371,0.03248243184451385
1,1,0.016537532183033804,0.6858767061516906,0.29758576166527556
2,2,0.016418011911671207,0.4044792660361109,0.5791027220522179
0,0,0.5771144763325824,0.42119787278299664,0.0016876508844209169
2,2,9.993880440864982e-05,0.01208846274326645,0.9878115984523248
1,1,0.051977014084617065,0.8559537987735967,0.09206918714178638
0,1,0.4323783435937577,0.5639160006226347,0.0037056557836076184
1,1,0.44782957705526144,0.5478596203857842,0.004310802558954432
1,1,0.25716404419298794,0.7363801782568576,0.0064557775501543875
2,2,0.00113186927601217,0.07573241271147609,0.9231357180125118
1,1,0.01823407120769314,0.931515130999902,0.05025079779240473
1,1,0.21432837871409663,0.7793990607725748,0.006272560513328565
1,1,0.3496354453490498,0.6464793818077245,0.003885172843225665
1,1,0.3590426627080073,0.6358685548853069,0.005088782406685845
1,0,0.8087590762855958,0.19036862548903535,0.0008722982253688545
1,1,0.05826003579630638,0.894312142367716,0.0474278218359777
2,2,0.015017521846638883,0.36585682373692874,0.6191256544164324
1,1,0.3261330447074827,0.6605847962320234,0.0132821590604938
1,1,0.2393738761059588,0.7565359931168678,0.00409013077717342
0,0,0.6830076984105939,0.3138414920283674,0.003150809561038681
2,2,0.0005106531376177363,0.09630336121678347,0.9031859856455988
0,0,0.5528676038556862,0.43593133676783996,0.011201059376473749
0,0,0.8487141235825406,0.15065462598525467,0.0006312504322047225
1,1,0.23608419414116605,0.7544632124768968,0.009452593381937208
0,0,0.9022920418399972,0.09713739037477419,0.000570567785228759
0,1,0.44326256324543173,0.5494405997909629,0.0072968369636052756
1,2,0.006497817488579597,0.40643374404147653,0.5870684384699438
1,1,0.1686790761511072,0.8085189443072661,0.022801979541626546
1,1,0.12160123699858633,0.8641091677758432,0.014289595225570545
1,1,0.2600438528849477,0.7329475993114559,0.007008547803596265
1,1,0.3441442870614857,0.6493462581829909,0.0065094547555233605
1,1,0.2799798245523742,0.7117627312017859,0.008257444245839948
2,2,5.4666330075129536e-05,0.008433473499085875,0.991511860170839
1,0,0.5833280871047597,0.415644066303689,0.0010278465915512518
1,1,0.16937026919614795,0.8093484718671713,0.02128125893668078
0,0,0.8926351033603951,0.10685820854274033,0.0005066880968646522
0,0,0.8664403756787337,0.1328650891770689,0.0006945351441974173
1,1,0.4091001972379538,0.5864958212818697,0.004403981480176494
0,0,0.9293316649305302,0.07049862194651123,0.00016971312295854164
1,0,0.8803975309032133,0.11916869089135831,0.0004337782054283329
1,1,0.04318570515773868,0.932036219107332,0.02477807573492936
1,1,0.19380284724494481,0.7895772220861099,0.0166199306689452
0,1,0.3993343982569059,0.5964373074435186,0.004228294299575543
1,1,0.07114463198580062,0.9139861213155301,0.01486924669866937
1,1,0.19647214711972377,0.7837325273916671,0.019795325488609225
0,0,0.7674005958560317,0.23120357824126278,0.0013958259027055673
1,0,0.7540211754209714,0.24456695184260668,0.0014118727364221375
0,0,0.6529923992217658,0.34438375246363695,0.002623848314597274
1,1,0.04597955051719787,0.9189626213156489,0.03505782816715328
1,0,0.599272786309633,0.395927443637823,0.0047997700525440334
1,1,0.09951159443337843,0.882561854297088,0.017926551269533606
0,0,0.8444511022985195,0.15494084133127828,0.0006080563702022286
1,1,0.16432362567771627,0.8168167003704718,0.018859673951811838
0,1,0.14640285640045134,0.8370514675563346,0.016545676043214046
1,1,0.22497079595663397,0.7647662413860417,0.010262962657324496
0,0,0.5706815823612004,0.4251599795033746,0.004158438135425097
1,1,0.1552915106199544,0.8364150443211158,0.00829344505893001
1,1,0.023228249051030537,0.8949128935381094,0.08185885741086021
0,0,0.9136826799358065,0.08608639174087297,0.00023092832332059361
0,1,0.3840318564305589,0.6104753329304502,0.005492810638990947
1,1,0.06313106680039647,0.9263198218765087,0.010549111323094707
1,1,0.06973822904205451,0.8940586503818992,0.03620312057604636
1,1,0.4388084084511177,0.5553842414882643,0.005807350060618068
1,1,0.11703776012240465,0.8618256373949807,0.021136602482614675
1,1,0.16193139079117314,0.8218766194228764,0.01619198978595049
0,1,0.3660828687243321,0.628587690940855,0.0053294403348129425
1,1,0.17546281912552494,0.8143695279549925,0.010167652919482583
0,1,0.49295818998896795,0.5001619943392107,0.006879815671821287
0,0,0.8411142003828219,0.15814449121257526,0.0007413084046029301
1,1,0.16232532032970032,0.8286359782851179,0.009038701385181685
1,1,0.13949365213890308,0.8234008942844271,0.03710545357666994
1,1,0.07103887335839583,0.9105437158582228,0.018417410783381206
1,1,0.13570893218338415,0.8541129614300212,0.010178106386594714
1,0,0.8204528050092875,0.17903962832165055,0.0005075666690618566
0,0,0.8271769896964222,0.17221728615041043,0.0006057241531672798
1,1,0.422489184731844,0.5741645765482303,0.003346238719925833
1,0,0.5197233715396208,0.47806479758900927,0.0022118308713699963
1,0,0.49809773297376697,0.49680412639735566,0.005098140628877371
0,1,0.4373093813620717,0.5594764591950124,0.0032141594429158436
0,1,0.43111602755819406,0.565128961393789,0.00375501104801703
1,0,0.7962594831866943,0.2024090934904003,0.0013314233229054465
0,0,0.6380479141059654,0.36031333816709055,0.0016387477269441152
1,0,0.8394899653984628,0.16018909316700403,0.00032094143453324504
0,1,0.15575858016471256,0.8281227507814435,0.016118669053844046
1,1,0.13747553820297126,0.8402844429191181,0.022240018877910685
0,0,0.6804573267009574,0.31770504780815045,0.0018376254908923119
0,1,0.34255715114995416,0.642788202291141,0.01465464655890481
1,1,0.09040229359110871,0.8921046533238906,0.017493053085000668
0,0,0.7718276247026667,0.22763327403835243,0.000539101258980817
2,2,0.0004900119580600041,0.072307913083483,0.927202074958457
1,0,0.757011698200001,0.24193143564905176,0.001056866150947203
1,2,0.008627032686036469,0.4088494535581312,0.5825235137558323
1,1,0.2517754089902304,0.7319811245192719,0.016243466490497686
2,2,0.00010886144341188787,0.06022071945915433,0.9396704190974338
0,0,0.6439587943185011,0.35309532541229993,0.002945880269198892
0,0,0.5917727900940137,0.40671348372379007,0.001513726182196335
1,1,0.3446922489924643,0.6492016214000105,0.00610612960752524
1,1,0.07754131480960993,0.8928862669684251,0.02957241822196511
1,0,0.5545385226756906,0.4391094171104142,0.0063520602138953134
1,1,0.10833844610533297,0.8609380506047146,0.03072350328995236
0,0,0.6940452263015434,0.3045638058473118,0.0013909678511448281
0,0,0.6096161537917909,0.38785655578788125,0.0025272904203278244
0,0,0.5192987159394669,0.4794466369365655,0.00125464712396768
1,1,0.10252006381528489,0.8813243578340696,0.01615557835064538
1,1,0.40596286598223114,0.5929877870178412,0.0010493469999276887
0,0,0.6817570168331627,0.3159063195863267,0.0023366635805107203
1,1,0.07243720116119823,0.8970154367005844,0.03054736213821737
0,0,0.7156558639859714,0.28320845377661413,0.001135682237414395
1,1,0.05172001548338261,0.9211381969066268,0.027141787609990534
0,0,0.6946963252481164,0.3041652988160797,0.0011383759358038357
1,0,0.5389915100504272,0.4585331053673881,0.002475384582184661
0,0,0.5894207939771872,0.40831354640529566,0.0022656596175172974
0,0,0.6575665077485026,0.3405417104472803,0.0018917818042170796
0,0,0.6779734137729426,0.32026068874958513,0.0017658974774722974
0,1,0.3467400942932277,0.6471332056569153,0.006126700049856896
0,0,0.8625421560856442,0.13699474530301925,0.00046309861133647813
0,0,0.5974069331773386,0.40059197212062114,0.0020010947020402295
0,0,0.7763994043901858,0.22244918474828423,0.001151410861529823
1,1,0.20479239434351498,0.782737055766045,0.012470549890439905
0,1,0.42922896283490375,0.5647997255725293,0.005971311592566976
1,1,0.3597554347541781,0.635939023344396,0.00430554190142599
1,1,0.08119784578173007,0.8981741103366395,0.020628043881630403
0,1,0.2843512127654164,0.7100931354428939,0.005555651791689784
1,1,0.48090152994574403,0.5164291806353932,0.0026692894188627588
1,1,0.407337247714333,0.5858912859549233,0.006771466330743645
1,0,0.7507241588316278,0.2484971455517142,0.0007786956166580591
2,2,0.0015913401636961386,0.1880457156932417,0.8103629441430622
1,1,0.11577995148846833,0.8743754365837321,0.009844611927799476
1,1,0.4578021128405143,0.5376067239952446,0.004591163164241178
1,1,0.13814213115968876,0.8521603090501987,0.00969755979011253
1,1,0.06896782986625899,0.8851108908781916,0.045921279255549466
1,1,0.1408806531849402,0.847733315821339,0.011386030993720793
1,2,0.00848840698625503,0.39555393130852634,0.5959576617052186
0,0,0.5929129119970067,0.4050423320722966,0.002044755930696788
0,0,0.6552288297797098,0.342938520031349,0.0018326501889412079
1,1,0.2227478017229543,0.7741285077453715,0.0031236905316742404
0,1,0.4181748293804718,0.5728350003344463,0.00899017028508193
1,0,0.800575244283149,0.1985621128008109,0.000862642916040191
1,1,0.3485042117451127,0.6471828610069772,0.004312927247910137
1,1,0.2747070386630597,0.7011783502754464,0.02411461106149392
0,1,0.2390061579589005,0.7373195820845507,0.023674259956548815
1,1,0.2918376650669339,0.6962359612808375,0.01192637365222871
0,0,0.7913998201495459,0.20742800931860172,0.0011721705318523297
1,1,0.22979137701988278,0.749139522243988,0.021069100736129245
0,0,0.7944863688537958,0.2043231151353484,0.0011905160108557546
0,1,0.35286856711818626,0.638744280087922,0.00838715279389188
0,0,0.7041779285491906,0.2939290713130408,0.0018930001377685573
0,0,0.9677500463550227,0.032223315823259074,2.6637821718214664e-05
0,0,0.7537314342928482,0.24591778873401246,0.00035077697313929686
0,0,0.5041749538967928,0.4935885466388565,0.002236499464350713
0,1,0.2101748038395779,0.7826804037742956,0.0071447923861265895
1,0,0.8701421740218029,0.12889311206228,0.0009647139159171019
0,1,0.21112587055128706,0.7629513029239656,0.025922826524747224
2,1,0.05127248733736982,0.8471645294285204,0.1015629832341098
1,1,0.07899919634455911,0.8996570242349116,0.02134377942052936
1,1,0.2344066766950978,0.7563824242881635,0.009210899016738796
1,1,0.18100462305711668,0.8055420735910979,0.013453303351785467
0,0,0.5467907952850638,0.44807284739152214,0.005136357323414047
0,0,0.5333107794720237,0.4637125852260593,0.0029766353019170157
1,1,0.05005937524341805,0.8673802535504174,0.0825603712061646
2,2,0.0015746030897992253,0.15745594397280668,0.8409694529373941
1,1,0.1904828638969369,0.7923182357140496,0.01719890038901346
0,0,0.820619481109352,0.1788435771841742,0.0005369417064737962
1,1,0.22830974234979362,0.752910779546828,0.018779478103378325
1,1,0.08321241673136347,0.8816819871021804,0.03510559616645629
1,1,0.1409069719734223,0.8379662200393194,0.02112680798725828
0,0,0.9072276784910321,0.09217552345342105,0.0005967980555466914
0,0,0.6383753556810783,0.3604094646908268,0.001215179628094876
0,1,0.4021517928281024,0.5927207978736648,0.005127409298232833
0,0,0.6967778171631874,0.30192807485523293,0.0012941079815797156
1,0,0.602465546693413,0.39444348332726853,0.0030909699793184088
0,0,0.5407754206878799,0.45349079954999827,0.005733779762121926
0,1,0.05708747384723145,0.8844070305515092,0.05850549560125943
1,1,0.4181936243917335,0.5779278644969352,0.0038785111113312392
0,0,0.8077800561309944,0.1910734042478414,0.0011465396211641603
0,0,0.6815632861905192,0.31634450420053883,0.002092209608941899
2,2,5.583803293273626e-05,0.03289765108900261,0.9670465108780646
1,1,0.055767284979848286,0.8921463745601631,0.05208634045998867
1,1,0.04556968896107143,0.9048977395466942,0.04953257149223424
1,1,0.3122336949657401,0.6821710978503186,0.005595207183941129
0,0,0.6929473456787317,0.3048888996639764,0.0021637546572917964
0,0,0.8695179366405328,0.1300347988884067,0.00044726447106067143
1,1,0.3365015824327541,0.6496677903444117,0.013830627222834225
1,1,0.051809755966627326,0.9389154202126694,0.009274823820703245
1,0,0.5205819878881133,0.4770580005303304,0.002360011581556363
0,0,0.5121413861331312,0.48604493408195343,0.0018136797849154433
1,1,0.24992901689220784,0.7426286984067072,0.007442284701084945
0,0,0.9068771892134845,0.09276492914343532,0.0003578816430803068
1,1,0.266471047539766,0.7308800823653264,0.0026488700949077364
2,2,0.0037067470213968472,0.2523611350928185,0.7439321178857847
1,1,0.0827291293253518,0.9044996583363252,0.012771212338323007
0,0,0.7764199881626206,0.2220972757921451,0.0014827360452342622
0,0,0.5961551743532351,0.4020465625679241,0.0017982630788409084
1,0,0.6079146026502991,0.39117220261784913,0.0009131947318519254
0,0,0.7307403194408351,0.2685566731201978,0.000703007438967011
0,1,0.43136666640898574,0.5651441874781311,0.003489146112883151
0,1,0.40002714301014963,0.5934829155688575,0.006489941420992888
1,1,0.2930633098894319,0.6965477028131193,0.010388987297448802
1,0,0.6702421131974392,0.32897331744773034,0.0007845693548304165
1,1,0.05853621608969232,0.9066716054632407,0.034792178447067015
0,0,0.6572609432263553,0.3398172830793724,0.0029217736942722767
1,1,0.22344055205583063,0.7693249976461554,0.007234450298014056
0,1,0.4869058643014101,0.5109059540656371,0.002188181632952769
0,1,0.41207814469173504,0.5787332400731271,0.0091886152351378
0,0,0.8669043166201498,0.13269416024839573,0.000401523131454499
0,0,0.8147527494163505,0.18426887534423186,0.000978375239417738
0,0,0.7954258676319659,0.20426702119840734,0.0003071111696267329
1,1,0.4789490568046077,0.5082154951574518,0.01283544803794041
0,0,0.7739496633694957,0.2253616977234733,0.0006886389070310116
1,0,0.503463711153105,0.49289439649792666,0.003641892348968389
1,1,0.05140848600760571,0.9188931705306457,0.029698343461748773
0,0,0.5355347174302243,0.46130228611738494,0.003162996452390705
1,1,0.14141350544281678,0.8262142868721948,0.03237220768498834
1,1,0.1651926174796981,0.8236434040080091,0.01116397851229291
1,1,0.0178710887846634,0.9127807848067432,0.06934812640859353
0,0,0.76058967734304,0.23870286794202644,0.0007074547149336952
0,0,0.6125473422187814,0.3860330327740829,0.0014196250071356992
1,1,0.4694168769397307,0.5257854113694311,0.004797711690838193
0,0,0.6193811785230525,0.3778590039888091,0.0027598174881383764
0,1,0.4584582775995775,0.5375090418929128,0.004032680507509609
0,1,0.3521829287551308,0.6427766977781876,0.005040373466681729
0,0,0.5337613478383295,0.46424605326522067,0.0019925988964497824
0,0,0.5624069386485795,0.435646305758648,0.0019467555927725041
1,1,0.0989531124137235,0.8739968854178128,0.0270500021684637
1,1,0.10572028200793197,0.8548174752953536,0.03946224269671455
1,0,0.8293026889618476,0.170426474513694,0.00027083652445836226
0,0,0.7112098227758538,0.28748539421145436,0.0013047830126919225
1,0,0.6142791501761296,0.38289651152846754,0.002824338295402986
0,0,0.5846142434898947,0.4141199953896813,0.001265761120423909
0,0,0.9330194723297656,0.06662637345988119,0.00035415421035322185
0,1,0.34213597052257594,0.6514636359033885,0.0064003935740356305
2,2,0.003741472863995667,0.21850398187543524,0.7777545452605691
1,1,0.23771609816383749,0.7448026119956369,0.01748128984052555
1,1,0.23192746902292147,0.7604458373766096,0.007626693600468803
0,1,0.3581651684753504,0.6355674872099163,0.00626734431473332
2,2,0.01032543487142866,0.3629033692669075,0.6267711958616637
0,0,0.8356413885407262,0.16408839100353656,0.00027022045573729225
1,1,0.3702176332152702,0.6153500531304728,0.014432313654256975
1,1,0.144890340439526,0.8431584996966079,0.01195115986386589
1,1,0.06375782908644038,0.8791145332618202,0.05712763765173959
1,1,0.17989724299762694,0.8068821592384477,0.013220597763925424
2,2,0.0006600882945826204,0.0473477818410458,0.9519921298643715
1,0,0.6131347565569483,0.3835372781874634,0.0033279652555883075
0,1,0.3347787657089953,0.6469875730485701,0.01823366124243452
0,1,0.4688099100138071,0.5289097394602656,0.002280350525927344
0,0,0.7772869310456607,0.2223353570862156,0.00037771186812386
1,2,0.006105203919452882,0.24573173222575176,0.7481630638547953
0,0,0.7960393100353707,0.20309643376460706,0.0008642562000222715
2,2,0.005500210612021772,0.2464021625554378,0.7480976268325404
1,1,0.3074952740805064,0.6823392990685284,0.010165426850965106
0,1,0.12034653982507686,0.869354285640949,0.010299174533974062
0,0,0.60829038103851,0.390486836022228,0.0012227829392621567
2,2,0.006869619148780358,0.2623399309466387,0.7307904499045809
0,0,0.5968400089876312,0.40058773165255906,0.0025722593598098394
1,1,0.15151668635507154,0.8015964958230735,0.04688681782185497
1,1,0.06861759403401319,0.909802293675522,0.02158011229046475
1,1,0.07585596383015421,0.882364549165574,0.041779487004271615
0,0,0.7433083978609866,0.2555269485809497,0.0011646535580637197
1,1,0.3615043834225982,0.6269677642200885,0.011527852357313226
1,1,0.02766063282467432,0.921868102865205,0.0504712643101206
1,1,0.05255126231359733,0.9116541476821823,0.03579459000422035
0,1,0.40209457815912897,0.5928589876739253,0.005046434166945758
1,0,0.5724467546790108,0.4248006319860487,0.0027526133349404496
1,1,0.13106412667468056,0.8541791238032442,0.014756749522075147
1,0,0.5288084350317088,0.468151378076126,0.0030401868921651537
1,0,0.6592336084141218,0.3398457759328496,0.000920615653028629
1,0,0.6936254893952992,0.3055138631965304,0.0008606474081702803
0,0,0.8121662733214314,0.18702366721841204,0.0008100594601564239
1,1,0.05612852973614522,0.9241409635504119,0.01973050671344298
1,1,0.29930922289949513,0.6939122840016367,0.006778493098868189
0,0,0.5953320276651752,0.402368261182473,0.0022997111523517626
0,1,0.2671508176478805,0.7189880633665741,0.013861118985545312
2,2,7.544782672585018e-05,0.02136306756533939,0.9785614846079347
1,1,0.054625381709429134,0.9226415332982858,0.022733084992285074
0,0,0.6158002330983393,0.3796139262061643,0.004585840695496333
0,0,0.672464574698726,0.32636926199049715,0.0011661633107768828
1,0,0.7585530742146963,0.24024040651967757,0.001206519265626115
2,1,0.01586539571079609,0.6114453453547313,0.3726892589344727
1,0,0.6661691566561829,0.33288255933310706,0.000948284010710071
1,1,0.39593945449493495,0.5887001846454751,0.015360360859589976
1,1,0.19824159479168557,0.7941652254032827,0.007593179805031807
1,0,0.5407364248346046,0.4528898688623413,0.006373706303053949
1,1,0.35541932350822697,0.6386572646342735,0.005923411857499444
0,0,0.7098135914328771,0.2884446352591498,0.001741773307973231
1,1,0.20861997221436543,0.7807515502148215,0.010628477570813142
1,1,0.2177848699923588,0.7606518767017282,0.021563253305913032
0,1,0.1635572557171184,0.8203400120440697,0.01610273223881195
1,1,0.34175828361569927,0.652535523583527,0.005706192800773853
0,0,0.8412156461913352,0.15800160412336192,0.0007827496853029407
0,0,0.6754959436378899,0.322774448069674,0.0017296082924362192
0,0,0.5642661411325066,0.4337272458946854,0.0020066129728079666
1,1,0.3101839582939456,0.6800649413987039,0.009751100307350435
1,1,0.19224069968457633,0.7955041368726903,0.012255163442733367
1,0,0.5399053757258697,0.4572019686012927,0.002892655672837708
0,0,0.6211170987127973,0.3764253970949531,0.0024575041922495753
1,1,0.0684006407622899,0.9149782322622267,0.01662112697548329
0,0,0.9167972410945908,0.08292301711784032,0.0002797417875689657
0,0,0.7493272877851287,0.24992773860335846,0.0007449736115127429
0,0,0.829262016094848,0.1703117736184815,0.00042621028667057205
2,2,0.00235401010517308,0.18993934982674704,0.8077066400680798
1,1,0.16307972540091192,0.8283007477889883,0.008619526810099766
0,0,0.78873205759333,0.21092697411775727,0.00034096828891281954
1,0,0.7722236590384419,0.22667115295080223,0.0011051880107559474
1,1,0.1708726400903391,0.8131949451301926,0.015932414779468284
1,1,0.09772445590655787,0.8584372574134002,0.043838286680042
1,1,0.2294387349932251,0.7631160324472626,0.007445232559512408
1,2,0.006206017953355236,0.227818128601024,0.7659758534456208
1,1,0.1557352449433543,0.8281853192728307,0.016079435783815058
1,1,0.38383831463917206,0.6069723278177726,0.00918935754305525
1,1,0.2626970979226104,0.7016084751520607,0.03569442692532884
0,1,0.28829574474129704,0.6939865529440127,0.017717702314690196
1,0,0.6818763777826656,0.31619744820142986,0.0019261740159043806
1,1,0.34930512255443125,0.6462070414819387,0.004487835963630091
0,1,0.431902537302242,0.5606263257628199,0.007471136934938023
0,0,0.5513812943451237,0.4463741795654065,0.00224452608946983
1,1,0.025948748307552092,0.9146390263954147,0.05941222529703308
1,1,0.318588323195677,0.6735874841773339,0.00782419262698903
1,1,0.18176112001517256,0.8095380955365635,0.008700784448263799
1,1,0.3581072182446184,0.6331300486790438,0.00876273307633779
1,1,0.48752378667355445,0.5104353943934843,0.0020408189329613247
1,0,0.7104762726693064,0.2890728381606713,0.0004508891700225171
0,0,0.6335065047889306,0.3646977423596752,0.0017957528513941154
0,0,0.8167217976401887,0.18217799624867334,0.0011002061111379357
1,1,0.09342286918746971,0.8648271235237098,0.04175000728882033
1,1,0.2269753453828464,0.7667585284070783,0.006266126210075463
0,0,0.7207332265312045,0.27704282185077533,0.002223951618020176
1,1,0.24759784688006778,0.7377467042129469,0.014655448906985512
1,1,0.43522746555475234,0.5609172837178934,0.003855250727354296
0,1,0.15022018619264987,0.8294964870189051,0.020283326788444897
1,1,0.43401016891510674,0.5645036557545108,0.0014861753303825112
1,0,0.6126555456924456,0.38542366951636325,0.0019207847911909975
1,1,0.36691166250143364,0.6248365438849054,0.008251793613661032
0,0,0.6502281487292386,0.34814414365579643,0.0016277076149649463
0,0,0.8080013446791254,0.19144969730475936,0.0005489580161152727
0,1,0.045777412942201196,0.8771769172146617,0.07704566984313703
1,1,0.079653598234479,0.5850682550567445,0.33527814670877654
1,1,0.3347561925250293,0.6582424563034084,0.007001351171562171
1,1,0.21704071202577185,0.7729167199981984,0.010042567976029704
0,0,0.5966812580238586,0.40214118038066415,0.001177561595477228
0,0,0.6035895711604061,0.3927264640213387,0.0036839648182551447
2,2,0.0034704997794199697,0.24891550886319494,0.7476139913573852
0,1,0.2266615986204621,0.7587358280106382,0.014602573368899651
0,0,0.664764345219441,0.33255140477855644,0.0026842500020024082
1,1,0.22913408378315991,0.7620113266161844,0.008854589600655629
0,0,0.6717639476013355,0.32706676597984585,0.0011692864188186623
0,0,0.5781076468732526,0.41714608211068294,0.004746271016064598
0,0,0.7081334622966231,0.2912438967912121,0.0006226409121648965
0,1,0.35118911248848184,0.6457624115737123,0.003048475937805826
1,1,0.2696880722651407,0.707552967665725,0.022758960069134363
1,0,0.5994306342468303,0.39800660900747387,0.002562756745695759
0,0,0.7563591246007607,0.24323959380697072,0.00040128159226847674
1,0,0.6327026486610691,0.3665629005491448,0.0007344507897860802
2,2,0.0012654198850562022,0.1482616470253951,0.8504729330895486
1,1,0.40470768418334496,0.5888711716913566,0.006421144125298422
1,1,0.3155486822893706,0.6693405149263166,0.01511080278431266
1,0,0.5534498609348998,0.44190895771244193,0.004641181352658141
1,1,0.3146228836362903,0.6804584873291545,0.004918629034555113
1,1,0.37233606336547626,0.6130725415298807,0.014591395104642914
0,0,0.5744008499958625,0.42313234645120096,0.0024668035529364384
1,1,0.4230566621922417,0.5675876178762191,0.009355719931539115
1,1,0.3743332479932509,0.6220162159274568,0.003650536079292392
1,1,0.24059587717918188,0.7542111979566105,0.005192924864207623
1,1,0.11367458923536847,0.8652143900126212,0.02111102075201011
1,1,0.3943947692402786,0.6022916602294469,0.0033135705302745812
1,1,0.3984295239782047,0.5920872705442828,0.009483205477512632
1,1,0.3810936112458418,0.6114975015140682,0.007408887240089917
0,1,0.1834279090880317,0.8002299948969398,0.01634209601502837
2,2,0.001167665736414488,0.10409678169833947,0.8947355525652461
0,0,0.6437283992077398,0.35473730528638736,0.0015342955058726567
0,0,0.6137965206907773,0.38527653755661356,0.0009269417526091211
0,0,0.5520113905402487,0.44621883123852174,0.0017697782212294654
1,1,0.35782303864485876,0.6378730037302898,0.004303957624851518
1,1,0.18414674988161694,0.8085904427106899,0.007262807407693149
0,0,0.6478777073403852,0.35035834248505426,0.0017639501745604735
1,1,0.28771948334260333,0.702403214873397,0.009877301783999606
1,0,0.595469578514723,0.40264188182715566,0.0018885396581213158
1,1,0.09238100452064982,0.8977461529920637,0.009872842487286525
0,0,0.7575106208325052,0.24052334740764086,0.001966031759854155
1,1,0.20589974055626817,0.7880804887947229,0.006019770649008975
1,1,0.29090091736762275,0.7009915685602567,0.008107514072120597
1,0,0.6913433157050247,0.30669374288996704,0.001962941405008153
2,1,0.026267960162164667,0.855293190291981,0.11843884954585424
0,0,0.6948091892649926,0.30424153650206726,0.0009492742329402173
1,1,0.31314204682921243,0.6760860053909121,0.01077194777987544
1,1,0.4158035648956914,0.5789024400096193,0.005293995094689284
2,2,0.0007677897144273526,0.10936599750103246,0.8898662127845401
1,1,0.2843033543949647,0.7074807331300753,0.008215912474959938
0,0,0.7254423722496222,0.2734609179700094,0.0010967097803684797
0,1,0.37042456393948375,0.6266375454326969,0.002937890627819374
1,1,0.08775917256954244,0.8840548274198371,0.028186000010620424
0,0,0.7417890202653701,0.2571478434550605,0.0010631362795693196
1,1,0.1825173074727154,0.7824427000729524,0.035039992454332314
2,2,0.006634032721093829,0.3640639854478183,0.6293019818310878
1,1,0.4892508092265336,0.5043901080694794,0.00635908270398716
1,1,0.10198506798044958,0.8792358334732391,0.018779098546311244
1,1,0.08313405387814174,0.905970946615975,0.010894999505883147
0,1,0.4230260279269875,0.5695861420697946,0.0073878300032177956
0,1,0.40095941966568216,0.5901813309492665,0.0088592493850512
1,1,0.40456392014820935,0.5889337176396592,0.006502362212131617
0,1,0.39295798886938277,0.5996238098790384,0.007418201251578858
1,1,0.06016620434184627,0.8939378992093671,0.045895896448786735
1,1,0.2582301614909081,0.7270134106309885,0.014756427878103403
0,0,0.6075634908725294,0.39047018945113027,0.001966319676340347
1,0,0.5382992176010168,0.4597704552682438,0.001930327130739462
0,0,0.8977271665847493,0.10180705349501729,0.00046577992023348776
0,1,0.2596031098234772,0.7321111861793843,0.008285703997138537
1,1,0.3368691820375946,0.6530669344579013,0.010063883504504047
1,0,0.5961150678559265,0.4020968275932302,0.0017881045508434236
0,1,0.42824399658557555,0.5603516143994813,0.011404389014943148
0,1,0.446296613377245,0.5519454947565118,0.0017578918662431511
1,1,0.20078240112697626,0.7836504654951093,0.015567133377914358
0,1,0.4021956363923227,0.5940031987750164,0.0038011648326608987
0,0,0.7232337462139626,0.2752774712252226,0.0014887825608147257
1,0,0.6950927246372336,0.3033349528413924,0.0015723225213740268
0,0,0.5689818487067055,0.4298594437560529,0.0011587075372416166
1,1,0.12186887580845766,0.85683370650326,0.02129741768828251
1,1,0.46388334855223773,0.5322301409502133,0.003886510497548902
2,1,0.06141731157559022,0.905970968189147,0.03261172023526274
1,1,0.11146472688321728,0.8785834087188938,0.009951864397888846
1,1,0.11157275121465901,0.8616527795121202,0.02677446927322082
0,0,0.8578764914242548,0.14121639909159542,0.0009071094841497491
1,0,0.6130877182652756,0.3854475033217272,0.0014647784129970755
1,1,0.4362407417427949,0.557545928273526,0.006213329983679143
2,2,5.52806572267936e-05,0.042192050137800155,0.957752669204973
1,0,0.6816523752111472,0.31705380288566537,0.001293821903187457
1,1,0.37067904109053346,0.6227194444707465,0.006601514438719937
0,1,0.43527300021220866,0.5530948560520973,0.011632143735694128
0,0,0.5597045366105617,0.4384630399364154,0.0018324234530226974
1,1,0.06206452586977681,0.9157911780572627,0.022144296072960295
0,0,0.9043942653648277,0.09549486512797603,0.00011086950719618682
0,0,0.7237854362812125,0.27423821691211936,0.0019763468066681202
1,1,0.28920414676739864,0.7032595239907327,0.007536329241868712
1,1,0.23345117751165795,0.7591714365969219,0.007377385891420238
0,0,0.8297795283910738,0.16958206120931044,0.0006384103996156436
1,1,0.19716544719710288,0.7808689358310319,0.021965616971865352
0,0,0.6643425646457661,0.33444018661667996,0.0012172487375540064
1,1,0.19943584400808337,0.7912087914031681,0.009355364588748633
0,0,0.8495392664188707,0.14993190950816004,0.0005288240729694368
0,0,0.8427235004638489,0.15617448292354014,0.001102016612610849
1,1,0.06506666440850074,0.9107696584103653,0.02416367718113398
0,1,0.2652142265781567,0.7213768607150753,0.013408912706767846
1,1,0.2860252696473301,0.7060626925014419,0.007912037851227773
1,1,0.07063548412015577,0.9072999356543431,0.02206458022550119
1,1,0.1947750997347282,0.7956952500329822,0.009529650232289586
0,1,0.3421768254707391,0.6483086737672699,0.009514500761991064
0,0,0.9193906042951214,0.08034749537724539,0.00026190032763303146
1,1,0.20830726926827556,0.7824519489042364,0.009240781827488085
1,1,0.1285572398502939,0.8509985503347849,0.02044420981492125
0,0,0.6440894801365658,0.35479996526353796,0.0011105545998962127
1,1,0.2139604968497581,0.773734160695161,0.012305342455080937
0,0,0.782085473640415,0.21755281652668212,0.00036170983290286196
0,0,0.8676128618917628,0.13202864319839,0.0003584949098470834
1,1,0.23898655629060525,0.7533114292663872,0.007702014443007464
0,0,0.6066924751853829,0.38886464096573575,0.004442883848881245
1,1,0.14801443424317343,0.8128814478594821,0.03910411789734455
0,1,0.3299849501247017,0.652919910605748,0.017095139269550294
1,1,0.09789564763988841,0.8863406736595913,0.015763678700520218
1,2,0.006883744087174593,0.3062405602408958,0.6868756956719295
1,1,0.29077565037817554,0.7046701159484969,0.0045542336733275035
1,1,0.20401422971624128,0.7885105534347459,0.007475216849012943
1,1,0.3593875586101939,0.6334049297057216,0.007207511684084455
0,1,0.3017383325775606,0.6833057663893578,0.01495590103308157
1,1,0.11463197224117129,0.8611697545381186,0.024198273220710106
0,0,0.5630774660131423,0.43485100999573967,0.0020715239911180605
1,1,0.14023167014050525,0.8430419966597282,0.01672633319976644
1,0,0.511343030192786,0.4835448145443412,0.005112155262872855
0,1,0.2015519608475578,0.7808553982278404,0.017592640924601728
0,0,0.868429680288884,0.1310203723326785,0.0005499473784373926
1,1,0.27490505503672025,0.7168519125325684,0.008243032430711334
0,0,0.8994583107573063,0.10019967102084175,0.00034201822185197096
0,0,0.6337777415022051,0.3648836480741462,0.0013386104236487665
1,1,0.32647463571498353,0.6652778093791502,0.008247554905866233
1,1,0.026239867984413807,0.941351508630963,0.03240862338462321
0,0,0.862968263939851,0.13622639802195655,0.0008053380381924894
0,1,0.3867823146846559,0.6098972629254279,0.0033204223899162607
2,2,0.00784883132447355,0.3264073296273035,0.6657438390482229
2,2,0.00411700489314389,0.329939223007823,0.665943772099033
1,1,0.22425499120865908,0.7611822814184821,0.014562727372858887
1,1,0.3824878737446999,0.6106143541218465,0.006897772133453555
0,0,0.6780301339810878,0.32058193257641954,0.0013879334424926825
0,1,0.41142714919323203,0.584564250005771,0.004008600800997019
1,1,0.043419194880092264,0.9219361139848251,0.03464469113508277
1,1,0.21109880629761943,0.782718235808048,0.006182957894332368
1,1,0.23860279064864268,0.7478402123306636,0.013556997020693786
1,0,0.5104378556949625,0.4875112410033006,0.0020509033017369832
1,1,0.4322991000599574,0.5606120196468733,0.00708888029316917
2,2,0.0028151070266450393,0.20450225379365067,0.7926826391797043
0,0,0.7761292254508019,0.22292546835653793,0.0009453061926601686
0,1,0.2662943698642057,0.7121692997820834,0.021536330353710904
0,0,0.8793808592535637,0.12025797090937823,0.0003611698370580718
0,0,0.5026438093032511,0.4945010761517481,0.0028551145450007335
1,1,0.13283771425857488,0.8372467613633726,0.02991552437805241
1,1,0.060886395530942015,0.9176003995959986,0.021513204873059324
1,1,0.036613289436097964,0.8850674795841594,0.07831923097974246
1,0,0.5382100688089182,0.45765871923598567,0.0041312119550962895
1,1,0.04510270333200775,0.7992097351614446,0.15568756150654767
1,1,0.03724069407684049,0.7819534132376216,0.18080589268553782
0,1,0.476439728520201,0.5182562628871168,0.0053040085926821835
1,0,0.8131142745261914,0.18646655790403277,0.0004191675697756491
0,1,0.48658943603103133,0.5107471214494238,0.002663442519544872
0,1,0.08473299615860423,0.89521756487371,0.0200494389676858
1,1,0.05645597413359221,0.9225741280486582,0.020969897817749435
1,1,0.05354342445355268,0.9192955979311486,0.02716097761529871
1,1,0.04904664131457565,0.854160860796656,0.0967924978887683
1,1,0.326429777287916,0.6698130938822149,0.0037571288298690908
1,1,0.23869787533143494,0.7426267445776875,0.018675380090877422
1,1,0.021281093737567272,0.9322451375697162,0.04647376869271659
0,1,0.4284830451130879,0.5663821230187986,0.005134831868113373
1,1,0.32920728731832766,0.6646060091680407,0.0061867035136315965
0,1,0.32038104851281135,0.6708376592112187,0.008781292275969944
0,0,0.5476292819573134,0.44841546717242653,0.003955250870260109
2,2,0.009306349890593077,0.331813051324814,0.6588805987845929
1,0,0.543226141441598,0.453520433103221,0.003253425455181101
0,0,0.6055543378043187,0.3913231071509995,0.0031225550446818155
1,1,0.06866518052416562,0.8902256353026224,0.04110918417321187
0,0,0.5379637816908828,0.45933948075933145,0.0026967375497857823
0,1,0.2671572150868231,0.7238175958437516,0.009025189069425375
1,1,0.17874322722724692,0.8046493924222704,0.016607380350482693
1,1,0.0680586465601593,0.8870915441885404,0.04484980925130025
2,2,0.002694688760149465,0.14457554431761035,0.8527297669222402
2,2,0.017296687077171583,0.35691844635978714,0.6257848665630412
0,0,0.7781192922564555,0.22039230719428,0.0014884005492645917
1,1,0.16477972243054512,0.8035741722852953,0.031646105284159495
0,1,0.3196965917760634,0.6752429766357342,0.00506043158820241
1,0,0.8023558961058457,0.19642231472816246,0.0012217891659918238
1,1,0.4718076715010853,0.5238792262130929,0.004313102285821645
0,1,0.14985360335527306,0.8265221450691219,0.023624251575605028
1,1,0.25888070699963606,0.7278692405859469,0.01325005241441709
1,0,0.676902955487176,0.32090652751544346,0.0021905169973803667
0,0,0.8641885816964648,0.13541563490010702,0.00039578340342809586
0,1,0.4427888770105031,0.5509870447640858,0.006224078225411102
1,1,0.06935761898598145,0.8621367325589133,0.06850564845510523
0,0,0.9356531526925042,0.06431739338602667,2.945392146907986e-05
1,1,0.057542532899238344,0.9102216333491112,0.032235833751650345
0,1,0.28151790852577857,0.7126844498550857,0.005797641619135734
1,0,0.5803864050102786,0.41473308311807117,0.0048805118716503115
0,0,0.9572119996247257,0.042567210703834256,0.00022078967143999333
0,0,0.7969019085896629,0.20134652079422485,0.0017515706161120323
0,1,0.3255652185309154,0.6690060153991627,0.005428766069922005
1,1,0.20031039768769301,0.793455042382891,0.0062345599294160396
1,1,0.06908886727525845,0.8947036322129471,0.03620750051179451
1,1,0.30127449010466945,0.6873003444886219,0.011425165406708664
0,0,0.5768780250828266,0.42094809180803766,0.002173883109135783
0,0,0.6694876574961195,0.3279925322888217,0.0025198102150587737
1,1,0.3226173523701025,0.67192030275943,0.005462344870467546
1,1,0.4138672174228431,0.5829296494038717,0.0032031331732851435
1,1,0.29590311012394854,0.6908733885807555,0.013223501295296015
1,1,0.10982899059890376,0.8412835695374888,0.048887439863607524
1,1,0.2565287553264393,0.7276581442297132,0.015813100443847615
0,1,0.49403044475278163,0.5000445113515299,0.005925043895688544
1,1,0.2057786256023106,0.7883510590041178,0.005870315393571443
1,1,0.02314225408630671,0.8861323172037986,0.09072542870989461
0,0,0.5436081739060987,0.4529506902735392,0.0034411358203620154
0,0,0.5205202140488339,0.47416608181490577,0.00531370413626037
1,1,0.39455441771912475,0.6011622468599493,0.004283335420925865
1,1,0.3817908692190849,0.6139016750564025,0.00430745572451275
0,0,0.6106467654910729,0.3883499292084699,0.0010033053004572378
1,1,0.16543436661687333,0.8247955799646154,0.009770053418511315
1,1,0.08309621185210475,0.8989959997789075,0.017907788368987532
1,1,0.07044421311106884,0.9073076709795234,0.02224811590940778
1,1,0.16245428415529864,0.8140968747480488,0.023448841096652406
0,0,0.7851041058130583,0.21455157826258453,0.0003443159243570404
1,0,0.5747882901347788,0.42133676775351186,0.003874942111709368
1,1,0.21793023561986363,0.7725839135342456,0.009485850845890717
0,1,0.46188734351167227,0.5345933494926053,0.0035193069957224323
0,0,0.7724455863744645,0.22663202115426617,0.0009223924712693569
1,0,0.651544028157902,0.34682521728817667,0.0016307545539213596
1,0,0.6140653705654865,0.3843122483194302,0.0016223811150833112
0,0,0.7447394461588396,0.2527816004540072,0.002478953387153264
1,1,0.34348051648612854,0.6526716649745684,0.003847818539303017
1,1,0.426185004659465,0.564843149676936,0.008971845663598925
0,0,0.6591328100765974,0.33987076983216097,0.0009964200912415686
1,1,0.20230461229643287,0.7881704305819186,0.009524957121648645
1,1,0.038592553462162074,0.9259585987305743,0.03544884780726369
1,1,0.038435693666090016,0.9396368989840825,0.021927407349827423
0,0,0.7360157408040917,0.26201767539546256,0.0019665838004456295
1,1,0.4170198484119919,0.5733667672141811,0.009613384373827041
1,1,0.09929018085768837,0.8798245848775531,0.020885234264758672
0,1,0.23159798490540642,0.7570086603195049,0.011393354775088778
1,1,0.2405241477551259,0.753818963795113,0.005656888449761134
1,1,0.07466110939183546,0.8940471251421127,0.03129176546605184
0,1,0.48595759738786,0.509839897186757,0.00420250542538301
1,1,0.1078535683569049,0.8763862896015885,0.015760142041506442
1,1,0.021395919739706552,0.9389639990953373,0.039640081164956195
0,0,0.5213853236093727,0.4746108388776811,0.0040038375129462294
0,0,0.8342854640809244,0.1650179792631959,0.0006965566558797575
1,1,0.09691293403750775,0.8780941615761754,0.02499290438631689
0,0,0.5213858926964987,0.4757921399590406,0.0028219673444607836
0,1,0.2066437832665154,0.7888477234295329,0.004508493303951622
0,0,0.8372788392130699,0.1619467803406463,0.0007743804462838568
0,0,0.6577438033719419,0.3417758800848009,0.0004803165432572416
2,2,0.00021353525284051802,0.06304908621367111,0.9367373785334884
1,1,0.4288310603245722,0.5617511859599464,0.009417753715481262
0,0,0.5628441902223738,0.4342340348968966,0.0029217748807296062
0,0,0.5072777337764464,0.49047379974066596,0.002248466482887679
0,1,0.46204788822443477,0.5351553459022053,0.0027967658733599
1,1,0.30810122812856267,0.6758432049216909,0.016055566949746428
1,1,0.3985819756756067,0.5968911200356681,0.00452690428872525
1,1,0.28086320323118363,0.7107190079969449,0.008417788771871548
1,1,0.20260422664711153,0.7916134917306787,0.0057822816222097275
1,1,0.23004924150284248,0.7524124892397456,0.017538269257412
0,0,0.6098770903541516,0.3863104689554977,0.0038124406903507807
0,1,0.43314893943191357,0.5622077990501414,0.004643261517945003
1,1,0.3862618254886449,0.6026347816121249,0.011103392899230203
0,1,0.4972481466475482,0.5003977906873035,0.002354062665148263
1,1,0.11736370928856549,0.8636794764283571,0.018956814283077442
2,1,0.034787074532349194,0.8912207953392909,0.07399213012836005
1,1,0.13434431801253582,0.8308861565259151,0.034769525461549086
0,0,0.558206729080262,0.4397296956843668,0.002063575235371196
0,1,0.22163078643107306,0.7693564918849148,0.009012721684012116
1,1,0.07485895618295912,0.8801401638394507,0.0450008799775903
2,2,0.014016369894138988,0.31840562654240073,0.6675780035634603
1,1,0.20490960911767675,0.7588908224832761,0.036199568399047165
1,1,0.28834933932605755,0.6959228131532159,0.015727847520726656
1,1,0.40449072052664425,0.5904227054956889,0.005086573977666769
0,0,0.6814994417991579,0.3176371930740424,0.0008633651267996778
0,0,0.5558852704454682,0.4390453913990034,0.005069338155528465
0,0,0.8136633526105982,0.18550279910966297,0.0008338482797388257
1,1,0.1675912794129144,0.8199679394707402,0.012440781116345445
1,1,0.20474185904229386,0.789859063622177,0.00539907733552926
0,0,0.6305714281606262,0.36838271583483123,0.0010458560045427362
0,0,0.8071882550192988,0.19187462171566363,0.0009371232650375395
1,1,0.2656788166740465,0.7270566761727605,0.007264507153193022
1,1,0.35047814809341593,0.6353334038427624,0.014188448063821682
1,0,0.6485763367378697,0.3505495757112444,0.0008740875508858448
0,0,0.8883275342611879,0.11126954093995707,0.00040292479885507826
1,1,0.10368502454979356,0.878614012117247,0.017700963332959365
0,1,0.07851883852481535,0.8961879618723154,0.02529319960286928
0,0,0.6823019560088625,0.3167451811892982,0.0009528628018393196
1,1,0.32212710536830147,0.6700090303444106,0.00786386428728801
2,2,6.163538181103934e-06,0.003201914123820169,0.9967919223379986
1,1,0.11301587045634562,0.8509243220708858,0.03605980747276875
1,1,0.16824299919379251,0.8174888784587729,0.014268122347434487
1,1,0.03192737694063583,0.9410255940334107,0.027047029025953448
1,0,0.676768884120267,0.32216377031678795,0.001067345562944958
1,2,0.011594725006444347,0.3485800297461187,0.639825245247437
1,1,0.08498756907279079,0.8650979228042067,0.04991450812300246
0,0,0.6292640391110892,0.37009055307156974,0.0006454078173411071
0,1,0.345062164824273,0.6473809472639914,0.007556887911735624
0,0,0.5854146718033032,0.4131065058568538,0.0014788223398429735
1,1,0.16137318214456647,0.821805952774363,0.016820865081070637
0,0,0.5742573826111584,0.4242674002020524,0.0014752171867892323
0,0,0.5628503057769216,0.43182876525371006,0.005320928969368274
0,0,0.674995639687162,0.3237895193167638,0.0012148409960742654
1,1,0.41688656584880746,0.5777002935365864,0.005413140614606165
1,1,0.14247569558340004,0.8487624076594539,0.008761896757145969
1,0,0.6664570805529791,0.3307934089295756,0.002749510517445353
0,1,0.4369528569881499,0.558974961989969,0.004072181021881152
0,1,0.18078696559676172,0.801726729431653,0.017486304971585213
1,1,0.2011840065201443,0.772667846691146,0.026148146788709786
0,0,0.6779214702248999,0.32087118885991556,0.001207340915184535
1,1,0.3278853828261761,0.6538089964579198,0.018305620715904247
0,0,0.6573019420112509,0.33995774416134156,0.0027403138274075963
0,1,0.15705905259992492,0.8246825247558937,0.018258422644181444
2,2,0.011157667960724166,0.28613147527996263,0.7027108567593132
1,1,0.35666054027717153,0.6232944120659886,0.02004504765683985
1,1,0.05313614331198613,0.8810963159242702,0.06576754076374355
1,1,0.39536552067048075,0.5939128355918859,0.01072164373763324
1,1,0.09620477245542745,0.8613745791497411,0.04242064839483135
0,0,0.6634600569379661,0.33493459819411475,0.0016053448679191975
1,1,0.4924165328202204,0.5035838308557024,0.003999636324077275
1,1,0.0411539650980369,0.9128644267568347,0.045981608145128354
0,0,0.9016423400640484,0.0981928783886374,0.0001647815473142429
0,0,0.7475132559820381,0.2514768223825108,0.0010099216354510405
0,0,0.7379838636243254,0.26148562393673497,0.0005305124389395101
1,1,0.20550149474832546,0.7785002996649981,0.01599820558667633
0,0,0.9138722560901809,0.0856304432368837,0.0004973006729353029
1,1,0.10573641212549244,0.8580104232211684,0.03625316465333937
2,2,0.0007305307661056725,0.11743616140254215,0.8818333078313522
0,0,0.6156446671635072,0.3824303877057234,0.001924945130769443
0,0,0.8043847362732377,0.1950662270967964,0.0005490366299659869
1,1,0.47450976471349887,0.5236890581810495,0.0018011771054515912
0,0,0.5466550444243303,0.4510108968996925,0.0023340586759772013
1,0,0.6899908861225259,0.30856256153932504,0.0014465523381490492
0,1,0.27982096840568454,0.7161545817366275,0.004024449857687868
1,1,0.4174136519874417,0.5725153280662693,0.010071019946289072
1,0,0.5508305701958296,0.44685864970988537,0.002310780094285171
0,0,0.9268268423454656,0.07291478921209028,0.0002583684424441962
1,1,0.07771068793166724,0.8648775377695177,0.05741177429881497
1,0,0.8016471168682437,0.19730743949028998,0.0010454436414661739
0,0,0.6565259719776363,0.3389431674100529,0.004530860612310732
1,1,0.30775462712073004,0.6774780506526696,0.014767322226600326
1,0,0.5925061259501221,0.40353292568569193,0.003960948364185965
0,0,0.6472324042412337,0.3483750987437421,0.004392497015024142
1,1,0.13924968512057365,0.8516454434807159,0.009104871398710346
1,0,0.7330640130724941,0.2661037589793311,0.0008322279481748188
0,0,0.6164411408030201,0.3800121107331337,0.0035467484638461878
1,1,0.14201480038317832,0.7996374498660096,0.05834774975081193
0,0,0.854120635536891,0.14529023235169392,0.00058913211141512
0,0,0.7422247993977328,0.25676803264556436,0.0010071679567028454
1,1,0.014862712366529264,0.9179281820153657,0.06720910561810496
0,1,0.11519230694228144,0.8700298421349167,0.014777850922801688
1,1,0.27379437798718137,0.7157472215541202,0.01045840045869829
1,1,0.3808453895574313,0.6158323183454416,0.0033222920971272053
0,1,0.2809133611824813,0.704870014100051,0.014216624717467695
0,0,0.7488244402096702,0.250116629590625,0.0010589301997048167
2,2,7.303729400798567e-05,0.06156535429643757,0.9383616084095545
2,2,0.009077306134404557,0.32915766470533664,0.6617650291602588
0,0,0.8122979125706745,0.1867899300132404,0.000912157416085123
1,1,0.44098079182284505,0.5550434012756363,0.0039758069015185665
1,1,0.017200882073509255,0.61554892346824,0.36725019445825074
1,1,0.2482566792707188,0.7450541896993174,0.006689131029963933
0,0,0.8379805478570356,0.16160027279658476,0.00041917934637969114
1,1,0.22617015237293603,0.7617312390801342,0.012098608546929814
0,0,0.5666083153943556,0.43126509894980547,0.0021265856558389798
1,0,0.5740748049702455,0.42460158092921385,0.0013236141005406158
1,1,0.22883615628676707,0.7623396480066126,0.008824195706620274
0,0,0.800646015262968,0.19841550363745086,0.0009384810995811097
1,1,0.2863420534545681,0.7097509240213988,0.003907022524033193
0,0,0.6578500502213621,0.3402456301609133,0.0019043196177246607
0,0,0.5377400029474995,0.45896454598577585,0.00329545106672463
0,0,0.6230759647737714,0.37340755346932797,0.003516481756900699
1,1,0.27105256925272186,0.7143460647641849,0.014601365983093246
1,1,0.22713248811431633,0.7684447862466308,0.004422725639052752
0,0,0.5967830193367745,0.4002184601094056,0.0029985205538198612
1,1,0.19742130557447424,0.7889165793549857,0.013662115070540132
1,1,0.27503586489747534,0.7134316515533596,0.01153248354916503
0,0,0.6543351310891323,0.34321101526235626,0.0024538536485113143
1,1,0.07612974395090936,0.8936156477997524,0.030254608249338347
1,1,0.0954339737409591,0.8536507475914241,0.050915278667616755
1,1,0.28996957086664255,0.6946337851654677,0.015396643967889777
0,0,0.7579718465535791,0.2412528445129486,0.0007753089334723454
1,2,0.008041968209797114,0.42548677316206485,0.5664712586281382
0,0,0.9308943612856743,0.06893213019888832,0.00017350851543753457
1,1,0.22614642929983939,0.7635403634974535,0.010313207202707128
0,0,0.7191195443401729,0.28020805589725556,0.0006723997625714541
1,0,0.5338114586632535,0.46182773232087154,0.004360809015874854
1,1,0.06510257881649638,0.5397381848437243,0.3951592363397794
1,1,0.30432900944960195,0.6860843752754979,0.00958661527490025
1,1,0.4088826759539291,0.5872821588334894,0.003835165212581522
1,1,0.30864951123106465,0.6792846836039649,0.01206580516497047
0,0,0.5621566985532114,0.4339627554827621,0.003880545964026683
1,0,0.7780255260983895,0.2205801952667191,0.0013942786348914403
0,1,0.07316805532489613,0.8774301044711003,0.049401840204003726
0,0,0.8404897919719513,0.15907650436468077,0.00043370366336798957
0,0,0.6703761300058131,0.32798297939078763,0.0016408906033993278
1,1,0.403216625049462,0.5930431223724264,0.003740252578111638
0,0,0.8021571313256881,0.19714272472717595,0.0007001439471359892
1,1,0.11386310733731547,0.8355335710720962,0.05060332159058827
0,0,0.8727652432230484,0.12668721258527468,0.0005475441916770252
0,0,0.6402857422432353,0.35824742357101613,0.0014668341857484966
2,2,0.008833813518841577,0.26750393227279945,0.723662254208359
1,1,0.09498911355871856,0.8675908387745128,0.03742004766676865
1,0,0.8289903208939081,0.17064549946668503,0.00036417963940703254
1,1,0.28054560727816424,0.7102994144458676,0.009154978275968182
0,1,0.43738401935150295,0.5576164074092663,0.004999573239230672
1,1,0.4522762222075715,0.539471434066371,0.008252343726057617
0,0,0.6645977765530025,0.33442017121072926,0.000982052236268415
1,1,0.2312335712457242,0.7621114601215436,0.006654968632732242
1,0,0.6511639056099845,0.3478850401197246,0.000951054270290879
0,0,0.5676087885480697,0.42606877414376093,0.006322437308169192
0,0,0.671608025483708,0.3279767909758684,0.00041518354042366476
1,0,0.5448975502024392,0.4522888859217353,0.002813563875825481
0,0,0.5218910059222783,0.47588821866463926,0.0022207754130824605
1,1,0.19557556126887254,0.78429708735294,0.02012735137818743
1,1,0.3159211508010073,0.675354075403884,0.00872477379510863
1,1,0.27515665544163287,0.71522199628136,0.009621348277007153
1,1,0.20232695724078917,0.7916288398061919,0.006044202953018964
1,1,0.47311234565976784,0.5174696495271037,0.009418004813128343
0,1,0.4956194282484892,0.501493612480678,0.002886959270832724
0,0,0.5136582968793513,0.4835418364481097,0.0027998666725390637
0,0,0.5443610884952983,0.4543940102198627,0.001244901284838918
0,0,0.6838442708119069,0.3138464159181443,0.0023093132699487573
1,1,0.3219770370302958,0.6681265156821264,0.009896447287577657
0,0,0.7309229411042797,0.2663976610545822,0.002679397841138138
0,0,0.609712889683379,0.3887787809590868,0.001508329357534201
0,1,0.2968720839030878,0.6932384285959382,0.009889487500974051
2,2,0.0008509462544184114,0.12036149464361512,0.8787875591019666
0,0,0.6298173423073365,0.3682413996593274,0.0019412580333361853
1,1,0.18038200484204217,0.8123220198487464,0.007295975309211383
1,1,0.18203841459059164,0.8099641435097523,0.00799744189965604
1,1,0.022377899199335614,0.9005196321295369,0.07710246867112733
1,1,0.21549110615049158,0.7756232821716527,0.008885611677855745
1,1,0.22399235622151997,0.7708083494224678,0.0051992943560120975
1,1,0.057390943763535505,0.9133398155285318,0.029269240707932586
1,1,0.24118042639004297,0.7432921855054803,0.015527388104476769
1,1,0.20564596337352473,0.7874623582081652,0.006891678418310042
0,1,0.39931273352125135,0.5890604181238234,0.011626848354925287
1,2,0.007396174163521479,0.2902359065215099,0.7023679193149686
1,1,0.3475647631812744,0.6377249933300003,0.014710243488725403
1,1,0.3187566114289112,0.6615570965080012,0.019686292063087602
1,1,0.15353982031972824,0.8216699627691052,0.02479021691116642
1,1,0.2439618376569786,0.7427325364721624,0.013305625870858954
0,0,0.8726796897032819,0.12686376698532395,0.0004565433113940086
1,1,0.21642828701200922,0.7709570043037436,0.01261470868424719
1,0,0.5618060328918751,0.4364850802544347,0.0017088868536900871
0,0,0.7446185464387522,0.25486651783461667,0.0005149357266311908
1,0,0.5009164146301875,0.49597493988788854,0.0031086454819238287
0,0,0.8322709474661213,0.16661780158887868,0.0011112509449999694
0,0,0.7883643532849539,0.21111294195294433,0.0005227047621018284
1,1,0.14777696083579434,0.8408855477153364,0.011337491448869396
0,0,0.8041504115259189,0.19546337679595568,0.0003862116781253192
1,1,0.10298228387983269,0.8431204569358851,0.05389725918428221
1,0,0.7168336585913644,0.2821998842139575,0.000966457194678064
1,1,0.18917026370810894,0.8041419117573825,0.006687824534508496
0,1,0.4299034328874013,0.5625813644229697,0.007515202689629024
1,0,0.5785277616452668,0.4204054243356321,0.0010668140191011388
0,1,0.3969869372872758,0.6001353102378426,0.002877752474881612
0,0,0.5928066393835517,0.40568704757889457,0.0015063130375537347
1,1,0.04996745135190254,0.8968257922337666,0.05320675641433086
1,0,0.5990944706710524,0.3979781016451793,0.002927427683768345
0,0,0.8404451944039433,0.15924965268338834,0.0003051529126682313
0,0,0.8438362684778858,0.15591506172369352,0.00024866979842054997
0,0,0.5748530679239162,0.4233015967441615,0.0018453353319223438
1,1,0.263737100563515,0.714391168758176,0.021871730678309022
0,0,0.7836776547170113,0.21564107844623168,0.0006812668367569047
1,1,0.07083409985547216,0.8939860082067569,0.03517989193777118
0,0,0.676325898172456,0.3229050650403887,0.0007690367871552451
1,1,0.09153699494083328,0.8713542849281176,0.037108720131049024
1,1,0.08123409304218825,0.9037396866046915,0.01502622035312014
0,0,0.7925329372568765,0.207081075235104,0.000385987508019584
0,0,0.5649833217252647,0.4335801460522155,0.001436532222519872
0,0,0.735244143024248,0.263020016650377,0.0017358403253750192
0,0,0.8355580570780446,0.16334525650779821,0.0010966864141572646
0,0,0.6998878646092044,0.29920612616817915,0.0009060092226164181
0,1,0.43967333863819047,0.5559991112690521,0.004327550092757477
1,0,0.5051734007943178,0.4936342024515146,0.0011923967541674736
0,0,0.867746484262044,0.13164315470915047,0.0006103610288054417
0,0,0.8390000812917369,0.1601726248553605,0.0008272938529026464
1,0,0.5668411015978525,0.43044529033025203,0.002713608071895375
1,0,0.6186251485734356,0.37873166644754885,0.002643184979015538
0,0,0.5346557370963428,0.46228566548161426,0.003058597422042929
1,1,0.1987221380623979,0.7924314837106903,0.008846378226911892
0,0,0.8901697200804748,0.1094206736194137,0.0004096063001115532
1,1,0.19156408575315123,0.8000216837081837,0.008414230538665055
0,0,0.9123630234574254,0.08740642967448817,0.00023054686808639708
1,1,0.33219857079964493,0.6617546009444423,0.006046828255912747
0,1,0.1274246912884639,0.8568081605180211,0.01576714819351507
1,1,0.015706064154605938,0.6773017856235934,0.3069921502218005
1,1,0.2779233272420979,0.7135377994466335,0.008538873311268475
1,1,0.1207332568700005,0.8615104662747828,0.01775627685521675
1,1,0.15332870061873516,0.8401447163402256,0.0065265830410390895
1,1,0.13468415990385593,0.8527864088524442,0.012529431243699833
1,1,0.4830266121110372,0.5128000989198036,0.004173288969159236
1,1,0.3143639832549426,0.6774079200909513,0.008228096654106079
2,2,0.0009476591592304356,0.14723356894156928,0.8518187718992003
0,1,0.2464209560199793,0.7477399110846739,0.005839132895346864
0,0,0.8296099753147984,0.16948919663143752,0.0009008280537639331
1,1,0.1819126572508866,0.7869589292374356,0.031128413511677794
1,1,0.21207914192416513,0.7756920367265913,0.012228821349243543
1,1,0.2162624026367264,0.7716991415027669,0.012038455860506647
0,0,0.8430604281449069,0.15645179849410001,0.0004877733609930624
1,0,0.7616598551597683,0.2371614320931441,0.001178712747087519
0,0,0.8258071969242345,0.1733558995261448,0.0008369035496207291
1,1,0.026865283699655292,0.7634460806780208,0.20968863562232393
0,1,0.19678788804023048,0.7960069080772684,0.007205203882501203
1,0,0.8033061887735831,0.19602858692966815,0.000665224296748822
0,1,0.29340910705717355,0.7028239844568127,0.003766908486013669
0,0,0.8348939536005852,0.1642738643466854,0.0008321820527295915
0,0,0.7883547857399102,0.21003692453831474,0.0016082897217749796
1,1,0.05199074567076095,0.9234121701144358,0.02459708421480338
2,2,0.0012052965497251027,0.10631931314436317,0.8924753903059118
2,2,5.513041258384378e-06,0.00324430957850246,0.9967501773802392
2,2,0.0015230725077342712,0.2578528761660688,0.7406240513261969
0,0,0.5834682593035481,0.4125800666184709,0.003951674077980954
1,1,0.052180282066859984,0.9213907916243007,0.02642892630883931
1,1,0.07798762306247456,0.8972196782222497,0.02479269871527573
1,1,0.025180281984703515,0.9230124954578125,0.05180722255748401
1,1,0.12369881764015377,0.8642207142698056,0.012080468090040616
1,1,0.08579694387866675,0.8929152728301862,0.021287783291147114
0,0,0.6220567622018278,0.3756274854599854,0.0023157523381867697
2,2,2.375288061576206e-05,0.034283148960807315,0.9656930981585771
0,0,0.779055689961943,0.2204008269857375,0.0005434830523194437
0,1,0.3322211651360446,0.663513945807068,0.004264889056887255
1,1,0.10236769483503216,0.8692658086798961,0.02836649648507165
2,2,0.012261351383993235,0.31580223225867105,0.6719364163573357
1,1,0.023388376739516405,0.9346282734534141,0.0419833498070694
1,1,0.052007522684330454,0.9226942909951786,0.02529818632049097
1,1,0.16005844840878372,0.8108377021811078,0.02910384941010847
0,0,0.7165552875270683,0.2817068577137977,0.0017378547591339905
1,1,0.13775167993239745,0.8496259094204065,0.012622410647196023
1,1,0.11232701593736001,0.8781844254726553,0.0094885585899848
2,2,0.0013934412234685586,0.17901967000833088,0.8195868887682006
1,1,0.10922881534347434,0.8830043289464936,0.007766855710032031
0,0,0.7648587756557512,0.23436931845334696,0.0007719058909018586
1,1,0.328101266603295,0.6524570118682609,0.019441721528444107
0,1,0.308679283036579,0.6791950966456811,0.01212562031773997
0,1,0.4152083622831075,0.5799524269477859,0.004839210769106614
1,1,0.18783762311500493,0.8030063774571149,0.009155999427880354
2,2,0.00013513325457467813,0.055087458121669354,0.9447774086237559
0,0,0.7026414260528145,0.2956999755969714,0.0016585983502140217
1,1,0.027355643566740702,0.7340641727451072,0.23858018368815206
1,1,0.24634244145527084,0.734768359511993,0.018889199032736146
0,0,0.8248969659614626,0.17458773007099287,0.0005153039675444599
0,0,0.5304394330373363,0.4668367019139494,0.0027238650487142273
0,0,0.885916338676232,0.11370188362950173,0.0003817776942661689
1,0,0.7542807187743543,0.24515397329084035,0.0005653079348053664
1,1,0.036737056443448754,0.8899356521584275,0.07332729139812372
0,0,0.7711518337579992,0.22766488546708188,0.0011832807749189978
1,1,0.47018129740974113,0.5276637989778746,0.002154903612384304
1,1,0.4661350845737532,0.5306569431695367,0.0032079722567100438
1,1,0.14911439388616124,0.835575258650515,0.015310347463323703
0,0,0.7418288444633802,0.2572430642468768,0.0009280912897430052
1,1,0.031093492940916904,0.8956861455061228,0.07322036155296033
1,0,0.5097844639158237,0.4883173134162795,0.0018982226678968819
1,1,0.04771857267655508,0.885513151195503,0.06676827612794198
0,0,0.7108219559545139,0.2885005446195275,0.0006774994259585586
0,0,0.5840548823913403,0.4121031843828928,0.003841933225766961
0,0,0.596831195279191,0.3985552721874989,0.004613532533309944
1,1,0.3454750194212686,0.6456839888174686,0.00884099176126274
1,1,0.21690358851290376,0.7766554724664578,0.0064409390206384975
1,1,0.07707156993567314,0.9040417184292486,0.01888671163507818
0,0,0.5714422396535299,0.42569970769953186,0.0028580526469382497
1,0,0.5413646396292329,0.4570740436740331,0.0015613166967339699
0,1,0.45507961109432793,0.5406846952258272,0.004235693679844895
1,1,0.15933774929543887,0.8336360825665152,0.007026168138045792
1,1,0.37433222593340604,0.6155979154132212,0.010069858653372819
0,0,0.75387988093686,0.2441438383887445,0.0019762806743955272
0,0,0.569223764169878,0.4278347396689351,0.002941496161187019
0,0,0.7671237993193494,0.23247676831054426,0.0003994323701064834
0,1,0.35268698355813616,0.6375536555441407,0.009759360897723257
1,1,0.22363698309177912,0.7648572766566568,0.01150574025156405
0,0,0.89569258846155,0.10385028045771297,0.0004571310807370432
1,1,0.41430097103278163,0.5810260747668647,0.004672954200353482
1,1,0.15672646278255625,0.8373376736896961,0.00593586352774745
0,1,0.46033644372874927,0.536316994960588,0.0033465613106626233
2,2,0.005059950001011087,0.24116080432957382,0.753779245669415
0,0,0.5223008758651538,0.4758212285825549,0.0018778955522912076
0,0,0.9237809814522622,0.07586401620498529,0.00035500234275272067
1,1,0.2585684663435224,0.7280249002428296,0.013406633413647952
1,0,0.5034378018901939,0.49091521274842653,0.005646985361379488
1,1,0.09755018034433253,0.8575628036060605,0.044887016049607
1,1,0.1846367780884534,0.8061938304359976,0.009169391475549137
1,0,0.5944970590148603,0.403487939658389,0.00201500132675071
0,0,0.7219484321420525,0.2774058981480936,0.0006456697098539131
1,1,0.3669585720764595,0.6293191325257175,0.0037222953978229864
1,1,0.37545311650469004,0.6157903510018325,0.008756532493477524
0,1,0.0754842167638058,0.9052611323137321,0.019254650922462233
1,1,0.32185044520274997,0.667630982664416,0.010518572132833961
0,0,0.8703406660530199,0.1291326218545948,0.0005267120923853017
0,0,0.8795144219970197,0.11990089101111617,0.0005846869918641218
0,0,0.8604512134936552,0.13887424012210514,0.000674546384239675
2,2,0.002505009562699504,0.1963085670146428,0.8011864234226578
0,0,0.6924877137494714,0.30669849194253795,0.0008137943079907362
0,1,0.4867302157866131,0.5111645235520041,0.002105260661382783
1,1,0.24712595552303063,0.7442075059635781,0.00866653851339137
0,1,0.344652355157841,0.6485498209216225,0.00679782392053641
1,0,0.6458757348997964,0.35234270245982363,0.0017815626403798678
1,1,0.3676737954317837,0.6186798332243296,0.013646371343886736
1,1,0.2991355951389067,0.694530117767161,0.006334287093932268
0,1,0.26718590297932543,0.7246742841374239,0.008139812883250712
0,0,0.5130883102980248,0.4847102309274506,0.002201458774524586
1,1,0.4505904961116382,0.5427461442080689,0.006663359680292883
0,0,0.7248015365445711,0.27379074075313437,0.0014077227022943543
1,1,0.15922682940988933,0.8275712257698259,0.013201944820284703
0,0,0.7816717742927481,0.2176401730189572,0.0006880526882945352
1,0,0.6056275225841607,0.39310816942889854,0.0012643079869406244
1,0,0.5503620402068918,0.44286102323720977,0.00677693655589853
0,0,0.7474524875823525,0.2496745734484314,0.0028729389692161876
1,0,0.839783769382204,0.15956456814442957,0.0006516624733663404
1,1,0.17407742515900507,0.7968439581670694,0.029078616673925486
1,0,0.5828942290241897,0.41365270215815747,0.0034530688176527113
1,0,0.824422707153145,0.17506121436627692,0.0005160784805780985
1,1,0.28602027430554017,0.7079335421982966,0.006046183496163322
0,1,0.3945236194463014,0.5987740916876668,0.006702288866031862
1,1,0.2288360662259496,0.7626381417608884,0.008525792013162116
0,0,0.5426352570086991,0.45166507906231385,0.005699663928987055
2,2,0.0034490628285237797,0.24718847701053623,0.74936246016094
1,1,0.35345263969166446,0.6427785635061629,0.0037687968021725892
0,0,0.5941891289028577,0.40497571331780485,0.0008351577793375311
0,0,0.7771054830327039,0.220687230666503,0.002207286300793131
0,0,0.6732488707960511,0.3251853132101646,0.0015658159937844101
1,1,0.14179496043093764,0.8486673021815924,0.009537737387470031
0,1,0.3040700666255776,0.6807737429768601,0.015156190397562233
1,1,0.14929264934330255,0.8363642407455774,0.014343109911120026
0,0,0.6404734253042332,0.35705877462077507,0.0024678000749916444
1,1,0.24159610256707073,0.7319464982640416,0.026457399168887664
0,0,0.6314717899768595,0.36656093430283626,0.0019672757203042473
0,0,0.6383142331850944,0.3605867340453184,0.0010990327695873394
0,1,0.3913107981886019,0.6041886356270334,0.004500566184364746
1,1,0.3023603659386819,0.6851766258172485,0.01246300824406964
0,0,0.8563850026239099,0.14316282192638838,0.00045217544970155537
0,0,0.8348312257278145,0.16468247825400817,0.00048629601817722925
1,1,0.3278896812614321,0.6670885666304831,0.005021752108084654
1,1,0.06932701023629347,0.8977712364473539,0.032901753316352714
1,1,0.08740241362344092,0.8754736647009935,0.03712392167556551
0,0,0.7225075299763278,0.2769471641502826,0.000545305873389708
0,0,0.801754958872235,0.1976967187738635,0.0005483223539014677
0,0,0.6808725756722729,0.3171639453273169,0.001963479000410099
2,2,0.0032436322382746723,0.32248107331471426,0.6742752944470111
0,0,0.8959460513629115,0.10372812210158891,0.00032582653549954665
2,2,0.002210237006304275,0.19564285458136535,0.8021469084123304
1,0,0.6718621895970174,0.32724796508243625,0.0008898453205463552
1,1,0.22400734136223702,0.764457008615051,0.011535650022711978
1,0,0.7132073690178682,0.2856328376550341,0.001159793327097712
1,1,0.2387888456450377,0.7483426671946544,0.01286848716030808
0,0,0.7294309575963759,0.2695952762426417,0.0009737661609823838
0,1,0.0698517884995601,0.903363473010027,0.0267847384904129
0,1,0.47858884215063463,0.5178814772066703,0.003529680642695159
1,1,0.27427321348088324,0.7162503160775057,0.00947647044161122
1,1,0.4327992926957853,0.5641645632175672,0.003036144086647346
1,0,0.9131009697304897,0.08667375509898616,0.00022527517052418843
1,1,0.04578254937684212,0.9136584862072336,0.040558964415924124
1,1,0.11251402606012044,0.8418226591807326,0.045663314759146915
1,1,0.34775384279877464,0.6402917357779253,0.011954421423299983
0,0,0.8593658046518006,0.1402513486372224,0.0003828467109771636
1,0,0.5639714864100153,0.43521129918324014,0.0008172144067445688
0,0,0.5075611362703634,0.48933857191706565,0.003100291812571116
2,2,0.0028820175516965857,0.2140741529922581,0.7830438294560453
0,0,0.7606366991913067,0.23815744470113853,0.00120585610755484
1,1,0.17067406071503932,0.8058329137870358,0.02349302549792498
1,1,0.034959636933366116,0.9003473753314001,0.06469298773523373
2,2,0.0014101573188424964,0.15097309480800872,0.8476167478731488
1,1,0.10487728496577159,0.8815152093268122,0.01360750570741623
0,0,0.5412676797452508,0.45587932666157116,0.0028529935931780894
1,1,0.32556928934883045,0.667839105473881,0.006591605177288464
1,1,0.019304925972845246,0.8876166006444246,0.0930784733827303
1,1,0.3566638529827747,0.6399555121614615,0.0033806348557638946
0,1,0.4307814023390486,0.56295139776346,0.006267199897491422
0,0,0.882381226535009,0.11733377482042041,0.0002849986445705592
1,1,0.2643756488568723,0.7298407638208906,0.0057835873222370215
0,0,0.7048432867972254,0.29368188310428356,0.001474830098490889
0,0,0.8041251722321646,0.19527618700820773,0.00059864075962758
1,1,0.41645984278556836,0.5762452080849215,0.007294949129510087
0,1,0.35792702542561966,0.6360518621704316,0.0060211124039485624
0,0,0.9185759341303188,0.08111559081142157,0.0003084750582597499
1,1,0.029968092849003744,0.6880223006459935,0.28200960650500273
0,1,0.15594310474736015,0.8295312750623691,0.014525620190270603
1,1,0.45831048843631883,0.5393601443950328,0.002329367168648403
1,1,0.07804853696867792,0.8805899637177427,0.04136149931357949
0,0,0.6210477559470786,0.37632944189258505,0.0026228021603363
0,1,0.36645908021600815,0.6263730778152341,0.0071678419687577835
0,0,0.8242024345568815,0.17519528350075875,0.0006022819423596321
0,1,0.2913392027624531,0.6983918729656505,0.010268924271896279
0,0,0.6821526678270704,0.31678384430026074,0.0010634878726688026
0,1,0.4308726826015494,0.5654900852047624,0.003637232193688151
2,1,0.03265624691157405,0.8716679928784635,0.09567576020996234
0,0,0.7907762694622673,0.20866430932549643,0.00055942121223627
1,1,0.10796524788006379,0.8853517255384012,0.0066830265815351255
1,1,0.017101849026163584,0.9189918431661632,0.06390630780767313
1,1,0.024016680380352425,0.8618911541362326,0.11409216548341493
0,1,0.2707219222410299,0.7210097328228521,0.008268344936118159
0,0,0.8283743402639222,0.17100306516152283,0.0006225945745550767
1,1,0.3755625648664995,0.6146916649231758,0.009745770210324644
1,1,0.06252270708083182,0.9218003138761759,0.0156769790429923
1,0,0.671749112773289,0.32665334256561546,0.0015975446610955704
1,1,0.33697354257536744,0.6563345639216405,0.006691893502992139
1,1,0.2721681795729559,0.7157946800206862,0.012037140406357836
1,0,0.8070492166463514,0.19249025120582816,0.00046053214782048577
0,1,0.24093988693194737,0.7442113032427631,0.014848809825289687
0,0,0.6210836021206082,0.373780138888238,0.0051362589911539335
0,0,0.6760895992504352,0.32281075758502675,0.001099643164538023
2,2,0.00010009727573486699,0.05025336954956329,0.9496465331747017
0,0,0.8909289058572605,0.10866327140260745,0.0004078227401321082
1,1,0.4793574712465406,0.5126411890186691,0.008001339734790246
0,0,0.7462509224855736,0.2526320042194897,0.001117073294936748
1,1,0.2426473189782168,0.7470628521155229,0.010289828906260292
1,1,0.18300292174722188,0.8120615245457319,0.00493555370704636
0,0,0.8145616492621431,0.18459853748716054,0.00083981325069636
2,2,0.001006462282540873,0.13319760204062606,0.8657959356768331
0,0,0.7496096741945502,0.24942390388525262,0.0009664219201972648
1,0,0.5695472707745068,0.42869249582935753,0.001760233396135575
1,0,0.7109217318492422,0.28823492257202926,0.0008433455787284772
1,1,0.19213242329387567,0.7894237215738403,0.01844385513228396
0,1,0.2252121152234057,0.7595865816206117,0.01520130315598265
1,1,0.3561517220548019,0.6384702373690657,0.005378040576132455
1,1,0.41106243569763207,0.5868360620431355,0.00210150225923248
1,1,0.05693238857740278,0.8740047425577819,0.06906286886481514
1,1,0.16045092472924682,0.8214399737508263,0.018109101519926767
0,0,0.7951336217669026,0.2039596292119769,0.0009067490211204495
0,1,0.49392915138216553,0.5014675669297614,0.0046032816880732155
1,1,0.13509632494839052,0.8551617030451089,0.009741972006500694
0,0,0.6097888463909386,0.3853252608733145,0.004885892735746986
0,1,0.14870854172800616,0.8204058866225196,0.030885571649474315
0,0,0.7194098155864913,0.2798568502529561,0.0007333341605525584
1,1,0.385547533237927,0.6103867164416635,0.004065750320409345
1,1,0.2895319177026418,0.7053507874917003,0.005117294805657844
1,1,0.17903052753968549,0.8156189635781311,0.005350508882183462
0,1,0.3489937775527383,0.6437156102643065,0.007290612182955291
0,1,0.3330491402013028,0.6606778897407355,0.0062729700579618
1,1,0.08298185082030692,0.8565884890186647,0.06042966016102846
0,0,0.7762482541129138,0.22279232185066355,0.0009594240364227091
1,1,0.45142742735421887,0.5425200310535615,0.0060525415922196455
0,1,0.11708803254565492,0.5334433684853337,0.34946859896901133
1,1,0.24860363195429214,0.730170795119692,0.02122557292601582
0,0,0.605384361510451,0.39253301319403766,0.002082625295511294
1,1,0.37358480880877876,0.6220351668656133,0.004380024325607903
0,0,0.6479421393398469,0.35046618253667977,0.0015916781234733535
2,2,0.0003192518954111839,0.13221058813114397,0.8674701599734448
1,0,0.7509987392672497,0.2479491351431223,0.0010521255896280648
0,0,0.5664400928696917,0.4295449683903118,0.004014938739996542
1,1,0.4355309684550645,0.5515900120641986,0.012879019480736933
0,0,0.6846775185416684,0.31427637943788544,0.0010461020204461725
0,1,0.12017406584717434,0.8653231636021046,0.014502770550720936
0,0,0.8335420397709684,0.16579025080159593,0.0006677094274357816
0,0,0.845069805512989,0.15373429591496843,0.0011958985720425578
0,0,0.8058531974729467,0.1937483392703245,0.00039846325672878634
0,0,0.8427651237681603,0.15687420972913244,0.0003606665027072175
0,1,0.48152321771063167,0.5156519622638343,0.0028248200255341412
1,1,0.34020996433021616,0.6502368215968466,0.009553214072937242
0,0,0.9166033322842614,0.08272090274508086,0.0006757649706577478
0,0,0.7304482480444231,0.26890435517563566,0.0006473967799412896
1,1,0.22583165030554664,0.7655120167194824,0.008656332974970897
1,1,0.30765823411485765,0.6859810834506513,0.0063606824344909435
1,1,0.4110489816624487,0.580979955879846,0.007971062457705326
1,1,0.1541166696305177,0.8283567839100016,0.017526546459480923
1,1,0.19911475297117967,0.7830791877463746,0.017806059282445538
1,0,0.5188595620155797,0.4793437262012173,0.0017967117832030192
0,1,0.4119472269966514,0.5832330577076819,0.004819715295666743
2,2,0.007371920157648986,0.24702056387499663,0.7456075159673544
1,1,0.23722539217714855,0.745896066441771,0.016878541381080518
0,0,0.5628815353654308,0.43515948136487675,0.0019589832696923007
0,0,0.921460200148881,0.07831039919874205,0.00022940065237698484
0,0,0.7923028195342189,0.20651381382719963,0.0011833666385816083
1,1,0.17559107808402605,0.8186555148729487,0.0057534070430252555
0,0,0.7554377477034101,0.24400551200931764,0.0005567402872721416
2,2,0.004458945732372996,0.21732429392401187,0.7782167603436152
1,1,0.12051085927709271,0.8616087516959703,0.01788038902693688
1,1,0.2187369850311108,0.7754210361566766,0.005841978812212666
1,1,0.28911841213267375,0.6999250634565886,0.010956524410737587
1,1,0.04871639711620269,0.9260826522956066,0.025200950588190763
1,1,0.3084708191684738,0.685910851517132,0.005618329314394182
0,1,0.2373597793863304,0.7435633185065808,0.019076902107088786
1,1,0.20822449317700426,0.7850858779380722,0.006689628884923604
0,0,0.7995885688221117,0.19980686907935916,0.0006045620985291653
0,0,0.7363357315440455,0.2622817145905299,0.001382553865424602
0,0,0.7866581676211526,0.21286102690007727,0.00048080547877005426
0,0,0.6714300090438636,0.3259686121187214,0.002601378837414832
0,0,0.9631483945684447,0.03677950056474894,7.21048668065038e-05
1,0,0.7051698670782794,0.2928436783489899,0.001986454572730602
1,1,0.027223639741563704,0.87696669207489,0.09580966818354647
1,1,0.08091552689799394,0.9009759586793028,0.018108514422703215
0,0,0.6607652116594293,0.3387012430790241,0.000533545261546653
1,2,0.008848386867206383,0.3424993689234268,0.6486522442093668
0,1,0.2579625080623683,0.7278592787808424,0.014178213156789318
0,0,0.7173211075177928,0.28118085415033645,0.001498038331870946
1,2,0.014187177313911713,0.46016781486606495,0.5256450078200233
0,1,0.46849054555903613,0.5246057811356937,0.006903673305270231
1,1,0.1480433025550845,0.8437915551428492,0.00816514230206636
0,0,0.9151971310435735,0.08451914157722988,0.0002837273791965706
0,1,0.23737355776938054,0.7573793082768192,0.0052471339538002135
0,0,0.7391652666571008,0.25926920556609384,0.001565527776805404
0,0,0.5158724790877648,0.4794703366697667,0.004657184242468457
0,0,0.6886707126723208,0.3087725437701496,0.002556743557529543
0,0,0.7803895584029582,0.21863574494346433,0.0009746966535774306
0,0,0.6360763192085874,0.3595005563730265,0.004423124418386004
1,1,0.12105600033815501,0.8652961236949012,0.01364787596694387
1,1,0.403980467058193,0.5932010022901677,0.0028185306516393064
1,0,0.8529054190990722,0.14638997228610745,0.0007046086148203224
1,1,0.11563114747565571,0.8650047132264905,0.019364139297853848
1,1,0.19149444339649374,0.7822534108270491,0.026252145776457198
1,1,0.20215863914954207,0.7916659503232356,0.0061754105272223084
1,1,0.2630817963698618,0.7287979500688789,0.008120253561259196
0,0,0.6832504627794416,0.31479003462292715,0.001959502597631359
0,0,0.5462918757832244,0.45229625839805104,0.0014118658187246733
0,1,0.3777600275285303,0.6088000084471108,0.013439964024358857
1,1,0.31816401115211845,0.6747952872010484,0.007040701646833169
1,1,0.26113144208263106,0.7309777664643579,0.00789079145301107
2,2,3.707835230058406e-05,0.005730267456806006,0.9942326541908934
0,1,0.4071403604376411,0.5871322389540667,0.005727400608292047
1,1,0.038833527889391824,0.8953622438931761,0.06580422821743227
1,1,0.0666622120806633,0.9086016941307102,0.02473609378862644
2,2,0.0007817359182893717,0.19514706991675548,0.8040711941649552
1,1,0.056201416080918665,0.9047238875882762,0.03907469633080518
1,1,0.3544730218803781,0.6410769302004286,0.004450047919193374
0,0,0.8635660116185575,0.13585013023746334,0.0005838581439792144
1,1,0.10506606887118114,0.8757258962210611,0.01920803490775779
1,1,0.08604508844985143,0.8666441597233279,0.04731075182682064
1,1,0.07829914762558186,0.8985131577947714,0.023187694579646957
1,1,0.15134154997825133,0.81574743492377,0.03291101509797867
0,1,0.11883407731375013,0.8644363066284778,0.016729616057771877
0,0,0.7366947016725592,0.2623555154824198,0.000949782845021023
0,0,0.6981819955124698,0.30100352781714484,0.0008144766703853851
0,0,0.7140679431479637,0.28363829897588366,0.0022937578761525797
0,0,0.8897703221897697,0.10961286191759591,0.000616815892634377
0,1,0.2905565001700866,0.7047966381961128,0.004646861633800599
1,1,0.051338313961469303,0.9309850755544405,0.01767661048409027
0,1,0.07238836968998295,0.9051477273092913,0.022463903000725826
1,1,0.06906078760657075,0.794932600407408,0.1360066119860213
0,0,0.7649152412648945,0.23346274317988608,0.001622015555219472
1,1,0.19457350075491334,0.8011807912655504,0.0042457079795363215
0,0,0.5812397274813799,0.4174146467943217,0.0013456257242984513
0,1,0.28290571099400214,0.7124800466015719,0.004614242404425934
2,2,0.0015537166045869076,0.20413006648193732,0.7943162169134758
0,0,0.586805460702808,0.41152057990476887,0.0016739593924230516
1,2,0.030620055184754,0.4033712572022968,0.5660086876129492
1,1,0.19466482550993974,0.7803656976548978,0.02496947683516225
1,1,0.04959746076767794,0.9276676693738143,0.022734869858507714
0,0,0.5758013041777515,0.420596850810933,0.003601845011315313
2,2,7.039377210618537e-05,0.005557210029354709,0.994372396198539
1,1,0.13783791750309296,0.8473233105565253,0.014838771940381697
1,1,0.2326966514207587,0.7578464722635562,0.009456876315685252
1,1,0.17156564222493476,0.8143314484502661,0.014102909324799167
1,1,0.15859264151384347,0.8192246829298686,0.022182675556288032
1,1,0.09076519981768508,0.8916296117021012,0.01760518848021375
1,1,0.2755133125958171,0.7140826525942249,0.01040403480995797
2,2,0.004878333615570246,0.16855786836067554,0.8265637980237542
0,0,0.6405372004126262,0.3580332508474154,0.0014295487399584679
1,1,0.05971587941584744,0.9051594549104733,0.03512466567367934
1,1,0.17133098536370212,0.8060442757671218,0.02262473886917613
0,0,0.922675566085034,0.07715301741415435,0.00017141650081174564
0,0,0.6991405851581666,0.2991572008343864,0.0017022140074469578
1,1,0.28435739024384177,0.7057946936740096,0.009847916082148633
0,1,0.41429002698603734,0.5791441672696842,0.006565805744278409
1,1,0.19138257974698697,0.7834758888754223,0.025141531377590804
1,1,0.22422380079649745,0.7551636203192228,0.02061257888427989
1,1,0.19170249324194044,0.7991662359209983,0.009131270837061176
1,1,0.1275709984352656,0.8379004950772171,0.034528506487517305
1,1,0.11039255300741023,0.8733082420752364,0.016299204917353278
1,1,0.2378003738990647,0.7554236935055725,0.006775932595362888
0,1,0.25429279227641804,0.734106264780977,0.011600942942604948
1,1,0.2051215734646878,0.7765164903010422,0.018361936234269946
0,0,0.7038072183917053,0.294659042660349,0.0015337389479457627
1,1,0.21762072038004193,0.7774621346916767,0.004917144928281328
1,1,0.059220246132506496,0.868768905954265,0.07201084791322836
0,0,0.6895860399742846,0.308171998767111,0.002241961258604337
0,1,0.48607431039008087,0.5085908949011451,0.005334794708774025
0,0,0.9070282296644999,0.09282605233056979,0.00014571800493037607
0,0,0.6845572614156686,0.31399887045991826,0.001443868124413088
0,0,0.8192588497475525,0.17995888858734485,0.0007822616651026353
1,1,0.04534633977419961,0.92346574295953,0.031187917266270373
0,0,0.7195752855833237,0.28005829439701724,0.0003664200196589847
0,1,0.29027700235982423,0.7050769352890166,0.004646062351159217
0,0,0.7183397557806525,0.2802875395700595,0.0013727046492879621
1,1,0.052687180916398325,0.8711576282560712,0.07615519082753051
1,0,0.8556361304219331,0.1438165429805193,0.0005473265975475188
1,1,0.10196480491922749,0.8678358400245849,0.030199355056187736
0,0,0.7129379404476205,0.2859725287904902,0.0010895307618893333
0,0,0.7796561687090672,0.2193825185948517,0.0009613126960811939
1,0,0.6020951602185924,0.3965052523127598,0.001399587468647809
1,1,0.2820390143317511,0.7119278984758419,0.006033087192406958
0,0,0.5630291218468075,0.43500846246926705,0.001962415683925457
0,1,0.3323184104170033,0.6603428598541242,0.00733872972887255
0,1,0.3590516364317151,0.6331809935044487,0.007767370063836192
1,1,0.09397286171531018,0.8792445832532209,0.026782555031469014
0,0,0.5467449061670702,0.4516160170933726,0.0016390767395572207
0,1,0.17483146569485464,0.8155661357088732,0.009602398596272141
1,1,0.46390798241432063,0.532764024841172,0.0033279927445073365
1,0,0.6132029820150933,0.3849899451477607,0.0018070728371459928
1,1,0.28895627215802316,0.696901654426251,0.014142073415726004
1,1,0.2502381849877475,0.74541352086747,0.0043482941447824455
1,1,0.06457289372116892,0.9129377337784349,0.02248937250039612
0,1,0.1419505768411614,0.8449747210573396,0.013074702101499037
2,2,9.983532776921357e-05,0.07372603346329903,0.9261741312089317
1,1,0.3899517540502449,0.6039764053833637,0.0060718405663913785
1,1,0.06146741708840511,0.8993870824092648,0.03914550050233015
0,0,0.7795857795147709,0.22008826583603963,0.0003259546491894651
1,1,0.2282913303838971,0.7663129300689746,0.005395739547128274
1,1,0.36271978545661004,0.6316909944826955,0.005589220060694479
0,1,0.23482104945987514,0.7597667731942823,0.0054121773458424656
0,0,0.6372288887958224,0.36045221474526845,0.0023188964589092582
0,0,0.8849392773326146,0.114595989274788,0.0004647333925972878
1,1,0.19989652213229517,0.7802998164112522,0.019803661456452647
1,1,0.3090666075501173,0.6812257520361933,0.009707640413689355
1,1,0.04654500331988739,0.9014217025842085,0.052033294095903924
0,1,0.17120900418251783,0.8239829172779815,0.0048080785395006355
1,1,0.03304513446886275,0.8982153003311977,0.06873956519993953
2,2,0.00025623799108182894,0.09038066175991964,0.9093631002489986
1,0,0.6240067051254722,0.37478528820490065,0.0012080066696271946
2,2,0.0021001220550010843,0.19697941869979238,0.8009204592452065
1,1,0.03734297621658192,0.8769758885438783,0.08568113523953971
1,1,0.11340786629640141,0.8511099265487,0.03548220715489855
1,0,0.7376830452039177,0.26127019467442597,0.001046760121656269
0,0,0.558330225229987,0.4385706226570523,0.0030991521129606694
2,1,0.054641510737946375,0.8904984109793082,0.05486007828274529
1,1,0.23537982320265846,0.7529627272952002,0.011657449502141504
1,1,0.16736328055593416,0.8259490945719642,0.006687624872101728
0,1,0.4570154732402787,0.5418305721093911,0.0011539546503301946
1,2,0.02017374885529887,0.409475825706025,0.5703504254386761
1,1,0.4746703736443258,0.5211176479991961,0.004211978356478047
1,1,0.4431484251110581,0.5542007402701216,0.002650834618820231
1,0,0.7599175868125498,0.23864500910235661,0.0014374040850936472
0,0,0.7116473890815461,0.2877792573163052,0.0005733536021488179
2,2,0.0026361337312316192,0.3193168933575901,0.6780469729111782
1,1,0.144035628381643,0.8326398712324551,0.023324500385901874
1,1,0.32243181948091154,0.6695556929996493,0.008012487519439176
1,1,0.23098085271660157,0.753560127206478,0.015459020076920248
1,1,0.19404716742355546,0.7851840352538227,0.02076879732262176
1,1,0.4178074439749037,0.5754616625028381,0.00673089352225825
0,0,0.6805991749510343,0.31405066342528026,0.005350161623685506
1,1,0.10673394493708935,0.8775628717115536,0.015703183351357175
0,0,0.6527257745012747,0.34547129189332526,0.0018029336053999308
1,1,0.3085728519212733,0.6768275661487791,0.014599581929947503
2,2,0.002258743394732684,0.20218720506716023,0.7955540515381071
0,0,0.6165335032427492,0.3820018029109331,0.001464693846317627
1,1,0.33594117173277366,0.6579625302558637,0.006096298011362574
1,1,0.17510699045224185,0.8118096140475529,0.013083395500205161
0,1,0.46740065169172335,0.527727533065191,0.004871815243085519
1,1,0.2290222331086712,0.7584673861003474,0.012510380790981532
1,1,0.036759517594806765,0.8947023550581055,0.06853812734708788
0,0,0.8041861904661434,0.19506181427026092,0.0007519952635955936
0,0,0.7634109258246252,0.2347685506967817,0.0018205234785930433
1,1,0.029097847873604338,0.9381098061543295,0.032792345972066234
1,1,0.4567721841018806,0.5356965856335735,0.00753123026454586
1,1,0.1871239891493823,0.8000730326630576,0.01280297818756022
1,1,0.03680584631057007,0.909200761390275,0.053993392299155084
1,0,0.685451245459338,0.31297217173978414,0.0015765828008777831
2,2,0.00210939144587348,0.20124642206859783,0.7966441864855287
0,0,0.8242010674139791,0.17548462649113478,0.0003143060948860002
1,0,0.5722974909822837,0.4256480044110838,0.0020545046066325883
0,0,0.7180450362865598,0.2804618190676831,0.0014931446457569879
1,1,0.02430294359083716,0.9360213895370791,0.039675666872083876
1,0,0.770722308625445,0.22832356489043304,0.000954126484121971
1,1,0.24897273773528897,0.7429344494647806,0.008092812799930273
0,1,0.4717505223541584,0.5264502955035778,0.0017991821422637794
0,0,0.8939170401202384,0.1058037556319484,0.000279204247813134
0,0,0.8131979992175041,0.1859447702355981,0.000857230546897728
1,1,0.24034204434413597,0.754409828332433,0.005248127323431083
1,1,0.23701695805165596,0.7557699980377616,0.007213043910582341
0,0,0.8679214354314155,0.13160381345359642,0.00047475111498815185
1,1,0.32047008712124064,0.6725087969697569,0.007021115909002487
0,1,0.3263971292269964,0.6640466582006974,0.009556212572306329
0,1,0.4643312027919066,0.5304578637435138,0.005210933464579577
1,1,0.24284649899155103,0.7472464595319899,0.009907041476459098
2,2,0.003696398284301982,0.2164863708276519,0.7798172308880461
1,1,0.12839178236948265,0.8528568667180427,0.018751350912474495
0,0,0.8405363790268531,0.15883824475593517,0.0006253762172117234
0,0,0.7637373037181592,0.23490519524190057,0.0013575010399403007
0,1,0.17355973614201833,0.8109766254681818,0.015463638389799878
1,1,0.1707724880158107,0.8208471452787505,0.00838036670543895
1,1,0.2722838547422784,0.7232383480504335,0.00447779720728806
1,1,0.3200093294794534,0.6732131496509695,0.006777520869577189
1,1,0.1015953243088368,0.8585016824340067,0.039902993257156634
1,1,0.07179088037134367,0.6053235925603158,0.32288552706834056
2,2,6.608415436661586e-05,0.07124052334938928,0.928693392496244
0,1,0.3436918636649315,0.6485543564849013,0.007753779850167043
1,1,0.32196081742205346,0.6714541205976652,0.006585061980281256
1,1,0.0703189690805438,0.8848245589120319,0.044856472007424465
0,0,0.8659878520803016,0.13353854602182882,0.00047360189786955364
0,0,0.6280890420980046,0.3681921547489908,0.0037188031530045462
1,1,0.30559382312679645,0.6877459312996901,0.0066602455735134385
1,1,0.45773128119163015,0.5372982155896067,0.004970503218763023
1,1,0.40177696845889094,0.5935330122585559,0.004690019282553208
1,1,0.19517271976296888,0.7878125008008017,0.017014779436229335
2,2,0.0011188650744043361,0.1665843174081624,0.8322968175174333
2,2,0.005168057644894034,0.15849251434277647,0.8363394280123295
0,0,0.7392075325384787,0.2597778175759417,0.0010146498855797253
0,0,0.5474943816890072,0.4496179012001478,0.002887717110844967
1,1,0.07513837600419124,0.9096366522090005,0.015224971786808181
1,1,0.1315490516119823,0.836598869538636,0.031852078849381626
0,0,0.7476604139679718,0.2500358083354175,0.0023037776966106944
1,1,0.2549640078700451,0.7326889802491562,0.012347011880798717
2,2,0.009722905371108663,0.3736995065493377,0.6165775880795538
1,1,0.0904361991998363,0.8825907292795392,0.026973071520624482
1,1,0.48276605791466703,0.5133030164720925,0.0039309256132404645
2,2,0.0006492884757739786,0.10206583530082033,0.8972848762234057
0,0,0.8274524249018551,0.1719187773471691,0.0006287977509758755
0,1,0.2935994496712578,0.701618447020081,0.00478210330866113
0,1,0.41358557439884214,0.5829808630382767,0.0034335625628812622
1,1,0.12817437225368328,0.8490239225758615,0.02280170517045517
1,1,0.10498612500660323,0.8733523126858234,0.02166156230757338
1,1,0.1191653830719377,0.8443908202446491,0.03644379668341331
0,1,0.3265586825176726,0.6645371002775017,0.008904217204825746
1,1,0.48968113731018914,0.5029668236033521,0.0073520390864588205
0,1,0.43692358684378313,0.5588161136480405,0.004260299508176413
0,0,0.5014688389278277,0.49573914611038006,0.002792014961792288
0,1,0.4809639933749544,0.5168148535185999,0.00222115310644578
0,1,0.46673717755505123,0.5268171395476736,0.006445682897275213
1,1,0.15410509095063452,0.8359076247478056,0.009987284301559806
1,0,0.5986693250417269,0.400201182598913,0.0011294923593601596
1,1,0.06993085587309064,0.8923174830378048,0.03775166108910449
1,1,0.3679454184894162,0.6237959173869169,0.008258664123666947
1,1,0.47819241901453713,0.5196752651822757,0.0021323158031871146
1,1,0.4549412714192123,0.5370030503310542,0.00805567824973341
0,1,0.19868287443544258,0.7902015359630539,0.011115589601503684
0,0,0.8560219983597459,0.14333874745414854,0.0006392541861055078
0,0,0.9362156356853039,0.06353249735187814,0.0002518669628181152
1,1,0.19274438190550294,0.7988715309174425,0.008384087177054765
1,1,0.3543795151943429,0.6288840395868168,0.016736445218840258
0,0,0.6580655027976524,0.3398441154071731,0.0020903817951744836
0,0,0.8633786653480207,0.13588304995265807,0.0007382846993212389
0,1,0.4671991122198454,0.531281502166885,0.001519385613269682
1,0,0.5896564300765071,0.4095045697860576,0.0008390001374352975
1,1,0.22810784479664487,0.7435276564919844,0.02836449871137089
0,0,0.7343173695165458,0.26483689777888375,0.0008457327045704587
0,1,0.14627625954766352,0.8313537311224396,0.022370009329896773
0,0,0.7062520898240134,0.2923913202904685,0.0013565898855180483
1,1,0.20716538154957487,0.7767691677962757,0.016065450654149445
1,1,0.04038545858304279,0.8783143294327991,0.08130021198415814
0,0,0.548348413934967,0.4498888164809158,0.0017627695841172435
1,1,0.4075076856900551,0.5912577742355054,0.0012345400744393988
1,1,0.4478157194145474,0.5505836675420583,0.0016006130433942499
1,1,0.31248263449835156,0.6758757944374904,0.01164157106415796
0,1,0.3565039870208498,0.6403529827633119,0.0031430302158382034
1,1,0.14157493029295837,0.8390465598848497,0.019378509822192032
0,1,0.3793744625759263,0.6116884239594793,0.00893711346459456
1,1,0.4083836776865826,0.5883039025107817,0.0033124198026355813
1,1,0.2300859828737911,0.7612354512447962,0.008678565881412626
1,1,0.06325474420238145,0.9015784720090159,0.03516678378860259
1,1,0.15151309568592522,0.8353591231303095,0.013127781183765196
1,1,0.3107179642354888,0.68311760528406,0.006164430480451357
1,1,0.197899237307888,0.7959586582328332,0.006142104459278824
1,1,0.41943766567454727,0.5781272649466748,0.0024350693787779445
1,1,0.1298333293990179,0.8338823362569115,0.036284334344070655
1,1,0.21360208408944864,0.7774195447045957,0.008978371205955463
1,1,0.1589345943102834,0.802674549367086,0.03839085632263064
0,1,0.3377399290520837,0.6584283364318338,0.003831734516082376
0,0,0.6867181487277166,0.31158595816273066,0.0016958931095528117
0,0,0.8097765771255551,0.18952480645706743,0.0006986164173775279
0,0,0.5604072161064042,0.4352218841626144,0.004370899730981458
1,1,0.048710358374125115,0.9099348787628799,0.04135476286299484
1,1,0.07767435393809295,0.8580376980437968,0.06428794801811033
1,1,0.2635651559525964,0.7235323879321882,0.012902456115215432
0,0,0.7212116310291061,0.27606045723027295,0.002727911740620899
1,1,0.2052224519472897,0.7812494573990977,0.013528090653612582
0,0,0.8676353947715245,0.1318102909745474,0.0005543142539279597
0,0,0.7271477329947613,0.2720828231132882,0.0007694438919505777
0,0,0.8023503563305179,0.1972805631736596,0.000369080495822518
1,1,0.4355979152491214,0.5588553876469519,0.005546697103926748
1,1,0.2503288611076237,0.7429622645489167,0.006708874343459683
1,1,0.38627624394673205,0.6084650621530756,0.005258693900192224
1,1,0.2055420049611082,0.7831300631140946,0.011327931924797268
1,0,0.5207492356610866,0.47467409356820867,0.004576670770704877
1,1,0.2826637365460281,0.6914379536400138,0.025898309813958072
1,1,0.2920733525280704,0.6955192962348059,0.01240735123712375
1,1,0.4490827665605136,0.546319595794269,0.004597637645217315
1,1,0.07761990849560112,0.8943578425645957,0.028022248939803176
0,0,0.6618366098430449,0.33730266319053254,0.0008607269664224469
0,0,0.6341090546129282,0.3649532218062517,0.0009377235808199854
1,1,0.20407679963171615,0.787091090029433,0.008832110338850886
1,1,0.09912935639036466,0.8402754406822016,0.060595202927433665
1,1,0.1579063515405914,0.8123063288787242,0.029787319580684254
1,1,0.4153048914932701,0.577406169040247,0.00728893946648287
0,0,0.7246776062187497,0.2738931398631566,0.0014292539180936635
0,1,0.1664936639215905,0.8129988894661346,0.020507446612274955
1,1,0.27562315235561397,0.7144462884486624,0.009930559195723743
0,0,0.5337008236607705,0.4633704322659933,0.002928744073236104
1,0,0.6268497110967071,0.3721256789477593,0.0010246099555336595
1,1,0.3652120474251654,0.6223649972200037,0.012422955354830817
1,1,0.024725593996586345,0.8869495916370677,0.08832481436634602
1,1,0.40601503612149714,0.5907010463689031,0.0032839175095997065
0,0,0.8867728062212404,0.11293983820660337,0.0002873555721562729
1,1,0.16551510390588878,0.8242308327190565,0.010254063375054672
1,1,0.37171265161195705,0.621865302790092,0.006422045597950989
0,0,0.7435080328716637,0.25543229689544594,0.0010596702328902659
0,0,0.5907512630823918,0.4068579014945583,0.002390835423049972
0,0,0.5938920035261738,0.4017380347032517,0.004369961770574493
1,1,0.27521105723009137,0.7033761415502132,0.021412801219695406
1,1,0.1282331097869676,0.8569835892010349,0.014783301011997398
1,1,0.17388584181031078,0.8192976039845263,0.006816554205163046
0,0,0.817068377838416,0.18247963691844124,0.00045198524314272646
0,0,0.5620603579262444,0.4352910709448013,0.00264857112895442
1,1,0.0853194229545188,0.8533181314350445,0.061362445610436744
1,1,0.09495795912468206,0.8396834663769344,0.06535857449838361
1,1,0.21230010395942034,0.7766961743459028,0.011003721694676935
1,1,0.34772464966593736,0.6454352443691022,0.006840105964960469
0,0,0.564212882874516,0.4334303247027088,0.002356792422775213
1,1,0.0953096183336907,0.8578636196427277,0.046826762023581554
0,0,0.8263230570150393,0.17185274643335585,0.0018241965516050287
1,1,0.14985006378548857,0.8366339169215014,0.013516019293010132
1,1,0.48893692134413547,0.5085238289691213,0.002539249686743275
1,1,0.19385934108554176,0.7979953097513178,0.008145349163140414
1,1,0.12449414743211375,0.8466478606623371,0.02885799190554911
0,0,0.9201961180807715,0.07963981724529283,0.00016406467393547796
0,1,0.2212521453438451,0.7707387559205713,0.008009098735583788
2,2,0.00013127746417650733,0.04846878743528834,0.9513999351005351
0,1,0.3011066321378646,0.6831386197067261,0.015754748155409264
0,1,0.2786719367248517,0.7089043599067483,0.012423703368399923
0,1,0.4280818746159369,0.5645126892596263,0.00740543612443679
1,2,0.011436381495013307,0.24134218419672512,0.7472214343082616
2,2,4.322798200958151e-05,0.019869601872240586,0.9800871701457498
0,0,0.5171535463406852,0.4787779030293975,0.00406855062991732
0,1,0.14685391961131367,0.8438763834735564,0.009269696915129955
1,0,0.5155028365859234,0.48335850253098867,0.0011386608830878998
1,1,0.45769646994918983,0.539425278007769,0.0028782520430411496
1,1,0.21752172444448786,0.7720490741536831,0.010429201401829064
0,0,0.6549651147190129,0.34305205323099375,0.001982832049993434
1,1,0.23560134643053796,0.7511102313825551,0.013288422186907036
1,1,0.05086012756299028,0.9192813249048217,0.02985854753218807
1,1,0.10659403330361727,0.8801411021216751,0.01326486457470767
1,0,0.5821703478023905,0.4156406581298074,0.0021889940678021273
1,1,0.1120758709704475,0.8722027077516169,0.01572142127793567
1,1,0.2593248062326482,0.7281033439548209,0.012571849812530905
0,1,0.2083997731910888,0.7745018151328942,0.017098411676017132
1,1,0.36422416949679953,0.6275431241895165,0.008232706313684031
0,1,0.2347831450228206,0.758948596068405,0.006268258908774262
1,1,0.13953905537412573,0.8402298103158504,0.02023113431002385
1,1,0.190814884602427,0.8002448884965245,0.008940226901048343
0,1,0.3127464598953166,0.6725516386590038,0.014701901445679556
1,1,0.12704878204990236,0.8568219499406237,0.016129268009473976
0,0,0.6617123676003679,0.3369491040330174,0.0013385283666146922
1,1,0.15906034952364168,0.8338518195504684,0.007087830925889848
0,1,0.42933939204533766,0.567786722935123,0.0028738850195393754
1,2,0.009107327897899135,0.2769186899832993,0.7139739821188016
1,1,0.20285261420280382,0.7807103413845407,0.016437044412655474
1,0,0.505167478213814,0.4886855067846263,0.006147015001559613
0,0,0.5210359285494987,0.4772541139854204,0.0017099574650809176
1,1,0.054396535286527166,0.905615123392334,0.039988341321138765
1,0,0.6870672442810957,0.31043587516091536,0.002496880557988992
0,0,0.6412485869019889,0.3573338442935977,0.001417568804413418
0,0,0.6032947245203762,0.39062212027941495,0.00608315520020881
1,1,0.45449396962880073,0.5388965333563518,0.006609497014847409
1,1,0.4333320835632807,0.5564565953530216,0.010211321083697714
0,0,0.6448566318957326,0.3527732246758565,0.002370143428410941
2,2,4.570294794835394e-05,0.008992746892417101,0.9909615501596345
1,0,0.5500057530200557,0.44459056448971573,0.005403682490228533
2,2,0.00011823333429593957,0.0964642985529036,0.9034174681128004
1,1,0.09470784865997148,0.5875404501147545,0.31775170122527396
2,2,0.0004275015782156578,0.06812582935421752,0.9314466690675668
0,0,0.8919666593348609,0.10760518198460732,0.00042815868053189434
1,1,0.1649061799676718,0.826146145738832,0.008947674293496136
1,1,0.19792381149624103,0.7920371943713476,0.010038994132411477
0,0,0.7353229538412487,0.26331891212806324,0.0013581340306879767
0,0,0.7486453699184464,0.25014195831649383,0.0012126717650597207
0,0,0.562703098240702,0.4351111279187761,0.002185773840521869
2,2,0.0004288372524307833,0.08102686158830825,0.918544301159261
0,0,0.8993449105678086,0.10026621449723284,0.00038887493495848877
1,1,0.08363289671013434,0.8989804312774644,0.017386672012401273
0,0,0.7837033333239605,0.21551704154469345,0.0007796251313460281
0,0,0.8528253634395194,0.1464974005558331,0.0006772360046474156
1,1,0.2582611471331216,0.7291428340690363,0.012596018797841982
1,0,0.748857084166941,0.2502880073631236,0.0008549084699353461
1,1,0.37837766971412623,0.6179454752043355,0.0036768550815383227
2,1,0.03415929656620476,0.9004632993954397,0.06537740403835547
1,1,0.015496622229579088,0.8831505876119132,0.10135279015850783
0,0,0.7118745674752814,0.28506751208720754,0.0030579204375109563
0,0,0.9209836452222072,0.07883930540735014,0.00017704937044273842
0,1,0.3363360190026623,0.6557325071013193,0.007931473896018483
1,1,0.07066011319801017,0.8975831412367289,0.031756745565260945
0,0,0.8498449867275657,0.14965133946660528,0.000503673805829127
0,0,0.638515330074044,0.358674069906996,0.0028106000189598015
1,1,0.1295450091941605,0.8581425767101891,0.012312414095650549
1,1,0.31509333363481096,0.6792716800142501,0.005634986350939007
1,1,0.3376993041592305,0.6553039601866748,0.006996735654094743
1,1,0.34911222697880734,0.64090962353829,0.009978149482902668
0,0,0.7076151924485259,0.29159270881310656,0.0007920987383675013
1,1,0.1307628476954101,0.8585130546310645,0.010724097673525416
0,1,0.4600301982221252,0.537019337480373,0.002950464297501734
0,0,0.8363736649002503,0.1629902560172893,0.0006360790824602896
1,1,0.15945965137573279,0.8105261923536341,0.030014156270633013
1,0,0.731190742032979,0.26762837998707384,0.0011808779799473098
1,1,0.10711988406107088,0.8760627488927643,0.01681736704616484
1,0,0.7518204306702908,0.24750460416305659,0.0006749651666527188
1,1,0.3076640257590968,0.6875065528760822,0.00482942136482104
1,1,0.3843107317617442,0.6133079601342505,0.002381308104005421
1,1,0.28437131154825435,0.7068705370068383,0.008758151444907483
1,1,0.31852909102409677,0.6694436784399583,0.01202723053594486
0,0,0.8814131943858059,0.11806621998458823,0.0005205856296058856
1,0,0.7757085538003857,0.2231076576159942,0.001183788583620031
0,1,0.38607677814332453,0.6088470170646068,0.005076204792068605
1,1,0.4672430796859928,0.5257687252239612,0.006988195090046077
2,2,0.0017400590063388764,0.16519335037485797,0.8330665906188031
0,0,0.577476894497501,0.42106577453827143,0.0014573309642276966
1,1,0.09661205113689714,0.8908322290318429,0.01255571983125996
0,0,0.7174677355770211,0.2813453498308276,0.001186914592151304
0,0,0.7495994479027065,0.2495882364192046,0.0008123156780888308
0,0,0.5417846331434929,0.4562143764387915,0.002000990417715556
1,0,0.6154152489957015,0.3839235813375423,0.0006611696667561906
0,0,0.8794816932381886,0.12010530737020536,0.000412999391606106
0,0,0.7494090234188621,0.24903158875093656,0.0015593878302012634
0,0,0.9077228730685364,0.09195422639991012,0.0003229005315535811
0,0,0.7997668453545383,0.19967826569999123,0.0005548889454703255
0,0,0.5771394068579704,0.4202721886446811,0.0025884044973485004
0,0,0.6690526304226257,0.32978254399155377,0.001164825585820493
0,0,0.514367004409482,0.4806040332200943,0.005028962370423645
1,1,0.4136315177141705,0.5821247359590472,0.004243746326782265
0,0,0.5439664280095601,0.45125998755114943,0.0047735844392904755
1,1,0.2608670223745238,0.7153557473718131,0.023777230253663188
1,1,0.3177487722596399,0.6750399191337079,0.007211308606652222
1,1,0.21004732902511164,0.7742155428837256,0.015737128091162716
0,1,0.3985638589818948,0.5964640517307405,0.004972089287364671
0,0,0.7306303688017294,0.26859490065701425,0.0007747305412562728
0,0,0.8137583099246167,0.1855243987509106,0.0007172913244728114
1,1,0.07530951591073924,0.892842023718606,0.03184846037065476
0,0,0.7156461237918839,0.28227380434001675,0.0020800718680992793
1,1,0.18365607106136916,0.7992137205380058,0.01713020840062499
0,0,0.8756396326713224,0.12410619301103544,0.0002541743176420638
0,0,0.6758427924609075,0.3232993048564506,0.0008579026826420049
0,1,0.14349549758239244,0.8184150436271703,0.03808945879043722
2,2,5.03434924016707e-05,0.041559507470839675,0.9583901490367586
0,0,0.7459141277118715,0.25328068206062604,0.0008051902275025079
0,1,0.3706009397736895,0.615431823180413,0.013967237045897609
1,0,0.5171100855757189,0.4799590558677733,0.0029308585565076756
1,1,0.26795471749414135,0.7219083648968484,0.010136917609010246
0,0,0.6362743247491953,0.3589580693643539,0.004767605886450817
0,0,0.7455138102632094,0.25409671195135336,0.00038947778543727614
1,1,0.0963379396503924,0.8752545403501021,0.028407519999505595
1,1,0.09428969216958542,0.8323393543353145,0.07337095349510003
1,1,0.08383530099421042,0.8978020356298462,0.018362663375943482
1,1,0.03130175545254578,0.9382150234538411,0.030483221093613143
0,0,0.8155852527132531,0.18383950345733827,0.000575243829408696
0,1,0.22154309790695534,0.7584112611933281,0.020045640899716576
0,0,0.5063864246927627,0.49186547026370236,0.0017481050435349786
1,0,0.7575148808234707,0.24139238110016717,0.0010927380763622308
1,0,0.5667864736611757,0.43144916560043345,0.001764360738390798
1,1,0.26286255067625675,0.7267567431438053,0.010380706179937976
1,1,0.11179202318894371,0.8759204464309213,0.012287530380134908
1,1,0.12419048949347594,0.8492320621762562,0.02657744833026769
1,1,0.19270555751050883,0.8014907343449101,0.005803708144581027
1,0,0.5774555984301777,0.41972359907507883,0.002820802494743463
1,0,0.6139000034892438,0.383387452380206,0.0027125441305501856
1,1,0.3104495595922496,0.6827835840189181,0.006766856388832149
1,1,0.07047083076550037,0.9141374991970947,0.015391670037404912
1,1,0.192209182647809,0.7794729135325434,0.02831790381964751
0,0,0.818967508752252,0.18053773902622,0.000494752221527975
1,1,0.27663235998055,0.71748949486636,0.005878145153090004
0,0,0.5504867406629376,0.44569195936780026,0.0038212999692620584
2,2,0.00017503738413252314,0.009068249240933753,0.9907567133749338
2,2,1.958871837451681e-05,0.004240901978635659,0.9957395093029899
1,1,0.13690325912895568,0.8403136840035573,0.022783056867487002
2,2,0.007131341073675043,0.2850003152651988,0.7078683436611263
0,0,0.7723548840852174,0.22708127504150308,0.0005638408732796409
0,0,0.5693159035026136,0.42785910017201434,0.0028249963253720407
2,2,0.005864604872730107,0.2740702798408189,0.720065115286451
1,1,0.43499557348058837,0.5632981571253811,0.0017062693940304446
0,0,0.8828434018844477,0.1167769586881257,0.00037963942742664174
1,0,0.6154924379924219,0.38298275004892024,0.0015248119586578372
0,1,0.37091119813373336,0.6236021724698645,0.005486629396402213
0,1,0.40008452063438327,0.5904778743882179,0.009437604977398878
1,1,0.2156856920697406,0.778228685862984,0.006085622067275419
1,1,0.2880132770785783,0.7012997897085955,0.010686933212826108
1,1,0.4978888104173583,0.5003609333700442,0.001750256212597528
2,2,0.00039634043164879745,0.11558641012407758,0.8840172494442736
0,0,0.802080756780233,0.1965638928419659,0.0013553503778011224
0,1,0.3004149721223535,0.6900854358955197,0.009499591982126786
1,1,0.053595554024960114,0.890713801525777,0.05569064444926302
0,0,0.7589761883426849,0.2401787744499505,0.0008450372073646146
1,0,0.49773955521964997,0.49697203126880274,0.005288413511547299
0,1,0.4901669388382762,0.5037925992005512,0.006040461961172663
1,1,0.05368147298480858,0.9093863254534212,0.03693220156177018
0,0,0.8683078455787019,0.13133525771076,0.0003568967105380753
0,0,0.5690150691058375,0.4290358387016315,0.0019490921925309902
1,0,0.7017439137147461,0.29710512522266175,0.001150961062592168
1,1,0.49500791564111374,0.5006272921212928,0.004364792237593516
0,0,0.7517742167701383,0.24640304692390383,0.0018227363059578811
1,1,0.396319668531519,0.6004861319639547,0.0031941995045262597
1,1,0.1912546362617319,0.796702098951455,0.01204326478681316
0,1,0.26810098802736665,0.717871024630486,0.014027987342147375
0,0,0.9124646279764386,0.08717466586095687,0.00036070616260439834
0,0,0.8438113197882969,0.15559522330563597,0.0005934569060671004
1,1,0.03835381994805119,0.9138218857729961,0.04782429427895274
1,1,0.3944720004046436,0.5968038404583474,0.008724159137009009
0,0,0.6711331546037917,0.3268213258312434,0.002045519564964721
1,1,0.2217947339807291,0.7688425955334814,0.009362670485789532
2,2,0.0034884787566207523,0.28455599284875016,0.7119555283946292
0,0,0.5271032538834021,0.4671682845143245,0.005728461602273309
1,1,0.07844804156083379,0.8971217843529046,0.024430174086261528
1,0,0.5083237235967254,0.4877553543571896,0.003920922046084994
2,2,0.00046663232515165275,0.15498867255854298,0.8445446951163054
1,1,0.025308210104835,0.886379036148047,0.088312753747118
0,0,0.628477669291706,0.36793219248104986,0.0035901382272441338
0,1,0.30392236748678836,0.6826492717223753,0.013428360790836391
1,1,0.27270060695133613,0.7221408080608537,0.005158584987810177
0,0,0.7579685047419297,0.240243089433219,0.0017884058248512772
1,1,0.09770220142319044,0.8829198367712358,0.019377961805573912
1,1,0.3274507081046611,0.6638619784508015,0.008687313444537485
0,0,0.8245355344270473,0.17493691861039523,0.0005275469625573948
1,0,0.7293642606224936,0.26847505222985923,0.0021606871476472283
2,2,0.0021107548264166095,0.1644140735038357,0.8334751716697477
0,0,0.5139333238538645,0.4836519085029274,0.002414767643208185
1,1,0.18189316121013221,0.8110547125450799,0.007052126244787938
1,1,0.41296012378413166,0.5750566374719156,0.011983238743952762
1,1,0.3968579901623414,0.5984664591546219,0.004675550683036607
0,0,0.8102298286247279,0.18913927585741494,0.0006308955178571842
1,1,0.40360174685034655,0.5898492132298833,0.006549039919770207
0,1,0.24176810995363857,0.7432946475209278,0.014937242525433615
1,1,0.4225699964659038,0.5733521043026936,0.004077899231402569
1,1,0.23745856076773325,0.7472273435657113,0.015314095666555436
0,0,0.5718939115967373,0.42506776068556995,0.0030383277176926258
1,0,0.5926416883351106,0.4054221190760723,0.00193619258881718
0,1,0.04636296752933071,0.8933026381789204,0.0603343942917488
0,0,0.5017912190671774,0.48997056657150034,0.00823821436132238
1,1,0.4034714372010345,0.5931021926894932,0.003426370109472317
0,0,0.5951956788617426,0.4022956186376712,0.0025087025005862233
0,0,0.73516252148245,0.2637019108947234,0.0011355676228266183
0,0,0.5376461628464546,0.45944989739837394,0.002903939755171417
1,0,0.7891788733246392,0.21019420525143795,0.000626921423922868
0,1,0.41798537942884945,0.5800823869274405,0.0019322336437098823
1,1,0.05327637382913382,0.8638040342421979,0.08291959192866837
0,0,0.8317980235892227,0.1675274226729593,0.0006745537378179945
1,2,0.0077460712648623475,0.39531518008357697,0.5969387486515607
1,0,0.5495343662284484,0.44961688628851965,0.0008487474830319832
1,1,0.12337119788795832,0.8596183806599538,0.017010421452087893
0,0,0.8390800492731794,0.16072025529301484,0.00019969543380574708
0,0,0.8989147289685296,0.1007421812712189,0.00034308976025151184
0,0,0.7994937074018824,0.20007598488781564,0.0004303077103019078
0,0,0.702742433549301,0.29520698898959824,0.002050577461100834
1,0,0.7868400009458154,0.21196548743932228,0.0011945116148623159
1,1,0.2099727879571557,0.7685565551795984,0.0214706568632458
1,1,0.317202589309862,0.6696585385684289,0.013138872121709057
2,2,0.003864936080390369,0.26286264644386276,0.7332724174757469
0,0,0.7549306752466565,0.24404078525522999,0.0010285394981135267
1,1,0.45559459704609856,0.5415105902003893,0.0028948127535120874
1,1,0.21206108348257438,0.7652902962175265,0.022648620299899076
1,1,0.3939836949092537,0.5966604748614975,0.00935583022924876
1,0,0.531872226492771,0.46456910101266097,0.0035586724945681062
0,0,0.5171502899432585,0.4796979118949104,0.0031517981618310854
1,1,0.1042758579671454,0.8529696245548162,0.04275451747803842
1,0,0.6286806484837704,0.36996921563396307,0.0013501358822665863
1,1,0.13894526897538045,0.8542708188963016,0.006783912128317854
1,1,0.15149731623301646,0.8210878677326752,0.027414816034308374
0,1,0.3721279322894422,0.6233102400231034,0.00456182768745437
1,1,0.052624919863858144,0.8998346308143209,0.04754044932182087
0,0,0.8939757582006824,0.10535913223261069,0.0006651095667068579
1,1,0.22466102399283788,0.7572595521899421,0.018079423817219914
1,0,0.539733050277095,0.4548911368430527,0.005375812879852421
1,0,0.5124242479816162,0.4814187818561095,0.006156970162274269
1,1,0.19631622478517963,0.7811793159933726,0.022504459221447795
0,1,0.4150795716112784,0.5791757650170095,0.005744663371712053
0,1,0.2572978161872474,0.7369010436894021,0.005801140123350397
0,0,0.764747321575436,0.2342544054747988,0.0009982729497652
0,0,0.579752420690651,0.41641609860452805,0.0038314807048209364
0,0,0.7509165308940698,0.24758240417722396,0.0015010649287060774
1,1,0.40365051090170956,0.5924155511157626,0.003933937982527831
1,1,0.14980838597554944,0.8316967238580154,0.01849489016643515
1,0,0.5076027599926591,0.4895712261886923,0.002826013818648583
1,1,0.17893641147624412,0.7966642492094578,0.02439933931429816
1,1,0.2749797279327812,0.7139104295651385,0.011109842502080199
0,0,0.7076852227853155,0.2900069969793039,0.0023077802353807376
1,1,0.22613847167678475,0.7591142076720121,0.014747320651203205
1,1,0.3192970606437438,0.663123416059742,0.017579523296514108
0,0,0.6285711500528559,0.36969810820291954,0.0017307417442244614
1,0,0.5916137076875383,0.4072095218421017,0.0011767704703598949
0,0,0.9394899419775865,0.0602768746284492,0.00023318339396427638
1,1,0.041218302741598066,0.9342271514658343,0.024554545792567474
0,0,0.5391802911925123,0.455458718475148,0.005360990332339833
0,1,0.4469324258070347,0.5469645528399554,0.006103021353009976
1,0,0.5674087594571989,0.4311457232766832,0.0014455172661178492
1,1,0.10185746070998473,0.8437098203522885,0.05443271893772683
2,2,0.0009395323026466215,0.21956661110778133,0.7794938565895722
0,0,0.929541150769514,0.07026697567267658,0.00019187355780934384
1,1,0.04482008388616787,0.9184784302551445,0.03670148585868752
0,0,0.6938296020226227,0.30559951872591196,0.0005708792514655014
1,1,0.20794903782415586,0.7796816755081744,0.012369286667669805
2,2,8.076928159614833e-05,0.007462061294672501,0.9924571694237313
1,1,0.10044057653967262,0.8456862710534888,0.05387315240683851
1,1,0.04223843171840322,0.9322543009715213,0.025507267310075514
1,0,0.7774899869357265,0.22077914008605562,0.0017308729782178863
2,2,0.000667243671836051,0.062340811915557875,0.9369919444126061
1,1,0.15184090998094196,0.8372341836214848,0.010924906397573151
1,1,0.03492359355986214,0.7101026540454575,0.25497375239468023
1,0,0.7313209129376476,0.2673938509831603,0.0012852360791921556
0,1,0.30830616998076327,0.6844051971160092,0.007288632903227488
1,1,0.29883236564980825,0.6961914235376666,0.004976210812525221
1,1,0.4296515962954321,0.5658439122088316,0.004504491495736268
0,0,0.9217613589106614,0.07797973829030536,0.00025890279903318086
1,1,0.45471770696289654,0.5297520074810943,0.01553028555600907
0,1,0.42410626948905605,0.5697153895440489,0.006178340966895205
1,1,0.3643028594750019,0.6218275269008561,0.013869613624141951
0,1,0.4385846122383174,0.5566098077705822,0.004805579991100367
0,0,0.8715587516713466,0.1282293147470077,0.0002119335816458153
0,1,0.4056240513035301,0.5876676993119043,0.006708249384565718
1,1,0.0926755860867794,0.8546645659220314,0.05265984799118918
0,0,0.7805388026595254,0.2180646488092343,0.0013965485312402374
1,1,0.09660761306494123,0.8522084974051023,0.051183889529956554
0,0,0.6113911936708964,0.3861307676712907,0.002478038657812891
0,0,0.7255291031713533,0.27342122071966185,0.0010496761089847783
0,0,0.645844848427014,0.35274473162442704,0.0014104199485590518
0,1,0.16000343223319238,0.7957565121903039,0.04424005557650383
1,1,0.20113490972392056,0.7770055551307667,0.02185953514531268
1,0,0.7005421042656079,0.2984234775701614,0.001034418164230792
0,0,0.8481431912811301,0.15125621604673112,0.0006005926721387839
1,2,0.003074636867867313,0.171743742839616,0.8251816202925166
0,0,0.5977056191690663,0.39935115827022377,0.0029432225607099564
0,1,0.4177052335017035,0.5783123089600654,0.003982457538231054
1,1,0.24653217477703154,0.7349939704553278,0.018473854767640675
2,1,0.01960133631924807,0.8651154202099386,0.11528324347081342
1,1,0.10926407295203856,0.8676100351240902,0.023125891923871277
1,1,0.1817419655265195,0.8042478100551722,0.014010224418308433
1,1,0.24263232223476552,0.7494305058034064,0.007937171961828146
0,1,0.29626520877501683,0.697084809270076,0.00664998195490717
1,0,0.6655710401582895,0.3327709643645993,0.0016579954771111412
0,0,0.5859205755507338,0.4091436156207484,0.00493580882851772
0,0,0.7610486790879405,0.2376705944210657,0.0012807264909938897
1,1,0.2914551427988392,0.7026258712486941,0.0059189859524665074
1,1,0.4241365186043443,0.5741253183204628,0.0017381630751929166
1,1,0.025600427751317933,0.9236377886019846,0.05076178364669749
0,0,0.5290187490557605,0.46872406854139625,0.002257182402843204
0,0,0.7547031642483922,0.24348048474842285,0.0018163510031849457
1,2,0.0010611022268332082,0.11014769824690103,0.8887911995262657
1,1,0.15480184713289494,0.8209907522055304,0.024207400661574466
1,0,0.5518234702769742,0.4467030869505555,0.0014734427724703947
1,1,0.2710858047740395,0.7238213847440189,0.005092810481941644
1,1,0.38503223348765037,0.6104447932350555,0.004522973277294096
1,1,0.2359665833008767,0.7522704306235652,0.011762986075558
1,1,0.2726958650989614,0.7202506205092065,0.007053514391832129
2,2,0.001230986861261441,0.14863004008224345,0.8501389730564951
0,0,0.8149830842049893,0.18442563720104513,0.0005912785939656452
1,1,0.15346704523463658,0.8233471953857557,0.023185759379607724
0,0,0.5042081021757457,0.4914731628356158,0.0043187349886383945
1,2,0.034140308625454426,0.44906324769757994,0.5167964436769656
0,0,0.7656914686976759,0.23390534467011162,0.00040318663221254716
0,0,0.8437090121908599,0.15561286764779644,0.0006781201613436225
0,0,0.7918821886121092,0.20703283462028804,0.001084976767602711
0,1,0.2850160115532589,0.7022045859836177,0.012779402463123476
1,1,0.1662203753037304,0.8210016156252421,0.012778009071027396
0,0,0.7049015220681163,0.29414625436270686,0.0009522235691767777
2,2,0.023463529007154493,0.39285908931283114,0.5836773816800144
1,1,0.23918679626344316,0.7547698877387724,0.006043315997784548
0,0,0.5970254347417735,0.4015131318194527,0.0014614334387737776
0,1,0.48206999348372326,0.5156633897567813,0.002266616759495377
0,0,0.9112208011845674,0.0885493645580499,0.000229834257382923
1,1,0.34329976882277957,0.6410446412319786,0.015655589945241705
1,0,0.6856435020055884,0.313457686374644,0.000898811619767622
0,1,0.4526072161159361,0.5443942201856552,0.0029985636984086817
1,1,0.16054661968973546,0.8302758055053779,0.009177574804886568
1,1,0.2691584057322734,0.7239677413275099,0.006873852940216794
1,1,0.3879852855866055,0.6025472488140758,0.009467465599318619
0,0,0.6710103458157849,0.32775588002928785,0.0012337741549271967
0,0,0.8329706734314,0.16609727963801266,0.0009320469305873356
1,1,0.3283379519567386,0.666511136774169,0.005150911269092373
0,1,0.3593339464118038,0.6346258448938816,0.006040208694314581
0,0,0.6972389593798847,0.3021790404091412,0.0005820002109741081
2,2,0.0007137342547069625,0.15507005025591739,0.8442162154893758
1,1,0.30256378083716756,0.6888833867708087,0.00855283239202366
0,0,0.569407048320049,0.4265044639363173,0.00408848774363378
0,0,0.7435414976945384,0.25543601007915506,0.0010224922263065027
1,1,0.2700219691775741,0.7115663827960947,0.01841164802633129
0,1,0.44447775313408766,0.5495511979412756,0.005971048924636677
0,0,0.8157720394603397,0.18391924295941348,0.0003087175802468625
1,0,0.5246467205161619,0.4734575967703379,0.0018956827135003206
1,1,0.0393762345478341,0.8289363339874855,0.13168743146468045
0,0,0.6879915256787944,0.31110574467874547,0.0009027296424600072
1,1,0.43960483355664076,0.5558306585114378,0.004564507931921441
1,1,0.2773150625679832,0.713102269823625,0.00958266760839174
1,1,0.046102986761321796,0.9283571071069232,0.025539906131754952
0,1,0.3574315942785428,0.6364813694050873,0.00608703631636991
0,0,0.773221769927213,0.22551253053108644,0.0012656995417006348
1,1,0.29801441125618106,0.6938842181460665,0.008101370597752375
1,1,0.1704571876028399,0.7824510702122481,0.04709174218491198
1,1,0.42591868855576315,0.5713173627164965,0.002763948727740445
1,1,0.40781870493654493,0.5896875956851879,0.0024936993782671466
0,0,0.556457401496383,0.4408381568894862,0.002704441614130806
0,0,0.5334050924891514,0.4620117082425329,0.004583199268315817
1,1,0.14654152652350425,0.8369897937354689,0.01646867974102688
1,1,0.22146679342572176,0.7707068250242759,0.007826381550002379
0,1,0.459008119418785,0.5356804823023336,0.005311398278881425
0,0,0.5059253608312919,0.49100247584305734,0.0030721633256507092
1,1,0.03263607663270396,0.8937902310289279,0.07357369233836827
1,1,0.3341588391666285,0.6548326471731937,0.011008513660177794
0,1,0.12727598394890915,0.8283549091071231,0.04436910694396767
1,1,0.38970625505177253,0.604437416658515,0.005856328289712551
0,0,0.774256862320679,0.2242636910726881,0.0014794466066327353
1,1,0.19631709934268843,0.7934617831435843,0.010221117513727295
1,1,0.29358940970311065,0.6911455097844661,0.015265080512423274
0,1,0.45042296981171326,0.5448026927222619,0.0047743374660248784
1,1,0.11931752298079615,0.875357637063776,0.005324839955427825
1,1,0.4072614682102062,0.5893910585942332,0.003347473195560473
0,1,0.08224578046800596,0.8672230797157437,0.05053113981625039
0,1,0.2881867671821736,0.6944054356553221,0.01740779716250433
0,0,0.814178157634592,0.18469054171928137,0.0011313006461265722
0,0,0.8724283105864973,0.1271421261589417,0.00042956325456113714
2,2,0.0037373979949926165,0.22001931451783827,0.7762432874871692
1,1,0.11471129016341201,0.8402119883485387,0.045076721488049344
1,1,0.24190746865866544,0.7384388436096517,0.019653687731682874
0,0,0.7924149634423053,0.20697950092514195,0.0006055356325527399
1,1,0.034504315982745594,0.9396447958960079,0.02585088812124647
1,1,0.19707123287067224,0.7783417682745305,0.024586998854797287
0,0,0.7483604186787767,0.2507443098604637,0.0008952714607596267
1,1,0.4678832640045271,0.5311154787447765,0.0010012572506963298
1,0,0.7216805450745895,0.2776894052131068,0.0006300497123037512
0,1,0.3846000568343256,0.608133644601378,0.007266298564296367
2,2,9.727390514294711e-05,0.009932186079156677,0.9899705400157005
0,0,0.6100864177433025,0.3863243883717038,0.003589193884993663
0,1,0.34683306613766496,0.6453404287595111,0.007826505102823919
0,0,0.5013337942741422,0.4962459306802674,0.0024202750455904467
0,0,0.8082123065159559,0.19143074831863532,0.00035694516540898285
0,0,0.5278001275895532,0.4695441760311248,0.0026556963793219913
1,1,0.024874214595343284,0.9172666314282742,0.05785915397638237
0,0,0.6421001195881653,0.3565439613348712,0.001355919076963495
0,0,0.8994130879800468,0.09990980342572012,0.0006771085942329911
2,2,0.0002306065972491288,0.1163587222934384,0.8834106711093124
0,0,0.5713598750296528,0.4267560165302034,0.0018841084401438704
0,1,0.10693167250678051,0.8770272829416302,0.016041044551589133
0,0,0.9043227053480591,0.09534259608841446,0.00033469856352630675
0,0,0.5209578052077355,0.47784812518177394,0.0011940696104906579
0,0,0.9149689161389297,0.08478732461800939,0.000243759243060966
1,1,0.42134319105720985,0.5632803567721033,0.015376452170686901
1,0,0.6362050553008076,0.3620147952526831,0.0017801494465091439
1,1,0.28480836870128,0.7089191205188816,0.006272510779838512
1,1,0.14742964235337033,0.8330960836358006,0.0194742740108292
0,0,0.5536848049185946,0.4434047594466839,0.002910435634721606
1,1,0.08324418961636751,0.885865676171782,0.030890134211850467
1,1,0.029498283784880716,0.9118283881410691,0.05867332807405012
1,1,0.06752761430086998,0.8781154933625039,0.054356892336626036
1,1,0.307816643270637,0.6846170763704994,0.0075662803588634996
1,1,0.16720238843270205,0.8232399217723312,0.009557689794966722
0,0,0.7115440598455491,0.28749584436320247,0.0009600957912482386
0,1,0.4964685323745359,0.5012507869062637,0.0022806807192003696
2,2,0.0005960964698850943,0.06765853759562943,0.9317453659344854
0,0,0.6820782615249817,0.3166968714006697,0.0012248670743485852
0,0,0.5718898173867418,0.42522924233394566,0.0028809402793125286
1,1,0.05807955779267565,0.9062466149640903,0.035673827243234216
0,0,0.6739870369380739,0.3249595715207702,0.0010533915411557538
0,1,0.23653548112025788,0.75397683806091,0.009487680818832054
0,0,0.5280674956451912,0.47021530626449237,0.0017171980903164428
0,0,0.7785786682644601,0.22088314337165257,0.0005381883638872955
1,1,0.17241693051303172,0.8216320439060896,0.00595102558087885
0,0,0.899309853192175,0.10001448312205695,0.000675663685768124
0,0,0.7380478413433769,0.2611008298969309,0.0008513287596922136
0,0,0.7360396290466882,0.2626287151290758,0.0013316558242360372
1,0,0.6884504580598284,0.3103725776315659,0.0011769643086055493
0,0,0.6704645340026774,0.3279294109533498,0.001606055043972912
0,0,0.8532641095070588,0.14597723790308476,0.0007586525898564183
0,1,0.41311028751196727,0.5821252210507147,0.004764491437317927
1,1,0.19956168202402708,0.7941476145277344,0.0062907034482385
1,1,0.4852347904623571,0.5117060533389609,0.003059156198682055
1,1,0.11069620349530207,0.8572128767205288,0.032090919784169177
1,1,0.25784244351533553,0.7376842250544275,0.0044733314302370375
2,2,0.0002260843917432774,0.11799371644348625,0.8817801991647705
1,1,0.4908680943030195,0.499717447780631,0.009414457916349516
1,0,0.5880797200573054,0.4104562171757164,0.0014640627669782144
0,0,0.90836018234012,0.09137928120083512,0.0002605364590449722
0,1,0.48132184140803785,0.5156835906374467,0.0029945679545153644
0,0,0.8635744419868798,0.13603422679682536,0.00039133121629474174
1,0,0.5056010359264631,0.4916653534980291,0.0027336105755078415
0,1,0.36201878912594176,0.6326950135055371,0.005286197368521157
1,1,0.2201697527782345,0.7669788743314085,0.012851372890357031
1,0,0.5001606857228731,0.4955559116190742,0.004283402658052748
1,1,0.10198129618446994,0.8457308510468229,0.05228785276870724
1,1,0.16461524865556024,0.8221518089500525,0.013232942394387241
0,0,0.6832511238124733,0.3141252692689044,0.0026236069186222543
1,1,0.05529590032480494,0.8662458561109609,0.07845824356423417
1,1,0.20235976800201289,0.785145106009866,0.01249512598812123
1,1,0.2991413640603128,0.6940581313938602,0.006800504545826952
1,1,0.3058090935427142,0.6856259034428897,0.008565003014396074
1,0,0.7211149545205798,0.278158242110009,0.0007268033694111959
0,0,0.8469679185389983,0.15239236530684308,0.0006397161541587444
1,0,0.5320983655661847,0.46668694685714923,0.001214687576666132
1,1,0.28198151139093924,0.7074408290009455,0.010577659608115226
0,0,0.5881230749519591,0.40920736491268295,0.0026695601353578227
1,1,0.17998824832152227,0.814492011810341,0.00551973986813682
0,1,0.32289063074871915,0.6735421866252698,0.0035671826260111274
0,0,0.7461351462863739,0.25277271944242047,0.0010921342712055932
1,1,0.11520079661455433,0.82856426558219,0.056234937803255614
1,1,0.05275456922876312,0.929589875150465,0.017655555620771844
1,2,4.0916086937928644e-05,0.0072204807770490055,0.9927386031360131
0,1,0.13911248707773113,0.8487882815409177,0.012099231381351189
1,0,0.5855620644291787,0.41259646069901224,0.0018414748718090877
0,0,0.5651663600510494,0.43157385206884447,0.003259787880106263
1,1,0.34307195223084347,0.649580227787752,0.007347819981404555
1,0,0.5061258938497257,0.4903237127138412,0.0035503934364330744
1,1,0.12576443309395768,0.8566698535173735,0.01756571338866886
1,1,0.36198086670262114,0.6304678112706642,0.00755132202671455
1,1,0.31044873187440913,0.6809972924704363,0.008553975655154509
0,1,0.13658124987773423,0.846397304041457,0.017021446080808682
0,1,0.14589838460489768,0.8372996919336522,0.016801923461450183
1,1,0.11233846102667416,0.8664635205011821,0.021198018472143643
0,0,0.7549719528897341,0.2445804911761975,0.00044755593406842605
1,1,0.3466163766256299,0.6443599517264686,0.009023671647901452
1,0,0.7517273479797653,0.2464702404541766,0.001802411566058126
0,1,0.30658959255913626,0.6786698127454734,0.014740594695390291
0,0,0.948940484413592,0.05102852609950216,3.0989486905851735e-05
2,2,0.00016497832255204338,0.06608613315503012,0.9337488885224179
0,0,0.8626952890069408,0.13639418071363776,0.0009105302794214387
0,1,0.34563353722192036,0.6500736207039208,0.004292842074158773
0,0,0.9241518301254913,0.07568497432797641,0.0001631955465323725
0,0,0.9258830004237498,0.07395002117580028,0.00016697840045004687
1,0,0.7287363253912603,0.27068375691582924,0.0005799176929105625
1,1,0.2929611765906891,0.6923136572969862,0.014725166112324552
1,0,0.5327248451744062,0.46116918032524806,0.006105974500345722
1,0,0.616052162933498,0.3824281841640004,0.0015196529025015971
2,2,0.008812222800710673,0.34459434661603755,0.6465934305832519
0,0,0.760000477053339,0.23924571520541874,0.0007538077412423702
1,1,0.21050528555983827,0.7838543483479875,0.0056403660921740244
0,0,0.7189683695130853,0.27986081349098124,0.0011708169959336009
0,0,0.7069543710093611,0.2918608014209773,0.001184827569661597
1,1,0.3998373803390692,0.5953286355288926,0.0048339841320382965
1,0,0.8816215640303336,0.11808233114715196,0.0002961048225143357
2,2,0.0002822051476614114,0.029273665056260695,0.970444129796078
2,2,0.003113771787674603,0.20881776639174907,0.7880684618205763
0,1,0.3007776531141172,0.6921503411498225,0.007072005736060303
0,1,0.1941510870575215,0.7736463813751521,0.032202531567326456
0,0,0.6885436110525295,0.31012100584215496,0.0013353831053154023
1,1,0.2316536647140228,0.7592837328594789,0.009062602426498381
1,1,0.1353485941574015,0.8419465819059148,0.02270482393668373
2,2,0.000936651056236644,0.15749096396346648,0.8415723849802969
1,1,0.1906762403001627,0.7896951643303974,0.019628595369439766
0,1,0.2925962057834085,0.6984201020801858,0.00898369213640581
1,1,0.22756954186849798,0.7628705338470022,0.009559924284499798
2,2,0.003975915299737576,0.299260162929426,0.6967639217708365
0,0,0.5875099585275285,0.41033539848971234,0.002154642982759165
1,0,0.7084582126275855,0.29033371983699785,0.0012080675354167953
1,1,0.09332384944742803,0.8500528585425625,0.05662329201000947
0,1,0.09709947681228331,0.8843376769437095,0.01856284624400721
1,1,0.33540593495423227,0.6418688376127838,0.02272522743298388
2,2,0.00012755415149195076,0.04831888971799385,0.9515535561305143
0,0,0.8896258645740326,0.10995581644483954,0.00041831898112772126
0,1,0.3826052635868429,0.6132979423379391,0.004096794075217933
1,1,0.29179875699652585,0.7037864380514329,0.004414804952041137
0,0,0.7777617842997201,0.2215748870141577,0.0006633286861222474
1,0,0.5024361478777142,0.49263113547191767,0.004932716650368284
0,0,0.8699462702692332,0.12971267898503003,0.00034105074573672744
1,1,0.06695927337537731,0.9007875985584055,0.03225312806621717
0,0,0.7864227053387429,0.21305121982444716,0.0005260748368100416
1,1,0.13346921029164494,0.8519274714872602,0.014603318221094933
0,0,0.49854924798376293,0.4960616808363382,0.005389071179898866
0,1,0.43351187212604786,0.5627320971151485,0.003756030758803658
1,1,0.3634448149102796,0.6309242270292762,0.0056309580604441455
2,2,6.560324923108144e-06,0.007334005412190341,0.9926594342628865
1,1,0.2973230625097457,0.6805583486268443,0.022118588863409935
0,1,0.17818146638748195,0.8156321152125838,0.0061864183999342055
0,0,0.8661014431223105,0.1333888322634077,0.0005097246142818451
1,1,0.2904806402527974,0.6991959424038964,0.010323417343306255
2,2,0.005422006441113461,0.2519767307092732,0.7426012628496133
1,1,0.40828415182180533,0.5856559490318277,0.006059899146366971
0,0,0.8070826612266545,0.1921787490398208,0.0007385897335247755
0,0,0.6698287497303875,0.32922990993868384,0.0009413403309284972
1,1,0.3921343372737359,0.6038314909001353,0.004034171826128765
0,0,0.713456631773021,0.28592330159897944,0.0006200666279995867
0,1,0.46479478910978905,0.5304675026332923,0.004737708256918587
0,1,0.49415299435222587,0.5031484349101446,0.002698570737629634
0,1,0.27334249846554676,0.7191796198106174,0.007477881723835887
1,0,0.5731389365889092,0.4247120525771038,0.002149010833986959
1,1,0.47990102512289584,0.518945467710662,0.0011535071664422272
0,0,0.7234618000268405,0.27513934441437254,0.001398855558787025
1,1,0.25693425591680935,0.7353873693383584,0.0076783747448322765
1,1,0.12863803046516992,0.8555270581985197,0.015834911336310434
1,1,0.39052438753224034,0.6039463336026246,0.005529278865135013
0,0,0.5928831714216415,0.40557478832461147,0.0015420402537470784
1,1,0.04626782378842767,0.911686836332701,0.042045339878871414
0,1,0.45368610003115034,0.5423152552725292,0.003998644696320469
1,1,0.021316707362007255,0.9180438962974317,0.06063939634056112
1,0,0.5062061586623381,0.49189492834338966,0.0018989129942722299
2,2,0.000562996108539922,0.14544067063115423,0.8539963332603058
1,1,0.13931505662344748,0.847440263091212,0.013244680285340442
0,1,0.3791826240015882,0.6151600439960125,0.005657332002399288
1,1,0.32925350450907764,0.6653070586597484,0.0054394368311740035
1,1,0.23859275620873716,0.7424648260301007,0.018942417761162306
0,0,0.8089651956813072,0.19058393850198946,0.000450865816703289
0,1,0.10109154628104117,0.882674582170819,0.016233871548139874
1,1,0.22499028035594432,0.768624296267293,0.006385423376762758
0,0,0.5923997744107807,0.4058496257996489,0.001750599789570332
1,1,0.10344727563237624,0.8677990044813453,0.02875371988627855
0,0,0.5389303046176529,0.45848369035445263,0.002586005027894469
0,1,0.1381027943247883,0.8330571751103854,0.02884003056482645
0,0,0.7433552523590836,0.25523747282749465,0.001407274813421623
1,1,0.4325083560588597,0.561674033773948,0.005817610167192345
1,0,0.498650893358876,0.497711874757352,0.003637231883771973
0,1,0.43811973734720133,0.5542485341933725,0.007631728459426195
1,1,0.11175846780193759,0.866772094582618,0.021469437615444623
1,1,0.3641510614842086,0.632088936637488,0.0037600018783033222
0,0,0.8281025291141272,0.17126064883811287,0.0006368220477599412
1,1,0.4339400751076121,0.5643852465733528,0.0016746783190351193
1,1,0.24775323465538254,0.732595884051775,0.019650881292842558
2,2,0.0002873007462365652,0.05092762737518129,0.9487850718785822
0,0,0.9039111766232617,0.09571804255718458,0.000370780819553765
0,0,0.7676032907276825,0.23136758472464555,0.0010291245476718469
0,0,0.5618061277857964,0.43577105207179384,0.002422820142409603
1,0,0.6984689510143924,0.30058881708773605,0.0009422318978715924
2,1,0.029882697496570496,0.8852535979452862,0.08486370455814325
0,0,0.8783432281898453,0.12136975973180814,0.0002870120783464798
0,0,0.874099972858323,0.12536540522630035,0.0005346219153767811
0,0,0.8140921281540844,0.18490357532672594,0.0010042965191897233
1,1,0.25496200195818824,0.7373756110716329,0.007662386970178812
1,1,0.290687120294051,0.7027247376235222,0.006588142082426956
0,0,0.7341420317856655,0.26359807116506845,0.0022598970492660885
1,1,0.40973948100328866,0.5798033331853759,0.01045718581133533
2,2,0.003480584403476142,0.2160184010515933,0.7805010145449306
0,0,0.7212520225721007,0.27686748046944715,0.0018804969584520822
1,1,0.15737019750598527,0.8362624566240012,0.006367345870013529
1,1,0.3160432378852064,0.6755819629835883,0.008374799131205372
0,0,0.8146986984884295,0.18492047994879002,0.0003808215627805893
2,2,0.009022593319278812,0.3224980510329006,0.6684793556478207
1,1,0.06318903371041634,0.9162175536162365,0.02059341267334726
0,0,0.7297497107837768,0.26965265627402674,0.0005976329421964896
0,1,0.11363329020699794,0.8638942627980812,0.02247244699492073
1,2,0.07420704789434701,0.4559926691828878,0.46980028292276504
1,1,0.3700005644431606,0.6242516986505432,0.005747736906296167
0,1,0.34953181923030735,0.6453325007477907,0.005135680021902004
0,0,0.639080489882472,0.3593411426568085,0.0015783674607196113
1,0,0.6339301488446903,0.3614854650180606,0.004584386137249014
2,2,0.0010388170732157519,0.21093873272741842,0.7880224501993658
0,0,0.5341023626291838,0.46425195522786367,0.0016456821429525405
1,0,0.72180294369061,0.2770906697455243,0.001106386563865729
0,0,0.8470851015101543,0.15176389563711004,0.00115100285273558
1,1,0.338055564032215,0.6552911866943918,0.006653249273393189
0,1,0.35425640198511443,0.6432617960674166,0.002481801947468928
1,1,0.2164512994861279,0.7684348298568222,0.015113870657049852
0,0,0.7861962755464466,0.21342747342414284,0.00037625102941050645
1,0,0.6530803522155736,0.34240061525298937,0.004519032531437054
1,1,0.19936349321588323,0.7826427527878026,0.017993753996314175
0,0,0.5849185453041373,0.4133540766897692,0.0017273780060935056
1,1,0.2833237022791108,0.7057510630621924,0.010925234658696733
1,1,0.23745546568221548,0.7562163529761097,0.006328181341674769
0,0,0.9188490139743231,0.0809275986067929,0.00022338741888404143
0,1,0.3133845054645813,0.6835611959169371,0.0030542986184816387
1,1,0.34898856945105045,0.6391635532788568,0.011847877270092885
1,1,0.01942839160317157,0.8011568555556813,0.17941475284114727
1,0,0.5950292126277454,0.40271374281697825,0.0022570445552763355
0,0,0.6396606783249003,0.35842408427989275,0.0019152373952070134
1,0,0.7409236518663446,0.25847443511182205,0.000601913021833408
1,1,0.4081910024715627,0.587510734519956,0.004298263008481421
0,0,0.5103060075588135,0.48861003797540814,0.0010839544657782732
0,0,0.6916395839036101,0.30587215184646155,0.0024882642499281854
0,0,0.6890729091782931,0.31023445407395295,0.0006926367477538775
1,1,0.18451946985591755,0.8040118131394168,0.01146871700466558
1,1,0.04308102431335288,0.9313123229326268,0.02560665275402012
1,1,0.08576343199908383,0.8624889316502212,0.051747636350694966
1,0,0.6161912146581776,0.38122888408975264,0.0025799012520696793
1,1,0.29193776605701677,0.7048304556727808,0.003231778270202409
0,1,0.16863567154968473,0.7905498858455637,0.0408144426047515
0,1,0.4824449435518991,0.509013283696232,0.008541772751868966
1,1,0.051921585377505325,0.9261037591493704,0.021974655473124282
1,1,0.12449180036365942,0.8678311570505841,0.007677042585756392
0,0,0.6016864810138761,0.39184668300968634,0.006466835976437618
0,0,0.5191900616641627,0.4738505117253315,0.0069594266105056975
1,1,0.15594845791713743,0.8328811222970084,0.011170419785854147
1,1,0.21088730077906653,0.7797365943315248,0.009376104889408687
1,1,0.1190011655701688,0.8701399960294712,0.010858838400359883
0,0,0.684540011839434,0.31400240087338177,0.0014575872871841263
1,1,0.23962322714294879,0.739754048324321,0.02062272453273022
0,1,0.4453539842650657,0.5490909954320812,0.005555020302853221
0,0,0.5420301716984998,0.45548736441024645,0.0024824638912536705
1,1,0.3416257880129406,0.6525041592361919,0.005870052750867466
1,1,0.3820944597522457,0.6134656632656007,0.0044398769821535145
1,1,0.18471174289148792,0.8093776954146726,0.005910561693839479
1,1,0.042986908478942674,0.8854290553600885,0.07158403616096877
0,0,0.7755359266348584,0.22369946154395304,0.0007646118211885771
0,0,0.7570327441963316,0.24215725832381158,0.0008099974798568031
2,1,0.0631643235179956,0.5240597248094675,0.41277595167253683
0,0,0.5272687970929109,0.4709486728629997,0.001782530044089526
0,0,0.7057489948084216,0.29364809701496447,0.0006029081766140442
0,1,0.30493965309794885,0.6866504610515309,0.008409885850520181
0,0,0.9205802694869908,0.07927237036980044,0.00014736014320876527
1,1,0.4424890809849451,0.5540484868881113,0.0034624321269437555
0,1,0.4856636460138685,0.5016262514708226,0.012710102515308791
1,1,0.2553093512635446,0.7241390798164264,0.020551568920029017
1,1,0.05805677817952675,0.9114780297907948,0.03046519202967847
1,1,0.208158912106085,0.7717798870986666,0.020061200795248344
1,1,0.3908692911139998,0.6025699889466517,0.00656071993934854
1,1,0.48551526049361116,0.5117485114538903,0.00273622805249856
0,1,0.3574676698431134,0.6332909384543429,0.009241391702543511
0,1,0.4186342114701611,0.5767797161045652,0.004586072425273646
0,0,0.6584661203997254,0.3401990481298144,0.0013348314704601807
1,1,0.09535827526452766,0.8577664668415873,0.046875257893884976
0,0,0.8394610380797648,0.15977454016575376,0.000764421754481631
0,1,0.1523650031368282,0.8336130130663075,0.014021983796864356
1,1,0.3020202589819047,0.6923479986700786,0.00563174234801674
0,1,0.4699448178634496,0.5279850235067041,0.002070158629846448
0,0,0.771857395885564,0.22714002214447893,0.0010025819699570203
1,1,0.05076256720252184,0.9050368329717923,0.04420059982568582
1,1,0.028967493623463188,0.6958245921382049,0.2752079142383319
0,0,0.7087983968101311,0.28827330026136927,0.002928302928499441
0,0,0.8536335171373108,0.1456762444547065,0.0006902384079824546
0,0,0.5191405058117575,0.47849031533934566,0.0023691788488967953
1,1,0.4856913637708874,0.5033027635042777,0.011005872724834897
1,1,0.049698296467270496,0.8668177953194318,0.08348390821329775
1,1,0.2738137229303248,0.7121451162859984,0.014041160783676855
0,0,0.7499332352810425,0.24912784611770586,0.0009389186012515939
1,1,0.06621706725430646,0.9028989513103405,0.03088398143535298
2,2,0.0011929736394673443,0.21391916778580639,0.7848878585747263
1,1,0.2373461370654627,0.7547253993598146,0.007928463574722709
1,0,0.6741993956011149,0.3250291900757308,0.0007714143231543287
0,0,0.6518701665486308,0.3445557387541615,0.003574094697207663
0,1,0.4020021859036205,0.5940071311594458,0.003990682936933696
0,0,0.8581278378470459,0.14099523979834924,0.0008769223546048229
0,0,0.6064737622315544,0.39252727340458327,0.0009989643638623673
2,2,9.87649009726752e-05,0.09369412159087685,0.9062071135081505
0,1,0.4910619812362201,0.5074564709485042,0.001481547815275797
2,2,0.0030719673007265995,0.24824807786195663,0.7486799548373169
0,0,0.5648337132799622,0.43342194998293926,0.0017443367370984135
1,1,0.4871238164077942,0.5098257599089827,0.0030504236832231543
1,1,0.22062600034808755,0.7680217859060287,0.011352213745883858
1,1,0.18713992865451606,0.796978018141362,0.015882053204121904
1,1,0.08621805986287563,0.8925819187249021,0.02120002141222226
0,0,0.938756594636353,0.0610729145473944,0.00017049081625261013
1,1,0.07710517279824847,0.8227568367476625,0.100137990454089
1,0,0.49713632005564407,0.4958151444594767,0.007048535484879124
0,0,0.5365055014133359,0.4613885981180946,0.0021059004685696535
1,1,0.11627703398943678,0.8455297691889858,0.0381931968215774
0,1,0.30686547739843173,0.6833113553509614,0.009823167250606795
0,0,0.931790828596882,0.06800322359468917,0.00020594780842892268
1,1,0.14822853777930453,0.8393791938841054,0.012392268336589912
1,1,0.1431898298202202,0.8496098688078823,0.007200301371897499
1,1,0.1779195764786404,0.8095859158420851,0.012494507679274462
0,0,0.7386242788096894,0.2590412366913688,0.002334484498941817
1,1,0.2183844925670592,0.7763068014022846,0.005308706030656193
1,1,0.20580780131376994,0.7871950669620599,0.0069971317241701095
1,0,0.6516327496790388,0.3468813825627096,0.0014858677582514717
0,0,0.5559303987204152,0.44095582903120745,0.003113772248377317
1,0,0.748845679733596,0.250523323598401,0.0006309966680030567
0,0,0.7410403772990326,0.2581980620241579,0.0007615606768095025
1,1,0.05969114208979665,0.9059592539134524,0.034349603996751056
0,0,0.7039434271867905,0.2955864740283732,0.0004700987848362312
0,0,0.8392451571514287,0.16003667043772574,0.0007181724108457226
1,1,0.49269857489185104,0.49933187467822704,0.00796955042992185
0,0,0.6512823419323601,0.34359540230716484,0.005122255760475077
1,1,0.17223468221101487,0.8214698602205569,0.006295457568428327
1,1,0.1276093807207837,0.8342932886443796,0.03809733063483663
0,1,0.21597057517640167,0.7791965720937287,0.004832852729869729
0,0,0.6583553118508149,0.3394563147967889,0.0021883733523962207
1,0,0.6389831236051468,0.3588267400012863,0.0021901363935669777
1,1,0.2831099001927931,0.7048920888855407,0.011998010921666236
1,1,0.02546611071755974,0.8724526764187909,0.1020812128636492
1,1,0.11427353230990211,0.8536458021735712,0.03208066551652681
1,1,0.4694861607024585,0.5284213906471827,0.002092448650358679
1,1,0.07466391294733984,0.8857534207555328,0.03958266629712736
1,1,0.11582572464054462,0.8437299474294641,0.0404443279299914
0,1,0.08549508781146614,0.8643304145661803,0.05017449762235344
1,1,0.125128887057999,0.8653861138534227,0.009484999088578338
0,0,0.6106800558438743,0.3870972520885525,0.002222692067573191
1,0,0.572108709247614,0.4212061313751532,0.006685159377232682
0,0,0.6452242817901064,0.35158111598227754,0.0031946022276161624
0,0,0.8111071289513002,0.18836248267391742,0.0005303883747823326
1,0,0.6153006049853315,0.38042983473776004,0.004269560276908411
1,1,0.2672259440454145,0.7174911448818282,0.015282911072757348
1,1,0.22141707041947814,0.7719983061370587,0.006584623443463261
0,0,0.5475359652031003,0.4488343930672219,0.003629641729677889
0,0,0.6565111182851407,0.3418381238216362,0.0016507578932232017
0,0,0.9039051142177311,0.09540588068216527,0.0006890051001036797
0,0,0.6330991028212036,0.3649077674265415,0.0019931297522549182
1,1,0.027575100028098688,0.9256140754278523,0.046810824544049105
1,1,0.20733841627381872,0.7767085257799521,0.015953057946229213
0,0,0.7704147765391114,0.22649034215565378,0.0030948813052349517
0,0,0.6589183528757638,0.3403027580394267,0.0007788890848095226
0,0,0.8032507362541834,0.19591029431683665,0.000838969428979996
0,0,0.7407393052291218,0.25850883439132094,0.0007518603795571798
1,1,0.034212936208294395,0.8812500311464608,0.08453703264524488
1,1,0.18216481807241633,0.8051142038079978,0.012720978119585882
1,1,0.41434273998089277,0.5771114304363522,0.008545829582755156
0,0,0.6851589472717877,0.31352857504382503,0.001312477684387154
0,0,0.7896378646951849,0.20942248150367668,0.0009396538011384903
0,1,0.1133072104324253,0.8679864658853224,0.018706323682252318
0,0,0.5982466654583241,0.4006385315711295,0.001114802970546349
0,1,0.47061534245336767,0.5246525265203862,0.004732131026246142
1,1,0.4282000112170121,0.5691848386164002,0.0026151501665876505
0,0,0.8170187564716163,0.1822114375022975,0.0007698060260861156
0,0,0.5086793166489619,0.4857879113261038,0.005532772024934203
1,1,0.03639413586031978,0.8768202183862579,0.08678564575342221
2,2,0.0005127198727985702,0.120521288886977,0.8789659912402245
1,0,0.7129228075500411,0.2846433576995952,0.002433834750363659
2,2,0.00027251772326863493,0.02276528117047896,0.9769622011062523
1,1,0.45099302910175004,0.5436043100640598,0.005402660834190186
1,0,0.8662264688623399,0.13353331294955811,0.0002402181881019136
1,1,0.42631987408035443,0.5690482971623522,0.0046318287572934
1,1,0.1721957449104253,0.8091951019969307,0.018609153092644184
1,0,0.6821949605309384,0.3166441551160346,0.0011608843530269814
0,0,0.5845222855399249,0.41315254181933037,0.0023251726407447163
0,0,0.6458251762009376,0.3528603222709692,0.0013145015280932296
1,0,0.6280733341813923,0.36669971936830414,0.005226946450303454
1,1,0.4647353820318514,0.5315627584486496,0.003701859519499037
2,2,0.0005979520389400532,0.16737876377262625,0.8320232841884336
0,0,0.9316142995630063,0.06802625639093225,0.00035944404606132446
1,0,0.6675815275587823,0.331209942693613,0.001208529747604716
1,1,0.039603883139438786,0.9085925072375898,0.05180360962297149
1,0,0.5702026748319386,0.42496978378357686,0.004827541384484553
1,0,0.5896972257243891,0.40776182129399735,0.00254095298161357
2,2,0.004572124118115537,0.197401236427681,0.7980266394542035
1,1,0.4002135476869118,0.5936248032449437,0.0061616490681446175
0,0,0.6016076188468394,0.3961193040171892,0.0022730771359714694
1,1,0.3543473922133748,0.6407683336209498,0.004884274165675513
1,1,0.02177332980244126,0.9361400983214204,0.04208657187613826
1,1,0.33161473000733915,0.6651952051634811,0.003190064829179928
1,1,0.26613025616003283,0.7269292038675871,0.006940539972380188
1,1,0.08311671138691876,0.8868426680441046,0.03004062056897642
0,0,0.7312752485353554,0.26755987150226335,0.0011648799623812179
0,0,0.6829903054569086,0.3150442708716334,0.001965423671457974
0,0,0.604034277324898,0.39468253696650274,0.0012831857085992427
1,1,0.11783881468815538,0.8594822589631349,0.02267892634870976
1,1,0.31559124642798614,0.6808599200007848,0.0035488335712290965
1,1,0.2795672207597726,0.7091310994392981,0.011301679800929212
1,1,0.27869049814052804,0.7118365666044624,0.009472935255009501
2,2,0.009262893823950633,0.2825267244142703,0.7082103817617791
1,0,0.5064643235994397,0.4910132347510248,0.002522441649535544
1,0,0.8081143643457332,0.1914696722174014,0.0004159634368653772
0,1,0.3802453136457936,0.605536680815998,0.01421800553820843
1,1,0.49555930463453524,0.5018996806342237,0.0025410147312409817
1,1,0.18396110905618882,0.8058813138713774,0.010157577072433836
0,1,0.40376390082998653,0.5861548313323356,0.010081267837677814
0,1,0.3830313977595163,0.6138757856550352,0.0030928165854484124
1,1,0.4332201836276688,0.5632072244758631,0.0035725918964681644
1,0,0.82589882408596,0.17377285935093173,0.0003283165631082643
1,1,0.05221091453636263,0.9228115038891379,0.024977581574499575
0,0,0.6816694511746195,0.31582159441617025,0.0025089544092103595
1,1,0.2907266677874763,0.6977102092008254,0.01156312301169831
0,0,0.638355987028172,0.36028812174845165,0.0013558912233764143
1,0,0.5080779250536335,0.4885235542423464,0.003398520704020253
0,0,0.7004338328700893,0.2965085891295554,0.0030575780003552636
1,1,0.09147308967570472,0.8865618662699807,0.02196504405431464
0,0,0.886398687957316,0.11277328924400673,0.0008280227986771772
0,0,0.893123384506674,0.10622667337751585,0.0006499421158101181
2,1,0.09251268927062611,0.8807575024004118,0.0267298083289621
2,2,0.01194364122057766,0.253110614753524,0.7349457440258984
1,1,0.22989461344947285,0.7567026358543739,0.013402750696153216
1,1,0.2500031376501182,0.7394871114558111,0.01050975089407052
0,0,0.8141244379874908,0.18483721695748942,0.001038345055019848
1,1,0.1975336974488326,0.794921586668908,0.007544715882259294
1,1,0.10192434198658856,0.8858866871094367,0.012188970903974809
1,1,0.4044761432157489,0.5860062773967641,0.009517579387486957
0,1,0.33371300414065325,0.6620235939599438,0.00426340189940301
0,0,0.6974597530652562,0.29870492653183617,0.003835320402907654
1,0,0.6737230394486993,0.3247580387493281,0.0015189218019726713
0,0,0.519583480470717,0.4728571330935294,0.007559386435753665
2,2,0.002306927595787854,0.2618162976039506,0.7358767748002615
0,0,0.6122695724664518,0.3848872249654899,0.0028432025680584856
1,1,0.03548786083317711,0.9319529579210525,0.03255918124577047
1,0,0.5840762752336363,0.4143831648550162,0.0015405599113474506
1,1,0.2614733913809292,0.7236894405614894,0.014837168057581321
1,1,0.12707080751437974,0.8404736704036948,0.03245552208192543
1,1,0.07979725125090725,0.9067833009448334,0.013419447804259452
0,0,0.6039602140066935,0.39405490015422256,0.0019848858390838645
0,0,0.9099573166949256,0.08981382525252235,0.00022885805255217276
1,1,0.36655283113284615,0.6191287131970782,0.01431845567007566
1,1,0.3780537191437921,0.6152022081725981,0.0067440726836098695
1,1,0.36118208144089814,0.6365980564965067,0.002219862062595188
1,1,0.1552509316644782,0.8322932647108938,0.012455803624628106
1,1,0.13713075268690736,0.8532538142991433,0.00961543301394951
1,0,0.7576012410985573,0.2418289919998253,0.0005697669016172282
2,2,0.013590149460879592,0.3891000088371705,0.59730984170195
0,0,0.8232133325188054,0.17605634448384702,0.0007303229973476425
1,1,0.09002856032347949,0.8610015991091339,0.04896984056738664
1,1,0.06627891741857564,0.816139570127316,0.11758151245410857
2,2,0.0050028096898975,0.18757744059971035,0.8074197497103921
1,1,0.41586868542731203,0.5740870076908882,0.010044306881799863
1,1,0.05747018199848142,0.8952396622604236,0.04729015574109499
2,2,0.0003343414247751232,0.03344914466163452,0.9662165139135904
0,1,0.30599363578854766,0.6852746743630654,0.0087316898483868
1,1,0.04011294454592606,0.8856070165150872,0.07428003893898684
0,1,0.3571799501502846,0.6313497203123203,0.011470329537395076
1,1,0.10957860069153663,0.882457021060206,0.00796437824825752
0,0,0.8544381034220375,0.14442879704166034,0.001133099536301984
1,1,0.36345197220048175,0.630579229654085,0.00596879814543328
0,0,0.8863516840967058,0.1132236113047013,0.00042470459859288444
1,0,0.6172550471876116,0.3807816012501681,0.001963351562220338
0,1,0.16271952200042075,0.8016663933505546,0.03561408464902474
1,1,0.12089141874182031,0.8628614386358203,0.01624714262235938
0,1,0.20819709397100944,0.7673564156682403,0.02444649036075019
1,1,0.079102704173932,0.9022592866423709,0.018638009183697107
1,1,0.3403973587272157,0.6502675831911964,0.009335058081588047
1,1,0.1931887493882313,0.7987554161153301,0.008055834496438541
1,1,0.06906355112015795,0.867808839554564,0.063127609325278
1,1,0.32142643724264536,0.6711133679063599,0.007460194850994721
0,1,0.12492550750375918,0.8637401187854287,0.011334373710812307
1,1,0.22224653249904458,0.7653956616966807,0.012357805804274657
2,2,0.008078945149153817,0.28863170501926994,0.7032893498315762
0,0,0.7828141834883188,0.21597499700758088,0.0012108195041003903
0,1,0.2470203712654204,0.7375433294942321,0.015436299240347643
1,1,0.0241596074934725,0.9203558181977108,0.05548457430881663
1,1,0.22777299180450936,0.7636206933168173,0.008606314878673497
0,0,0.6924589131294647,0.30581087373344984,0.0017302131370852893
0,0,0.7088430290243397,0.28967485678609906,0.0014821141895613292
0,0,0.9719392792041082,0.028035927592524653,2.4793203367245063e-05
0,0,0.8177560663950998,0.181594961272912,0.0006489723319882296
1,1,0.19331538249942679,0.5896834640857683,0.2170011534148049
2,2,0.002451900223067722,0.18570227092228547,0.8118458288546468
0,0,0.6492138218985919,0.34840352864748547,0.0023826494539226093
0,0,0.798977817911093,0.19959574919985598,0.0014264328890510488
0,0,0.8818309207668847,0.11776571174129029,0.0004033674918250099
1,1,0.3158160851225245,0.6646160182790639,0.019567896598411568
0,1,0.41066991352815707,0.5801328879770927,0.009197198494750133
0,0,0.7229893986700726,0.27592112648481765,0.0010894748451096862
0,0,0.7323315992538045,0.265111014363057,0.0025573863831384776
2,2,0.00011676318483403705,0.07828583775446404,0.9215973990607018
1,1,0.1698065011882312,0.8092398466399124,0.02095365217185635
0,0,0.697157105026794,0.30072487251038077,0.0021180224628253963
1,1,0.26049258848915297,0.7328636675810821,0.0066437439297648785
1,1,0.08242773734251661,0.9070589032490891,0.010513359408394382
0,0,0.776660884932027,0.2214777375429492,0.0018613775250238542
1,1,0.28012266967042054,0.7142086346116031,0.005668695717976253
1,1,0.1903540649684587,0.793034825770065,0.016611109261476298
1,1,0.3795031938486376,0.6104766350163378,0.010020171135024706
1,1,0.2360540535705187,0.7447812183166012,0.019164728112880162
0,0,0.7637362438779361,0.23597394743582223,0.00028980868624153844
1,1,0.038658622526592905,0.9092798617948048,0.05206151567860223
1,1,0.10746711609651699,0.851850968387627,0.04068191551585612
1,2,0.011542299182052795,0.39890008057167897,0.5895576202462682
1,1,0.014919975085083814,0.9145425289116742,0.07053749600324212
0,0,0.5448484133319849,0.45266911214316047,0.0024824745248546516
1,1,0.3152228806828568,0.6790784369603764,0.005698682356766754
1,0,0.7010365134287536,0.2983088050498258,0.0006546815214206318
1,1,0.0606462567875582,0.8812014922170461,0.05815225099539558
1,0,0.5842641325275211,0.4137823075719059,0.0019535599005731014
1,1,0.19469453430510056,0.7537755712563681,0.05152989443853136
0,1,0.17578910452062046,0.8141900272764692,0.01002086820291021
0,1,0.2891366543757354,0.6883351618942121,0.022528183730052574
0,1,0.35811674622324186,0.6321386630682113,0.009744590708546979
0,0,0.8929553411908048,0.10669330867530002,0.0003513501338951104
1,1,0.17082062976110082,0.8215862033533716,0.007593166885527593
0,0,0.8109841850262567,0.18854125739657815,0.0004745575771651484
0,1,0.42712409313611216,0.565616074094865,0.007259832769022752
1,1,0.12786182000426186,0.8584935556760569,0.01364462431968135
1,1,0.06342851989337796,0.9130505086136165,0.023520971493005412
0,0,0.8724335514904731,0.12622007753324826,0.0013463709762786776
1,1,0.42427999172727004,0.5710401722272166,0.00467983604551337
1,1,0.3057892015316458,0.6875417337495989,0.006669064718755236
2,2,0.005179871980209512,0.21491923355643092,0.7799008944633595
2,2,0.0006876254932678812,0.16126677049448915,0.838045604012243
0,1,0.4799527224998259,0.5141850333166752,0.005862244183498938
1,1,0.12387295926589924,0.8628749352525535,0.013252105481547271
2,2,1.203796153786366e-05,0.004132526442564237,0.995855435595898
1,1,0.4654186326592385,0.5331224704328399,0.0014588969079215913
1,1,0.3479906935886386,0.646848502038446,0.005160804372915236
0,0,0.7490515329378027,0.2505403025287154,0.0004081645334818309
2,2,0.007776367328648361,0.3840218080335015,0.6082018246378501
0,0,0.7509809165334701,0.24749570549599767,0.0015233779705322288
1,1,0.27129736243377545,0.7227540549988383,0.005948582567386219
0,0,0.613766655973314,0.379968782748911,0.006264561277774941
1,1,0.14983700325628393,0.8422333593443719,0.007929637399343962
1,1,0.38265341319115975,0.6100413323142903,0.007305254494549998
0,0,0.7386479363276658,0.26025728511688995,0.0010947785554442505
1,0,0.57408905361115,0.42460960580733603,0.0013013405815139496
0,0,0.8918292855586069,0.1077797551905516,0.00039095925084138854
1,1,0.19225801465773204,0.7818336667813842,0.025908318560883666
0,1,0.39467463474723785,0.6004358083686027,0.004889556884159442
1,0,0.6077528473732399,0.39026874412708373,0.0019784084996765034
1,2,0.011568614878183212,0.43692056527430057,0.5515108198475162
1,1,0.09929780745894588,0.8719606234187078,0.028741569122346246
1,0,0.5968155874845105,0.40149828418163,0.0016861283338594371
1,1,0.3124061830253432,0.6800459399338977,0.007547877040759168
0,0,0.9052371222508625,0.09450762022880196,0.00025525752033540226
1,1,0.2853580192250449,0.7052839752164447,0.0093580055585103
1,1,0.21105742702565553,0.7609666164691646,0.027975956505179745
1,1,0.18084563378296872,0.8114815584417137,0.00767280777531772
1,1,0.1575759567288198,0.8327183178759369,0.009705725395243349
2,2,0.00010068979622569452,0.04791557169220167,0.9519837385115725
1,1,0.026809495396739373,0.9064558902117348,0.0667346143915259
1,1,0.13882589559874073,0.8395273835371533,0.021646720864105996
1,1,0.25874195438844616,0.7368487540571736,0.004409291554380099
0,0,0.6020499637756833,0.395260796626327,0.002689239597989659
1,1,0.12944820588431952,0.8481950232691805,0.02235677084649997
1,0,0.6438849904807976,0.35172631408815835,0.004388695431043983
1,0,0.615999064997059,0.3778502480901597,0.006150686912781165
0,1,0.31837086132131864,0.6737849208242088,0.007844217854472597
0,1,0.33896286520491703,0.6499982889281881,0.011038845866894891
1,1,0.08691392719363786,0.8931178188059905,0.01996825400037157
1,1,0.016875200785534446,0.9199226135660117,0.063202185648454
1,1,0.17198874578940238,0.8096328845528171,0.01837836965778059
0,1,0.41714817528431186,0.5786913173090892,0.00416050740659902
1,1,0.24611670938477867,0.7453048287107327,0.008578461904488612
0,0,0.5313082791898778,0.46209725315242084,0.006594467657701428
1,1,0.1262833320219137,0.8572733015557634,0.016443366422322806
1,1,0.28877968687870575,0.6951268378643425,0.016093475256951727
0,0,0.7560064642450497,0.2423126077100531,0.0016809280448971998
1,1,0.3032154847271496,0.6908425751324344,0.005941940140415939
0,1,0.1404949965748264,0.8291677844485013,0.03033721897667231
1,1,0.38072774527612635,0.6103953287829188,0.008876925940955037
0,0,0.726052047483308,0.27310563472095367,0.0008423177957382635
1,1,0.37040727374625576,0.6240695132599446,0.00552321299379955
2,2,0.0006747265389247914,0.16120721810633565,0.8381180553547396
1,1,0.08514757729073068,0.8726177797957632,0.04223464291350618
1,0,0.7171439590508658,0.28136968725709643,0.001486353692037715
0,0,0.7334191957293821,0.2648695455188317,0.0017112587517862468
0,0,0.7077504810776634,0.29044285631201655,0.001806662610319977
1,1,0.3990092639640472,0.5962403805937908,0.004750355442162096
0,0,0.7661556905859783,0.2334537784239737,0.0003905309900480055
1,1,0.1328631463717636,0.8562960787454249,0.010840774882811382
2,2,0.0024669251104157118,0.1914381017057583,0.806094973183826
1,1,0.09555640713403929,0.8698376375064034,0.034605955359557156
1,1,0.09696434403755304,0.873186042991512,0.029849612970935076
1,1,0.34259857006412137,0.6526417202042046,0.004759709731674029
1,1,0.04118890743242378,0.8633538832518006,0.09545720931577555
1,1,0.06808349721796784,0.880077674674102,0.05183882810793014
1,1,0.3109984646274905,0.6753671756437479,0.013634359728761694
0,0,0.91715691846741,0.0825968837941552,0.0002461977384347387
1,1,0.16060648327893995,0.8318286947307562,0.007564821990303848
0,1,0.16681783244441736,0.8217880406025455,0.011394126953037069
0,1,0.4820505000036689,0.5167052119468507,0.0012442880494803583
2,2,0.01016839363582327,0.352347415218575,0.6374841911456018
0,0,0.7411866119595807,0.25816298261425374,0.0006504054261656446
0,0,0.8478760745659201,0.15186214839695358,0.00026177703712635807
1,0,0.8404233601863352,0.15931577838149652,0.000260861432168348
1,1,0.42755924531266015,0.5620136432623662,0.010427111424973734
1,1,0.472229225463992,0.5226201823354459,0.005150592200562104
1,1,0.33631605541065546,0.6580283340263281,0.005655610563016278
0,0,0.8493422522215436,0.15021510598723817,0.00044264179121818187
1,1,0.17309946307441879,0.8127432175225456,0.014157319403035494
1,0,0.5070516181061246,0.48811056966026445,0.004837812233610997
1,1,0.2606538935970198,0.7227009949048544,0.01664511149812594
2,2,0.00157680021559661,0.2067792263658874,0.791643973418516
0,0,0.7045391904121882,0.29327489166747717,0.0021859179203346565
1,1,0.14433655427588113,0.8497786825815218,0.005884763142596921
1,1,0.03447861475388507,0.931160339505188,0.034361045740927125
1,1,0.1352749940808122,0.8531552948540402,0.011569711065147781
0,0,0.6715723069314112,0.32694919205952394,0.0014785010090648768
0,0,0.6745270306816784,0.3237161798870465,0.001756789431274953
1,1,0.204961538655016,0.7618171022529499,0.03322135909203407
1,0,0.7349194159526592,0.2640182136925761,0.0010623703547647243
1,1,0.24956181533206254,0.736146331783959,0.01429185288397842
0,0,0.9232861829702201,0.07655089726982925,0.000162919759950661
1,1,0.06305536972963502,0.9114396283341485,0.025505001936216423
0,1,0.30013125955779446,0.6953079720310004,0.00456076841120515
0,0,0.6047820648003941,0.3936396657491931,0.0015782694504127275
1,0,0.5287918692845034,0.4693621166772979,0.001846014038198648
0,0,0.7396958773364011,0.2596644641923035,0.0006396584712954554
1,1,0.17789330641114307,0.8166218889118774,0.0054848046769794935
1,1,0.4331007819963555,0.5617501625831633,0.00514905542048117
0,1,0.1772390028777264,0.806419413328026,0.016341583794247556
1,1,0.07580888302490348,0.8884529597674424,0.035738157207653935
0,0,0.7167579998724048,0.28124383438136324,0.001998165746231837
0,0,0.8247238311665466,0.1745554441102493,0.0007207247232041027
0,0,0.791711160568135,0.20770272727087824,0.0005861121609866902
0,0,0.7389570035216191,0.2604428659237396,0.0006001305546413212
0,1,0.44840845608920993,0.5477476281015125,0.003843915809277607
1,1,0.1691019377097467,0.8085167894614346,0.022381272828818806
1,1,0.04832955868669197,0.9011306244057943,0.05053981690751382
1,1,0.08562296718558253,0.893681459030961,0.020695573783456513
0,0,0.8841416059648486,0.11552610984444961,0.0003322841907017102
2,2,0.018304695350109684,0.3359173959612576,0.6457779086886327
1,1,0.29449199398171727,0.6958383502489639,0.009669655769318735
1,1,0.24841979087303032,0.7430557598648014,0.008524449262168408
0,0,0.5891823268506284,0.4078763829070569,0.0029412902423145842
0,1,0.19951161193486364,0.7815836032201603,0.018904784844976086
1,1,0.052386506099805094,0.9222415311874725,0.025371962712722348
0,0,0.9139473488447436,0.08585962911406046,0.00019302204119595222
0,0,0.8272974075186552,0.17216922933917544,0.0005333631421695118
1,1,0.08961939950834881,0.8864683632889384,0.023912237202712815
2,1,0.049414033446461836,0.8261936402231047,0.12439232633043348
1,0,0.6725760824933107,0.3264088992893123,0.0010150182173770065
1,1,0.19153231477729907,0.7916533480394814,0.016814337183219577
0,1,0.35843237114820176,0.6369003362617963,0.0046672925900018945
1,1,0.2162486240258005,0.7715132562237513,0.012238119750448273
0,0,0.6525559001002814,0.34523127986628105,0.0022128200334376636
1,1,0.23112195063128946,0.752585595645741,0.01629245372296951
1,1,0.3901571341747635,0.6045759271795029,0.005266938645733507
1,1,0.3480306945552796,0.6458069740133857,0.006162331431334819
0,1,0.3707639421877579,0.6250568167297694,0.004179241082472829
0,0,0.7889297025643306,0.2098734697739205,0.0011968276617489956
0,0,0.6127762943386461,0.38568536445814783,0.0015383412032060363
1,2,0.03554397438674944,0.4224949215031739,0.5419611041100766
1,1,0.2138720609191554,0.7636906799103025,0.022437259170542182
1,1,0.37940408050291846,0.6146103314405318,0.005985588056549731
1,1,0.43464065017652287,0.5627526456062231,0.0026067042172541045
1,1,0.02674785962091377,0.7615174998303067,0.21173464054877958
2,1,0.06400018458271352,0.8824137051113695,0.05358611030591708
1,1,0.20557461205345848,0.7872566761535293,0.007168711793012265
1,1,0.2444585919944232,0.7432272342124796,0.012314173793097205
1,1,0.46016959753511044,0.5333459345643402,0.006484467900549424
1,1,0.11362242834941733,0.8598260560960822,0.026551515554500426
1,1,0.05705919440075364,0.8848951231580079,0.05804568244123855
1,1,0.29961457798856134,0.6832528263456812,0.017132595665757498
1,0,0.6212067102434375,0.37622903119998724,0.0025642585565751564
0,1,0.47614571374393794,0.5190307591352449,0.00482352712081725
0,1,0.4546971766467238,0.5417035414141679,0.003599281939108281
1,0,0.6055962626937512,0.39294462499640825,0.0014591123098405534
1,1,0.07229503123142617,0.9104679398539836,0.01723702891459032
0,1,0.24915668086524825,0.7414178475079188,0.009425471626833002
0,0,0.6147961767932419,0.3819909304109733,0.0032128927957847174
1,1,0.2568076854577645,0.7334244236487972,0.009767890893438148
0,0,0.8505166768986075,0.14904832478030494,0.0004349983210875488
1,1,0.4703708082320037,0.5259853531000717,0.003643838667924573
1,0,0.5064694874245006,0.48775688026140945,0.005773632314089916
0,0,0.9108412491095648,0.0887890550887335,0.00036969580170189103
1,1,0.4053098018355416,0.5932400010210211,0.0014501971434371008
1,2,0.013112506950072196,0.27492062136439827,0.7119668716855295
1,0,0.6482419786758675,0.34981963631350055,0.0019383850106319252
0,0,0.7440848745948239,0.25456227875624776,0.0013528466489284715
2,1,0.048664735245963736,0.8489315528284327,0.10240371192560359
1,1,0.14668232911006288,0.823950986104582,0.029366684785355087
0,0,0.6443518057915694,0.3532040377717794,0.0024441564366513894
0,0,0.8694942883358108,0.12920465469627224,0.0013010569679171476
1,1,0.05040883348520276,0.9278425663385156,0.021748600176281593
0,0,0.5423461078411679,0.4560936544811277,0.0015602376777043056
0,0,0.726214986065629,0.2720548669956237,0.0017301469387473916
2,2,0.0009005362229001983,0.19358071361734383,0.805518750159756
1,1,0.38543919124192016,0.6060559567804957,0.008504851977584145
1,1,0.08760559333829493,0.8895538283969736,0.02284057826473152
1,1,0.36263500162594836,0.629775984814383,0.0075890135596687015
0,1,0.14264424088284483,0.8425740382026096,0.014781720914545578
0,1,0.3488952966100933,0.6439071128305404,0.007197590559366321
1,1,0.47600011101323914,0.5213142897425885,0.002685599244172213
0,1,0.3928019509179567,0.6022927901086726,0.0049052589733705725
1,1,0.309681154196961,0.6804040537097875,0.00991479209325144
0,0,0.5880861419160286,0.4064887741368358,0.005425083947135493
1,1,0.048644463715842697,0.8950497500817293,0.056305786202428036
0,0,0.7000743164213722,0.2976141027223555,0.002311580856272406
1,1,0.033721849470903266,0.9236756801372861,0.042602470391810816
1,1,0.14122635632309632,0.8465109083784061,0.012262735298497727
1,0,0.8086297618618105,0.19084178005697103,0.0005284580812185084
1,1,0.2862904949325587,0.7067780789822635,0.00693142608517783
1,1,0.056850584327366165,0.9165876107537678,0.02656180491886603
1,1,0.08253710797303805,0.8982893998659018,0.01917349216106003
1,1,0.4675727038947244,0.5294599766665584,0.002967319438717232
1,1,0.01905509468726516,0.8905421471788494,0.09040275813388554
2,2,0.0006814862111582592,0.11343946182496494,0.8858790519638768
0,0,0.601631812551788,0.3970147294544814,0.0013534579937305958
1,1,0.03020050525484731,0.8859743314333011,0.08382516331185169
1,1,0.017021083109358993,0.6767937534313782,0.3061851634592628
1,1,0.22712976885694838,0.7601144822709824,0.01275574887206924
1,0,0.5160725518565683,0.48054852933822756,0.0033789188052040517
1,1,0.06326118703333397,0.8810262995034938,0.05571251346317232
1,1,0.019175715102183792,0.8962315887967279,0.08459269610108815
1,1,0.05967774290354593,0.9154684510932277,0.024853806003226144
1,1,0.10711940075870088,0.8705047834628145,0.0223758157784846
1,1,0.303880630055357,0.6883663513174781,0.0077530186271649055
1,1,0.40118819316089976,0.5954337363293771,0.0033780705097230506
1,1,0.20311157705599253,0.7867921709154065,0.010096252028600934
1,1,0.08062906457184844,0.8932531178139871,0.02611781761416444
1,1,0.17841000091539572,0.8142345063986842,0.007355492685920099
1,1,0.12563654689120168,0.8671524389756475,0.007211014133150952
0,0,0.6663379246737692,0.33085653036982315,0.0028055449564076055
0,1,0.3637860994864548,0.6273079184934154,0.008905982020129884
0,0,0.5468240400746801,0.44809949084334477,0.005076469081975246
0,0,0.8544223843537558,0.14533981032827423,0.00023780531797003906
1,1,0.23097255487407467,0.7619870512622762,0.007040393863649225
2,2,0.00040040586168977194,0.12027343645989023,0.87932615767842
0,0,0.7056296990080951,0.29218520827799555,0.002185092713909322
2,2,0.00037265346481642377,0.09084275908414507,0.9087845874510385
0,1,0.41758653476586866,0.5767129184339866,0.005700546800144682
1,1,0.2856013855269904,0.6928660027760716,0.021532611696937994
0,0,0.8035899530653977,0.19565979870720052,0.0007502482274017604
0,0,0.6003079434240907,0.39786558891617263,0.0018264676597365994
0,1,0.04683073083902033,0.9372439000413576,0.015925369119622227
0,0,0.7760623336967591,0.22085265752113822,0.0030850087821027855
0,0,0.5333887522600066,0.46328494701500156,0.0033263007249917983
0,1,0.49300429143841373,0.49902067521168564,0.007975033349900695
0,0,0.574449109954366,0.42226662921528,0.0032842608303540913
2,2,0.00012203052002705624,0.08962224779065761,0.9102557216893153
0,1,0.4731518839730932,0.5185710730928076,0.008277042934099222
2,2,0.00526208597373351,0.35427391799669855,0.6404639960295679
1,1,0.04602220888754268,0.9131342836021193,0.040843507510337884
0,1,0.3617593364082059,0.6330264286731146,0.005214234918679379
2,2,0.00012792905209975072,0.07618570207977964,0.9236863688681206
1,1,0.09825129550172931,0.8382038832155534,0.0635448212827174
1,1,0.4289681463789426,0.5602259855691863,0.010805868051871151
0,0,0.8859076942414331,0.11377847288533172,0.0003138328732351901
1,0,0.588193402286142,0.40834124719206477,0.0034653505217932114
1,1,0.2405737049984146,0.7555442520143459,0.0038820429872395007
1,1,0.28135806748326747,0.7069493827506792,0.011692549766053342
1,1,0.09227377448480274,0.8915835251719997,0.016142700343197675
0,0,0.8785932463528494,0.12089254608595865,0.000514207561191994
1,1,0.06098844449671192,0.9202291119490789,0.018782443554209233
1,1,0.17024820784196595,0.8254851503994727,0.004266641758561241
0,0,0.7534434721280722,0.2448320516947711,0.0017244761771567868
2,2,0.002159737974106474,0.14197608902268433,0.8558641730032092
0,1,0.23880546478256498,0.7360682748196521,0.025126260397782926
1,1,0.48419192813702205,0.5142550019671606,0.0015530698958173498
1,1,0.29728945031004317,0.694519510349357,0.008191039340599716
1,1,0.0778750650117584,0.9053714958410276,0.016753439147214014
2,2,0.00040296460881070656,0.06287304857981661,0.9367239868113728
0,0,0.8860148812522759,0.11372864594279052,0.00025647280493364865
1,1,0.10975848965225654,0.8444904025517663,0.045751107795977214
1,0,0.5720290330112789,0.42597216223223766,0.0019988047564833107
0,0,0.8279875709991505,0.17117602786357555,0.0008364011372738207
1,1,0.34043120190161674,0.6542035302903608,0.005365267808022507
1,1,0.1929711536743814,0.7996091451196382,0.0074197012059803325
0,1,0.39640134920625014,0.594157813910753,0.009440836882996843
1,0,0.672780918278029,0.32514691121339845,0.0020721705085724094
0,0,0.9155595125866562,0.08429144118444891,0.00014904622889478096
1,1,0.36554036210943963,0.6191278116445648,0.01533182624599575
1,0,0.633752201757187,0.3650450184383453,0.001202779804467561
2,2,0.004206727700835914,0.2150924527796659,0.7807008195194982
0,0,0.8544654901796245,0.14518271647186892,0.0003517933485065335
0,0,0.6486943390190619,0.34906271534287064,0.0022429456380672645
1,0,0.5073738783398007,0.4879260941967412,0.004700027463458026
1,1,0.3428333492638169,0.6482139537098783,0.008952697026304903
1,1,0.14074890824001385,0.8439933499550852,0.015257741804901116
0,1,0.32306985995667215,0.671815959859196,0.005114180184131992
1,1,0.10838651428036805,0.8529975504963154,0.03861593522331647
1,1,0.19145259177852791,0.8028537489680114,0.005693659253460549
0,0,0.8645939835179073,0.13459955307951119,0.0008064634025815742
1,1,0.2851723481574764,0.7082393361859922,0.00658831565653146
1,1,0.36858145771299977,0.6216935417087003,0.009725000578299997
0,0,0.9179539965139363,0.08167719746273541,0.00036880602332827633
1,1,0.28920046708753455,0.705861789579664,0.0049377433328014995
1,0,0.6352039050693042,0.36377130692232457,0.0010247880083712462
1,1,0.05764500913230257,0.9126895298334952,0.029665461034202256
0,1,0.30167400091332014,0.6801018821873204,0.018224116899359464
0,1,0.41320752921951076,0.5797154354344263,0.0070770353460629576
1,1,0.2043394857271375,0.7807650750101844,0.014895439262678098
1,1,0.026929926332997504,0.9436025773050749,0.029467496361927557
0,0,0.7830858438672276,0.21640035469596236,0.0005138014368100402
0,1,0.40628848188349476,0.589782359595689,0.00392915852081612
0,1,0.2310339563068394,0.7577922073129654,0.011173836380195184
0,0,0.6542545469629855,0.34434389097511797,0.0014015620618967179
0,0,0.6903384755837451,0.30901819483690435,0.0006433295793506014
1,1,0.3516832441046332,0.6461444903996303,0.002172265495736492
1,1,0.044200980276026564,0.8869054088421016,0.06889361088187194
1,2,0.00045030503536288836,0.017014649107876544,0.9825350458567607
0,1,0.2936485777075965,0.6846666524688801,0.021684769823523256
0,0,0.7838841435220537,0.21539959419907614,0.0007162622788701564
1,1,0.23020345466215142,0.7649770121407932,0.00481953319705538
1,1,0.40563997236843885,0.5850610500376987,0.009298977593862457
1,1,0.3136837604560385,0.6832936937547296,0.003022545789231818
0,0,0.765195150690461,0.23384039829496586,0.0009644510145731423
0,0,0.921242370091111,0.0785444188607811,0.00021321104810791535
1,1,0.40252463386762105,0.5945218086485833,0.0029535574837956406
1,1,0.07212951667249386,0.8487449902321522,0.07912549309535394
0,1,0.18686675684698376,0.8041609002000027,0.00897234295301331
1,1,0.273137003962447,0.7190530025888952,0.007809993448657806
1,1,0.0682071368594496,0.8746711811004275,0.057121682040122725
0,0,0.7339981085433186,0.2655031015968987,0.0004987898597827937
2,2,0.0001028216405168762,0.056845861312874134,0.943051317046609
1,1,0.026184958366649875,0.9370432236817436,0.03677181795160655
1,1,0.2552854667191053,0.7369289686706894,0.00778556461020546
2,2,0.001960135517168785,0.20883901864902119,0.78920084583381
1,1,0.05341935917986814,0.8887714319471125,0.05780920887301932
1,1,0.36450963479562015,0.631589370729914,0.003900994474465876
1,0,0.6187211863150585,0.37978340322546644,0.0014954104594749802
1,0,0.5190230827598332,0.4758128734023538,0.005164043837813043
1,0,0.6204337997933405,0.378601418374763,0.0009647818318966358
1,1,0.2138968322129232,0.7798140120206921,0.006289155766384811
1,1,0.13011604363632542,0.8517229401706541,0.018161016193020504
2,2,0.0009422930915916188,0.13251637677180902,0.8665413301365994
1,1,0.22307646416528942,0.7614169212725572,0.015506614562153357
0,0,0.7328192938286414,0.265466511072357,0.0017141950990014513
0,0,0.5863570609300054,0.41202409413828245,0.0016188449317121884
1,2,0.011054425803714053,0.2738433829735614,0.7151021912227244
0,0,0.7508995904470853,0.24753470378628123,0.0015657057666334647
2,2,0.00018401546824169216,0.04347626044365435,0.9563397240881039
1,1,0.1367262024393512,0.848246988258712,0.015026809301936696
1,1,0.20247392548584822,0.7738156270090535,0.02371044750509838
1,1,0.41044370977532024,0.5770568407502102,0.0124994494744694
1,1,0.19871140817277713,0.7927875111290071,0.008501080698215667
1,1,0.039879154667794625,0.933644342825721,0.026476502506484312
1,1,0.3593976758965635,0.6338791008679454,0.006723223235491132
1,1,0.46450992509441597,0.5262536168108428,0.009236458094741285
1,1,0.1978635696857775,0.7821673573256163,0.019969072988606194
1,1,0.17546148748988705,0.811669530193282,0.012868982316830983
2,2,0.0007347102611336598,0.08308723612492451,0.9161780536139419
0,0,0.6409447340753635,0.35571434806643953,0.0033409178581969806
0,1,0.3741921958406273,0.6212299452619158,0.00457785889745692
1,2,0.009075351635396793,0.37400453632947667,0.6169201120351265
0,0,0.9008283240697301,0.09889050286724972,0.00028117306302000644
1,1,0.21702838747509468,0.7752443239206388,0.0077272886042667275
0,1,0.41626980640799494,0.5794849355426425,0.004245258049362569
0,0,0.9416284625115754,0.058003083703653244,0.00036845378477149044
1,1,0.44477630879395513,0.5502354251467744,0.0049882660592705476
1,1,0.11234753019262121,0.8736868418662166,0.013965627941162299
1,1,0.3016434064883922,0.688758031004428,0.009598562507179822
1,1,0.15844821322340027,0.8321110392941952,0.009440747482404461
1,0,0.7104616062289038,0.2885225079160498,0.0010158858550465204
0,1,0.3687350722391447,0.6210411155164578,0.010223812244397577
0,0,0.6372822663373758,0.360708387605328,0.0020093460572960576
0,0,0.7125188116633425,0.28470959005600477,0.0027715982806526722
0,1,0.06164179448401475,0.9162516419150889,0.022106563600896377
1,1,0.28277361503686654,0.7039841966076507,0.01324218835548295
1,1,0.4768165868139687,0.5199507519138072,0.003232661272224101
0,0,0.8460122123150723,0.1534830357782147,0.0005047519067130387
1,1,0.24065393798886175,0.7497372401712343,0.009608821839903822
1,1,0.47884644287561007,0.5152647172340572,0.005888839890332836
1,1,0.22390803552595578,0.7648167211078518,0.011275243366192367
1,0,0.6958114980061129,0.3036507157488108,0.0005377862450763904
1,1,0.056680045731026515,0.9206133097032878,0.022706644565685562
1,0,0.6362257050256777,0.36209774550126833,0.0016765494730540944
0,1,0.20712900417857188,0.7709218845646139,0.021949111256814324
1,1,0.19224017457465092,0.7880476059184313,0.019712219506917872
1,1,0.16147456067033195,0.8222944837314053,0.01623095559826258
2,2,0.008342531304557924,0.40317743462114836,0.5884800340742938
1,1,0.06281990006152115,0.5630839428835169,0.3740961570549619
2,2,0.005784306216695746,0.24530407280765915,0.7489116209756452
0,0,0.8554319983801618,0.14402131924269287,0.0005466823771453193
1,1,0.11495072179949965,0.8617377819423594,0.0233114962581408
1,1,0.02873804924174402,0.9260414567473741,0.045220494010881865
1,1,0.24578942820205912,0.7500905069322901,0.004120064865650713
1,0,0.5110607651467177,0.48800670846391697,0.0009325263893653095
0,0,0.6222056641090072,0.37553764167519815,0.0022566942157945338
1,1,0.07132694490339203,0.5060484364155984,0.4226246186810097
0,1,0.3708276896465149,0.6228436460186719,0.006328664334813331
0,1,0.19203306256537617,0.801036416925089,0.006930520509534784
0,0,0.6191277060553873,0.3773680524182779,0.003504241526334743
1,1,0.1846265995001057,0.8018472807746845,0.013526119725209845
2,2,0.007326444118508854,0.36964015048806864,0.6230334053934227
1,1,0.43074887380578203,0.5633737382097704,0.005877387984447562
1,0,0.604160784922703,0.39282306209027423,0.003016152987022828
1,1,0.4802099221835367,0.515975817406757,0.003814260409706282
1,1,0.1790047821473642,0.8029016462157021,0.018093571636933706
0,1,0.2894915377144244,0.7035922274033559,0.006916234882219786
1,1,0.24185571636515601,0.7456663132327654,0.012477970402078584
1,1,0.020425740481748,0.8928452200626021,0.08672903945564987
1,0,0.5960703777752179,0.40224793112477225,0.0016816911000098597
0,1,0.47667751112640533,0.5189424056832646,0.004380083190330161
0,0,0.5809375259052447,0.41790055126850795,0.0011619228262473484
0,0,0.537152661208957,0.4610656802346155,0.0017816585564274844
0,0,0.8852175400296831,0.11447705154065582,0.0003054084296610697
1,1,0.151546002005571,0.8274839413895917,0.02097005660483719
1,0,0.539428467784101,0.4578966889425298,0.002674843273369324
1,1,0.10162194399508355,0.8591552104073862,0.039222845597530434
0,0,0.7190392042887054,0.27991580670660027,0.0010449890046944437
0,0,0.8651095598845825,0.13421699372614082,0.0006734463892766845
1,0,0.5773306636027403,0.42145746714382687,0.0012118692534327858
1,1,0.44409422150876926,0.5530455024731308,0.0028602760180999765
1,1,0.0443135605448726,0.915439609880629,0.040246829574498384
1,1,0.07323402072974133,0.907193881076248,0.019572098194010665
1,1,0.49077721391814605,0.5040448561354303,0.005177929946423708
1,1,0.11494363298922818,0.8742060177610114,0.010850349249760423
1,1,0.30515789673367866,0.6894693433112334,0.00537275995508787
0,0,0.9220894034557602,0.07762668741636929,0.00028390912787055913
1,1,0.35706341518719564,0.6290513138679368,0.013885270944867502
2,2,0.0012400609605849684,0.12140216919428075,0.8773577698451344
1,0,0.6017831103955048,0.3957376734432791,0.0024792161612160095
1,1,0.06430687243834816,0.9075061865020703,0.02818694105958167
0,0,0.6293220542810481,0.36864303903552764,0.0020349066834242377
1,1,0.21645136044464,0.7628731650670818,0.0206754744882782
0,0,0.5515369078152772,0.4446604512291641,0.0038026409555587657
0,0,0.6447120050936347,0.3521043612152696,0.0031836336910958086
0,0,0.5064863166699449,0.49168851252670226,0.0018251708033529476
2,2,0.0002604437898028144,0.07202816748556459,0.9277113887246325
1,1,0.20925862313348717,0.7728681351101518,0.01787324175636105
1,1,0.3038480693649534,0.6886302853251964,0.007521645309850239
1,0,0.6500614536978123,0.34788137438682637,0.0020571719153612746
1,0,0.782056605837678,0.21729628297524442,0.0006471111870776288
0,1,0.4881694580402562,0.509370153896053,0.0024603880636907207
1,1,0.05420651749626309,0.9127172094960988,0.033076273007637984
1,1,0.06798626779612663,0.880889731662043,0.051124000541830326
1,1,0.3482026876188593,0.6494843535050302,0.002312958876110409
0,0,0.7030540203953637,0.2958615522299468,0.0010844273746893316
0,1,0.3202911242266822,0.6635860661718094,0.016122809601508335
0,0,0.9457590054726659,0.054167868462282116,7.312606505191195e-05
1,1,0.27201795040555027,0.7192209305340211,0.008761119060428453
1,0,0.737284557016573,0.2597267596276802,0.0029886833557467743
0,0,0.5914278481740408,0.4063199517082048,0.0022522001177544032
0,0,0.6355405271920291,0.36059154092868245,0.003867931879288431
1,1,0.23225797743945167,0.7575992142489213,0.010142808311626927
1,2,0.01211449889599029,0.34919042861613636,0.6386950724878734
0,1,0.3027830942416757,0.6922177377823777,0.0049991679759465385
0,0,0.833288551769352,0.16632564522274126,0.00038580300790665866
1,1,0.09214300573408585,0.8182856285608641,0.08957136570505017
0,0,0.5423821833082138,0.45629233081922327,0.0013254858725629556
0,0,0.8065484638884918,0.19221060654090635,0.001240929570601949
1,1,0.14010478520325684,0.8337567622194203,0.026138452577322804
0,1,0.32991173540735247,0.6664766211295367,0.003611643463110779
0,0,0.6734498077645343,0.32332854646413367,0.003221645771332041
1,1,0.224285880868067,0.7670346258202594,0.008679493311673656
1,1,0.338264688418182,0.6592542463432564,0.002481065238561591
1,1,0.09014466899129592,0.8663796681034858,0.04347566290521824
0,0,0.8540850331635953,0.14528232516187528,0.0006326416745295764
2,2,0.003635683577632366,0.2251700200251251,0.7711942963972426
1,1,0.23253981652455433,0.7502877850841598,0.017172398391285836
0,1,0.23582583420850237,0.7542372911430777,0.009936874648420115
1,1,0.24594076799456535,0.743629467411878,0.010429764593556738
1,1,0.298799343409726,0.6913318030643962,0.009868853525877875
0,0,0.871770582358953,0.12772973313844868,0.0004996845025983651
1,0,0.6958214692213744,0.3025642301199235,0.0016143006587021128
1,1,0.2584180245571251,0.7318527260908548,0.009729249352020023
1,1,0.022358807097777923,0.8924994034126448,0.08514178948957714
1,0,0.5080409319952603,0.4899035888299411,0.0020554791747985695
1,1,0.17670169004154748,0.8063101814948928,0.01698812846355973
1,1,0.29348686332939367,0.7007951546988448,0.005717981971761478
1,1,0.15628876227080798,0.82791810499803,0.015793132731161966
2,2,0.006818008377510487,0.2655284111970338,0.7276535804254557
0,0,0.5474840661985716,0.4510245617791202,0.00149137202230818
1,1,0.1381128025215502,0.8568119921512326,0.005075205327217048
0,0,0.8036443467744577,0.19599657526160486,0.00035907796393738853
1,1,0.3097023713390399,0.68057527010423,0.009722358556730053
1,0,0.553721085269519,0.443123991241357,0.0031549234891239805
1,0,0.5800422435862791,0.4180670845961657,0.0018906718175552512
1,1,0.38680857764842325,0.607876591789882,0.005314830561694781
1,0,0.713368456787447,0.28561132151894086,0.0010202216936122054
0,1,0.3307617772405583,0.6576301972408951,0.011608025518546651
1,1,0.12159896906561983,0.8634270576649193,0.014973973269460905
1,1,0.2261334672832738,0.7355782978688064,0.03828823484791985
0,1,0.2115909907265176,0.7689257752452464,0.01948323402823596
0,1,0.4073737419038592,0.5797043421073697,0.012921915988771102
0,0,0.748319875911489,0.25119221166075933,0.0004879124277517084
0,1,0.23404913813773412,0.7583040885185541,0.007646773343711709
1,1,0.05675249266688828,0.9134772956081594,0.02977021172495245
0,0,0.771317008852362,0.2273711444039473,0.0013118467436906618
1,0,0.85473432935584,0.14463194672920615,0.0006337239149537959
1,0,0.6209758320562428,0.3762961454486527,0.002728022495104474
2,2,0.004704145579971625,0.23035951981897598,0.7649363346010524
1,1,0.23143691143001174,0.7628599275426488,0.005703161027339414
0,0,0.8376000921477909,0.16169833103111517,0.0007015768210939077
0,0,0.5991755802955977,0.3996321142445706,0.0011923054598316626
1,1,0.04223943839631662,0.9122688440368624,0.045491717566820966
1,1,0.34214816009767907,0.6465232524855999,0.01132858741672084
1,1,0.1191419147711579,0.8545122231151524,0.026345862113689698
1,1,0.033512252591645475,0.8865263218225663,0.07996142558578827
0,0,0.7301231814809976,0.2676016799136154,0.0022751386053869223
0,0,0.8342557672911961,0.16492743191301798,0.0008168007957858035
1,0,0.6309011990543251,0.36625609988371977,0.002842701061955075
0,1,0.16942938353477197,0.8018441526239071,0.02872646384132105
2,2,0.0001212226597720531,0.011954584910003146,0.9879241924302249
0,0,0.690475390276415,0.306427492985255,0.0030971167383299575
1,1,0.2414572504956251,0.7491924248660157,0.009350324638359357
1,1,0.3566425728385498,0.6356621260991339,0.007695301062316344
1,1,0.0532747100913951,0.9111668433175214,0.03555844659108354
0,0,0.7159767430657792,0.28350275458933316,0.0005205023448876057
1,1,0.14224443712804716,0.8312524698620218,0.026503093009930933
2,2,0.00013360529494918922,0.0417706192694837,0.958095775435567
0,0,0.8469368054908093,0.15270191926372986,0.0003612752454607453
1,1,0.17797876772867743,0.8133442083540221,0.008677023917300391
0,1,0.12329195230578364,0.8462755420107098,0.03043250568350657
0,0,0.740810508453619,0.25867157750124453,0.0005179140451365317
1,1,0.09306304811227176,0.8808020522563139,0.026134899631414278
0,0,0.585951692998094,0.41217552882978487,0.0018727781721211026
0,0,0.8482043802058384,0.1513771657175109,0.0004184540766507906
0,0,0.5973692018663894,0.40147712050063245,0.0011536776329781448
1,1,0.10374019706728428,0.8647812220250735,0.031478580907642086
0,0,0.847084100509042,0.15236473450317176,0.0005511649877862027
1,1,0.47784622674003735,0.5181906004092215,0.003963172850741177
0,1,0.21324583914723122,0.7706928366855925,0.01606132416717625
1,1,0.25355896378799164,0.7411941341094156,0.005246902102592696
1,1,0.06678035202350016,0.9057414390705505,0.02747820890594942
1,1,0.2008021362833958,0.7797902849996133,0.01940757871699093
0,0,0.7038758536884413,0.29517895842550007,0.0009451878860586124
1,1,0.39893224280344575,0.5922288342662614,0.008838922930292866
1,1,0.4417117811828602,0.5536869152942572,0.004601303522882638
0,0,0.504499843709466,0.48860140692292453,0.006898749367609553
0,1,0.43970395684234775,0.5571873412480967,0.003108701909555634
2,2,0.0013028648714094476,0.11906406378350409,0.8796330713450864
1,1,0.4602445276276929,0.5354296994754576,0.004325772896849396
1,1,0.2914102103625296,0.6806198981829019,0.027969891454568428
0,0,0.8757893152417962,0.12354289614253561,0.000667788615668291
0,1,0.4951432496159577,0.5020155737096627,0.0028411766743797018
2,2,0.002977866802706673,0.27258185683629454,0.7244402763609987
0,0,0.7988557524218616,0.20011711228383885,0.0010271352942995444
1,1,0.055309400203090664,0.9259946987133109,0.018695901083598563
0,0,0.6615890598115004,0.3367731546210494,0.0016377855674502388
0,0,0.8766213176959174,0.12302684230868566,0.0003518399953970289
0,0,0.7544815139786593,0.24493597579747894,0.0005825102238618223
2,2,0.0013267020177449545,0.14071022672020234,0.8579630712620527
0,1,0.3421574561465667,0.6524875594390513,0.005354984414382057
0,1,0.30942107400602686,0.680632025443872,0.00994690055010106
0,0,0.5543231309489106,0.44417221362866616,0.0015046554224232196
1,1,0.11256867192169658,0.8733683145976888,0.014063013480614646
2,2,6.386527741057324e-05,0.009229731891057812,0.9907064028315316
1,1,0.025126993745208662,0.9184467467092446,0.05642625954554667
0,0,0.5277463156159861,0.46942721190882625,0.0028264724751877373
1,1,0.05693531545348503,0.8685454048924566,0.07451927965405827
0,0,0.9067236835148964,0.09296841868352719,0.0003078978015763056
0,0,0.830630966581935,0.16919887523057817,0.00017015818748686794
1,1,0.20067467314459753,0.7719990459954114,0.027326280859991135
0,0,0.7834385627579987,0.21586755514090386,0.0006938821010975529
1,1,0.2943780914167145,0.6990096674794737,0.006612241103811824
1,0,0.663013554324431,0.33650781479717234,0.00047863087839653093
1,1,0.11801814555072523,0.6294528780477299,0.25252897640154487
0,0,0.6392238154076166,0.358202456182518,0.002573728409865429
1,2,0.011834569160803877,0.4015006469562812,0.5866647838829149
1,1,0.11109352659749619,0.8777925235474673,0.011113949855036517
0,1,0.16411119198186094,0.8265988780379722,0.009289929980166778
1,0,0.6033139648418178,0.3946222660189121,0.0020637691392700894
0,1,0.10752909666632701,0.877363843184563,0.015107060149110153
2,2,0.0008734959252860083,0.11680483631405066,0.8823216677606632
0,1,0.1586035316455558,0.8261396556786521,0.015256812675792056
0,0,0.5037535575851688,0.49208600730708274,0.004160435107748452
0,0,0.7367491631163599,0.26208564839299797,0.001165188490642284
0,0,0.5354103256993517,0.46267318198805546,0.001916492312592843
0,0,0.8465464621061896,0.15304001711386422,0.00041352077994624866
2,2,0.005442272203428039,0.3687298280727493,0.6258278997238227
1,1,0.23577488476311087,0.7584332361506076,0.005791879086281539
1,1,0.15688597480350333,0.8337180334623899,0.009395991734106829
1,1,0.25221942867745384,0.7420601771369606,0.005720394185585551
0,0,0.6890109087546679,0.30969585052216875,0.001293240723163436
2,2,0.01255815322962575,0.35494538661911673,0.6324964601512576
0,0,0.6248646380645514,0.37156334876479236,0.0035720131706562575
1,0,0.5100985445644525,0.4879191805870623,0.0019822748484852283
1,1,0.07799615537900496,0.902593336297072,0.01941050832392324
1,1,0.2942715712021626,0.6945601191958636,0.011168309601973772
1,1,0.3237804796810413,0.6705706246523238,0.005648895666634937
0,0,0.7002390075028477,0.2980230619233688,0.0017379305737836174
1,1,0.43828160959017054,0.5589119728146372,0.00280641759519232
1,0,0.593250407214252,0.404812725256381,0.0019368675293669198
0,0,0.8076189567031272,0.1914661737125424,0.0009148695843303952
0,1,0.46609975709668133,0.5263462660431575,0.007553976860161145
1,1,0.19714827076526287,0.797141549824287,0.005710179410450233
0,0,0.7070583811710982,0.29215939812895847,0.0007822206999432757
1,1,0.4864989901647418,0.5098136026703404,0.0036874071649178764
1,1,0.2123171543367866,0.7796981365195298,0.007984709143683617
1,1,0.375505508522223,0.6171959153192477,0.0072985761585293565
0,1,0.16788139406938937,0.8145634901698672,0.01755511576074347
1,0,0.6574497949339931,0.3418031537475389,0.0007470513184680666
1,1,0.3131667247194009,0.6708528641729061,0.01598041110769307
1,1,0.3670669317554864,0.6248555730351573,0.008077495209356376
0,1,0.3167908607842344,0.6734233243663545,0.009785814849410893
1,1,0.2568104482667561,0.7121308891455345,0.031058662587709306
1,1,0.044713345933838404,0.9171832141010295,0.03810343996513204
1,1,0.09764107826412052,0.8718165224661015,0.030542399269777958
1,1,0.17329997144130785,0.8169130606198262,0.009786967938865904
0,0,0.7099356332270561,0.2891411451294718,0.0009232216434720612
1,1,0.3256273416144914,0.6647893304598291,0.009583327925679548
1,1,0.28280149057713533,0.7006162615974793,0.01658224782538559
1,1,0.2657940856913033,0.7216717836588591,0.012534130649837728
0,0,0.8508187046844242,0.14897077157169508,0.00021052374388084007
0,1,0.3432917069807953,0.650156277153701,0.006552015865503824
2,1,0.04985489324039297,0.9190603683837615,0.031084738375845654
0,0,0.8677566473360163,0.13166543597191754,0.0005779166920661995
1,1,0.06514768596476221,0.8797737152743149,0.055078598760922845
0,0,0.7688595168518341,0.23059853677505315,0.0005419463731128916
2,2,0.008742412118160781,0.22125343627109717,0.7700041516107421
1,1,0.07783899204282052,0.8983681590355164,0.02379284892166307
0,0,0.8184280824427979,0.18044461089844666,0.0011273066587553996
1,1,0.08934055554891783,0.8899021143048769,0.02075733014620531
2,2,0.004814065025305502,0.4772449177705889,0.5179410172041056
1,1,0.22402545698582516,0.7665112866677629,0.009463256346411984
1,1,0.3956453337217857,0.5980208008935082,0.006333865384706077
0,0,0.7310732990885933,0.26837035045703794,0.0005563504543687621
1,1,0.034349730446745566,0.915314251072738,0.05033601848051639
1,1,0.1986098475962297,0.7891718019021448,0.012218350501625693
0,1,0.36316398356471674,0.6335027651599784,0.0033332512753049817
1,1,0.18115321875611412,0.8022758532689049,0.016570927974981112
0,1,0.47948861690133626,0.5163671849026508,0.004144198196012942
0,0,0.75495388034298,0.24402196938462942,0.001024150272390518
0,1,0.24520788696970044,0.7436134611010713,0.011178651929228369
1,0,0.6740474088577785,0.3252818622131498,0.0006707289290716094
1,1,0.18599072138984035,0.8062767199241846,0.0077325586859750065
0,0,0.711160027446282,0.2874713606707568,0.0013686118829612727
1,1,0.0749643038666131,0.9009913147984563,0.024044381334930663
1,1,0.3017190756628265,0.6892504191250549,0.009030505212118548
0,0,0.7928194251164056,0.20645299450706325,0.0007275803765313461
1,1,0.4472985767557031,0.5504895137209396,0.0022119095233573013
0,0,0.9038182769888954,0.09585176022829724,0.00032996278280739215
1,1,0.4900822391837155,0.50489985034856,0.00501791046772453
1,0,0.532225784535989,0.46547352119338004,0.0023006942706310053
0,0,0.5314644583714312,0.46563622217958384,0.0028993194489851074
0,0,0.8008243693735104,0.19824850917280223,0.0009271214536872986
0,0,0.9205340316933679,0.07894520499002977,0.0005207633166023342
1,1,0.09840287157114999,0.8846987341773744,0.016898394251475466
0,0,0.850650327529552,0.14912502533580724,0.00022464713464085174
0,1,0.3680738986233557,0.623904947419755,0.008021153956889274
1,1,0.07463390467407463,0.8679115432959367,0.057454552029988754
0,0,0.8281820706844741,0.17071053897079502,0.0011073903447307778
0,0,0.5313878444145248,0.46598964952596683,0.0026225060595083147
0,0,0.6226718605069309,0.37605117339536354,0.0012769660977055876
1,1,0.1062747031946598,0.8537656800126991,0.03995961679264105
0,0,0.7593061762425904,0.23947575909589724,0.0012180646615121528
1,1,0.09904918708337714,0.8483013088401655,0.05264950407645743
1,1,0.14828799583929753,0.8364957780972057,0.015216226063496837
1,1,0.03215686938985238,0.9297225669423033,0.03812056366784442
1,1,0.4802255121889288,0.517139215301981,0.0026352725090902102
1,1,0.19890605449222468,0.7939294225027931,0.007164523004982219
1,1,0.17804902659312455,0.8123522605268416,0.00959871288003376
0,0,0.803431441241035,0.19519913522172658,0.0013694235372385388
1,1,0.17344356260073446,0.8117246167314874,0.014831820667778077
1,1,0.10864820209956379,0.8475245270587415,0.04382727084169466
1,1,0.3984992054759321,0.5940721151714443,0.007428679352623634
1,1,0.26691996707596366,0.72407115783123,0.009008875092806371
1,1,0.18972400183865953,0.8025976752999435,0.007678322861396991
1,1,0.24594777007046892,0.7403284907126284,0.013723739216902767
1,1,0.13510200062983385,0.8199031546025536,0.044994844767612625
1,1,0.07433434468610536,0.8683493467590353,0.057316308554859426
1,1,0.38468626690333746,0.6092958412059541,0.006017891890708362
1,1,0.19576303642534928,0.7973463868166285,0.006890576758022243
1,1,0.12183026008927447,0.8667780537389653,0.011391686171760156
1,1,0.22545873341580935,0.7693299508280008,0.005211315756189882
1,0,0.6222782156534551,0.372675832170905,0.005045952175639858
1,1,0.2611130659400788,0.7228911385200093,0.015995795539911917
2,2,0.006126164691677595,0.32063449502158164,0.6732393402867408
1,1,0.4196980235953533,0.5785704457664526,0.0017315306381942147
1,1,0.06066898943218523,0.9092716539694976,0.030059356598317283
0,0,0.7195120778241452,0.27862356819813483,0.0018643539777199933
1,1,0.09966329900265179,0.8743804627749545,0.025956238222393593
1,1,0.20054708332007684,0.7809390914872039,0.018513825192719276
1,1,0.01754985049053553,0.5002340128058742,0.4822161367035903
1,0,0.5464952512698626,0.4481200089155599,0.005384739814577384
1,1,0.2357683004393839,0.7531751418491451,0.011056557711471049
0,0,0.7631213140953882,0.23594726747651,0.000931418428101819
1,2,0.024656960779247773,0.38533468575389107,0.5900083534668612
0,0,0.5454286751053713,0.45080162516727224,0.0037696997273565457
2,2,0.0022013214967798525,0.18652341575275383,0.8112752627504662
1,0,0.6096812654119712,0.3843753359333848,0.00594339865464395
0,0,0.8960535329673505,0.10363804680371677,0.0003084202289327414
0,0,0.8777899579611377,0.12180950812392742,0.00040053391493477156
0,0,0.6605026683777266,0.33782045122577753,0.0016768803964957418
1,1,0.051328504387354104,0.9229907607223448,0.025680734890301184
0,0,0.6292657430726541,0.36940485569227877,0.0013294012350669763
1,1,0.03340171534810914,0.9292201783060027,0.03737810634588806
0,1,0.3779228718484935,0.6176954989556483,0.004381629195858118
1,0,0.6565081485463907,0.33952380055974235,0.003968050893866958
1,0,0.803843414684034,0.19552705806046153,0.0006295272555043901
1,1,0.03570597877856079,0.9003909220963868,0.06390309912505246
0,0,0.6267314743087292,0.37152774137210226,0.0017407843191686186
0,0,0.7684678182239498,0.2304537770312281,0.0010784047448219283
2,2,0.00024803925484668794,0.04173262081970114,0.9580193399254522
0,0,0.7243991182136787,0.27520076867481347,0.0004001131115077597
0,0,0.5463361235599407,0.451515479212324,0.0021483972277352723
1,1,0.07760012562668415,0.9028409934464714,0.019558880926844383
1,0,0.6068406383559336,0.39235684871207926,0.0008025129319871977
0,0,0.7738244355900792,0.2253540218136621,0.0008215425962587117
1,1,0.3984750218636903,0.5992250298227505,0.0022999483135591565
0,1,0.4487571211544223,0.5399316856314678,0.011311193214109968
0,0,0.6001483419116123,0.3988124227459463,0.0010392353424415579
0,0,0.5568214241715853,0.44094870987346285,0.0022298659549518656
0,0,0.615283016785146,0.38053105981544294,0.0041859233994111155
1,1,0.18149915810914619,0.7989485984557367,0.019552243435117134
1,1,0.47992510806677,0.511555882049714,0.008519009883515928
1,1,0.04247750307001926,0.884333198381819,0.07318929854816174
1,1,0.43647478022148495,0.5557644438888318,0.007760775889683182
1,0,0.6782421119187355,0.32095162817543393,0.0008062599058304446
1,1,0.1058023408925118,0.8801182269378742,0.014079432169613937
1,0,0.665345100512415,0.3335366267259861,0.001118272761598847
1,1,0.21365278559755735,0.7529600975628158,0.03338711683962687
1,1,0.2606957082238356,0.729620594185767,0.009683697590397384
1,0,0.5010422525011429,0.4969245187514262,0.002033228747430925
1,1,0.14156626298563327,0.8416729227297334,0.01676081428463328
0,0,0.7401906296202221,0.25895540537896744,0.0008539650008104665
0,1,0.38870833656929593,0.6024120708738288,0.008879592556875255
0,1,0.32403505286779266,0.6583824753646385,0.017582471767568796
1,0,0.5857300124977639,0.4128207136991938,0.0014492738030422935
1,1,0.1060733924093187,0.8760806140896239,0.01784599350105745
0,1,0.17888603325703,0.7921989526497729,0.02891501409319717
0,0,0.87629825441523,0.12309992255854808,0.0006018230262220144
1,1,0.3635835690453731,0.633003491932466,0.0034129390221609604
1,0,0.6123853825385396,0.38587976403690194,0.0017348534245585146
1,1,0.06784417633822382,0.9181167601674306,0.014039063494345631
0,1,0.33466753452350845,0.6591685583640922,0.006163907112399273
0,1,0.3389582151592284,0.653343631277361,0.007698153563410658
1,1,0.08977520439438104,0.8957938565878638,0.014430939017755082
2,2,0.00016286236206374292,0.05145522934253175,0.9483819082954046
0,1,0.38513583300269666,0.6057788707757767,0.009085296221526599
1,1,0.38213794048042343,0.6097018189754083,0.00816024054416826
1,0,0.6202114313242608,0.37824041066086217,0.0015481580148768786
1,1,0.3327348695520165,0.6456222624150685,0.0216428680329149
0,0,0.5957472969390055,0.4029027442155466,0.001349958845447911
2,2,0.006036832543890834,0.316621302220769,0.6773418652353401
1,0,0.5807273318754727,0.41556380618886124,0.003708861935666132
1,1,0.19034004310289301,0.8026871787593076,0.006972778137799409
1,1,0.04303828685794423,0.8753336896710882,0.08162802347096765
2,2,0.0031524993248956443,0.20508663280071193,0.7917608678743925
0,1,0.2354779663823674,0.7344053804014493,0.030116653216183172
1,1,0.26619738636178414,0.7229620489980381,0.010840564640177798
0,1,0.39603218944340113,0.5977699322957646,0.0061978782608344
1,1,0.028156834318864114,0.9407354018488165,0.031107763832319224
1,1,0.47212006359101927,0.5246792601904142,0.0032006762185664743
1,0,0.6150752172645314,0.38198877453809804,0.002936008197370648
1,1,0.44135513237820106,0.5578513243823298,0.0007935432394693268
1,1,0.3576965984662517,0.6274564780901525,0.014846923443595868
1,1,0.3827549021850793,0.6129926721632177,0.004252425651702834
1,1,0.4640655164417333,0.5335692694241191,0.0023652141341476115
0,1,0.3643567263299289,0.631183763031645,0.0044595106384261755
1,1,0.16094937914556393,0.8308933632899047,0.008157257564531345
1,1,0.12927056220818273,0.8453225728529502,0.025406864938866958
2,2,0.000714916301279455,0.18211465126169837,0.8171704324370221
0,0,0.7999307422122979,0.19949586704293926,0.0005733907447628203
1,1,0.08251962127775883,0.8938393987608189,0.023640979961422195
1,1,0.31740914702399914,0.6769919602756125,0.0055988927003882746
1,1,0.45300054479247215,0.5431072271647868,0.0038922280427411146
2,2,0.0159371250154252,0.28049625586895044,0.7035666191156243
1,1,0.21295016936248268,0.7802080909478574,0.006841739689660062
0,0,0.8944860436248385,0.10531629122034791,0.0001976651548136611
0,0,0.8051026700120514,0.1943365805078136,0.0005607494801350703
0,0,0.5124800908663689,0.48455430087070417,0.0029656082629269287
1,1,0.044265979842571974,0.9279712500571643,0.027762770100263956
0,1,0.15693030196827606,0.8203408092163803,0.022728888815343552
1,1,0.10374125043207041,0.8770668362893599,0.019191913278569624
1,1,0.1795492203920369,0.8069505141384672,0.013500265469495966
1,1,0.17234405524470386,0.805063228098938,0.02259271665635808
0,1,0.27321585974691037,0.7196857666008815,0.0070983736522081
1,1,0.0396207488077488,0.8984462881705874,0.06193296302166376
1,1,0.3015449377454819,0.6926664663339204,0.005788595920597722
1,1,0.3956874049381127,0.5986656040919274,0.005646990969959939
0,1,0.4611741694261062,0.5352619995639616,0.003563831009932169
1,0,0.821397706275976,0.17789492668786405,0.0007073670361600211
1,1,0.304094590249624,0.682247012615437,0.013658397134939106
0,0,0.622713929640501,0.37446227264921733,0.0028237977102816606
0,1,0.48371463805817694,0.5110306999126332,0.005254662029190009
0,0,0.6323148291126474,0.3667286258118337,0.0009565450755190406
0,0,0.7940738970152482,0.2048280088050259,0.0010980941797258412
1,1,0.32562241378509504,0.6622124170466513,0.012165169168253722
1,1,0.041472917369463874,0.8869287647695093,0.07159831786102679
1,1,0.262210383024166,0.7301672168646618,0.007622400111172116
1,0,0.537918797304448,0.459471886853647,0.0026093158419050184
0,0,0.7671843793966504,0.23198014180340396,0.0008354787999457591
1,0,0.7109327952141516,0.2878826609420982,0.001184543843750121
1,1,0.33598508935151805,0.6561830752660391,0.007831835382442795
0,1,0.4610821434470734,0.5361943798896485,0.0027234766632780443
2,2,0.0009374569047819393,0.13757441360226644,0.8614881294929517
1,1,0.20209076280025545,0.7827990098486025,0.015110227351142133
0,0,0.7011351672996192,0.2980669476317748,0.0007978850686059219
1,1,0.3806825799801866,0.6139028088231392,0.005414611196674142
1,1,0.06935061575242739,0.514009933564424,0.41663945068314856
0,1,0.24475760481083417,0.7303436289719003,0.02489876621726559
0,1,0.43633168892678675,0.5584701794629281,0.005198131610285227
1,1,0.1403870706641217,0.8481376831734294,0.011475246162448877
1,1,0.18896306952123,0.7781593327641414,0.03287759771462855
1,1,0.26658751084424726,0.7218290732856203,0.011583415870132287
0,1,0.2436212640920529,0.7491379388217685,0.0072407970861786295
0,0,0.5831932466986881,0.41500775965114317,0.001798993650168616
1,0,0.6383848517677283,0.3603931970657093,0.0012219511665624433
2,2,0.00019214061270816343,0.0800822579114902,0.9197256014758016
1,1,0.2330363707774779,0.7492857479939542,0.017677881228567928
1,1,0.28523522753079555,0.7069722841830335,0.007792488286171144
2,2,0.009108057828451553,0.3753894837680137,0.6155024584035348
2,2,0.0013031312683216365,0.14796987864536534,0.850726990086313
1,1,0.38233957919673833,0.6062811294153955,0.011379291387866265
1,1,0.1605844783442414,0.8086565626441098,0.030758959011648847
0,1,0.32201679570698566,0.6732363674087956,0.004746836884218746
0,0,0.8631047479759688,0.1362213898408412,0.000673862183190034
1,1,0.05742915133568773,0.8678987332220789,0.07467211544223337
1,1,0.3162758872858916,0.6704018333586008,0.013322279355507649
1,1,0.032625253865669265,0.9296881647092331,0.03768658142509767
1,1,0.4499156234824333,0.5460699805518306,0.00401439596573608
2,2,0.0030026914479295928,0.27180919896412814,0.7251881095879423
1,1,0.27043898580391756,0.7216677365363329,0.007893277659749716
0,0,0.8263539196863584,0.1728858065358921,0.0007602737777494036
1,1,0.3132535385400777,0.6791957869439978,0.007550674515924372
1,1,0.10098405112774039,0.855723108604568,0.04329284026769158
0,1,0.2174768855325697,0.7720606639915232,0.010462450475907221
1,1,0.09412363880274917,0.8878052348481551,0.01807112634909584
0,0,0.7476748495319464,0.2513066922896642,0.0010184581783894483
0,1,0.4554373780786466,0.5395494523187581,0.005013169602595299
1,0,0.5743301334376912,0.4241683509585092,0.0015015156037996398
2,2,0.00017543009858490477,0.07010024104989891,0.9297243288515161
0,0,0.8629117231947689,0.13656245047563073,0.0005258263296002959
1,1,0.17495080386811432,0.8169854709194384,0.008063725212447241
0,0,0.5378446827520513,0.459561064310373,0.002594252937575645
1,0,0.6919948138026946,0.30722925204450235,0.0007759341528030402
1,0,0.5389619227373139,0.45457818542421363,0.00645989183847245
1,1,0.042057280356713696,0.9067027365266735,0.051239983116612674
1,1,0.1675929546970362,0.815494737591119,0.016912307711844866
0,0,0.6293069074361626,0.36637170541868613,0.004321387145151222
0,0,0.697546689654017,0.3015402246688744,0.0009130856771085396
1,1,0.3398643491024036,0.6541573069123429,0.005978343985253666
1,1,0.21187340205467461,0.7638935911541062,0.02423300679121912
1,1,0.3820350169170566,0.6151903465063975,0.0027746365765459703
1,1,0.06204721063877807,0.8882597237089828,0.04969306565223923
1,1,0.23515869873152456,0.7574131242886636,0.007428176979811952
1,1,0.29473835030015727,0.6917695087622909,0.013492140937551831
0,0,0.7168332092592714,0.2820058829120564,0.0011609078286722147
1,1,0.24053368450894852,0.7408523082440926,0.018614007246958775
2,2,0.041412836008390824,0.4787450727252196,0.4798420912663897
1,1,0.49064398685523486,0.5065695599866852,0.0027864531580799727
0,0,0.8153831292305745,0.18380439956952463,0.000812471199900835
0,0,0.789192692655832,0.21010455215908305,0.0007027551850850053
1,1,0.044190768750013903,0.8751248132400855,0.08068441800990042
0,0,0.6018559975668233,0.3967864142150137,0.001357588218162994
1,1,0.11610889337620436,0.864361680134328,0.0195294264894677
1,1,0.27559100241558565,0.71650524656599,0.007903751018424257
0,0,0.7830065572771664,0.21634487211278314,0.0006485706100504967
1,1,0.15826758666285423,0.8209235233387081,0.02080888999843765
1,0,0.800403191490213,0.19885124864466747,0.0007455598651193426
1,0,0.6995101388130502,0.29918847557450945,0.0013013856124401816
0,1,0.4799651683305694,0.5168455673290564,0.0031892643403741896
1,1,0.11303632562993764,0.8709960298996927,0.015967644470369663
0,0,0.8724784252437587,0.12672128115227965,0.0008002936039616008
1,0,0.5478813186164381,0.44903642512336,0.003082256260201911
1,1,0.07878852264818548,0.905113858798001,0.016097618553813395
1,1,0.4828172812858658,0.51408406267693,0.0030986560372042995
0,0,0.6799716352570601,0.3172822177133323,0.002746147029607569
1,1,0.14105704206637343,0.8488681484225258,0.010074809511100884
1,0,0.5691800781465508,0.4285609794121785,0.002258942441270607
1,1,0.13008200206321285,0.8520405926376237,0.017877405299163346
1,1,0.41415833607485314,0.5806835022316784,0.005158161693468475
0,0,0.5480753663486385,0.448108647300186,0.0038159863511754697
1,1,0.05230402247874701,0.8653393163578113,0.08235666116344181
0,0,0.9554015430922392,0.044553986886452776,4.44700213081094e-05
0,0,0.7966515690493265,0.20226934544104463,0.001079085509628716
0,1,0.38230675778675843,0.6114213695157965,0.006271872697445097
0,0,0.9073109100278396,0.09234387853596092,0.0003452114361995726
1,1,0.09476477670536719,0.8860857690189092,0.019149454275723503
0,1,0.23146752766358036,0.7510746092018209,0.017457863134598697
0,0,0.5605654873671895,0.4315577137577626,0.00787679887504792
1,1,0.3278625926965829,0.666656596543258,0.005480810760159117
1,1,0.2213743107969832,0.7605074322123941,0.01811825699062276
1,1,0.19234800138548663,0.7914220405498201,0.016229958064693264
1,1,0.1259272518524774,0.8583759471888546,0.015696800958667934
0,1,0.32332230944318835,0.6617457329740599,0.014931957582751709
1,1,0.180558218276495,0.8063749145307947,0.013066867192710305
1,1,0.29148871890857664,0.7016827620925525,0.0068285189988707235
2,2,0.0014483988633379062,0.13017367566876856,0.8683779254678935
0,0,0.6331064862867538,0.36440632870184725,0.002487185011398952
1,0,0.5574042956821678,0.4417433308211412,0.0008523734966909656
1,1,0.10577133681951685,0.8765336215210529,0.01769504165943043
1,1,0.14077758712899846,0.8310558644479922,0.028166548423009436
0,0,0.6780437491999991,0.31833824146541195,0.003618009334589126
1,1,0.04665965976776123,0.918341372317501,0.03499896791473781
1,1,0.17230264623329117,0.8031332977037942,0.024564056062914466
1,1,0.14294325016354786,0.8360697382953391,0.020987011541113064
0,0,0.7361767955479862,0.262964651553571,0.0008585528984427698
1,1,0.1739831520867657,0.8207595841060762,0.005257263807158073
1,1,0.21991540772433105,0.7702851910799222,0.009799401195746587
0,0,0.5303029338946729,0.4667020878467461,0.002994978258581062
2,2,0.0034465276139073,0.2397894064892231,0.7567640658968696
0,0,0.5523078997711661,0.44238192308268814,0.0053101771461456825
1,1,0.25821791305486386,0.723197214479227,0.01858487246590906
0,0,0.6231230939066907,0.37504523663735234,0.0018316694559568343
0,0,0.6715243513727317,0.32533059189486363,0.003145056732404539
1,1,0.18778332708004308,0.8056605325910808,0.006556140328876194
0,1,0.23009657295210867,0.7645467480200784,0.005356679027813058
0,0,0.5289326886235464,0.4667903762915468,0.0042769350849069165
0,0,0.5782576638391947,0.417175620922405,0.004566715238400263
1,1,0.08106512264241998,0.5661769480790353,0.3527579292785447
0,1,0.06327241817971645,0.912095148370235,0.024632433450048556
0,0,0.8190777586575164,0.1803754224710015,0.0005468188714821108
1,1,0.36811429933297013,0.6226746396820847,0.009211060984945129
1,1,0.25801243791085565,0.7263227734191247,0.015664788670019802
1,1,0.3001545032477405,0.6884530733078855,0.011392423444373976
1,1,0.12807782262437128,0.8532053384367695,0.01871683893885929
0,1,0.26562930698981013,0.7270792136167978,0.00729147939339197
0,1,0.3577466747281436,0.6386445477744431,0.003608777497413363
1,1,0.045400792800770445,0.9205219485745142,0.03407725862471537
1,1,0.48448164368157576,0.5131889342707529,0.0023294220476714972
1,0,0.5137422150982464,0.4835867965801671,0.0026709883215865673
1,1,0.3433422191376949,0.6500090457225747,0.006648735139730428
0,1,0.3481925629547594,0.6374383372513716,0.014369099793869033
1,1,0.17055298463395197,0.8120721402875063,0.017374875078541706
0,1,0.2620300125111187,0.7213624517130017,0.016607535775879624
0,0,0.6923203587977109,0.3068500126088111,0.0008296285934779328
1,1,0.2571942951967366,0.7384715485550407,0.004334156248222722
0,0,0.6240866122497826,0.37433920514658897,0.0015741826036284811
1,1,0.3733352168616054,0.6205068414215155,0.006157941716879107
1,1,0.2532106298080882,0.7418244072496669,0.004964962942245019
1,0,0.7169573787287412,0.2814327696325732,0.0016098516386856068
1,2,0.011667870575200329,0.38263655618390824,0.6056955732408914
0,0,0.6163904161029525,0.3798434275528381,0.0037661563442094592
0,0,0.614056699750817,0.38490496296057436,0.0010383372886085514
1,1,0.2900471280124349,0.7043060498323356,0.005646822155229494
0,0,0.5578729868857999,0.4369241155075168,0.005202897606683331
0,0,0.6513441180085286,0.3471712700656278,0.0014846119258436136
0,0,0.5241017404468469,0.473142015166296,0.00275624438685706
1,2,0.00039516280743254043,0.11683234481568418,0.8827724923768833
2,2,7.406406650752559e-05,0.04497034377435863,0.954955592159134
0,0,0.9075574100243112,0.09227176860282031,0.00017082137286833908
0,1,0.40666920226057296,0.5879269611438911,0.005403836595536096
1,1,0.1864582053511681,0.7969051189145423,0.016636675734289716
1,1,0.3345149171698107,0.655629671957835,0.00985541087235425
1,1,0.1563167752950426,0.8347941765936299,0.008889048111327699
0,0,0.6009357245819402,0.3951577787360965,0.003906496681963253
1,1,0.08300065293528357,0.8803360879550268,0.03666325910968963
1,1,0.3141604671013763,0.6809692781854411,0.004870254713182736
1,0,0.6612239542027203,0.33749796758435874,0.001278078212921137
1,1,0.13165069227616327,0.8328750516864372,0.03547425603739942
0,0,0.846954533467126,0.15257907250095135,0.0004663940319226831
0,1,0.3764498145601658,0.6144098806739166,0.009140304765917668
1,1,0.18690302992684815,0.8103145750511338,0.002782395022018144
1,1,0.048572829417710475,0.9031283595127748,0.04829881106951481
0,1,0.37439031607075596,0.6189624199526628,0.006647263976581226
1,1,0.4104695156485741,0.5847539192486378,0.004776565102788005
0,1,0.1454981855237232,0.8428109366789728,0.01169087779730399
1,0,0.8909548371397029,0.10864535529799337,0.0003998075623037462
1,1,0.41466433205350717,0.5812705226833274,0.004065145263165315
1,1,0.05533884947528534,0.9204190167900378,0.024242133734676888
2,2,0.0027591952431079607,0.24428888856146647,0.7529519161954256
1,0,0.9035339716484251,0.09612882688959477,0.00033720146198021566
0,0,0.8557928540561696,0.14388699563895221,0.000320150304878191
1,0,0.7244478922867261,0.2742969380054835,0.0012551697077904118
0,0,0.8539597825354834,0.14577773685023515,0.00026248061428145176
1,1,0.20286170456016706,0.7901998678839113,0.006938427555921641
0,0,0.600846063620717,0.3971115302951659,0.0020424060841169964
0,1,0.45740132137172707,0.5368677650617016,0.005730913566571309
1,1,0.04494811063641978,0.8425682536712273,0.11248363569235274
0,0,0.5237622341274755,0.4687240039048743,0.007513761967650259
0,1,0.4945077747209943,0.5004509934821839,0.005041231796821889
0,1,0.39206657715506443,0.6032853686497374,0.0046480541951982165
1,0,0.5363808317270635,0.4591201750900677,0.004498993182868716
0,0,0.9211600846113348,0.07859644247557793,0.00024347291308731374
0,0,0.741958020216397,0.2575607363446189,0.0004812434389839647
0,1,0.38833721427532586,0.6052910755482261,0.0063717101764481235
0,0,0.8289762305123346,0.17058591598914413,0.0004378534985213521
2,2,0.0021196473405712016,0.11781781441721273,0.880062538242216
1,1,0.16397918290287047,0.8251646819209759,0.01085613517615374
0,1,0.21176765187704127,0.7747914918475745,0.013440856275384236
1,0,0.6385207684523373,0.359643164546455,0.0018360670012077707
1,1,0.05545416914156279,0.866606973375317,0.0779388574831202
1,1,0.1498013859014532,0.8405306946213779,0.00966791947716907
0,0,0.6937370659728593,0.30434906308813975,0.001913870939000984
1,1,0.2962898378897906,0.6942845180148935,0.009425644095315808
0,0,0.644895932849742,0.3537721912137218,0.0013318759365361435
1,1,0.3181173232226002,0.6661821798368479,0.015700496940552006
0,1,0.47012527693544437,0.5215765362186807,0.00829818684587488
1,1,0.4085706017092251,0.5797135476737856,0.011715850616989413
0,0,0.8191455715769588,0.1801093009548021,0.0007451274682391912
1,1,0.2940176406485958,0.6957456633505864,0.010236696000817763
1,0,0.6587287929906214,0.34058221075594675,0.0006889962534317604
0,0,0.8571797372195057,0.14242067090451394,0.0003995918759803096
1,0,0.8110138671943017,0.18821344451336888,0.0007726882923293813
1,0,0.5778402921973981,0.4203902748381142,0.001769432964487601
0,0,0.6165204116973647,0.3812356170521896,0.002243971250445751
0,1,0.3625654905068916,0.6317193027579079,0.005715206735200655
1,1,0.398688007708453,0.5928711663916261,0.008440825899920979
0,0,0.7520192172806852,0.24741368251429374,0.000567100205021196
1,1,0.05483443951392109,0.8900689873133008,0.05509657317277804
1,1,0.02777640718857331,0.9176300457184081,0.05459354709301867
2,2,0.0025961016611878774,0.21624507716785546,0.7811588211709566
2,2,0.0008638879993103616,0.08845271091668216,0.9106834010840075
0,0,0.8544716381832267,0.1453103906821866,0.00021797113458664076
0,0,0.7275127268964933,0.2699394655750069,0.002547807528499726
1,1,0.11262385976595603,0.8753301307208784,0.012046009513165638
1,0,0.7653641174601904,0.23311629485099777,0.0015195876888117318
0,0,0.7076396502365088,0.29043479577962333,0.0019255539838678897
0,0,0.9116729153235051,0.08804788031823406,0.00027920435826079925
1,1,0.12493918847784033,0.8532411328475695,0.021819678674590344
1,1,0.1959868140936531,0.7912615829137722,0.01275160299257474
1,1,0.1312519269579586,0.85680996308124,0.011938109960801335
1,1,0.44209986353610503,0.5481847739219886,0.009715362541906369
0,0,0.7724016852137096,0.22715616640481462,0.00044214838147583753
1,1,0.4946161023112127,0.5028549678355604,0.002528929853226835
0,0,0.8200369880368423,0.17939272175492596,0.0005702902082316475
1,1,0.09573429130641448,0.8894920025134234,0.014773706180162051
0,0,0.5788017025332324,0.4184046888660737,0.0027936086006939364
1,0,0.5869795696144942,0.4120628661208512,0.0009575642646545022
0,0,0.738544985595615,0.2603236065542719,0.0011314078501130174
1,1,0.07683448818551465,0.8988649008588733,0.02430061095561203
0,0,0.6540308435504054,0.34459509216046136,0.001374064289133208
1,1,0.42206110097199867,0.5754825192696971,0.00245637975830432
1,1,0.1876122450679619,0.7863089267555566,0.026078828176481585
0,0,0.6086525017940598,0.3897840967650665,0.0015634014408736814
1,1,0.13760297656889006,0.8493704761575015,0.013026547273608352
0,1,0.2589455882658453,0.7326405486731296,0.008413863061025248
1,1,0.017810583197169345,0.8553526160565141,0.12683680074631656
1,1,0.3307949310259069,0.66603694676196,0.003168122212133147
0,0,0.9301679753995495,0.06963749814749468,0.0001945264529558058
0,1,0.15939995671148402,0.8285085305041698,0.012091512784346274
0,1,0.4433349540073022,0.5456251616391073,0.011039884353590455
0,1,0.3161327209535375,0.668130780954828,0.015736498091634615
0,0,0.5077196663240378,0.49055381237667534,0.001726521299286856
1,1,0.23003236906374105,0.7557550378141294,0.014212593122129507
0,0,0.773929650510412,0.22508092104122315,0.0009894284483648044
0,1,0.28404366610540477,0.7061761574344566,0.009780176460138615
1,1,0.14836251171737017,0.8334377664111433,0.018199721871486586
1,1,0.21059934184538612,0.773828382058605,0.015572276096008796
1,1,0.08149560355576832,0.8844064315057046,0.034097964938527035
0,1,0.33783614585203753,0.6560215308777051,0.006142323270257355
1,1,0.07100116410372695,0.8916194123689288,0.03737942352734436
0,0,0.647816268859938,0.34967863951173567,0.0025050916283263463
1,1,0.20157800083644348,0.7922810881290039,0.006140911034552655
1,1,0.23376231971317554,0.7546601086449087,0.011577571641915778
1,0,0.6113224283115515,0.3872398015593129,0.0014377701291355
1,1,0.033085714050261075,0.9311989313550029,0.035715354594735946
1,1,0.42812317520246046,0.5681356951857368,0.003741129611802633
0,0,0.7320977860105404,0.26635960620363797,0.0015426077858216574
1,1,0.30607642833267845,0.6897523946613552,0.004171177005966449
1,1,0.049478728837566426,0.9171985370089389,0.033322734153494696
1,1,0.06399954828592434,0.8983516834211456,0.037648768292930075
0,0,0.741351013548288,0.25801951864830497,0.0006294678034070432
1,0,0.5513143096421931,0.4468435242817178,0.001842166076089244
1,1,0.06349351078332859,0.8885960228999261,0.047910466316745455
0,0,0.7365781334487657,0.26197304272880784,0.0014488238224264567
1,1,0.19552011590284188,0.7867089496714978,0.017770934425660266
0,0,0.6679496982136751,0.3294776417649898,0.0025726600213350445
1,1,0.06219426360646413,0.830083717541032,0.107722018852504
0,0,0.6255742195974704,0.3731357173789709,0.0012900630235587358
0,1,0.13403084743151647,0.8499284001444639,0.016040752424019714
0,0,0.5187724185321599,0.47375200336673207,0.0074755781011079095
0,0,0.7584887404538437,0.2386767783636305,0.002834481182525763
0,0,0.8585847481645328,0.14070682752612376,0.0007084243093433939
0,0,0.6512939605874875,0.3471196353293288,0.0015864040831838093
1,1,0.4126897511374147,0.5820096237732789,0.005300625089306361
1,1,0.2001950515791845,0.7853440820547409,0.014460866366074663
1,0,0.621782416695062,0.375192296243287,0.003025287061651105
0,0,0.9145404471835077,0.08517285080808061,0.0002867020084117253
0,0,0.7741601866768631,0.22417064189583155,0.0016691714273054292
1,1,0.24815066696000052,0.7341131752508908,0.017736157789108614
1,1,0.07892178856565366,0.8797093360111183,0.04136887542322807
1,1,0.19140125845030184,0.7898930695465475,0.018705672003150733
0,0,0.7702568818586061,0.2282022117655589,0.0015409063758350108
0,0,0.8864368459869655,0.1132708382718971,0.0002923157411375812
0,0,0.897695367712989,0.1020892303095016,0.0002154019775094048
0,0,0.5686628013018223,0.4272861504725424,0.004051048225635276
1,1,0.06335070556853638,0.9269289716818261,0.0097203227496376
1,1,0.17670956672271615,0.7992944126219466,0.02399602065533713
0,0,0.5433880941840912,0.45490836294238035,0.0017035428735284743
0,0,0.7331113134996101,0.26616257411675504,0.0007261123836347867
1,1,0.16084244189351896,0.6432585259141157,0.1958990321923654
0,1,0.3972555703559731,0.5974619984008418,0.0052824312431850925
0,0,0.8546560310207523,0.1447539508276981,0.0005900181515497226
1,1,0.3879573612408245,0.6051090408940519,0.006933597865123611
1,1,0.21479742418628012,0.7789493853590291,0.006253190454690686
1,1,0.02017309818334641,0.937751215889289,0.0420756859273645
1,1,0.3287660969871963,0.6642455533896735,0.006988349623130143
1,1,0.1285710461880514,0.8333248573078503,0.03810409650409824
1,0,0.7189948003878734,0.27957717048548164,0.0014280291266448757
1,1,0.03352700576234441,0.9276805014850475,0.03879249275260806
0,0,0.7882130934849213,0.2106745156504717,0.0011123908646070387
0,1,0.4159032561831942,0.5677377400539821,0.0163590037628237
1,1,0.28790549207211963,0.7048301546621755,0.007264353265704832
1,1,0.29449592173783096,0.6935771900595454,0.011926888202623458
0,0,0.6434026408892862,0.3541060118363994,0.0024913472743143977
1,1,0.17986654071454794,0.8102547092965862,0.00987874998886583
1,1,0.10842555637893507,0.856991598901336,0.034582844719728764
1,1,0.2101689554627138,0.7538408208167374,0.03599022372054883
1,1,0.46971939913703664,0.5233445846846828,0.006936016178280544
0,0,0.9259642464990144,0.07390900375695836,0.00012674974402709338
1,1,0.271532069503138,0.7179218843605548,0.010546046136307267
1,1,0.2903008497858227,0.6977785585373075,0.011920591676869801
1,1,0.26430897979315726,0.727353164964286,0.008337855242556645
0,0,0.7577400057374697,0.2413298559927279,0.0009301382698023417
1,1,0.13986379725557443,0.8521940610704708,0.00794214167395488
0,0,0.726834487086469,0.27236065104160223,0.0008048618719287728
1,0,0.7772037409727995,0.22225257810260754,0.0005436809245929345
1,1,0.3059808761068004,0.6871643430383187,0.006854780854880904
1,1,0.2215408191305258,0.7729020477166488,0.005557133152825345
1,1,0.16160840533495494,0.8160863599207824,0.022305234744262745
1,1,0.23765339189793777,0.7506738406548431,0.011672767447219193
0,0,0.7840447202410636,0.215164243910489,0.000791035848447429
0,0,0.8309129460758575,0.1688445147564426,0.00024253916769982305
1,0,0.6315337193832873,0.3666596693025651,0.0018066113141475362
0,1,0.28800288722538014,0.6950462119446416,0.016950900829978237
0,0,0.7968038211950202,0.2023178538018092,0.0008783250031704987
0,0,0.5685663816317589,0.4289805297560217,0.0024530886122194435
0,1,0.20161735041096238,0.7769857875254746,0.021396862063562953
1,1,0.3724484916854431,0.6227262345056113,0.004825273808945552
1,1,0.03774751138400882,0.9276744958403854,0.03457799277560565
0,1,0.1825134150119169,0.8030751845820066,0.01441140040607659
1,1,0.136856349705919,0.8362248472014304,0.02691880309265059
0,1,0.2518810097848272,0.7416664628070705,0.006452527408102313
1,1,0.4165307460134748,0.5714819952532558,0.011987258733269288
0,0,0.5813735992945914,0.414705219883809,0.003921180821599623
0,0,0.6697203074296639,0.3297441359966103,0.0005355565737256982
0,0,0.8831788498208137,0.11635257535119538,0.00046857482799088395
1,1,0.11212807159031851,0.8681572606353856,0.019714667774295924
0,0,0.9258548357558686,0.07384997239706893,0.0002951918470625581
1,1,0.102360049833849,0.8678667523964576,0.029773197769693303
0,0,0.8006816440133899,0.19848425983269793,0.0008340961539122328
0,0,0.6320021757597569,0.3650663531117845,0.002931471128458657
0,0,0.7025417034207068,0.29448619906838,0.0029720975109132092
1,1,0.22181473587418438,0.7709229304810612,0.007262333644754468
0,0,0.6066512166603428,0.39266321788468594,0.0006855654549713099
2,2,0.002526083974659789,0.2997581353793371,0.6977157806460031
1,0,0.8259646624633858,0.17312537993428917,0.0009099576023248751
0,1,0.04930788758835467,0.9015738771663421,0.04911823524530316
0,0,0.6014105866704451,0.3961820102913678,0.0024074030381870115
0,1,0.42817735662549833,0.5657333160509304,0.006089327323571374
1,1,0.23400790151616943,0.7443618130122097,0.02163028547162082
0,0,0.6321958369026891,0.3654735929723555,0.002330570124955276
0,0,0.8182636513993939,0.18130874935603672,0.0004275992445692531
1,1,0.07891360023853453,0.9070915832184324,0.013994816543033164
0,0,0.5352225480503761,0.4626456608178183,0.0021317911318056797
1,1,0.1628373034529044,0.8318895808746372,0.005273115672458586
1,1,0.35563122339967457,0.6403528863554817,0.00401589024484369
1,1,0.19411052352955632,0.7985840947811511,0.007305381689292621
1,1,0.1101996616700371,0.8644709046148936,0.025329433715069415
0,1,0.48523304120265653,0.5122982793398776,0.0024686794574658496
2,2,0.008811997801181658,0.2591214448616192,0.7320665573371992
0,0,0.6352302838008606,0.3636928880236492,0.001076828175490303
2,2,0.004992016904872607,0.23816976823456262,0.7568382148605647
1,1,0.17690333094614483,0.8124739316559212,0.010622737397934139
1,1,0.381525169425756,0.6132541791880591,0.005220651386184787
1,0,0.6635770594274936,0.3349367754599416,0.0014861651125649396
0,0,0.5229246868534011,0.4734017058098282,0.0036736073367707113
1,2,0.04936823516473428,0.46829925755584806,0.4823325072794177
1,1,0.23039673954073794,0.746125622166095,0.02347763829316687
0,0,0.920776807793465,0.07902334606414972,0.00019984614238521036
0,0,0.6368604293069248,0.35935263004453644,0.0037869406485387196
0,1,0.43143618304709436,0.5628083688996705,0.005755448053235175
1,1,0.11396721838665883,0.8719744920818746,0.014058289531466537
0,1,0.3230473908623019,0.6694733010159504,0.007479308121747672
1,1,0.44581937819153294,0.5505547858269176,0.0036258359815493015
0,0,0.6418023636344725,0.35719328427609937,0.0010043520894281199
1,1,0.26995945321693515,0.7195397902371616,0.010500756545903099
0,0,0.6614127181008181,0.3349680863015333,0.003619195597648589
0,0,0.9532772165411841,0.04668054566478073,4.2237794035235806e-05
1,2,0.0008848532542403783,0.15265479063800447,0.8464603561077552
1,1,0.11659975817396583,0.6149041156351058,0.2684961261909284
0,0,0.7554224250215756,0.2435667372498133,0.0010108377286110859
0,0,0.891819807365174,0.10803932978922695,0.00014086284559925013
1,1,0.02881238549443817,0.9341390248769879,0.03704858962857398
1,0,0.6653967186115441,0.33349342180371966,0.0011098595847361145
0,1,0.1689220463938349,0.821409956694036,0.009667996912129018
1,1,0.28360179286879217,0.7069546978242928,0.00944350930691516
1,1,0.2519587757014181,0.7402126271357062,0.007828597162875865
1,1,0.30388349633667666,0.685451613396355,0.010664890266968494
1,1,0.16979348121618365,0.8258964233717164,0.004310095412100077
1,0,0.5089488664439327,0.48811984318310725,0.0029312903729601754
1,1,0.4418781072207705,0.5545498134515554,0.0035720793276740664
1,1,0.13794563788076014,0.8467750438389012,0.01527931828033848
0,0,0.6620977287198576,0.3373672695518417,0.0005350017283007063
1,1,0.22922937218653577,0.7632549197393669,0.007515708074097423
1,1,0.2838675459365429,0.7086891702452993,0.007443283818157735
0,0,0.597441949486886,0.397769648190483,0.004788402322630948
0,1,0.37600898137605926,0.618798909063655,0.0051921095602856975
1,1,0.18961287622518738,0.7983934554192216,0.01199366835559094
0,1,0.06471613241053242,0.9132632699435004,0.022020597645967286
1,1,0.4875110656838388,0.5089647162147164,0.003524218101444803
1,1,0.483135733718524,0.5148699924235746,0.0019942738579014976
1,1,0.3031234687125462,0.6847229278307692,0.012153603456684538
1,1,0.3044975356770236,0.6908976815794516,0.004604782743524719
1,0,0.7192208139141194,0.2797418829652207,0.0010373031206598194
0,0,0.8354669402354837,0.16406044646865123,0.00047261329586488054
1,1,0.4090617426536204,0.5826987577983472,0.008239499548032292
1,1,0.26245816110996106,0.7306840834881658,0.006857755401873143
0,0,0.7669364820170629,0.23176434145475722,0.0012991765281797963
1,0,0.5369192422342738,0.46086726716108156,0.0022134906046446306
0,0,0.6353172898383498,0.36055882763813,0.004123882523520191
1,0,0.5702139401853505,0.4280342979822186,0.0017517618324308544
0,1,0.2794298013187292,0.703244351113381,0.017325847567889862
1,0,0.5002999609154815,0.49793583942136405,0.0017641996631544733
1,1,0.16146569636838476,0.8170890161461525,0.021445287485462813
1,1,0.12638016074827824,0.8600800370402574,0.013539802211464462
0,0,0.6790783854196256,0.31787898136943105,0.0030426332109432398
0,1,0.4254843711384905,0.5716717518370058,0.0028438770245037166
1,0,0.8105870523586685,0.18838164488526954,0.0010313027560621534
1,1,0.3522707475817408,0.6365204700602417,0.011208782358017502
0,0,0.6550972123852029,0.34255714718897645,0.0023456404258205762
1,1,0.2095699215740645,0.7736924119208717,0.016737666505063697
1,1,0.21980135589452002,0.772763841448414,0.00743480265706596
1,1,0.04765032705556129,0.9282109798072987,0.02413869313713999
1,1,0.06462331347556279,0.9034340364886344,0.031942650035802864
0,0,0.7444542062483358,0.25456424541795664,0.0009815483337075883
1,1,0.31281394590962613,0.6734504828905249,0.01373557119984894
1,1,0.2535766738891899,0.7384993964770542,0.007923929633755948
1,1,0.07022081424605536,0.9095562015353051,0.020222984218639606
0,0,0.6875626423940967,0.310616370177514,0.001820987428389448
1,1,0.1643168539306764,0.8225489791720757,0.013134166897248
0,1,0.3554025822564838,0.6357976555003888,0.008799762243127389
1,0,0.522225953307277,0.47273065324586244,0.005043393446860601
1,0,0.8982019825033344,0.10157887749407167,0.00021914000259394843
1,0,0.7869619767029767,0.21224378993726248,0.0007942333597607122
1,1,0.2966664991948843,0.6967735762208769,0.006559924584238889
0,1,0.1217389995292381,0.872483134345417,0.0057778661253447645
1,0,0.5315016286057155,0.4628602821841743,0.005638089210110268
1,1,0.09837240855656128,0.8863174806122075,0.0153101108312312
1,0,0.6614358719500283,0.33770835708533803,0.000855770964633741
1,1,0.27427048900852447,0.7007093175514976,0.025020193439977946
1,1,0.10210007310726432,0.8836506503802287,0.014249276512506832
0,0,0.7373139004136035,0.26124808035778135,0.0014380192286151817
0,0,0.5708682490945687,0.4272326143716174,0.0018991365338138723
0,0,0.6856262642349387,0.31337337758728623,0.0010003581777750787
0,1,0.47156727270294235,0.5221876802445048,0.006245047052552906
2,2,0.00305327833355207,0.16200263404645454,0.8349440876199933
1,1,0.2653891629978013,0.7212157218882637,0.013395115113935027
1,1,0.2653651569569615,0.7260173335623304,0.008617509480707997
1,1,0.032006273233137275,0.9262220014514083,0.04177172531545443
0,0,0.72464171062301,0.2738647916174608,0.0014934977595291402
1,1,0.09254507767267518,0.8621431276096615,0.045311794717663355
0,0,0.8054982850890251,0.1932837160230842,0.0012179988878907968
1,1,0.1706863957686369,0.8200256454248704,0.009287958806492719
1,1,0.15123817922953023,0.8430296371823641,0.00573218358810559
0,0,0.5029880153305453,0.4942035759505146,0.00280840871894017
2,2,0.009663152540566282,0.2368319278346726,0.7535049196247611
1,1,0.021527045901175126,0.8990331033085333,0.07943985079029171
0,1,0.34016442134678804,0.6534122771803134,0.006423301472898558
1,1,0.16716026490502597,0.8248606919562027,0.007979043138771465
1,1,0.09766019339728464,0.8697224306882644,0.03261737591445104
1,1,0.33095648960261387,0.6638840564841497,0.005159453913236329
1,1,0.48777617468658235,0.5090244892987866,0.003199336014631081
0,0,0.5512429401592159,0.44408616770617715,0.004670892134606983
0,0,0.6994358061042272,0.29900987192455775,0.001554321971215011
1,1,0.417200951478856,0.5789860053011898,0.0038130432199540466
0,1,0.13992985144279677,0.8449182284079639,0.015151920149239422
1,1,0.22483334513150066,0.7633594913666425,0.011807163501856852
2,2,0.0052910656988966335,0.33406104369572287,0.6606478906053805
2,2,0.00020146783921524627,0.07546873715572287,0.9243297950050618
0,1,0.09649050784147875,0.8803278649074947,0.02318162725102649
1,1,0.4519181333838917,0.5469809039880604,0.0011009626280477883
1,1,0.39047012822823707,0.6062977113191826,0.0032321604525802237
1,1,0.08579444455279585,0.8909022135297437,0.0233033419174603
1,1,0.028489798761345574,0.888107966726617,0.08340223451203732
0,0,0.7977524284363805,0.20163198493391923,0.0006155866297001012
2,2,0.008559003772151982,0.28876837179546055,0.7026726244323874
1,1,0.43936485594995184,0.5576518666081219,0.0029832774419260785
1,1,0.2892941851495021,0.7042226113305196,0.006483203519978311
1,1,0.19131611765370574,0.8027247954080096,0.0059590869382846684
0,0,0.7939556316868556,0.20564004184702708,0.0004043264661173502
1,2,0.005056447871895738,0.24619870769905422,0.74874484442905
0,0,0.8342874036873656,0.16516504580708632,0.0005475505055479946
0,0,0.8509540651846486,0.14861935039613636,0.00042658441921504894
1,1,0.05972993940010526,0.9118301623049408,0.028439898294953986
1,1,0.15437915217894327,0.8397217380008578,0.005899109820198867
0,0,0.8369502454113038,0.16275464447282803,0.0002951101158681404
1,1,0.11613468911579032,0.8224171801880669,0.061448130696142717
0,0,0.5978480318545611,0.39539749557437937,0.006754472571059494
0,1,0.2976062626527306,0.6941795603158629,0.00821417703140637
1,1,0.17834663298967887,0.7957105994033161,0.025942767607005108
1,1,0.18185860494455486,0.8082691428322102,0.009872252223235116
0,1,0.27022420318969764,0.7205878439737061,0.009187952836596215
0,0,0.5741253078531888,0.4218111138771637,0.004063578269647579
1,1,0.40070068445587,0.5953045083667398,0.003994807177390343
0,0,0.673882671139999,0.324901904409273,0.0012154244507280169
1,1,0.21176260156463686,0.7702221921639094,0.018015206271453626
1,1,0.4217069177485378,0.5752127031018729,0.0030803791495892913
0,0,0.8028731330142548,0.1948062512755752,0.002320615710169865
1,1,0.46385667552456655,0.5295814130662089,0.006561911409224511
2,2,0.030047736042083224,0.3984795597459717,0.5714727042119451
1,1,0.3684564300427026,0.626983808194696,0.004559761762601266
1,1,0.22904757567681402,0.7641110281582676,0.0068413961649184405
1,1,0.42928590048921517,0.5662483051642859,0.004465794346498952
2,2,0.02335245992048726,0.31212654654455535,0.6645209935349574
1,1,0.03424084645758236,0.9287054602051533,0.03705369333726445
0,1,0.40931192656683185,0.5821658046462114,0.008522268786956682
1,1,0.12310830147116471,0.855289682134223,0.021602016394612258
1,1,0.14243555002040661,0.8318345146902516,0.025729935289341775
1,0,0.5757650700048923,0.41982152894510794,0.004413401049999752
1,1,0.22601157233954877,0.7601026912892209,0.013885736371230271
0,0,0.8508288597844376,0.14854206671899498,0.0006290734965674529
0,0,0.5425066163273357,0.4528993770594642,0.004594006613200085
1,1,0.06720879313548521,0.887778434769694,0.045012772094820866
0,0,0.5689145897673517,0.42628569572305525,0.004799714509593019
1,1,0.07871160855010692,0.8898294622394426,0.03145892921045056
2,1,0.01017404570336118,0.851871673678144,0.13795428061849493
0,0,0.7846638782278792,0.21412202314550022,0.0012140986266206955
0,0,0.7753549716195844,0.22230836587926692,0.002336662501148579
1,1,0.04302814193971534,0.8985112946583673,0.05846056340191741
0,0,0.6302974455940779,0.3682250388266021,0.0014775155793200598
1,1,0.2803721536305125,0.709725130555,0.009902715814487435
0,0,0.5304421815607069,0.4682775000690723,0.0012803183702207856
1,1,0.3624447846547276,0.6264428268869889,0.011112388458283433
0,0,0.7088800368631937,0.29012369707968094,0.0009962660571254086
1,1,0.18721989570752656,0.8076962494848425,0.0050838548076308585
1,1,0.23573378450538127,0.7577521568021822,0.006514058692436472
0,0,0.5374682586477123,0.46017001237554933,0.002361728976738321
2,2,8.376787197595829e-05,0.02607023826457573,0.9738459938634483
1,0,0.8498772328877249,0.14945530314392733,0.000667463968347734
0,0,0.6601534376501597,0.338403592331328,0.0014429700185122419
0,0,0.8915084112131761,0.10825644081811964,0.0002351479687043575
1,0,0.596577982060471,0.40229003249514095,0.0011319854443879417
0,0,0.5784599152667752,0.4205541343119778,0.0009859504212470609
1,1,0.48034409810900897,0.5142230884035369,0.0054328134874540865
0,0,0.81695328172798,0.18244993113400043,0.0005967871380194665
0,0,0.6965429039751644,0.30169429046467905,0.0017628055601567293
0,1,0.17339463125691365,0.8138638431280606,0.012741525615025834
0,0,0.5391742707589335,0.4587865172390945,0.002039212001972006
1,0,0.7515746967309698,0.24706858879367438,0.0013567144753559236
1,1,0.16839181757806254,0.8212383890934004,0.010369793328536981
0,0,0.7039628519539101,0.2942137970115936,0.0018233510344962053
1,1,0.22843977989379374,0.7612164698528191,0.01034375025338709
1,1,0.40658223909536717,0.590787042202966,0.0026307187016668693
1,1,0.028072739810856732,0.4935652174118536,0.47836204277728955
0,0,0.8672262844047979,0.13221542134006292,0.0005582942551391682
1,1,0.022997540304677818,0.8853186407463345,0.09168381894898765
1,0,0.614621465675869,0.3834876748736838,0.0018908594504473137
1,1,0.2853087635862686,0.7075075273302086,0.007183709083522776
1,1,0.1789823748744393,0.8078408555665118,0.013176769559048956
0,0,0.6106331385184226,0.38782936435537435,0.0015374971262031435
1,1,0.22642927659857479,0.7593139670428506,0.0142567563585747
1,1,0.04637081808917769,0.9201528279064335,0.033476354004388885
0,0,0.5587981020774554,0.43880038399512494,0.0024015139274196724
0,1,0.23248347985223025,0.7513390353641813,0.01617748478358839
0,1,0.40029020020233214,0.5912101182409968,0.008499681556671041
0,0,0.7123761713251913,0.28639037978038795,0.0012334488944207393
1,2,0.03161356225563159,0.45028353524732245,0.5181029024970459
1,1,0.020567313535637424,0.917468247415326,0.06196443904903671
0,0,0.7982562511182787,0.2010237593822725,0.0007199894994487175
1,0,0.8616058367613308,0.13762107717398667,0.0007730860646823867
1,1,0.43573513764983585,0.5616196879001177,0.002645174450046462
0,0,0.8528342371249874,0.14654325699726345,0.0006225058777490692
0,0,0.5460879339316322,0.44876868942811865,0.005143376640249119
1,1,0.20214029015843432,0.7865684348984291,0.011291274943136602
0,1,0.38505313504088046,0.6100917163831122,0.00485514857600747
0,1,0.31928818256347374,0.668778084222625,0.01193373321390122
0,0,0.8227601635559845,0.1763728612034103,0.0008669752406051963
0,0,0.8421001251379545,0.15766346715666865,0.00023640770537687272
0,0,0.9307883609563845,0.06902028481278442,0.00019135423083108783
1,1,0.13534302731149409,0.8596867514437603,0.004970221244745783
0,0,0.8461903679722153,0.15283514151929067,0.0009744905084939786
1,1,0.03812901260317157,0.9285539633329996,0.03331702406382883
0,0,0.6344296963385276,0.36314432717793393,0.002425976483538281
2,2,0.00010834964070192835,0.008821762324863624,0.9910698880344344
1,1,0.41418917434647,0.5826435260112911,0.0031672996422387914
1,1,0.26415343378942624,0.7203913451163363,0.01545522109423745
0,0,0.5742287740104822,0.4217636367166166,0.004007589272901157
1,1,0.36546153656227187,0.6299553630909551,0.004583100346773043
1,1,0.2963790200468826,0.696950881232553,0.006670098720564362
2,2,4.660225164536139e-05,0.005686629322138757,0.994266768426216
1,1,0.23961444826520145,0.7356976372411823,0.02468791449361632
0,0,0.7670775588147188,0.2320543339506739,0.0008681072346071869
0,1,0.3301331700866263,0.665730442505036,0.004136387408337701
1,1,0.2769597818298044,0.7143683346669317,0.008671883503263911
0,0,0.595670219160948,0.40347333885194936,0.0008564419871025468
1,1,0.3289465878462305,0.6647718170335947,0.006281595120174877
1,1,0.10679679909116581,0.856958282553354,0.03624491835548009
1,1,0.4471590309277777,0.5486213786576083,0.004219590414614029
2,2,0.0006257543564657522,0.0853373384629878,0.9140369071805464
2,2,0.0008311465367532295,0.0897564025481596,0.9094124509150872
1,0,0.8292092037021389,0.1700967038631661,0.000694092434695068
1,1,0.17651788016748052,0.8074163762143142,0.01606574361820527
0,0,0.8430438725900515,0.1560661267569119,0.0008900006530365296
1,0,0.74301666530448,0.25630758093324063,0.0006757537622795153
0,0,0.685443621176882,0.3129823762915623,0.0015740025315557364
1,1,0.03885072221982008,0.9252237979318058,0.03592547984837408
0,0,0.5583031078739575,0.43993412414167465,0.0017627679843678814
0,1,0.4848122206279465,0.5102161196794175,0.004971659692635901
1,1,0.16312404720976129,0.8159297902874639,0.020946162502774767
1,1,0.07220918785380677,0.8932267839549286,0.03456402819126446
0,1,0.24036358784584577,0.7457749655654257,0.013861446588728496
1,0,0.865401667326184,0.13411693724202012,0.0004813954317958232
0,1,0.4698418039867115,0.5257469947043928,0.004411201308895786
1,1,0.02095069375716703,0.8339702749957608,0.14507903124707205
1,1,0.11017475765126764,0.8837521837983272,0.006073058550405186
0,0,0.7531395651092112,0.24583633276162714,0.0010241021291615855
0,0,0.7690210533351513,0.23043434983484515,0.000544596830003636
1,1,0.16035914774992074,0.806394767781138,0.033246084468941096
1,1,0.1652688107893233,0.8020664715581588,0.032664717652517855
1,1,0.3858744814153232,0.5926043673324576,0.021521151252219126
1,1,0.27743946551320614,0.7065634936539527,0.015997040832841106
1,1,0.16828830120526278,0.8227834167589939,0.00892828203574316
1,1,0.20668186805198288,0.7775773377593685,0.015740794188648675
0,0,0.6613645222313157,0.3376921308713885,0.0009433468972957291
1,1,0.05200585608338094,0.8818525792145487,0.06614156470207032
0,0,0.8645633923590097,0.13485026723297439,0.0005863404080160889
1,1,0.15778064562014055,0.8350478882300767,0.007171466149782563
1,1,0.1160491606941026,0.8761731903354971,0.007777648970400119
0,0,0.5147446629514286,0.48377104086806955,0.0014842961805018565
0,0,0.732439736064141,0.2665732809605335,0.0009869829753254135
1,1,0.08240083817515685,0.8811702870502597,0.03642887477458346
1,1,0.3366924258227752,0.6540004715811076,0.009307102596117047
0,1,0.4915160496266002,0.502848872229244,0.005635078144155695
1,1,0.2852818640924379,0.6991121575816317,0.015605978325930444
1,1,0.1759790598720065,0.8122199019189159,0.01180103820907771
0,0,0.6349581097893735,0.3629767356523648,0.0020651545582616912
0,0,0.6368432653476642,0.36017772262040754,0.0029790120319282696
1,1,0.08350950977726297,0.8878624871404703,0.02862800308226658
1,1,0.14923587084675288,0.8374337221115081,0.013330407041738969
1,1,0.26094952767987917,0.7263318864184364,0.012718585901684348
0,0,0.6141123127035725,0.38307702824045475,0.002810659055972741
1,1,0.16368758340372877,0.5675714816530064,0.26874093494326484
1,1,0.21368039624058893,0.7799294365899535,0.006390167169457487
0,0,0.7193905333355983,0.27921741135651995,0.001392055307881748
1,1,0.21846901008412092,0.7665963149026517,0.014934675013227471
0,0,0.8090997757953643,0.1903333721518758,0.0005668520527599406
0,1,0.23846569981284593,0.7351761809863118,0.02635811920084226
1,1,0.23485522131768663,0.7423606197522806,0.022784158930032716
1,1,0.16593710222320124,0.8122103581632591,0.021852539613539657
0,1,0.3966969816814013,0.5992589082136589,0.004044110104939747
1,1,0.26433472564424426,0.7279303349749416,0.007734939380814021
1,1,0.07120831468460048,0.9021690359637519,0.026622649351647727
1,1,0.22717487650006957,0.7650003882024642,0.007824735297466209
1,1,0.18524872500675216,0.8099067322842768,0.004844542708970942
1,1,0.4378609101483887,0.5539857682221028,0.008153321629508532
0,0,0.6445870902893155,0.3542793964196967,0.0011335132909878775
1,1,0.30030399540719344,0.6934953698648075,0.006200634727999087
1,1,0.3298324766904797,0.6648995516372036,0.005267971672316699
1,1,0.25565075708560037,0.733712607608801,0.01063663530559863
0,0,0.6119966893111072,0.3864567787486676,0.0015465319402254215
0,0,0.6982058145129693,0.30135384251162856,0.00044034297540215735
1,1,0.04690140930009027,0.9163196709286632,0.036778919771246525
1,1,0.13016673367550397,0.8520966342972751,0.017736632027220964
1,1,0.27405475870064366,0.707637765574588,0.018307475724768343
0,0,0.7564220737394957,0.24202244030504627,0.001555485955458132
1,1,0.47966006048862875,0.5172615186614151,0.003078420849956154
1,1,0.16329658753505308,0.8217600766887942,0.014943335776152597
1,1,0.20620358970753017,0.7854537582776157,0.008342652014854188
1,1,0.07822662233713047,0.8923503835884169,0.029422994074452542
1,1,0.16092813192590097,0.8328804979243087,0.006191370149790327
1,1,0.20576424331139925,0.7903202078281037,0.003915548860496967
1,1,0.11442242089719863,0.8635934791806642,0.02198409992213731
1,0,0.6457891879919618,0.3524397910352983,0.0017710209727398998
1,1,0.13853394231372296,0.8485219458784682,0.012944111807808679
0,1,0.4937802606393576,0.5037189541562608,0.0025007852043815396
0,0,0.9380527336839897,0.061853531635567637,9.373468044274817e-05
1,1,0.17125488596146712,0.8190455174638634,0.009699596574669477
1,1,0.07396526849912127,0.9099171152039485,0.0161176162969302
1,1,0.19095807399092718,0.7883923647061296,0.020649561302943265
0,1,0.48908072750003606,0.5075452695041629,0.0033740029958010016
0,0,0.7206328782730004,0.27894321638808195,0.00042390533891770984
1,1,0.2529690394604065,0.73873835754424,0.008292602995353452
1,1,0.06360853161272435,0.8898616044402338,0.04652986394704199
0,0,0.7937827575127172,0.2051858784173488,0.0010313640699340205
1,0,0.523907851865523,0.4720803257327076,0.004011822401769351
0,0,0.7324465865750918,0.26569875862789366,0.0018546547970145692
0,0,0.7149090138852442,0.2839715087994545,0.0011194773153013376
1,1,0.05558135941887756,0.923071106416678,0.02134753416444431
2,2,0.004441245007871867,0.22062759097091186,0.7749311640212162
1,1,0.3625261112098759,0.6315059912224678,0.0059678975676564295
0,0,0.5110403871566284,0.4857937150235393,0.0031658978198323027
0,0,0.7193679790116818,0.2786989551345592,0.0019330658537589538
0,0,0.5421887800343665,0.4532711328183609,0.004540087147272581
1,1,0.03025600250425815,0.9110369757410219,0.05870702175471988
1,1,0.32945731903817765,0.6663602528939606,0.004182428067861757
1,1,0.4549722201412055,0.5411460826050724,0.0038816972537221916
0,0,0.7350013837004129,0.2641359754863611,0.0008626408132259716
1,1,0.0722280677873832,0.9052229657916523,0.02254896642096453
0,0,0.7432260234052107,0.25551784712740166,0.0012561294673876975
0,0,0.8842879181182561,0.1153620559411269,0.00035002594061697375
1,1,0.028923632716660767,0.501672124054033,0.46940424322930613
1,1,0.0957648482876,0.8840450951017932,0.02019005661060672
1,1,0.3325645077247391,0.6528152991340461,0.014620193141214778
2,2,0.006499377748344886,0.2892173833379245,0.7042832389137307
1,1,0.42903325338777165,0.5669249024036541,0.0040418442085741295
1,0,0.7692427165835389,0.22898866237836923,0.0017686210380917153
0,0,0.5231015736443918,0.4739916242226745,0.0029068021329336294
0,1,0.30220370879634406,0.6916131015952668,0.006183189608389286
1,1,0.299911979723185,0.6951982209960362,0.004889799280778934
0,1,0.4281154818038638,0.5611516906838353,0.010732827512301011
1,1,0.22628733767421882,0.7657177895562695,0.007994872769511802
1,0,0.6823148182006443,0.3158150514797182,0.0018701303196373982
1,1,0.060386067511041835,0.9141290982006772,0.025484834288280897
1,0,0.6847261635525886,0.3141936728272501,0.0010801636201612432
1,1,0.0730825365042873,0.8947916791230649,0.032125784372647806
2,2,0.002422343510393657,0.1565680102716582,0.841009646217948
1,1,0.15981343861547603,0.8278750757124715,0.012311485672052471
1,1,0.05291247306126505,0.8747432910897772,0.07234423584895788
1,1,0.20460489639639137,0.7886249588837184,0.006770144719890101
1,1,0.08097020052774132,0.8578195642877925,0.061210235184466236
0,1,0.08389021821971607,0.8967589497664873,0.019350832013796664
0,1,0.34334472419612017,0.6536223629971591,0.0030329128067206656
1,0,0.5819841397381296,0.41523504682943224,0.0027808134324382046
0,0,0.7030174739404653,0.29513177880864055,0.0018507472508941488
1,1,0.06313502491404473,0.9108101538652997,0.026054821220655545
1,1,0.04722015844010085,0.9267840649697227,0.02599577659017643
0,0,0.8385008855636393,0.16126345197820213,0.00023566245815863468
1,1,0.033642348279430676,0.4928504652134343,0.47350718650713497
0,0,0.8285501991913332,0.171229567260345,0.00022023354832166495
0,0,0.611353099613354,0.3875439396693929,0.0011029607172529483
0,1,0.30522977218678127,0.6846116376102258,0.010158590202992965
1,1,0.3608926735399871,0.6347524369681966,0.00435488949181626
1,1,0.46924009277604345,0.5271402426391509,0.0036196645848056903
1,1,0.25254160357931427,0.7339390163733377,0.013519380047348187
0,0,0.7426625611718963,0.25543402861260794,0.001903410215495657
0,0,0.8543905695522974,0.14537327292185992,0.0002361575258426417
1,1,0.33860676124732864,0.6477413137826568,0.013651924970014682
0,0,0.8174871910072259,0.1823378664142538,0.00017494257852026414
1,0,0.5812072017433649,0.4170614073434407,0.0017313909131944397
0,0,0.730850588037632,0.26778940129230216,0.0013600106700658841
1,1,0.16212957905466333,0.8210466010708785,0.016823819874458294
0,0,0.7243707809054934,0.2743683526857355,0.0012608664087710411
1,1,0.25155682454278344,0.7404626416299667,0.007980533827249876
0,0,0.9197875178149543,0.07971558517545316,0.0004968970095926813
1,1,0.16453585345728985,0.8147355970639051,0.020728549478805005
1,1,0.07363202602432338,0.9092140479012343,0.017153926074442435
1,0,0.7465119007794835,0.2529052553862592,0.0005828438342574104
0,0,0.5681130539063703,0.42846163685296135,0.003425309240668324
1,2,0.009463750003996563,0.38862201713901917,0.6019142328569843
1,1,0.2972709349833105,0.6981379276630325,0.004591137353657114
0,1,0.3328732649962719,0.6605863081963332,0.006540426807394714
0,0,0.7482870157361607,0.24890363108791483,0.002809353175924502
0,0,0.9223854333682736,0.0772643999583018,0.00035016667342448643
0,1,0.23363819480006898,0.7541521718851755,0.012209633314755422
0,1,0.05463683872500601,0.9150330917744762,0.030330069500517785
1,1,0.3276356628515531,0.6655629038039876,0.00680143334445926
1,1,0.2832380230872172,0.6973415889777828,0.019420387935000057
1,1,0.17042269527745266,0.8226175875533112,0.006959717169236149
0,1,0.06601382047756998,0.9098953074865156,0.02409087203591453
0,0,0.670639470387641,0.32848179859207344,0.0008787310202855405
1,1,0.19537816441167796,0.7826902993597278,0.021931536228594273
0,1,0.23895279493041371,0.7438823160878402,0.017164888981746097
0,0,0.6849596847267874,0.31391567665746456,0.0011246386157480086
1,0,0.5510401074593207,0.44803844272995175,0.0009214498107275017
1,2,0.009938089402083424,0.347241323376696,0.6428205872212206
0,0,0.6224186855450575,0.37504104347953665,0.002540270975405857
0,1,0.36369225423892837,0.6296505146099214,0.006657231151150126
0,0,0.726426194955577,0.2724359471002447,0.00113785794417818
1,1,0.12152399062868317,0.8736634595781871,0.004812549793129745
1,1,0.06412849671092608,0.895142663478711,0.04072883981036295
1,1,0.4692931297436843,0.5245645603515899,0.006142309904725772
0,1,0.11341592134649003,0.8720532433072794,0.014530835346230678
2,2,0.0006608008606942593,0.10937214177246815,0.8899670573668377
2,2,0.0018626220649050754,0.2588345407393205,0.7393028371957744
1,1,0.47687075309523214,0.5170568234182379,0.006072423486529947
1,1,0.4303242091305681,0.5652398812710864,0.0044359095983454635
0,0,0.7422369657429425,0.25620692190572625,0.0015561123513313574
0,0,0.8861891075415357,0.11311510874157285,0.0006957837168914783
1,1,0.3986222931807717,0.5953047163981632,0.006072990421065142
2,1,0.05263334888842762,0.5645312593522983,0.38283539175927406
1,1,0.1403275121088483,0.850381104079215,0.009291383811936747
1,1,0.1935559080057407,0.8019690735520799,0.004475018442179337
1,1,0.07604334145208165,0.5193631370836904,0.404593521464228
2,2,0.0007998707493044029,0.22446092459863742,0.7747392046520581
1,1,0.09405596743343504,0.8694311616582674,0.03651287090829764
0,1,0.420442018607644,0.569096406204702,0.010461575187653924
0,0,0.7130241690805302,0.28593098879743656,0.001044842122033329
0,0,0.718964720554823,0.28047846702625917,0.0005568124189178532
0,0,0.7796356478638249,0.2196190674675087,0.0007452846686663929
1,1,0.2924792904360942,0.6999409150254342,0.007579794538471457
1,1,0.04892115941763449,0.9323973044600201,0.018681536122345504
1,1,0.4139994186825064,0.5813946652451409,0.004605916072352679
1,1,0.24256969202332532,0.7474790094752963,0.009951298501378247
1,1,0.23971203023837492,0.7558784320602401,0.004409537701384869
1,2,0.012825535515958686,0.4011285362985096,0.5860459281855317
1,0,0.5631216677229998,0.4354033201295493,0.0014750121474509026
1,0,0.5538416665181226,0.4397863868623562,0.006371946619521024
1,1,0.3089993820800406,0.6852469729768234,0.005753644943136155
0,0,0.6836087254073658,0.3140143078868928,0.0023769667057412826
0,1,0.33954588651072504,0.648939053391559,0.011515060097715869
1,0,0.8722071261941274,0.12719353663564384,0.000599337170228709
0,0,0.9122231420539296,0.08753433677730331,0.00024252116876704251
0,0,0.739163840113555,0.25938201799345073,0.0014541418929942844
1,1,0.14194953756350362,0.8229663057030672,0.035084156733429114
1,1,0.19130817616927337,0.7841596046937145,0.02453221913701223
0,0,0.8230070876865171,0.17626388822892178,0.0007290240845610206
0,0,0.5154247046122039,0.482716016884122,0.0018592785036741567
1,0,0.6058149112767229,0.3922465674582392,0.001938521265037801
1,1,0.1991811385325595,0.78351679991472,0.017302061552720592
1,1,0.19436614446821115,0.7988439727064383,0.006789882825350554
0,0,0.793096104012882,0.20570034866082765,0.0012035473262903625
1,1,0.32441147657890784,0.6710021294966464,0.004586393924445762
1,0,0.6161532193892142,0.382713627589618,0.0011331530211678969
0,0,0.5361477965537912,0.46143400085098923,0.0024182025952195615
1,1,0.295206634078601,0.6914924282679497,0.01330093765344933
2,2,6.163167768416136e-05,0.009189193387304489,0.9907491749350112
1,0,0.8935224379962635,0.10613701168302812,0.0003405503207084013
0,1,0.17648887913380687,0.7998756566988613,0.023635464167331886
2,1,0.020627494728095636,0.7052301510665799,0.27414235420532446
1,0,0.5293024225534668,0.4679864904508347,0.0027110869956984895
1,1,0.4589710269914625,0.5368850634478998,0.004143909560637712
0,0,0.6210262679816841,0.3774629852190531,0.0015107467992627646
1,1,0.17246822345073268,0.8111298309921852,0.01640194555708222
1,1,0.05529269325067308,0.9184479934343608,0.026259313314966115
1,1,0.43085164396378517,0.5622818263934299,0.0068665296427849465
1,1,0.1334508541610489,0.8286380728248637,0.03791107301408748
0,0,0.9029636710726741,0.09674969745270892,0.0002866314746170256
1,1,0.4016607165375291,0.5950910379723844,0.0032482454900865923
0,0,0.7498873216909826,0.24934904293754973,0.0007636353714677597
2,1,0.08930779715943388,0.8657369374842362,0.04495526535632982
0,0,0.5669480633920418,0.42952788939289244,0.0035240472150657757
1,1,0.13984639290372572,0.8353927909085783,0.024760816187695864
0,0,0.6353248444355607,0.36354566069372707,0.001129494870712342
1,0,0.6247917033629212,0.37393829687086005,0.0012699997662186833
0,0,0.745954365214477,0.2530700393619079,0.0009755954236151876
1,1,0.12233088169215449,0.8597683639054593,0.017900754402386327
1,1,0.2226151911356359,0.7704664497933651,0.006918359070998984
0,0,0.8876749713756523,0.11180569807606784,0.0005193305482797714
1,1,0.17121223009131484,0.8053250052708815,0.02346276463780365
0,0,0.9034758799994533,0.09594792305155947,0.0005761969489873345
1,0,0.5324334795932589,0.4654531644722906,0.0021133559344504887
0,0,0.6890638737249755,0.3095882695924857,0.0013478566825388943
1,1,0.2910754171252557,0.7005219005151154,0.008402682359628908
0,1,0.4809904373364158,0.5141696830380862,0.004839879625498093
0,0,0.8460620120162656,0.15321646506736833,0.0007215229163660503
0,0,0.906125945599153,0.09358236517283809,0.0002916892280088323
1,1,0.4476428217971746,0.549754537580703,0.0026026406221223643
1,0,0.7126494683643056,0.2864636423865539,0.0008868892491404106
1,1,0.04010329122811388,0.9101483763786399,0.04974833239324613
0,0,0.6204728538099635,0.37619626021940494,0.0033308859706315105
1,1,0.1873373735012628,0.7919419181263273,0.020720708372409854
0,0,0.7021358594445545,0.2967712971322638,0.0010928434231815577
0,0,0.6637094750931299,0.333846250995912,0.0024442739109581594
0,1,0.15321530525084887,0.8224430264654264,0.024341668283724603
1,1,0.08635066472520271,0.8929094067170554,0.020739928557741726
1,1,0.42633585455394674,0.5717698958474299,0.0018942495986232855
0,1,0.1723729873216836,0.8114813224527826,0.01614569022553396
1,0,0.6854649230521658,0.3123333196199144,0.00220175732791985
1,1,0.30127027211779195,0.687322212338958,0.011407515543250094
0,0,0.9272837545202479,0.07253279823582366,0.00018344724392860634
0,0,0.6388046443232173,0.358024464739093,0.0031708909376898108
1,0,0.8318159156762958,0.16723204909014192,0.0009520352335624413
0,0,0.6859357863173671,0.3121375198468199,0.001926693835812877
1,0,0.7388544606410893,0.2605199559036179,0.0006255834552927608
0,0,0.6951456300182297,0.3030270905638338,0.001827279417936453
0,0,0.8208500915426166,0.17874986741340065,0.00040004104398273067
0,0,0.7947745988847268,0.20406893708397816,0.0011564640312949851
1,0,0.5204390789288128,0.4712995185943609,0.008261402476826355
1,1,0.4885647370832329,0.5057646066782888,0.005670656238478192
0,0,0.6876073541781156,0.3103621526440376,0.002030493177846748
0,0,0.7386452463172465,0.25850668284329265,0.0028480708394607907
1,0,0.628986454649278,0.3692661776642207,0.0017473676865013097
1,1,0.21430125720092857,0.7784459736512118,0.0072527691478596655
1,1,0.248941833306969,0.7443853791675444,0.0066727875254867
0,1,0.40438022797393364,0.5827514461605723,0.012868325865494084
1,1,0.06017470263354603,0.9136620005076873,0.026163296858766588
1,1,0.42951970480556895,0.5620173597664793,0.008462935427951793
0,1,0.43592806592195643,0.5582878068115886,0.005784127266455019
1,1,0.37226202693371196,0.6179983438903314,0.009739629175956688
1,1,0.14902082199784555,0.8104446558764934,0.04053452212566098
1,0,0.8558927727563199,0.14367984310818563,0.0004273841354943958
1,1,0.072231751273614,0.9009021470111716,0.026866101715214506
1,1,0.3354086022476025,0.6573062454340323,0.007285152318365275
0,0,0.9451444890583864,0.054804856313436526,5.065462817703491e-05
1,1,0.2877244674831102,0.7052520081562103,0.007023524360679548
1,1,0.2390565131580474,0.7539175921930599,0.007025894648892745
0,0,0.8213645582276932,0.17804164478032336,0.0005937969919833707
1,1,0.27737201844864545,0.7127902918396327,0.009837689711721795
1,1,0.030726546565458285,0.5205716643552445,0.44870178907929725
0,0,0.5274742694294657,0.4696309876547621,0.0028947429157722415
1,1,0.4969824294921075,0.5000554888194669,0.002962081688425517
1,1,0.4559749348704636,0.5402697245990072,0.0037553405305291525
1,1,0.1669721274270051,0.8197992999398299,0.013228572633164895
1,1,0.10248196776355052,0.8802252950538731,0.017292737182576526
1,1,0.04268958712883558,0.9054095231069714,0.05190088976419305
1,1,0.20465906947919996,0.7841980659354434,0.011142864585356745
1,1,0.2253895522290271,0.7662684671116966,0.008341980659276249
0,0,0.7722218464889478,0.22564500607003715,0.002133147441015106
0,0,0.8724692893307809,0.12693337940777283,0.0005973312614462609
1,1,0.024284180438193942,0.8993852727398249,0.07633054682198125
0,0,0.7958385135852278,0.20383324788827875,0.00032823852649344515
0,1,0.32395853686630205,0.6642630882321712,0.01177837490152683
1,1,0.04896561677952861,0.9041880721241569,0.04684631109631465
1,1,0.036029858431575676,0.9102864086225927,0.05368373294583156
2,2,0.00021119831113522783,0.13638154715881756,0.8634072545300472
1,1,0.2031732211266733,0.7810906597634972,0.015736119109829416
0,1,0.4843256494027941,0.5136434925080032,0.0020308580892027623
1,1,0.19829914732934978,0.7882139701450682,0.013486882525582103
0,1,0.29334453290136386,0.7002028409305681,0.00645262616806796
0,1,0.33987783339956945,0.6535399129458562,0.006582253654574217
1,1,0.11643168364768783,0.8528919921374667,0.030676324214845483
1,1,0.10122722917794089,0.8783982921414499,0.020374478680609067
1,1,0.4003150143184101,0.5926597381210467,0.007025247560543313
0,1,0.42591789841899164,0.5644699695051877,0.00961213207582073
1,1,0.17406101482272088,0.8167509072325747,0.009188077944704469
1,1,0.41582903475927935,0.5805817011144844,0.0035892641262362155
0,0,0.888479732802003,0.11125379892696154,0.0002664682710354429
0,1,0.48346730632903534,0.5114241003277721,0.005108593343192635
1,1,0.18647992781926026,0.7917692385413437,0.02175083363939605
1,1,0.1317324085231674,0.8282884703619201,0.03997912111491237
1,0,0.5755076107209487,0.42005161815190695,0.0044407711271443
1,1,0.08119850624475486,0.8924542525629133,0.026347241192331883
1,1,0.04715329713419553,0.8841153590882366,0.06873134377756784
1,1,0.1800605452089394,0.8076889145443037,0.012250540246756888
0,1,0.29488767671943417,0.6994723876278696,0.00563993565269616
0,0,0.6611846388211499,0.33721456492671903,0.0016007962521310864
1,1,0.3292543698046879,0.6639718330724131,0.006773797122898854
0,0,0.5653007678208937,0.4294005885411489,0.005298643637957527
1,1,0.1178742048375678,0.8638702631003298,0.018255532062102505
1,1,0.19506972634766123,0.7929924699916374,0.011937803660701284
1,1,0.21050694876011736,0.7832270289041654,0.0062660223357170934
0,1,0.4630719810782456,0.5338656443789233,0.003062374542831237
0,1,0.258411541846896,0.7328185145918219,0.00876994356128197
0,0,0.6062439921148952,0.39278736949416987,0.000968638390934888
1,2,0.00963793782399375,0.3940068633258055,0.5963551988502007
0,0,0.5578814193498796,0.43762525104192995,0.00449332960819046
0,1,0.48038346065195375,0.5151035479984684,0.004512991349577963
1,2,0.010789267278938952,0.3166491150320276,0.6725616176890334
0,0,0.7660072391271536,0.23341579192231507,0.0005769689505313962
0,0,0.8928060952044149,0.10687521706943218,0.00031868772615282874
2,2,0.00407742291868312,0.25021574408816843,0.7457068329931484
1,1,0.44779818047772896,0.5499234959244562,0.0022783235978147995
2,2,0.034606890175865726,0.31562884832379556,0.6497642615003386
1,1,0.4851071530222153,0.5098221083706359,0.005070738607148829
1,1,0.31417858925462383,0.6757899135684825,0.01003149717689381
1,1,0.026360663323015506,0.8808613096128385,0.09277802706414608
1,1,0.11983168145568382,0.8654838323357887,0.014684486208527409
0,0,0.7080023704619651,0.2911928742224799,0.0008047553155549311
2,2,0.0009276944998314227,0.18742260608017514,0.8116496994199935
1,1,0.22763671634914442,0.7606186306347056,0.011744653016149954
1,1,0.43458373600884703,0.5564438892441287,0.008972374747024316
1,1,0.3404330434999423,0.6510438022801459,0.00852315421991168
1,1,0.3277863183845546,0.666508652379254,0.005705029236191366
0,0,0.6554073329138134,0.3412831445044643,0.0033095225817222494
1,1,0.12370788058960719,0.8489740463905321,0.027318073019860792
2,2,0.00042600069861194976,0.06796961094027767,0.9316043883611104
1,1,0.22014534663459465,0.7687004200514317,0.011154233313973687
0,1,0.39354336795596445,0.5996812661254568,0.006775365918578847
1,1,0.1479668672724411,0.846962195116023,0.005070937611535824
0,0,0.6123060605302907,0.3850376963637634,0.002656243105945887
1,1,0.214917317332596,0.7668023543495112,0.01828032831789284
1,1,0.07558903515766852,0.8400715912512121,0.08433937359111941
0,0,0.8623918462204072,0.13692627919289135,0.000681874586701497
0,0,0.7188247525769245,0.2803537165827611,0.0008215308403144324
1,1,0.2701602712929583,0.7262449951698181,0.003594733537223629
0,0,0.6446384394639044,0.35335833412090084,0.002003226415194858
0,1,0.46220291724547863,0.5351759095733309,0.002621173181190407
0,0,0.8275360198296825,0.1715948848615178,0.0008690953087997606
1,1,0.40035587619612184,0.5959982873599536,0.003645836443924634
0,1,0.4966584369779251,0.4998244459522492,0.003517117069825756
0,0,0.5828719268030548,0.41520493586154633,0.0019231373353989399
0,0,0.7627638530225384,0.23623720614655513,0.000998940830906516
0,0,0.6434204059404817,0.35426119411529544,0.00231839994422287
1,1,0.3210223917169712,0.6634433996276882,0.015534208655340557
2,2,0.00046938506728656505,0.07680052412960164,0.9227300908031117
2,2,3.7486151840469786e-06,0.00711396554777651,0.9928822858370395
0,0,0.9143914818678394,0.08541308602066786,0.0001954321114927004
0,0,0.7686083420302099,0.2299128946377604,0.0014787633320298029
1,0,0.9237663109729085,0.07595279447492292,0.00028089455216873663
0,0,0.6673400636965126,0.3313450601974654,0.0013148761060219865
1,1,0.17910487135694364,0.8130825023875693,0.007812626255487105
0,0,0.5582182250867549,0.43984852364302235,0.0019332512702227743
1,1,0.2321344088068954,0.7609690506100352,0.006896540583069301
0,0,0.5884852043116333,0.4100325943996516,0.0014822012887150732
0,0,0.8256168518336423,0.17396158772416953,0.00042156044218827235
1,1,0.04261430553634184,0.916419813343227,0.04096588112043128
0,0,0.5085442706183265,0.48527453858405567,0.006181190797617697
0,0,0.8882346529120053,0.11124481799751693,0.0005205290904777921
0,0,0.85764391000645,0.14181344664537546,0.0005426433481746562
2,2,0.0011478609733163775,0.15436117837601487,0.8444909606506688
0,0,0.7696340115871744,0.22943232159906055,0.000933666813765094
2,2,0.006847204283269475,0.40869258322768987,0.5844602124890408
0,0,0.6717443477580449,0.32754340292525636,0.0007122493166987964
0,0,0.8150276957438456,0.18400972386719966,0.0009625803889546786
0,2,0.035240520223839195,0.4568812472379184,0.5078782325382424
0,0,0.5435880034268659,0.4541197747053622,0.0022922218677720054
0,1,0.46340839126811595,0.5319030726994262,0.004688536032457843
1,1,0.45675479394722546,0.537466282581185,0.005778923471589394
0,1,0.4652840239720168,0.5319386481729187,0.0027773278550645313
0,0,0.7448873504982114,0.25325791222564814,0.001854737276140432
0,0,0.7469594006319521,0.2514283062062559,0.001612293161792116
1,1,0.18282445491212346,0.8011623217738255,0.016013223314051164
0,0,0.7690907534036647,0.22932154708362815,0.0015876995127070612
1,0,0.6231516492071197,0.37175612973436234,0.005092221058518038
0,1,0.4977780174853281,0.500507747999106,0.0017142345155658713
0,1,0.2282177815921449,0.764286084642457,0.007496133765398121
0,0,0.57434669447571,0.42118506355496727,0.004468241969322679
1,1,0.20098109049789747,0.7827986212179512,0.01622028828415139
2,2,0.0017836516150048886,0.18150894254443659,0.8167074058405587
1,0,0.5154283036990505,0.480201095017639,0.004370601283310569
1,1,0.24861706160846503,0.7400385431238046,0.011344395267730373
0,0,0.7259552419166653,0.2725406992859009,0.0015040587974338375
0,0,0.7432198986742266,0.2552675259935002,0.001512575332273256
1,1,0.45345091762940826,0.5381484250021795,0.008400657368412143
2,2,0.0015759156373488792,0.16869275681409043,0.8297313275485607
1,1,0.20511092344564155,0.7860572044794735,0.00883187207488484
0,1,0.3450511120943015,0.6483197653998256,0.006629122505873063
0,0,0.7598132843993467,0.238930457290936,0.001256258309717353
1,0,0.8683929144743823,0.13093459243567546,0.0006724930899423352
1,1,0.4582271792507145,0.5386654231435125,0.003107397605773027
0,0,0.9326571947186034,0.06719198826130819,0.0001508170200883685
0,0,0.5560536179038689,0.44095042376565047,0.0029959583304806046
0,0,0.6667309836968227,0.33021365493675403,0.003055361366423229
1,1,0.07555992453765617,0.896822358590255,0.027617716872088725
0,0,0.7615783580607023,0.23775612735806162,0.0006655145812362578
1,1,0.2159917126381006,0.7624954811959165,0.021512806165983018
2,2,0.007290265022400985,0.24761154052515066,0.7450981944524483
0,0,0.5944320435054341,0.4011559079106558,0.0044120485839101095
1,0,0.545714932325206,0.44992268379946904,0.004362383875325019
0,0,0.658565996990731,0.3395375150066406,0.0018964880026282709
0,1,0.41034800553232437,0.5839199504674198,0.005732044000255815
0,0,0.7849072814630463,0.2143133473065459,0.0007793712304077374
1,1,0.06844181148056358,0.8946209473690734,0.036937241150363107
1,1,0.03629484335470014,0.9302513168580832,0.033453839787216576
1,2,0.011679355548925014,0.3930638168255727,0.5952568276255022
0,0,0.5907398060255289,0.4071571296295918,0.0021030643448793625
0,0,0.7226941163580749,0.27564878835342477,0.0016570952885003197
0,0,0.5668944189593457,0.4289256308723838,0.004179950168270519
0,0,0.5974749298549556,0.4013693286736806,0.0011557414713637452
0,0,0.9284096989623687,0.07139416747656871,0.0001961335610626377
0,0,0.821783531641853,0.1775304562502742,0.000686012107872904
0,1,0.051974518714440296,0.9259667168937558,0.022058764391804028
1,1,0.20255038013229879,0.7901197747903403,0.007329845077360827
2,2,0.00592746663103937,0.2600865407375807,0.73398599263138
1,1,0.2382985511528096,0.7519942680224354,0.009707180824755001
0,1,0.08958382392456563,0.8846433651541186,0.02577281092131567
0,1,0.14040338724052728,0.852361485946522,0.007235126812950859
1,1,0.3341684723515399,0.6599593486180935,0.005872179030366493
0,0,0.8712800267309992,0.12795312639605952,0.0007668468729411796
0,0,0.6461014430442855,0.3519763931535663,0.001922163802148171
1,1,0.13639252494261728,0.8413164793102892,0.02229099574709355
1,1,0.17469534607238518,0.8038213415305719,0.021483312397042955
0,0,0.7469077246666589,0.251122166504547,0.001970108828793954
2,2,0.0003230784317476819,0.1003138278809463,0.8993630936873059
1,1,0.08059316437037595,0.8955223562493404,0.02388447938028367
0,0,0.5943618060324721,0.4038506544548707,0.0017875395126571603
2,2,0.00473930981790145,0.47295783712463535,0.5223028530574632
2,2,0.031535906239940244,0.4177737913282349,0.5506903024318248
1,1,0.06320277373403699,0.8567463460941691,0.0800508801717939
0,0,0.5659067926124294,0.4327746922555606,0.001318515132010059
1,1,0.3250385183542701,0.6715877948038087,0.0033736868419212114
1,0,0.5007569933899912,0.496387090980651,0.0028559156293577774
1,1,0.14636565465594745,0.8226271154498009,0.031007229894251732
0,0,0.6911643135772931,0.30755671342257024,0.0012789730001365911
2,2,0.00026304899671863264,0.0740574318399134,0.925679519163368
1,1,0.10566212485383081,0.8652959490154223,0.029041926130747
0,1,0.040966398924100075,0.9271567182316293,0.03187688284427074
1,1,0.34983402331121716,0.6407568645383886,0.009409112150394378
1,1,0.2855930703618899,0.702925132264536,0.011481797373574064
1,0,0.5408549895548262,0.44859407877464313,0.010550931670530547
0,0,0.5104480423717372,0.4875484756829471,0.002003481945315621
1,1,0.05969793403226048,0.8578858560253515,0.08241620994238805
1,1,0.06829102707416647,0.9149869847690648,0.016721988156768584
1,1,0.2712879104400438,0.7197133726128908,0.008998716947065392
1,0,0.8309995786537244,0.16827505869558584,0.0007253626506896355
2,2,3.451885581655227e-06,0.006821800406039014,0.9931747477083793
1,1,0.14013964318567873,0.8461509998672111,0.013709356947110209
1,1,0.053662631616251594,0.9183860770934604,0.02795129129028795
1,1,0.2021174989066458,0.7918350882646208,0.006047412828733451
1,0,0.7335889208542541,0.2653740654395254,0.0010370137062204932
1,0,0.8417217871100517,0.1576766862125787,0.0006015266773696315
1,1,0.3859525892485507,0.6119694867831685,0.0020779239682808107
0,1,0.12346804358031127,0.8612980718322003,0.015233884587488443
1,1,0.060048424972850345,0.8615520074920595,0.07839956753509025
1,1,0.13205847206026755,0.8486999878962973,0.01924154004343536
1,1,0.2670349767359242,0.7203105309403366,0.012654492323739228
0,1,0.38026087500542166,0.61321656303303,0.006522561961548359
0,0,0.8656803134001398,0.13378627485654923,0.0005334117433109262
1,1,0.321608283335872,0.6690318624481135,0.009359854216014516
0,0,0.5805817661068023,0.41716561975351363,0.0022526141396840872
1,1,0.2775717204881039,0.7156677156943222,0.006760563817573807
1,1,0.032499206764011794,0.9096002741531268,0.05790051908286143
1,1,0.18653611429565622,0.7928404738952815,0.020623411809062284
1,1,0.12983007018657025,0.838621490518388,0.031548439295041794
1,1,0.016992217484217156,0.6670268861853461,0.31598089633043674
1,1,0.35410153887903995,0.6366036130330998,0.009294848087860443
0,0,0.6622160486823684,0.3369317876669175,0.0008521636507142356
1,0,0.6860164875519853,0.3130253934004627,0.0009581190475521598
0,1,0.17946381564690678,0.8072854399410987,0.013250744411994569
0,0,0.7836220681906061,0.2154919513896656,0.0008859804197283192
1,0,0.6301683478907707,0.3680940800233748,0.001737572085854442
1,0,0.5484211031889338,0.44909315253951837,0.002485744271547942
0,0,0.8368971513216026,0.1621742082486047,0.0009286404297928414
0,1,0.25814011498224265,0.7368566540005301,0.005003231017227228
1,1,0.05420496609260905,0.9188331143529405,0.0269619195544505
0,0,0.7213350058664727,0.2779890281237921,0.0006759660097350486
2,2,0.0018272486807727462,0.20721999526747362,0.7909527560517536
1,1,0.12994862492359266,0.8485921418537289,0.021459233222678304
0,0,0.7809551822253408,0.21862360023306487,0.00042121754159449445
0,1,0.48070008620073923,0.5146712600673319,0.0046286537319288786
1,1,0.32256900074895295,0.6696212172944745,0.007809781956572587
1,1,0.08551989082872251,0.8830057181992959,0.03147439097198162
1,0,0.8855074273285829,0.11433222830028787,0.00016034437112923347
0,0,0.8498464824615519,0.1494952908241193,0.0006582267143286939
1,1,0.30851081499730915,0.6845460710628906,0.006943113939800287
1,1,0.38486992424480143,0.6065769147901772,0.00855316096502139
0,1,0.4484386456114254,0.5460473096989552,0.0055140446896193825
0,1,0.4328471357495198,0.5613211620564945,0.0058317021939857435
1,1,0.27610162417286976,0.7191040976759009,0.004794278151229234
1,1,0.32115841049159083,0.672285045737434,0.006556543770975175
1,1,0.0941953863226517,0.8868276995437806,0.018976914133567613
0,0,0.8099596805085097,0.18933832112638224,0.0007019983651079076
1,1,0.23083645714971296,0.7596258647471692,0.009537678103117848
0,1,0.061118646173122876,0.9114393589328177,0.027441994894059397
1,1,0.15544507175819572,0.8348107349638987,0.009744193277905712
1,1,0.47364469025494416,0.5212725623491791,0.005082747395876795
0,0,0.6819979292547025,0.3163194835899813,0.001682587155316328
0,0,0.720914954181256,0.27864854079632406,0.0004365050224200066
1,1,0.20482840297519742,0.7875667282912768,0.0076048687335257764
1,2,0.012722942677817001,0.3390703022360344,0.6482067550861486
1,0,0.6444458254575764,0.3544591847331695,0.0010949898092539553
2,2,0.000372544888449315,0.05093229862107246,0.9486951564904783
1,1,0.1502241692841733,0.813143189342396,0.03663264137343054
1,0,0.5910540556983495,0.40609627714060226,0.002849667161048184
0,1,0.2627652547333596,0.7289000717440083,0.008334673522632043
0,0,0.8098977899504923,0.18953132344293133,0.0005708866065763542
0,0,0.7147703485512069,0.2842085600185518,0.001021091430241169
1,1,0.32906074576446737,0.6665915937431823,0.004347660492350271
0,1,0.4416893236442667,0.5568135934873479,0.0014970828683852815
1,1,0.11154433616003832,0.8761128936716477,0.012342770168314095
1,1,0.19793204160362293,0.7944218301261112,0.007646128270265837
1,1,0.1718614114057452,0.8038706776940798,0.02426791090017504
0,0,0.5347037139725964,0.46335922934444257,0.0019370566829611249
1,1,0.17631333390485743,0.8122323477059609,0.011454318389181702
0,0,0.873385449074842,0.12604741691014504,0.0005671340150129881
1,1,0.360117410245638,0.6329438986076307,0.0069386911467313826
1,1,0.05845334103407927,0.9185527378970753,0.022993921068845544
1,1,0.12785094504047548,0.8380015435405944,0.034147511418930014
0,0,0.8255862279022308,0.17395710369815706,0.0004566683996121916
0,1,0.16469783492246057,0.8166014444859608,0.018700720591578613
0,0,0.7157209299729826,0.28247059250155354,0.0018084775254637619
0,0,0.5991181456020477,0.3980471359264303,0.0028347184715219916
1,1,0.25787871642159454,0.7356735319706375,0.006447751607768106
0,0,0.7538755282382951,0.24498969568729365,0.0011347760744113212
1,1,0.023706099742061417,0.9233546146472994,0.05293928561063918
0,1,0.40596436652747264,0.5915582202685786,0.0024774132039488738
0,0,0.7873427463983584,0.2122686719312797,0.0003885816703619956
0,0,0.8192866713721279,0.18001732902785678,0.0006959996000154007
0,0,0.7940779799155967,0.204752331813509,0.0011696882708941614
0,1,0.23218995501136513,0.7599448655338451,0.00786517945478982
0,0,0.7022159261440307,0.296351824637224,0.0014322492187454424
1,1,0.17695613273091546,0.7589884521506066,0.06405541511847786
1,1,0.17304269967528427,0.8082832320577967,0.01867406826691905
0,1,0.22651834758167277,0.7670185980494024,0.006463054368924949
2,2,0.021385490953084518,0.42639796376731715,0.5522165452795984
1,1,0.3810428943644123,0.6142163064457221,0.00474079918986574
0,0,0.7313669629918675,0.2675261997859639,0.0011068372221685965
1,0,0.6747941672624479,0.32449780844347625,0.0007080242940758706
1,1,0.059175690372723806,0.9130668925611767,0.02775741706609957
1,1,0.11787521029134199,0.8723359463316002,0.009788843377057871
1,1,0.22132370307112606,0.7564290380364016,0.022247258892472505
0,0,0.5230500574388594,0.4715534610416707,0.005396481519470038
1,0,0.7289642969460121,0.2694956337481212,0.0015400693058667757
1,1,0.04165556098902148,0.8749583176736374,0.08338612133734122
1,1,0.22506436356430115,0.739317147976173,0.03561848845952581
1,1,0.3431273802058931,0.6511683670862034,0.005704252707903525
2,2,0.004063770650930852,0.2934374436888152,0.7024987856602539
1,0,0.5375937519806473,0.4602276420323023,0.0021786059870503053
0,1,0.1876631022350535,0.8039517986962436,0.008385099068702875
0,0,0.5204257924084116,0.47466296847176775,0.0049112391198206425
1,1,0.418880025743425,0.5736004919086393,0.007519482347935809
0,1,0.25209413671768416,0.734202306756495,0.013703556525820868
0,0,0.5302274515677368,0.4640874657872794,0.005685082644983852
0,0,0.5353664950938124,0.46178002651404315,0.0028534783921443803
1,1,0.30296768138464586,0.6740572460762472,0.02297507253910697
2,2,0.002109192195405054,0.23076990683916043,0.7671209009654346
1,1,0.05432033922824688,0.9124619780420922,0.033217682729660844
1,1,0.17612001950115935,0.8049390514785821,0.018940929020258544
1,0,0.5658995526683619,0.42747267602245986,0.006627771309178244
1,1,0.17177139801783822,0.8026409641556185,0.025587637826543372
0,0,0.570143017554753,0.4252212058691737,0.004635776576073155
1,1,0.43135650353787736,0.5659234839632438,0.002720012498878832
1,0,0.6753002339358296,0.3234209485215709,0.0012788175425994662
1,1,0.3120174796067037,0.6814552999744442,0.006527220418852107
1,1,0.16367430783905365,0.8172768587019728,0.019048833458973582
0,0,0.7527876360582931,0.24541950413588207,0.0017928598058248749
0,0,0.8982999583139633,0.10144393975929586,0.0002561019267409071
1,1,0.2166001625081106,0.7773114744535051,0.006088363038384321
1,1,0.4924327713223779,0.5055075135290017,0.0020597151486204147
2,2,0.01169979484327771,0.3321512375821421,0.6561489675745801
1,1,0.015556538522480562,0.6659913223539689,0.31845213912355064
0,0,0.8935459697874351,0.10601010891577034,0.0004439212967947599
0,0,0.8357335988271324,0.1636730405056643,0.0005933606672034296
1,1,0.3074775861230511,0.6795548014977947,0.012967612379154345
0,1,0.043638444271706586,0.49376984965799053,0.46259170607030287
2,1,0.09867141695282163,0.8781080715240716,0.023220511523106682
1,1,0.4583085549212619,0.54011954293116,0.0015719021475781028
2,2,0.008158552611565421,0.23442975324823545,0.7574116941401992
0,0,0.6639520486057181,0.3347259061373927,0.0013220452568891775
0,0,0.5133561522989373,0.4706405531294487,0.016003294571614098
1,1,0.43174485298147447,0.5648093248713071,0.0034458221472184235
1,0,0.6443278382703601,0.3545066632178109,0.001165498511828969
0,0,0.8565578752162162,0.14285066805309038,0.0005914567306932745
0,1,0.43128374054001606,0.5580503794915187,0.010665879968465295
0,0,0.8016115366348308,0.1978482670941984,0.0005401962709709183
0,1,0.379662948152328,0.6113654307001848,0.00897162114748732
1,1,0.27126703004024144,0.7220741985737071,0.006658771386051346
0,0,0.7556215257554545,0.24259802002404796,0.001780454220497468
1,1,0.1744030479437734,0.7988597705034958,0.026737181552730863
0,0,0.8190265231219727,0.1800937812700576,0.0008796956079697989
0,0,0.8145279832690063,0.18520627101289108,0.0002657457181024144
1,1,0.025083241156634586,0.9211336342525751,0.05378312459079041
1,1,0.43330762339650025,0.5631497988710847,0.0035425777324149888
1,1,0.2787377170443044,0.7119952130699538,0.009267069885741835
1,1,0.04387309656340778,0.8641110328172212,0.09201587061937093
1,1,0.11104110218408396,0.8763422341235914,0.012616663692324679
1,1,0.13252139326340467,0.8524458695946673,0.01503273714192804
1,0,0.5793532422610462,0.417529491092801,0.0031172666461528028
0,0,0.686329124402177,0.3123891673513653,0.0012817082464578189
0,1,0.38807394160654424,0.6066872054452992,0.005238852948156486
0,0,0.8050541104385118,0.19442833638942114,0.0005175531720670119
0,0,0.7861029671376141,0.21257122927348074,0.001325803588905084
1,1,0.1317330960239526,0.8493494007187494,0.018917503257297907
1,1,0.10552896295849008,0.8687537433286079,0.02571729371290208
1,1,0.17750507076696012,0.8074237170870161,0.01507121214602376
1,1,0.17688269200530915,0.7922523121980908,0.03086499579659998
1,1,0.3599958399871957,0.6355769189533998,0.004427241059404475
0,0,0.7130796718199223,0.2862915037590621,0.0006288244210157632
2,2,0.007457817354622895,0.3409682156861115,0.6515739669592656
0,0,0.6052759227866497,0.3912728424631495,0.00345123475020074
0,0,0.7642849797427645,0.235119278997568,0.0005957412596673964
0,1,0.3261164518460779,0.6661789836880024,0.007704564465919717
1,1,0.0926575473581742,0.8878146372727947,0.019527815369031126
1,1,0.08858580360151273,0.8793926844345846,0.03202151196390267
1,1,0.15018236940228166,0.8349565235768671,0.014861107020851229
2,1,0.05469325360994546,0.8541441022482423,0.09116264414181226
1,1,0.08932293084989985,0.8953034573488313,0.015373611801268887
0,1,0.49029843757105934,0.5076414337594747,0.0020601286694659307
0,0,0.7946264816191245,0.2043070202510934,0.0010664981297820789
1,1,0.1839721100771055,0.8031372053488418,0.012890684574052647
1,1,0.3478029325762733,0.6378080774969324,0.014388989926794313
1,1,0.2982051675088346,0.6929062180899405,0.008888614401224905
1,1,0.3710252302156701,0.6245674763770119,0.004407293407317981
1,1,0.1497258598281424,0.8431868555028522,0.007087284669005468
0,0,0.7729263473437706,0.22559239740651926,0.0014812552497101136
1,1,0.1425181519539069,0.8359725262139075,0.021509321832185513
0,1,0.23281324654222535,0.7588544281010368,0.008332325356737795
1,1,0.07533175534256208,0.8685880280069028,0.056080216650535135
0,1,0.06578626347158605,0.9131957650415577,0.021017971486856083
1,1,0.07187112257029038,0.8990622235910649,0.0290666538386448
1,1,0.015453909588527893,0.9159876894931064,0.06855840091836585
1,0,0.5877974758185148,0.41064912416909266,0.0015534000123926038
0,0,0.6934627669230145,0.30488082203861827,0.0016564110383673859
1,1,0.30586068826906565,0.6841507808352113,0.009988530895723147
2,2,0.015709971631878965,0.3490003941072105,0.6352896342609106
2,2,0.0021829089313492593,0.2403485331602675,0.7574685579083833
1,1,0.04412537933655378,0.8919990856216896,0.06387553504175655
0,0,0.8246290892089092,0.1749051641882041,0.00046574660288668573
1,0,0.6418102061373476,0.35695104060243704,0.0012387532602151897
1,1,0.1440600374110125,0.8399631100842135,0.015976852504773983
1,1,0.25236391431205635,0.7350755722907061,0.012560513397237558
0,0,0.8660262536067205,0.13348815158354702,0.0004855948097323571
1,1,0.49380497743176266,0.49959158458845454,0.006603437979782803
2,2,0.006113157650497052,0.2903003650066457,0.7035864773428573
0,0,0.6579904274630649,0.33999557437858396,0.002013998158351134
0,1,0.4866689890724249,0.5051873731539817,0.0081436377735935
0,0,0.5704620532993552,0.42696512793652736,0.0025728187641175255
1,1,0.164149007707843,0.8197505610573357,0.016100431234821338
1,1,0.3633426060529052,0.6302417708303777,0.00641562311671714
0,0,0.7171501869105952,0.2819818617207459,0.0008679513686588957
1,1,0.06911349306168213,0.8970598273615109,0.033826679576806976
2,1,0.07713667543346499,0.8779217312373423,0.04494159332919274
0,0,0.8065801043030523,0.19296968459637578,0.00045021110057190443
0,0,0.8166145613278204,0.18308171945401436,0.0003037192181653525
0,1,0.07190405169296162,0.8702548723800013,0.057841075927037
1,1,0.25425731598126167,0.7378855800143502,0.007857104004388169
1,1,0.16215556278255747,0.8307622457223659,0.007082191495076776
1,1,0.4982530948343568,0.5007537108916237,0.0009931942740195583
1,1,0.20390994439044938,0.7774811055167467,0.018608950092803937
1,1,0.033882303032128774,0.9126461360116468,0.053471560956224275
1,0,0.7702439521368374,0.22895580510301852,0.0008002427601441711
0,1,0.3505686699704801,0.6436231216990659,0.0058082083304539876
1,1,0.23230537738257004,0.7557379457060703,0.011956676911359633
1,0,0.5502218466013783,0.44666224205107763,0.003115911347543987
1,1,0.22834116411812616,0.7618653383020761,0.00979349757979775
0,0,0.9051145372325831,0.09465356330335206,0.00023189946406476284
1,1,0.18917151961182413,0.803730007065405,0.007098473322770859
0,1,0.05942722100456986,0.916964179908552,0.02360859908687806
1,0,0.7624236284907485,0.23682114060153256,0.0007552309077189697
0,0,0.6021838455247742,0.3943928208834694,0.0034233335917562913
0,1,0.46878501485379737,0.5248237416619848,0.006391243484217836
0,0,0.5222940078845562,0.4719727945459045,0.005733197569539393
0,0,0.730243303500533,0.2687715392885451,0.0009851572109218036
0,0,0.7192398960743545,0.27891893757854364,0.0018411663471020188
1,0,0.6421689812991176,0.3556931166921147,0.002137902008767664
1,1,0.38725387188126154,0.6039877844429566,0.008758343675781731
0,0,0.6409238705887779,0.35593412556754384,0.003142003843678239
1,1,0.2620604146984209,0.7151932676803106,0.022746317621268643
0,0,0.9047775383861859,0.09481869740894189,0.0004037642048721242
0,0,0.9065198330764356,0.09301005382057241,0.0004701131029920211
1,1,0.1690905202644769,0.7947177064201993,0.03619177331532376
1,1,0.12843780139857838,0.8456014940153648,0.025960704586056885
0,1,0.2580396261483089,0.735835717910956,0.0061246559407351865
0,0,0.6515752903591073,0.3473035296613564,0.00112117997953618
1,1,0.22462846656011481,0.7674658387949587,0.007905694644926499
0,1,0.2762520550667404,0.7159860406165091,0.007761904316750526
1,1,0.19204504445833467,0.7930224211653816,0.014932534376283627
0,0,0.8070630038809452,0.1916340110954132,0.0013029850236417014
1,1,0.17164942002954933,0.8218844767218809,0.006466103248569786
1,0,0.7107949405954664,0.2870411233358851,0.002163936068648396
1,1,0.2533701461481006,0.7347817238740965,0.011848129977803077
1,1,0.2030676274827472,0.7905552331156632,0.006377139401589639
1,2,0.02595399785882086,0.39932030656059775,0.5747256955805815
0,0,0.9278518286954748,0.07194561451834118,0.0002025567861841042
1,1,0.2239928179010265,0.7563193165407629,0.01968786555821066
0,1,0.09972518891400267,0.876289680356435,0.02398513072956246
1,1,0.13204094532622754,0.8523867676702735,0.015572287003498888
1,0,0.7311997429399425,0.26592405433424143,0.0028762027258161693
1,1,0.14808790055010457,0.8153732896898898,0.036538809760005675
1,1,0.1105752979447806,0.8770225697652538,0.012402132289965595
1,1,0.24672829391728426,0.74354026245827,0.00973144362444578
0,0,0.6857996165568949,0.31281546710756736,0.0013849163355376085
1,1,0.46334810717587926,0.5347726526481886,0.0018792401759322197
0,0,0.8122529571876055,0.18664000373812317,0.0011070390742714477
0,0,0.5008876590797239,0.4938334578825653,0.005278883037710752
1,1,0.144365669550979,0.8359331648640517,0.019701165584969274
2,2,0.00018940515791280885,0.017189603620062603,0.9826209912220246
0,0,0.7569618219526826,0.24201827379138854,0.001019904255928892
1,1,0.3864552793035089,0.6011693461743651,0.01237537452212601
1,1,0.2635158689829135,0.7290692471831526,0.0074148838339337785
1,0,0.5918178709551901,0.4069307436042772,0.0012513854405327917
0,0,0.8479092320743651,0.15160534985437463,0.00048541807126028705
0,0,0.7478580925570779,0.2509565875501895,0.001185319892732548
0,1,0.1604223394505644,0.8192432689914859,0.020334391557949784
0,0,0.871180221284814,0.12842615520529901,0.00039362350988709366
0,0,0.836813183314807,0.16229202262537787,0.0008947940598151383
2,2,0.007368646322877075,0.2962463741493422,0.6963849795277808
0,0,0.5825932330822226,0.41573227197532486,0.0016744949424525948
2,2,9.837736009078667e-05,0.05306481719654192,0.9468368054433672
1,0,0.7100974347386405,0.2882529108289689,0.0016496544323906183
0,1,0.13324295774465322,0.8394869585823289,0.02727008367301784
1,1,0.32539625244736686,0.6690702100346453,0.005533537517987986
1,1,0.3600585638588044,0.6348292026052664,0.005112233535929227
0,1,0.3350603514507745,0.6584171742326879,0.006522474316537568
0,0,0.6281365620727037,0.3709571025944402,0.0009063353328560837
0,0,0.5952723917807798,0.4037664267094107,0.0009611815098094805
0,0,0.5962969286739396,0.40239541701536313,0.0013076543106972233
0,1,0.23869864409060387,0.7537025794998254,0.00759877640957073
0,0,0.678338552553839,0.3207845410761202,0.0008769063700409048
2,2,0.00012415927215728446,0.012550868446836954,0.9873249722810057
0,0,0.7844928350786214,0.21502354979736293,0.00048361512401572923
1,1,0.3176147780736728,0.6733763897619773,0.009008832164349907
1,0,0.5716276254767344,0.42697293702718336,0.001399437496082218
1,1,0.4703195256069681,0.5272768269677923,0.0024036474252396205
1,1,0.2294859089503585,0.7596353849254432,0.010878706124198272
1,2,0.011155867639841196,0.306628831254098,0.6822153011060608
1,1,0.4815282483400177,0.5140646566506905,0.0044070950092917945
1,0,0.5582188908829185,0.43998191077082155,0.0017991983462599863
0,0,0.6566382420521062,0.34022544107474006,0.0031363168731537777
1,1,0.3662201388604565,0.6207836279478314,0.012996233191712041
2,2,0.0016600316039878152,0.1489629242024336,0.8493770441935785
0,0,0.6535104681066449,0.34489015303646775,0.0015993788568872986
1,0,0.7159430349019734,0.2833703373642068,0.0006866277338198112
1,1,0.29807104186289085,0.6759832862089835,0.02594567192812557
0,0,0.7491161665203329,0.24921084283840983,0.00167299064125731
0,0,0.5113995146335227,0.48431942701698816,0.004281058349489142
1,1,0.1842754264662608,0.7943930560127733,0.021331517520965976
1,1,0.10216775717888046,0.8876660082952007,0.010166234525918917
2,2,0.009052639613734027,0.2968422298739846,0.6941051305122813
1,1,0.21289990601036132,0.777425031420954,0.009675062568684717
0,0,0.5425711153736364,0.4538907247811801,0.0035381598451835446
1,1,0.3866936423918856,0.598741098116752,0.014565259491362451
1,1,0.07399160477435206,0.8507687532578078,0.07523964196784011
1,1,0.34493110611713673,0.642311866702933,0.012757027179930245
0,0,0.7166143632031037,0.28264979895445486,0.0007358378424415344
1,0,0.7749017171478548,0.22431372380196607,0.0007845590501791599
0,0,0.8484157075809248,0.15055666275148188,0.0010276296675934343
1,1,0.12961538014346427,0.8390193670648104,0.03136525279172535
2,2,0.007048797520890464,0.291434956790687,0.7015162456884225
0,1,0.3802741888152353,0.6110738469855175,0.008651964199247244
0,0,0.7940275938083036,0.20531339710376734,0.000659009087929134
0,0,0.7935710501319105,0.2054627954147029,0.0009661544533866181
0,0,0.757511732481371,0.24135889760187845,0.0011293699167505738
0,1,0.3745987209456732,0.606725914164839,0.01867536488948776
0,0,0.9295954610842658,0.06991233862174667,0.0004922002939874322
1,2,0.0012075010738360724,0.11893165603620978,0.8798608428899543
1,1,0.10796896475024004,0.8540782699726235,0.03795276527713642
1,1,0.06789727920514216,0.9006252422425024,0.03147747855235541
2,2,9.695140575158434e-05,0.03390195641605977,0.9660010921781887
2,2,0.00010052354135274696,0.04576789703623896,0.9541315794224082
1,1,0.1019410504955077,0.8893221759626714,0.008736773541820805
1,1,0.3287917639681978,0.6633331204518828,0.007875115579919408
1,1,0.18404723730200725,0.7731538508334258,0.04279891186456682
1,1,0.050748763116861446,0.9232132776318703,0.02603795925126839
1,1,0.30443320831307225,0.6852749776956045,0.010291813991323305
1,0,0.5615877107465665,0.4361721211574152,0.0022401680960182483
1,1,0.2627641359661219,0.7286069280708309,0.00862893596304718
1,1,0.18401251247083433,0.8026608587975129,0.013326628731652733
0,1,0.4180634914338864,0.573934720625473,0.008001787940640642
1,0,0.5263695030244715,0.47116215293417285,0.002468344041355798
1,1,0.36666294938707344,0.6291705427420318,0.004166507870894805
1,1,0.30446311372057505,0.6886605227710213,0.006876363508403714
0,1,0.3394799492015675,0.6479744008652997,0.012545649933133013
1,1,0.4371035742672568,0.5576736465020276,0.005222779230715656
1,1,0.15352123145194524,0.8212688957786396,0.025209872769415217
1,1,0.17732837090432302,0.7798405182527076,0.04283111084296935
0,0,0.6823834145106714,0.3165949571172278,0.0010216283721007373
1,1,0.10769483152084756,0.8773970137966308,0.014908154682521628
0,0,0.5636234795647623,0.43522605298576345,0.0011504674494742697
0,0,0.8282228504743416,0.17111731317067627,0.0006598363549822217
0,0,0.6741649547778436,0.32427087349198974,0.0015641717301667357
0,0,0.6492976893184619,0.3492176794116027,0.0014846312699354196
1,0,0.8072198903236129,0.19183639560407967,0.0009437140723075904
1,1,0.3991965937332245,0.5942225938727033,0.006580812394072302
1,1,0.1489776729235768,0.8311702852933373,0.01985204178308593
1,1,0.06468773659961803,0.49868763592661197,0.43662462747376984
1,1,0.4688740555172512,0.5223958417940568,0.008730102688691949
1,0,0.5043954838868102,0.4908333823139355,0.004771133799254339
1,0,0.6486269104970871,0.3504521267468017,0.0009209627561112715
1,0,0.7002309633208857,0.29887098656986033,0.000898050109253795
0,1,0.15928437389244798,0.8222470979220576,0.018468528185494347
1,1,0.4954548783524545,0.5023594748788736,0.002185646768671856
1,1,0.24955634192118747,0.7409539265894991,0.009489731489313372
0,1,0.14789414197151396,0.8207810929318066,0.03132476509667958
1,1,0.2543308803428209,0.7409145391608379,0.004754580496341092
1,1,0.12836623281879067,0.8228354843369269,0.048798282844282455
1,1,0.2257699139676266,0.7660553524446223,0.008174733587750947
1,1,0.21271543911825927,0.7822870610435432,0.004997499838197685
1,1,0.08474527927073477,0.8893026607637051,0.025952059965559996
0,0,0.7455884704699207,0.2538529961142191,0.0005585334158603098
1,1,0.10978932949959207,0.8790944692237328,0.011116201276675028
1,1,0.06934314143948081,0.8649164749772909,0.06574038358322831
2,2,0.0009653334756502647,0.18244150160197942,0.8165931649223703
0,0,0.7592697226124044,0.23905526838569618,0.0016750090018993185
0,0,0.7193822415646477,0.27917352486883135,0.0014442335665210723
1,1,0.1926837202197315,0.791770948474796,0.015545331305472561
1,1,0.10632728872217322,0.8750557156300823,0.01861699564774449
1,1,0.010499096732768083,0.9002298017414833,0.0892711015257487
1,1,0.19614154362614455,0.7937954007052574,0.010063055668598012
0,0,0.5003600481858099,0.49557694676529007,0.004063005048900037
1,1,0.05175130844930597,0.9260654363020488,0.02218325524864524
1,1,0.2268958650345291,0.7646605013150813,0.008443633650389549
0,0,0.7900397980008776,0.20923978148977956,0.0007204205093429652
1,1,0.06531627655151528,0.9111742197377208,0.023509503710763976
1,1,0.15396834364676196,0.8273383318120575,0.01869332454118049
1,0,0.6082203172402219,0.39068342262158606,0.001096260138192017
0,0,0.8677977070538588,0.13178904117115028,0.00041325177499073907
1,1,0.04733922408218592,0.9278313644382253,0.024829411479588705
1,1,0.4352651383350485,0.5607287279369725,0.004006133727979007
1,1,0.4942784486088892,0.5029377964708834,0.002783754920227338
0,1,0.279441043725376,0.711269710354542,0.009289245920082092
0,0,0.5573331221282428,0.43871403139034365,0.003952846481413569
0,0,0.8065453982430628,0.19319803841761102,0.00025656333932625185
2,2,0.0001765374044086113,0.08613662515788244,0.9136868374377088
1,1,0.31949375077083486,0.6634810457233166,0.017025203505848546
0,0,0.8559669363913625,0.14366399242748415,0.0003690711811533825
0,0,0.9223017181693166,0.07736457067545177,0.00033371115523166557
1,1,0.11072266392426477,0.8671235362882524,0.02215379978748279
0,0,0.7786882966755995,0.22003716568026693,0.0012745376441335818
0,0,0.7802075803109363,0.21887100277516328,0.0009214169139004581
1,0,0.6669370613003941,0.3302672797670511,0.002795658932554793
0,0,0.8641985742357368,0.13538053518757906,0.000420890576684137
1,1,0.1651494887774464,0.8249244886097015,0.009926022612852243
1,1,0.18534629264416919,0.8075442576130737,0.007109449742757191
1,1,0.2722087003307035,0.7022629496025924,0.02552835006670401
0,0,0.7922904166822593,0.2068610509309804,0.0008485323867603141
0,0,0.7427151261986364,0.255612508370418,0.0016723654309455961
1,1,0.4381005331969645,0.5488828863697218,0.01301658043331366
0,0,0.5314305355459392,0.46349123205542253,0.005078232398638298
1,1,0.1272996405720716,0.5899315852460308,0.28276877418189755
1,1,0.04686459193066164,0.9141286596365213,0.03900674843281701
1,0,0.5790023105649384,0.41834400739330746,0.0026536820417540972
1,1,0.11597291419153818,0.8703071810245305,0.013719904783931336
1,1,0.2533078040928393,0.7403348927247985,0.0063573031823621305
0,0,0.7914542997377855,0.20786978222339894,0.0006759180388156363
1,1,0.31490175666839887,0.6762338202127849,0.008864423118816248
0,0,0.9299444958550237,0.06996515685862556,9.034728635082097e-05
1,1,0.09433685369599017,0.8859116140517571,0.019751532252252738
1,1,0.09762882004354652,0.8733068612854443,0.02906431867100917
1,0,0.5339976968594095,0.46481063383470655,0.0011916693058839402
1,2,0.008582503954210926,0.30341164336426385,0.6880058526815251
1,1,0.03020630453031325,0.8870218334881281,0.08277186198155856
1,1,0.2879107060523863,0.7055518422958701,0.006537451651743685
1,0,0.5487170102723707,0.4499733720507945,0.001309617676834705
1,0,0.7986050628455797,0.20046225195721595,0.0009326851972043181
1,1,0.2232550688275289,0.7644624059736225,0.012282525198848645
1,1,0.21145271541726118,0.7733544938367394,0.015192790745999298
1,1,0.14301859052200647,0.8257258298771708,0.0312555796008227
2,2,0.006269361303573223,0.2367128877195861,0.7570177509768407
0,0,0.696365108401013,0.30244485725771664,0.0011900343412703
0,1,0.06442859569320528,0.9050246550189217,0.030546749287873157
1,1,0.13276053141611074,0.8558541900963675,0.011385278487521543
0,0,0.6723288078126792,0.3254770866799328,0.0021941055073880084
1,1,0.26797040707917175,0.7259825516705704,0.00604704125025796
2,2,0.0025384219118056435,0.20991848305777372,0.7875430950304205
0,0,0.8427227733024808,0.15668709636834183,0.0005901303291774896
0,0,0.7958123998095763,0.20312554969368457,0.0010620504967390936
2,2,0.0065563210198236735,0.2861621731786418,0.7072815058015346
0,0,0.9631104723071668,0.03681883711420433,7.069057862882101e-05
2,2,0.0018239947625785333,0.24462709873643737,0.753548906500984
1,1,0.33985082657695154,0.6564100134687629,0.003739159954285658
0,0,0.972676090314071,0.027254134063073945,6.97756228549995e-05
1,1,0.3297815253376774,0.6464119234626903,0.023806551199632226
1,0,0.6313088713314012,0.3659091738116424,0.0027819548569562474
1,1,0.48367477655231117,0.5125461334817434,0.003779089965945564
0,1,0.07197383867568322,0.8765323637923551,0.051493797531961746
0,1,0.27554725595011614,0.716134389141841,0.008318354908042946
0,0,0.745772946444268,0.2530379528203131,0.0011891007354190126
1,1,0.46115739415450346,0.5320915061306059,0.006751099714890578
1,1,0.16002776670186464,0.8129690180540888,0.02700321524404653
0,0,0.6556141811173015,0.34199702030577955,0.002388798576919071
1,1,0.2032404441024005,0.7891457408038846,0.007613815093714935
0,1,0.4015078529184887,0.5924560109122425,0.006036136169268815
1,1,0.44253417259556116,0.5461177311927778,0.011348096211661059
1,0,0.5674461798452514,0.4287160750635502,0.003837745091198436
1,1,0.3352828102997393,0.6561741508389364,0.008543038861324351
0,0,0.7513888813888427,0.24708099079399753,0.0015301278171596933
1,0,0.5517789106854977,0.4450198309376911,0.0032012583768112604
1,1,0.3004322974025753,0.6843191943362421,0.015248508261182604
0,0,0.7822786582222464,0.21631000426214791,0.0014113375156057846
0,1,0.17191320926006756,0.810327009460682,0.017759781279250472
0,0,0.6328905484695444,0.36380645352291074,0.0033029980075448434
0,0,0.8247211337066653,0.17505054461816758,0.0002283216751671683
0,0,0.898773039254182,0.10106473105986416,0.00016222968595379489
0,0,0.7068511718260634,0.29158599021954257,0.001562837954393998
1,0,0.6862415720896958,0.3130834503681084,0.0006749775421957176
0,0,0.8305651262471617,0.16872119195875152,0.0007136817940867085
1,0,0.7327210727325625,0.2667291936479158,0.0005497336195217551
1,1,0.16679039935943055,0.8219568174062241,0.01125278323434552
1,1,0.43047113876210097,0.5678269605878016,0.0017019006500974905
1,1,0.20695483647371093,0.7784765231264049,0.014568640399884114
1,1,0.07448731151840621,0.8959592259866057,0.029553462494988126
1,1,0.28633111744757006,0.7036595141729158,0.01000936837951422
1,0,0.7100409466184545,0.2882856797218104,0.0016733736597351067
0,0,0.600925710992328,0.39594633797422046,0.0031279510334514724
1,1,0.11922122876057237,0.8638068894078113,0.01697188183161643
1,1,0.16136016349272123,0.8303389447945643,0.008300891712714536
1,1,0.15861122906746586,0.8348290162581289,0.006559754674405204
0,1,0.08375421766011205,0.8539998319736919,0.062245950366196054
0,0,0.7470566648946538,0.2514954623969974,0.0014478727083488726
2,2,0.00015187088838805078,0.11247906473459157,0.8873690643770203
1,1,0.18730122564310625,0.8001502194225414,0.012548554934352335
0,0,0.9236178492802712,0.07628785018811757,9.430053161112197e-05
0,0,0.8805737159330373,0.11886936365336932,0.0005569204135934155
1,1,0.1863588842505799,0.8030271834332681,0.010613932316151937
0,0,0.5144083830290125,0.48429163545598986,0.0012999815149976396
1,1,0.18341570652056724,0.8088950577875257,0.007689235691907085
1,1,0.05932850803909745,0.882449380307785,0.058222111653117754
0,0,0.8581751425946186,0.14140799491986028,0.0004168624855212104
1,1,0.22428564246628396,0.7690454237699411,0.006668933763775017
0,0,0.6607659889725067,0.33809174821967447,0.0011422628078189153
1,1,0.07218358650477169,0.8790644365305659,0.04875197696466247
1,2,0.003177281160599097,0.2062207921809238,0.7906019266584772
0,0,0.6235738507450481,0.37446042137159835,0.0019657278833534932
0,0,0.8622973481941515,0.13684069286107162,0.0008619589447767495
1,0,0.5697473208581054,0.4279776305158123,0.002275048626082207
1,0,0.5190821748100908,0.4780102900566676,0.002907535133241676
0,1,0.2660668674438179,0.719714995236475,0.01421813731970717
0,1,0.1344046631285501,0.8549298190960235,0.010665517775426445
1,1,0.058158040962969254,0.933288571649621,0.008553387387409734
0,1,0.47771641727643793,0.514881609607077,0.007401973116485002
0,0,0.7435937352108164,0.2548127264895878,0.001593538299595755
1,0,0.7976658740879825,0.2015810363468887,0.0007530895651286805
0,0,0.7648010976340365,0.2348183584932942,0.0003805438726693315
2,2,0.0009455378740068823,0.2186550908725347,0.7803993712534584
1,1,0.18200622333402441,0.7971360336642249,0.020857743001750837
0,0,0.5875549423169811,0.41072543229886166,0.0017196253841572074
1,1,0.4038851102205398,0.5884903494700671,0.007624540309393196
0,0,0.9698429259918087,0.03005047743373235,0.00010659657445914142
2,2,0.00304573386418393,0.2249989979783816,0.7719552681574343
0,1,0.3203940103802304,0.670866762862877,0.00873922675689252
1,1,0.3455636061427826,0.651124463364203,0.0033119304930143397
0,0,0.934844354310386,0.06475555436023506,0.0004000913293789176
1,1,0.2205143360217284,0.7725664709260719,0.0069191930521998925
1,1,0.14615470877891118,0.8471258203601634,0.006719470860925478
0,0,0.707964530319076,0.29013472377566124,0.0019007459052628323
0,1,0.19676489998229327,0.7811324720286384,0.022102627989068372
2,1,0.10887668993516722,0.8659747028877127,0.025148607177120103
0,1,0.4243985016791217,0.5674875303239729,0.008113967996905443
1,1,0.20263148981355372,0.7665357238488335,0.03083278633761277
0,0,0.591375678692372,0.40734580862300807,0.0012785126846198765
0,0,0.5864784737492533,0.41288023521716843,0.0006412910335782617
1,1,0.2507572302122935,0.7376548884870594,0.011587881300646963
1,1,0.04793809864788107,0.903434551513225,0.048627349838893975
0,0,0.8549175815754252,0.14411526029781854,0.000967158126756243
0,0,0.8171369458797689,0.1819607852645727,0.0009022688556583036
1,1,0.06422566879864797,0.8815985984370855,0.05417573276426664
2,2,0.0030982089551567105,0.2723043931652512,0.7245973978795921
0,0,0.6328895129446441,0.36499493035120784,0.0021155567041480274
0,0,0.82614411546557,0.1722474885640777,0.0016083959703522604
0,0,0.6071815724143999,0.3907574955881541,0.0020609319974460266
1,1,0.3144549505445868,0.6759142888820671,0.009630760573346064
1,1,0.15732432630886117,0.7833131584960215,0.05936251519511722
0,1,0.2062161073748088,0.7770044533640575,0.01677943926113354
1,0,0.6944316771031157,0.30402970198122137,0.0015386209156630576
1,1,0.03144315656825116,0.7106690091813825,0.25788783425036643
1,1,0.07930895286792894,0.8782428971552196,0.042448149976851555
0,0,0.8637522371269271,0.13585156139047894,0.0003962014825939739
1,0,0.5002950540370764,0.49479138774884845,0.004913558214075083
1,1,0.4462211051861643,0.5478643335849602,0.005914561228875417
1,1,0.24055623950826183,0.7458636018147119,0.013580158677026312
2,2,0.0010253833794487814,0.1363585318031205,0.8626160848174307
1,0,0.5910409085776189,0.40547714413925806,0.0034819472831229834
1,1,0.3632484086415268,0.6316990138775878,0.005052577480885528
0,0,0.9705442332405395,0.02942756307624223,2.8203683218366445e-05
0,0,0.6009350244594169,0.3968968340060598,0.002168141534523355
0,1,0.3982814661495816,0.5946480947159802,0.0070704391344382205
0,0,0.8561978841869433,0.143622532750148,0.00017958306290867103
0,0,0.6552687787317407,0.34368095702159157,0.001050264246667688
0,1,0.3713618185650295,0.6220871452200756,0.006551036214895019
1,1,0.43045272155533504,0.5655486235127871,0.003998654931877788
1,1,0.1353518311288539,0.8560532024142623,0.00859496645688379
1,1,0.40585210119559306,0.591192394934828,0.002955503869578882
0,0,0.9017965832163679,0.09797157851396167,0.00023183826967045735
0,0,0.5609792436901666,0.4354960320127831,0.0035247242970502914
1,1,0.11664082067747487,0.8126282434480151,0.07073093587451001
0,0,0.6928037299164652,0.30653465844185024,0.0006616116416845433
1,1,0.09945989662712386,0.848057381109817,0.052482722263059015
1,1,0.11549587523371126,0.8422255901305846,0.04227853463570405
0,0,0.8613072864264579,0.1380452878873978,0.0006474256861442264
1,0,0.5251899496468915,0.4710844015959174,0.0037256487571911932
0,1,0.07702756464657602,0.8741339618393607,0.0488384735140632
0,1,0.49593576421076374,0.5025941293409634,0.001470106448272835
0,0,0.6815228659334244,0.3175285184529983,0.000948615613577393
1,1,0.09661089259913776,0.885062221929579,0.01832688547128332
0,1,0.3274197469433926,0.6567944387148612,0.01578581434174615
0,0,0.7352081462177209,0.2630287157985282,0.0017631379837508773
1,0,0.5184773313687548,0.469960196890694,0.011562471740551196
1,1,0.12282901513864575,0.8550146644769664,0.02215632038438807
0,0,0.7532986073805952,0.24633885732587402,0.0003625352935307375
0,1,0.4427824411190021,0.5508075852746677,0.006409973606330309
0,0,0.7443045042516165,0.25461102070139496,0.001084475046988653
1,0,0.6889194563484946,0.30931306530603025,0.0017674783454751635
0,0,0.9401747528880309,0.0596552874974266,0.0001699596145425344
1,0,0.6081476588515029,0.39089343666539444,0.000958904483102698
1,0,0.5916812512224069,0.40671230154977434,0.0016064472278187545
0,1,0.4348473973044031,0.5598620528110357,0.005290549884561215
1,1,0.43183923840589017,0.5634229680921925,0.00473779350191726
2,2,5.276589136404878e-06,0.006350565460325083,0.9936441579505386
0,0,0.8402144922445908,0.15924016713626613,0.0005453406191430921
0,0,0.6157243144064862,0.3815731167333276,0.002702568860186138
2,2,0.008465436946020238,0.2953839416889499,0.6961506213650299
1,1,0.30983818943960223,0.6859993542642303,0.004162456296167556
0,1,0.19561123428764374,0.7881827380385915,0.016206027673764764
0,0,0.8349099987546085,0.16461511663804118,0.0004748846073504598
1,1,0.0646460116627993,0.8979778366443593,0.03737615169284135
1,0,0.5181291185504646,0.47661365161659996,0.00525722983293538
0,0,0.6008662260263703,0.39689431868196523,0.002239455291664652
0,0,0.733584278101963,0.2651028144191369,0.00131290747889991
1,1,0.3396790180717257,0.6529884352966004,0.007332546631673772
2,2,4.272555703053381e-05,0.0477495124480866,0.9522077619948829
1,0,0.8047360968987811,0.19406582229873676,0.0011980808024820433
0,0,0.7067363237682329,0.29151790685126333,0.0017457693805036775
1,1,0.4024509397763785,0.5897141647323061,0.00783489549131536
2,2,0.004601296754491916,0.18974445251278552,0.8056542507327226
1,1,0.0502717286712682,0.8853927241358528,0.0643355471928791
1,1,0.4118873691724218,0.5833406973838026,0.004771933443775674
1,0,0.7879610109903581,0.21121907452304872,0.0008199144865933166
1,1,0.24508768869243272,0.7376370888242547,0.01727522248331261
0,0,0.9549801594963498,0.044859241539305206,0.00016059896434495838
1,1,0.2921945803696834,0.6984449306877539,0.009360488942562584
1,1,0.18314382161616805,0.800997712144888,0.01585846623894388
1,1,0.03446111739904746,0.8901593716535854,0.07537951094736724
0,0,0.5027778023871545,0.4958007226012662,0.0014214750115793327
1,1,0.03226451551479195,0.9179345427768181,0.04980094170839002
0,0,0.6566955641656994,0.34183518563071225,0.0014692502035884352
1,1,0.39600147436706845,0.5969930515216257,0.007005474111305703
1,1,0.15365148198797193,0.8295430859449684,0.016805432067059766
1,1,0.3211043133928383,0.6712519739830528,0.0076437126241088345
1,0,0.5625896784109218,0.4361172033548916,0.0012931182341865115
0,0,0.7375914131096765,0.2613020275651231,0.001106559325200355
0,0,0.5352692511355219,0.4630730801223581,0.0016576687421199173
1,1,0.2201114757129363,0.7745476652571799,0.005340859029883765
0,0,0.5309926833102897,0.46819856270869814,0.0008087539810122062
1,0,0.7528534843941111,0.24646822182243136,0.0006782937834574799
0,0,0.6756200713270119,0.32135080376319314,0.003029124909795046
1,0,0.5461804933417412,0.4517986771694232,0.0020208294888355454
1,1,0.26545427934306715,0.7276987990614696,0.006846921595463414
1,0,0.5247456382917468,0.47088060939240334,0.004373752315849882
0,1,0.33265450739610064,0.6558144206108755,0.011531071993023794
0,1,0.3846461484729023,0.6068577357632762,0.00849611576382155
0,1,0.39108660550208907,0.6045701660031904,0.004343228494720722
1,1,0.10747933130859033,0.8577208594115145,0.03479980927989504
1,0,0.6635726611120571,0.3335642136316222,0.00286312525632065
0,0,0.5503268552881723,0.44342930094855276,0.006243843763275017
0,1,0.16754943698929822,0.8005820287673876,0.031868534243314164
1,1,0.06195193054729647,0.9167180380078966,0.02133003144480681
0,0,0.7958624930028785,0.20315790517327537,0.00097960182384617
0,0,0.912541233711144,0.08714747110347364,0.0003112951853823792
1,1,0.19415731444032766,0.7975761421608185,0.008266543398853856
2,2,0.0057185624703710546,0.321096874093776,0.6731845634358529
0,0,0.7176919649303124,0.28109353837529194,0.0012144966943955836
0,0,0.8388402039038716,0.16027373663656608,0.0008860594595623431
1,1,0.39317193114139376,0.6016043333653653,0.005223735493240939
1,1,0.1590970786787839,0.8321028711589759,0.008800050162240359
0,0,0.8953621458574578,0.10441940168020467,0.0002184524623375619
1,2,0.005559826126532136,0.3055146333719368,0.6889255405015311
0,0,0.6660977999605283,0.33237578477386026,0.001526415265611537
1,1,0.07280946087388354,0.8816665749259582,0.0455239642001581
0,0,0.7159516173472829,0.2821625303839935,0.0018858522687236422
0,0,0.7095642053938717,0.28877686413881626,0.0016589304673121118
0,1,0.193491956868476,0.781321532557629,0.025186510573895052
1,1,0.16603055993256743,0.8121636636020418,0.02180577646539063
1,1,0.2904121747161087,0.7014069409540407,0.008180884329850735
0,0,0.6146064954612921,0.38337259622965103,0.0020209083090568123
0,0,0.6408866971737743,0.35767932601489155,0.0014339768113341084
0,1,0.41688323406972955,0.5759632836822913,0.007153482247979094
1,1,0.35817814349451876,0.6392833894203882,0.00253846708509287
1,1,0.1510571590787099,0.8423523678511073,0.006590473070182874
1,1,0.16826609805103915,0.8253165395701563,0.006417362378804595
0,0,0.6828335460626795,0.3157188631150812,0.001447590822239232
0,0,0.6080302722557485,0.3903092294543271,0.0016604982899245258
1,1,0.10905411614252918,0.8734706058634979,0.017475277993973005
1,1,0.2545331811800738,0.7364423429970468,0.009024475822879595
0,0,0.7322009951151723,0.2666477076355272,0.00115129724930035
0,0,0.8362077753391345,0.1631416867140812,0.0006505379467843029
0,0,0.6077332157123594,0.39004753501759964,0.0022192492700409917
1,1,0.2043206341674208,0.7846850610781866,0.010994304754392547
0,0,0.7991019066851728,0.20015759748409587,0.0007404958307313431
1,1,0.2544422728054862,0.7272596743589231,0.018298052835590717
1,0,0.5626458271739303,0.43571044464847475,0.0016437281775948977
1,1,0.14684996824773058,0.8241732159501854,0.02897681580208406
1,0,0.7428463800662929,0.25579322346074795,0.0013603964729591842
1,0,0.8351019886094021,0.16421601609408537,0.0006819952965125578
1,1,0.4043054393479483,0.588848551423002,0.006846009229049663
0,1,0.4128878128245888,0.5814309108804623,0.005681276294948842
0,0,0.6326089029166477,0.36608142758327883,0.0013096695000734137
1,1,0.16047624270828412,0.8149449818225202,0.024578775469195565
1,1,0.3136935075936157,0.6792514371917625,0.007055055214621724
1,1,0.2591887149337478,0.7370751938603547,0.003736091205897358
0,0,0.5488992373661782,0.4452382535820379,0.005862509051783892
1,1,0.10723355333236079,0.8665925375091641,0.02617390915847513
1,1,0.4484405342344665,0.5432419811120945,0.008317484653438914
0,0,0.7920814841238383,0.20721084959976857,0.0007076662763931926
1,1,0.1508091194350866,0.8394413372943975,0.009749543270515955
1,1,0.2416876851320823,0.7462315963951947,0.012080718472722992
1,1,0.3502093221042853,0.642993945994867,0.006796731900847644
0,0,0.6126628132432581,0.3863408835974865,0.0009963031592553323
0,1,0.48659398063832604,0.5113542538100667,0.002051765551607266
1,1,0.2284833523794362,0.7629067985068191,0.008609849113744723
0,0,0.6127496497710596,0.38680078936607637,0.000449560862864086
1,1,0.09030985726183824,0.888345388265144,0.021344754473017747
0,0,0.7981524739897357,0.20134818656401612,0.000499339446248009
0,0,0.960421643628968,0.03948738271739593,9.09736536361705e-05
0,0,0.6624974199793128,0.3351283250804931,0.0023742549401941705
0,0,0.9052999119764529,0.09445589159094098,0.0002441964326062522
0,1,0.4154839754588274,0.5780442024501236,0.006471822091048958
0,0,0.9143228023331134,0.0853742640576079,0.00030293360927862714
0,1,0.4358477942517303,0.5558900196899902,0.008262186058279497
0,0,0.5492025345381171,0.44794947294994053,0.0028479925119423996
0,1,0.38968472694527456,0.6054933749537762,0.004821898100949156
1,1,0.14309724166564938,0.80690825022016,0.04999450811419064
1,1,0.04845480496530759,0.9130497725124931,0.038495422522199334
1,1,0.2042250747468561,0.7760752233366726,0.01969970191647133
1,1,0.17355230249127646,0.8184600345362728,0.00798766297245069
1,1,0.040906356855614216,0.9340252125069984,0.025068430637387482
0,0,0.5896557046039627,0.4090380939489374,0.0013062014471000019
2,2,0.004710143373932311,0.24247428276534394,0.7528155738607237
1,1,0.45568943304002485,0.5404302922089068,0.0038802747510684682
1,1,0.3229383169527397,0.6698044419150008,0.007257241132259516
0,0,0.5719262005422067,0.42539270299110676,0.002681096466686614
2,2,0.0001912808747568843,0.06683905454923506,0.932969664576008
2,2,0.00415043821624442,0.21748360465038277,0.7783659571333729
0,0,0.7080797411296468,0.28997753724100767,0.00194272162934555
0,1,0.3429520827352644,0.654040718122812,0.003007199141923853
1,1,0.07385598958256492,0.8832822042051881,0.0428618062122469
1,0,0.49966464854125864,0.4987309976648717,0.0016043537938697115
0,0,0.5417673621514901,0.4537086732447253,0.004523964603784488
0,1,0.2809453004300539,0.7132815709187516,0.005773128651194629
0,1,0.48661330207327813,0.5069054272155032,0.006481270711218577
1,2,0.013842539860916589,0.3271840108626387,0.6589734492764446
1,1,0.1355125299370147,0.8534109430806764,0.011076526982308835
1,1,0.12482801186156385,0.841750117985994,0.03342187015244217
0,0,0.5321928411951896,0.46551409983642456,0.002293058968385875
1,1,0.07458923919681527,0.9121138308423955,0.013296929960789237
0,0,0.6171823574211115,0.3781737720969796,0.004643870481908961
1,1,0.28976916464157365,0.705786278737333,0.00444455662109331
1,1,0.4611746753001917,0.5352473016174126,0.0035780230823957678
0,1,0.33589503949739596,0.6555581738485065,0.008546786654097726
0,0,0.7077577600480786,0.29139737361232865,0.0008448663395927138
0,0,0.8817202299654128,0.1179183648866152,0.0003614051479721166
0,0,0.7716226447398369,0.2278239032850675,0.0005534519750956037
1,1,0.23048867624985264,0.7538173998898398,0.015693923860307546
1,1,0.04699577689980217,0.9144057661111127,0.03859845698908502
1,1,0.17516615419227174,0.8076871274622105,0.01714671834551769
0,0,0.9238470600012125,0.07593107212923084,0.00022186786955650327
0,0,0.5358417704628881,0.46207165602433703,0.002086573512774902
1,1,0.4413584679023755,0.5568458185440489,0.0017957135535755747
1,0,0.5589889747920634,0.4351832891918035,0.005827736016133098
1,1,0.43801738820370234,0.5560587177478737,0.0059238940484239895
0,1,0.27238748361221554,0.705032198637785,0.022580317749999454
1,1,0.05946860660580717,0.9161539039444431,0.02437748944974969
2,2,0.0005187788310423898,0.07666457681371094,0.9228166443552467
1,0,0.8201755441301458,0.17901703206219585,0.0008074238076584386
1,1,0.06374723937533827,0.9186935935550267,0.017559167069635197
1,0,0.7870946202356488,0.21213776576907825,0.0007676139952728098
2,1,0.05703073972165432,0.4727347384594153,0.47023452181893033
2,2,7.014790324369127e-05,0.04068391397041104,0.9592459381263453
1,0,0.5253447667283465,0.4719910680129468,0.002664165258706669
1,0,0.8540664246821675,0.14538927810488866,0.0005442972129438197
0,0,0.8698857067011961,0.12987868971681865,0.00023560358198503875
1,1,0.18368519918653037,0.8060051020362582,0.010309698777211489
1,1,0.40201209731697735,0.5858607965604608,0.012127106122561961
1,1,0.13760687051945011,0.8544733305818829,0.007919798898666936
1,1,0.4826964007513045,0.5125854094938641,0.004718189754831308
0,0,0.7502546824687275,0.24872925288768977,0.0010160646435827517
1,1,0.20018348301113711,0.7940180549570979,0.005798462031764918
1,1,0.06879138749182269,0.914045347756029,0.0171632647521484
0,1,0.340550648474726,0.6558710925841008,0.0035782589411731745
1,1,0.07941203907918234,0.8947229144262645,0.025865046494553075
0,0,0.7937370495392343,0.2046783048983838,0.0015846455623819465
1,0,0.5589532371499019,0.43777795748258763,0.0032688053675104765
1,1,0.3775124557627695,0.6183613203309505,0.004126223906280046
1,1,0.050283842288983846,0.9143272865671234,0.03538887114389276
0,1,0.12329685042991331,0.8190410329692355,0.05766211660085126
1,1,0.2548546198711135,0.7383299706042646,0.006815409524621844
0,0,0.8299387190886175,0.1692857406497655,0.0007755402616169605
0,0,0.8684205353310416,0.13121425233774656,0.00036521233121177693
1,1,0.1251446161540572,0.8569653197665925,0.01789006407935038
1,0,0.6215938930679958,0.37653607478413065,0.0018700321478735472
0,0,0.657616060722939,0.3395737600778637,0.0028101791991972697
0,0,0.6365521970387014,0.3614606993496763,0.0019871036116223045
1,1,0.25488479158525623,0.7386875979802587,0.006427610434484968
1,2,0.023658708521349683,0.4673213612061485,0.5090199302725019
1,1,0.0665633174052917,0.8934709467807859,0.03996573581392246
0,1,0.22810649474805117,0.7449037927795962,0.026989712472352635
0,1,0.2924530538599577,0.6920073191940462,0.01553962694599615
1,1,0.25190510182865317,0.7397140282682784,0.0083808699030684
1,1,0.27518367547040334,0.7103603072834676,0.014456017246129176
1,1,0.31283022111900627,0.6798257743031922,0.007344004577801411
1,1,0.27287889270677246,0.7188809085216512,0.0082401987715763
1,1,0.34828471440898395,0.6457171811201463,0.005998104470869736
1,1,0.11838842690691403,0.873934345067213,0.0076772280258729396
1,1,0.2946409618809981,0.6994657296492114,0.0058933084697905015
1,1,0.27932199112563705,0.7011140521794629,0.019563956694900082
0,0,0.6911597169624731,0.3083005284465262,0.0005397545910005866
1,1,0.08538163026392784,0.8606814690946918,0.05393690064138025
1,1,0.2879826019744215,0.7057886767946265,0.006228721230951964
2,2,4.5477602474380164e-05,0.021471337545829864,0.9784831848516957
0,0,0.6604278312915616,0.33809101183721824,0.0014811568712201112
1,1,0.48620269422349266,0.5120910718687084,0.0017062339077990782
0,0,0.6382179098498176,0.35990204692754996,0.0018800432226323386
1,1,0.43386260469054094,0.5641900857643006,0.001947309545158307
1,1,0.06242942654989262,0.5301081976917879,0.40746237575831956
1,1,0.17350730724789565,0.818778684452237,0.007714008299867475
0,1,0.3266450016738815,0.6697404688730964,0.0036145294530222456
1,1,0.23114252359339763,0.7571782902381783,0.011679186168424085
0,1,0.3509539390910744,0.6408304055750158,0.008215655333909784
1,1,0.11287269591336635,0.8730843782840138,0.014042925802619958
0,0,0.8267230060308048,0.1725222711884503,0.0007547227807447589
1,1,0.14561682823834537,0.8238551533352905,0.030528018426363972
2,2,0.00037474838946939114,0.0672553387221886,0.932369912888342
1,0,0.7414130326926908,0.2576514236521586,0.0009355436551506396
1,1,0.4536570174987817,0.5379829067802737,0.008360075720944599
0,0,0.6309031421364649,0.36437856350290015,0.004718294360634912
0,0,0.6417440623556931,0.35712605235794753,0.0011298852863592418
0,0,0.6493534075516196,0.34948475350715846,0.0011618389412219095
0,0,0.7416115325159885,0.25724422137000935,0.001144246114002111
1,0,0.60818847773915,0.39035436734180584,0.001457154919044093
1,1,0.2503990125259499,0.7402468987716813,0.009354088702368825
1,1,0.4067303434906984,0.5880918037636909,0.005177852745610792
1,1,0.22585480448800313,0.7650160689244432,0.009129126587553726
1,1,0.2477549641139836,0.7446475742836256,0.007597461602390824
0,1,0.4933445893242376,0.4984717017228436,0.008183708952918704
0,1,0.49646841404701936,0.49651969895803966,0.00701188699494097
1,1,0.022095261357760108,0.9088768396365361,0.06902789900570372
1,1,0.11346909982821346,0.8604654096207127,0.026065490551073944
1,1,0.12291873613060753,0.8619293900683318,0.015151873801060632
1,1,0.16530585561734798,0.8266680108085288,0.008026133574123231
1,0,0.8557288032579027,0.14372356387418,0.0005476328679171683
2,2,0.002644053004253841,0.19801421305501513,0.799341733940731
1,1,0.1522649954064614,0.8402426238762875,0.007492380717251202
0,1,0.2965602361001629,0.6950031963827267,0.008436567517110416
1,0,0.5641328537119003,0.43268583209071676,0.0031813141973830645
1,0,0.7822795853333181,0.2168713060362522,0.0008491086304297677
2,2,0.0017625076015128072,0.20351036615295237,0.7947271262455348
0,0,0.5023919049723597,0.49563022284281427,0.0019778721848259656
1,1,0.21348211345299872,0.7711202062396637,0.015397680307337546
1,1,0.06452940417933589,0.9156399168640145,0.019830678956649687
1,1,0.29208341415737,0.7026522931628226,0.005264292679807348
0,1,0.3772459749003855,0.6127811083594054,0.009972916740209226
0,1,0.208580148005676,0.7770978520504007,0.014321999943923112
1,1,0.0878570965550007,0.8957843650749661,0.016358538370033083
0,0,0.8776347509820275,0.12180474507523766,0.0005605039427349487
2,1,0.049394040539079136,0.8358609551046755,0.11474500435624534
1,0,0.7126356877596328,0.28650151962966164,0.0008627926107056281
1,1,0.3889329765656619,0.6078291313025475,0.0032378921317907567
0,0,0.6653361949044331,0.33172830058493064,0.0029355045106363043
1,1,0.0996919319739384,0.8712183231265116,0.029089744899550025
1,1,0.14698203231168458,0.8361186439189822,0.01689932376933328
1,1,0.19058105756687593,0.7921158801642532,0.017303062268870986
1,1,0.14795549907616923,0.8445295305548461,0.007514970368984615
0,0,0.9126743727202941,0.08705217665808254,0.0002734506216235043
0,0,0.7530201159722388,0.24599537576662447,0.0009845082611367462
0,1,0.09127035093730615,0.8813674187195703,0.027362230343123576
1,1,0.2580667073803485,0.7317656126875797,0.010167679932071981
1,1,0.2611455320355042,0.7275807646433295,0.01127370332116629
1,0,0.6687736370098272,0.3294873859217512,0.0017389770684216087
1,1,0.2197810708308395,0.7717748834784253,0.008444045690735145
0,0,0.9108590639321862,0.08901630737023092,0.00012462869758281505
2,2,0.0005195368732224126,0.16139333788531757,0.83808712524146
0,0,0.5481461625288768,0.44884189391528523,0.0030119435558379065
0,0,0.8791795884496293,0.12028776868120478,0.0005326428691658398
1,1,0.10449679234575841,0.8742954447262978,0.021207762927943588
0,0,0.6153429326386828,0.38227222274950745,0.0023848446118098967
1,1,0.2678018784727611,0.7292513383967185,0.002946783130520324
0,0,0.8151012112081092,0.1838237791981983,0.001075009593692676
1,1,0.2199301070721689,0.7615344701070857,0.018535422820745325
1,1,0.3408199097733158,0.6530997647417559,0.00608032548492819
0,0,0.8384701148462622,0.16058502551959453,0.0009448596341433707
1,1,0.09532940103454816,0.8536963316696511,0.05097426729580083
1,1,0.2043557371843501,0.7829998739727982,0.01264438884285174
0,0,0.6183922960451386,0.38001728338565127,0.0015904205692101599
1,0,0.8001709802124316,0.1982497099292802,0.0015793098582882299
0,0,0.9110777640055471,0.08873178081637122,0.00019045517808173807
1,1,0.036072312810250674,0.9050964295797964,0.058831257609952885
2,2,7.696715360968706e-05,0.05425218529639086,0.9456708475499994
1,1,0.4360237766202392,0.5560291143689862,0.007947109010774498
0,0,0.8331195929811841,0.16652693841047972,0.00035346860833621106
0,1,0.0764577517644624,0.9011070676719037,0.022435180563633885
1,0,0.7518044640341036,0.24750760794471288,0.0006879280211834046
0,1,0.08375267681556771,0.8705170388235358,0.045730284360896385
1,0,0.5352732644893141,0.4612536945129608,0.0034730409977250234
1,1,0.0849321668276976,0.8593901294427262,0.05567770372957616
1,1,0.36972656698306855,0.6249946556896799,0.005278777327251537
2,2,0.011040005565947007,0.3349063281323796,0.6540536663016734
1,1,0.24898141207552293,0.7030082141412433,0.048010373783233834
1,1,0.20381237070163352,0.7898883316509274,0.006299297647439075
0,0,0.6177777861411637,0.37854205567392335,0.003680158184912915
1,1,0.09502712632226813,0.8707132249705397,0.034259648707192225
0,0,0.5207541162911098,0.4770081392859773,0.002237744422912912
0,0,0.6900965903847935,0.3087669323198971,0.001136477295309288
1,1,0.15471580777569358,0.8319707198639253,0.013313472360381105
1,1,0.16804605934941397,0.8156937524311179,0.016260188219468084
1,1,0.31685357077570475,0.6743102281232225,0.008836201101072616
0,1,0.2532692836762552,0.7368453458805839,0.009885370443160875
1,1,0.39232976096795374,0.5933958166196762,0.014274422412370003
1,0,0.6190721604591006,0.37931376143643897,0.00161407810446034
0,0,0.9225871440055815,0.07698810461717102,0.00042475137724746776
1,0,0.5711355232595595,0.4261807741298346,0.0026837026106059786
1,1,0.4954512631365914,0.5036222824235788,0.0009264544398298825
1,1,0.15158576909802557,0.8187789254612522,0.029635305440722258
1,0,0.7575203961931025,0.24114633728429946,0.0013332665225980818
1,1,0.055809400179249,0.9210063069256921,0.023184292895059
0,1,0.17428254142240318,0.7917660957641992,0.03395136281339759
1,0,0.6798407116939109,0.3187437985651675,0.0014154897409216472
1,1,0.20939354198361246,0.7824716204508029,0.008134837565584507
1,1,0.39482775039110324,0.5980053071773882,0.007166942431508452
1,1,0.47968862577736393,0.5109109682360323,0.009400405986603723
1,0,0.6097310886088538,0.3878185766161413,0.002450334775004951
0,0,0.7463756032843849,0.2526501967561263,0.0009741999594887827
1,0,0.7137506381445555,0.28494482844391955,0.001304533411524811
0,0,0.6908337506742891,0.3085362991499851,0.0006299501757257279
1,1,0.0432564623594776,0.927284794099825,0.029458743540697586
0,0,0.6941241250557771,0.3034995014935464,0.00237637345067653
1,0,0.6151410305595226,0.3833041794191173,0.0015547900213601674
1,1,0.1842159019988212,0.8016943701611955,0.014089727839983513
0,0,0.9535322203605056,0.046439744799172504,2.8034840321915174e-05
1,1,0.38978231178778155,0.6053888525122648,0.004828835699953637
0,0,0.8167361930369949,0.1826881631878684,0.0005756437751368084
1,1,0.06212860708119621,0.8898768924585441,0.047994500460259826
1,1,0.15291890507613293,0.8332911688481975,0.013789926075669411
0,1,0.45715274438717185,0.5362248056216751,0.006622449991153136
1,1,0.22755067044332555,0.7665923125968137,0.005857016959860654
0,0,0.8678216113806739,0.13185147607727735,0.00032691254204883616
0,0,0.8703998246095727,0.12915978918240664,0.00044038620802075933
0,0,0.6956296872032004,0.3029777215998032,0.0013925911969964757
1,0,0.6405644451597974,0.35773534843109894,0.0017002064091036588
1,0,0.5754016753042474,0.42308137215766056,0.00151695253809208
1,0,0.6533304214784219,0.3460685202681389,0.0006010582534392436
1,1,0.40691916666030575,0.5904038891163738,0.0026769442233204985
1,1,0.21098620386403452,0.7823826467428833,0.006631149393082113
2,1,0.028114418456940193,0.49247948910319284,0.47940609243986704
1,2,0.03176716486552696,0.4363547574263374,0.5318780777081356
1,1,0.1036777328206969,0.8862087759304095,0.010113491248893679
2,2,0.009309674980778192,0.29950302124947853,0.6911873037697434
1,1,0.07075256390972673,0.8858310848110641,0.04341635127920915
2,1,0.010025605791167302,0.859921475381838,0.1300529188269946
0,0,0.8227492005729568,0.17603311555055126,0.0012176838764921102
1,1,0.08251078447298249,0.8906637934040743,0.02682542212294326
0,1,0.39946212368429607,0.5961775533835103,0.0043603229321936806
1,1,0.1410332606687146,0.8430896067967947,0.015877132534490704
1,1,0.07666333704861028,0.9066407417976968,0.016695921153692925
0,0,0.6590230773767048,0.3390143093722139,0.0019626132510812385
0,0,0.6422548924665017,0.35493006969044943,0.0028150378430488827
1,0,0.5707781985713003,0.4244994679584524,0.004722333470247354
1,1,0.18993371544864346,0.8020864799869346,0.007979804564421917
1,1,0.18646728384561134,0.788292234994007,0.025240481160381658
1,1,0.1363128041605897,0.8302978060198662,0.03338938981954408
1,1,0.06926221612593375,0.9063600949367059,0.024377688937360344
1,1,0.1494142758875087,0.8348678722500941,0.015717851862397225
0,0,0.854431374797255,0.1449131720744555,0.000655453128289441
2,2,0.00037672362162555564,0.05536818115994997,0.9442550952184244
0,1,0.06484429549922545,0.9153159687918031,0.019839735708971316
0,1,0.37956200701416903,0.6159288117932099,0.004509181192620965
0,0,0.6642222621771621,0.33531913322752527,0.0004586045953127722
1,1,0.33754082268946173,0.6592187491309022,0.00324042817963606
1,0,0.7002332633079829,0.2986882949527319,0.0010784417392853062
2,2,0.005958964284665411,0.4658651603585665,0.528175875356768
1,1,0.3329070855911081,0.6599962679446673,0.0070966464642246855
1,1,0.038644054816779565,0.9319481537643661,0.029407791418854183
1,1,0.1668596265683738,0.7994776171115988,0.03366275632002743
1,1,0.21240516351515593,0.7818493583440908,0.005745478140753186
1,1,0.07523714135203274,0.8983888688251607,0.02637398982280653
1,1,0.23233436566685525,0.7605998049586115,0.007065829374533293
0,1,0.334969943439183,0.6538070426592965,0.011223013901520492
0,0,0.8721198659920404,0.12735740123420566,0.0005227327737538587
1,1,0.26438327762326,0.7235999933990224,0.012016728977717465
1,1,0.2240749965780923,0.7694366548296363,0.006488348592271394
1,1,0.40057497851907514,0.5970735775115621,0.0023514439693628443
0,0,0.7404072544823427,0.2590971504558713,0.0004955950617861368
1,1,0.06586207621557379,0.9085375408440479,0.025600382940378356
1,0,0.7312640788246803,0.2675490921994679,0.0011868289758518735
2,1,0.05101022902669692,0.8463240405286261,0.1026657304446768
0,0,0.7653661961962629,0.23319696088771447,0.0014368429160226193
1,1,0.05211016761410443,0.890261327713605,0.05762850467229069
1,1,0.2056177983686059,0.7864351707413576,0.007947030890036488
0,0,0.6201791225617519,0.37925802740488285,0.0005628500333652719
1,0,0.5679850866088867,0.43088069841954996,0.0011342149715633245
1,1,0.17484105180479684,0.811482993851986,0.013675954343217197
1,1,0.3636468473960634,0.6307775976124202,0.005575554991516319
1,1,0.06573105553171864,0.9024044818117977,0.0318644626564836
1,1,0.21513191554167618,0.7694134924471178,0.01545459201120604
1,1,0.355076750741765,0.6389291188502394,0.005994130407995674
1,0,0.6503002425396006,0.34801150307324924,0.0016882543871501946
1,1,0.18999386931028994,0.7863693932468119,0.023636737442898157
0,0,0.8636765368225058,0.13569622557852107,0.000627237598972935
2,2,0.0011967080711746754,0.1505255560904689,0.8482777358383564
1,1,0.23799100047337304,0.7469882370454312,0.015020762481195724
0,0,0.705817885905021,0.29296072825453945,0.001221385840439528
1,1,0.19140527229019477,0.7975017044016042,0.011093023308201031
1,1,0.19894547065976276,0.7841209037985687,0.01693362554166865
1,1,0.38343849269923147,0.6121942630937456,0.004367244207022896
0,1,0.4291522966492254,0.5680440133585525,0.002803689992222141
0,1,0.3196502494184948,0.6733458781623645,0.007003872419140771
0,0,0.8006540992236284,0.19886921559961798,0.0004766851767535502
1,1,0.14666177305411238,0.8405944257132716,0.012743801232616054
0,0,0.9067546070910695,0.09308142628781224,0.00016396662111831526
1,1,0.3839641303519033,0.6104675853674476,0.005568284280649201
0,1,0.12080558309424845,0.8597535580462958,0.019440858859455623
1,1,0.27448253256260075,0.7160019802356095,0.009515487201789768
1,1,0.1565017080856198,0.8122977133473579,0.031200578567022182
1,1,0.05821372981153109,0.8978393916420631,0.04394687854640578
1,0,0.6684041339498651,0.3305624652413721,0.0010334008087627088
0,0,0.6007243807890591,0.39837513220402027,0.0009004870069207213
1,1,0.21654593337476352,0.7763444076833164,0.007109658941920067
1,1,0.3666488872022401,0.6288809989365358,0.004470113861224181
0,0,0.5503109964760551,0.4478588726536522,0.0018301308702928603
1,1,0.47993686029778043,0.5151256498593751,0.004937489842844355
2,1,0.05429171932437209,0.9142766868454599,0.031431593830168046
2,2,0.0009606362432668168,0.14575940287357536,0.8532799608831577
1,1,0.22697745654688087,0.7669117154032677,0.006110828049851444
0,0,0.7879202359481419,0.21073619956214298,0.00134356448971503
1,1,0.09760007171979312,0.8762919413221191,0.026107986958087807
1,1,0.21538853688912926,0.7687556107238437,0.01585585238702705
2,1,0.04378799499841113,0.5351589979775458,0.421053007024043
0,0,0.664969278409345,0.33433265020468594,0.0006980713859688637
1,1,0.3871861536092434,0.6019601612590616,0.010853685131695013
0,0,0.8605780248396006,0.1388977332502773,0.0005242419101221023
0,1,0.44651209874311326,0.5494760253285312,0.004011875928355549
1,1,0.07281413062632132,0.9158061361646587,0.011379733209020054
1,1,0.4538807809257354,0.5363892905801336,0.009729928494130877
0,0,0.5515444426162248,0.44437713537679185,0.004078422006983339
1,1,0.29250625847028516,0.6883172158640384,0.019176525665676587
0,0,0.646832544696254,0.3506319107442784,0.002535544559467694
1,1,0.09954423770224753,0.8627503425294814,0.037705419768271235
1,1,0.13523581030179785,0.8482434912971659,0.01652069840103625
1,1,0.30936809464628356,0.6827280713868867,0.007903833966829728
1,1,0.16499475477779066,0.8167076493789848,0.01829759584322447
1,1,0.09608524538048495,0.8800395570207604,0.023875197598754578
2,2,0.0003298526021829927,0.08264223143744413,0.9170279159603729
1,1,0.09621501259527637,0.874796319779687,0.028988667625036536
1,0,0.7417773699606784,0.257280847171629,0.0009417828676925507
1,2,0.006669670118352464,0.32936984903647676,0.6639604808451708
1,1,0.23647443673225266,0.7539713072799039,0.009554255987843306
1,1,0.13941623624007315,0.8131573013901588,0.04742646236976809
0,0,0.6970908636377238,0.3019926299908989,0.0009165063713774034
2,2,0.003057712814452006,0.21893373256263124,0.7780085546229167
0,0,0.772230431589848,0.2267742876446868,0.0009952807654651662
0,0,0.5159140198017895,0.4799284430503007,0.004157537147909812
1,1,0.029155315227625222,0.9286812981727663,0.04216338659960831
1,1,0.3365307930245421,0.6524908793966561,0.010978327578801862
0,1,0.3269914454257706,0.6587954355393181,0.014213119034911268
0,1,0.2109548867178568,0.7794586049436704,0.009586508338472783
1,1,0.40740904247588405,0.5824096329625396,0.010181324561576452
1,1,0.2952522874329259,0.6960623011600342,0.00868541140703985
1,1,0.2867740576808217,0.7038573795271533,0.009368562792024849
1,1,0.352439613421651,0.6346370653036985,0.012923321274650668
1,0,0.5330715598749259,0.4600237047693676,0.006904735355706443
1,1,0.16337590446084085,0.8206049466150362,0.0160191489241228
0,0,0.8927628594188635,0.10682254687159465,0.00041459370954207683
0,0,0.8477052448518473,0.15184087853364392,0.0004538766145087044
0,1,0.48643812415403764,0.5103321751511443,0.003229700694818089
0,1,0.18184177256592327,0.8086673305326905,0.009490896901386218
0,0,0.7161931445780502,0.28158265000328936,0.0022242054186604465
1,0,0.569177266196947,0.4294124282940815,0.001410305508971575
0,0,0.6163629527517022,0.3829257456806166,0.0007113015676812782
1,0,0.5614820206175437,0.4347781310115689,0.0037398483708874822
1,0,0.5091916512171478,0.4869141019509164,0.0038942468319358887
0,0,0.5623464943178367,0.432859408693703,0.00479409698846018
1,1,0.05454397813650163,0.904607792013668,0.040848229849830386
1,1,0.3355127362826512,0.6602726630582283,0.0042146006591203536
1,0,0.5063320830888663,0.490123223910401,0.003544693000732593
1,1,0.243111412823386,0.7485215701627272,0.008367017013886787
0,0,0.8067422724839803,0.19299988111258104,0.0002578464034384603
0,1,0.3024118832029972,0.6927934018689388,0.004794714928063943
0,0,0.6496862331708113,0.3472571687576154,0.0030565980715732987
2,2,0.009757899571458908,0.24653611410404663,0.7437059863244945
2,1,0.010435072852317326,0.6162098253383664,0.37335510180931636
1,1,0.24752347910232791,0.7447196936648208,0.007756827232851133
2,2,0.00032347107758898974,0.06085022072748869,0.9388263081949222
1,0,0.6395851987931558,0.3578319099420693,0.002582891264774984
1,1,0.4543761234689496,0.5400163856832322,0.005607490847818229
1,1,0.30575316659836094,0.6854508914131704,0.008795941988468555
0,0,0.7644323934184928,0.23489433352737876,0.000673273054128373
1,1,0.32296232346119663,0.6695614178941309,0.007476258644672518
1,1,0.09036050926470157,0.8848441373887362,0.024795353346562174
0,0,0.5906084302948276,0.4061249950281882,0.0032665746769842616
0,1,0.4985870973161371,0.4989125642074038,0.002500338476459145
0,0,0.5203245453007797,0.4778982128284823,0.0017772418707381057
1,1,0.018562226670215305,0.9040496739987756,0.07738809933100908
0,0,0.5788716505228996,0.41715413856195743,0.003974210915143031
0,0,0.7282816648987406,0.270359942294352,0.0013583928069074442
1,0,0.5618065696382631,0.43683619418551634,0.0013572361762204312
1,1,0.22119840620515735,0.7717529385053337,0.00704865528950889
1,1,0.07059446726457726,0.5405685420563973,0.3888369906790255
1,1,0.03869128248769391,0.8772783527922969,0.08403036472000928
2,2,0.027737997425829726,0.4828609013044758,0.48940110126969444
1,1,0.018022262110401824,0.9015227604085674,0.08045497748103078
0,0,0.8528267672430974,0.14667136727430957,0.0005018654825930049
0,1,0.07928870152396436,0.896954912992072,0.023756385483963784
0,1,0.31538114545532775,0.678048608214564,0.006570246330108341
1,1,0.33498149969574786,0.6572626212332081,0.00775587907104399
1,0,0.8111716083647069,0.18845345330460006,0.00037493833069293653
0,0,0.7621060121558335,0.23655583198494526,0.0013381558592212833
2,2,0.006642309759496642,0.26712601315551887,0.7262316770849846
0,1,0.37414230024049994,0.6204124825010516,0.0054452172584483335
0,1,0.2603439205518283,0.7309979737683107,0.008658105679861042
0,0,0.8938626335189396,0.10573491041487865,0.0004024560661818513
0,0,0.8067140139465072,0.19206528517879265,0.0012207008746999844
2,2,0.0009879453036757931,0.16487753038050731,0.834134524315817
1,1,0.45566286184993615,0.5409174273511989,0.003419710798864878
1,1,0.04553932833543259,0.9221049871765424,0.032355684488024894
1,1,0.20254788044375147,0.7893482059217679,0.008103913634480667
1,1,0.09723379572878457,0.831562235455402,0.07120396881581333
0,0,0.7324698445060106,0.26416155575719724,0.003368599736792293
1,0,0.7455251267959969,0.2538258643291658,0.0006490088748372994
0,0,0.5619481716163308,0.43592292245722647,0.0021289059264428534
0,1,0.4771451725706485,0.5180517867451945,0.004803040684157077
1,1,0.34752383133629505,0.6443944537065563,0.008081714957148569
0,1,0.4371987235253344,0.5556528018370368,0.007148474637628874
0,0,0.6438262790618176,0.35316684111559893,0.0030068798225834454
1,1,0.32116336381651883,0.6656049182232465,0.013231717960234635
0,0,0.6946733903744045,0.30402038464537756,0.001306224980218108
1,1,0.11124594429167005,0.8746829564957448,0.014071099212585059
0,1,0.3442674139743772,0.6485766742044525,0.007155911821170149
0,1,0.3268262309471466,0.6581273342980074,0.015046434754845937
1,1,0.04249718464119355,0.9218520141988996,0.03565080115990679
0,0,0.8386203694463159,0.1600826626707664,0.001296967882917867
1,1,0.2191663561967951,0.7738287388560483,0.007004904947156661
1,1,0.07138834050382473,0.8829852738150629,0.04562638568111234
1,1,0.10900602475393632,0.8852006640865708,0.005793311159493062
0,1,0.396417972751648,0.599117119635626,0.004464907612725999
1,0,0.6085724229127862,0.3896616942012126,0.0017658828860012013
1,1,0.28211673495166945,0.7091869011132909,0.008696363935039714
0,1,0.367594190948042,0.6179360377705335,0.014469771281424423
0,0,0.7534225753636035,0.2457649720496925,0.0008124525867041759
0,1,0.4454801625015237,0.5492143912734296,0.005305446225046734
0,0,0.8363886065471485,0.16257503134893259,0.0010363621039189636
1,1,0.08515490070081246,0.8653964108086866,0.049448688490501186
0,0,0.5499950469062733,0.44770930586480745,0.002295647228919189
1,1,0.4923964040896311,0.5020366012385016,0.005566994671867291
0,0,0.6725352208091127,0.3241142633039717,0.0033505158869156434
1,1,0.3229463744809145,0.6617472533945408,0.015306372124544663
0,1,0.26615525280782215,0.724282464127495,0.009562283064682887
1,1,0.09538532051958262,0.889155270758148,0.015459408722269292
1,1,0.1733539951187497,0.8175797010118914,0.009066303869358819
0,0,0.6782975371295008,0.32086270434521674,0.0008397585252823492
1,0,0.5620623853976794,0.43661562805038956,0.0013219865519309975
0,0,0.7380644259370993,0.2614785070656386,0.0004570669972620468
0,1,0.176952747357774,0.8073517049454433,0.01569554769678283
1,1,0.06905405913388997,0.8880174213940821,0.042928519472027964
0,0,0.6044581374674503,0.39403007263394924,0.0015117898986005465
0,1,0.3277915062656123,0.6687366446906942,0.0034718490436935387
2,2,6.751960077461157e-05,0.05296025295679563,0.9469722274424297
1,0,0.7291453565490436,0.2692871051517988,0.001567538299157685
1,2,0.030291936268436875,0.23619724120142105,0.7335108225301421
2,2,0.010076297414789135,0.305150041163216,0.6847736614219948
0,0,0.6019713980792033,0.39462343609543965,0.0034051658253570886
2,1,0.055636367192609226,0.5386776279225314,0.4056860048848594
1,1,0.1419681688688562,0.8421174136274807,0.015914417503663108
2,2,0.00036561137338142604,0.1217681476066916,0.877866241019927
1,1,0.14943516584945604,0.827144602937527,0.023420231213016937
0,0,0.8600475990308256,0.13922858689209255,0.0007238140770818081
2,2,0.003580041559456511,0.3748684085771916,0.6215515498633519
1,0,0.7036854733128565,0.29475854273248475,0.0015559839546588645
1,1,0.2496215030335142,0.7435470401159481,0.006831456850537788
0,0,0.7268044369744483,0.27092537346589246,0.0022701895596593555
0,1,0.46557759099073015,0.5291014283641434,0.005320980645126369
1,1,0.492430482737284,0.5030261610236625,0.004543356239053461
0,0,0.8333014699610797,0.16512461643373108,0.001573913605189083
1,1,0.13143755464861429,0.5727498729618227,0.29581257238956293
1,0,0.736963279634509,0.2610214913409861,0.002015229024504788
1,1,0.030404456669476217,0.8179814529852487,0.15161409034527515
1,1,0.4850982694205749,0.5123194158546963,0.0025823147247288785
0,0,0.8018550683460735,0.1976847033510207,0.0004602283029057784
0,0,0.8787902137425274,0.12090047611802388,0.00030931013944868305
1,1,0.42796293550504155,0.5612970465474107,0.010740017947547746
1,1,0.02229799551153463,0.9217930409654507,0.055908963523014825
0,0,0.7327639583299291,0.2656736933200269,0.001562348350043962
0,1,0.3837060146282266,0.6128933020463324,0.003400683325440995
0,0,0.5540355941944789,0.44125779633518986,0.004706609470331332
1,1,0.2689186367512221,0.7258091937818759,0.005272169466901976
1,1,0.22024805369051728,0.7669887227571269,0.012763223552355752
0,1,0.4260768898617,0.5664497472543457,0.0074733628839542664
0,0,0.8650227546009779,0.13441906265016848,0.0005581827488535117
0,1,0.49378484240101694,0.5026406762791961,0.0035744813197870684
1,1,0.25059610029295365,0.7424399186635146,0.006963981043531816
1,2,0.044689086798590794,0.46912565020988894,0.48618526299152026
1,0,0.5630058093389817,0.4358257703616638,0.0011684202993545894
2,2,0.023317931459829758,0.37214862061609383,0.6045334479240765
1,1,0.2289952968265216,0.7661787319588717,0.004825971214606733
1,1,0.20961738118970683,0.7625749018630952,0.02780771694719801
0,0,0.6608820991177318,0.3373291108355669,0.0017887900467012977
1,1,0.3339341429442449,0.6538711195273696,0.012194737528385508
0,0,0.7902004812982416,0.20926749977503212,0.0005320189267263507
1,0,0.6766534853139351,0.32011672328029744,0.0032297914057675087
0,0,0.5544138562217564,0.43529471614613324,0.010291427632110401
0,0,0.9487364775418708,0.05096456558752014,0.00029895687060908376
1,1,0.04337444766257671,0.9163073674313248,0.04031818490609857
0,0,0.7795515229568153,0.21994132165017052,0.0005071553930141518
2,2,0.018589106155885333,0.39508924756344893,0.5863216462806656
1,1,0.26579845261758095,0.7160742943760825,0.018127253006336518
1,1,0.09736041027747878,0.8823356594691542,0.02030393025336715
1,1,0.10350686518844139,0.8741871207648455,0.022306014046713188
0,0,0.8956202322217146,0.10403059177416961,0.00034917600411577443
1,1,0.1307039205441604,0.8476519915444176,0.021644087911422024
1,2,0.0071304248966142,0.24573392449376888,0.7471356506096168
1,1,0.07177196102153452,0.892792664877416,0.03543537410104942
2,1,0.0891388801460762,0.8768502715672077,0.03401084828671591
0,1,0.05230915341768697,0.9232294541068556,0.024461392475457183
1,1,0.23174103563890214,0.7383388963889531,0.029920067972144863
0,0,0.6820817997486511,0.3161472261559614,0.0017709740953875195
1,1,0.15786980633790654,0.816696630887735,0.02543356277435842
1,1,0.36984122959188953,0.6210587628914763,0.009100007516634208
1,0,0.7389095322379796,0.2598764165716598,0.001214051190360655
0,1,0.3403482931709884,0.6568217965433771,0.0028299102856344798
0,0,0.5323704003667353,0.46191699122821533,0.005712608405049358
1,1,0.35407282100839665,0.6447318225269315,0.001195356464671725
1,2,0.0011397596928657734,0.020022427415216617,0.9788378128919176
1,1,0.4245029253683488,0.5700761167637934,0.005420957867857781
1,1,0.22615984581580212,0.7629380528531228,0.010902101331075123
2,2,0.0006413098587931242,0.09690365553305122,0.9024550346081557
0,0,0.7409767912339691,0.2574385697519331,0.0015846390140978389
1,1,0.44322765771798617,0.5522365879361691,0.0045357543458447785
1,1,0.29710456706070626,0.6942699434375318,0.008625489501762033
1,0,0.7529024985147283,0.24639212354362974,0.0007053779416419441
1,2,0.01369389482181095,0.40821643302090493,0.578089672157284
1,1,0.2288705806141425,0.7657516532101764,0.005377766175681115
1,1,0.335650054815018,0.654505193485722,0.009844751699260159
1,1,0.1896549075489175,0.8018406614964362,0.008504430954646355
1,1,0.11320909661125376,0.8327857232231776,0.054005180165568586
1,1,0.05980847300455218,0.9220133829208954,0.018178144074552444
0,0,0.7933393685687922,0.20601368843895446,0.0006469429922533124
1,1,0.14600009091118885,0.8441552623623773,0.009844646726433858
1,0,0.7772439526696526,0.22113277055935066,0.0016232767709966752
0,1,0.4946923445999391,0.5033697470400773,0.0019379083599836589
0,0,0.5731169819860656,0.4243725322233843,0.002510485790550142
0,0,0.8400904415466185,0.15883326322954647,0.0010762952238348928
1,0,0.7790824124621404,0.21987881098035583,0.0010387765575038072
1,1,0.12045748275817941,0.858417359678416,0.02112515756340456
0,1,0.31360299673424186,0.6757314916435351,0.01066551162222308
0,0,0.6776532490002435,0.3216338311687003,0.0007129198310561584
1,1,0.17625517572177818,0.8114395430322248,0.012305281245997163
2,2,0.00011954180691887356,0.00905506369257688,0.9908253945005042
2,2,0.0024440436675441228,0.17865046883903526,0.8189054874934206
0,0,0.884786225338304,0.11492375415988339,0.0002900205018126991
0,1,0.1476930926690257,0.8394332355574519,0.012873671773522524
0,0,0.5935755357981443,0.4047987982212934,0.0016256659805624419
1,1,0.11874894954901835,0.8700842188953164,0.011166831555665273
2,2,0.0012356262896705173,0.1270558308696407,0.8717085428406887
1,1,0.07573637663138168,0.8720193410225898,0.052244282346028584
1,0,0.6115661765938475,0.3855540168167764,0.002879806589375984
0,0,0.6676659695109256,0.32927874631241,0.003055284176664508
1,1,0.04456754037592167,0.8743441085617984,0.08108835106227986
1,1,0.22362283428998375,0.7682055764872256,0.00817158922279066
1,1,0.04637309681591439,0.9320152932390058,0.021611609945079813
1,1,0.04916289002288033,0.9329954348530416,0.01784167512407816
0,1,0.28021725633033756,0.7094339400794699,0.010348803590192654
1,1,0.253665399391709,0.7388451899265606,0.007489410681730343
1,1,0.015017788110087806,0.9066226588706067,0.0783595530193057
2,2,0.004613821277384381,0.2321747417389598,0.7632114369836558
1,1,0.435928510319055,0.5617483401571219,0.002323149523823123
1,1,0.3389163262454154,0.656506550170608,0.004577123583976739
0,0,0.6077769136004469,0.3906379094387598,0.0015851769607932702
1,1,0.3656118068885376,0.630149480540647,0.0042387125708154595
2,2,0.0011304785548725798,0.1823787454500754,0.8164907759950519
0,0,0.7455181430062418,0.2540020444562264,0.00047981253753189
1,1,0.4048737168027548,0.5886584720260335,0.006467811171211682
1,1,0.17483646738603723,0.8079978540157697,0.017165678598193037
0,1,0.38683161587516446,0.6106080421797886,0.0025603419450469763
0,0,0.6636369569034118,0.33405708353881064,0.002305959557777565
0,0,0.8450754350097671,0.15449494930389104,0.00042961568634177085
1,0,0.6272627281584546,0.3688191172797487,0.003918154561796651
1,1,0.2538366433959126,0.7343866371270273,0.011776719477060079
1,1,0.30594007129449513,0.6727603714046592,0.021299557300845824
1,1,0.09539622885652684,0.88328776061232,0.021316010531153187
0,0,0.5509920473547468,0.4477341139432663,0.0012738387019868853
1,1,0.3877427954086566,0.6076777561081257,0.004579448483217712
1,0,0.847195315892401,0.15216200522728884,0.0006426788803100147
0,1,0.4731873323576767,0.5232674041666596,0.0035452634756636342
2,2,0.006529368065681927,0.3159682602508972,0.6775023716834208
0,0,0.6474896593228796,0.3504025136514187,0.0021078270257016995
1,1,0.1431722265482598,0.8305539942176982,0.02627377923404188
1,1,0.17723012698019514,0.8010479812005217,0.0217218918192832
1,1,0.36900232991178256,0.6208821658390591,0.010115504249158363
1,1,0.32661014972137303,0.6647927900475805,0.008597060231046462
0,0,0.6301817734931282,0.3682951830863568,0.0015230434205149763
1,1,0.08806831932613135,0.8527389667464521,0.05919271392741651
0,0,0.6734636153401788,0.3244183421926156,0.002118042467205424
2,2,0.0004990433715481903,0.06924424682762906,0.9302567098008226
1,1,0.32807934485244444,0.6613361807344983,0.010584474413057203
1,0,0.5695143823108623,0.42291675157133085,0.0075688661178069635
0,0,0.7925382823578662,0.20662109149525335,0.0008406261468804808
1,1,0.3773158915846907,0.6173078827728531,0.00537622564245633
0,0,0.5433907461733769,0.451132705587227,0.005476548239396173
0,1,0.3251464861358407,0.6718107587591305,0.003042755105028801
0,1,0.09052922075695093,0.8833284794152249,0.026142299827824223
1,0,0.8825983897268161,0.11704514448037322,0.0003564657928106576
0,0,0.6020289712698659,0.3960640140858313,0.001907014644302779
1,1,0.26743391375957326,0.7186137803272038,0.013952305913222931
0,1,0.4951425736422019,0.5004309039866812,0.004426522371116973
1,1,0.17418556405177404,0.8116686015784612,0.014145834369764838
0,1,0.15890575734441806,0.8347551021868704,0.006339140468711615
1,1,0.2721224992754723,0.7209933026946886,0.006884198029839195
1,1,0.07558675433268569,0.8678400102659566,0.056573235401357815
0,0,0.5588863709314233,0.434667143889871,0.006446485178705621
0,0,0.6611216095429642,0.3348512231354409,0.0040271673215949025
1,1,0.28963495972162384,0.6983312654690167,0.01203377480935957
0,1,0.388319656312576,0.6026618584131198,0.009018485274304083
0,0,0.7712363034949697,0.22840967151639965,0.000354024988630578
0,0,0.6919814470681666,0.3056387787788146,0.0023797741530188835
1,1,0.2744881338302062,0.7101180054840215,0.015393860685772332
1,1,0.48254492946005045,0.5137450249636222,0.003710045576327271
0,0,0.6993452877002367,0.29872488065432173,0.0019298316454414467
0,1,0.24960651419911187,0.7466187849232264,0.0037747008776617737
1,1,0.10533671178374901,0.8556576716889309,0.03900561652731992
0,0,0.7859218574625714,0.2133377420293681,0.0007404005080604244
0,0,0.8857046652696684,0.1139916261429116,0.0003037085874199954
0,1,0.1969697417331777,0.7847512225043269,0.018279035762495392
0,0,0.7146222554631114,0.28439142249112853,0.0009863220457600548
0,0,0.8200414017298334,0.17972964427925392,0.00022895399091252868
0,1,0.2102918496129628,0.7823317987241082,0.007376351662929142
0,1,0.20695789210360177,0.779735645495499,0.013306462400899234
1,1,0.1304632036580638,0.8447725299087457,0.0247642664331906
1,1,0.03192942402863904,0.9401762792917481,0.027894296679612844
0,0,0.8160910261390748,0.18372818548175232,0.0001807883791727874
0,0,0.8736957306780513,0.12607440885945925,0.00022986046248942238
1,1,0.24131427727262333,0.7467865476242735,0.011899175103103034
1,1,0.4927297506630609,0.5039739866476717,0.0032962626892674373
1,0,0.6140467185796983,0.382918209026533,0.0030350723937687106
1,1,0.34838460144767724,0.6464954281324787,0.005119970419843985
1,1,0.18350413478356004,0.8120505368087545,0.004445328407685323
1,1,0.12732229823183816,0.8600928772305039,0.012584824537657928
1,1,0.29107728244345743,0.7014772972016673,0.007445420354875225
0,0,0.5373429676259229,0.4603921389959371,0.0022648933781398853
1,1,0.4829485768865718,0.510078597693666,0.0069728254197621775
1,1,0.24671993133988468,0.7435017375829099,0.009778331077205406
1,1,0.29592047258982185,0.6911462115468228,0.01293331586335546
0,1,0.46475284850704807,0.5271427556007815,0.008104395892170442
0,0,0.5479032642836261,0.4505415353283555,0.0015552003880184634
1,1,0.051015623141245026,0.8971104997282245,0.05187387713053048
1,1,0.29860312947044215,0.6956200791445754,0.005776791384982464
1,1,0.11272493154179862,0.8354989916515503,0.05177607680665104
0,0,0.5577295828627852,0.43857999999087655,0.003690417146338199
0,1,0.23621938760404199,0.7478325288868954,0.01594808350906259
0,0,0.7496949646669465,0.24798426771767243,0.002320767615380993
1,1,0.393180172169026,0.6026974960652526,0.0041223317657214905
0,0,0.5945739504701488,0.40173282161520824,0.003693227914642967
0,0,0.5977584359866625,0.4006218510812054,0.00161971293213229
1,1,0.24070113719803496,0.7528084120499273,0.006490450752037558
0,0,0.526869602413012,0.4693994675851037,0.0037309300018844222
1,0,0.5977606711432689,0.3989582924248867,0.0032810364318445057
1,0,0.8050361637384142,0.1942102542307323,0.0007535820308536204
1,1,0.3070960908326243,0.6855228770920722,0.007381032075303614
2,2,0.00022340530463969962,0.030241813785502347,0.969534780909858
1,1,0.15590347366814444,0.83541595773188,0.008680568599975572
0,0,0.5004924333240642,0.49408844858031414,0.005419118095621659
1,1,0.05833112260113599,0.8665410270418431,0.07512785035702094
2,2,0.021464133193536766,0.4313043862299905,0.5472314805764726
1,1,0.35305155150805606,0.640495308825633,0.006453139666310843
1,1,0.29101318753415023,0.7021058094763062,0.006881002989543521
0,1,0.3642137383383899,0.6180782443866699,0.017708017274940188
1,1,0.18238823126595005,0.8117010181720405,0.0059107505620095155
1,0,0.8239144221971733,0.17534152681164844,0.0007440509911783733
0,1,0.4783529093547317,0.5187571959557901,0.0028898946894783083
1,0,0.8540574598036553,0.1457178101519797,0.00022473004436486874
2,2,0.00658975209152972,0.23407663812433316,0.7593336097841371
0,0,0.5596327287408961,0.4362034375167856,0.00416383374231833
1,1,0.38060181244064767,0.607155920990448,0.0122422665689044
2,1,0.0544149111098908,0.8672357294946433,0.07834935939546585
2,2,0.003546423244033178,0.23243242574736556,0.7640211510086014
1,1,0.4506073007171636,0.5433237800943914,0.00606891918844503
2,1,0.02228505075340251,0.8126137952030824,0.16510115404351505
1,1,0.2780191509686097,0.7167059109561883,0.005274938075202002
1,1,0.25460681493567966,0.7374342129825452,0.007958972081775218
0,0,0.5408221585086401,0.4564498854699037,0.002727956021456191
0,0,0.9333299433961887,0.0665681346526884,0.00010192195112286858
1,1,0.024838793701109238,0.9189553845116682,0.05620582178722244
1,1,0.07067057417377158,0.9086071467361172,0.020722279090111366
0,0,0.6587199903908519,0.3374310684696914,0.0038489411394567723
1,0,0.8160509539181087,0.1833227240509213,0.0006263220309700188
1,1,0.2855906726585302,0.7015844494583345,0.012824877883135237
1,1,0.4581483440863975,0.5375837408664131,0.004267915047189361
0,0,0.7897374474731161,0.2092475024201253,0.0010150501067584879
1,1,0.30402187122839625,0.6913217669414726,0.004656361830131241
1,1,0.40031177753815217,0.5959015158484317,0.0037867066134162504
0,0,0.8227265669379409,0.17598342620141535,0.0012900068606437759
1,1,0.15264849186177298,0.836224347765966,0.01112716037226093
1,1,0.3310301676836455,0.6643016045108059,0.0046682278055486266
1,1,0.19597710432477225,0.7912411457245422,0.012781749950685577
1,1,0.11100824128875549,0.8500309202685091,0.03896083844273536
1,1,0.3362386509266376,0.6541141346096863,0.009647214463676128
1,1,0.3759391334702284,0.6192586127184745,0.0048022538112971755
0,0,0.8348588014640284,0.164584340990928,0.0005568575450436491
1,1,0.08269655966768125,0.8920886066098042,0.025214833722514603
0,0,0.729274511415881,0.269659687345061,0.0010658012390580274
0,0,0.7318439403023618,0.2670377972952165,0.001118262402421661
0,0,0.5978207115966429,0.3985670739044327,0.0036122144989244784
0,1,0.435671085453853,0.5567584360231312,0.0075704785230157525
0,0,0.5717938190003302,0.42543129095682336,0.0027748900428464776
1,2,0.0010892706557499275,0.13655114614236705,0.862359583201883
1,0,0.6884017118037606,0.31048419064799093,0.0011140975482483392
2,2,0.0003274140444461937,0.12408270475606419,0.8755898811994897
1,0,0.5775292589731155,0.41926267374338416,0.003208067283500327
0,0,0.5594209823404113,0.4382082968964081,0.0023707207631806547
1,1,0.3301565420496614,0.6552495854919294,0.014593872458409344
2,2,0.00018945577055727326,0.058281637125062145,0.9415289071043805
0,0,0.6177870934571768,0.3793090728778117,0.0029038336650115855
2,2,0.0010143928599340392,0.22659337891207268,0.7723922282279934
0,0,0.5924534881107256,0.4064871243591729,0.0010593875301014187
1,1,0.2831335910579209,0.7120109764985962,0.004855432443482835
0,1,0.32990829992738785,0.6540752395306992,0.016016460541913073
0,1,0.14697590521828324,0.812666880480115,0.04035721430160182
0,1,0.30601024512582603,0.6893705011378064,0.0046192537363675895
1,1,0.10008293509367538,0.8677908516859718,0.03212621322035264
0,1,0.3757813933542709,0.6180843137126513,0.006134292933077791
1,1,0.07847247813320961,0.8932246130413538,0.028302908825436537
1,0,0.7207371966175976,0.2772578263350406,0.002004977047361776
1,0,0.5928013442505219,0.4058591289251106,0.0013395268243675325
0,0,0.6933087450832954,0.30394819818029467,0.0027430567364099797
1,1,0.038198788742520216,0.8989029260775121,0.06289828517996783
1,0,0.7282190650697437,0.27066131166042984,0.001119623269826452
1,1,0.14105817669172407,0.8461131523145863,0.012828670993689608
0,0,0.6662692919145639,0.3323123861138901,0.0014183219715460551
0,0,0.6417828809682081,0.35657142497152644,0.0016456940602653594
2,2,0.0059487874306732415,0.3341349794737755,0.6599162330955513
0,0,0.5598737881100367,0.43637114390563275,0.0037550679843304535
2,2,0.00016350918854484748,0.0747498170064978,0.9250866738049573
1,1,0.4182113815803568,0.5790221675143763,0.002766450905266994
1,1,0.32458760007178816,0.671578128475695,0.003834271452516844
0,0,0.5644010803682329,0.43292143149828,0.002677488133487176
1,1,0.23966939758358105,0.7518240835526793,0.008506518863739659
1,1,0.4247040655599216,0.5704599549982771,0.004835979441801434
1,1,0.4248097135124889,0.56709140693116,0.008098879556351196
1,1,0.16491018008700184,0.7996282074533159,0.035461612459682254
1,0,0.7257940103920734,0.27370770099009645,0.0004982886178302561
1,1,0.4587805019685601,0.5373462754497353,0.00387322258170464
1,0,0.5617447404899313,0.4354685468027075,0.002786712707361182
0,0,0.5771172224461297,0.41966674954180333,0.003216028012066955
0,0,0.77264890010194,0.2258690776745815,0.001482022223478666
0,1,0.2868220612895078,0.7029113722246693,0.01026656648582287
0,0,0.7218175483606687,0.2762227270271878,0.00195972461214353
1,1,0.1238078641367215,0.8338073730669191,0.042384762796359436
2,2,0.0007343186311415103,0.18522786817348494,0.8140378131953736
1,1,0.44982160994087317,0.5451023141596844,0.0050760758994424105
0,0,0.5727026305059784,0.4241035494985843,0.0031938199954374296
0,0,0.6842742828272765,0.31354110578583294,0.0021846113868905104
0,0,0.8371197868132113,0.1617647704888178,0.0011154426979709052
0,0,0.8171548491735164,0.1823836851889496,0.0004614656375339846
1,1,0.45646933517275623,0.5420463397411616,0.0014843250860820392
1,1,0.18516605977570194,0.8031263694795989,0.011707570744699178
2,2,0.027003304042542923,0.3920248699949221,0.5809718259625349
0,0,0.818877659946037,0.18037647783949864,0.0007458622144642043
0,1,0.36597450354118616,0.6285333124656662,0.0054921839931477015
0,1,0.07553487579056552,0.9069086246660272,0.017556499543407367
1,1,0.21282888150560275,0.7769213860505155,0.010249732443881707
0,0,0.737852232852342,0.26087669477654296,0.0012710723711149565
0,1,0.3930128573765325,0.6027116925455083,0.004275450077959161
1,1,0.09227684348323999,0.8986981128702326,0.009025043646527396
2,2,0.0002619123893183713,0.05627667056061537,0.9434614170500664
2,2,0.005316471740928379,0.17806495470835515,0.8166185735507164
2,2,0.016233087364388797,0.312864218781976,0.6709026938536352
0,0,0.5429881782981741,0.45528202346432023,0.0017297982375056836
0,0,0.9578760781177718,0.04192715431152071,0.00019676757070742713
0,0,0.8186658722300857,0.18065960508132375,0.0006745226885906498
0,0,0.79671779789423,0.20253026818157413,0.0007519339241957159
0,0,0.6159114838609172,0.3803134970578041,0.00377501908127886
0,1,0.4861363458500889,0.5060160598269282,0.00784759432298284
1,1,0.20237350732915305,0.7908064237098752,0.00682006896097195
0,1,0.2664143808956035,0.721559537285575,0.012026081818821482
0,0,0.6957530677938976,0.3029357987456266,0.001311133460475839
2,2,0.0018141799293000052,0.32693060951960823,0.6712552105510917
0,0,0.7961701005101252,0.20303628804717638,0.0007936114426985036
1,0,0.5648954482809684,0.4336751545283682,0.0014293971906633389
0,0,0.5984062559135908,0.39775483373250664,0.0038389103539026486
0,1,0.3609776859330326,0.6304521757859038,0.008570138281063636
1,1,0.16851843214193662,0.8253888109725341,0.006092756885529245
0,1,0.22316178935758732,0.7703381282465404,0.00650008239587241
1,1,0.38257124838663925,0.6086384562751556,0.008790295338205127
1,1,0.3359589301446972,0.6460295646657206,0.018011505189582215
1,2,0.023467885764051878,0.3929019577463269,0.5836301564896212
1,1,0.04500435925924778,0.8626486570332744,0.0923469837074778
1,1,0.06941265597684822,0.9117515274337753,0.018835816589376587
1,1,0.38274324648429076,0.6136304384820108,0.0036263150336984006
1,1,0.08749862519750118,0.8582487928890646,0.05425258191343421
1,1,0.021379370939772494,0.9280661272455882,0.05055450181463923
1,1,0.080678794728123,0.8955760097205666,0.02374519555131043
1,1,0.13284675991308864,0.8368908800369634,0.03026236004994798
1,0,0.73454639768703,0.26481714723684785,0.0006364550761222186
1,1,0.20318665896949134,0.7905035260984591,0.006309814932049756
1,1,0.3833356232472546,0.612001186698745,0.004663190054000486
1,1,0.07838395133538935,0.9014520120302635,0.020164036634347057
0,0,0.8909347150794988,0.10850097922814418,0.0005643056923569903
0,1,0.45647934092337245,0.5420528273463816,0.0014678317302459305
2,2,0.02824327874229071,0.3944343482377242,0.577322373019985
1,1,0.4811222686153952,0.5151705584167304,0.0037071729678744758
1,1,0.08307882345750858,0.8832384827118347,0.033682693830656744
1,0,0.6309673776433541,0.3648180014279229,0.004214620928723014
2,2,0.00017893883919424436,0.05625745946178627,0.9435636016990194
0,0,0.6513168895617029,0.34788608864443543,0.0007970217938617775
0,1,0.4042773315071335,0.5912606919167679,0.004461976576098726
1,1,0.13362387368121711,0.8500392305904277,0.016336895728355224
1,1,0.16634771653862113,0.8273774806599047,0.006274802801474207
1,0,0.5402623077670075,0.45683919139664714,0.002898500836345285
1,1,0.21870474665507747,0.7756908581842591,0.005604395160663406
1,1,0.2090945334560406,0.781135543927517,0.009769922616442267
1,0,0.7505388460355827,0.2488497701143796,0.0006113838500377065
2,2,0.001382321435273891,0.15964320832292936,0.8389744702417967
0,1,0.3673445048778894,0.6293937658976234,0.0032617292244872076
1,1,0.33319950552858496,0.6618840810577485,0.004916413413666583
0,0,0.6019629675982974,0.3961839989618771,0.0018530334398254985
1,0,0.6084688021371331,0.38994760116607463,0.001583596696792277
0,0,0.6686391643593675,0.33061365103409807,0.0007471846065342563
0,0,0.9108456465340434,0.08903012642171214,0.00012422704424421916
1,0,0.7622766181034982,0.2371570757008323,0.0005663061956694869
0,0,0.5688113621745015,0.42933284251634823,0.0018557953091502216
1,1,0.12137150306836375,0.8539669534583687,0.024661543473267565
0,1,0.2560766843528499,0.7318542425100308,0.012069073137119303
1,1,0.09904008030045018,0.8720021077418002,0.028957811957749602
0,0,0.7035726777656649,0.29378979821853823,0.002637524015796785
0,0,0.5854683557516486,0.4121682688052712,0.0023633754430803784
1,1,0.3042004715359998,0.6900843653212955,0.0057151631427048545
1,1,0.01795485864440298,0.8842667799771301,0.09777836137846689
1,0,0.5297412528081654,0.4690956687350767,0.001163078456757991
1,0,0.5098267707805844,0.48725857606928197,0.0029146531501336695
0,0,0.8432861576249587,0.15585758863597993,0.0008562537390613089
1,1,0.1957278733691966,0.7967454394287692,0.007526687202034117
1,1,0.04495170615531763,0.8821240713607239,0.07292422248395826
1,1,0.12182803519300942,0.8698838080736714,0.008288156733319165
0,1,0.49585442698989446,0.4993752508403756,0.00477032216972994
0,0,0.7979968865625374,0.2012239143246923,0.000779199112770276
1,1,0.41793200513495915,0.5776558459354603,0.004412148929580548
0,0,0.8604578402192121,0.1390866746973169,0.00045548508347104425
0,0,0.8153084122371478,0.18377938404594119,0.000912203716911058
0,1,0.4351874435879072,0.5585105978904342,0.006301958521658664
1,1,0.22157804714941778,0.7653077413142727,0.013114211536309614
1,1,0.31712110365253077,0.6736080697376936,0.0092708266097757
1,1,0.14702111893724484,0.8447751491385574,0.008203731924197809
0,0,0.6456844013324707,0.3526274593364683,0.0016881393310609664
1,0,0.5610444896748471,0.43652045383141264,0.002435056493740153
1,1,0.40851618957549135,0.5788721958952346,0.012611614529274059
0,1,0.43881809832370117,0.5576950774047038,0.003486824271595042
1,1,0.026962706477110285,0.9358413174160969,0.037195976106792865
1,1,0.3687102577857806,0.6267999062303995,0.004489835983819986
1,1,0.3057185014276283,0.6856280810533608,0.008653417519010855
0,0,0.6408701315339179,0.35774783233445157,0.001382036131630555
0,1,0.3165007045383288,0.6796805497647576,0.003818745696913697
1,1,0.21632888667674288,0.7742707415120136,0.009400371811243414
0,0,0.689828301612049,0.3080313095745908,0.002140388813360107
1,1,0.18493234945417045,0.8055978689599277,0.009469781585901903
0,0,0.8920263010217986,0.10763053372380678,0.0003431652543945483
1,2,0.0006786435912467663,0.09838145603863566,0.9009399003701176
0,0,0.9422164942695687,0.057531329574214266,0.00025217615621717473
0,0,0.8614422177404439,0.13817979520792273,0.0003779870516333318
0,0,0.5107107401381779,0.48336293614643006,0.005926323715392056
1,1,0.09267826965980622,0.8943815927076635,0.01294013763253046
0,1,0.34082972065358724,0.6541713440762925,0.004998935270120389
1,1,0.04749003085313535,0.9004052083336517,0.052104760813213
0,0,0.674020658802556,0.32417065441930254,0.0018086867781414238
1,0,0.6859337584769242,0.31210918523792536,0.0019570562851503326
0,0,0.7769573074078825,0.2218794015466684,0.0011632910454491823
1,1,0.36524996737336235,0.6202017539646688,0.014548278661968868
1,1,0.11056644366601029,0.8330478558998081,0.05638570043418167
1,1,0.35113969665429373,0.6414012323848348,0.007459070960871477
0,1,0.4810592281720221,0.516959663474911,0.0019811083530669646
1,1,0.3642038910117275,0.6286610281680715,0.00713508082020092
0,0,0.9124126483418651,0.08717610094889278,0.0004112507092421582
1,1,0.11369949157371831,0.8650171958430807,0.02128331258320095
1,0,0.7783269137653941,0.22101234569962075,0.0006607405349852371
2,2,0.0013706301476787038,0.14541812528545003,0.8532112445668714
1,1,0.45068700280673823,0.5444524572773519,0.004860539915909904
0,1,0.4674148488338497,0.527989154846494,0.004595996319656305
1,1,0.10707366377561657,0.8480352464878679,0.04489108973651547
1,0,0.7438249069778978,0.25539292676718334,0.0007821662549187427
0,0,0.9192278410986464,0.08053497459252335,0.00023718430883022082
1,1,0.21066252255726647,0.779760751162681,0.009576726280052508
0,1,0.17445305675644518,0.7918491689868957,0.03369777425665908
1,1,0.42546526358008574,0.5657784653772407,0.008756271042673524
1,1,0.03582540668372812,0.9100845213199844,0.054090071996287487
1,1,0.16787563315950627,0.8213263151362236,0.010798051704270138
0,0,0.7883663034278455,0.21114503639907137,0.000488660173082912
0,1,0.15002920819376805,0.8273794495921866,0.02259134221404524
0,0,0.7912075753827493,0.2085780389538558,0.0002143856633949456
1,1,0.10587987055930315,0.834569274950264,0.0595508544904327
1,1,0.16593402041721036,0.8133275536224391,0.020738425960350387
1,1,0.1849125405111282,0.8069471878171239,0.008140271671747802
1,1,0.32095793370881054,0.6697872880476489,0.009254778243540672
1,1,0.02250361880786916,0.9408851849296085,0.03661119626252234
1,1,0.42973488021025563,0.5660016265886456,0.004263493201098799
0,0,0.9031003691363086,0.09653772062956235,0.00036191023412898715
0,0,0.606677958081306,0.390790292663464,0.0025317492552300426
1,1,0.4927367656033658,0.4950165713792831,0.012246663017351007
1,0,0.5749913942683781,0.4220129793092227,0.0029956264223993247
1,1,0.29990526050589444,0.6914899672354399,0.008604772258665695
0,0,0.5635860692276292,0.4347657950166826,0.0016481357556881072
0,0,0.599285618658063,0.39929355505696235,0.0014208262849746969
1,1,0.2543081996390389,0.734591582743578,0.01110021761738298
0,0,0.6593204392597525,0.3396861616589209,0.0009933990813265064
0,1,0.384396154736677,0.6111041511112983,0.004499694152024674
1,1,0.22642595121370673,0.7472908482235532,0.02628320056274011
0,0,0.668043708416251,0.33093484944592816,0.0010214421378207906
0,1,0.028297378461410318,0.8959441884411798,0.0757584330974098
1,1,0.10617241445828116,0.8400559887389586,0.05377159680276016
0,0,0.6619073516102353,0.33752913249200295,0.0005635158977618012
0,0,0.5064272491505503,0.4886026080703655,0.004970142779084332
1,0,0.8790637649973868,0.12034534503765261,0.0005908899649604492
0,0,0.5775766320775674,0.4203028977668523,0.0021204701555802277
1,0,0.5132864937393167,0.48193823080401954,0.004775275456663785
0,0,0.7346818678391991,0.26444898975868375,0.0008691424021171178
1,1,0.45350940914774895,0.5358740479854728,0.010616542866778333
1,1,0.11386708999768927,0.8609428384026423,0.025190071599668355
1,1,0.3222779478427529,0.6716176366367016,0.006104415520545545
0,1,0.21079514856073792,0.7683401555760999,0.020864695863162246
0,0,0.5580131777539683,0.4407123482269656,0.001274474019066151
1,1,0.38598946972603854,0.6079826891873553,0.006027841086606281
1,1,0.3159737892039778,0.6762063864739826,0.00781982432203955
1,1,0.06449745866333921,0.9109043561436914,0.024598185192969416
0,0,0.7062307992370505,0.29176789628468497,0.002001304478264468
1,1,0.4276885523541483,0.5671991033325159,0.0051123443133358456
0,0,0.8027769387767224,0.1969279224233205,0.0002951387999571974
2,2,0.007051261148744756,0.3453296329527681,0.6476191058984871
1,1,0.3305939652086361,0.6625350889546566,0.006870945836707264
1,1,0.2950681021124742,0.697092789781786,0.007839108105739803
0,1,0.40049513906319584,0.596367101500913,0.003137759435891035
0,0,0.8881528052954222,0.11150498033852485,0.00034221436605304776
1,1,0.12906196443453685,0.8550608566059482,0.0158771789595149
1,2,0.010742767678391245,0.33524817912008537,0.6540090532015234
2,1,0.03627400635698561,0.8904042354331744,0.07332175820984012
1,1,0.17287586049605447,0.8090357107605287,0.018088428743416835
1,1,0.07595914057592061,0.9061862187550531,0.01785464066902625
0,0,0.6455657015496825,0.35284856704163703,0.0015857314086804304
1,1,0.10961911485494343,0.8742973829057653,0.016083502239291406
0,1,0.48371258419003527,0.5128380192290296,0.003449396580935096
2,2,0.007972797351005645,0.2320154109383274,0.760011791710667
0,0,0.8086619760690947,0.19088882838502716,0.00044919554587831206
0,0,0.8536335207836769,0.14595147607624306,0.0004150031400800939
0,0,0.891645661992053,0.10812337449215739,0.00023096351578963297
0,0,0.7594506600306405,0.23866778104169928,0.001881558927660116
1,1,0.2950582397974279,0.6987652605651026,0.006176499637469527
2,2,0.00032681322587145,0.07706380183993182,0.9226093849341966
1,1,0.33895439288112467,0.6543537480101784,0.0066918591086968125
2,2,0.01668628491319957,0.37642947090708256,0.6068842441797179
1,1,0.3339135989612133,0.6599385671949886,0.006147833843798076
1,1,0.03683909822894417,0.9006884444587121,0.06247245731234379
2,1,0.05151273326638551,0.8984040629917311,0.050083203741883284
1,1,0.24338362954099274,0.7388442727272442,0.017772097731763088
1,1,0.4865572712419588,0.5078220581097485,0.0056206706482927506
1,1,0.08086903221238424,0.8903624050662349,0.028768562721380866
0,0,0.8814101215783443,0.1181293819595311,0.00046049646212452166
1,1,0.4659008819710031,0.5308926152577166,0.003206502771280152
1,1,0.24660204782961184,0.7491585470235314,0.004239405146856689
0,1,0.30719585450843223,0.6777983888890438,0.015005756602523958
1,1,0.13663963278668403,0.8558798478556248,0.0074805193576912045
1,1,0.2162515981624584,0.77073918580502,0.013009216032521531
0,0,0.9067586011312802,0.09286800386634067,0.00037339500237907594
0,0,0.5416338675911089,0.4550752356349769,0.003290896773914288
0,0,0.5983770217440978,0.39939499158007385,0.002227986675828285
1,1,0.031261724329101286,0.8992663936763362,0.06947188199456251
0,0,0.7068731971094436,0.29056924218567504,0.0025575607048812805
1,1,0.2443397519332922,0.743937528352581,0.01172271971412682
1,1,0.2656443208657453,0.7092216319994419,0.025134047134812813
0,0,0.6545279020922403,0.34405912088426643,0.001412977023493199
0,0,0.8533663657228202,0.1461374650469862,0.0004961692301936077
1,1,0.1799517816297052,0.8065520578353829,0.013496160534912007
1,0,0.5528219053725223,0.4388351625571072,0.008342932070370419
2,2,0.0027063892086353378,0.2067084795801363,0.7905851312112284
1,1,0.2814523202940187,0.7040330814364096,0.01451459826957156
1,1,0.22258737523476094,0.7644708793204007,0.012941745444838315
0,0,0.8979688485725469,0.1018276676962646,0.00020348373118843742
1,1,0.33488181024997254,0.662496294115498,0.0026218956345294146
0,0,0.9204191811217212,0.07935487710157003,0.00022594177670870366
1,1,0.17175725604761402,0.8218893335526618,0.006353410399724158
0,1,0.3467814121992943,0.6445945674658324,0.008624020334873245
1,0,0.6430944042220558,0.35596352992387276,0.0009420658540713483
1,1,0.38235510958121255,0.614957839381164,0.002687051037623472
1,1,0.1604682145691844,0.8180577804467692,0.02147400498404645
1,1,0.06364646539994036,0.8598775156761863,0.07647601892387333
1,0,0.6281214804349056,0.3705302329189947,0.0013482866460997505
1,0,0.7185606256729338,0.2798242952994568,0.0016150790276094678
0,0,0.5940559798295015,0.40425426549287036,0.0016897546776280979
1,1,0.0635150218620793,0.8789516150020396,0.057533363135881255
1,1,0.11382427979941877,0.8626734950249447,0.023502225175636583
1,1,0.1362020798807666,0.8463611133354676,0.017436806783765812
1,1,0.1610843372697964,0.8314028478776234,0.007512814852580102
1,1,0.04187288043395298,0.9047652216592834,0.053361897906763635
1,1,0.06962488409918578,0.9144546773468508,0.0159204385539633
0,0,0.6304836313597917,0.36830604410368134,0.001210324536526975
1,1,0.12299736245401566,0.8637788271037339,0.013223810442250326
1,1,0.08121758307065179,0.890519523435833,0.028262893493515368
1,1,0.04005724063897715,0.897750502048509,0.06219225731251392
1,0,0.8876446688126446,0.11194513105332715,0.00041020013402833915
1,1,0.04319225530653925,0.8510922728990157,0.10571547179444492
0,0,0.6696222351879338,0.3288514844536313,0.001526280358434817
1,0,0.6055580661738625,0.39316901157755324,0.001272922248584294
0,0,0.7671026263154384,0.23197221176932825,0.0009251619152333802
0,0,0.7102994766934634,0.2869404801120813,0.0027600431944553197
1,1,0.2171236410132403,0.7692873210525774,0.013589037934182332
0,0,0.7965290794041314,0.20170313977214333,0.0017677808237253141
1,1,0.16790128621751507,0.8061971233737231,0.02590159040876189
0,0,0.5674322571625635,0.43097538098264143,0.001592361854794889
1,1,0.1335926416316516,0.8521451823888728,0.014262175979475582
1,1,0.2671127564608556,0.722222770002219,0.010664473536925472
0,1,0.4683249788734894,0.5231685750708716,0.00850644605563892
1,1,0.03261615899698853,0.8981150574005976,0.0692687836024138
1,1,0.26628633546936065,0.7253403023236769,0.008373362206962479
0,0,0.9162733275325844,0.08313925960713839,0.0005874128602771378
0,0,0.659294221208942,0.33725568123475813,0.003450097556299877
1,0,0.7298528742485874,0.26810772715890513,0.0020393985925075252
0,0,0.5515769157033477,0.4444409780841239,0.003982106212528481
0,0,0.8960284009692896,0.10380931113666668,0.00016228789404366394
0,0,0.5860295509362561,0.4118129984340084,0.002157450629735558
1,1,0.49413817116348274,0.5029028610264844,0.002958967810032863
0,0,0.757206716966599,0.24146961834913905,0.0013236646842620158
0,0,0.735979812678235,0.2633622969636962,0.0006578903580689051
1,1,0.15480193426034222,0.8170281970993062,0.028169868640351536
0,0,0.747670544184464,0.25150105825395597,0.0008283975615799575
0,0,0.6455965093861759,0.35241922540159487,0.001984265212229106
0,1,0.47725259125422126,0.5208085159362732,0.0019388928095055314
0,0,0.6714174739762572,0.3272926320213054,0.0012898940024374818
1,1,0.33514485704752656,0.6558675339181222,0.008987609034351193
1,1,0.20973468110677737,0.7789012910797605,0.011364027813462182
0,0,0.5562668302517044,0.43913614133309026,0.004597028415205405
1,1,0.13630214912456334,0.6016444716520072,0.2620533792234294
1,1,0.2536092459131505,0.739171693825992,0.007219060260857573
0,0,0.8564268154406868,0.14294123413669535,0.0006319504226179188
1,1,0.07026407781554836,0.5865074125798345,0.34322850960461715
1,1,0.4694226799690432,0.5235927097391907,0.006984610291766106
1,1,0.0945755521841823,0.8851819549867815,0.020242492829036174
0,0,0.7047988343942723,0.29297895302858573,0.0022222125771420467
1,1,0.2859645985298062,0.7112584169340544,0.0027769845361394056
1,1,0.18940106138813306,0.8055125105569629,0.005086428054904117
1,0,0.8051957631148459,0.1934199042569564,0.0013843326281976287
0,0,0.6984684791988172,0.30090399233995907,0.0006275284612238314
0,0,0.7769894250412807,0.22172085872471028,0.0012897162340091725
0,1,0.3629730078900783,0.6310745090932774,0.0059524830166442924
0,0,0.8050142160576784,0.19417408091881466,0.0008117030235068241
0,0,0.6505794776693844,0.34661298770556026,0.00280753462505554
1,1,0.17638886157731334,0.8148489469975798,0.008762191425106865
0,0,0.6839394267824523,0.31520850629161834,0.0008520669259293257
0,1,0.4605219000972516,0.5348952658706092,0.0045828340321392115
1,0,0.8443540539166493,0.15510540999334893,0.000540536090001712
1,1,0.1701056327209494,0.8239259330795264,0.005968434199524029
0,1,0.3208603996853664,0.6733375395025144,0.005802060812119229
1,1,0.07007363984425775,0.9116521057285377,0.018274254427204536
0,0,0.5612973790352301,0.43622523783891026,0.0024773831258596275
1,1,0.46613192833156475,0.5304176209531759,0.0034504507152594345
0,0,0.8503353632265173,0.1491026840522395,0.0005619527212431053
1,1,0.19158045136816054,0.7986069866256267,0.00981256200621295
1,1,0.12867021691675398,0.8595407713973492,0.011789011685896937
1,1,0.1935407210808516,0.7988924778366426,0.007566801082505857
0,0,0.712898649287774,0.28506073674386173,0.0020406139683642566
0,0,0.5922415065717799,0.4054015957083498,0.0023568977198703506
1,1,0.30868561828145735,0.6807955511914179,0.010518830527124825
0,1,0.32180281086789125,0.6709982059527487,0.007198983179359954
0,0,0.8148787303725524,0.18432227383693106,0.0007989957905165271
1,1,0.060883312448133414,0.9157338842478531,0.023382803304013548
1,1,0.3296785771001973,0.6561651917931669,0.0141562311066358
1,0,0.5795362429438411,0.4184769168850674,0.0019868401710914146
0,0,0.8867675604346731,0.1128981620348119,0.0003342775305150638
1,1,0.3578604292615983,0.6320164588140298,0.010123111924371996
0,1,0.12329418820344908,0.860893778472115,0.015812033324435794
0,0,0.7205881078397233,0.27811645328223816,0.0012954388780387325
0,0,0.6140358995605051,0.3849067588847065,0.0010573415547884214
0,0,0.8275642183102202,0.17192903268277118,0.0005067490070087355
